value,count
140000006,1
140000013,1
140000017,1
140000019,1
140000024,1
140000025,1
140000034,1
140000043,1
140000053,1
140000054,1
140000061,1
140000063,1
140000071,1
140000082,1
140000123,1
140000124,1
140000130,1
140000132,1
140000151,1
140000152,1
140000153,1
140000160,1
140000166,1
140000169,1
140000170,1
140000173,1
140000181,1
140000183,1
140000186,1
140000188,1
140000198,1
140000204,1
140000215,1
140000243,1
140000271,1
140000280,1
140000284,1
140000291,1
140000299,1
140000309,1
140000316,1
140000324,1
140000326,1
140000335,1
140000336,1
140000340,1
140000349,1
140000353,1
140000354,1
140000355,1
140000365,1
140000367,1
140000369,1
140000374,1
140000376,1
140000382,1
140000390,1
140000393,1
140000407,1
140000411,1
140000415,1
140000416,1
140000435,1
140000450,1
140000456,1
140000471,1
140000475,1
140000476,1
140000481,1
140000512,1
140000523,1
140000535,1
140000537,1
140000549,1
140000551,1
140000566,1
140000572,1
140000581,1
140000594,1
140000598,1
140000599,1
140000608,1
140000612,1
140000622,1
140000634,1
140000646,1
140000658,1
140000671,1
140000681,1
140000683,1
140000692,1
140000693,1
140000713,1
140000727,1
140000733,1
140000742,1
140000754,1
140000757,1
140000762,1
140000764,1
140000766,1
140000767,1
140000782,1
140000784,1
140000791,1
140000800,1
140000812,1
140000818,1
140000819,1
140000829,1
140000832,1
140000833,1
140000843,1
140000851,1
140000856,1
140000881,1
140000882,1
140000886,1
140000888,1
140000903,1
140000949,1
140000954,1
140000958,1
140000961,1
140000962,1
140000966,1
140000973,1
140000977,1
140000987,1
140000990,1
140000995,1
140001033,1
140001039,1
140001044,1
140001049,1
140001072,1
140001074,1
140001083,1
140001111,1
140001112,1
140001124,1
140001125,1
140001126,1
140001135,1
140001143,1
140001148,1
140001152,1
140001154,1
140001182,1
140001184,1
140001185,1
140001186,1
140001187,1
140001190,1
140001192,1
140001202,1
140001226,1
140001229,1
140001230,1
140001243,1
140001251,1
140001262,1
140001267,1
140001274,1
140001306,1
140001319,1
140001325,1
140001331,1
140001333,1
140001395,1
140001426,1
140001436,1
140001437,1
140001444,1
140001448,1
140001456,1
140001490,1
140001503,1
140001540,1
140001543,1
140001560,1
140001572,1
140001573,1
140001585,1
140001624,1
140001629,1
140001633,1
140001645,1
140001646,1
140001691,1
140001737,1
140001739,1
140001755,1
140001778,1
140001781,1
140001783,1
140001796,1
140001800,1
140001801,1
140001813,1
140001814,1
140001816,1
140001818,1
140001821,1
140001827,1
140001829,1
140001832,1
140001853,1
140001859,1
140001861,1
140001865,1
140001869,1
140001871,1
140001893,1
140001904,1
140001925,1
140001929,1
140001931,1
140001933,1
140001934,1
140001940,1
140001941,1
140001942,1
140001943,1
140001944,1
140001945,1
140001946,1
140001952,1
140001953,1
140001965,1
140001968,1
140001972,1
140001976,1
140001985,1
140001988,1
140001992,1
140001993,1
140002013,1
140002026,1
140002030,1
140002031,1
140002035,1
140002039,1
140002040,1
140002053,1
140002058,1
140002062,1
140002084,1
140002097,1
140002122,1
140002135,1
140002136,1
140002138,1
140002139,1
140002140,1
140002148,1
140002156,1
140002157,1
140002165,1
140002169,1
140002170,1
140002195,1
140002204,1
140002208,1
140002214,1
140002215,1
140002223,1
140002247,1
140002267,1
140002271,1
140002285,1
140002292,1
140002295,1
140002302,1
140002303,1
140002314,1
140002321,1
140002330,1
140002339,1
140002347,1
140002350,1
140002359,1
140002363,1
140002364,1
140002376,1
140002377,1
140002378,1
140002391,1
140002395,1
140002402,1
140002432,1
140002437,1
140002440,1
140002442,1
140002444,1
140002449,1
140002451,1
140002459,1
140002463,1
140002465,1
140002467,1
140002470,1
140002475,1
140002477,1
140002478,1
140002488,1
140002490,1
140002494,1
140002500,1
140002507,1
140002527,1
140002542,1
140002566,1
140002573,1
140002581,1
140002626,1
140002627,1
140002633,1
140002637,1
140002669,1
140002670,1
140002681,1
140002682,1
140002695,1
140002696,1
140002700,1
140002712,1
140002763,1
140002774,1
140002785,1
140002789,1
140002793,1
140002796,1
140002811,1
140002821,1
140002828,1
140002838,1
140002854,1
140002879,1
140002885,1
140002886,1
140002902,1
140002909,1
140002917,1
140002919,1
140002932,1
140002934,1
140002937,1
140002952,1
140002954,1
140002955,1
140002974,1
140002979,1
140002984,1
140002987,1
140002988,1
140003025,1
140003040,1
140003050,1
140003064,1
140003084,1
140003104,1
140003106,1
140003114,1
140003122,1
140003128,1
140003145,1
140003147,1
140003151,1
140003156,1
140003165,1
140003187,1
140003214,1
140003215,1
140003218,1
140003249,1
140003269,1
140003279,1
140003284,1
140003289,1
140003299,1
140003302,1
140003304,1
140003332,1
140003343,1
140003345,1
140003370,1
140003391,1
140003393,1
140003411,1
140003420,1
140003435,1
140003443,1
140003446,1
140003479,1
140003481,1
140003486,1
140003493,1
140003502,1
140003507,1
140003512,1
140003518,1
140003522,1
140003523,1
140003532,1
140003542,1
140003545,1
140003562,1
140003569,1
140003577,1
140003582,1
140003590,1
140003591,1
140003618,1
140003619,1
140003649,1
140003650,1
140003655,1
140003657,1
140003658,1
140003676,1
140003686,1
140003703,1
140003719,1
140003735,1
140003739,1
140003752,1
140003758,1
140003767,1
140003773,1
140003787,1
140003792,1
140003795,1
140003799,1
140003802,1
140003803,1
140003822,1
140003843,1
140003844,1
140003863,1
140003869,1
140003870,1
140003873,1
140003908,1
140003912,1
140003927,1
140003930,1
140003936,1
140003937,1
140003950,1
140003958,1
140003968,1
140003970,1
140003976,1
140003980,1
140003985,1
140003990,1
140004001,1
140004005,1
140004008,1
140004009,1
140004020,1
140004025,1
140004029,1
140004030,1
140004052,1
140004056,1
140004057,1
140004062,1
140004075,1
140004086,1
140004089,1
140004108,1
140004116,1
140004119,1
140004126,1
140004130,1
140004159,1
140004162,1
140004171,1
140004178,1
140004188,1
140004191,1
140004219,1
140004224,1
140004229,1
140004254,1
140004256,1
140004263,1
140004266,1
140004268,1
140004305,1
140004306,1
140004311,1
140004315,1
140004342,1
140004343,1
140004371,1
140004377,1
140004380,1
140004383,1
140004385,1
140004398,1
140004411,1
140004417,1
140004423,1
140004430,1
140004440,1
140004452,1
140004456,1
140004473,1
140004496,1
140004504,1
140004512,1
140004517,1
140004531,1
140004538,1
140004558,1
140004576,1
140004577,1
140004581,1
140004583,1
140004597,1
140004598,1
140004602,1
140004606,1
140004610,1
140004612,1
140004632,1
140004643,1
140004650,1
140004659,1
140004679,1
140004680,1
140004693,1
140004697,1
140004700,1
140004731,1
140004746,1
140004758,1
140004770,1
140004789,1
140004790,1
140004812,1
140004814,1
140004819,1
140004821,1
140004831,1
140004847,1
140004853,1
140004871,1
140004873,1
140004876,1
140004886,1
140004890,1
140004912,1
140004920,1
140004928,1
140004957,1
140004970,1
140004979,1
140004984,1
140005006,1
140005019,1
140005022,1
140005040,1
140005063,1
140005064,1
140005080,1
140005092,1
140005098,1
140005099,1
140005103,1
140005109,1
140005114,1
140005122,1
140005128,1
140005131,1
140005139,1
140005144,1
140005151,1
140005162,1
140005171,1
140005181,1
140005184,1
140005187,1
140005190,1
140005196,1
140005197,1
140005228,1
140005232,1
140005233,1
140005247,1
140005265,1
140005281,1
140005289,1
140005309,1
140005323,1
140005355,1
140005358,1
140005363,1
140005383,1
140005388,1
140005401,1
140005402,1
140005410,1
140005411,1
140005428,1
140005437,1
140005445,1
140005463,1
140005473,1
140005480,1
140005503,1
140005526,1
140005529,1
140005531,1
140005541,1
140005542,1
140005545,1
140005548,1
140005549,1
140005550,1
140005567,1
140005568,1
140005571,1
140005578,1
140005581,1
140005588,1
140005589,1
140005598,1
140005630,1
140005641,1
140005655,1
140005689,1
140005691,1
140005704,1
140005710,1
140005712,1
140005724,1
140005754,1
140005773,1
140005800,1
140005802,1
140005823,1
140005827,1
140005833,1
140005838,1
140005841,1
140005878,1
140005885,1
140005901,1
140005905,1
140005930,1
140005931,1
140005957,1
140005964,1
140005991,1
140005995,1
140005999,1
140006011,1
140006014,1
140006015,1
140006032,1
140006036,1
140006039,1
140006040,1
140006049,1
140006051,1
140006058,1
140006064,1
140006077,1
140006078,1
140006100,1
140006101,1
140006110,1
140006113,1
140006134,1
140006140,1
140006157,1
140006163,1
140006164,1
140006166,1
140006173,1
140006180,1
140006186,1
140006189,1
140006200,1
140006201,1
140006210,1
140006212,1
140006231,1
140006232,1
140006237,1
140006239,1
140006242,1
140006243,1
140006245,1
140006265,1
140006271,1
140006276,1
140006278,1
140006287,1
140006292,1
140006294,1
140006298,1
140006299,1
140006301,1
140006304,1
140006325,1
140006331,1
140006355,1
140006358,1
140006367,1
140006372,1
140006374,1
140006376,1
140006392,1
140006410,1
140006429,1
140006451,1
140006464,1
140006473,1
140006488,1
140006506,1
140006509,1
140006523,1
140006524,1
140006525,1
140006527,1
140006533,1
140006534,1
140006544,1
140006546,1
140006553,1
140006558,1
140006571,1
140006573,1
140006576,1
140006578,1
140006579,1
140006587,1
140006594,1
140006599,1
140006604,1
140006605,1
140006621,1
140006626,1
140006629,1
140006635,1
140006638,1
140006665,1
140006669,1
140006672,1
140006683,1
140006698,1
140006709,1
140006719,1
140006726,1
140006729,1
140006733,1
140006736,1
140006738,1
140006753,1
140006759,1
140006760,1
140006762,1
140006767,1
140006769,1
140006776,1
140006785,1
140006788,1
140006798,1
140006801,1
140006806,1
140006813,1
140006814,1
140006824,1
140006841,1
140006862,1
140006869,1
140006902,1
140006904,1
140006915,1
140006923,1
140006925,1
140006930,1
140006936,1
140006946,1
140006992,1
140006996,1
140007005,1
140007007,1
140007008,1
140007015,1
140007032,1
140007060,1
140007073,1
140007084,1
140007097,1
140007110,1
140007113,1
140007128,1
140007142,1
140007147,1
140007153,1
140007163,1
140007197,1
140007208,1
140007212,1
140007214,1
140007226,1
140007242,1
140007245,1
140007257,1
140007260,1
140007269,1
140007301,1
140007306,1
140007310,1
140007315,1
140007316,1
140007343,1
140007352,1
140007357,1
140007358,1
140007361,1
140007362,1
140007368,1
140007378,1
140007399,1
140007418,1
140007426,1
140007433,1
140007447,1
140007465,1
140007470,1
140007482,1
140007486,1
140007510,1
140007511,1
140007525,1
140007557,1
140007580,1
140007609,1
140007611,1
140007628,1
140007637,1
140007640,1
140007676,1
140007729,1
140007733,1
140007737,1
140007746,1
140007779,1
140007815,1
140007833,1
140007849,1
140007852,1
140007859,1
140007862,1
140007865,1
140007866,1
140007879,1
140007882,1
140007884,1
140007891,1
140007895,1
140007969,1
140007985,1
140007993,1
140007999,1
140008015,1
140008028,1
140008047,1
140008052,1
140008056,1
140008061,1
140008067,1
140008071,1
140008077,1
140008084,1
140008094,1
140008111,1
140008115,1
140008116,1
140008119,1
140008126,1
140008155,1
140008163,1
140008166,1
140008171,1
140008174,1
140008176,1
140008193,1
140008195,1
140008197,1
140008199,1
140008213,1
140008228,1
140008241,1
140008282,1
140008288,1
140008307,1
140008352,1
140008361,1
140008370,1
140008423,1
140008435,1
140008463,1
140008495,1
140008508,1
140008510,1
140008525,1
140008537,1
140008548,1
140008553,1
140008554,1
140008557,1
140008558,1
140008561,1
140008564,1
140008567,1
140008569,1
140008580,1
140008582,1
140008584,1
140008606,1
140008643,1
140008644,1
140008646,1
140008648,1
140008650,1
140008655,1
140008664,1
140008717,1
140008727,1
140008732,1
140008733,1
140008736,1
140008762,1
140008776,1
140008784,1
140008788,1
140008805,1
140008806,1
140008813,1
140008819,1
140008821,1
140008828,1
140008833,1
140008840,1
140008841,1
140008854,1
140008864,1
140008865,1
140008871,1
140008890,1
140008898,1
140008899,1
140008901,1
140008904,1
140008905,1
140008907,1
140008921,1
140008937,1
140008938,1
140008940,1
140008944,1
140008959,1
140008983,1
140009010,1
140009034,1
140009039,1
140009054,1
140009058,1
140009069,1
140009103,1
140009118,1
140009124,1
140009127,1
140009131,1
140009133,1
140009139,1
140009150,1
140009160,1
140009164,1
140009171,1
140009175,1
140009188,1
140009200,1
140009201,1
140009203,1
140009207,1
140009208,1
140009221,1
140009224,1
140009246,1
140009249,1
140009250,1
140009253,1
140009254,1
140009261,1
140009266,1
140009267,1
140009277,1
140009283,1
140009301,1
140009315,1
140009317,1
140009333,1
140009349,1
140009356,1
140009357,1
140009358,1
140009360,1
140009363,1
140009366,1
140009369,1
140009372,1
140009376,1
140009384,1
140009387,1
140009392,1
140009405,1
140009420,1
140009423,1
140009431,1
140009465,1
140009467,1
140009472,1
140009513,1
140009517,1
140009527,1
140009541,1
140009549,1
140009568,1
140009581,1
140009590,1
140009592,1
140009638,1
140009640,1
140009644,1
140009645,1
140009652,1
140009653,1
140009655,1
140009673,1
140009675,1
140009677,1
140009687,1
140009689,1
140009697,1
140009705,1
140009706,1
140009711,1
140009712,1
140009714,1
140009722,1
140009731,1
140009733,1
140009737,1
140009738,1
140009740,1
140009750,1
140009751,1
140009758,1
140009760,1
140009762,1
140009769,1
140009787,1
140009809,1
140009817,1
140009828,1
140009833,1
140009836,1
140009851,1
140009857,1
140009860,1
140009870,1
140009871,1
140009872,1
140009878,1
140009890,1
140009893,1
140009895,1
140009899,1
140009916,1
140009923,1
140009934,1
140009936,1
140009939,1
140009944,1
140009961,1
140009962,1
140009976,1
140010002,1
140010014,1
140010025,1
140010026,1
140010029,1
140010032,1
140010053,1
140010056,1
140010058,1
140010063,1
140010068,1
140010070,1
140010076,1
140010086,1
140010106,1
140010109,1
140010112,1
140010121,1
140010127,1
140010131,1
140010133,1
140010154,1
140010165,1
140010170,1
140010172,1
140010174,1
140010186,1
140010191,1
140010196,1
140010202,1
140010203,1
140010217,1
140010218,1
140010227,1
140010228,1
140010236,1
140010240,1
140010252,1
140010257,1
140010259,1
140010264,1
140010265,1
140010279,1
140010282,1
140010289,1
140010292,1
140010297,1
140010300,1
140010307,1
140010309,1
140010319,1
140010322,1
140010327,1
140010330,1
140010331,1
140010332,1
140010335,1
140010336,1
140010338,1
140010340,1
140010349,1
140010354,1
140010356,1
140010370,1
140010378,1
140010387,1
140010389,1
140010399,1
140010402,1
140010406,1
140010408,1
140010411,1
140010415,1
140010419,1
140010421,1
140010424,1
140010425,1
140010428,1
140010430,1
140010437,1
140010451,1
140010465,1
140010466,1
140010479,1
140010487,1
140010489,1
140010490,1
140010494,1
140010495,1
140010508,1
140010514,1
140010524,1
140010546,1
140010550,1
140010555,1
140010560,1
140010573,1
140010578,1
140010582,1
140010585,1
140010609,1
140010614,1
140010631,1
140010632,1
140010636,1
140010653,1
140010667,1
140010669,1
140010679,1
140010682,1
140010707,1
140010711,1
140010713,1
140010718,1
140010726,1
140010750,1
140010762,1
140010764,1
140010768,1
140010769,1
140010775,1
140010777,1
140010800,1
140010810,1
140010814,1
140010816,1
140010822,1
140010824,1
140010827,1
140010830,1
140010833,1
140010837,1
140010850,1
140010851,1
140010883,1
140010896,1
140010902,1
140010905,1
140010911,1
140010925,1
140010933,1
140010936,1
140010949,1
140010952,1
140010953,1
140010959,1
140010964,1
140010979,1
140010981,1
140010982,1
140010991,1
140010994,1
140010995,1
140010999,1
140011001,1
140011005,1
140011007,1
140011017,1
140011018,1
140011021,1
140011024,1
140011033,1
140011038,1
140011040,1
140011044,1
140011049,1
140011067,1
140011070,1
140011097,1
140011109,1
140011114,1
140011128,1
140011139,1
140011141,1
140011147,1
140011173,1
140011194,1
140011199,1
140011200,1
140011204,1
140011205,1
140011213,1
140011217,1
140011221,1
140011222,1
140011223,1
140011224,1
140011228,1
140011249,1
140011255,1
140011260,1
140011266,1
140011267,1
140011277,1
140011279,1
140011280,1
140011286,1
140011290,1
140011292,1
140011294,1
140011296,1
140011301,1
140011306,1
140011313,1
140011316,1
140011317,1
140011322,1
140011331,1
140011345,1
140011356,1
140011365,1
140011376,1
140011383,1
140011393,1
140011400,1
140011412,1
140011413,1
140011417,1
140011419,1
140011427,1
140011430,1
140011442,1
140011449,1
140011460,1
140011475,1
140011477,1
140011481,1
140011492,1
140011494,1
140011498,1
140011516,1
140011519,1
140011523,1
140011536,1
140011548,1
140011549,1
140011561,1
140011572,1
140011583,1
140011595,1
140011600,1
140011605,1
140011613,1
140011614,1
140011615,1
140011632,1
140011639,1
140011644,1
140011648,1
140011652,1
140011653,1
140011664,1
140011672,1
140011683,1
140011706,1
140011709,1
140011714,1
140011715,1
140011716,1
140011717,1
140011719,1
140011721,1
140011723,1
140011729,1
140011749,1
140011752,1
140011756,1
140011765,1
140011770,1
140011772,1
140011775,1
140011782,1
140011789,1
140011794,1
140011797,1
140011802,1
140011812,1
140011818,1
140011850,1
140011851,1
140011857,1
140011859,1
140011863,1
140011864,1
140011874,1
140011886,1
140011894,1
140011897,1
140011947,1
140011962,1
140011981,1
140011982,1
140011995,1
140012002,1
140012021,1
140012022,1
140012029,1
140012038,1
140012043,1
140012044,1
140012045,1
140012058,1
140012075,1
140012079,1
140012113,1
140012121,1
140012138,1
140012139,1
140012147,1
140012151,1
140012177,1
140012183,1
140012230,1
140012249,1
140012254,1
140012279,1
140012287,1
140012291,1
140012303,1
140012317,1
140012327,1
140012332,1
140012349,1
140012363,1
140012398,1
140012409,1
140012417,1
140012418,1
140012427,1
140012444,1
140012450,1
140012451,1
140012469,1
140012479,1
140012510,1
140012517,1
140012522,1
140012532,1
140012536,1
140012548,1
140012550,1
140012557,1
140012564,1
140012566,1
140012584,1
140012586,1
140012614,1
140012617,1
140012619,1
140012620,1
140012621,1
140012628,1
140012643,1
140012646,1
140012655,1
140012675,1
140012684,1
140012690,1
140012691,1
140012704,1
140012737,1
140012740,1
140012770,1
140012775,1
140012793,1
140012826,1
140012841,1
140012842,1
140012846,1
140012851,1
140012852,1
140012856,1
140012858,1
140012872,1
140012883,1
140012888,1
140012889,1
140012891,1
140012913,1
140012914,1
140012916,1
140012928,1
140012943,1
140012946,1
140012953,1
140012969,1
140012970,1
140012971,1
140012972,1
140012973,1
140012981,1
140012982,1
140012984,1
140012987,1
140012990,1
140012996,1
140013004,1
140013005,1
140013009,1
140013012,1
140013014,1
140013021,1
140013026,1
140013032,1
140013036,1
140013038,1
140013039,1
140013043,1
140013045,1
140013064,1
140013075,1
140013078,1
140013085,1
140013093,1
140013102,1
140013109,1
140013110,1
140013118,1
140013132,1
140013135,1
140013149,1
140013155,1
140013157,1
140013160,1
140013170,1
140013172,1
140013178,1
140013187,1
140013190,1
140013194,1
140013209,1
140013213,1
140013219,1
140013223,1
140013254,1
140013264,1
140013274,1
140013276,1
140013277,1
140013290,1
140013313,1
140013326,1
140013330,1
140013346,1
140013355,1
140013362,1
140013366,1
140013378,1
140013384,1
140013398,1
140013413,1
140013415,1
140013416,1
140013420,1
140013428,1
140013441,1
140013452,1
140013467,1
140013471,1
140013481,1
140013495,1
140013509,1
140013513,1
140013516,1
140013531,1
140013532,1
140013535,1
140013542,1
140013549,1
140013551,1
140013554,1
140013567,1
140013574,1
140013575,1
140013576,1
140013587,1
140013600,1
140013646,1
140013654,1
140013662,1
140013678,1
140013681,1
140013683,1
140013709,1
140013712,1
140013731,1
140013740,1
140013746,1
140013753,1
140013762,1
140013772,1
140013773,1
140013775,1
140013789,1
140013798,1
140013799,1
140013808,1
140013819,1
140013823,1
140013830,1
140013833,1
140013840,1
140013841,1
140013843,1
140013857,1
140013861,1
140013876,1
140013880,1
140013882,1
140013887,1
140013889,1
140013894,1
140013896,1
140013901,1
140013909,1
140013913,1
140013915,1
140013920,1
140013923,1
140013925,1
140013932,1
140013933,1
140013939,1
140013956,1
140013965,1
140013972,1
140013977,1
140013978,1
140013982,1
140013987,1
140013988,1
140013991,1
140013992,1
140013996,1
140014000,1
140014006,1
140014007,1
140014008,1
140014013,1
140014016,1
140014017,1
140014036,1
140014037,1
140014039,1
140014041,1
140014043,1
140014046,1
140014047,1
140014048,1
140014058,1
140014059,1
140014060,1
140014063,1
140014064,1
140014070,1
140014078,1
140014086,1
140014096,1
140014101,1
140014102,1
140014103,1
140014107,1
140014108,1
140014111,1
140014138,1
140014142,1
140014143,1
140014145,1
140014147,1
140014166,1
140014168,1
140014176,1
140014191,1
140014214,1
140014248,1
140014254,1
140014256,1
140014259,1
140014280,1
140014287,1
140014292,1
140014295,1
140014314,1
140014318,1
140014323,1
140014346,1
140014352,1
140014368,1
140014374,1
140014377,1
140014382,1
140014384,1
140014399,1
140014400,1
140014404,1
140014405,1
140014409,1
140014422,1
140014425,1
140014429,1
140014439,1
140014440,1
140014442,1
140014443,1
140014452,1
140014457,1
140014464,1
140014465,1
140014467,1
140014470,1
140014476,1
140014482,1
140014495,1
140014516,1
140014551,1
140014568,1
140014585,1
140014587,1
140014602,1
140014609,1
140014611,1
140014620,1
140014623,1
140014629,1
140014630,1
140014632,1
140014640,1
140014651,1
140014655,1
140014660,1
140014661,1
140014663,1
140014664,1
140014675,1
140014681,1
140014696,1
140014698,1
140014702,1
140014718,1
140014737,1
140014752,1
140014755,1
140014757,1
140014758,1
140014761,1
140014762,1
140014772,1
140014780,1
140014796,1
140014809,1
140014813,1
140014818,1
140014819,1
140014824,1
140014829,1
140014840,1
140014844,1
140014848,1
140014852,1
140014863,1
140014882,1
140014892,1
140014896,1
140014906,1
140014911,1
140014912,1
140014913,1
140014915,1
140014927,1
140014935,1
140014945,1
140014948,1
140014967,1
140014976,1
140014977,1
140014985,1
140014991,1
140014993,1
140014998,1
140015015,1
140015027,1
140015030,1
140015034,1
140015039,1
140015044,1
140015051,1
140015062,1
140015063,1
140015068,1
140015090,1
140015095,1
140015098,1
140015107,1
140015109,1
140015115,1
140015116,1
140015117,1
140015120,1
140015121,1
140015123,1
140015126,1
140015135,1
140015138,1
140015153,1
140015162,1
140015166,1
140015167,1
140015168,1
140015171,1
140015186,1
140015188,1
140015208,1
140015215,1
140015217,1
140015223,1
140015238,1
140015261,1
140015262,1
140015269,1
140015270,1
140015275,1
140015276,1
140015278,1
140015281,1
140015287,1
140015291,1
140015307,1
140015309,1
140015314,1
140015320,1
140015326,1
140015329,1
140015334,1
140015338,1
140015354,1
140015369,1
140015389,1
140015390,1
140015391,1
140015398,1
140015401,1
140015402,1
140015408,1
140015452,1
140015453,1
140015457,1
140015460,1
140015479,1
140015484,1
140015487,1
140015489,1
140015500,1
140015502,1
140015505,1
140015530,1
140015543,1
140015544,1
140015545,1
140015560,1
140015572,1
140015578,1
140015608,1
140015622,1
140015630,1
140015633,1
140015641,1
140015644,1
140015647,1
140015648,1
140015651,1
140015658,1
140015665,1
140015687,1
140015689,1
140015695,1
140015699,1
140015700,1
140015702,1
140015722,1
140015759,1
140015760,1
140015761,1
140015762,1
140015773,1
140015778,1
140015779,1
140015784,1
140015788,1
140015789,1
140015791,1
140015794,1
140015803,1
140015806,1
140015814,1
140015815,1
140015827,1
140015833,1
140015834,1
140015836,1
140015837,1
140015842,1
140015845,1
140015848,1
140015858,1
140015859,1
140015863,1
140015872,1
140015874,1
140015875,1
140015877,1
140015884,1
140015886,1
140015907,1
140015910,1
140015942,1
140015946,1
140015955,1
140015957,1
140015964,1
140015965,1
140015982,1
140015989,1
140015999,1
140016009,1
140016010,1
140016014,1
140016023,1
140016025,1
140016042,1
140016044,1
140016048,1
140016051,1
140016059,1
140016067,1
140016082,1
140016096,1
140016105,1
140016106,1
140016107,1
140016112,1
140016130,1
140016132,1
140016140,1
140016141,1
140016142,1
140016149,1
140016153,1
140016164,1
140016168,1
140016171,1
140016176,1
140016177,1
140016181,1
140016185,1
140016188,1
140016218,1
140016253,1
140016254,1
140016256,1
140016281,1
140016289,1
140016292,1
140016302,1
140016314,1
140016333,1
140016341,1
140016350,1
140016359,1
140016372,1
140016373,1
140016374,1
140016376,1
140016378,1
140016383,1
140016385,1
140016386,1
140016397,1
140016407,1
140016417,1
140016424,1
140016425,1
140016433,1
140016438,1
140016460,1
140016461,1
140016466,1
140016471,1
140016476,1
140016479,1
140016492,1
140016513,1
140016514,1
140016519,1
140016536,1
140016540,1
140016545,1
140016567,1
140016569,1
140016579,1
140016589,1
140016594,1
140016616,1
140016624,1
140016630,1
140016652,1
140016656,1
140016660,1
140016661,1
140016663,1
140016671,1
140016689,1
140016694,1
140016699,1
140016701,1
140016704,1
140016707,1
140016709,1
140016719,1
140016740,1
140016741,1
140016742,1
140016746,1
140016760,1
140016768,1
140016775,1
140016798,1
140016801,1
140016817,1
140016821,1
140016832,1
140016847,1
140016849,1
140016851,1
140016852,1
140016853,1
140016861,1
140016866,1
140016872,1
140016875,1
140016878,1
140016900,1
140016911,1
140016914,1
140016915,1
140016922,1
140016929,1
140016935,1
140016955,1
140016972,1
140016979,1
140016982,1
140017010,1
140017021,1
140017023,1
140017031,1
140017035,1
140017036,1
140017056,1
140017064,1
140017066,1
140017071,1
140017092,1
140017096,1
140017105,1
140017107,1
140017111,1
140017122,1
140017155,1
140017160,1
140017165,1
140017179,1
140017192,1
140017193,1
140017197,1
140017208,1
140017222,1
140017223,1
140017224,1
140017235,1
140017270,1
140017276,1
140017284,1
140017303,1
140017305,1
140017309,1
140017315,1
140017321,1
140017324,1
140017326,1
140017332,1
140017342,1
140017352,1
140017353,1
140017362,1
140017373,1
140017387,1
140017388,1
140017401,1
140017406,1
140017413,1
140017417,1
140017422,1
140017424,1
140017430,1
140017431,1
140017432,1
140017435,1
140017438,1
140017439,1
140017444,1
140017452,1
140017455,1
140017465,1
140017470,1
140017473,1
140017479,1
140017493,1
140017495,1
140017499,1
140017510,1
140017511,1
140017529,1
140017541,1
140017552,1
140017556,1
140017559,1
140017561,1
140017566,1
140017571,1
140017585,1
140017604,1
140017608,1
140017610,1
140017613,1
140017627,1
140017637,1
140017642,1
140017645,1
140017659,1
140017672,1
140017676,1
140017686,1
140017689,1
140017699,1
140017732,1
140017733,1
140017740,1
140017742,1
140017764,1
140017776,1
140017790,1
140017802,1
140017825,1
140017830,1
140017834,1
140017839,1
140017849,1
140017870,1
140017871,1
140017873,1
140017901,1
140017913,1
140017920,1
140017924,1
140017963,1
140017971,1
140017992,1
140017998,1
140018007,1
140018032,1
140018034,1
140018045,1
140018062,1
140018063,1
140018064,1
140018066,1
140018098,1
140018103,1
140018107,1
140018117,1
140018120,1
140018129,1
140018135,1
140018136,1
140018144,1
140018166,1
140018186,1
140018193,1
140018228,1
140018297,1
140018301,1
140018313,1
140018318,1
140018327,1
140018329,1
140018343,1
140018354,1
140018381,1
140018382,1
140018386,1
140018392,1
140018394,1
140018397,1
140018401,1
140018407,1
140018453,1
140018473,1
140018489,1
140018497,1
140018511,1
140018531,1
140018535,1
140018544,1
140018546,1
140018547,1
140018550,1
140018554,1
140018573,1
140018574,1
140018582,1
140018599,1
140018608,1
140018619,1
140018642,1
140018646,1
140018647,1
140018672,1
140018675,1
140018677,1
140018682,1
140018687,1
140018788,1
140018795,1
140018797,1
140018803,1
140018815,1
140018829,1
140018836,1
140018845,1
140018863,1
140018868,1
140018872,1
140018893,1
140018896,1
140018902,1
140018908,1
140018909,1
140018919,1
140018922,1
140018923,1
140018937,1
140018938,1
140018946,1
140018979,1
140019002,1
140019015,1
140019030,1
140019065,1
140019122,1
140019133,1
140019137,1
140019139,1
140019147,1
140019149,1
140019154,1
140019165,1
140019166,1
140019198,1
140019202,1
140019209,1
140019216,1
140019243,1
140019254,1
140019275,1
140019278,1
140019323,1
140019338,1
140019347,1
140019402,1
140019421,1
140019422,1
140019432,1
140019438,1
140019444,1
140019449,1
140019451,1
140019461,1
140019464,1
140019465,1
140019474,1
140019475,1
140019483,1
140019484,1
140019491,1
140019492,1
140019512,1
140019523,1
140019561,1
140019571,1
140019574,1
140019575,1
140019576,1
140019586,1
140019596,1
140019606,1
140019608,1
140019619,1
140019630,1
140019666,1
140019675,1
140019676,1
140019679,1
140019698,1
140019704,1
140019748,1
140019787,1
140019807,1
140019825,1
140019846,1
140019891,1
140019901,1
140019916,1
140019919,1
140019923,1
140019926,1
140019948,1
140019954,1
140019957,1
140019974,1
140019984,1
140019985,1
140019991,1
140020007,1
140020009,1
140020021,1
140020030,1
140020039,1
140020044,1
140020053,1
140020060,1
140020075,1
140020078,1
140020115,1
140020120,1
140020132,1
140020136,1
140020157,1
140020165,1
140020218,1
140020229,1
140020269,1
140020318,1
140020400,1
140020410,1
140020416,1
140020423,1
140020431,1
140020497,1
140020499,1
140020505,1
140020546,1
140020547,1
140020562,1
140020569,1
140020574,1
140020575,1
140020577,1
140020581,1
140020582,1
140020584,1
140020587,1
140020636,1
140020640,1
140020653,1
140020654,1
140020656,1
140020661,1
140020719,1
140020725,1
140020726,1
140020769,1
140020771,1
140020781,1
140020791,1
140020797,1
140020803,1
140020805,1
140020814,1
140020819,1
140020860,1
140020870,1
140020883,1
140020884,1
140020885,1
140020892,1
140020898,1
140020943,1
140021006,1
140021038,1
140021042,1
140021065,1
140021067,1
140021076,1
140021098,1
140021129,1
140021134,1
140021141,1
140021179,1
140021193,1
140021198,1
140021208,1
140021211,1
140021212,1
140021220,1
140021224,1
140021228,1
140021266,1
140021269,1
140021284,1
140021285,1
140021286,1
140021300,1
140021327,1
140021350,1
140021368,1
140021371,1
140021378,1
140021433,1
140021447,1
140021448,1
140021458,1
140021472,1
140021473,1
140021508,1
140021528,1
140021557,1
140021566,1
140021572,1
140021575,1
140021637,1
140021641,1
140021679,1
140021688,1
140021701,1
140021714,1
140021726,1
140021770,1
140021789,1
140021797,1
140021852,1
140021856,1
140021874,1
140021875,1
140021881,1
140021887,1
140021895,1
140021910,1
140021922,1
140021926,1
140021930,1
140021934,1
140021942,1
140021956,1
140021964,1
140021967,1
140021972,1
140021973,1
140021977,1
140021988,1
140021995,1
140022023,1
140022030,1
140022042,1
140022049,1
140022070,1
140022074,1
140022091,1
140022103,1
140022104,1
140022109,1
140022110,1
140022115,1
140022117,1
140022119,1
140022125,1
140022129,1
140022139,1
140022145,1
140022168,1
140022169,1
140022171,1
140022175,1
140022181,1
140022205,1
140022216,1
140022217,1
140022218,1
140022242,1
140022248,1
140022259,1
140022270,1
140022275,1
140022278,1
140022281,1
140022285,1
140022296,1
140022307,1
140022327,1
140022328,1
140022342,1
140022350,1
140022370,1
140022377,1
140022378,1
140022430,1
140022439,1
140022441,1
140022443,1
140022444,1
140022449,1
140022462,1
140022474,1
140022476,1
140022483,1
140022484,1
140022485,1
140022498,1
140022505,1
140022515,1
140022518,1
140022520,1
140022555,1
140022558,1
140022559,1
140022563,1
140022566,1
140022567,1
140022576,1
140022601,1
140022606,1
140022611,1
140022616,1
140022632,1
140022681,1
140022686,1
140022688,1
140022694,1
140022729,1
140022730,1
140022735,1
140022739,1
140022746,1
140022751,1
140022752,1
140022771,1
140022776,1
140022778,1
140022780,1
140022782,1
140022789,1
140022791,1
140022797,1
140022812,1
140022816,1
140022823,1
140022824,1
140022833,1
140022860,1
140022862,1
140022863,1
140022870,1
140022872,1
140022878,1
140022890,1
140022946,1
140022954,1
140022956,1
140022971,1
140022990,1
140022995,1
140023007,1
140023008,1
140023014,1
140023032,1
140023042,1
140023047,1
140023051,1
140023055,1
140023065,1
140023070,1
140023075,1
140023083,1
140023112,1
140023120,1
140023124,1
140023140,1
140023164,1
140023179,1
140023192,1
140023218,1
140023223,1
140023237,1
140023245,1
140023247,1
140023258,1
140023259,1
140023269,1
140023272,1
140023273,1
140023280,1
140023290,1
140023304,1
140023307,1
140023319,1
140023321,1
140023323,1
140023336,1
140023361,1
140023400,1
140023420,1
140023423,1
140023428,1
140023440,1
140023444,1
140023446,1
140023471,1
140023485,1
140023491,1
140023493,1
140023495,1
140023503,1
140023514,1
140023525,1
140023545,1
140023551,1
140023563,1
140023567,1
140023586,1
140023587,1
140023589,1
140023593,1
140023596,1
140023600,1
140023605,1
140023606,1
140023617,1
140023630,1
140023632,1
140023637,1
140023639,1
140023646,1
140023666,1
140023672,1
140023682,1
140023692,1
140023695,1
140023702,1
140023704,1
140023708,1
140023709,1
140023711,1
140023715,1
140023718,1
140023724,1
140023743,1
140023752,1
140023766,1
140023781,1
140023786,1
140023798,1
140023799,1
140023801,1
140023809,1
140023837,1
140023841,1
140023880,1
140023886,1
140023892,1
140023902,1
140023908,1
140023914,1
140023916,1
140023922,1
140023937,1
140023947,1
140023950,1
140023956,1
140023957,1
140023965,1
140023966,1
140023968,1
140023976,1
140023984,1
140024010,1
140024021,1
140024030,1
140024037,1
140024039,1
140024044,1
140024045,1
140024049,1
140024064,1
140024071,1
140024072,1
140024077,1
140024088,1
140024095,1
140024097,1
140024098,1
140024104,1
140024151,1
140024152,1
140024155,1
140024166,1
140024171,1
140024180,1
140024191,1
140024207,1
140024220,1
140024224,1
140024230,1
140024234,1
140024236,1
140024255,1
140024257,1
140024261,1
140024265,1
140024290,1
140024293,1
140024298,1
140024310,1
140024317,1
140024318,1
140024338,1
140024339,1
140024366,1
140024376,1
140024377,1
140024378,1
140024384,1
140024386,1
140024389,1
140024390,1
140024391,1
140024397,1
140024401,1
140024403,1
140024410,1
140024415,1
140024420,1
140024426,1
140024432,1
140024434,1
140024447,1
140024452,1
140024453,1
140024459,1
140024469,1
140024474,1
140024476,1
140024487,1
140024491,1
140024498,1
140024509,1
140024510,1
140024512,1
140024521,1
140024534,1
140024547,1
140024563,1
140024564,1
140024569,1
140024577,1
140024584,1
140024586,1
140024597,1
140024624,1
140024629,1
140024631,1
140024632,1
140024633,1
140024635,1
140024636,1
140024661,1
140024676,1
140024690,1
140024696,1
140024697,1
140024700,1
140024704,1
140024705,1
140024724,1
140024739,1
140024749,1
140024756,1
140024761,1
140024767,1
140024771,1
140024773,1
140024782,1
140024790,1
140024798,1
140024825,1
140024837,1
140024838,1
140024850,1
140024852,1
140024870,1
140024879,1
140024886,1
140024904,1
140024911,1
140024918,1
140024940,1
140024971,1
140024974,1
140024982,1
140024987,1
140024988,1
140025024,1
140025033,1
140025048,1
140025057,1
140025063,1
140025076,1
140025088,1
140025104,1
140025155,1
140025161,1
140025170,1
140025171,1
140025187,1
140025190,1
140025194,1
140025201,1
140025207,1
140025221,1
140025223,1
140025237,1
140025238,1
140025246,1
140025249,1
140025252,1
140025253,1
140025254,1
140025258,1
140025275,1
140025285,1
140025286,1
140025292,1
140025299,1
140025304,1
140025311,1
140025320,1
140025330,1
140025353,1
140025360,1
140025381,1
140025428,1
140025448,1
140025454,1
140025457,1
140025478,1
140025491,1
140025508,1
140025525,1
140025531,1
140025532,1
140025545,1
140025551,1
140025578,1
140025609,1
140025612,1
140025625,1
140025630,1
140025631,1
140025646,1
140025665,1
140025667,1
140025671,1
140025681,1
140025683,1
140025687,1
140025691,1
140025692,1
140025709,1
140025710,1
140025713,1
140025715,1
140025716,1
140025720,1
140025724,1
140025729,1
140025732,1
140025735,1
140025772,1
140025779,1
140025782,1
140025788,1
140025798,1
140025800,1
140025807,1
140025811,1
140025817,1
140025820,1
140025831,1
140025875,1
140025882,1
140025893,1
140025911,1
140025912,1
140025916,1
140025922,1
140025948,1
140025949,1
140025950,1
140025954,1
140025956,1
140025961,1
140025962,1
140025963,1
140025964,1
140025970,1
140025983,1
140025985,1
140026001,1
140026007,1
140026010,1
140026022,1
140026024,1
140026030,1
140026031,1
140026034,1
140026068,1
140026072,1
140026077,1
140026078,1
140026080,1
140026081,1
140026092,1
140026093,1
140026099,1
140026100,1
140026102,1
140026111,1
140026114,1
140026124,1
140026130,1
140026143,1
140026145,1
140026146,1
140026148,1
140026158,1
140026179,1
140026191,1
140026195,1
140026201,1
140026208,1
140026229,1
140026237,1
140026238,1
140026240,1
140026241,1
140026242,1
140026246,1
140026248,1
140026253,1
140026256,1
140026260,1
140026261,1
140026263,1
140026264,1
140026267,1
140026276,1
140026278,1
140026282,1
140026286,1
140026294,1
140026309,1
140026311,1
140026320,1
140026321,1
140026331,1
140026332,1
140026340,1
140026349,1
140026355,1
140026359,1
140026370,1
140026396,1
140026399,1
140026403,1
140026404,1
140026406,1
140026440,1
140026451,1
140026463,1
140026491,1
140026495,1
140026498,1
140026557,1
140026562,1
140026577,1
140026582,1
140026592,1
140026596,1
140026603,1
140026623,1
140026628,1
140026634,1
140026635,1
140026692,1
140026694,1
140026701,1
140026704,1
140026708,1
140026720,1
140026721,1
140026724,1
140026753,1
140026756,1
140026758,1
140026766,1
140026767,1
140026770,1
140026773,1
140026782,1
140026786,1
140026804,1
140026810,1
140026821,1
140026824,1
140026825,1
140026827,1
140026829,1
140026834,1
140026844,1
140026850,1
140026854,1
140026856,1
140026858,1
140026864,1
140026871,1
140026876,1
140026877,1
140026893,1
140026894,1
140026902,1
140026925,1
140026930,1
140026954,1
140026956,1
140026961,1
140026965,1
140026982,1
140026989,1
140026994,1
140027000,1
140027005,1
140027008,1
140027011,1
140027017,1
140027020,1
140027022,1
140027028,1
140027033,1
140027036,1
140027039,1
140027057,1
140027067,1
140027071,1
140027106,1
140027109,1
140027123,1
140027130,1
140027131,1
140027142,1
140027143,1
140027157,1
140027159,1
140027168,1
140027169,1
140027187,1
140027190,1
140027196,1
140027199,1
140027223,1
140027225,1
140027232,1
140027233,1
140027256,1
140027264,1
140027273,1
140027277,1
140027278,1
140027281,1
140027286,1
140027287,1
140027288,1
140027289,1
140027293,1
140027297,1
140027302,1
140027311,1
140027316,1
140027322,1
140027331,1
140027337,1
140027340,1
140027342,1
140027346,1
140027354,1
140027356,1
140027358,1
140027362,1
140027365,1
140027368,1
140027371,1
140027379,1
140027388,1
140027396,1
140027400,1
140027417,1
140027418,1
140027434,1
140027442,1
140027443,1
140027452,1
140027456,1
140027457,1
140027466,1
140027471,1
140027483,1
140027495,1
140027499,1
140027501,1
140027524,1
140027529,1
140027537,1
140027540,1
140027542,1
140027545,1
140027546,1
140027547,1
140027549,1
140027550,1
140027551,1
140027560,1
140027577,1
140027586,1
140027587,1
140027604,1
140027654,1
140027666,1
140027681,1
140027692,1
140027694,1
140027698,1
140027702,1
140027704,1
140027707,1
140027716,1
140027720,1
140027724,1
140027727,1
140027729,1
140027731,1
140027735,1
140027736,1
140027739,1
140027741,1
140027763,1
140027764,1
140027765,1
140027767,1
140027775,1
140027778,1
140027796,1
140027807,1
140027809,1
140027811,1
140027821,1
140027824,1
140027834,1
140027842,1
140027855,1
140027877,1
140027900,1
140027927,1
140027991,1
140027999,1
140028013,1
140028019,1
140028023,1
140028025,1
140028052,1
140028063,1
140028073,1
140028100,1
140028109,1
140028111,1
140028122,1
140028133,1
140028145,1
140028146,1
140028150,1
140028154,1
140028155,1
140028157,1
140028159,1
140028173,1
140028185,1
140028191,1
140028192,1
140028196,1
140028201,1
140028205,1
140028206,1
140028212,1
140028218,1
140028219,1
140028220,1
140028228,1
140028232,1
140028234,1
140028243,1
140028248,1
140028265,1
140028273,1
140028278,1
140028282,1
140028304,1
140028306,1
140028311,1
140028312,1
140028324,1
140028349,1
140028355,1
140028358,1
140028364,1
140028365,1
140028373,1
140028377,1
140028380,1
140028398,1
140028399,1
140028407,1
140028412,1
140028416,1
140028419,1
140028421,1
140028423,1
140028426,1
140028428,1
140028444,1
140028461,1
140028517,1
140028537,1
140028538,1
140028550,1
140028553,1
140028560,1
140028576,1
140028582,1
140028584,1
140028617,1
140028620,1
140028652,1
140028660,1
140028674,1
140028688,1
140028695,1
140028696,1
140028712,1
140028719,1
140028732,1
140028741,1
140028745,1
140028749,1
140028750,1
140028755,1
140028763,1
140028771,1
140028773,1
140028787,1
140028789,1
140028800,1
140028802,1
140028803,1
140028832,1
140028838,1
140028846,1
140028847,1
140028855,1
140028860,1
140028863,1
140028864,1
140028866,1
140028873,1
140028882,1
140028893,1
140028895,1
140028902,1
140028906,1
140028912,1
140028921,1
140028964,1
140028966,1
140028968,1
140028983,1
140028985,1
140028989,1
140028993,1
140029003,1
140029010,1
140029011,1
140029015,1
140029018,1
140029020,1
140029022,1
140029035,1
140029038,1
140029040,1
140029052,1
140029055,1
140029060,1
140029061,1
140029066,1
140029075,1
140029082,1
140029086,1
140029095,1
140029097,1
140029109,1
140029120,1
140029129,1
140029139,1
140029146,1
140029160,1
140029161,1
140029163,1
140029169,1
140029186,1
140029204,1
140029206,1
140029214,1
140029218,1
140029228,1
140029230,1
140029234,1
140029239,1
140029241,1
140029243,1
140029244,1
140029247,1
140029261,1
140029267,1
140029278,1
140029279,1
140029293,1
140029300,1
140029306,1
140029313,1
140029314,1
140029319,1
140029343,1
140029347,1
140029352,1
140029362,1
140029388,1
140029390,1
140029402,1
140029412,1
140029419,1
140029422,1
140029425,1
140029426,1
140029431,1
140029438,1
140029441,1
140029442,1
140029460,1
140029461,1
140029475,1
140029501,1
140029505,1
140029507,1
140029522,1
140029539,1
140029554,1
140029555,1
140029577,1
140029582,1
140029584,1
140029586,1
140029590,1
140029604,1
140029626,1
140029632,1
140029679,1
140029701,1
140029703,1
140029706,1
140029715,1
140029736,1
140029742,1
140029744,1
140029758,1
140029759,1
140029802,1
140029804,1
140029808,1
140029923,1
140029932,1
140029955,1
140029963,1
140029977,1
140029996,1
140030006,1
140030010,1
140030029,1
140030030,1
140030108,1
140030125,1
140030166,1
140030175,1
140030184,1
140030220,1
140030224,1
140030229,1
140030247,1
140030265,1
140030267,1
140030274,1
140030287,1
140030316,1
140030324,1
140030332,1
140030361,1
140030379,1
140030387,1
140030409,1
140030422,1
140030423,1
140030429,1
140030440,1
140030453,1
140030454,1
140030463,1
140030465,1
140030470,1
140030473,1
140030524,1
140030528,1
140030533,1
140030553,1
140030555,1
140030572,1
140030583,1
140030611,1
140030628,1
140030633,1
140030644,1
140030660,1
140030667,1
140030673,1
140030683,1
140030697,1
140030708,1
140030734,1
140030767,1
140030783,1
140030785,1
140030786,1
140030794,1
140030797,1
140030801,1
140030828,1
140030837,1
140030840,1
140030851,1
140030859,1
140030870,1
140030877,1
140030889,1
140030890,1
140030900,1
140030903,1
140030906,1
140030914,1
140030919,1
140030923,1
140030936,1
140030939,1
140030947,1
140030965,1
140030972,1
140030976,1
140030979,1
140030997,1
140031008,1
140031014,1
140031018,1
140031025,1
140031030,1
140031039,1
140031047,1
140031049,1
140031056,1
140031086,1
140031087,1
140031095,1
140031096,1
140031098,1
140031101,1
140031114,1
140031123,1
140031126,1
140031132,1
140031146,1
140031148,1
140031150,1
140031157,1
140031173,1
140031177,1
140031179,1
140031188,1
140031203,1
140031207,1
140031208,1
140031210,1
140031250,1
140031274,1
140031278,1
140031284,1
140031287,1
140031301,1
140031310,1
140031327,1
140031337,1
140031340,1
140031346,1
140031348,1
140031357,1
140031379,1
140031390,1
140031397,1
140031400,1
140031404,1
140031407,1
140031410,1
140031413,1
140031425,1
140031433,1
140031437,1
140031439,1
140031458,1
140031462,1
140031482,1
140031504,1
140031549,1
140031572,1
140031591,1
140031613,1
140031621,1
140031671,1
140031672,1
140031687,1
140031695,1
140031697,1
140031708,1
140031711,1
140031735,1
140031754,1
140031781,1
140031782,1
140031787,1
140031793,1
140031799,1
140031865,1
140031883,1
140031888,1
140031889,1
140031894,1
140031912,1
140031920,1
140031932,1
140031941,1
140031948,1
140031949,1
140031978,1
140031984,1
140031987,1
140031991,1
140031996,1
140032001,1
140032009,1
140032024,1
140032026,1
140032037,1
140032045,1
140032067,1
140032081,1
140032101,1
140032107,1
140032144,1
140032205,1
140032210,1
140032242,1
140032275,1
140032289,1
140032292,1
140032313,1
140032330,1
140032348,1
140032359,1
140032367,1
140032372,1
140032373,1
140032374,1
140032378,1
140032380,1
140032395,1
140032396,1
140032400,1
140032426,1
140032443,1
140032459,1
140032461,1
140032464,1
140032477,1
140032485,1
140032506,1
140032507,1
140032516,1
140032518,1
140032536,1
140032538,1
140032593,1
140032597,1
140032601,1
140032651,1
140032652,1
140032672,1
140032676,1
140032682,1
140032703,1
140032713,1
140032715,1
140032717,1
140032728,1
140032767,1
140032778,1
140032789,1
140032812,1
140032822,1
140032832,1
140032836,1
140032847,1
140032852,1
140032859,1
140032861,1
140032866,1
140032871,1
140032872,1
140032873,1
140032891,1
140032904,1
140032914,1
140032948,1
140032952,1
140032959,1
140032971,1
140032989,1
140033010,1
140033043,1
140033048,1
140033052,1
140033053,1
140033070,1
140033092,1
140033114,1
140033131,1
140033146,1
140033152,1
140033176,1
140033190,1
140033191,1
140033212,1
140033239,1
140033252,1
140033257,1
140033263,1
140033270,1
140033294,1
140033296,1
140033308,1
140033310,1
140033329,1
140033344,1
140033345,1
140033356,1
140033360,1
140033370,1
140033374,1
140033416,1
140033435,1
140033459,1
140033467,1
140033468,1
140033470,1
140033488,1
140033507,1
140033508,1
140033524,1
140033535,1
140033537,1
140033558,1
140033568,1
140033577,1
140033585,1
140033589,1
140033594,1
140033598,1
140033600,1
140033632,1
140033644,1
140033658,1
140033660,1
140033668,1
140033681,1
140033690,1
140033699,1
140033709,1
140033710,1
140033718,1
140033730,1
140033732,1
140033752,1
140033757,1
140033762,1
140033769,1
140033772,1
140033777,1
140033837,1
140033904,1
140033951,1
140034007,1
140034081,1
140034084,1
140034092,1
140034114,1
140034116,1
140034117,1
140034164,1
140034167,1
140034172,1
140034180,1
140034192,1
140034193,1
140034194,1
140034200,1
140034216,1
140034223,1
140034229,1
140034237,1
140034243,1
140034249,1
140034250,1
140034271,1
140034289,1
140034317,1
140034330,1
140034332,1
140034343,1
140034344,1
140034352,1
140034354,1
140034382,1
140034383,1
140034394,1
140034402,1
140034417,1
140034422,1
140034423,1
140034439,1
140034442,1
140034473,1
140034478,1
140034489,1
140034506,1
140034523,1
140034531,1
140034560,1
140034600,1
140034608,1
140034616,1
140034655,1
140034658,1
140034678,1
140034702,1
140034707,1
140034713,1
140034729,1
140034742,1
140034755,1
140034791,1
140034798,1
140034800,1
140034818,1
140034867,1
140034873,1
140034904,1
140034907,1
140034909,1
140034916,1
140034941,1
140034954,1
140034988,1
140035003,1
140035035,1
140035075,1
140035082,1
140035085,1
140035090,1
140035095,1
140035106,1
140035109,1
140035131,1
140035138,1
140035160,1
140035164,1
140035195,1
140035205,1
140035212,1
140035230,1
140035237,1
140035269,1
140035282,1
140035290,1
140035299,1
140035306,1
140035308,1
140035312,1
140035314,1
140035315,1
140035317,1
140035322,1
140035334,1
140035335,1
140035339,1
140035346,1
140035351,1
140035374,1
140035375,1
140035380,1
140035382,1
140035393,1
140035408,1
140035416,1
140035419,1
140035420,1
140035438,1
140035442,1
140035443,1
140035444,1
140035447,1
140035458,1
140035460,1
140035463,1
140035473,1
140035474,1
140035488,1
140035508,1
140035522,1
140035530,1
140035531,1
140035533,1
140035537,1
140035549,1
140035561,1
140035575,1
140035637,1
140035664,1
140035665,1
140035666,1
140035672,1
140035677,1
140035685,1
140035693,1
140035704,1
140035714,1
140035727,1
140035741,1
140035746,1
140035765,1
140035835,1
140035867,1
140035868,1
140035895,1
140035900,1
140035905,1
140035908,1
140035916,1
140035943,1
140035954,1
140035961,1
140035973,1
140035989,1
140035990,1
140035995,1
140035996,1
140036000,1
140036013,1
140036036,1
140036074,1
140036081,1
140036097,1
140036115,1
140036131,1
140036132,1
140036138,1
140036151,1
140036153,1
140036154,1
140036162,1
140036165,1
140036168,1
140036185,1
140036187,1
140036196,1
140036197,1
140036200,1
140036202,1
140036208,1
140036212,1
140036248,1
140036258,1
140036261,1
140036263,1
140036273,1
140036294,1
140036327,1
140036331,1
140036333,1
140036348,1
140036357,1
140036358,1
140036392,1
140036394,1
140036404,1
140036409,1
140036421,1
140036425,1
140036431,1
140036458,1
140036471,1
140036478,1
140036498,1
140036504,1
140036505,1
140036539,1
140036551,1
140036572,1
140036573,1
140036583,1
140036585,1
140036624,1
140036628,1
140036641,1
140036650,1
140036665,1
140036674,1
140036683,1
140036696,1
140036702,1
140036716,1
140036722,1
140036729,1
140036733,1
140036739,1
140036751,1
140036762,1
140036767,1
140036783,1
140036786,1
140036824,1
140036828,1
140036830,1
140036832,1
140036834,1
140036853,1
140036855,1
140036880,1
140036923,1
140036925,1
140036934,1
140036940,1
140036941,1
140036945,1
140036958,1
140036961,1
140036965,1
140036990,1
140037005,1
140037017,1
140037046,1
140037050,1
140037060,1
140037064,1
140037073,1
140037077,1
140037086,1
140037087,1
140037100,1
140037129,1
140037140,1
140037152,1
140037174,1
140037175,1
140037182,1
140037185,1
140037197,1
140037199,1
140037204,1
140037232,1
140037277,1
140037286,1
140037291,1
140037296,1
140037335,1
140037358,1
140037385,1
140037402,1
140037413,1
140037421,1
140037436,1
140037448,1
140037469,1
140037497,1
140037501,1
140037509,1
140037511,1
140037512,1
140037513,1
140037515,1
140037516,1
140037518,1
140037519,1
140037522,1
140037523,1
140037535,1
140037543,1
140037556,1
140037564,1
140037587,1
140037589,1
140037590,1
140037609,1
140037613,1
140037626,1
140037632,1
140037662,1
140037664,1
140037666,1
140037675,1
140037680,1
140037689,1
140037691,1
140037692,1
140037695,1
140037696,1
140037699,1
140037700,1
140037716,1
140037717,1
140037719,1
140037732,1
140037734,1
140037737,1
140037738,1
140037772,1
140037776,1
140037788,1
140037790,1
140037794,1
140037801,1
140037805,1
140037815,1
140037823,1
140037829,1
140037831,1
140037833,1
140037868,1
140037878,1
140037896,1
140037901,1
140037903,1
140037904,1
140037905,1
140037907,1
140037916,1
140037928,1
140037930,1
140037947,1
140037950,1
140037956,1
140037957,1
140037960,1
140037981,1
140037982,1
140037998,1
140038000,1
140038006,1
140038007,1
140038013,1
140038015,1
140038016,1
140038017,1
140038020,1
140038025,1
140038029,1
140038053,1
140038060,1
140038063,1
140038087,1
140038114,1
140038116,1
140038125,1
140038138,1
140038151,1
140038156,1
140038170,1
140038174,1
140038180,1
140038191,1
140038203,1
140038214,1
140038235,1
140038238,1
140038252,1
140038255,1
140038259,1
140038278,1
140038281,1
140038285,1
140038302,1
140038303,1
140038326,1
140038332,1
140038346,1
140038350,1
140038367,1
140038368,1
140038402,1
140038405,1
140038419,1
140038429,1
140038432,1
140038439,1
140038443,1
140038447,1
140038486,1
140038491,1
140038506,1
140038531,1
140038533,1
140038542,1
140038549,1
140038550,1
140038553,1
140038561,1
140038565,1
140038591,1
140038594,1
140038597,1
140038603,1
140038611,1
140038613,1
140038615,1
140038617,1
140038639,1
140038650,1
140038661,1
140038669,1
140038681,1
140038694,1
140038727,1
140038741,1
140038757,1
140038762,1
140038766,1
140038774,1
140038792,1
140038794,1
140038796,1
140038808,1
140038813,1
140038820,1
140038824,1
140038855,1
140038861,1
140038871,1
140038872,1
140038884,1
140038891,1
140038893,1
140038898,1
140038900,1
140038905,1
140038906,1
140038907,1
140038910,1
140038926,1
140038929,1
140038940,1
140038943,1
140038958,1
140038964,1
140038971,1
140038979,1
140038982,1
140038997,1
140039001,1
140039043,1
140039052,1
140039061,1
140039066,1
140039067,1
140039084,1
140039091,1
140039113,1
140039134,1
140039135,1
140039171,1
140039175,1
140039180,1
140039205,1
140039223,1
140039227,1
140039247,1
140039248,1
140039267,1
140039270,1
140039281,1
140039297,1
140039307,1
140039326,1
140039333,1
140039334,1
140039352,1
140039356,1
140039363,1
140039365,1
140039375,1
140039378,1
140039387,1
140039390,1
140039392,1
140039395,1
140039396,1
140039397,1
140039400,1
140039403,1
140039413,1
140039415,1
140039420,1
140039427,1
140039429,1
140039430,1
140039447,1
140039450,1
140039451,1
140039456,1
140039457,1
140039472,1
140039487,1
140039490,1
140039504,1
140039540,1
140039545,1
140039547,1
140039552,1
140039563,1
140039578,1
140039584,1
140039603,1
140039604,1
140039608,1
140039618,1
140039626,1
140039638,1
140039647,1
140039648,1
140039650,1
140039656,1
140039661,1
140039687,1
140039691,1
140039693,1
140039695,1
140039727,1
140039747,1
140039750,1
140039755,1
140039758,1
140039759,1
140039765,1
140039768,1
140039789,1
140039793,1
140039816,1
140039818,1
140039831,1
140039843,1
140039849,1
140039876,1
140039894,1
140039896,1
140039902,1
140039919,1
140039920,1
140039930,1
140039934,1
140039937,1
140039943,1
140039978,1
140039983,1
140039997,1
140040024,1
140040031,1
140040035,1
140040040,1
140040041,1
140040049,1
140040065,1
140040066,1
140040074,1
140040075,1
140040085,1
140040092,1
140040099,1
140040107,1
140040112,1
140040116,1
140040124,1
140040128,1
140040138,1
140040157,1
140040163,1
140040165,1
140040167,1
140040172,1
140040174,1
140040175,1
140040176,1
140040183,1
140040190,1
140040212,1
140040222,1
140040224,1
140040232,1
140040233,1
140040236,1
140040242,1
140040246,1
140040247,1
140040256,1
140040271,1
140040279,1
140040280,1
140040284,1
140040293,1
140040302,1
140040309,1
140040315,1
140040320,1
140040346,1
140040369,1
140040373,1
140040375,1
140040419,1
140040423,1
140040427,1
140040429,1
140040438,1
140040440,1
140040466,1
140040468,1
140040479,1
140040483,1
140040487,1
140040511,1
140040513,1
140040514,1
140040523,1
140040528,1
140040588,1
140040606,1
140040609,1
140040613,1
140040629,1
140040650,1
140040697,1
140040699,1
140040704,1
140040715,1
140040722,1
140040733,1
140040734,1
140040736,1
140040754,1
140040768,1
140040769,1
140040774,1
140040785,1
140040795,1
140040804,1
140040806,1
140040811,1
140040812,1
140040814,1
140040819,1
140040822,1
140040824,1
140040834,1
140040837,1
140040840,1
140040844,1
140040849,1
140040858,1
140040870,1
140040876,1
140040889,1
140040894,1
140040926,1
140040972,1
140040977,1
140040979,1
140040985,1
140040994,1
140041014,1
140041022,1
140041034,1
140041035,1
140041048,1
140041067,1
140041071,1
140041081,1
140041095,1
140041101,1
140041112,1
140041117,1
140041120,1
140041121,1
140041136,1
140041137,1
140041150,1
140041152,1
140041155,1
140041160,1
140041174,1
140041184,1
140041192,1
140041193,1
140041195,1
140041213,1
140041231,1
140041236,1
140041237,1
140041254,1
140041260,1
140041270,1
140041308,1
140041324,1
140041344,1
140041347,1
140041354,1
140041356,1
140041369,1
140041370,1
140041371,1
140041397,1
140041399,1
140041402,1
140041416,1
140041423,1
140041459,1
140041470,1
140041471,1
140041483,1
140041494,1
140041502,1
140041506,1
140041509,1
140041515,1
140041517,1
140041526,1
140041527,1
140041532,1
140041533,1
140041534,1
140041540,1
140041553,1
140041557,1
140041574,1
140041590,1
140041591,1
140041596,1
140041626,1
140041630,1
140041631,1
140041632,1
140041655,1
140041675,1
140041679,1
140041680,1
140041683,1
140041684,1
140041686,1
140041701,1
140041714,1
140041715,1
140041717,1
140041731,1
140041732,1
140041738,1
140041759,1
140041774,1
140041798,1
140041801,1
140041811,1
140041813,1
140041825,1
140041839,1
140041845,1
140041850,1
140041870,1
140041872,1
140041873,1
140041896,1
140041903,1
140041906,1
140041915,1
140041920,1
140041921,1
140041933,1
140041942,1
140050000,1
140050015,1
140050023,1
140050054,1
140050088,1
140050106,1
140050112,1
140050124,1
140050137,1
140050207,1
140050210,1
140050246,1
140050248,1
140050251,1
140050288,1
140050307,1
140050311,1
140050315,1
140050335,1
140050347,1
140050352,1
140050356,1
140050357,1
140050375,1
140050382,1
140050383,1
140050388,1
140050394,1
140050398,1
140050404,1
140050411,1
140050414,1
140050416,1
140050467,1
140050503,1
140050509,1
140050510,1
140050516,1
140050519,1
140050553,1
140050568,1
140050575,1
140050583,1
140050592,1
140050593,1
140050632,1
140050636,1
140050641,1
140050645,1
140050648,1
140050654,1
140050655,1
140050675,1
140050679,1
140050692,1
140050720,1
140050737,1
140050761,1
140050774,1
140050791,1
140050803,1
140050805,1
140050806,1
140050811,1
140050813,1
140050823,1
140050827,1
140050856,1
140050860,1
140050865,1
140050869,1
140050886,1
140050894,1
140050896,1
140050899,1
140050904,1
140050918,1
140050920,1
140050922,1
140050926,1
140050937,1
140050952,1
140050955,1
140050969,1
140051002,1
140051005,1
140051010,1
140051056,1
140051093,1
140051096,1
140051106,1
140051111,1
140051178,1
140051181,1
140051202,1
140051228,1
140051252,1
140051267,1
140051324,1
140051338,1
140051349,1
140051362,1
140051377,1
140051462,1
140051468,1
140051470,1
140051477,1
140051495,1
140051497,1
140051532,1
140051535,1
140051576,1
140051596,1
140051644,1
140051648,1
140051651,1
140051662,1
140051670,1
140051693,1
140051696,1
140051710,1
140051711,1
140051727,1
140051729,1
140051753,1
140051754,1
140051793,1
140051802,1
140051810,1
140051835,1
140051844,1
140051845,1
140051848,1
140051849,1
140051862,1
140051870,1
140051918,1
140051925,1
140051931,1
140051944,1
140051957,1
140051960,1
140051988,1
140051998,1
140052008,1
140052011,1
140052040,1
140052043,1
140052050,1
140052052,1
140052072,1
140052082,1
140052088,1
140052089,1
140052093,1
140052095,1
140052111,1
140052119,1
140052128,1
140052151,1
140052153,1
140052158,1
140052160,1
140052169,1
140052181,1
140052208,1
140052217,1
140052225,1
140052234,1
140052235,1
140052249,1
140052257,1
140052266,1
140052267,1
140052287,1
140052288,1
140052314,1
140052324,1
140052325,1
140052328,1
140052333,1
140052334,1
140052351,1
140052355,1
140052368,1
140052418,1
140052419,1
140052436,1
140052445,1
140052446,1
140052453,1
140052460,1
140052469,1
140052477,1
140052481,1
140052492,1
140052510,1
140052537,1
140052541,1
140052542,1
140052547,1
140052564,1
140052627,1
140052639,1
140052642,1
140052649,1
140052655,1
140052667,1
140052682,1
140052711,1
140052722,1
140052733,1
140052734,1
140052737,1
140052749,1
140052751,1
140052767,1
140052769,1
140052779,1
140052788,1
140052790,1
140052794,1
140052797,1
140052809,1
140052875,1
140052877,1
140052889,1
140052915,1
140052918,1
140052931,1
140052933,1
140052934,1
140052958,1
140052974,1
140052982,1
140052991,1
140052994,1
140052997,1
140053009,1
140053030,1
140053034,1
140053051,1
140053087,1
140053092,1
140053100,1
140053131,1
140053165,1
140053169,1
140053175,1
140053179,1
140053230,1
140053241,1
140053242,1
140053270,1
140053280,1
140053316,1
140053331,1
140053389,1
140053406,1
140053447,1
140053451,1
140053452,1
140053462,1
140053471,1
140053474,1
140053503,1
140053520,1
140053602,1
140053610,1
140053615,1
140053621,1
140053625,1
140053634,1
140053637,1
140053638,1
140053643,1
140053645,1
140053653,1
140053670,1
140053675,1
140053688,1
140053695,1
140053697,1
140053715,1
140053737,1
140053755,1
140053761,1
140053775,1
140053789,1
140053800,1
140053832,1
140053842,1
140053850,1
140053857,1
140053866,1
140053878,1
140053882,1
140053892,1
140053903,1
140053908,1
140053910,1
140053920,1
140053942,1
140053951,1
140053962,1
140053971,1
140053976,1
140053993,1
140053995,1
140054029,1
140054033,1
140054037,1
140054038,1
140054044,1
140054053,1
140054056,1
140054064,1
140054075,1
140054077,1
140054108,1
140054117,1
140054138,1
140054143,1
140054195,1
140054196,1
140054210,1
140054213,1
140054224,1
140054230,1
140054233,1
140054239,1
140054262,1
140054285,1
140054324,1
140054461,1
140054462,1
140054469,1
140054479,1
140054486,1
140054488,1
140054513,1
140054516,1
140054524,1
140054525,1
140054531,1
140054534,1
140054551,1
140054572,1
140054583,1
140054585,1
140054588,1
140054623,1
140054625,1
140054645,1
140054668,1
140054685,1
140054696,1
140054745,1
140054746,1
140054755,1
140054769,1
140054777,1
140054791,1
140054799,1
140054814,1
140054837,1
140054846,1
140054854,1
140054873,1
140054897,1
140054901,1
140054906,1
140054925,1
140054928,1
140054932,1
140054953,1
140054958,1
140054968,1
140055012,1
140055016,1
140055023,1
140055064,1
140055066,1
140055114,1
140055133,1
140055144,1
140055150,1
140055161,1
140055179,1
140055185,1
140055212,1
140055237,1
140055251,1
140055289,1
140055293,1
140055310,1
140055317,1
140055381,1
140055388,1
140055408,1
140055431,1
140055440,1
140055447,1
140055449,1
140055453,1
140055478,1
140055483,1
140055624,1
140055675,1
140055676,1
140055719,1
140055749,1
140055750,1
140055795,1
140055839,1
140055842,1
140055857,1
140055867,1
140055868,1
140055877,1
140055879,1
140055892,1
140055895,1
140055899,1
140055909,1
140055922,1
140055942,1
140055953,1
140055969,1
140055972,1
140055976,1
140055996,1
140056007,1
140056013,1
140056025,1
140056060,1
140056083,1
140056116,1
140056118,1
140056123,1
140056134,1
140056161,1
140056171,1
140056178,1
140056196,1
140056198,1
140056206,1
140056218,1
140056221,1
140056223,1
140056237,1
140056241,1
140056250,1
140056275,1
140056297,1
140056308,1
140056314,1
140056320,1
140056332,1
140056363,1
140056391,1
140056398,1
140056417,1
140056440,1
140056443,1
140056446,1
140056457,1
140056458,1
140056476,1
140056477,1
140056484,1
140056487,1
140056488,1
140056507,1
140056519,1
140056522,1
140056585,1
140056593,1
140056609,1
140056615,1
140056625,1
140056638,1
140056639,1
140056706,1
140056707,1
140056782,1
140056790,1
140056805,1
140056807,1
140056817,1
140056841,1
140056854,1
140056857,1
140056934,1
140056945,1
140056957,1
140056966,1
140057017,1
140057071,1
140057094,1
140057098,1
140057117,1
140057121,1
140057140,1
140057142,1
140057146,1
140057147,1
140057151,1
140057174,1
140057178,1
140057180,1
140057228,1
140057310,1
140057321,1
140057384,1
140057388,1
140057450,1
140057464,1
140057476,1
140057487,1
140057492,1
140057503,1
140057537,1
140057540,1
140057545,1
140057564,1
140057571,1
140057573,1
140057577,1
140057582,1
140057588,1
140057609,1
140057615,1
140057622,1
140057629,1
140057633,1
140057656,1
140057676,1
140057693,1
140057699,1
140057727,1
140057747,1
140057770,1
140057773,1
140057777,1
140057783,1
140057797,1
140057828,1
140057877,1
140057913,1
140057915,1
140057957,1
140057967,1
140057999,1
140058011,1
140058041,1
140058051,1
140058054,1
140058058,1
140058068,1
140058082,1
140058088,1
140058090,1
140058097,1
140058106,1
140058155,1
140058159,1
140058169,1
140058175,1
140058176,1
140058184,1
140058204,1
140058214,1
140058256,1
140058261,1
140058278,1
140058288,1
140058296,1
140058310,1
140058332,1
140058336,1
140058362,1
140058363,1
140058375,1
140058390,1
140058405,1
140058414,1
140058421,1
140058431,1
140058432,1
140058454,1
140058460,1
140058468,1
140058474,1
140058477,1
140058480,1
140058487,1
140058492,1
140058517,1
140058519,1
140058523,1
140058533,1
140058534,1
140058586,1
140058604,1
140058615,1
140058618,1
140058625,1
140058626,1
140058643,1
140058644,1
140058663,1
140058664,1
140058678,1
140058694,1
140058702,1
140058709,1
140058716,1
140058743,1
140058747,1
140058754,1
140058766,1
140058783,1
140058788,1
140058797,1
140058834,1
140058842,1
140058908,1
140058909,1
140058911,1
140058944,1
140058946,1
140058958,1
140058959,1
140058961,1
140058964,1
140058975,1
140058987,1
140058990,1
140058997,1
140059005,1
140059006,1
140059014,1
140059022,1
140059039,1
140059073,1
140059075,1
140059081,1
140059083,1
140059088,1
140059092,1
140059101,1
140059106,1
140059125,1
140059129,1
140059176,1
140059180,1
140059184,1
140059191,1
140059207,1
140059221,1
140059252,1
140059268,1
140059297,1
140059301,1
140059316,1
140059317,1
140059344,1
140059345,1
140059349,1
140059351,1
140059358,1
140059371,1
140059376,1
140059379,1
140059391,1
140059396,1
140059430,1
140059434,1
140059440,1
140059441,1
140059454,1
140059461,1
140059466,1
140059471,1
140059479,1
140059481,1
140059489,1
140059495,1
140059499,1
140059500,1
140059523,1
140059525,1
140059530,1
140059531,1
140059545,1
140059550,1
140059561,1
140059575,1
140059587,1
140059589,1
140059619,1
140059623,1
140059625,1
140059634,1
140059635,1
140059643,1
140059665,1
140059671,1
140059682,1
140059695,1
140059698,1
140059713,1
140059732,1
140059743,1
140059745,1
140059761,1
140059809,1
140059811,1
140059829,1
140059830,1
140059835,1
140059849,1
140059853,1
140059876,1
140059888,1
140059893,1
140059908,1
140059921,1
140059925,1
140059937,1
140059986,1
140060016,1
140060024,1
140060031,1
140060037,1
140060039,1
140060048,1
140060057,1
140060064,1
140060086,1
140060095,1
140060132,1
140060134,1
140060168,1
140060190,1
140060197,1
140060199,1
140060201,1
140060203,1
140060208,1
140060219,1
140060222,1
140060229,1
140060237,1
140060250,1
140060266,1
140060295,1
140060302,1
140060309,1
140060328,1
140060340,1
140060350,1
140060354,1
140060377,1
140060380,1
140060381,1
140060382,1
140060385,1
140060408,1
140060412,1
140060415,1
140060428,1
140060479,1
140060497,1
140060522,1
140060523,1
140060530,1
140060532,1
140060536,1
140060541,1
140060567,1
140060570,1
140060594,1
140060598,1
140060611,1
140060635,1
140060685,1
140060686,1
140060688,1
140060693,1
140060714,1
140060750,1
140060753,1
140060778,1
140060803,1
140060815,1
140060818,1
140060842,1
140060844,1
140060845,1
140060847,1
140060848,1
140060855,1
140060867,1
140060872,1
140060884,1
140060896,1
140060903,1
140060907,1
140060914,1
140060930,1
140060935,1
140060941,1
140060948,1
140060958,1
140060977,1
140060981,1
140060984,1
140060985,1
140060986,1
140060988,1
140060991,1
140060996,1
140061017,1
140061044,1
140061051,1
140061060,1
140061075,1
140061091,1
140061092,1
140061113,1
140061168,1
140061187,1
140061201,1
140061233,1
140061234,1
140061237,1
140061238,1
140061239,1
140061257,1
140061267,1
140061283,1
140061299,1
140061316,1
140061330,1
140061333,1
140061335,1
140061347,1
140061367,1
140061371,1
140061375,1
140061382,1
140061385,1
140061395,1
140061409,1
140061415,1
140061432,1
140061465,1
140061477,1
140061478,1
140061532,1
140061544,1
140061545,1
140061549,1
140061551,1
140061565,1
140061568,1
140061576,1
140061579,1
140061582,1
140061585,1
140061587,1
140061594,1
140061595,1
140061605,1
140061633,1
140061648,1
140061656,1
140061701,1
140061726,1
140061736,1
140061748,1
140061751,1
140061760,1
140061784,1
140061787,1
140061804,1
140061819,1
140061823,1
140061835,1
140061877,1
140061885,1
140061886,1
140061887,1
140061902,1
140061905,1
140061907,1
140061909,1
140061915,1
140061925,1
140061936,1
140061938,1
140061939,1
140061946,1
140061970,1
140061974,1
140061989,1
140062009,1
140062015,1
140062016,1
140062029,1
140062031,1
140062034,1
140062046,1
140062056,1
140062071,1
140062125,1
140062132,1
140062163,1
140062164,1
140062172,1
140062179,1
140062192,1
140062278,1
140062279,1
140062280,1
140062286,1
140062287,1
140062299,1
140062303,1
140062304,1
140062307,1
140062310,1
140062317,1
140062324,1
140062334,1
140062341,1
140062348,1
140062357,1
140062374,1
140062384,1
140062388,1
140062396,1
140062398,1
140062399,1
140062414,1
140062426,1
140062432,1
140062437,1
140062438,1
140062439,1
140062476,1
140062495,1
140062498,1
140062510,1
140062527,1
140062538,1
140062559,1
140062564,1
140062565,1
140062567,1
140062569,1
140062570,1
140062574,1
140062577,1
140062584,1
140062586,1
140062588,1
140062590,1
140062628,1
140062642,1
140062646,1
140062660,1
140062671,1
140062672,1
140062686,1
140062696,1
140062701,1
140062706,1
140062707,1
140062715,1
140062723,1
140062736,1
140062738,1
140062763,1
140062816,1
140062821,1
140062827,1
140062833,1
140062834,1
140062837,1
140062840,1
140062843,1
140062845,1
140062851,1
140062852,1
140062872,1
140062880,1
140062883,1
140062887,1
140062900,1
140062934,1
140062979,1
140062985,1
140063008,1
140063013,1
140063027,1
140063036,1
140063040,1
140063042,1
140063062,1
140063084,1
140063093,1
140063105,1
140063110,1
140063129,1
140063140,1
140063149,1
140063159,1
140063169,1
140063200,1
140063208,1
140063210,1
140063212,1
140063219,1
140063234,1
140063270,1
140063273,1
140063282,1
140063283,1
140063285,1
140063299,1
140063324,1
140063327,1
140063332,1
140063333,1
140063350,1
140063353,1
140063359,1
140063361,1
140063369,1
140063375,1
140063390,1
140063403,1
140063420,1
140063430,1
140063443,1
140063445,1
140063457,1
140063463,1
140063464,1
140063470,1
140063479,1
140063513,1
140063528,1
140063533,1
140063544,1
140063545,1
140063551,1
140063556,1
140063557,1
140063567,1
140063577,1
140063610,1
140063613,1
140063619,1
140063626,1
140063653,1
140063669,1
140063674,1
140063691,1
140063699,1
140063703,1
140063713,1
140063717,1
140063737,1
140063746,1
140063762,1
140063784,1
140063792,1
140063794,1
140063795,1
140063796,1
140063804,1
140063827,1
140063828,1
140063837,1
140063844,1
140063847,1
140063852,1
140063853,1
140063855,1
140063857,1
140063866,1
140063868,1
140063871,1
140063884,1
140063887,1
140063905,1
140063906,1
140063912,1
140063914,1
140063939,1
140063940,1
140063952,1
140063955,1
140063961,1
140063963,1
140063967,1
140063980,1
140063982,1
140063985,1
140063990,1
140063991,1
140063992,1
140064004,1
140064012,1
140064014,1
140064030,1
140064034,1
140064046,1
140064048,1
140064050,1
140064070,1
140064072,1
140064076,1
140064119,1
140064120,1
140064147,1
140064157,1
140064158,1
140064203,1
140064206,1
140064212,1
140064213,1
140064218,1
140064234,1
140064252,1
140064259,1
140064260,1
140064282,1
140064295,1
140064298,1
140064301,1
140064306,1
140064311,1
140064323,1
140064343,1
140064350,1
140064352,1
140064362,1
140064366,1
140064367,1
140064370,1
140064393,1
140064408,1
140064414,1
140064429,1
140064430,1
140064431,1
140064437,1
140064445,1
140064460,1
140064464,1
140064469,1
140064475,1
140064483,1
140064489,1
140064494,1
140064516,1
140064520,1
140064545,1
140064624,1
140064626,1
140064627,1
140064629,1
140064670,1
140064672,1
140064698,1
140064711,1
140064727,1
140064733,1
140064743,1
140064746,1
140064771,1
140064774,1
140064777,1
140064785,1
140064821,1
140064844,1
140064849,1
140064880,1
140064884,1
140064914,1
140064915,1
140064917,1
140064918,1
140064930,1
140064934,1
140064942,1
140064962,1
140064992,1
140064995,1
140065000,1
140065001,1
140065006,1
140065019,1
140065024,1
140065046,1
140065051,1
140065081,1
140065090,1
140065100,1
140065118,1
140065138,1
140065140,1
140065141,1
140065147,1
140065163,1
140065166,1
140065168,1
140065177,1
140065180,1
140065189,1
140065202,1
140065262,1
140065263,1
140065265,1
140065274,1
140065284,1
140065286,1
140065297,1
140065299,1
140065301,1
140065318,1
140065328,1
140065336,1
140065344,1
140065351,1
140065354,1
140065388,1
140065404,1
140065409,1
140065450,1
140065466,1
140065470,1
140065502,1
140065512,1
140065519,1
140065560,1
140065607,1
140065616,1
140065619,1
140065620,1
140065635,1
140065683,1
140065684,1
140065690,1
140065699,1
140065719,1
140065733,1
140065753,1
140065776,1
140065778,1
140065781,1
140065792,1
140065797,1
140065803,1
140065828,1
140065845,1
140065859,1
140065862,1
140065865,1
140065871,1
140065878,1
140065890,1
140065910,1
140065913,1
140065926,1
140065934,1
140065936,1
140065938,1
140065942,1
140065946,1
140065949,1
140065951,1
140065959,1
140065971,1
140065974,1
140065981,1
140065987,1
140065995,1
140065998,1
140066000,1
140066009,1
140066011,1
140066034,1
140066056,1
140066063,1
140066079,1
140066083,1
140066084,1
140066087,1
140066106,1
140066122,1
140066139,1
140066143,1
140066151,1
140066157,1
140066159,1
140066167,1
140066174,1
140066182,1
140066200,1
140066216,1
140066220,1
140066221,1
140066226,1
140066229,1
140066233,1
140066244,1
140066248,1
140066255,1
140066259,1
140066265,1
140066276,1
140066287,1
140066290,1
140066306,1
140066321,1
140066324,1
140066325,1
140066328,1
140066345,1
140066350,1
140066359,1
140066386,1
140066388,1
140066394,1
140066396,1
140066402,1
140066407,1
140066487,1
140066493,1
140066513,1
140066534,1
140066560,1
140066568,1
140066576,1
140066586,1
140066591,1
140066628,1
140066637,1
140066642,1
140066643,1
140066650,1
140066659,1
140066685,1
140066692,1
140066704,1
140066715,1
140066718,1
140066728,1
140066736,1
140066739,1
140066743,1
140066748,1
140066751,1
140066760,1
140066762,1
140066768,1
140066773,1
140066786,1
140066795,1
140066799,1
140066826,1
140066851,1
140066870,1
140066881,1
140066904,1
140066906,1
140066925,1
140066957,1
140066987,1
140066995,1
140067026,1
140067047,1
140067065,1
140067078,1
140067079,1
140067091,1
140067115,1
140067120,1
140067124,1
140067135,1
140067159,1
140067179,1
140067197,1
140067206,1
140067215,1
140067220,1
140067230,1
140067259,1
140067290,1
140067303,1
140067318,1
140067323,1
140067327,1
140067350,1
140067380,1
140067387,1
140067463,1
140067506,1
140067532,1
140067544,1
140067612,1
140067628,1
140067635,1
140067639,1
140067653,1
140067665,1
140067673,1
140067691,1
140067697,1
140067701,1
140067714,1
140067715,1
140067734,1
140067800,1
140067877,1
140067909,1
140067916,1
140067944,1
140067956,1
140068073,1
140068093,1
140068097,1
140068100,1
140068108,1
140068110,1
140068119,1
140068128,1
140068133,1
140068135,1
140068154,1
140068181,1
140068182,1
140068208,1
140068211,1
140068228,1
140068239,1
140068254,1
140068257,1
140068280,1
140068286,1
140068287,1
140068309,1
140068310,1
140068316,1
140068335,1
140068340,1
140068353,1
140068384,1
140068390,1
140068415,1
140068416,1
140068427,1
140068456,1
140068471,1
140068479,1
140068489,1
140068491,1
140068537,1
140068543,1
140068552,1
140068555,1
140068561,1
140068594,1
140068598,1
140068601,1
140068609,1
140068651,1
140068653,1
140068660,1
140068670,1
140068674,1
140068679,1
140068688,1
140068689,1
140068691,1
140068703,1
140068706,1
140068708,1
140068718,1
140068724,1
140068735,1
140068749,1
140068750,1
140068758,1
140068761,1
140068765,1
140068785,1
140068797,1
140068806,1
140068824,1
140068833,1
140068849,1
140068860,1
140068861,1
140068883,1
140068884,1
140068886,1
140069066,1
140069141,1
140069185,1
140069218,1
140069226,1
140069261,1
140069264,1
140069280,1
140069295,1
140069351,1
140069366,1
140069397,1
140069415,1
140069422,1
140069435,1
140069442,1
140069464,1
140069485,1
140069506,1
140069520,1
140069554,1
140069560,1
140069567,1
140069603,1
140069659,1
140069681,1
140069703,1
140069721,1
140069736,1
140069757,1
140069767,1
140069776,1
140069781,1
140069826,1
140069834,1
140069836,1
140069861,1
140069874,1
140069918,1
140069935,1
140069936,1
140069997,1
140070026,1
140070027,1
140070029,1
140070042,1
140070064,1
140070068,1
140070079,1
140070086,1
140070136,1
140070138,1
140070143,1
140070172,1
140070197,1
140070201,1
140070206,1
140070207,1
140070219,1
140070233,1
140070250,1
140070309,1
140070415,1
140070419,1
140070432,1
140070545,1
140070598,1
140070632,1
140070655,1
140070832,1
140070857,1
140070887,1
140070898,1
140070933,1
140070937,1
140070961,1
140070979,1
140070997,1
140070999,1
140071008,1
140071024,1
140071036,1
140071055,1
140071064,1
140071065,1
140071071,1
140071075,1
140071080,1
140071083,1
140071088,1
140071099,1
140071112,1
140071130,1
140071132,1
140071139,1
140071140,1
140071148,1
140071158,1
140071167,1
140071178,1
140071184,1
140071185,1
140071196,1
140071197,1
140071201,1
140071202,1
140071210,1
140071226,1
140071236,1
140071298,1
140071330,1
140071334,1
140071387,1
140071410,1
140071417,1
140071480,1
140071560,1
140071569,1
140071620,1
140071636,1
140071678,1
140071682,1
140071688,1
140071693,1
140071775,1
140071810,1
140071832,1
140071917,1
140071939,1
140071964,1
140071978,1
140072039,1
140072057,1
140072071,1
140072078,1
140072102,1
140072112,1
140072128,1
140072135,1
140072148,1
140072173,1
140072191,1
140072195,1
140072222,1
140072257,1
140072289,1
140072305,1
140072316,1
140072327,1
140072330,1
140072357,1
140072373,1
140072383,1
140072450,1
140072455,1
140072456,1
140072485,1
140072488,1
140072540,1
140072549,1
140072556,1
140072563,1
140072588,1
140072609,1
140072633,1
140072650,1
140072685,1
140072752,1
140072771,1
140072776,1
140072821,1
140072840,1
140072892,1
140072897,1
140072899,1
140072949,1
140072962,1
140072965,1
140072989,1
140072997,1
140073013,1
140073017,1
140073102,1
140073109,1
140073117,1
140073133,1
140073173,1
140073206,1
140073225,1
140073232,1
140073233,1
140073244,1
140073287,1
140073302,1
140073314,1
140073322,1
140073324,1
140073332,1
140073333,1
140073334,1
140073336,1
140073353,1
140073361,1
140073374,1
140073385,1
140073391,1
140073439,1
140073450,1
140073458,1
140073475,1
140073496,1
140073527,1
140073531,1
140073573,1
140073580,1
140073582,1
140073589,1
140073591,1
140073606,1
140073619,1
140073639,1
140073646,1
140073666,1
140073680,1
140073703,1
140073737,1
140073742,1
140073745,1
140073750,1
140073795,1
140073796,1
140073835,1
140073842,1
140073865,1
140073871,1
140073876,1
140073900,1
140073924,1
140073933,1
140073946,1
140073972,1
140073975,1
140073978,1
140073990,1
140074030,1
140074052,1
140074060,1
140074067,1
140074127,1
140074130,1
140074150,1
140074174,1
140074189,1
140074246,1
140074248,1
140074259,1
140074276,1
140074311,1
140074324,1
140074332,1
140074347,1
140074350,1
140074366,1
140074367,1
140074371,1
140074434,1
140074534,1
140074581,1
140074604,1
140074627,1
140074642,1
140074647,1
140074655,1
140074657,1
140074658,1
140074659,1
140074676,1
140074685,1
140074693,1
140074702,1
140074707,1
140074710,1
140074711,1
140074717,1
140074735,1
140074738,1
140074739,1
140074740,1
140074745,1
140074756,1
140074760,1
140074797,1
140074801,1
140074813,1
140074819,1
140074836,1
140074933,1
140074963,1
140074967,1
140074973,1
140074993,1
140075019,1
140075026,1
140075091,1
140075108,1
140075138,1
140075142,1
140075146,1
140075166,1
140075213,1
140075234,1
140075239,1
140075246,1
140075254,1
140075275,1
140075284,1
140075286,1
140075299,1
140075325,1
140075326,1
140075344,1
140075347,1
140075348,1
140075370,1
140075393,1
140075394,1
140075396,1
140075466,1
140075467,1
140075506,1
140075521,1
140075537,1
140075588,1
140075600,1
140075606,1
140075623,1
140075624,1
140075639,1
140075660,1
140075673,1
140075680,1
140075687,1
140075724,1
140075733,1
140075738,1
140075773,1
140075777,1
140075782,1
140075794,1
140075805,1
140075826,1
140075836,1
170000024,1
170000057,1
170000070,1
170000114,1
170000199,1
170000235,1
170000278,1
170000309,1
170000332,1
170000334,1
170000371,1
170000467,1
170000480,1
170000487,1
170000503,1
170000511,1
170000515,1
170000537,1
170000551,1
170000601,1
170000618,1
170000671,1
170000714,1
170000734,1
170000780,1
170000813,1
170000832,1
170000837,1
170000859,1
170000864,1
170000909,1
170000972,1
170000981,1
170000996,1
170001002,1
170001018,1
170001019,1
170001021,1
170001029,1
170001079,1
170001127,1
170001133,1
170001147,1
170001150,1
170001184,1
170001190,1
170001198,1
170001228,1
170001309,1
170001361,1
170001398,1
170001409,1
170001414,1
170001489,1
170001525,1
170001535,1
170001553,1
170001564,1
170001565,1
170001568,1
170001588,1
170001617,1
170001622,1
170001623,1
170001625,1
170001627,1
170001632,1
170001641,1
170001719,1
170001724,1
170001760,1
170001763,1
170001770,1
170001858,1
170001891,1
170001914,1
170001920,1
170001930,1
170001963,1
170001967,1
170001973,1
170001994,1
170002009,1
170002023,1
170002049,1
170002073,1
170002086,1
170002115,1
170002119,1
170002186,1
170002201,1
170002204,1
170002232,1
170002259,1
170002277,1
170002303,1
170002358,1
170002370,1
170002378,1
170002380,1
170002413,1
170002454,1
170002456,1
170002468,1
170002472,1
170002499,1
170002553,1
170002565,1
170002568,1
170002581,1
170002601,1
170002620,1
170002624,1
170002660,1
170002665,1
170002679,1
170002724,1
170002734,1
170002795,1
170002831,1
170002915,1
170002919,1
170002940,1
170002957,1
170002977,1
170003045,1
170003053,1
170003102,1
170003148,1
170003164,1
170003255,1
170003293,1
170003297,1
170003312,1
170003359,1
170003380,1
170003405,1
170003430,1
170003449,1
170003454,1
170003458,1
170003477,1
170003494,1
170003530,1
170003548,1
170003557,1
170003596,1
170003621,1
170003665,1
170003692,1
170003697,1
170003756,1
170003763,1
170003768,1
170003769,1
170003779,1
170003814,1
170003825,1
170003858,1
170003875,1
170003878,1
170003891,1
170003897,1
170003912,1
170003924,1
170003926,1
170003945,1
170003952,1
170003987,1
170004038,1
170004078,1
170004108,1
170004159,1
170004167,1
170004227,1
170004230,1
170004292,1
170004334,1
170004347,1
170004348,1
170004355,1
170004357,1
170004361,1
170004379,1
170004410,1
170004427,1
170004456,1
170004525,1
170004564,1
170004566,1
170004575,1
170004580,1
170004594,1
170004616,1
170004651,1
170004693,1
170004727,1
170004767,1
170004839,1
170004904,1
170004905,1
170004908,1
170004917,1
170004937,1
170004955,1
170004980,1
170004981,1
170004998,1
170005000,1
170005018,1
170005019,1
170005025,1
170005060,1
170005087,1
170005111,1
170005118,1
170005125,1
170005167,1
170005172,1
170005176,1
170005192,1
170005201,1
170005246,1
170005287,1
170005303,1
170005306,1
170005323,1
170005334,1
170005359,1
170005379,1
170005384,1
170005404,1
170005440,1
170005457,1
170005461,1
170005463,1
170005470,1
170005499,1
170005501,1
170005509,1
170005517,1
170005546,1
170005549,1
170005558,1
170005609,1
170005669,1
170005679,1
170005694,1
170005699,1
170005715,1
170005770,1
170005802,1
170005867,1
170005868,1
170005921,1
170005927,1
170005936,1
170005953,1
170006016,1
170006033,1
170006052,1
170006083,1
170006086,1
170006087,1
170006090,1
170006100,1
170006129,1
170006171,1
170006186,1
170006295,1
170006300,1
170006303,1
170006327,1
170006342,1
170006348,1
170006350,1
170006351,1
170006353,1
170006400,1
170006430,1
170006441,1
170006460,1
170006524,1
170006539,1
170006540,1
170006545,1
170006555,1
170006562,1
170006589,1
170006591,1
170006602,1
170006639,1
170006656,1
170006658,1
170006672,1
170006685,1
170006715,1
170006722,1
170006726,1
170006778,1
170006779,1
170006783,1
170006788,1
170006803,1
170006805,1
170006809,1
170006845,1
170006859,1
170006876,1
170006891,1
170006919,1
170006920,1
170006932,1
170006947,1
170007026,1
170007040,1
170007064,1
170007075,1
170007077,1
170007091,1
170007119,1
170007200,1
170007210,1
170007243,1
170007246,1
170007252,1
170007255,1
170007264,1
170007288,1
170007289,1
170007308,1
170007310,1
170007311,1
170007314,1
170007329,1
170007377,1
170007411,1
170007430,1
170007436,1
170007467,1
170007507,1
170007532,1
170007566,1
170007623,1
170007638,1
170007643,1
170007679,1
170007749,1
170007775,1
170007777,1
170007781,1
170007802,1
170007804,1
170007810,1
170007821,1
170007828,1
170007850,1
170007893,1
170007909,1
170007915,1
170007962,1
170008001,1
170008002,1
170008004,1
170008032,1
170008047,1
170008053,1
170008064,1
170008068,1
170008092,1
170008096,1
170008144,1
170008149,1
170008176,1
170008184,1
170008200,1
170008223,1
170008233,1
170008234,1
170008242,1
170008249,1
170008252,1
170008273,1
170008279,1
170008289,1
170008308,1
170008331,1
170008383,1
170008386,1
170008396,1
170008405,1
170008423,1
170008437,1
170008469,1
170008472,1
170008479,1
170008503,1
170008512,1
170008521,1
170008536,1
170008543,1
170008562,1
170008564,1
170008576,1
170008577,1
170008579,1
170008588,1
170008590,1
170008611,1
170008638,1
170008660,1
170008673,1
170008677,1
170008678,1
170008680,1
170008688,1
170008714,1
170008717,1
170008722,1
170008725,1
170008806,1
170008810,1
170008816,1
170008831,1
170008837,1
170008844,1
170008854,1
170008869,1
170008890,1
170008912,1
170008924,1
170008936,1
170008937,1
170008943,1
170008944,1
170009033,1
170009042,1
170009046,1
170009116,1
170009142,1
170009153,1
170009197,1
170009217,1
170009220,1
170009229,1
170009241,1
170009275,1
170009308,1
170009309,1
170009355,1
170009367,1
170009371,1
170009403,1
170009414,1
170009441,1
170009456,1
170009458,1
170009477,1
170009483,1
170009540,1
170009562,1
170009566,1
170009575,1
170009585,1
170009590,1
170009591,1
170009594,1
170009634,1
170009644,1
170009654,1
170009677,1
170009707,1
170009726,1
170009791,1
170009856,1
170009895,1
170009914,1
170009969,1
170009983,1
170009990,1
170010070,1
170010138,1
170010149,1
170010252,1
170010290,1
170010306,1
170010326,1
170010327,1
170010372,1
170010392,1
170010456,1
170010463,1
170010499,1
170010506,1
170010541,1
170010549,1
170010562,1
170010575,1
170010576,1
170010584,1
170010587,1
170010609,1
170010615,1
170010630,1
170010637,1
170010670,1
170010676,1
170010680,1
170010729,1
170010764,1
170010782,1
170010787,1
170010797,1
170010825,1
170010846,1
170010854,1
170010884,1
170010889,1
170010896,1
170010923,1
170010935,1
170010956,1
170010978,1
170010989,1
170011001,1
170011056,1
170011064,1
170011122,1
170011129,1
170011132,1
170011140,1
170011156,1
170011180,1
170011201,1
170011245,1
170011256,1
170011263,1
170011291,1
170011313,1
170011351,1
170011377,1
170011393,1
170011430,1
170011442,1
170011447,1
170011449,1
170011459,1
170011529,1
170011593,1
170011653,1
170011655,1
170011682,1
170011691,1
170011747,1
170011750,1
170011753,1
170011762,1
170011774,1
170011788,1
170011807,1
170011834,1
170011847,1
170011876,1
170011879,1
170011910,1
170011911,1
170011919,1
170011931,1
170011932,1
170011937,1
170011943,1
170011953,1
170011964,1
170011991,1
170011999,1
170012042,1
170012084,1
170012102,1
170012115,1
170012127,1
170012162,1
170012169,1
170012170,1
170012189,1
170012214,1
170012234,1
170012279,1
170012285,1
170012295,1
170012303,1
170012392,1
170012439,1
170012440,1
170012466,1
170012491,1
170012495,1
170012496,1
170012507,1
170012542,1
170012547,1
170012610,1
170012613,1
170012615,1
170012625,1
170012633,1
170012658,1
170012661,1
170012691,1
170012703,1
170012783,1
170012841,1
170012843,1
170012859,1
170012892,1
170012971,1
170012996,1
170013003,1
170013046,1
170013049,1
170013085,1
170013194,1
170013202,1
170013228,1
170013245,1
170013295,1
170013298,1
170013303,1
170013342,1
170013362,1
170013389,1
170013400,1
170013411,1
170013493,1
170013498,1
170013503,1
170013512,1
170013552,1
170013570,1
170013597,1
170013599,1
170013605,1
170013631,1
170013636,1
170013639,1
170013706,1
170013711,1
170013730,1
170013766,1
170013768,1
170013815,1
170013859,1
170013861,1
170013893,1
170013921,1
170013937,1
170013938,1
170013972,1
170013978,1
170013992,1
170014019,1
170014021,1
170014026,1
170014073,1
170014088,1
170014094,1
170014143,1
170014201,1
170014210,1
170014223,1
170014232,1
170014246,1
170014260,1
170014284,1
170014320,1
170014333,1
170014336,1
170014343,1
170014385,1
170014410,1
170014443,1
170014524,1
170014549,1
170014564,1
170014577,1
170014613,1
170014622,1
170014666,1
170014682,1
170014693,1
170014695,1
170014721,1
170014738,1
170014750,1
170014765,1
170014785,1
170014807,1
170014816,1
170014821,1
170014842,1
170014860,1
170014881,1
170014886,1
170014915,1
170014938,1
170015017,1
170015039,1
170015040,1
170015064,1
170015069,1
170015079,1
170015089,1
170015092,1
170015139,1
170015178,1
170015198,1
170015203,1
170015233,1
170015267,1
170015278,1
170015289,1
170015312,1
170015318,1
170015344,1
170015348,1
170015365,1
170015371,1
170015391,1
170015393,1
170015406,1
170015415,1
170015420,1
170015434,1
170015450,1
170015470,1
170015483,1
170015485,1
170015507,1
170015508,1
170015559,1
170015581,1
170015607,1
170015622,1
170015631,1
170015662,1
170015678,1
170015697,1
170015708,1
170015727,1
170015729,1
170015735,1
170015767,1
170015772,1
170015777,1
170015798,1
170015818,1
170015850,1
170015858,1
170015865,1
170015866,1
170015901,1
170015930,1
170015936,1
170015945,1
170015951,1
170015952,1
170015955,1
170015957,1
170016010,1
170016051,1
170016075,1
170016083,1
170016113,1
170016114,1
170016153,1
170016199,1
170016212,1
170016247,1
170016248,1
170016281,1
170016282,1
170016318,1
170016323,1
170016348,1
170016366,1
170016385,1
170016388,1
170016401,1
170016427,1
170016469,1
170016471,1
170016527,1
170016585,1
170016593,1
170016664,1
170016683,1
170016732,1
170016784,1
170016796,1
170016865,1
170016897,1
170016901,1
170016946,1
170016973,1
170016997,1
170017004,1
170017008,1
170017111,1
170017187,1
170017225,1
170017226,1
170017234,1
170017295,1
170017298,1
170017322,1
170017336,1
170017345,1
170017382,1
170017429,1
170017450,1
170017473,1
170017485,1
170017514,1
170017529,1
170017574,1
170017584,1
170017588,1
170017608,1
170017651,1
170017653,1
170017655,1
170017688,1
170017698,1
170017708,1
170017715,1
170017726,1
170017733,1
170017736,1
170017740,1
170017743,1
170017762,1
170017792,1
170017808,1
170017891,1
170017898,1
170017902,1
170017925,1
170017961,1
170017964,1
170017996,1
170018016,1
170018040,1
170018042,1
170018053,1
170018054,1
170018081,1
170018169,1
170018195,1
170018196,1
170018204,1
170018232,1
170018243,1
170018261,1
170018291,1
170018298,1
170018334,1
170018352,1
170018370,1
170018404,1
170018405,1
170018456,1
170018497,1
170018520,1
170018550,1
170018573,1
170018584,1
170018611,1
170018645,1
170018647,1
170018657,1
170018692,1
170018693,1
170018696,1
170018704,1
170018717,1
170018726,1
170018732,1
170018748,1
170018759,1
170018777,1
170018782,1
170018795,1
170018797,1
170018799,1
170018811,1
170018844,1
170018847,1
170018851,1
170018879,1
170018891,1
170018904,1
170018936,1
170018964,1
170018981,1
170018993,1
170018996,1
170019009,1
170019016,1
170019029,1
170019030,1
170019100,1
170019185,1
170019206,1
170019243,1
170019257,1
170019262,1
170019290,1
170019314,1
170019330,1
170019367,1
170019378,1
170019380,1
170019387,1
170019434,1
170019442,1
170019445,1
170019461,1
170019504,1
170019554,1
170019556,1
170019558,1
170019565,1
170019576,1
170019580,1
170019593,1
170019619,1
170019677,1
170019688,1
170019715,1
170019718,1
170019765,1
170019767,1
170019770,1
170019782,1
170019785,1
170019800,1
170019804,1
170019844,1
170019849,1
170019938,1
170019964,1
170019982,1
170019998,1
170020010,1
170020011,1
170020028,1
170020066,1
170020088,1
170020110,1
170020143,1
170020151,1
170020165,1
170020209,1
170020210,1
170020220,1
170020252,1
170020280,1
170020287,1
170020307,1
170020325,1
170020341,1
170020350,1
170020382,1
170020384,1
170020422,1
170020425,1
170020463,1
170020482,1
170020506,1
170020524,1
170020528,1
170020532,1
170020537,1
170020557,1
170020561,1
170020583,1
170020619,1
170020632,1
170020633,1
170020646,1
170020660,1
170020671,1
170020676,1
170020681,1
170020711,1
170020725,1
170020733,1
170020745,1
170020767,1
170020796,1
170020819,1
170020826,1
170020855,1
170020882,1
170020883,1
170020887,1
170020892,1
170020903,1
170020932,1
170020964,1
170020991,1
170021003,1
170021030,1
170021043,1
170021045,1
170021054,1
170021073,1
170021105,1
170021144,1
170021147,1
170021164,1
170021170,1
170021176,1
170021212,1
170021214,1
170021250,1
170021272,1
170021295,1
170021312,1
170021340,1
170021344,1
170021347,1
170021414,1
170021431,1
170021520,1
170021521,1
170021535,1
170021538,1
170021546,1
170021636,1
170021647,1
170021667,1
170021725,1
170021748,1
170021770,1
170021787,1
170021788,1
170021828,1
170021835,1
170021838,1
170021863,1
170021870,1
170021883,1
170021906,1
170021915,1
170021943,1
170021949,1
170021966,1
170022012,1
170022032,1
170022033,1
170022067,1
170022107,1
170022134,1
170022152,1
170022172,1
170022185,1
170022194,1
170022203,1
170022205,1
170022219,1
170022243,1
170022254,1
170022266,1
170022306,1
170022310,1
170022332,1
170022370,1
170022417,1
170022420,1
170022497,1
170022500,1
170022549,1
170022554,1
170022563,1
170022606,1
170022626,1
170022642,1
170022750,1
170022752,1
170022768,1
170022795,1
170022820,1
170022853,1
170022929,1
170022994,1
170023014,1
170023015,1
170023019,1
170023023,1
170023024,1
170023062,1
170023066,1
170023070,1
170023075,1
170023097,1
170023106,1
170023113,1
170023135,1
170023142,1
170023200,1
170023233,1
170023247,1
170023266,1
170023288,1
170023297,1
170023347,1
170023357,1
170023359,1
170023402,1
170023414,1
170023424,1
170023430,1
170023433,1
170023437,1
170023462,1
170023472,1
170023480,1
170023551,1
170023557,1
170023577,1
170023633,1
170023720,1
170023736,1
170023745,1
170023748,1
170023775,1
170023913,1
170023921,1
170023936,1
170023940,1
170024007,1
170024019,1
170024044,1
170024045,1
170024049,1
170024107,1
170024117,1
170024129,1
170024206,1
170024212,1
170024218,1
170024297,1
170024317,1
170024333,1
170024361,1
170024370,1
170024391,1
170024396,1
170024419,1
170024481,1
170024488,1
170024523,1
170024562,1
170024581,1
170024586,1
170024606,1
170024607,1
170024617,1
170024618,1
170024637,1
170024642,1
170024672,1
170024682,1
170024707,1
170024726,1
170024729,1
170024748,1
170024774,1
170024781,1
170024805,1
170024832,1
170024878,1
170024888,1
170024889,1
170024903,1
170024922,1
170024948,1
170024953,1
170024958,1
170024966,1
170024993,1
170024995,1
170025027,1
170025067,1
170025097,1
170025171,1
170025188,1
170025294,1
170025334,1
170025344,1
170025359,1
170025369,1
170025380,1
170025385,1
170025432,1
170025433,1
170025447,1
170025468,1
170025482,1
170025485,1
170025493,1
170025577,1
170025587,1
170025603,1
170025744,1
170025784,1
170025811,1
170025854,1
170025855,1
170025892,1
170025923,1
170025969,1
170026018,1
170026034,1
170026051,1
170026052,1
170026055,1
170026067,1
170026146,1
170026151,1
170026156,1
170026159,1
170026168,1
170026173,1
170026205,1
170026209,1
170026235,1
170026261,1
170026266,1
170026270,1
170026271,1
170026300,1
170026337,1
170026369,1
170026394,1
170026395,1
170026425,1
170026430,1
170026466,1
170026544,1
170026552,1
170026570,1
170026596,1
170026597,1
170026625,1
170026641,1
170026648,1
170026726,1
170026744,1
170026745,1
170026747,1
170026788,1
170026807,1
170026822,1
170026855,1
170026892,1
170026913,1
170026919,1
170026929,1
170026952,1
170026979,1
170026988,1
170027044,1
170027077,1
170027079,1
170027107,1
170027145,1
170027163,1
170027177,1
170027191,1
170027228,1
170027263,1
170027272,1
170027300,1
170027324,1
170027327,1
170027335,1
170027360,1
170027362,1
170027400,1
170027406,1
170027418,1
170027424,1
170027432,1
170027435,1
170027437,1
170027440,1
170027448,1
170027449,1
170027482,1
170027549,1
170027550,1
170027588,1
170027592,1
170027624,1
170027625,1
170027676,1
170027724,1
170027759,1
170027782,1
170027787,1
170027859,1
170027860,1
170027868,1
170027873,1
170027942,1
170027966,1
170027981,1
170027986,1
170027990,1
170028032,1
170028052,1
170028093,1
170028141,1
170028155,1
170028162,1
170028168,1
170028204,1
170028258,1
170028262,1
170028281,1
170028315,1
170028364,1
170028368,1
170028396,1
170028419,1
170028425,1
170028453,1
170028461,1
170028483,1
170028493,1
170028558,1
170028598,1
170028612,1
170028614,1
170028618,1
170028619,1
170028636,1
170028641,1
170028644,1
170028656,1
170028662,1
170028707,1
170028730,1
170028741,1
170028785,1
170028786,1
170028835,1
170028852,1
170028907,1
170028956,1
170028960,1
170028970,1
170029032,1
170029033,1
170029036,1
170029042,1
170029063,1
170029084,1
170029094,1
170029128,1
170029135,1
170029163,1
170029195,1
170029221,1
170029232,1
170029260,1
170029283,1
170029305,1
170029310,1
170029323,1
170029331,1
170029388,1
170029400,1
170029427,1
170029470,1
170029473,1
170029501,1
170029522,1
170029543,1
170029549,1
170029564,1
170029581,1
170029604,1
170029622,1
170029648,1
170029673,1
170029676,1
170029686,1
170029692,1
170029693,1
170029730,1
170029742,1
170029767,1
170029836,1
170029837,1
170029848,1
170029855,1
170029860,1
170029902,1
170029940,1
170029945,1
170029947,1
170029966,1
170029976,1
170029990,1
170029999,1
170030003,1
170030026,1
170030032,1
170030038,1
170030073,1
170030105,1
170030135,1
170030162,1
170030179,1
170030224,1
170030227,1
170030292,1
170030300,1
170030341,1
170030376,1
170030437,1
170030451,1
170030562,1
170030569,1
170030570,1
170030590,1
170030596,1
170030612,1
170030626,1
170030634,1
170030645,1
170030673,1
170030708,1
170030742,1
170030754,1
170030759,1
170030762,1
170030803,1
170030823,1
170030827,1
170030862,1
170030871,1
170030894,1
170030906,1
170030918,1
170030926,1
170030968,1
170030989,1
170030991,1
170030992,1
170031014,1
170031057,1
170031063,1
170031070,1
170031087,1
170031112,1
170031119,1
170031129,1
170031135,1
170031162,1
170031164,1
170031225,1
170031231,1
170031234,1
170031244,1
170031258,1
170031379,1
170031383,1
170031389,1
170031391,1
170031392,1
170031393,1
170031394,1
170031417,1
170031424,1
170031450,1
170031485,1
170031486,1
170031494,1
170031508,1
170031530,1
170031549,1
170031603,1
170031610,1
170031620,1
170031622,1
170031642,1
170031675,1
170031705,1
170031710,1
170031714,1
170031724,1
170031727,1
170031733,1
170031743,1
170031790,1
170031803,1
170031805,1
170031877,1
170031924,1
170031926,1
170031942,1
170031944,1
170031961,1
170032001,1
170032005,1
170032006,1
170032023,1
170032038,1
170032061,1
170032090,1
170032096,1
170032149,1
170032151,1
170032170,1
170032176,1
170032193,1
170032203,1
170032217,1
170032247,1
170032273,1
170032288,1
170032300,1
170032301,1
170032344,1
170032355,1
170032366,1
170032372,1
170032387,1
170032427,1
170032446,1
170032456,1
170032511,1
170032572,1
170032581,1
170032597,1
170032614,1
170032655,1
170032703,1
170032708,1
170032725,1
170032754,1
170032796,1
170032802,1
170032815,1
170032870,1
170032944,1
170032955,1
170032960,1
170032970,1
170032971,1
170032981,1
170032987,1
170033001,1
170033016,1
170033034,1
170033043,1
170033073,1
170033082,1
170033087,1
170033097,1
170033133,1
170033135,1
170033141,1
170033166,1
170033212,1
170033237,1
170033249,1
170033255,1
170033256,1
170033302,1
170033344,1
170033397,1
170033401,1
170033410,1
170033417,1
170033421,1
170033434,1
170033489,1
170033497,1
170033617,1
170033657,1
170033681,1
170033682,1
170033717,1
170033737,1
170033769,1
170033772,1
170033836,1
170033857,1
170033924,1
170033945,1
170033951,1
170033971,1
170033999,1
170034006,1
170034014,1
170034029,1
170034045,1
170034054,1
170034063,1
170034069,1
170034103,1
170034129,1
170034134,1
170034171,1
170034191,1
170034202,1
170034235,1
170034255,1
170034257,1
170034268,1
170034281,1
170034372,1
170034383,1
170034421,1
170034427,1
170034455,1
170034495,1
170034540,1
170034652,1
170034694,1
170034705,1
170034731,1
170034735,1
170034749,1
170034763,1
170034789,1
170034790,1
170034877,1
170034879,1
170034969,1
170035018,1
170035036,1
170035055,1
170035078,1
170035079,1
170035081,1
170035082,1
170035084,1
170035095,1
170035160,1
170035196,1
170035211,1
170035217,1
170035263,1
170035281,1
170035289,1
170035313,1
170035330,1
170035357,1
170035392,1
170035439,1
170035440,1
170035491,1
170035500,1
170035565,1
170035567,1
170035587,1
170035633,1
170035643,1
170035646,1
170035663,1
170035676,1
170035689,1
170035761,1
170035772,1
170035784,1
170035794,1
170035812,1
170035872,1
170035891,1
170035903,1
170035936,1
170035949,1
170035968,1
170035975,1
170036026,1
170036044,1
170036069,1
170036072,1
170036107,1
170036157,1
170036160,1
170036201,1
170036204,1
170036225,1
170036228,1
170036284,1
170036299,1
170036316,1
170036334,1
170036376,1
170036382,1
170036386,1
170036400,1
170036406,1
170036422,1
170036428,1
170036436,1
170036452,1
170036470,1
170036473,1
170036477,1
170036491,1
170036498,1
170036504,1
170036554,1
170036576,1
170036633,1
170036652,1
170036669,1
170036671,1
170036681,1
170036688,1
170036705,1
170036733,1
170036768,1
170036810,1
170036841,1
170036856,1
170036867,1
170036868,1
170036893,1
170036912,1
170036925,1
170036936,1
170036984,1
170037002,1
170037017,1
170037043,1
170037083,1
170037085,1
170037106,1
170037113,1
170037163,1
170037178,1
170037186,1
170037192,1
170037193,1
170037222,1
170037242,1
170037262,1
170037285,1
170037294,1
170037341,1
170037349,1
170037354,1
170037373,1
170037466,1
170037486,1
170037497,1
170037523,1
170037528,1
170037534,1
170037539,1
170037568,1
170037577,1
170037589,1
170037610,1
170037626,1
170037706,1
170037726,1
170037757,1
170037768,1
170037773,1
170037779,1
170037794,1
170037797,1
170037846,1
170037851,1
170037874,1
170037879,1
170037888,1
170037892,1
170037936,1
170037990,1
170038023,1
170038024,1
170038073,1
170038087,1
170038099,1
170038128,1
170038201,1
170038211,1
170038216,1
170038227,1
170038268,1
170038287,1
170038297,1
170038298,1
170038324,1
170038328,1
170038365,1
170038384,1
170038396,1
170038414,1
170038418,1
170038441,1
170038454,1
170038457,1
170038462,1
170038464,1
170038483,1
170038491,1
170038514,1
170038584,1
170038630,1
170038651,1
170038671,1
170038689,1
170038695,1
170038711,1
170038735,1
170038737,1
170038754,1
170038789,1
170038812,1
170038836,1
170038847,1
170038860,1
170038861,1
170038883,1
170038991,1
170039030,1
170039074,1
170039085,1
170039099,1
170039104,1
170039129,1
170039158,1
170039159,1
170039165,1
170039171,1
170039175,1
170039188,1
170039193,1
170039208,1
170039232,1
170039242,1
170039245,1
170039267,1
170039285,1
170039305,1
170039323,1
170039337,1
170039340,1
170039343,1
170039350,1
170039359,1
170039374,1
170039436,1
170039445,1
170039448,1
170039490,1
170039521,1
170039548,1
170039550,1
170039566,1
170039570,1
170039598,1
170039612,1
170039621,1
170039634,1
170039650,1
170039655,1
170039657,1
170039680,1
170039681,1
170039700,1
170039725,1
170039742,1
170039745,1
170039768,1
170039778,1
170039811,1
170039824,1
170039827,1
170039844,1
170039851,1
170039888,1
170039900,1
170039911,1
170039928,1
170039944,1
170039952,1
170039971,1
170040020,1
170040034,1
170040043,1
170040045,1
170040047,1
170040056,1
170040060,1
170040064,1
170040068,1
170040079,1
170040097,1
170040099,1
170040129,1
170040148,1
170040164,1
170040169,1
170040183,1
170040194,1
170040204,1
170040226,1
170040228,1
170040238,1
170040248,1
170040263,1
170040276,1
170040280,1
170040309,1
170040337,1
170040340,1
170040349,1
170040359,1
170040374,1
170040400,1
170040402,1
170040447,1
170040449,1
170040457,1
170040471,1
170040476,1
170040517,1
170040528,1
170040546,1
170040556,1
170040572,1
170040605,1
170040621,1
170040660,1
170040661,1
170040673,1
170040682,1
170040685,1
170040691,1
170040704,1
170040708,1
170040726,1
170040735,1
170040745,1
170040766,1
170040767,1
170040799,1
170040822,1
170040885,1
170040902,1
170040923,1
170040926,1
170040958,1
170041006,1
170041010,1
170041012,1
170041015,1
170041028,1
170041063,1
170041068,1
170041109,1
170041138,1
170041171,1
170041177,1
170041182,1
170041201,1
170041221,1
170041293,1
170041297,1
170041330,1
170041332,1
170041352,1
170041366,1
170041391,1
170041425,1
170041427,1
170041428,1
170041459,1
170041485,1
170041491,1
170041521,1
170041560,1
170041583,1
170041589,1
170041615,1
170041631,1
170041638,1
170041666,1
170041699,1
170041715,1
170041721,1
170041727,1
170041733,1
170041762,1
170041786,1
170041788,1
170041819,1
170041899,1
170041966,1
170041981,1
170041989,1
170041998,1
170042007,1
170042016,1
170042028,1
170042035,1
170042037,1
170042050,1
170042074,1
170042083,1
170042099,1
170042111,1
170042175,1
170042203,1
170042233,1
170042272,1
170042292,1
170042314,1
170042321,1
170042374,1
170042396,1
170042404,1
170042469,1
170042537,1
170042540,1
170042562,1
170042573,1
170042596,1
170042607,1
170042626,1
170042663,1
170042669,1
170042670,1
170042671,1
170042674,1
170042681,1
170042690,1
170042695,1
170042700,1
170042755,1
170042812,1
170042826,1
170042903,1
170042923,1
170042926,1
170042955,1
170043010,1
170043017,1
170043038,1
170043103,1
170043155,1
170043156,1
170043175,1
170043176,1
170043213,1
170043268,1
170043275,1
170043276,1
170043283,1
170043286,1
170043292,1
170043320,1
170043326,1
170043335,1
170043338,1
170043393,1
170043433,1
170043454,1
170043517,1
170043593,1
170043661,1
170043668,1
170043696,1
170043700,1
170043702,1
170043723,1
170043724,1
170043743,1
170043760,1
170043774,1
170043785,1
170043803,1
170043823,1
170043848,1
170043850,1
170043880,1
170043890,1
170043903,1
170043904,1
170043929,1
170043953,1
170043967,1
170043973,1
170044004,1
170044013,1
170044066,1
170044075,1
170044099,1
170044108,1
170044110,1
170044139,1
170044146,1
170044192,1
170044198,1
170044215,1
170044223,1
170044240,1
170044249,1
170044310,1
170044340,1
170044349,1
170044353,1
170044370,1
170044416,1
170044423,1
170044425,1
170044428,1
170044439,1
170044450,1
170044505,1
170044539,1
170044578,1
170044631,1
170044665,1
170044674,1
170044678,1
170044690,1
170044729,1
170044758,1
170044771,1
170044787,1
170044803,1
170044814,1
170044915,1
170044971,1
170044989,1
170044998,1
170045088,1
170045100,1
170045137,1
170045142,1
170045182,1
170045183,1
170045186,1
170045221,1
170045254,1
170045284,1
170045297,1
170045306,1
170045309,1
170045312,1
170045337,1
170045344,1
170045362,1
170045367,1
170045381,1
170045398,1
170045402,1
170045403,1
170045406,1
170045444,1
170045447,1
170045452,1
170045457,1
170045507,1
170045518,1
170045533,1
170045559,1
170045563,1
170045635,1
170045643,1
170045650,1
170045699,1
170045711,1
170045753,1
170045776,1
170045777,1
170045779,1
170045789,1
170045803,1
170045859,1
170045918,1
170045974,1
170045990,1
170046028,1
170046029,1
170046055,1
170046089,1
170046094,1
170046095,1
170046222,1
170046237,1
170046312,1
170046322,1
170046353,1
170046365,1
170046372,1
170046476,1
170046504,1
170046506,1
170046510,1
170046522,1
170046530,1
170046543,1
170046551,1
170046575,1
170046636,1
170046661,1
170046665,1
170046669,1
170046684,1
170046686,1
170046714,1
170046729,1
170046732,1
170046759,1
170046765,1
170046812,1
170046876,1
170046902,1
170046947,1
170046987,1
170047026,1
170047028,1
170047084,1
170047089,1
170047158,1
170047164,1
170047165,1
170047174,1
170047186,1
170047198,1
170047219,1
170047236,1
170047241,1
170047290,1
170047343,1
170047378,1
170047423,1
170047453,1
170047472,1
170047684,1
170047692,1
170047698,1
170047729,1
170047736,1
170047753,1
170047762,1
170047788,1
170047806,1
170047808,1
170047810,1
170047842,1
170047847,1
170047850,1
170047853,1
170047875,1
170047879,1
170047887,1
170047894,1
170047908,1
170047918,1
170047990,1
170048007,1
170048014,1
170048032,1
170048037,1
170048075,1
170048094,1
170048101,1
170048120,1
170048153,1
170048161,1
170048204,1
170048237,1
170048246,1
170048254,1
170048271,1
170048281,1
170048290,1
170048301,1
170048329,1
170048349,1
170048373,1
170048389,1
170048395,1
170048408,1
170048419,1
170048421,1
170048463,1
170048466,1
170048475,1
170048554,1
170048627,1
170048637,1
170048651,1
170048664,1
170048675,1
170048683,1
170048741,1
170048770,1
170048771,1
170048773,1
170048783,1
170048784,1
170048798,1
170048808,1
170048812,1
170048816,1
170048845,1
170048885,1
170048892,1
170048902,1
170048916,1
170048952,1
170048974,1
170048980,1
170049009,1
170049032,1
170049049,1
170049057,1
170049075,1
170049079,1
170049123,1
170049160,1
170049190,1
170049194,1
170049197,1
170049200,1
170049201,1
170049213,1
170049264,1
170049294,1
170049304,1
170049306,1
170049324,1
170049347,1
170049356,1
170049382,1
170049399,1
170049411,1
170049432,1
170049459,1
170049529,1
170049538,1
170049542,1
170049544,1
170049575,1
170049587,1
170049645,1
170049659,1
170049674,1
170049739,1
170049772,1
170049800,1
170049805,1
170049820,1
170049863,1
170049872,1
170049883,1
170049893,1
170049906,1
170049925,1
170049981,1
170050008,1
170050036,1
170050052,1
170050079,1
170050090,1
170050120,1
170050168,1
170050190,1
170050194,1
170050197,1
170050209,1
170050263,1
170050268,1
170050285,1
170050330,1
170050366,1
170050396,1
170050414,1
170050452,1
170050638,1
170050672,1
170050682,1
170050695,1
170050703,1
170050709,1
170050714,1
170050725,1
170050729,1
170050758,1
170050809,1
170050810,1
170050848,1
170050869,1
170050871,1
170050931,1
170050957,1
170050977,1
170051013,1
170051024,1
170051025,1
170051028,1
170051063,1
170051078,1
170051081,1
170051094,1
170051117,1
170051123,1
170051138,1
170051199,1
170051205,1
170051216,1
170051247,1
170051250,1
170051265,1
170051277,1
170051316,1
170051338,1
170051344,1
170051360,1
170051420,1
170051441,1
170051470,1
170051474,1
170051480,1
170051486,1
170051524,1
170051533,1
170051607,1
170051616,1
170051618,1
170051639,1
170051647,1
170051658,1
170051675,1
170051726,1
170051747,1
170051791,1
170051793,1
170051807,1
170051828,1
170051840,1
170051856,1
170051884,1
170051888,1
170051893,1
170051904,1
170051907,1
170051934,1
170051950,1
170051951,1
170051952,1
170051970,1
170051975,1
170051978,1
170051979,1
170051980,1
170051982,1
170051986,1
170051992,1
170052027,1
170052060,1
170052086,1
170052103,1
170052115,1
170052152,1
170052155,1
170052252,1
170052313,1
170052351,1
170052401,1
170052402,1
170052418,1
170052456,1
170052459,1
170052463,1
170052464,1
170052469,1
170052504,1
170052534,1
170052594,1
170052595,1
170052618,1
170052639,1
170052646,1
170052660,1
170052678,1
170052680,1
170052685,1
170052694,1
170052736,1
170052758,1
170052768,1
170052784,1
170052787,1
170052793,1
170052799,1
170052804,1
170052830,1
170052835,1
170052854,1
170052855,1
170052905,1
170052911,1
170052925,1
170052927,1
170052960,1
170052976,1
170052979,1
170052984,1
170052986,1
170053035,1
170053082,1
170053106,1
170053115,1
170053141,1
170053148,1
170053161,1
170053166,1
170053167,1
170053199,1
170053209,1
170053214,1
170053242,1
170053254,1
170053281,1
170053295,1
170053327,1
170053335,1
170053340,1
170053401,1
170053410,1
170053438,1
170053545,1
170053547,1
170053569,1
170053571,1
170053581,1
170053627,1
170053647,1
170053685,1
170053704,1
170053714,1
170053715,1
170053726,1
170053790,1
170053807,1
170053817,1
170053849,1
170053851,1
170053852,1
170053868,1
170053886,1
170053899,1
170053901,1
170053923,1
170053972,1
170053983,1
170053984,1
170053990,1
170054003,1
170054067,1
170054070,1
170054096,1
170054098,1
170054101,1
170054105,1
170054130,1
170054133,1
170054137,1
170054154,1
170054171,1
170054213,1
170054216,1
170054232,1
170054233,1
170054285,1
170054335,1
170054356,1
170054376,1
170054377,1
170054383,1
170054389,1
170054411,1
170054433,1
170054516,1
170054523,1
170054579,1
170054597,1
170054632,1
170054638,1
170054649,1
170054683,1
170054737,1
170054751,1
170054753,1
170054771,1
170054824,1
170054866,1
170054888,1
170054893,1
170054911,1
170054914,1
170054948,1
170055040,1
170055072,1
170055077,1
170055106,1
170055137,1
170055145,1
170055149,1
170055153,1
170055155,1
170055182,1
170055183,1
170055190,1
170055195,1
170055207,1
170055219,1
170055223,1
170055241,1
170055306,1
170055335,1
170055338,1
170055380,1
170055383,1
170055463,1
170055480,1
170055491,1
170055504,1
170055524,1
170055592,1
170055619,1
170055625,1
170055632,1
170055645,1
170055648,1
170055660,1
170055667,1
170055697,1
170055707,1
170055709,1
170055715,1
170055716,1
170055722,1
170055746,1
170055774,1
170055795,1
170055806,1
170055817,1
170055831,1
170055859,1
170055901,1
170055934,1
170055950,1
170055955,1
170055966,1
170055993,1
170055996,1
170056012,1
170056028,1
170056048,1
170056066,1
170056105,1
170056145,1
170056152,1
170056163,1
170056179,1
170056214,1
170056233,1
170056235,1
170056240,1
170056245,1
170056249,1
170056290,1
170056300,1
170056322,1
170056391,1
170056407,1
170056409,1
170056415,1
170056419,1
170056431,1
170056453,1
170056488,1
170056503,1
170056525,1
170056544,1
170056558,1
170056564,1
170056584,1
170056594,1
170056614,1
170056616,1
170056620,1
170056711,1
170056717,1
170056736,1
170056738,1
170056739,1
170056774,1
170056782,1
170056783,1
170056811,1
170056827,1
170056845,1
170056846,1
170056847,1
170056871,1
170056873,1
170056875,1
170056905,1
170056922,1
170056936,1
170056957,1
170057000,1
170057007,1
170057015,1
170057017,1
170057034,1
170057039,1
170057076,1
170057078,1
170057084,1
170057118,1
170057124,1
170057145,1
170057190,1
170057229,1
170057251,1
170057277,1
170057305,1
170057311,1
170057334,1
170057351,1
170057354,1
170057364,1
170057372,1
170057380,1
170057389,1
170057391,1
170057400,1
170057458,1
170057467,1
170057468,1
170057475,1
170057484,1
170057493,1
170057538,1
170057550,1
170057581,1
170057584,1
170057603,1
170057609,1
170057657,1
170057730,1
170057768,1
170057784,1
170057786,1
170057819,1
170057899,1
170057900,1
170057909,1
170057939,1
170057940,1
170057949,1
170057958,1
170057983,1
170058012,1
170058068,1
170058071,1
170058074,1
170058116,1
170058137,1
170058200,1
170058210,1
170058244,1
170058247,1
170058250,1
170058252,1
170058264,1
170058295,1
170058302,1
170058324,1
170058330,1
170058348,1
170058354,1
170058364,1
170058391,1
170058393,1
170058405,1
170058430,1
170058454,1
170058483,1
170058567,1
170058614,1
170058623,1
170058684,1
170058718,1
170058735,1
170058752,1
170058809,1
170058943,1
170058951,1
170058960,1
170058970,1
170059051,1
170059055,1
170059120,1
170059166,1
170059172,1
170059180,1
170059187,1
170059198,1
170059199,1
170059200,1
170059201,1
170059250,1
170059324,1
170059389,1
170059416,1
170059417,1
170059474,1
170059515,1
170059531,1
170059559,1
170059602,1
170059604,1
170059605,1
170059644,1
170059694,1
170059754,1
170059755,1
170059765,1
170059828,1
170059829,1
170059852,1
170059863,1
170059875,1
170059883,1
170059889,1
170059894,1
170059933,1
170059938,1
170059939,1
170059951,1
170059956,1
170060022,1
170060035,1
170060069,1
170060080,1
170060095,1
170060118,1
170060140,1
170060166,1
170060176,1
170060195,1
170060225,1
170060226,1
170060244,1
170060249,1
170060283,1
170060297,1
170060298,1
170060330,1
170060365,1
170060380,1
170060396,1
170060438,1
170060441,1
170060481,1
170060488,1
170060523,1
170060555,1
170060565,1
170060612,1
170060631,1
170060635,1
170060644,1
170060652,1
170060667,1
170060683,1
170060724,1
170060741,1
170060774,1
170060788,1
170060844,1
170060848,1
170060895,1
170060900,1
170060909,1
170060933,1
170060954,1
170060956,1
170060961,1
170060967,1
170060978,1
170060986,1
170060988,1
170060995,1
170061011,1
170061025,1
170061028,1
170061033,1
170061067,1
170061078,1
170061166,1
170061167,1
170061189,1
170061279,1
170061355,1
170061398,1
170061430,1
170061433,1
170061493,1
170061545,1
170061549,1
170061551,1
170061566,1
170061602,1
170061620,1
170061671,1
170061691,1
170061705,1
170061710,1
170061725,1
170061730,1
170061742,1
170061804,1
170062015,1
170062038,1
170062064,1
170062067,1
170062107,1
170062135,1
170062168,1
170062169,1
170062177,1
170062179,1
170062193,1
170062227,1
170062250,1
170062253,1
170062280,1
170062296,1
170062309,1
170062310,1
170062318,1
170062325,1
170062343,1
170062348,1
170062354,1
170062356,1
170062357,1
170062442,1
170062472,1
170062483,1
170062510,1
170062523,1
170062528,1
170062543,1
170062551,1
170062561,1
170062602,1
170062619,1
170062689,1
170062704,1
170062705,1
170062711,1
170062815,1
170062857,1
170062859,1
170062865,1
170062877,1
170062882,1
170062895,1
170062933,1
170062936,1
170062938,1
170062954,1
170062987,1
170063005,1
170063011,1
170063048,1
170063056,1
170063057,1
170063075,1
170063099,1
170063108,1
170063179,1
170063255,1
170063258,1
170063278,1
170063282,1
170063287,1
170063293,1
170063311,1
170063331,1
170063337,1
170063342,1
170063354,1
170063389,1
170063409,1
170063430,1
170063452,1
170063453,1
170063455,1
170063473,1
170063487,1
170063514,1
170063518,1
170063533,1
170063540,1
170063555,1
170063595,1
170063617,1
170063638,1
170063677,1
170063682,1
170063685,1
170063706,1
170063730,1
170063783,1
170063822,1
170063837,1
170063847,1
170063859,1
170063871,1
170063887,1
170063904,1
170063944,1
170063987,1
170063993,1
170064006,1
170064035,1
170064055,1
170064073,1
170064095,1
170064111,1
170064130,1
170064141,1
170064145,1
170064149,1
170064164,1
170064181,1
170064223,1
170064241,1
170064266,1
170064306,1
170064315,1
170064337,1
170064357,1
170064374,1
170064380,1
170064394,1
170064399,1
170064412,1
170064415,1
170064422,1
170064423,1
170064447,1
170064462,1
170064467,1
170064471,1
170064475,1
170064490,1
170064508,1
170064520,1
170064523,1
170064555,1
170064559,1
170064609,1
170064645,1
170064679,1
170064700,1
170064718,1
170064727,1
170064733,1
170064743,1
170064765,1
170064796,1
170064871,1
170064907,1
170064932,1
170064939,1
170064952,1
170064960,1
170064987,1
170065070,1
170065083,1
170065103,1
170065116,1
170065146,1
170065151,1
170065155,1
170065171,1
170065189,1
170065204,1
170065205,1
170065237,1
170065241,1
170065263,1
170065273,1
170065277,1
170065337,1
170065362,1
170065374,1
170065413,1
170065422,1
170065423,1
170065469,1
170065487,1
170065500,1
170065530,1
170065548,1
170065563,1
170065565,1
170065629,1
170065687,1
170065688,1
170065693,1
170065700,1
170065704,1
170065709,1
170065715,1
170065754,1
170065756,1
170065806,1
170065849,1
170065856,1
170065878,1
170065915,1
170065920,1
170065939,1
170066005,1
170066024,1
170066035,1
170066062,1
170066082,1
170066093,1
170066124,1
170066140,1
170066150,1
170066157,1
170066182,1
170066190,1
170066194,1
170066210,1
170066318,1
170066319,1
170066343,1
170066356,1
170066371,1
170066392,1
170066433,1
170066435,1
170066465,1
170066482,1
170066496,1
170066509,1
170066536,1
170066543,1
170066568,1
170066587,1
170066611,1
170066625,1
170066636,1
170066667,1
170066691,1
170066720,1
170066726,1
170066731,1
170066738,1
170066758,1
170066773,1
170066782,1
170066841,1
170066856,1
170066867,1
170066871,1
170066935,1
170066941,1
170067038,1
170067056,1
170067115,1
170067128,1
170067140,1
170067142,1
170067150,1
170067154,1
170067171,1
170067185,1
170067195,1
170067224,1
170067239,1
170067241,1
170067248,1
170067274,1
170067283,1
170067299,1
170067306,1
170067315,1
170067359,1
170067374,1
170067447,1
170067481,1
170067503,1
170067545,1
170067569,1
170067571,1
170067572,1
170067574,1
170067575,1
170067581,1
170067582,1
170067584,1
170067585,1
170067608,1
170067648,1
170067662,1
170067709,1
170067710,1
170067744,1
170067745,1
170067767,1
170067776,1
170067779,1
170067832,1
170067833,1
170067837,1
170067847,1
170067870,1
170067871,1
170067894,1
170067923,1
170067955,1
170067958,1
170067965,1
170067969,1
170067971,1
170067988,1
170068030,1
170068043,1
170068091,1
170068102,1
170068103,1
170068110,1
170068118,1
170068149,1
170068201,1
170068212,1
170068245,1
170068260,1
170068282,1
170068284,1
170068331,1
170068353,1
170068383,1
170068395,1
170068402,1
170068448,1
170068453,1
170068498,1
170068546,1
170068547,1
170068549,1
170068560,1
170068572,1
170068606,1
170068668,1
170068691,1
170068707,1
170068731,1
170068740,1
170068797,1
170068799,1
170068812,1
170068816,1
170068841,1
170068869,1
170068890,1
170068892,1
170068895,1
170068931,1
170068946,1
170068971,1
170069035,1
170069042,1
170069083,1
170069089,1
170069105,1
170069107,1
170069117,1
170069155,1
170069185,1
170069189,1
170069259,1
170069273,1
170069281,1
170069289,1
170069353,1
170069372,1
170069375,1
170069392,1
170069427,1
170069457,1
170069518,1
170069530,1
170069531,1
170069546,1
170069554,1
170069565,1
170069609,1
170069627,1
170069648,1
170069659,1
170069664,1
170069675,1
170069732,1
170069738,1
170069774,1
170069775,1
170069780,1
170069784,1
170069801,1
170069809,1
170069818,1
170069842,1
170069845,1
170069848,1
170069886,1
170069887,1
170069908,1
170070001,1
170070019,1
170070029,1
170070086,1
170070093,1
170070119,1
170070130,1
170070163,1
170070173,1
170070180,1
170070189,1
170070197,1
170070212,1
170070228,1
170070235,1
170070236,1
170070266,1
170070291,1
170070357,1
170070423,1
170070447,1
170070473,1
170070544,1
170070607,1
170070682,1
170070699,1
170070706,1
170070735,1
170070737,1
170070745,1
170070760,1
170070778,1
170070786,1
170070791,1
170070795,1
170070797,1
170070806,1
170070830,1
170070901,1
170070904,1
170070908,1
170070910,1
170070949,1
170070955,1
170070965,1
170071007,1
170071037,1
170071085,1
170071107,1
170071111,1
170071114,1
170071199,1
170071220,1
170071221,1
170071232,1
170071249,1
170071316,1
170071339,1
170071357,1
170071361,1
170071399,1
170071417,1
170071430,1
170071497,1
170071521,1
170071527,1
170071560,1
170071624,1
170071658,1
170071701,1
170071711,1
170071736,1
170071756,1
170071800,1
170071806,1
170071835,1
170071850,1
170071860,1
170071879,1
170071906,1
170071934,1
170071982,1
170072038,1
170072047,1
170072053,1
170072071,1
170072094,1
170072104,1
170072155,1
170072173,1
170072174,1
170072186,1
170072187,1
170072197,1
170072214,1
170072258,1
170072259,1
170072283,1
170072309,1
170072328,1
170072346,1
170072353,1
170072366,1
170072399,1
170072404,1
170072413,1
170072423,1
170072456,1
170072486,1
170072491,1
170072502,1
170072526,1
170072530,1
170072556,1
170072561,1
170072593,1
170072600,1
170072602,1
170072636,1
170072695,1
170072707,1
170072722,1
170072759,1
170072767,1
170072777,1
170072779,1
170072807,1
170072828,1
170072832,1
170072844,1
170072860,1
170072865,1
170072896,1
170072911,1
170072934,1
170072940,1
170072954,1
170072958,1
170073009,1
170073012,1
170073031,1
170073035,1
170073046,1
170073076,1
170073089,1
170073090,1
170073098,1
170073105,1
170073164,1
170073171,1
170073210,1
170073221,1
170073255,1
170073380,1
170073392,1
170073403,1
170073476,1
170073513,1
170073523,1
170073543,1
170073556,1
170073559,1
170073615,1
170073725,1
170073752,1
170073794,1
170073823,1
170073831,1
170073877,1
170073891,1
170073919,1
170074005,1
170074025,1
170074044,1
170074051,1
170074078,1
170074083,1
170074091,1
170074106,1
170074144,1
170074148,1
170074161,1
170074173,1
170074191,1
170074195,1
170074250,1
170074264,1
170074270,1
170074335,1
170074343,1
170074369,1
170074384,1
170074396,1
170074407,1
170074436,1
170074439,1
170074455,1
170074463,1
170074479,1
170074486,1
170074492,1
170074494,1
170074505,1
170074521,1
170074622,1
170074646,1
170074647,1
170074655,1
170074656,1
170074659,1
170074673,1
170074694,1
170074702,1
170074731,1
170074760,1
170074765,1
170074783,1
170074801,1
170074805,1
170074830,1
170074832,1
170074855,1
170074867,1
170074892,1
170074944,1
170074960,1
170074961,1
170074981,1
170074996,1
170075011,1
170075174,1
170075191,1
170075207,1
170075240,1
170075242,1
170075271,1
170075293,1
170075308,1
170075320,1
170075353,1
170075357,1
170075375,1
170075377,1
170075385,1
170075398,1
170075422,1
170075456,1
170075473,1
170075490,1
170075517,1
170075571,1
170075597,1
170075640,1
170075644,1
170075654,1
170075659,1
170075661,1
170075705,1
170075781,1
170075788,1
170075806,1
170075820,1
170075849,1
170075858,1
170075862,1
170075895,1
170075921,1
170075927,1
170075956,1
170075965,1
170075966,1
170076033,1
170076069,1
170076070,1
170076074,1
170076082,1
170076083,1
170076086,1
170076111,1
170076119,1
170076144,1
170076148,1
170076178,1
170076199,1
170076205,1
170076236,1
170076241,1
170076263,1
170076265,1
170076269,1
170076271,1
170076280,1
170076316,1
170076353,1
170076369,1
170076404,1
170076427,1
170076434,1
170076488,1
170076490,1
170076503,1
170076506,1
170076516,1
170076523,1
170076535,1
170076552,1
170076635,1
170076637,1
170076646,1
170076647,1
170076650,1
170076658,1
170076661,1
170076674,1
170076685,1
170076688,1
170076703,1
170076734,1
170076745,1
170076784,1
170076785,1
170076849,1
170076852,1
170076909,1
170076934,1
170077036,1
170077051,1
170077082,1
170077096,1
170077097,1
170077104,1
170077110,1
170077116,1
170077140,1
170077219,1
170077307,1
170077309,1
170077324,1
170077340,1
170077410,1
170077435,1
170077451,1
170077483,1
170077491,1
170077516,1
170077534,1
170077597,1
170077621,1
170077626,1
170077648,1
170077784,1
170077798,1
170077814,1
170077821,1
170077838,1
170077853,1
170077860,1
170077878,1
170077881,1
170077941,1
170077958,1
170077971,1
170078084,1
170078137,1
170078208,1
170078226,1
170078239,1
170078252,1
170078278,1
170078287,1
170078307,1
170078308,1
170078312,1
170078329,1
170078338,1
170078411,1
170078464,1
170078471,1
170078487,1
170078513,1
170078518,1
170078525,1
170078565,1
170078674,1
170078706,1
170078770,1
170078786,1
170078821,1
170078852,1
170078888,1
170078897,1
170078928,1
170078942,1
170078962,1
170079047,1
170079049,1
170079056,1
170079060,1
170079062,1
170079084,1
170079109,1
170079127,1
170079149,1
170079174,1
170079190,1
170079198,1
170079222,1
170079262,1
170079288,1
170079290,1
170079326,1
170079340,1
170079346,1
170079367,1
170079368,1
170079372,1
170079421,1
170079429,1
170079451,1
170079469,1
170079475,1
170079524,1
170079527,1
170079528,1
170079545,1
170079564,1
170079571,1
170079576,1
170079595,1
170079624,1
170079636,1
170079654,1
170079672,1
170079702,1
170079732,1
170079752,1
170079753,1
170079790,1
170079810,1
170079852,1
170079867,1
170079891,1
170079901,1
170079924,1
170079926,1
170079953,1
170079966,1
170079969,1
170080001,1
170080050,1
170080071,1
170080073,1
170080077,1
170080085,1
170080088,1
170080111,1
170080125,1
170080140,1
170080161,1
170080163,1
170080180,1
170080194,1
170080208,1
170080226,1
170080232,1
170080237,1
170080271,1
170080280,1
170080289,1
170080340,1
170080348,1
170080352,1
170080359,1
170080371,1
170080397,1
170080432,1
170080438,1
170080439,1
170080440,1
170080454,1
170080471,1
170080481,1
170080482,1
170080493,1
170080497,1
170080504,1
170080549,1
170080557,1
170080594,1
170080601,1
170080622,1
170080651,1
170080732,1
170080740,1
170080787,1
170080814,1
170080830,1
170080836,1
170080839,1
170080854,1
170080919,1
170080928,1
170080937,1
170080986,1
170081025,1
170081039,1
170081059,1
170081068,1
170081085,1
170081100,1
170081118,1
170081136,1
170081147,1
170081155,1
170081205,1
170081206,1
170081209,1
170081248,1
170081283,1
170081296,1
170081398,1
170081441,1
170081459,1
170081473,1
170081515,1
170081517,1
170081518,1
170081531,1
170081564,1
170081638,1
170081670,1
170081705,1
170081726,1
170081735,1
170081748,1
170081754,1
170081793,1
170081822,1
170081867,1
170081892,1
170081911,1
170081951,1
170081962,1
170081967,1
170081993,1
170082011,1
170082049,1
170082065,1
170082095,1
170082125,1
170082177,1
170082182,1
170082215,1
170082229,1
170082244,1
170082263,1
170082309,1
170082323,1
170082324,1
170082327,1
170082357,1
170082386,1
170082409,1
170082410,1
170082434,1
170082450,1
170082452,1
170082471,1
170082507,1
170082508,1
170082518,1
170082554,1
170082638,1
170082683,1
170082708,1
170082711,1
170082717,1
170082724,1
170082735,1
170082741,1
170082783,1
170082795,1
170082799,1
170082801,1
170082810,1
170082813,1
170082820,1
170082881,1
170082900,1
170082910,1
170082952,1
170082955,1
170082980,1
170082987,1
170083014,1
170083017,1
170083023,1
170083082,1
170083106,1
170083108,1
170083113,1
170083142,1
170083145,1
170083154,1
170083204,1
170083270,1
170083305,1
170083311,1
170083323,1
170083361,1
170083373,1
170083396,1
170083408,1
170083414,1
170083416,1
170083442,1
170083463,1
170083485,1
170083505,1
170083512,1
170083525,1
170083555,1
170083573,1
170083578,1
170083588,1
170083613,1
170083632,1
170083645,1
170083656,1
170083658,1
170083703,1
170083729,1
170083739,1
170083741,1
170083779,1
170083788,1
170083798,1
170083827,1
170083849,1
170083899,1
170083915,1
170084002,1
170084047,1
170084063,1
170084068,1
170084107,1
170084110,1
170084120,1
170084149,1
170084171,1
170084214,1
170084224,1
170084242,1
170084287,1
170084326,1
170084330,1
170084375,1
170084411,1
170084446,1
170084459,1
170084484,1
170084493,1
170084563,1
170084567,1
170084582,1
170084618,1
170084627,1
170084677,1
170084709,1
170084720,1
170084740,1
170084766,1
170084768,1
170084836,1
170084859,1
170084945,1
170084952,1
170084988,1
170084993,1
170085040,1
170085057,1
170085062,1
170085073,1
170085084,1
170085085,1
170085090,1
170085091,1
170085093,1
170085108,1
170085134,1
170085164,1
170085180,1
170085193,1
170085202,1
170085210,1
170085224,1
170085251,1
170085255,1
170085312,1
170085313,1
170085320,1
170085381,1
170085391,1
170085399,1
170085403,1
170085409,1
170085423,1
170085442,1
170085450,1
170085461,1
170085464,1
170085470,1
170085475,1
170085526,1
170085549,1
170085568,1
170085588,1
170085602,1
170085623,1
170085625,1
170085631,1
170085634,1
170085644,1
170085651,1
170085652,1
170085679,1
170085680,1
170085684,1
170085691,1
170085714,1
170085716,1
170085749,1
170085752,1
170085789,1
170085816,1
170085857,1
170085871,1
170085877,1
170085900,1
170085907,1
170085918,1
170085923,1
170085924,1
170085950,1
170085955,1
170085971,1
170085974,1
170085985,1
170086062,1
170086065,1
170086073,1
170086111,1
170086112,1
170086123,1
170086150,1
170086153,1
170086205,1
170086246,1
170086250,1
170086255,1
170086341,1
170086347,1
170086351,1
170086362,1
170086409,1
170086457,1
170086518,1
170086535,1
170086567,1
170086587,1
170086615,1
170086635,1
170086640,1
170086670,1
170086671,1
170086684,1
170086690,1
170086736,1
170086745,1
170086746,1
170086749,1
170086788,1
170086802,1
170086825,1
170086846,1
170086853,1
170086859,1
170086896,1
170086923,1
170086955,1
170086958,1
170086966,1
170086977,1
170086978,1
170086981,1
170086998,1
170087035,1
170087087,1
170087102,1
170087104,1
170087122,1
170087132,1
170087133,1
170087157,1
170087164,1
170087166,1
170087171,1
170087188,1
170087190,1
170087240,1
170087241,1
170087243,1
170087299,1
170087312,1
170087316,1
170087323,1
170087325,1
170087333,1
170087337,1
170087378,1
170087382,1
170087392,1
170087401,1
170087429,1
170087447,1
170087448,1
170087510,1
170087517,1
170087521,1
170087533,1
170087535,1
170087549,1
170087562,1
170087569,1
170087572,1
170087583,1
170087586,1
170087602,1
170087631,1
170087676,1
170087702,1
170087716,1
170087719,1
170087723,1
170087733,1
170087740,1
170087745,1
170087756,1
170087763,1
170087773,1
170087775,1
170087791,1
170087797,1
170087799,1
170087824,1
170087851,1
170087866,1
170087890,1
170087896,1
170087902,1
170087909,1
170087931,1
170087944,1
170087981,1
170087988,1
170088018,1
170088030,1
170088032,1
170088039,1
170088068,1
170088070,1
170088072,1
170088095,1
170088110,1
170088152,1
170088173,1
170088212,1
170088225,1
170088253,1
170088285,1
170088331,1
170088350,1
170088395,1
170088411,1
170088424,1
170088450,1
170088452,1
170088469,1
170088475,1
170088544,1
170088559,1
170088560,1
170088597,1
170088616,1
170088635,1
170088637,1
170088646,1
170088658,1
170088700,1
170088701,1
170088710,1
170088736,1
170088756,1
170088764,1
170088767,1
170088772,1
170088786,1
170088832,1
170088861,1
170088871,1
170088880,1
170088927,1
170088941,1
170088967,1
170088970,1
170088990,1
170089036,1
170089120,1
170089127,1
170089129,1
170089150,1
170089151,1
170089160,1
170089208,1
170089238,1
170089276,1
170089286,1
170089300,1
170089307,1
170089359,1
170089404,1
170089457,1
170089473,1
170089479,1
170089512,1
170089536,1
170089537,1
170089563,1
170089576,1
170089586,1
170089594,1
170089650,1
170089654,1
170089665,1
170089680,1
170089684,1
170089696,1
170089734,1
170089741,1
170089764,1
170089769,1
170089780,1
170089805,1
170089814,1
170089826,1
170089829,1
170089857,1
170089882,1
170089911,1
170089920,1
170089935,1
170089955,1
170089986,1
170089992,1
170090024,1
170090035,1
170090050,1
170090057,1
170090082,1
170090126,1
170090150,1
170090184,1
170090202,1
170090213,1
170090214,1
170090217,1
170090273,1
170090294,1
170090319,1
170090334,1
170090335,1
170090402,1
170090445,1
170090464,1
170090499,1
170090517,1
170090537,1
170090560,1
170090617,1
170090648,1
170090658,1
170090700,1
170090707,1
170090746,1
170090749,1
170090784,1
170090791,1
170090797,1
170090843,1
170090850,1
170090853,1
170090882,1
170090895,1
170090909,1
170090930,1
170090944,1
170090946,1
170090956,1
170090964,1
170090989,1
170090996,1
170091022,1
170091024,1
170091025,1
170091036,1
170091045,1
170091050,1
170091076,1
170091080,1
170091082,1
170091086,1
170091089,1
170091093,1
170091103,1
170091107,1
170091109,1
170091111,1
170091166,1
170091178,1
170091233,1
170091265,1
170091270,1
170091287,1
170091291,1
170091305,1
170091348,1
170091361,1
170091404,1
170091407,1
170091415,1
170091435,1
170091451,1
170091454,1
170091471,1
170091492,1
170091499,1
170091518,1
170091525,1
170091529,1
170091543,1
170091550,1
170091590,1
170091614,1
170091685,1
170091720,1
170091744,1
170091811,1
170091851,1
170091856,1
170091869,1
170091891,1
170091911,1
170091920,1
170091934,1
170091962,1
170091992,1
170092004,1
170092020,1
170092048,1
170092053,1
170092083,1
170092093,1
170092122,1
170092137,1
170092175,1
170092193,1
170092200,1
170092225,1
170092244,1
170092254,1
170092320,1
170092426,1
170092446,1
170092459,1
170092483,1
170092503,1
170092513,1
170092515,1
170092520,1
170092527,1
170092538,1
170092584,1
170092600,1
170092624,1
170092636,1
170092637,1
170092642,1
170092683,1
170092741,1
170092760,1
170092766,1
170092770,1
170092773,1
170092834,1
170092835,1
170092837,1
170092857,1
170092861,1
170092872,1
170092877,1
170092878,1
170092888,1
170092905,1
170092910,1
170092923,1
170092941,1
170092951,1
170092969,1
170093007,1
170093016,1
170093023,1
170093078,1
170093085,1
170093089,1
170093096,1
170093111,1
170093128,1
170093133,1
170093147,1
170093150,1
170093151,1
170093181,1
170093197,1
170093204,1
170093213,1
170093234,1
170093247,1
170093259,1
170093262,1
170093284,1
170093302,1
170093312,1
170093318,1
170093346,1
170093358,1
170093380,1
170093386,1
170093399,1
170093418,1
170093444,1
170093564,1
170093578,1
170093580,1
170093604,1
170093611,1
170093634,1
170093649,1
170093650,1
170093656,1
170093681,1
170093765,1
170093774,1
170093781,1
170093787,1
170093793,1
170093813,1
170093830,1
170093835,1
170093899,1
170093900,1
170093931,1
170093933,1
170093975,1
170094032,1
170094037,1
170094044,1
170094061,1
170094081,1
170094096,1
170094108,1
170094126,1
170094138,1
170094166,1
170094185,1
170094186,1
170094190,1
170094208,1
170094212,1
170094236,1
170094272,1
170094275,1
170094323,1
170094359,1
170094374,1
170094381,1
170094406,1
170094408,1
170094432,1
170094436,1
170094472,1
170094477,1
170094523,1
170094534,1
170094548,1
170094580,1
170094591,1
170094597,1
170094616,1
170094627,1
170094651,1
170094662,1
170094665,1
170094666,1
170094688,1
170094747,1
170094772,1
170094786,1
170094831,1
170094897,1
170094902,1
170094905,1
170094913,1
170094923,1
170094925,1
170094931,1
170094939,1
170094955,1
170094961,1
170094966,1
170094974,1
170094981,1
170095022,1
170095057,1
170095134,1
170095166,1
170095175,1
170095223,1
170095232,1
170095258,1
170095261,1
170095273,1
170095286,1
170095316,1
170095333,1
170095372,1
170095378,1
170095392,1
170095420,1
170095440,1
170095463,1
170095466,1
170095469,1
170095473,1
170095491,1
170095574,1
170095591,1
170095616,1
170095654,1
170095677,1
170095693,1
170095719,1
170095721,1
170095746,1
170095781,1
170095798,1
170095814,1
170095830,1
170095856,1
170095881,1
170095883,1
170095898,1
170095905,1
170095913,1
170095914,1
170095951,1
170095969,1
170095980,1
170095994,1
170096009,1
170096018,1
170096042,1
170096044,1
170096058,1
170096070,1
170096096,1
170096104,1
170096124,1
170096135,1
170096187,1
170096199,1
170096230,1
170096239,1
170096254,1
170096255,1
170096266,1
170096296,1
170096308,1
170096309,1
170096321,1
170096330,1
170096353,1
170096356,1
170096361,1
170096363,1
170096392,1
170096403,1
170096430,1
170096443,1
170096452,1
170096480,1
170096533,1
170096613,1
170096616,1
170096619,1
170096644,1
170096688,1
170096695,1
170096733,1
170096794,1
170096806,1
170096818,1
170096823,1
170096835,1
170096863,1
170096872,1
170096899,1
170096901,1
170096933,1
170096946,1
170096954,1
170096969,1
170096978,1
170097017,1
170097070,1
170097076,1
170097081,1
170097098,1
170097125,1
170097127,1
170097161,1
170097163,1
170097168,1
170097170,1
170097197,1
170097302,1
170097304,1
170097310,1
170097340,1
170097356,1
170097361,1
170097451,1
170097467,1
170097501,1
170097565,1
170097584,1
170097614,1
170097629,1
170097636,1
170097639,1
170097649,1
170097662,1
170097689,1
170097701,1
170097712,1
170097713,1
170097732,1
170097744,1
170097745,1
170097762,1
170097768,1
170097838,1
170097853,1
170097859,1
170097869,1
170097893,1
170097896,1
170097908,1
170097916,1
170098045,1
170098047,1
170098052,1
170098090,1
170098114,1
170098121,1
170098138,1
170098152,1
170098159,1
170098166,1
170098172,1
170098194,1
170098264,1
170098269,1
170098294,1
170098297,1
170098315,1
170098348,1
170098371,1
170098384,1
170098390,1
170098391,1
170098395,1
170098423,1
170098482,1
170098510,1
170098512,1
170098526,1
170098551,1
170098582,1
170098596,1
170098599,1
170098630,1
170098645,1
170098648,1
170098670,1
170098684,1
170098720,1
170098752,1
170098803,1
170098829,1
170098853,1
170098856,1
170098918,1
170098939,1
170098952,1
170098972,1
170098978,1
170098980,1
170099019,1
170099037,1
170099045,1
170099075,1
170099082,1
170099114,1
170099127,1
170099156,1
170099181,1
170099205,1
170099244,1
170099261,1
170099279,1
170099295,1
170099314,1
170099315,1
170099322,1
170099338,1
170099344,1
170099371,1
170099373,1
170099448,1
170099463,1
170099466,1
170099472,1
170099478,1
170099509,1
170099519,1
170099541,1
170099551,1
170099555,1
170099565,1
170099580,1
170099584,1
170099645,1
170099659,1
170099664,1
170099666,1
170099686,1
170099707,1
170099725,1
170099728,1
170099739,1
170099761,1
170099763,1
170099779,1
170099782,1
170099876,1
170099899,1
170099931,1
170099935,1
170099937,1
170099942,1
170099956,1
170099969,1
170099986,1
170100012,1
170100022,1
170100034,1
170100048,1
170100064,1
170100066,1
170100070,1
170100099,1
170100100,1
170100113,1
170100117,1
170100130,1
170100146,1
170100152,1
170100182,1
170100185,1
170100190,1
170100285,1
170100297,1
170100334,1
170100335,1
170100343,1
170100367,1
170100385,1
170100404,1
170100419,1
170100443,1
170100447,1
170100451,1
170100492,1
170100508,1
170100530,1
170100561,1
170100570,1
170100571,1
170100576,1
170100585,1
170100614,1
170100616,1
170100618,1
170100645,1
170100665,1
170100666,1
170100675,1
170100687,1
170100688,1
170100738,1
170100748,1
170100760,1
170100789,1
170100816,1
170100832,1
170100858,1
170100868,1
170100882,1
170100884,1
170100890,1
170100893,1
170100939,1
170100969,1
170101004,1
170101016,1
170101021,1
170101029,1
170101044,1
170101070,1
170101077,1
170101085,1
170101117,1
170101130,1
170101142,1
170101207,1
170101222,1
170101230,1
170101248,1
170101260,1
170101263,1
170101301,1
170101303,1
170101363,1
170101378,1
170101473,1
170101488,1
170101498,1
170101533,1
170101534,1
170101597,1
170101685,1
170101696,1
170101720,1
170101735,1
170101736,1
170101737,1
170101745,1
170101748,1
170101779,1
170101831,1
170101860,1
170101865,1
170101869,1
170101875,1
170101901,1
170101903,1
170101905,1
170101932,1
170101948,1
170101972,1
170101993,1
170101999,1
170102054,1
170102124,1
170102175,1
170102180,1
170102187,1
170102191,1
170102193,1
170102205,1
170102226,1
170102232,1
170102268,1
170102289,1
170102294,1
170102336,1
170102345,1
170102351,1
170102361,1
170102397,1
170102469,1
170102480,1
170102496,1
170102523,1
170102528,1
170102529,1
170102597,1
170102603,1
170102613,1
170102627,1
170102628,1
170102652,1
170102677,1
170102683,1
170102685,1
170102703,1
170102711,1
170102721,1
170102751,1
170102767,1
170102793,1
170102799,1
170102833,1
170102850,1
170102855,1
170102858,1
170102900,1
170102913,1
170102916,1
170102944,1
170102956,1
170102961,1
170102962,1
170102963,1
170102987,1
170103004,1
170103024,1
170103060,1
170103078,1
170103135,1
170103185,1
170103224,1
170103234,1
170103264,1
170103359,1
170103361,1
170103367,1
170103398,1
170103406,1
170103409,1
170103434,1
170103454,1
170103481,1
170103524,1
170103529,1
170103551,1
170103557,1
170103586,1
170103655,1
170103671,1
170103701,1
170103718,1
170103726,1
170103732,1
170103738,1
170103754,1
170103756,1
170103796,1
170103806,1
170103859,1
170103874,1
170103877,1
170103888,1
170103916,1
170103950,1
170103964,1
170103982,1
170103993,1
170104041,1
170104056,1
170104065,1
170104111,1
170104123,1
170104146,1
170104152,1
170104166,1
170104170,1
170104174,1
170104189,1
170104197,1
170104205,1
170104214,1
170104230,1
170104249,1
170104305,1
170104317,1
170104331,1
170104355,1
170104389,1
170104402,1
170104442,1
170104443,1
170104483,1
170104517,1
170104532,1
170104556,1
170104567,1
170104587,1
170104611,1
170104651,1
170104685,1
170104707,1
170104735,1
170104738,1
170104750,1
170104761,1
170104804,1
170104866,1
170104876,1
170104883,1
170104900,1
170104910,1
170104914,1
170104924,1
170104952,1
170104963,1
170104964,1
170105000,1
170105033,1
170105048,1
170105075,1
170105137,1
170105147,1
170105160,1
170105204,1
170105206,1
170105210,1
170105211,1
170105233,1
170105242,1
170105244,1
170105268,1
170105273,1
170105280,1
170105292,1
170105309,1
170105324,1
170105336,1
170105390,1
170105417,1
170105468,1
170105481,1
170105494,1
170105588,1
170105625,1
170105641,1
170105657,1
170105661,1
170105665,1
170105666,1
170105714,1
170105828,1
170105839,1
170105863,1
170105884,1
170105901,1
170105902,1
170105927,1
170105962,1
170105965,1
170105980,1
170105990,1
170106048,1
170106052,1
170106087,1
170106123,1
170106137,1
170106198,1
170106201,1
170106215,1
170106242,1
170106251,1
170106252,1
170106266,1
170106270,1
170106305,1
170106309,1
170106346,1
170106350,1
170106382,1
170106400,1
170106420,1
170106444,1
170106464,1
170106492,1
170106504,1
170106507,1
170106513,1
170106516,1
170106518,1
170106557,1
170106597,1
170106604,1
170106621,1
170106669,1
170106673,1
170106674,1
170106711,1
170106726,1
170106759,1
170106762,1
170106768,1
170106801,1
170106803,1
170106810,1
170106832,1
170106837,1
170106843,1
170106885,1
170106905,1
170106917,1
170106918,1
170106926,1
170106933,1
170106938,1
170106965,1
170106991,1
170106994,1
170107044,1
170107050,1
170107053,1
170107062,1
170107072,1
170107083,1
170107102,1
170107105,1
170107133,1
170107138,1
170107142,1
170107146,1
170107151,1
170107165,1
170107176,1
170107197,1
170107212,1
170107218,1
170107298,1
170107311,1
170107386,1
170107401,1
170107478,1
170107486,1
170107498,1
170107538,1
170107540,1
170107541,1
170107613,1
170107709,1
170107722,1
170107738,1
170107783,1
170107840,1
170107866,1
170107903,1
170107910,1
170107933,1
170107976,1
170107979,1
170108028,1
170108096,1
170108117,1
170108145,1
170108159,1
170108207,1
170108219,1
170108224,1
170108258,1
170108285,1
170108295,1
170108298,1
170108369,1
170108374,1
170108379,1
170108409,1
170108420,1
170108438,1
170108445,1
170108457,1
170108511,1
170108521,1
170108532,1
170108570,1
170108603,1
170108610,1
170108615,1
170108674,1
170108680,1
170108687,1
170108695,1
170108711,1
170108733,1
170108804,1
170108835,1
170108836,1
170108895,1
170108909,1
170108932,1
170108943,1
170108957,1
170108958,1
170108980,1
170108996,1
170109005,1
170109032,1
170109065,1
170109072,1
170109080,1
170109086,1
170109087,1
170109147,1
170109151,1
170109169,1
170109199,1
170109209,1
170109220,1
170109233,1
170109238,1
170109255,1
170109286,1
170109298,1
170109322,1
170109397,1
170109398,1
170109405,1
170109444,1
170109465,1
170109480,1
170109494,1
170109535,1
170109538,1
170109549,1
170109578,1
170109587,1
170109588,1
170109609,1
170109614,1
170109617,1
170109622,1
170109659,1
170109666,1
170109672,1
170109696,1
170109720,1
170109759,1
170109766,1
170109776,1
170109799,1
170109855,1
170109860,1
170109873,1
170109921,1
170109923,1
170109960,1
170109963,1
170109973,1
170110045,1
170110067,1
170110094,1
170110098,1
170110120,1
170110183,1
170110202,1
170110217,1
170110260,1
170110261,1
170110272,1
170110291,1
170110302,1
170110330,1
170110354,1
170110358,1
170110359,1
170110363,1
170110370,1
170110374,1
170110375,1
170110400,1
170110423,1
170110427,1
170110492,1
170110592,1
170110622,1
170110673,1
170110744,1
170110751,1
170110775,1
170110780,1
170110802,1
170110827,1
170110842,1
170110874,1
170110892,1
170110985,1
170111035,1
170111044,1
170111063,1
170111070,1
170111081,1
170111084,1
170111088,1
170111116,1
170111130,1
170111152,1
170111157,1
170111189,1
170111192,1
170111199,1
170111205,1
170111223,1
170111225,1
170111232,1
170111260,1
170111285,1
170111302,1
170111333,1
170111349,1
170111388,1
170111412,1
170111541,1
170111580,1
170111592,1
170111597,1
170111644,1
170111651,1
170111670,1
170111696,1
170111722,1
170111790,1
180000018,1
180000027,1
180000052,1
180000134,1
180000137,1
180000150,1
180000196,1
180000197,1
180000216,1
180000224,1
180000239,1
180000266,1
180000290,1
180000310,1
180000336,1
180000345,1
180000355,1
180000377,1
180000391,1
180000417,1
180000436,1
180000454,1
180000470,1
180000487,1
180000491,1
180000545,1
180000594,1
180000691,1
180000692,1
180000733,1
180000740,1
180000752,1
180000759,1
180000762,1
180000772,1
180000783,1
180000840,1
180000848,1
180000893,1
180000905,1
180000955,1
180000979,1
180000997,1
180001041,1
180001052,1
180001065,1
180001094,1
180001103,1
180001127,1
180001153,1
180001210,1
180001232,1
180001233,1
180001313,1
180001340,1
180001417,1
180001452,1
180001521,1
180001557,1
180001563,1
180001566,1
180001600,1
180001641,1
180001663,1
180001666,1
180001677,1
180001689,1
180001691,1
180001749,1
180001756,1
180001767,1
180001777,1
180001815,1
180001835,1
180001860,1
180001898,1
180001902,1
180001933,1
180001942,1
180001993,1
180002000,1
180002007,1
180002014,1
180002020,1
180002021,1
180002022,1
180002026,1
180002031,1
180002037,1
180002072,1
180002073,1
180002184,1
180002201,1
180002212,1
180002227,1
180002244,1
180002312,1
180002352,1
180002374,1
180002378,1
180002435,1
180002448,1
180002535,1
180002557,1
180002582,1
180002609,1
180002641,1
180002652,1
180002666,1
180002715,1
180002769,1
180002821,1
180002830,1
180002944,1
180003017,1
180003038,1
180003086,1
180003089,1
180003093,1
180003152,1
180003155,1
180003160,1
180003174,1
180003195,1
180003232,1
180003246,1
180003269,1
180003315,1
180003357,1
180003368,1
180003395,1
180003498,1
180003516,1
180003525,1
180003539,1
180003546,1
180003589,1
180003605,1
180003610,1
180003696,1
180003709,1
180003735,1
180003766,1
180003774,1
180003822,1
180003828,1
180003923,1
180003947,1
180003966,1
180004023,1
180004031,1
180004043,1
180004067,1
180004086,1
180004129,1
180004141,1
180004145,1
180004173,1
180004247,1
180004278,1
180004280,1
180004283,1
180004291,1
180004299,1
180004321,1
180004403,1
180004421,1
180004429,1
180004482,1
180004515,1
180004590,1
180004594,1
180004613,1
180004664,1
180004673,1
180004728,1
180004740,1
180004741,1
180004792,1
180004805,1
180004933,1
180004955,1
180004967,1
180004977,1
180005030,1
180005053,1
180005055,1
180005066,1
180005073,1
180005092,1
180005099,1
180005158,1
180005197,1
180005249,1
180005252,1
180005276,1
180005291,1
180005352,1
180005359,1
180005362,1
180005422,1
180005440,1
180005515,1
180005569,1
180005607,1
180005631,1
180005645,1
180005650,1
180005659,1
180005724,1
180005752,1
180005760,1
180005762,1
180005764,1
180005780,1
180005789,1
180005828,1
180005852,1
180005863,1
180005873,1
180005883,1
180005938,1
180005942,1
180005946,1
180006007,1
180006013,1
180006029,1
180006039,1
180006084,1
180006099,1
180006172,1
180006178,1
180006182,1
180006201,1
180006234,1
180006295,1
180006314,1
180006320,1
180006339,1
180006379,1
180006384,1
180006385,1
180006388,1
180006405,1
180006416,1
180006438,1
180006446,1
180006460,1
180006480,1
180006481,1
180006492,1
180006526,1
180006536,1
180006541,1
180006602,1
180006621,1
180006634,1
180006646,1
180006664,1
180006707,1
180006727,1
180006789,1
180006815,1
180006849,1
180006853,1
180006871,1
180006916,1
180006917,1
180006921,1
180006922,1
180006939,1
180006940,1
180006954,1
180006960,1
180006961,1
180007015,1
180007093,1
180007206,1
180007231,1
180007288,1
180007330,1
180007337,1
180007340,1
180007369,1
180007384,1
180007388,1
180007389,1
180007390,1
180007395,1
180007396,1
180007408,1
180007441,1
180007466,1
180007579,1
180007586,1
180007664,1
180007679,1
180007684,1
180007717,1
180007718,1
180007722,1
180007752,1
180007810,1
180007855,1
180007865,1
180007951,1
180008018,1
180008046,1
180008093,1
180008117,1
180008124,1
180008147,1
180008181,1
180008221,1
180008335,1
180008357,1
180008373,1
180008379,1
180008400,1
180008430,1
180008445,1
180008458,1
180008498,1
180008499,1
180008538,1
180008550,1
180008556,1
180008571,1
180008589,1
180008632,1
180008637,1
180008716,1
180008721,1
180008743,1
180008752,1
180008842,1
180008847,1
180008851,1
180008904,1
180008956,1
180009037,1
180009072,1
180009085,1
180009089,1
180009118,1
180009149,1
180009205,1
180009220,1
180009251,1
180009278,1
180009295,1
180009308,1
180009320,1
180009344,1
180009397,1
180009411,1
180009454,1
180009509,1
180009514,1
180009522,1
180009524,1
180009529,1
180009606,1
180009633,1
180009640,1
180009679,1
180009707,1
180009739,1
180009782,1
180009819,1
180009888,1
180009903,1
180009907,1
180009981,1
180010058,1
180010125,1
180010130,1
180010140,1
180010149,1
180010171,1
180010245,1
180010391,1
180010409,1
180010413,1
180010436,1
180010442,1
180010459,1
180010465,1
180010512,1
180010580,1
180010585,1
180010604,1
180010623,1
180010652,1
180010703,1
180010723,1
180010739,1
180010747,1
180010749,1
180010758,1
180010763,1
180010773,1
180010775,1
180010776,1
180010802,1
180010842,1
180010847,1
180010860,1
180010930,1
180010943,1
180011023,1
180011048,1
180011055,1
180011125,1
180011145,1
180011151,1
180011157,1
180011218,1
180011260,1
180011261,1
180011301,1
180011335,1
180011344,1
180011374,1
180011381,1
180011387,1
180011447,1
180011514,1
180011547,1
180011557,1
180011587,1
180011607,1
180011621,1
180011638,1
180011655,1
180011699,1
180011703,1
180011740,1
180011752,1
180011759,1
180011775,1
180011819,1
180011851,1
180011889,1
180011918,1
180011922,1
180011939,1
180012010,1
180012051,1
180012056,1
180012094,1
180012099,1
180012171,1
180012269,1
180012270,1
180012288,1
180012298,1
180012335,1
180012360,1
180012361,1
180012384,1
180012386,1
180012423,1
180012425,1
180012509,1
180012546,1
180012558,1
180012563,1
180012570,1
180012633,1
180012640,1
180012667,1
180012689,1
180012697,1
180012743,1
180012845,1
180012880,1
180012889,1
180012906,1
180012984,1
180012992,1
180013019,1
180013043,1
180013064,1
180013088,1
180013108,1
180013165,1
180013179,1
180013208,1
180013210,1
180013245,1
180013275,1
180013277,1
180013282,1
180013372,1
180013383,1
180013404,1
180013408,1
180013443,1
180013467,1
180013483,1
180013514,1
180013544,1
180013545,1
180013555,1
180013558,1
180013580,1
180013685,1
180013698,1
180013715,1
180013719,1
180013728,1
180013761,1
180013810,1
180013811,1
180013851,1
180013859,1
180013861,1
180013922,1
180013982,1
180013983,1
180014012,1
180014028,1
180014062,1
180014074,1
180014128,1
180014140,1
180014150,1
180014153,1
180014171,1
180014245,1
180014252,1
180014273,1
180014293,1
180014315,1
180014318,1
180014329,1
180014346,1
180014352,1
180014366,1
180014372,1
180014390,1
180014422,1
180014451,1
180014616,1
180014634,1
180014636,1
180014642,1
180014698,1
180014718,1
180014728,1
180014731,1
180014732,1
180014769,1
180014778,1
180014802,1
180014804,1
180014889,1
180014938,1
180014951,1
180015017,1
180015033,1
180015082,1
180015086,1
180015181,1
180015200,1
180015214,1
180015226,1
180015309,1
180015317,1
180015356,1
180015387,1
180015416,1
180015472,1
180015477,1
180015482,1
180015499,1
180015502,1
180015528,1
180015533,1
180015540,1
180015557,1
180015558,1
180015573,1
180015576,1
180015582,1
180015603,1
180015604,1
180015619,1
180015632,1
180015636,1
180015675,1
180015677,1
180015727,1
180015755,1
180015757,1
180015773,1
180015783,1
180015836,1
180015843,1
180015849,1
180015855,1
180015900,1
180015915,1
180015950,1
180015952,1
180015967,1
180016026,1
180016058,1
180016084,1
180016091,1
180016121,1
180016152,1
180016199,1
180016204,1
180016210,1
180016230,1
180016247,1
180016259,1
180016269,1
180016273,1
180016276,1
180016288,1
180016308,1
180016384,1
180016432,1
180016453,1
180016480,1
180016500,1
180016502,1
180016523,1
180016542,1
180016557,1
180016590,1
180016605,1
180016628,1
180016661,1
180016690,1
180016694,1
180016709,1
180016759,1
180016780,1
180016872,1
180016888,1
180016900,1
180016924,1
180016937,1
180016964,1
180016977,1
180017012,1
180017017,1
180017040,1
180017047,1
180017076,1
180017081,1
180017418,1
180017426,1
180017439,1
180017456,1
180017485,1
180017488,1
180017508,1
180017519,1
180017565,1
180017607,1
180017618,1
180017662,1
180017674,1
180017700,1
180017753,1
180017766,1
180017814,1
180017828,1
180017847,1
180017862,1
180017875,1
180017901,1
180017917,1
180017986,1
180017998,1
180018008,1
180018027,1
180018050,1
180018090,1
180018138,1
180018149,1
180018190,1
180018195,1
180018203,1
180018220,1
180018227,1
180018246,1
180018273,1
180018280,1
180018349,1
180018432,1
180018446,1
180018451,1
180018468,1
180018525,1
180018573,1
180018586,1
180018632,1
180018635,1
180018661,1
180018683,1
180018726,1
180018742,1
180018758,1
180018823,1
180018857,1
180018859,1
180018861,1
180018884,1
180018886,1
180018932,1
180018942,1
180018949,1
180019016,1
180019027,1
180019064,1
180019089,1
180019166,1
180019167,1
180019208,1
180019218,1
180019222,1
180019247,1
180019255,1
180019337,1
180019357,1
180019378,1
180019382,1
180019395,1
180019397,1
180019500,1
180019520,1
180019573,1
180019590,1
180019634,1
180019675,1
180019682,1
180019699,1
180019710,1
180019711,1
180019730,1
180019756,1
180019764,1
180019775,1
180019784,1
180019799,1
180019875,1
180019909,1
180019916,1
180019953,1
180020014,1
180020018,1
180020035,1
180020040,1
180020072,1
180020077,1
180020108,1
180020115,1
180020118,1
180020158,1
180020171,1
180020178,1
180020189,1
180020191,1
180020192,1
180020284,1
180020298,1
180020363,1
180020442,1
180020460,1
180020516,1
180020544,1
180020572,1
180020576,1
180020595,1
180020632,1
180020729,1
180020740,1
180020748,1
180020798,1
180020803,1
180020812,1
180020864,1
180020881,1
180020912,1
180020927,1
180020981,1
180020983,1
180020997,1
180021046,1
180021049,1
180021061,1
180021174,1
180021175,1
180021183,1
180021195,1
180021252,1
180021268,1
180021308,1
180021346,1
180021403,1
180021412,1
180021493,1
180021497,1
180021515,1
180021602,1
180021668,1
180021708,1
180021752,1
180021775,1
180021842,1
180021864,1
180021885,1
180021900,1
180021915,1
180021930,1
180021971,1
180021982,1
180022005,1
180022062,1
180022153,1
180022166,1
180022173,1
180022294,1
180022321,1
180022384,1
180022386,1
180022388,1
180022406,1
180022435,1
180022445,1
180022449,1
180022498,1
180022523,1
180022569,1
180022572,1
180022579,1
180022596,1
180022620,1
180022655,1
180022659,1
180022687,1
180022701,1
180022709,1
180022729,1
180022755,1
180022757,1
180022841,1
180022878,1
180022901,1
180022930,1
180022996,1
180023023,1
180023072,1
180023075,1
180023169,1
180023206,1
180023209,1
180023266,1
180023297,1
180023329,1
180023369,1
180023403,1
180023411,1
180023439,1
180023484,1
180023557,1
180023589,1
180023647,1
180023650,1
180023667,1
180023715,1
180023718,1
180023739,1
180023808,1
180023816,1
180023867,1
180024008,1
180024060,1
180024123,1
180024130,1
180024143,1
180024175,1
180024216,1
180024222,1
180024226,1
180024245,1
180024257,1
180024330,1
180024344,1
180024346,1
180024403,1
180024412,1
180024428,1
180024457,1
180024475,1
180024481,1
180024486,1
180024487,1
180024535,1
180024585,1
180024662,1
180024676,1
180024680,1
180024689,1
180024696,1
180024779,1
180024789,1
180024867,1
180024877,1
180024880,1
180024961,1
180024976,1
180024994,1
180025038,1
180025156,1
180025179,1
180025197,1
180025200,1
180025201,1
180025226,1
180025265,1
180025268,1
180025307,1
180025319,1
180025331,1
180025401,1
180025405,1
180025457,1
180025493,1
180025496,1
180025501,1
180025555,1
180025573,1
180025585,1
180025586,1
180025603,1
180025618,1
180025702,1
180025724,1
180025755,1
180025760,1
180025761,1
180025771,1
180025801,1
180025831,1
180025848,1
180025874,1
180025997,1
180026003,1
180026008,1
180026018,1
180026023,1
180026051,1
180026079,1
180026103,1
180026108,1
180026113,1
180026126,1
180026130,1
180026264,1
180026298,1
180026302,1
180026328,1
180026440,1
180026461,1
180026521,1
180026527,1
180026548,1
180026556,1
180026559,1
180026580,1
180026610,1
180026635,1
180026641,1
180026719,1
180026744,1
180026799,1
180026908,1
180026931,1
180026942,1
180026951,1
180026966,1
180027030,1
180027079,1
180027083,1
180027095,1
180027105,1
180027112,1
180027127,1
180027141,1
180027171,1
180027179,1
180027185,1
180027187,1
180027196,1
180027199,1
180027201,1
180027206,1
180027223,1
180027224,1
180027244,1
180027253,1
180027308,1
180027312,1
180027313,1
180027316,1
180027336,1
180027344,1
180027347,1
180027358,1
180027388,1
180027423,1
180027428,1
180027437,1
180027446,1
180027450,1
180027469,1
180027473,1
180027481,1
180027581,1
180027616,1
180027627,1
180027656,1
180027715,1
180027718,1
180027730,1
180027731,1
180027754,1
180027778,1
180027791,1
180027793,1
180027807,1
180027808,1
180027810,1
180027852,1
180027879,1
180027883,1
180027892,1
180027926,1
180027938,1
180027977,1
180028010,1
180028046,1
180028070,1
180028078,1
180028103,1
180028125,1
180028126,1
180028138,1
180028163,1
180028189,1
180028203,1
180028245,1
180028250,1
180028304,1
180028332,1
180028364,1
180028375,1
180028388,1
180028422,1
180028432,1
180028450,1
180028503,1
180028519,1
180028563,1
180028569,1
180028584,1
180028624,1
180028655,1
180028683,1
180028764,1
180028840,1
180028870,1
180028893,1
180028914,1
180028952,1
180028999,1
180029003,1
180029017,1
180029019,1
180029044,1
180029050,1
180029067,1
180029112,1
180029151,1
180029178,1
180029224,1
180029232,1
180029330,1
180029334,1
180029347,1
180029358,1
180029361,1
180029363,1
180029370,1
180029375,1
180029379,1
180029410,1
180029416,1
180029444,1
180029501,1
180029520,1
180029549,1
180029566,1
180029649,1
180029655,1
180029668,1
180029712,1
180029717,1
180029793,1
180029878,1
180029897,1
180029917,1
180029919,1
180029968,1
180029990,1
180030022,1
180030024,1
180030091,1
180030101,1
180030115,1
180030117,1
180030120,1
180030156,1
180030172,1
180030194,1
180030232,1
180030268,1
180030273,1
180030356,1
180030406,1
180030478,1
180030490,1
180030534,1
180030538,1
180030563,1
180030596,1
180030671,1
180030680,1
180030681,1
180030688,1
180030812,1
180030814,1
180030823,1
180030837,1
180030886,1
180030895,1
180030911,1
180030922,1
180030947,1
180030950,1
180030958,1
180030962,1
180030967,1
180031015,1
180031039,1
180031090,1
180031107,1
180031150,1
180031157,1
180031169,1
180031207,1
180031259,1
180031298,1
180031306,1
180031308,1
180031336,1
180031352,1
180031353,1
180031366,1
180031381,1
180031383,1
180031451,1
180031519,1
180031548,1
180031550,1
180031555,1
180031649,1
180031691,1
180031700,1
180031704,1
180031709,1
180031720,1
180031731,1
180031786,1
180031790,1
180031817,1
180031829,1
180031881,1
180031897,1
180031904,1
180031905,1
180031961,1
180031989,1
180032029,1
180032068,1
180032092,1
180032122,1
180032130,1
180032153,1
180032171,1
180032202,1
180032214,1
180032221,1
180032287,1
180032312,1
180032320,1
180032328,1
180032336,1
180032338,1
180032364,1
180032565,1
180032587,1
180032590,1
180032593,1
180032600,1
180032601,1
180032611,1
180032684,1
180032713,1
180032736,1
180032746,1
180032749,1
180032804,1
180032829,1
180032841,1
180032854,1
180032912,1
180032963,1
180032975,1
180032981,1
180032986,1
180033017,1
180033054,1
180033062,1
180033088,1
180033089,1
180033111,1
180033114,1
180033153,1
180033169,1
180033191,1
180033204,1
180033248,1
180033278,1
180033345,1
180033366,1
180033424,1
180033449,1
180033460,1
180033462,1
180033466,1
180033501,1
180033512,1
180033581,1
180033592,1
180033601,1
180033644,1
180033782,1
180033783,1
180033789,1
180033798,1
180033873,1
180033878,1
180033883,1
180033932,1
180033978,1
180034023,1
180034069,1
180034102,1
180034130,1
180034147,1
180034178,1
180034246,1
180034249,1
180034253,1
180034315,1
180034323,1
180034389,1
180034421,1
180034449,1
180034456,1
180034503,1
180034539,1
180034603,1
180034608,1
180034656,1
180034660,1
180034668,1
180034706,1
180034715,1
180034726,1
180034760,1
180034803,1
180034823,1
180034837,1
180034855,1
180034860,1
180034889,1
180034925,1
180035139,1
180035143,1
180035206,1
180035217,1
180035220,1
180035271,1
180035293,1
180035319,1
180035374,1
180035375,1
180035422,1
180035437,1
180035439,1
180035443,1
180035451,1
180035524,1
180035549,1
180035642,1
180035651,1
180035654,1
180035658,1
180035784,1
180035854,1
180035888,1
180035915,1
180035916,1
180036005,1
180036059,1
180036111,1
180036150,1
180036153,1
180036287,1
180036293,1
180036314,1
180036341,1
180036350,1
180036352,1
180036368,1
180036370,1
180036374,1
180036405,1
180036408,1
180036503,1
180036568,1
180036570,1
180036668,1
180036669,1
180036720,1
180036738,1
180036810,1
180036829,1
180036860,1
180036921,1
180037031,1
180037044,1
180037071,1
180037095,1
180037099,1
180037149,1
180037223,1
180037226,1
180037273,1
180037290,1
180037298,1
180037311,1
180037317,1
180037327,1
180037333,1
180037372,1
180037374,1
180037459,1
180037465,1
180037523,1
180037537,1
180037538,1
180037564,1
180037585,1
180037589,1
180037609,1
180037652,1
180037695,1
180037711,1
180037712,1
180037750,1
180037759,1
180037789,1
180037855,1
180037888,1
180037944,1
180037970,1
180037975,1
180037986,1
180037987,1
180037994,1
180038007,1
180038024,1
180038105,1
180038150,1
180038165,1
180038176,1
180038236,1
180038311,1
180038333,1
180038334,1
180038339,1
180038349,1
180038367,1
180038470,1
180038480,1
180038481,1
180038496,1
180038531,1
180038561,1
180038588,1
180038592,1
180038593,1
180038676,1
180038683,1
180038684,1
180038707,1
180038796,1
180038837,1
180038842,1
180038871,1
180038878,1
180038948,1
180038957,1
180038985,1
180038999,1
180039056,1
180039069,1
180039091,1
180039121,1
180039138,1
180039179,1
180039186,1
180039262,1
180039293,1
180039323,1
180039361,1
180039368,1
180039375,1
180039391,1
180039411,1
180039457,1
180039502,1
180039514,1
180039526,1
180039574,1
180039583,1
180039588,1
180039651,1
180039654,1
180039700,1
180039722,1
180039726,1
180039753,1
180039760,1
180039945,1
180040013,1
180040016,1
180040038,1
180040052,1
180040062,1
180040132,1
180040160,1
180040177,1
180040209,1
180040215,1
180040251,1
180040278,1
180040279,1
180040308,1
180040321,1
180040335,1
180040336,1
180040345,1
180040362,1
180040365,1
180040366,1
180040369,1
180040394,1
180040398,1
180040416,1
180040419,1
180040442,1
180040463,1
180040468,1
180040469,1
180040494,1
180040499,1
180040536,1
180040547,1
180040551,1
180040580,1
180040591,1
180040617,1
180040623,1
180040631,1
180040694,1
180040785,1
180040794,1
180040809,1
180040819,1
180040827,1
180040828,1
180040838,1
180040870,1
180040903,1
180040909,1
180040920,1
180040934,1
180040989,1
180040992,1
180040997,1
180041034,1
180041038,1
180041133,1
180041174,1
180041179,1
180041203,1
180041214,1
180041225,1
180041228,1
180041245,1
180041302,1
180041321,1
180041324,1
180041336,1
180041408,1
180041412,1
180041426,1
180041470,1
180041478,1
180041486,1
180041542,1
180041569,1
180041571,1
180041640,1
180041642,1
180041674,1
180041691,1
180041706,1
180041722,1
180041737,1
180041738,1
180041793,1
180041812,1
180041823,1
180041860,1
180041872,1
180041895,1
180041899,1
180041938,1
180041986,1
180041996,1
180041998,1
180042046,1
180042114,1
180042117,1
180042141,1
180042143,1
180042204,1
180042208,1
180042241,1
180042243,1
180042250,1
180042292,1
180042305,1
180042355,1
180042366,1
180042372,1
180042398,1
180042409,1
180042411,1
180042428,1
180042473,1
180042497,1
180042524,1
180042534,1
180042545,1
180042632,1
180042661,1
180042680,1
180042685,1
180042716,1
180042719,1
180042720,1
180042732,1
180042736,1
180042794,1
180042835,1
180042873,1
180042878,1
180042899,1
180042903,1
180042969,1
180043007,1
180043055,1
180043068,1
180043081,1
180043138,1
180043143,1
180043164,1
180043175,1
180043180,1
180043190,1
180043222,1
180043223,1
180043247,1
180043269,1
180043304,1
180043308,1
180043422,1
180043431,1
180043432,1
180043463,1
180043483,1
180043485,1
180043512,1
180043513,1
180043514,1
180043550,1
180043564,1
180043581,1
180043615,1
180043627,1
180043629,1
180043635,1
180043680,1
180043692,1
180043699,1
180043722,1
180043740,1
180043752,1
180043754,1
180043772,1
180043806,1
180043835,1
180043843,1
180043847,1
180043891,1
180043903,1
180043936,1
180044014,1
180044021,1
180044054,1
180044056,1
180044131,1
180044153,1
180044187,1
180044193,1
180044207,1
180044208,1
180044250,1
180044262,1
180044287,1
180044292,1
180044324,1
180044360,1
180044363,1
180044402,1
180044411,1
180044465,1
180044480,1
180044598,1
180044615,1
180044627,1
180044648,1
180044701,1
180044733,1
180044772,1
180044777,1
180044806,1
180044818,1
180044842,1
180044854,1
180044858,1
180044897,1
180044901,1
180044936,1
180044941,1
180044951,1
180044979,1
180044983,1
180045052,1
180045108,1
180045124,1
180045139,1
180045159,1
180045167,1
180045219,1
180045224,1
180045238,1
180045241,1
180045269,1
180045272,1
180045291,1
180045301,1
180045312,1
180045340,1
180045437,1
180045456,1
180045461,1
180045483,1
180045497,1
180045512,1
180045522,1
180045525,1
180045573,1
180045650,1
180045653,1
180045654,1
180045691,1
180045716,1
180045726,1
180045736,1
180045742,1
180045748,1
180045771,1
180045818,1
180045846,1
180045947,1
180045963,1
180046006,1
180046080,1
180046087,1
180046093,1
180046114,1
180046121,1
180046130,1
180046134,1
180046140,1
180046163,1
180046199,1
180046202,1
180046207,1
180046233,1
180046234,1
180046235,1
180046249,1
180046250,1
180046300,1
180046331,1
180046347,1
180046384,1
180046387,1
180046404,1
180046435,1
180046449,1
180046484,1
180046506,1
180046529,1
180046571,1
180046574,1
180046593,1
180046619,1
180046638,1
180046639,1
180046659,1
180046708,1
180046741,1
180046753,1
180046777,1
180046841,1
180046926,1
180046978,1
180047014,1
180047023,1
180047045,1
180047046,1
180047077,1
180047098,1
180047102,1
180047137,1
180047149,1
180047187,1
180047224,1
180047241,1
180047290,1
180047291,1
180047328,1
180047348,1
180047365,1
180047367,1
180047408,1
180047433,1
180047435,1
180047439,1
180047504,1
180047527,1
180047534,1
180047555,1
180047604,1
180047628,1
180047660,1
180047672,1
180047673,1
180047682,1
180047692,1
180047695,1
180047710,1
180047726,1
180047762,1
180047780,1
180047786,1
180047806,1
180047835,1
180047936,1
180047974,1
180047998,1
180048009,1
180048027,1
180048028,1
180048043,1
180048085,1
180048090,1
180048110,1
180048112,1
180048115,1
180048123,1
180048152,1
180048158,1
180048232,1
180048245,1
180048247,1
180048260,1
180048263,1
180048274,1
180048285,1
180048309,1
180048334,1
180048375,1
180048399,1
180048420,1
180048432,1
180048471,1
180048477,1
180048605,1
180048660,1
180048687,1
180048698,1
180048711,1
180048775,1
180048801,1
180048840,1
180048888,1
180048977,1
180048978,1
180048980,1
180048990,1
180048992,1
180049054,1
180049060,1
180049115,1
180049157,1
180049226,1
180049227,1
180049245,1
180049307,1
180049316,1
180049332,1
180049353,1
180049354,1
180049418,1
180049475,1
180049500,1
180049508,1
180049518,1
180049525,1
180049592,1
180049613,1
180049652,1
180049676,1
180049688,1
180049694,1
180049713,1
180049719,1
180049721,1
180049730,1
180049750,1
180049792,1
180049921,1
180049929,1
180049930,1
180049939,1
180049959,1
180049970,1
180049983,1
180049988,1
180050021,1
180050024,1
180050057,1
180050064,1
180050087,1
180050103,1
180050119,1
180050124,1
180050155,1
180050181,1
180050204,1
180050223,1
180050245,1
180050287,1
180050308,1
180050384,1
180050407,1
180050430,1
180050455,1
180050456,1
180050476,1
180050511,1
180050518,1
180050603,1
180050686,1
180050687,1
180050727,1
180050761,1
180050770,1
180050848,1
180050884,1
180050941,1
180050996,1
180051018,1
180051037,1
180051124,1
180051206,1
180051216,1
180051234,1
180051268,1
180051271,1
180051274,1
180051317,1
180051343,1
180051371,1
180051374,1
180051504,1
180051514,1
180051550,1
180051570,1
180051576,1
180051589,1
180051633,1
180051656,1
180051660,1
180051661,1
180051668,1
180051703,1
180051709,1
180051719,1
180051720,1
180051852,1
180051896,1
180051902,1
180051947,1
180051948,1
180051971,1
180051991,1
180052003,1
180052079,1
180052171,1
180052199,1
180052224,1
180052230,1
180052251,1
180052271,1
180052326,1
180052332,1
180052339,1
180052386,1
180052400,1
180052420,1
180052441,1
180052457,1
180052460,1
180052518,1
180052548,1
180052557,1
180052558,1
180052566,1
180052575,1
180052610,1
180052665,1
180052703,1
180052740,1
180052742,1
180052748,1
180052798,1
180052810,1
180052894,1
180052925,1
180052946,1
180052960,1
180052977,1
180052996,1
180053023,1
180053066,1
180053077,1
180053102,1
180053105,1
180053121,1
180053199,1
180053237,1
180053259,1
180053278,1
180053281,1
180053287,1
180053291,1
180053297,1
180053350,1
180053384,1
180053393,1
180053411,1
180053436,1
180053455,1
180053456,1
180053479,1
180053499,1
180053532,1
180053536,1
180053543,1
180053582,1
180053614,1
180053623,1
180053626,1
180053631,1
180053634,1
180053681,1
180053711,1
180053752,1
180053789,1
180053816,1
180053823,1
180053867,1
180053895,1
180053915,1
180053929,1
180053956,1
180053957,1
180053964,1
180054018,1
180054138,1
180054254,1
180054261,1
180054290,1
180054296,1
180054352,1
180054358,1
180054383,1
180054411,1
180054474,1
180054498,1
180054534,1
180054576,1
180054589,1
180054591,1
180054698,1
180054704,1
180054708,1
180054741,1
180054745,1
180054762,1
180054795,1
180054817,1
180054837,1
180054840,1
180054843,1
180054846,1
180054851,1
180054853,1
180054863,1
180054885,1
180054890,1
180054946,1
180054964,1
180054967,1
180054968,1
180054987,1
180055007,1
180055030,1
180055048,1
180055084,1
180055098,1
180055110,1
180055135,1
180055137,1
180055149,1
180055158,1
180055177,1
180055195,1
180055199,1
180055224,1
180055245,1
180055264,1
180055276,1
180055279,1
180055293,1
180055349,1
180055390,1
180055406,1
180055417,1
180055427,1
180055466,1
180055476,1
180055552,1
180055572,1
180055604,1
180055632,1
180055653,1
180055683,1
180055744,1
180055755,1
180055800,1
180055832,1
180055883,1
180055918,1
180055929,1
180056034,1
180056057,1
180056098,1
180056116,1
180056136,1
180056148,1
180056183,1
180056197,1
180056259,1
180056262,1
180056263,1
180056271,1
180056291,1
180056305,1
180056309,1
180056338,1
180056354,1
180056357,1
180056361,1
180056382,1
180056429,1
180056459,1
180056505,1
180056533,1
180056538,1
180056549,1
180056550,1
180056600,1
180056608,1
180056615,1
180056644,1
180056727,1
180056729,1
180056754,1
180056758,1
180056767,1
180056838,1
180056847,1
180056896,1
180056923,1
180056977,1
180056980,1
180057004,1
180057018,1
180057024,1
180057047,1
180057139,1
180057157,1
180057168,1
180057172,1
180057194,1
180057205,1
180057226,1
180057230,1
180057234,1
180057245,1
180057263,1
180057307,1
180057349,1
180057376,1
180057384,1
180057388,1
180057400,1
180057434,1
180057453,1
180057521,1
180057526,1
180057610,1
180057627,1
180057649,1
180057666,1
180057676,1
180057708,1
180057710,1
180057721,1
180057734,1
180057756,1
180057826,1
180057846,1
180057892,1
180057975,1
180057990,1
180058005,1
180058009,1
180058055,1
180058139,1
180058159,1
180058182,1
180058269,1
180058303,1
180058353,1
180058387,1
180058411,1
180058416,1
180058434,1
180058442,1
180058524,1
180058527,1
180058543,1
180058567,1
180058578,1
180058606,1
180058610,1
180058642,1
180058709,1
180058755,1
180058773,1
180058811,1
180058826,1
180058828,1
180058858,1
180058891,1
180058897,1
180058916,1
180058937,1
180058949,1
180059015,1
180059028,1
180059043,1
180059099,1
180059163,1
180059174,1
180059210,1
180059244,1
180059273,1
180059308,1
180059378,1
180059450,1
180059482,1
180059495,1
180059540,1
180059619,1
180059685,1
180059694,1
180059727,1
180059739,1
180059764,1
180059769,1
180059816,1
180059841,1
180059847,1
180059854,1
180059858,1
180059904,1
180059905,1
180059915,1
180059916,1
180059932,1
180059972,1
180059986,1
180060049,1
180060057,1
180060072,1
180060095,1
180060099,1
180060114,1
180060128,1
180060170,1
180060205,1
180060222,1
180060268,1
180060277,1
180060296,1
180060320,1
180060343,1
180060358,1
180060365,1
180060394,1
180060437,1
180060449,1
180060485,1
180060527,1
180060528,1
180060546,1
180060567,1
180060599,1
180060699,1
180060707,1
180060721,1
180060761,1
180060772,1
180060906,1
180060915,1
180060987,1
180061030,1
180061075,1
180061108,1
180061131,1
180061184,1
180061209,1
180061285,1
180061329,1
180061360,1
180061367,1
180061400,1
180061525,1
180061533,1
180061540,1
180061558,1
180061569,1
180061696,1
180061712,1
180061717,1
180061775,1
180061785,1
180061791,1
180061828,1
180061829,1
180061841,1
180061843,1
180061848,1
180061858,1
180061883,1
180061903,1
180061905,1
180062030,1
180062072,1
180062098,1
180062101,1
180062149,1
180062154,1
180062170,1
180062197,1
180062209,1
180062213,1
180062243,1
180062244,1
180062269,1
180062347,1
180062369,1
180062459,1
180062471,1
180062483,1
180062484,1
180062488,1
180062497,1
180062526,1
180062546,1
180062550,1
180062583,1
180062611,1
180062616,1
180062653,1
180062685,1
180062717,1
180062724,1
180062748,1
180062757,1
180062774,1
180062775,1
180062797,1
180062806,1
180062821,1
180062826,1
180062872,1
180062877,1
180062891,1
180062905,1
180062930,1
180062931,1
180062934,1
180062963,1
180062992,1
180063004,1
180063007,1
180063015,1
180063043,1
180063045,1
180063118,1
180063140,1
180063160,1
180063161,1
180063174,1
180063194,1
180063215,1
180063238,1
180063307,1
180063365,1
180063370,1
180063381,1
180063410,1
180063420,1
180063423,1
180063445,1
180063541,1
180063560,1
180063570,1
180063572,1
180063576,1
180063591,1
180063596,1
180063646,1
180063690,1
180063778,1
180063800,1
180063813,1
180063825,1
180063829,1
180063846,1
180063848,1
180063854,1
180063887,1
180063919,1
180063942,1
180063968,1
180064004,1
180064010,1
180064050,1
180064055,1
180064074,1
180064082,1
180064094,1
180064112,1
180064151,1
180064152,1
180064158,1
180064179,1
180064185,1
180064199,1
180064203,1
180064231,1
180064241,1
180064246,1
180064250,1
180064321,1
180064322,1
180064339,1
180064370,1
180064414,1
180064449,1
180064455,1
180064464,1
180064485,1
180064513,1
180064552,1
180064557,1
180064578,1
180064672,1
180064730,1
180064749,1
180064752,1
180064757,1
180064790,1
180064800,1
180064808,1
180064859,1
180064912,1
180064913,1
180064935,1
180064957,1
180064958,1
180064961,1
180064974,1
180064985,1
180064994,1
180065013,1
180065069,1
180065110,1
180065120,1
180065238,1
180065251,1
180065269,1
180065292,1
180065305,1
180065332,1
180065355,1
180065432,1
180065438,1
180065513,1
180065522,1
180065526,1
180065530,1
180065543,1
180065610,1
180065614,1
180065619,1
180065626,1
180065640,1
180065668,1
180065688,1
180065703,1
180065782,1
180065862,1
180065869,1
180065947,1
180066003,1
180066020,1
180066045,1
180066062,1
180066078,1
180066095,1
180066108,1
180066170,1
180066185,1
180066212,1
180066238,1
180066242,1
180066259,1
180066295,1
180066319,1
180066373,1
180066402,1
180066411,1
180066481,1
180066500,1
180066501,1
180066502,1
180066530,1
180066541,1
180066594,1
180066679,1
180066708,1
180066714,1
180066727,1
180066749,1
180066817,1
180066831,1
180066835,1
180066839,1
180066855,1
180066882,1
180066897,1
180066901,1
180066915,1
180066936,1
180066970,1
180066988,1
180067027,1
180067039,1
180067058,1
180067118,1
180067119,1
180067140,1
180067157,1
180067164,1
180067171,1
180067176,1
180067182,1
180067241,1
180067264,1
180067271,1
180067275,1
180067294,1
180067298,1
180067342,1
180067352,1
180067372,1
180067400,1
180067430,1
180067445,1
180067448,1
180067472,1
180067502,1
180067537,1
180067549,1
180067553,1
180067602,1
180067608,1
180067622,1
180067643,1
180067652,1
180067706,1
180067750,1
180067763,1
180067765,1
180067814,1
180067876,1
180067880,1
180067927,1
180067977,1
180067994,1
180068028,1
180068043,1
180068049,1
180068050,1
180068055,1
180068260,1
180068291,1
180068301,1
180068316,1
180068334,1
180068401,1
180068510,1
180068607,1
180068644,1
180068667,1
180068673,1
180068686,1
180068814,1
180068837,1
180068840,1
180068870,1
180068895,1
180068896,1
180068913,1
180068944,1
180068950,1
180068961,1
180068981,1
180069007,1
180069094,1
180069217,1
180069234,1
180069262,1
180069296,1
180069301,1
180069424,1
180069434,1
180069435,1
180069455,1
180069495,1
180069500,1
180069598,1
180069619,1
180069622,1
180069626,1
180069671,1
180069727,1
180069760,1
180069769,1
180069816,1
180069829,1
180069830,1
180069836,1
180069849,1
180069851,1
180069901,1
180069903,1
180069921,1
180069954,1
180069968,1
180069973,1
180069999,1
180070007,1
180070022,1
180070028,1
180070029,1
180070137,1
180070146,1
180070157,1
180070180,1
180070269,1
180070295,1
180070303,1
180070308,1
180070342,1
180070411,1
180070413,1
180070424,1
180070445,1
180070462,1
180070479,1
180070552,1
180070570,1
180070593,1
180070623,1
180070644,1
180070664,1
180070669,1
180070679,1
180070692,1
180070764,1
180070777,1
180070799,1
180070837,1
180070893,1
180070909,1
180070916,1
180070991,1
180070999,1
180071013,1
180071015,1
180071027,1
180071032,1
180071049,1
180071086,1
180071092,1
180071095,1
180071183,1
180071196,1
180071197,1
180071203,1
180071243,1
180071244,1
180071250,1
180071274,1
180071308,1
180071341,1
180071390,1
180071395,1
180071409,1
180071431,1
180071456,1
180071491,1
180071493,1
180071514,1
180071533,1
180071540,1
180071552,1
180071569,1
180071628,1
180071646,1
180071648,1
180071688,1
180071707,1
180071748,1
180071754,1
180071818,1
180071856,1
180071863,1
180071896,1
180071916,1
180071917,1
180071925,1
180071932,1
180072030,1
180072047,1
180072067,1
180072096,1
180072098,1
180072126,1
180072129,1
180072255,1
180072257,1
180072289,1
180072353,1
180072357,1
180072364,1
180072398,1
180072406,1
180072420,1
180072422,1
180072423,1
180072483,1
180072540,1
180072542,1
180072685,1
180072705,1
180072710,1
180072714,1
180072719,1
180072733,1
180072812,1
180072836,1
180072876,1
180072897,1
180072899,1
180072925,1
180072943,1
180072949,1
180072954,1
180072961,1
180073026,1
180073053,1
180073062,1
180073068,1
180073080,1
180073103,1
180073106,1
180073109,1
180073123,1
180073134,1
180073182,1
180073214,1
180073258,1
180073261,1
180073279,1
180073287,1
180073314,1
180073365,1
180073400,1
180073403,1
180073409,1
180073428,1
180073430,1
180073454,1
180073472,1
180073506,1
180073521,1
180073524,1
180073534,1
180073553,1
180073590,1
180073593,1
180073605,1
180073631,1
180073684,1
180073699,1
180073752,1
180073771,1
180073881,1
180073883,1
180073916,1
180073925,1
180073934,1
180073939,1
180073942,1
180073949,1
180073975,1
180073990,1
180074011,1
180074014,1
180074051,1
180074066,1
180074129,1
180074149,1
180074152,1
180074179,1
180074251,1
180074278,1
180074282,1
180074332,1
180074334,1
180074384,1
180074466,1
180074477,1
180074487,1
180074542,1
180074572,1
180074611,1
180074618,1
180074622,1
180074654,1
180074683,1
180074708,1
180074725,1
180074765,1
180074789,1
180074809,1
180074852,1
180074879,1
180074890,1
180075006,1
180075044,1
180075069,1
180075070,1
180075078,1
180075108,1
180075130,1
180075150,1
180075171,1
180075200,1
180075216,1
180075238,1
180075246,1
180075297,1
180075326,1
180075335,1
180075345,1
180075350,1
180075380,1
180075448,1
180075464,1
180075537,1
180075595,1
180075674,1
180075699,1
180075707,1
180075722,1
180075728,1
180075833,1
180075841,1
180075847,1
180075854,1
180075930,1
180075945,1
180075948,1
180075956,1
180075985,1
180076000,1
180076001,1
180076005,1
180076006,1
180076015,1
180076030,1
180076047,1
180076051,1
180076056,1
180076057,1
180076074,1
180076079,1
180076085,1
180076096,1
180076101,1
180076125,1
180076144,1
180076147,1
180076152,1
180076274,1
180076313,1
180076327,1
180076338,1
180076346,1
180076366,1
180076369,1
180076431,1
180076441,1
180076450,1
180076468,1
180076479,1
180076508,1
180076526,1
180076542,1
180076559,1
180076582,1
180076597,1
180076607,1
180076618,1
180076624,1
180076682,1
180076683,1
180076737,1
180076765,1
180076768,1
180076814,1
180076852,1
180076871,1
180076965,1
180076974,1
180076988,1
180077004,1
180077014,1
180077038,1
180077043,1
180077116,1
180077153,1
180077168,1
180077186,1
180077220,1
180077222,1
180077241,1
180077250,1
180077273,1
180077277,1
180077291,1
180077353,1
180077382,1
180077428,1
180077433,1
180077486,1
180077533,1
180077548,1
180077553,1
180077554,1
180077573,1
180077579,1
180077588,1
180077607,1
180077649,1
180077770,1
180077784,1
180077847,1
180077863,1
180077911,1
180077925,1
180077935,1
180077973,1
180078025,1
180078029,1
180078057,1
180078096,1
180078126,1
180078132,1
180078133,1
180078141,1
180078175,1
180078218,1
180078250,1
180078291,1
180078306,1
180078326,1
180078364,1
180078388,1
180078402,1
180078409,1
180078426,1
180078441,1
180078452,1
180078481,1
180078514,1
180078548,1
180078580,1
180078609,1
180078639,1
180078641,1
180078650,1
180078661,1
180078791,1
180078827,1
180078855,1
180078952,1
180078973,1
180079014,1
180079018,1
180079021,1
180079044,1
180079046,1
180079111,1
180079112,1
180079126,1
180079127,1
180079190,1
180079219,1
180079220,1
180079223,1
180079261,1
180079298,1
180079324,1
180079326,1
180079358,1
180079479,1
180079486,1
180079496,1
180079499,1
180079577,1
180079612,1
180079632,1
180079636,1
180079654,1
180079657,1
180079673,1
180079713,1
180079753,1
180079832,1
180079870,1
180079877,1
180079882,1
180079884,1
180079904,1
180079918,1
180079925,1
180079936,1
180079945,1
180079956,1
180079958,1
180079983,1
180080006,1
180080112,1
180080125,1
180080141,1
180080155,1
180080172,1
180080199,1
180080204,1
180080217,1
180080220,1
180080224,1
180080234,1
180080240,1
180080317,1
180080360,1
180080393,1
180080402,1
180080418,1
180080435,1
180080453,1
180080454,1
180080485,1
180080526,1
180080553,1
180080567,1
180080591,1
180080607,1
180080681,1
180080705,1
180080771,1
180080774,1
180080784,1
180080790,1
180080794,1
180080882,1
180080889,1
180080978,1
180081038,1
180081081,1
180081097,1
180081136,1
180081140,1
180081185,1
180081263,1
180081311,1
180081338,1
180081351,1
180081378,1
180081392,1
180081407,1
180081408,1
180081411,1
180081431,1
180081437,1
180081454,1
180081457,1
180081466,1
180081510,1
180081558,1
180081610,1
180081630,1
180081641,1
180081643,1
180081647,1
180081648,1
180081734,1
180081751,1
180081752,1
180081832,1
180081834,1
180081876,1
180081886,1
180081889,1
180081906,1
180081909,1
180081917,1
180081925,1
180081940,1
180081954,1
180081985,1
180081991,1
180082082,1
180082097,1
180082103,1
180082109,1
180082113,1
180082166,1
180082194,1
180082213,1
180082224,1
180082235,1
180082296,1
180082299,1
180082376,1
180082384,1
180082408,1
180082423,1
180082435,1
180082464,1
180082466,1
180082489,1
180082591,1
180082660,1
180082689,1
180082722,1
180082743,1
180082798,1
180082804,1
180082827,1
180082856,1
180082860,1
180082872,1
180082929,1
180082990,1
180083027,1
180083031,1
180083057,1
180083059,1
180083108,1
180083128,1
180083141,1
180083157,1
180083195,1
180083250,1
180083260,1
180083314,1
180083320,1
180083360,1
180083365,1
180083480,1
180083554,1
180083564,1
180083598,1
180083626,1
180083669,1
180083672,1
180083682,1
180083686,1
180083695,1
180083713,1
180083746,1
180083753,1
180083764,1
180083800,1
180083804,1
180083818,1
180083824,1
180083843,1
180083922,1
180083923,1
180083931,1
180083938,1
180083962,1
180083981,1
180083999,1
180084006,1
180084034,1
180084093,1
180084160,1
180084163,1
180084169,1
180084233,1
180084235,1
180084323,1
180084337,1
180084349,1
180084410,1
180084417,1
180084419,1
180084432,1
180084439,1
180084475,1
180084501,1
180084511,1
180084520,1
180084546,1
180084570,1
180084584,1
180084606,1
180084710,1
180084730,1
180084775,1
180084818,1
180084884,1
180084886,1
180084922,1
180085057,1
180085066,1
180085069,1
180085099,1
180085127,1
180085164,1
180085192,1
180085206,1
180085216,1
180085232,1
180085237,1
180085345,1
180085424,1
180085448,1
180085502,1
180085526,1
180085529,1
180085577,1
180085586,1
180085612,1
180085642,1
180085656,1
180085703,1
180085713,1
180085741,1
180085756,1
180085765,1
180085776,1
180085800,1
180085843,1
180085855,1
180085879,1
180085880,1
180085906,1
180085907,1
180085993,1
180086044,1
180086082,1
180086093,1
180086117,1
180086176,1
180086221,1
180086259,1
180086274,1
180086277,1
180086291,1
180086295,1
180086337,1
180086350,1
180086357,1
180086381,1
180086391,1
180086440,1
180086448,1
180086494,1
180086495,1
180086509,1
180086520,1
180086532,1
180086536,1
180086538,1
180086555,1
180086559,1
180086642,1
180086648,1
180086668,1
180086675,1
180086734,1
180086745,1
180086747,1
180086831,1
180086835,1
180086862,1
180086984,1
180087024,1
180087033,1
180087094,1
180087144,1
180087149,1
180087193,1
180087229,1
180087273,1
180087282,1
180087283,1
180087357,1
180087385,1
180087402,1
180087489,1
180087506,1
180087545,1
180087556,1
180087560,1
180087620,1
180087631,1
180087636,1
180087668,1
180087675,1
180087701,1
180087724,1
180087728,1
180087799,1
180087820,1
180087827,1
180087867,1
180087873,1
180087910,1
180087978,1
180087996,1
180088007,1
180088013,1
180088038,1
180088044,1
180088063,1
180088109,1
180088111,1
180088132,1
180088150,1
180088187,1
180088222,1
180088224,1
180088268,1
180088288,1
180088340,1
180088430,1
180088431,1
180088457,1
180088465,1
180088482,1
180088488,1
180088526,1
180088577,1
180088582,1
180088632,1
180088653,1
180088677,1
180088761,1
180088786,1
180088798,1
180088920,1
180088922,1
180088978,1
180089032,1
180089052,1
180089059,1
180089073,1
180089132,1
180089180,1
180089193,1
180089198,1
180089225,1
180089248,1
180089252,1
180089256,1
180089283,1
180089290,1
180089306,1
180089327,1
180089335,1
180089348,1
180089350,1
180089401,1
180089534,1
180089540,1
180089541,1
180089618,1
180089642,1
180089692,1
180089704,1
180089767,1
180089782,1
180089786,1
180089803,1
180089848,1
180089853,1
180089866,1
180089942,1
180089971,1
180090001,1
180090021,1
180090034,1
180090061,1
180090108,1
180090170,1
180090219,1
180090240,1
180090251,1
180090293,1
180090308,1
180090338,1
180090352,1
180090360,1
180090369,1
180090451,1
180090461,1
180090471,1
180090495,1
180090503,1
180090510,1
180090531,1
180090547,1
180090576,1
180090606,1
180090647,1
180090686,1
180090716,1
180090717,1
180090726,1
180090746,1
180090756,1
180090784,1
180090806,1
180090861,1
180090877,1
180090887,1
180090947,1
180090961,1
180091048,1
180091063,1
180091094,1
180091128,1
180091153,1
180091159,1
180091168,1
180091207,1
180091249,1
180091257,1
180091273,1
180091354,1
180091407,1
180091408,1
180091429,1
180091444,1
180091450,1
180091506,1
180091523,1
180091585,1
180091644,1
180091653,1
180091686,1
180091691,1
180091706,1
180091771,1
180091802,1
180091841,1
180091849,1
180091855,1
180091862,1
180091883,1
180091903,1
180091906,1
180091923,1
180091934,1
180091948,1
180091973,1
180091975,1
180091985,1
180091995,1
180091996,1
180092063,1
180092068,1
180092070,1
180092094,1
180092103,1
180092154,1
180092203,1
180092248,1
180092257,1
180092284,1
180092310,1
180092337,1
180092355,1
180092393,1
180092438,1
180092447,1
180092533,1
180092574,1
180092580,1
180092582,1
180092698,1
180092717,1
180092732,1
180092750,1
180092772,1
180092780,1
180092791,1
180092814,1
180092818,1
180092827,1
180092841,1
180092868,1
180092942,1
180092988,1
180093003,1
180093013,1
180093023,1
180093050,1
180093067,1
180093122,1
180093212,1
180093223,1
180093242,1
180093261,1
180093265,1
180093381,1
180093411,1
180093414,1
180093421,1
180093427,1
180093440,1
180093517,1
180093551,1
180093558,1
180093575,1
180093619,1
180093624,1
180093683,1
180093699,1
180093772,1
180093804,1
180093858,1
180093875,1
180093911,1
180093920,1
180093967,1
180093972,1
180093973,1
180093978,1
180093986,1
180094000,1
180094024,1
180094026,1
180094041,1
180094084,1
180094086,1
180094147,1
180094251,1
180094291,1
180094380,1
180094415,1
180094420,1
180094423,1
180094454,1
180094480,1
180094493,1
180094495,1
180094540,1
180094594,1
180094645,1
180094671,1
180094698,1
180094718,1
180094745,1
180094794,1
180094813,1
180094844,1
180094876,1
180094884,1
180094897,1
180094903,1
180094927,1
180094954,1
180095153,1
180095218,1
180095240,1
180095257,1
180095262,1
180095295,1
180095313,1
180095339,1
180095366,1
180095375,1
180095379,1
180095385,1
180095413,1
180095414,1
180095452,1
180095455,1
180095458,1
180095465,1
180095518,1
180095609,1
180095653,1
180095686,1
180095693,1
180095734,1
180095751,1
180095759,1
180095782,1
180095810,1
180095819,1
180095832,1
180095838,1
180095847,1
180095926,1
180095955,1
180095990,1
180096030,1
180096033,1
180096037,1
180096078,1
180096097,1
180096119,1
180096127,1
180096134,1
180096141,1
180096150,1
180096164,1
180096169,1
180096202,1
180096206,1
180096218,1
180096239,1
180096265,1
180096323,1
180096327,1
180096330,1
180096353,1
180096357,1
180096364,1
180096389,1
180096490,1
180096500,1
180096563,1
180096606,1
180096657,1
180096659,1
180096677,1
180096694,1
180096699,1
180096714,1
180096752,1
180096799,1
180096815,1
180096828,1
180096956,1
180096998,1
180096999,1
180097002,1
180097008,1
180097013,1
180097028,1
180097038,1
180097045,1
180097060,1
180097130,1
180097150,1
180097215,1
180097243,1
180097276,1
180097301,1
180097311,1
180097321,1
180097327,1
180097345,1
180097359,1
180097361,1
180097365,1
180097417,1
180097430,1
180097475,1
180097507,1
180097549,1
180097569,1
180097611,1
180097631,1
180097637,1
180097638,1
180097643,1
180097674,1
180097699,1
180097705,1
180097745,1
180097765,1
180097824,1
180097848,1
180097855,1
180097867,1
180097878,1
180097891,1
180097898,1
180097932,1
180097934,1
180097956,1
180097970,1
180098019,1
180098032,1
180098034,1
180098061,1
180098063,1
180098070,1
180098097,1
180098136,1
180098161,1
180098194,1
180098199,1
180098278,1
180098284,1
180098289,1
180098318,1
180098416,1
180098420,1
180098447,1
180098473,1
180098483,1
180098512,1
180098549,1
180098610,1
180098651,1
180098653,1
180098682,1
180098684,1
180098707,1
180098716,1
180098722,1
180098732,1
180098758,1
180098770,1
180098786,1
180098787,1
180098800,1
180098807,1
180098829,1
180098840,1
180098848,1
180098853,1
180098890,1
180098911,1
180098919,1
180099004,1
180099150,1
180099168,1
180099188,1
180099242,1
180099285,1
180099307,1
180099325,1
180099377,1
180099405,1
180099432,1
180099444,1
180099456,1
180099463,1
180099488,1
180099499,1
180099547,1
180099563,1
180099578,1
180099603,1
180099638,1
180099656,1
180099704,1
180099728,1
180099747,1
180099760,1
180099794,1
180099832,1
180099841,1
180099847,1
180099868,1
180099918,1
180099938,1
180099963,1
180099978,1
180099985,1
180100000,1
180100003,1
180100066,1
180100110,1
180100171,1
180100206,1
180100220,1
180100222,1
180100225,1
180100227,1
180100229,1
180100256,1
180100259,1
180100275,1
180100287,1
180100328,1
180100355,1
180100404,1
180100490,1
180100497,1
180100512,1
180100521,1
180100563,1
180100595,1
180100608,1
180100622,1
180100633,1
180100645,1
180100655,1
180100670,1
180100684,1
180100709,1
180100717,1
180100724,1
180100767,1
180100833,1
180100845,1
180100851,1
180100907,1
180100921,1
180100964,1
180100980,1
180100999,1
180101002,1
180101015,1
180101023,1
180101070,1
180101077,1
180101100,1
180101144,1
180101163,1
180101171,1
180101172,1
180101192,1
180101228,1
180101281,1
180101291,1
180101317,1
180101345,1
180101385,1
180101419,1
180101430,1
180101435,1
180101436,1
180101447,1
180101515,1
180101543,1
180101549,1
180101562,1
180101603,1
180101630,1
180101657,1
180101666,1
180101674,1
180101675,1
180101686,1
180101732,1
180101757,1
180101772,1
180101797,1
180101825,1
180101836,1
180101904,1
180101917,1
180101925,1
180101958,1
180102008,1
180102024,1
180102033,1
180102051,1
180102053,1
180102078,1
180102101,1
180102103,1
180102168,1
180102173,1
180102192,1
180102202,1
180102220,1
180102234,1
180102236,1
180102248,1
180102330,1
180102337,1
180102375,1
180102380,1
180102408,1
180102414,1
180102504,1
180102513,1
180102536,1
180102554,1
180102557,1
180102591,1
180102625,1
180102654,1
180102661,1
180102670,1
180102722,1
180102749,1
180102767,1
180102780,1
180102782,1
180102785,1
180102817,1
180102890,1
180102901,1
180102909,1
180102917,1
180102930,1
180102941,1
180102963,1
180102980,1
180102986,1
180102993,1
180102999,1
180103023,1
180103034,1
180103041,1
180103071,1
180103152,1
180103246,1
180103262,1
180103265,1
180103302,1
180103311,1
180103354,1
180103364,1
180103421,1
180103431,1
180103449,1
180103452,1
180103477,1
180103484,1
180103493,1
180103510,1
180103538,1
180103559,1
180103611,1
180103617,1
180103623,1
180103643,1
180103660,1
180103682,1
180103727,1
180103747,1
180103781,1
180103785,1
180103803,1
180103820,1
180103831,1
180103839,1
180103844,1
180103858,1
180103887,1
180103900,1
180103909,1
180103924,1
180103929,1
180103974,1
180104003,1
180104035,1
180104039,1
180104055,1
180104081,1
180104121,1
180104191,1
180104225,1
180104241,1
180104296,1
180104314,1
180104334,1
180104376,1
180104389,1
180104391,1
180104396,1
180104419,1
180104431,1
180104446,1
180104450,1
180104464,1
180104470,1
180104478,1
180104496,1
180104606,1
180104620,1
180104630,1
180104646,1
180104667,1
180104670,1
180104719,1
180104732,1
180104734,1
180104740,1
180104746,1
180104775,1
180104799,1
180104919,1
180104957,1
180104977,1
180105014,1
180105021,1
180105032,1
180105041,1
180105068,1
180105080,1
180105091,1
180105101,1
180105108,1
180105127,1
180105238,1
180105240,1
180105253,1
180105258,1
180105289,1
180105292,1
180105294,1
180105295,1
180105346,1
180105357,1
180105358,1
180105467,1
180105529,1
180105575,1
180105593,1
180105610,1
180105664,1
180105694,1
180105704,1
180105747,1
180105752,1
180105768,1
180105772,1
180105805,1
180105815,1
180105838,1
180105889,1
180105893,1
180105905,1
180105950,1
180105992,1
180106040,1
180106073,1
180106108,1
180106115,1
180106139,1
180106158,1
180106182,1
180106191,1
180106217,1
180106254,1
180106270,1
180106351,1
180106398,1
180106411,1
180106447,1
180106465,1
180106497,1
180106510,1
180106546,1
180106593,1
180106605,1
180106645,1
180106683,1
180106737,1
180106759,1
180106824,1
180106870,1
180106875,1
180106896,1
180106909,1
180106920,1
180106937,1
180106963,1
180106988,1
180107058,1
180107070,1
180107091,1
180107103,1
180107144,1
180107166,1
180107168,1
180107206,1
180107222,1
180107232,1
180107258,1
180107275,1
180107279,1
180107306,1
180107326,1
180107330,1
180107358,1
180107376,1
180107384,1
180107443,1
180107537,1
180107545,1
180107583,1
180107588,1
180107636,1
180107649,1
180107653,1
180107704,1
180107762,1
180107894,1
180107951,1
180108017,1
180108030,1
180108041,1
180108066,1
180108088,1
180108128,1
180108143,1
180108160,1
180108198,1
180108208,1
180108217,1
180108228,1
180108230,1
180108251,1
180108253,1
180108261,1
180108302,1
180108313,1
180108350,1
180108374,1
180108382,1
180108385,1
180108404,1
180108411,1
180108465,1
180108493,1
180108580,1
180108582,1
180108691,1
180108697,1
180108724,1
180108726,1
180108733,1
180108745,1
180108776,1
180108792,1
180108813,1
180108829,1
180108838,1
180108839,1
180108866,1
180108875,1
180108893,1
180108904,1
180108918,1
180108921,1
180108932,1
180108956,1
180108965,1
180109022,1
180109074,1
180109086,1
180109129,1
180109136,1
180109155,1
180109160,1
180109174,1
180109185,1
180109203,1
180109211,1
180109216,1
180109218,1
180109326,1
180109361,1
180109367,1
180109372,1
180109374,1
180109381,1
180109385,1
180109392,1
180109397,1
180109493,1
180109522,1
180109530,1
180109542,1
180109554,1
180109580,1
180109616,1
180109617,1
180109618,1
180109624,1
180109649,1
180109670,1
180109677,1
180109718,1
180109749,1
180109755,1
180109763,1
180109766,1
180109806,1
180109860,1
180109871,1
180109874,1
180109903,1
180109904,1
180109909,1
180109997,1
180110017,1
180110026,1
180110084,1
180110093,1
180110109,1
180110130,1
180110149,1
180110181,1
180110235,1
180110270,1
180110297,1
180110320,1
180110324,1
180110337,1
180110357,1
180110362,1
180110396,1
180110405,1
180110456,1
180110511,1
180110514,1
180110526,1
180110568,1
180110592,1
180110636,1
180110675,1
180110683,1
180110691,1
180110700,1
180110716,1
180110721,1
180110742,1
180110748,1
180110806,1
180110815,1
180110845,1
180110891,1
180110897,1
180110900,1
180110956,1
180110999,1
180111023,1
180111044,1
180111101,1
180111183,1
180111197,1
180111243,1
180111244,1
180111304,1
180111312,1
180111321,1
180111346,1
180111380,1
180111410,1
180111413,1
180111453,1
180111467,1
180111475,1
180111480,1
180111507,1
180111522,1
180111564,1
180111652,1
180111744,1
180111751,1
180111758,1
180111783,1
180111882,1
180111912,1
180111915,1
180111932,1
180111960,1
180111984,1
180111997,1
180112006,1
180112018,1
180112088,1
180112106,1
180112134,1
180112145,1
180112203,1
180112247,1
180112262,1
180112358,1
180112381,1
180112401,1
180112413,1
180112424,1
180112427,1
180112432,1
180112459,1
180112488,1
180112489,1
180112511,1
180112561,1
180112614,1
180112616,1
180112621,1
180112665,1
180112677,1
180112678,1
180112703,1
180112710,1
180112718,1
180112742,1
180112772,1
180112805,1
180112819,1
180112854,1
180112916,1
180112929,1
180112940,1
180112943,1
180112964,1
180112967,1
180112971,1
180112985,1
180113025,1
180113036,1
180113099,1
180113107,1
180113126,1
180113198,1
180113269,1
180113318,1
180113331,1
180113354,1
180113355,1
180113387,1
180113392,1
180113494,1
180113519,1
180113521,1
180113535,1
180113546,1
180113555,1
180113558,1
180113630,1
180113635,1
180113670,1
180113704,1
180113706,1
180113728,1
180113760,1
180113783,1
180113804,1
180113817,1
180113830,1
180113865,1
180113871,1
180113881,1
180113896,1
180113908,1
180113912,1
180113943,1
180113956,1
180113971,1
180113983,1
180113998,1
180114000,1
180114014,1
180114019,1
180114021,1
180114029,1
180114035,1
180114069,1
180114072,1
180114074,1
180114083,1
180114151,1
180114152,1
180114166,1
180114200,1
180114258,1
180114356,1
180114368,1
180114378,1
180114384,1
180114443,1
180114478,1
180114495,1
180114517,1
180114529,1
180114542,1
180114551,1
180114582,1
180114706,1
180114820,1
180114836,1
180114867,1
180114890,1
180114928,1
180114942,1
180115004,1
180115030,1
180115037,1
180115062,1
180115068,1
180115100,1
180115147,1
180115154,1
180115158,1
180115178,1
180115203,1
180115211,1
180115230,1
180115240,1
180115246,1
180115279,1
180115326,1
180115339,1
180115354,1
180115366,1
180115448,1
180115491,1
180115500,1
180115516,1
180115519,1
180115586,1
180115611,1
180115622,1
180115628,1
180115672,1
180115696,1
180115698,1
180115723,1
180115761,1
180115779,1
180115806,1
180115838,1
180115886,1
180115930,1
180115953,1
180115960,1
180115971,1
180116005,1
180116022,1
180116038,1
180116067,1
180116093,1
180116104,1
180116127,1
180116146,1
180116188,1
180116211,1
180116243,1
180116260,1
180116264,1
180116280,1
180116297,1
180116345,1
180116386,1
180116407,1
180116426,1
180116506,1
180116567,1
180116604,1
180116607,1
180116632,1
180116644,1
180116655,1
180116657,1
180116667,1
180116681,1
180116683,1
180116685,1
180116761,1
180116824,1
180116829,1
180116831,1
180116837,1
180116841,1
180116851,1
180116861,1
180116900,1
180116909,1
180116919,1
180116921,1
180116922,1
180116933,1
180116949,1
180116975,1
180116997,1
180117023,1
180117025,1
180117058,1
180117065,1
180117166,1
180117167,1
180117186,1
180117211,1
180117249,1
180117257,1
180117283,1
180117290,1
180117313,1
180117335,1
180117352,1
180117361,1
180117396,1
180117412,1
180117416,1
180117439,1
180117462,1
180117471,1
180117533,1
180117609,1
180117627,1
180117653,1
180117657,1
180117662,1
180117664,1
180117676,1
180117681,1
180117695,1
180117718,1
180117743,1
180117790,1
180117795,1
180117801,1
180117848,1
180117875,1
180117968,1
180117988,1
180117999,1
180118018,1
180118023,1
180118070,1
180118117,1
180118202,1
180118221,1
180118233,1
180118255,1
180118309,1
180118346,1
180118371,1
180118375,1
180118399,1
180118414,1
180118441,1
180118451,1
180118454,1
180118467,1
180118476,1
180118535,1
180118537,1
180118561,1
180118601,1
180118633,1
180118684,1
180118729,1
180118733,1
180118782,1
180118815,1
180118817,1
180118824,1
180118834,1
180118857,1
180118882,1
180118885,1
180118901,1
180118909,1
180118910,1
180118934,1
180118943,1
180119005,1
180119052,1
180119053,1
180119096,1
180119117,1
180119181,1
180119187,1
180119250,1
180119283,1
180119326,1
180119354,1
180119363,1
180119391,1
180119407,1
180119411,1
180119419,1
180119429,1
180119440,1
180119475,1
180119476,1
180119507,1
180119531,1
180119553,1
180119615,1
180119626,1
180119687,1
180119745,1
180119771,1
180119800,1
180119821,1
180119838,1
180119861,1
180119871,1
180119917,1
180119928,1
180119941,1
180119942,1
180119975,1
180119979,1
180119989,1
180120026,1
180120031,1
180120055,1
180120128,1
180120131,1
180120155,1
180120170,1
180120191,1
180120249,1
180120345,1
180120404,1
180120459,1
180120519,1
180120524,1
180120544,1
180120560,1
180120571,1
180120612,1
180120621,1
180120634,1
180120693,1
180120696,1
180120706,1
180120708,1
180120736,1
180120774,1
180120795,1
180120844,1
180120850,1
180120874,1
180120887,1
180120921,1
180120954,1
180120962,1
180121015,1
180121022,1
180121026,1
180121027,1
180121031,1
180121090,1
180121098,1
180121117,1
180121126,1
180121147,1
180121221,1
180121291,1
180121298,1
180121305,1
180121316,1
180121350,1
180121384,1
180121391,1
180121395,1
180121400,1
180121410,1
180121447,1
180121458,1
180121466,1
180121482,1
180121499,1
180121501,1
180121507,1
180121519,1
180121523,1
180121550,1
180121555,1
180121605,1
180121610,1
180121612,1
180121644,1
180121648,1
180121671,1
180121751,1
180121783,1
180121825,1
180121828,1
180121829,1
180121833,1
180121857,1
180121888,1
180121902,1
180121936,1
180122003,1
180122057,1
180122066,1
180122087,1
180122101,1
180122112,1
180122147,1
180122155,1
180122168,1
180122238,1
180122247,1
180122255,1
180122301,1
180122303,1
180122363,1
180122405,1
180122448,1
180122463,1
180122487,1
180122512,1
180122524,1
180122526,1
180122528,1
180122532,1
180122543,1
180122552,1
180122600,1
180122608,1
180122614,1
180122622,1
180122627,1
180122720,1
180122728,1
180122744,1
180122821,1
180122822,1
180122827,1
180122834,1
180122844,1
180122848,1
180122849,1
180122881,1
180122891,1
180122898,1
180122899,1
180122938,1
180123017,1
180123057,1
180123084,1
180123092,1
180123095,1
180123122,1
180123165,1
180123190,1
180123193,1
180123202,1
180123212,1
180123228,1
180123243,1
180123331,1
180123343,1
180123400,1
180123417,1
180123434,1
180123448,1
180123461,1
180123471,1
180123481,1
180123498,1
180123506,1
180123533,1
180123563,1
180123587,1
180123611,1
180123651,1
180123672,1
180123731,1
180123733,1
180123885,1
180123904,1
180123934,1
180123972,1
180123998,1
180124018,1
180124051,1
180124079,1
180124080,1
180124090,1
180124124,1
180124132,1
180124134,1
180124200,1
180124220,1
180124227,1
180124235,1
180124240,1
180124308,1
180124352,1
180124363,1
180124368,1
180124376,1
180124413,1
180124450,1
180124455,1
180124479,1
180124480,1
180124489,1
180124495,1
180124546,1
180124551,1
180124557,1
180124606,1
180124612,1
180124650,1
180124800,1
180124836,1
180124858,1
180124899,1
180124907,1
180124920,1
180124960,1
180124981,1
180125014,1
180125037,1
180125061,1
180125094,1
180125100,1
180125124,1
180125153,1
180125172,1
180125226,1
180125237,1
180125244,1
180125305,1
180125331,1
180125374,1
180125412,1
180125433,1
180125443,1
180125447,1
180125483,1
180125540,1
180125542,1
180125560,1
180125589,1
180125639,1
180125647,1
180125689,1
180125795,1
180125809,1
180125826,1
180125856,1
180125903,1
180125935,1
180126027,1
180126041,1
180126057,1
180126104,1
180126147,1
180126159,1
180126172,1
180126176,1
180126180,1
180126269,1
180126370,1
180126396,1
180126404,1
180126435,1
180126482,1
180126490,1
180126549,1
180126585,1
180126604,1
180126651,1
180126653,1
180126660,1
180126674,1
180126737,1
180126846,1
180126858,1
180126903,1
180126949,1
180126957,1
180127008,1
180127046,1
180127053,1
180127123,1
180127153,1
180127180,1
180127185,1
180127195,1
180127203,1
180127267,1
180127280,1
180127290,1
180127343,1
180127352,1
180127391,1
180127405,1
180127407,1
180127413,1
180127448,1
180127449,1
180127486,1
180127515,1
180127519,1
180127589,1
180127622,1
180127636,1
180127640,1
180127642,1
180127664,1
180127670,1
180127683,1
180127686,1
180127749,1
180127756,1
180127781,1
180127796,1
180127804,1
180127838,1
180127861,1
180127868,1
180127887,1
180128053,1
180128069,1
180128154,1
180128168,1
180128170,1
180128217,1
180128226,1
180128239,1
180128243,1
180128253,1
180128316,1
180128336,1
180128369,1
180128430,1
180128450,1
180128451,1
180128477,1
180128487,1
180128498,1
180128592,1
180128599,1
180128643,1
180128677,1
180128699,1
180128727,1
180128741,1
180128774,1
180128778,1
180128807,1
180128817,1
180128825,1
180128846,1
180128909,1
180128923,1
180128939,1
180128953,1
180128972,1
180129009,1
180129023,1
180129064,1
180129106,1
180129169,1
180129196,1
180129217,1
180129310,1
180129379,1
180129404,1
180129443,1
180129494,1
180129538,1
180129551,1
180129591,1
180129593,1
180129643,1
180129654,1
180129750,1
180129754,1
180129776,1
180129786,1
180129799,1
180129802,1
180129874,1
180129911,1
180129929,1
180129988,1
180130013,1
180130034,1
180130035,1
180130036,1
180130081,1
180130091,1
180130103,1
180130105,1
180130134,1
180130141,1
180130168,1
180130237,1
180130241,1
180130299,1
180130306,1
180130328,1
180130337,1
180130364,1
180130397,1
180130428,1
180130441,1
180130456,1
180130501,1
180130514,1
180130524,1
180130559,1
180130562,1
180130620,1
180130623,1
180130628,1
180130636,1
180130641,1
180130674,1
180130704,1
180130710,1
180130716,1
180130718,1
180130726,1
180130733,1
180130790,1
180130798,1
180130800,1
180130814,1
180130835,1
180130849,1
180130860,1
180130948,1
180130955,1
180130972,1
180131021,1
180131087,1
180131114,1
180131137,1
180131166,1
180131171,1
180131178,1
180131197,1
180131233,1
180131254,1
180131301,1
180131302,1
180131381,1
180131441,1
180131494,1
180131570,1
180131589,1
180131593,1
180131601,1
180131608,1
180131616,1
180131659,1
180131673,1
180131675,1
180131681,1
180131709,1
180131728,1
180131740,1
180131742,1
180131793,1
180131828,1
180131843,1
180131921,1
180131939,1
180131940,1
180131950,1
180131976,1
180131997,1
180131999,1
180132051,1
180132074,1
180132082,1
180132090,1
180132094,1
180132099,1
180132106,1
180132150,1
180132166,1
180132226,1
180132234,1
180132240,1
180132243,1
180132247,1
180132278,1
180132323,1
180132329,1
180132343,1
180132391,1
180132393,1
180132401,1
180132405,1
180132435,1
180132449,1
180132466,1
180132467,1
180132493,1
180132498,1
180132542,1
180132548,1
180132598,1
180132605,1
180132606,1
180132609,1
180132615,1
180132676,1
180132691,1
180132765,1
180132860,1
180132958,1
180132987,1
180133018,1
180133022,1
180133058,1
180133091,1
180133130,1
180133172,1
180133205,1
180133215,1
180133248,1
180133258,1
180133270,1
180133285,1
180133357,1
180133461,1
180133514,1
180133518,1
180133594,1
180133611,1
180133668,1
180133679,1
180133682,1
180133700,1
180133753,1
180133824,1
180133832,1
180133874,1
180133907,1
180133943,1
180133979,1
180134001,1
180134034,1
180134047,1
180134094,1
180134121,1
180134152,1
180134157,1
180134179,1
180134192,1
180134248,1
180134288,1
180134297,1
180134367,1
180134431,1
180134452,1
180134457,1
180134471,1
180134517,1
180134521,1
180134534,1
180134549,1
180134562,1
180134567,1
180134570,1
180134758,1
180134818,1
180134819,1
180134842,1
180134874,1
180134895,1
180134971,1
180135105,1
180135108,1
180135130,1
180135156,1
180135159,1
180135214,1
180135262,1
180135287,1
180135304,1
180135310,1
180135341,1
180135354,1
180135434,1
180135457,1
180135470,1
180135547,1
180135566,1
180135574,1
180135576,1
180135585,1
180135592,1
180135617,1
180135631,1
180135670,1
180135673,1
180135688,1
180135730,1
180135750,1
180135761,1
180135773,1
180135784,1
180135788,1
180135861,1
180135862,1
180135902,1
180135907,1
180135951,1
180135998,1
180136040,1
180136042,1
180136048,1
180136080,1
180136126,1
180136139,1
180136142,1
180136151,1
180136175,1
180136210,1
180136217,1
180136377,1
180136413,1
180136415,1
180136417,1
180136426,1
180136433,1
180136442,1
180136453,1
180136455,1
180136461,1
180136471,1
180136507,1
180136530,1
180136553,1
180136558,1
180136562,1
180136571,1
180136645,1
180136650,1
180136657,1
180136673,1
180136683,1
180136708,1
180136717,1
180136765,1
180136771,1
180136780,1
180136812,1
180136881,1
180136930,1
180136943,1
180136963,1
180137173,1
180137181,1
180137184,1
180137235,1
180137242,1
180137260,1
180137313,1
180137386,1
180137408,1
180137450,1
180137486,1
180137489,1
180137494,1
180137515,1
180137520,1
180137525,1
180137552,1
180137570,1
180137600,1
180137625,1
180137739,1
180137744,1
180137762,1
180137769,1
180137783,1
180137829,1
180137839,1
180137845,1
180137861,1
180137891,1
180137919,1
180137962,1
180137966,1
180137992,1
180138017,1
180138071,1
180138074,1
180138077,1
180138094,1
180138101,1
180138129,1
180138131,1
180138140,1
180138150,1
180138187,1
180138199,1
180138209,1
180138221,1
180138229,1
180138230,1
180138262,1
180138287,1
180138296,1
180138347,1
180138359,1
180138394,1
180138460,1
180138481,1
180138498,1
180138504,1
180138520,1
180138567,1
180138596,1
180138660,1
180138706,1
180138718,1
180138728,1
180138747,1
180138760,1
180138782,1
180138797,1
180138915,1
180138941,1
180138949,1
180138974,1
180138999,1
180139007,1
180139013,1
180139016,1
180139027,1
180139046,1
180139059,1
180139084,1
180139112,1
180139119,1
180139133,1
180139144,1
180139146,1
180139159,1
180139182,1
180139210,1
180139224,1
180139253,1
180139272,1
180139300,1
180139314,1
180139321,1
180139338,1
180139346,1
180139355,1
180139454,1
180139460,1
180139482,1
180139501,1
180139531,1
180139577,1
180139581,1
180139591,1
180139605,1
180139609,1
180139683,1
180139781,1
180139785,1
180139801,1
180139809,1
180139822,1
180139842,1
180139856,1
180139887,1
180139925,1
180139930,1
180140006,1
180140007,1
180140010,1
180140034,1
180140047,1
180140073,1
180140097,1
180140157,1
180140205,1
180140239,1
180140251,1
180140303,1
180140310,1
180140334,1
180140420,1
180140425,1
180140436,1
180140437,1
180140455,1
180140562,1
180140581,1
180140604,1
180140650,1
180140712,1
180140718,1
180140773,1
180140782,1
180140807,1
180140853,1
180140891,1
180140944,1
180140954,1
180140967,1
180141001,1
180141034,1
180141045,1
180141047,1
180141067,1
180141068,1
180141075,1
180141080,1
180141130,1
180141179,1
180141189,1
180141224,1
180141352,1
180141381,1
180141388,1
180141399,1
180141404,1
180141412,1
180141431,1
180141462,1
180141470,1
180141487,1
180141491,1
180141504,1
180141527,1
180141548,1
180141585,1
180141626,1
180141629,1
180141688,1
180141705,1
180141716,1
180141721,1
180141816,1
180141818,1
180141855,1
180141868,1
180141916,1
180141918,1
180141922,1
180141946,1
180141951,1
180141959,1
180141978,1
180142029,1
180142033,1
180142048,1
180142067,1
180142068,1
180142082,1
180142102,1
180142116,1
180142122,1
180142134,1
180142146,1
180142184,1
180142248,1
180142274,1
180142287,1
180142331,1
180142414,1
180142461,1
180142489,1
180142531,1
180142565,1
180142566,1
180142621,1
180142635,1
180142637,1
180142638,1
180142749,1
180142757,1
180142771,1
180142779,1
180142799,1
180142821,1
180142842,1
180142845,1
180142861,1
180142878,1
180142887,1
180142892,1
180142897,1
180142898,1
180142905,1
180142909,1
180142963,1
180142995,1
180143021,1
180143060,1
180143073,1
180143076,1
180143109,1
180143134,1
180143154,1
180143183,1
180143194,1
180143254,1
180143282,1
180143313,1
180143316,1
180143322,1
180143363,1
180143382,1
180143396,1
180143421,1
180143452,1
180143471,1
180143663,1
180143726,1
180143823,1
180143832,1
180143860,1
180143870,1
180143887,1
180143894,1
180143905,1
180143931,1
180143933,1
180143948,1
180143984,1
180144007,1
180144012,1
180144056,1
180144078,1
180144082,1
180144112,1
180144138,1
180144160,1
180144170,1
180144190,1
180144191,1
180144215,1
180144222,1
180144248,1
180144263,1
180144294,1
180144299,1
180144349,1
180144352,1
180144361,1
180144439,1
180144471,1
180144472,1
180144477,1
180144483,1
180144503,1
180144521,1
180144622,1
180144668,1
180144688,1
180144690,1
180144762,1
180144775,1
180144781,1
180144785,1
180144788,1
180144841,1
180144890,1
180144942,1
180144960,1
180144985,1
180144996,1
180145024,1
180145026,1
180145047,1
180145054,1
180145086,1
180145087,1
180145091,1
180145099,1
180145106,1
180145115,1
180145144,1
180145151,1
180145158,1
180145162,1
180145164,1
180145184,1
180145261,1
180145262,1
180145275,1
180145292,1
180145306,1
180145341,1
180145352,1
180145414,1
180145420,1
180145467,1
180145481,1
180145484,1
180145495,1
180145497,1
180145504,1
180145532,1
180145536,1
180145553,1
180145576,1
180145619,1
180145627,1
180145657,1
180145660,1
180145666,1
180145709,1
180145770,1
180145777,1
180145789,1
180145833,1
180145893,1
180145899,1
180145923,1
180145936,1
180145947,1
180145953,1
180145958,1
180145961,1
180145992,1
180146032,1
180146035,1
180146049,1
180146089,1
180146104,1
180146112,1
180146129,1
180146163,1
180146169,1
180146251,1
180146254,1
180146278,1
180146334,1
180146343,1
180146376,1
180146385,1
180146413,1
180146420,1
180146427,1
180146428,1
180146436,1
180146438,1
180146461,1
180146472,1
180146521,1
180146566,1
180146665,1
180146671,1
180146694,1
180146699,1
180146714,1
180146742,1
180146745,1
180146755,1
180146772,1
180146822,1
180146825,1
180146843,1
180146857,1
180146858,1
180146882,1
180146889,1
180146909,1
180146946,1
180146986,1
180147000,1
180147072,1
180147081,1
180147098,1
180147153,1
180147187,1
180147189,1
180147206,1
180147210,1
180147266,1
180147295,1
180147296,1
180147298,1
180147322,1
180147327,1
180147393,1
180147399,1
180147409,1
180147477,1
180147531,1
180147542,1
180147557,1
180147570,1
180147653,1
180147669,1
180147688,1
180147692,1
180147783,1
180147832,1
180147834,1
180147869,1
180147895,1
180147972,1
180148048,1
180148052,1
180148068,1
180148072,1
180148074,1
180148137,1
180148142,1
180148147,1
180148173,1
180148185,1
180148194,1
180148196,1
180148213,1
180148237,1
180148270,1
180148298,1
180148326,1
180148344,1
180148350,1
180148392,1
180148513,1
180148546,1
180148605,1
180148641,1
180148662,1
180148675,1
180148718,1
180148748,1
180148764,1
180148791,1
180148794,1
180148810,1
180148827,1
180148853,1
180148865,1
180148888,1
180148955,1
180148967,1
180149031,1
180149069,1
180149153,1
180149203,1
180149213,1
180149220,1
180149233,1
180149260,1
180149429,1
180149507,1
180149513,1
180149531,1
180149560,1
180149566,1
180149571,1
180149595,1
180149599,1
180149613,1
180149617,1
180149623,1
180149628,1
180149679,1
180149688,1
180149699,1
180149705,1
180149727,1
180149737,1
180149749,1
180149828,1
180149843,1
180149863,1
180149874,1
180149900,1
180149936,1
180150017,1
180150033,1
180150076,1
180150192,1
180150221,1
180150272,1
180150279,1
180150295,1
180150331,1
180150334,1
180150355,1
180150356,1
180150384,1
180150441,1
180150464,1
180150471,1
180150497,1
180150524,1
180150530,1
180150602,1
180150615,1
180150616,1
180150632,1
180150653,1
180150655,1
180150676,1
180150690,1
180150693,1
180150695,1
180150697,1
180150710,1
180150711,1
180150714,1
180150789,1
180150790,1
180150796,1
180150807,1
180150821,1
180150844,1
180150852,1
180150856,1
180150870,1
180150882,1
180150889,1
180150929,1
180150937,1
180150942,1
180150998,1
180151001,1
180151095,1
180151116,1
180151137,1
180151140,1
180151197,1
180151202,1
180151212,1
180151268,1
180151286,1
180151297,1
180151331,1
180151346,1
180151393,1
180151418,1
180151440,1
180151468,1
180151534,1
180151543,1
180151555,1
180151575,1
180151576,1
180151595,1
180151664,1
180151666,1
180151676,1
180151683,1
180151696,1
180151716,1
180151728,1
180151730,1
180151739,1
180151786,1
180151806,1
180151814,1
180151829,1
180151847,1
180151889,1
180151899,1
180151915,1
180151916,1
180151934,1
180151939,1
180151965,1
180152063,1
180152068,1
180152169,1
180152179,1
180152191,1
180152234,1
180152274,1
180152278,1
180152299,1
180152313,1
180152347,1
180152372,1
180152377,1
180152385,1
180152438,1
180152495,1
180152497,1
180152582,1
180152592,1
180152605,1
180152606,1
180152658,1
180152719,1
180152720,1
180152759,1
180152764,1
180152799,1
180152815,1
180152823,1
180152829,1
180152863,1
180152921,1
180152958,1
180152964,1
180152981,1
180152982,1
180152983,1
180152999,1
180153002,1
180153055,1
180153061,1
180153089,1
180153098,1
180153128,1
180153174,1
180153176,1
180153192,1
180153194,1
180153210,1
180153211,1
180153238,1
180153263,1
180153264,1
180153292,1
180153299,1
180153354,1
180153365,1
180153373,1
180153393,1
180153395,1
180153426,1
180153436,1
180153458,1
180153478,1
180153492,1
180153626,1
180153654,1
180153658,1
180153693,1
180153711,1
180153763,1
180153790,1
180153876,1
180153884,1
180153940,1
180153942,1
180153944,1
180153949,1
180153961,1
180153967,1
180153972,1
180153976,1
180153998,1
180154078,1
180154094,1
180154101,1
180154135,1
180154149,1
180154167,1
180154188,1
180154202,1
180154203,1
180154274,1
180154329,1
180154332,1
180154374,1
180154396,1
180154401,1
180154448,1
180154482,1
180154515,1
180154551,1
180154559,1
180154586,1
180154600,1
180154627,1
180154686,1
180154708,1
180154712,1
180154763,1
180154770,1
180154779,1
180154792,1
180154795,1
180154863,1
180154874,1
180154890,1
180154891,1
180154897,1
180154909,1
180154975,1
180154996,1
180154999,1
180155059,1
180155079,1
180155150,1
180155165,1
180155224,1
180155256,1
180155265,1
180155271,1
180155321,1
180155348,1
180155372,1
180155386,1
180155430,1
180155444,1
180155467,1
180155479,1
180155502,1
180155598,1
180155640,1
180155657,1
180155658,1
180155682,1
180155740,1
180155746,1
180155763,1
180155807,1
180155831,1
180155840,1
180155857,1
180155895,1
180155902,1
180155904,1
180155941,1
180155977,1
180156045,1
180156103,1
180156122,1
180156145,1
180156167,1
180156190,1
180156262,1
180156290,1
180156307,1
180156319,1
180156347,1
180156348,1
180156392,1
180156411,1
180156439,1
180156445,1
180156512,1
180156537,1
180156552,1
180156592,1
180156612,1
180156615,1
180156662,1
180156734,1
180156746,1
180156748,1
180156766,1
180156773,1
180156815,1
180156826,1
180156886,1
180156920,1
180156921,1
180156959,1
180156968,1
180156975,1
180156978,1
180156979,1
180157012,1
180157027,1
180157030,1
180157043,1
180157094,1
180157102,1
180157150,1
180157208,1
180157219,1
180157228,1
180157266,1
180157345,1
180157373,1
180157396,1
180157404,1
180157436,1
180157442,1
180157524,1
180157535,1
180157541,1
180157542,1
180157548,1
180157551,1
180157556,1
180157600,1
180157608,1
180157627,1
180157628,1
180157644,1
180157712,1
180157769,1
180157813,1
180157843,1
180157887,1
180157890,1
180157892,1
180157895,1
180157912,1
180157926,1
180157959,1
180157971,1
180158002,1
180158083,1
180158108,1
180158124,1
180158126,1
180158168,1
180158209,1
180158295,1
180158301,1
180158306,1
180158358,1
180158374,1
180158427,1
180158453,1
180158471,1
180158513,1
180158584,1
180158585,1
180158634,1
180158642,1
180158665,1
180158700,1
180158733,1
180158748,1
180158760,1
180158771,1
180158779,1
180158864,1
180158865,1
180158872,1
180158880,1
180158898,1
180158918,1
180158970,1
180158977,1
180159047,1
180159105,1
180159202,1
180159268,1
180159291,1
180159319,1
180159341,1
180159361,1
180159371,1
180159407,1
180159409,1
180159437,1
180159494,1
180159498,1
180159509,1
180159526,1
180159530,1
180159574,1
180159580,1
180159599,1
180159603,1
180159606,1
180159646,1
180159656,1
180159705,1
180159730,1
180159790,1
180159797,1
180159818,1
180159839,1
180159881,1
180159926,1
180159934,1
180159948,1
180159981,1
180160092,1
180160114,1
180160118,1
180160127,1
180160152,1
180160159,1
180160190,1
180160192,1
180160213,1
180160260,1
180160270,1
180160286,1
180160287,1
180160310,1
180160311,1
180160334,1
180160436,1
180160442,1
180160518,1
180160526,1
180160543,1
180160568,1
180160683,1
180160695,1
180160701,1
180160720,1
180160773,1
180160780,1
180160795,1
180160841,1
180160900,1
180160930,1
180160952,1
180160960,1
180161005,1
180161009,1
180161052,1
180161053,1
180161093,1
180161114,1
180161137,1
180161144,1
180161228,1
180161230,1
180161301,1
180161304,1
180161307,1
180161347,1
180161359,1
180161406,1
180161407,1
180161437,1
180161471,1
180161479,1
180161480,1
180161484,1
180161509,1
180161518,1
180161525,1
180161582,1
180161651,1
180161695,1
180161706,1
180161735,1
180161817,1
180161822,1
180161869,1
180161877,1
180161923,1
180161976,1
180161982,1
180161983,1
180161992,1
180161997,1
180162037,1
180162045,1
180162058,1
180162072,1
180162140,1
180162143,1
180162154,1
180162176,1
180162193,1
180162197,1
180162207,1
180162225,1
180162318,1
180162331,1
180162358,1
180162399,1
180162414,1
180162463,1
180162479,1
180162501,1
180162552,1
180162571,1
180162572,1
180162588,1
180162589,1
180162602,1
180162643,1
180162644,1
180162663,1
180162743,1
180162755,1
180162784,1
180162808,1
180162824,1
180162841,1
180162848,1
180162861,1
180162888,1
180162890,1
180162925,1
180162999,1
180163057,1
180163117,1
180163147,1
180163151,1
180163213,1
180163219,1
180163229,1
180163232,1
180163242,1
180163318,1
180163387,1
180163430,1
180163450,1
180163474,1
180163490,1
180163509,1
180163523,1
180163527,1
180163542,1
180163558,1
180163562,1
180163569,1
180163575,1
180163632,1
180163646,1
180163665,1
180163716,1
180163738,1
180163804,1
180163838,1
180163883,1
180163936,1
180163950,1
180163976,1
180163978,1
180163996,1
180164000,1
180164043,1
180164063,1
180164092,1
180164127,1
180164172,1
180164188,1
180164205,1
180164220,1
180164256,1
180164257,1
180164258,1
180164328,1
180164408,1
180164421,1
180164431,1
180164444,1
180164454,1
180164524,1
180164593,1
180164614,1
180164622,1
180164726,1
180164730,1
180164754,1
180164778,1
180164807,1
180164936,1
180164942,1
180164966,1
180165009,1
180165021,1
180165022,1
180165051,1
180165129,1
180165171,1
180165202,1
180165206,1
180165256,1
180165270,1
180165277,1
180165299,1
180165301,1
180165303,1
180165323,1
180165352,1
180165382,1
180165389,1
180165395,1
180165407,1
180165459,1
180165477,1
180165503,1
180165508,1
180165586,1
180165600,1
180165613,1
180165712,1
180165716,1
180165785,1
180165787,1
180165813,1
180165834,1
180165897,1
180165981,1
180166039,1
180166096,1
180166104,1
180166108,1
180166134,1
180166136,1
180166167,1
180166182,1
180166189,1
180166219,1
180166233,1
180166246,1
180166265,1
180166295,1
180166315,1
180166332,1
180166385,1
180166387,1
180166434,1
180166442,1
180166453,1
180166455,1
180166483,1
180166495,1
180166568,1
180166571,1
180166590,1
180166607,1
180166623,1
180166639,1
180166640,1
180166653,1
180166701,1
180166733,1
180166753,1
180166759,1
180166785,1
180166795,1
180166823,1
180166841,1
180166856,1
180166870,1
180166886,1
180166908,1
180166915,1
180166923,1
180166947,1
180167000,1
180167003,1
180167051,1
180167117,1
180167126,1
180167145,1
180167159,1
180167178,1
180167179,1
180167195,1
180167276,1
180167314,1
180167371,1
180167377,1
180167388,1
180167396,1
180167447,1
180167518,1
180167564,1
180167657,1
180167658,1
180167688,1
180167712,1
180167718,1
180167722,1
180167740,1
180167742,1
180167761,1
180167765,1
180167791,1
180167793,1
180167841,1
180167847,1
180167854,1
180167863,1
180167884,1
180167910,1
180167911,1
180167929,1
180167962,1
180167963,1
180167991,1
180167993,1
180168010,1
180168089,1
180168152,1
180168287,1
180168291,1
180168296,1
180168310,1
180168315,1
180168324,1
180168345,1
180168356,1
180168372,1
180168380,1
180168421,1
180168472,1
180168476,1
180168501,1
180168519,1
180168536,1
180168552,1
180168582,1
180168701,1
180168718,1
180168724,1
180168770,1
180168781,1
180168850,1
180168883,1
180168894,1
180168918,1
180168937,1
180168953,1
180168960,1
180169084,1
180169094,1
180169098,1
180169105,1
180169110,1
180169118,1
180169122,1
180169140,1
180169155,1
180169161,1
180169188,1
180169201,1
180169219,1
180169223,1
180169251,1
180169267,1
180169284,1
180169303,1
180169341,1
180169372,1
180169387,1
180169405,1
180169414,1
180169419,1
180169451,1
180169504,1
180169526,1
180169527,1
180169536,1
180169560,1
180169597,1
180169629,1
180169641,1
180169656,1
180169675,1
180169692,1
180169715,1
180169726,1
180169750,1
180169816,1
180169838,1
180169839,1
180169853,1
180169856,1
180169858,1
180169917,1
180169932,1
180169943,1
180169959,1
180170003,1
180170007,1
180170018,1
180170076,1
180170079,1
180170087,1
180170096,1
180170168,1
180170228,1
180170234,1
180170261,1
180170273,1
180170280,1
180170303,1
180170328,1
180170354,1
180170365,1
180170370,1
180170411,1
180170458,1
180170461,1
180170462,1
180170503,1
180170506,1
180170553,1
180170575,1
180170599,1
180170602,1
180170715,1
180170753,1
180170791,1
180170824,1
180170856,1
180170893,1
180170895,1
180170910,1
180170999,1
180171014,1
180171023,1
180171037,1
180171093,1
180171095,1
180171096,1
180171099,1
180171133,1
180171151,1
180171162,1
180171193,1
180171267,1
180171327,1
180171336,1
180171373,1
180171423,1
180171445,1
180171482,1
180171557,1
180171569,1
180171610,1
180171611,1
180171709,1
180171725,1
180171745,1
180171775,1
180171780,1
180171781,1
180171798,1
180171808,1
180171817,1
180171828,1
180171833,1
180171845,1
180171849,1
180171938,1
180171999,1
180172007,1
180172011,1
180172038,1
180172045,1
180172061,1
180172089,1
180172102,1
180172140,1
180172184,1
180172228,1
180172256,1
180172265,1
180172306,1
180172376,1
180172391,1
180172402,1
180172403,1
180172498,1
180172501,1
180172541,1
180172558,1
180172573,1
180172584,1
180172603,1
180172623,1
180172626,1
180172634,1
180172638,1
180172644,1
180172652,1
180172699,1
180172708,1
180172714,1
180172720,1
180172750,1
180172816,1
180172844,1
180172857,1
180172863,1
180172985,1
180172990,1
180173017,1
180173053,1
180173079,1
180173080,1
180173083,1
180173146,1
180173168,1
180173181,1
180173185,1
180173199,1
180173238,1
180173240,1
180173248,1
180173292,1
180173321,1
180173352,1
180173387,1
180173442,1
180173454,1
180173477,1
180173489,1
180173503,1
180173540,1
180173652,1
180173659,1
180173661,1
180173683,1
180173705,1
180173789,1
180173830,1
180173838,1
180173851,1
180173882,1
180173909,1
180173944,1
180173946,1
180173993,1
180174002,1
180174027,1
180174072,1
180174082,1
180174108,1
180174150,1
180174151,1
180174227,1
180174229,1
180174283,1
180174291,1
180174325,1
180174349,1
180174355,1
180174358,1
180174375,1
180174401,1
180174405,1
180174412,1
180174417,1
180174467,1
180174501,1
180174535,1
180174588,1
180174647,1
180174657,1
180174714,1
180174747,1
180174815,1
180174854,1
180174893,1
180174897,1
180174939,1
180174997,1
180175043,1
180175077,1
180175097,1
180175119,1
180175131,1
180175136,1
180175195,1
180175250,1
180175281,1
180175305,1
180175404,1
180175406,1
180175463,1
180175478,1
180175529,1
180175561,1
180175621,1
180175643,1
180175729,1
180175733,1
180175770,1
180175803,1
180175836,1
180175847,1
180175899,1
180175906,1
180175910,1
180175918,1
180175927,1
180175942,1
180175968,1
180176007,1
180176017,1
180176023,1
180176169,1
180176179,1
180176230,1
180176233,1
180176237,1
180176254,1
180176337,1
180176407,1
180176427,1
180176452,1
180176471,1
180176511,1
180176544,1
180176547,1
180176552,1
180176595,1
180176608,1
180176610,1
180176629,1
180176640,1
180176671,1
180176759,1
180176778,1
180176822,1
180176829,1
180176864,1
180176888,1
180176889,1
180176890,1
180176897,1
180176916,1
180176918,1
180176927,1
180176938,1
180176974,1
180176975,1
180176979,1
180176986,1
180176999,1
180177026,1
180177031,1
180177063,1
180177185,1
180177258,1
180177295,1
180177296,1
180177347,1
180177362,1
180177419,1
180177441,1
180177475,1
180177476,1
180177497,1
180177498,1
180177523,1
180177600,1
180177636,1
180177652,1
180177660,1
180177683,1
180177696,1
180177723,1
180177728,1
180177742,1
180177751,1
180177757,1
180177773,1
180177781,1
180177788,1
180177820,1
180177857,1
180177875,1
180177895,1
180177923,1
180177932,1
180177951,1
180177972,1
180177994,1
180178004,1
180178056,1
180178097,1
180178103,1
180178111,1
180178125,1
180178222,1
180178249,1
180178270,1
180178308,1
180178336,1
180178353,1
180178358,1
180178398,1
180178411,1
180178448,1
180178459,1
180178499,1
180178523,1
180178532,1
180178568,1
180178599,1
180178605,1
180178636,1
180178647,1
180178664,1
180178683,1
180178686,1
180178749,1
180178752,1
180178803,1
180178838,1
180178839,1
180178874,1
180178902,1
180178921,1
180178996,1
180179003,1
180179025,1
180179058,1
180179119,1
180179155,1
180179169,1
180179229,1
180179240,1
180179250,1
180179259,1
180179285,1
180179338,1
180179360,1
180179371,1
180179398,1
180179416,1
180179469,1
180179470,1
180179511,1
180179604,1
180179611,1
180179620,1
180179663,1
180179689,1
180179716,1
180179723,1
180179732,1
180179766,1
180179796,1
180179805,1
180179861,1
180179864,1
180179868,1
180179905,1
180179959,1
180179969,1
180179983,1
180180025,1
180180033,1
180180037,1
180180042,1
180180054,1
180180065,1
180180087,1
180180158,1
180180191,1
180180216,1
180180222,1
180180265,1
180180269,1
180180354,1
180180393,1
180180425,1
180180436,1
180180484,1
180180511,1
180180525,1
180180527,1
180180572,1
180180579,1
180180652,1
180180715,1
180180743,1
180180763,1
180180776,1
180180791,1
180180799,1
180180843,1
180180889,1
180180904,1
180180917,1
180180933,1
180180974,1
180180992,1
180180999,1
180181027,1
180181031,1
180181108,1
180181118,1
180181131,1
180181192,1
180181202,1
180181216,1
180181239,1
180181240,1
180181243,1
180181255,1
180181268,1
180181272,1
180181302,1
180181311,1
180181354,1
180181379,1
180181391,1
180181416,1
180181449,1
180181450,1
180181517,1
180181525,1
180181531,1
180181535,1
180181537,1
180181555,1
180181565,1
180181590,1
180181611,1
180181652,1
180181679,1
180181691,1
180181738,1
180181741,1
180181761,1
180181787,1
180181826,1
180181839,1
180181907,1
180181916,1
180181917,1
180181938,1
180181940,1
180182008,1
180182042,1
180182096,1
180182132,1
180182133,1
180182148,1
180182160,1
180182165,1
180182198,1
180182216,1
180182225,1
180182235,1
180182237,1
180182249,1
180182255,1
180182339,1
180182342,1
180182397,1
180182398,1
180182424,1
180182444,1
180182445,1
180182467,1
180182556,1
180182564,1
180182569,1
180182579,1
180182621,1
180182635,1
180182641,1
180182649,1
180182800,1
180182805,1
180182819,1
180182865,1
180182867,1
180182896,1
180182945,1
180182960,1
180182968,1
180182985,1
180182991,1
180182996,1
180183019,1
180183046,1
180183053,1
180183056,1
180183074,1
180183166,1
180183175,1
180183181,1
180183190,1
180183207,1
180183270,1
180183277,1
180183349,1
180183362,1
180183402,1
180183486,1
180183491,1
180183501,1
180183534,1
180183540,1
180183566,1
180183619,1
180183625,1
180183638,1
180183651,1
180183717,1
180183746,1
180183781,1
180183791,1
180183830,1
180183834,1
180183901,1
180183906,1
180183918,1
180183919,1
180183929,1
180183950,1
180183963,1
180183985,1
180183987,1
180184032,1
180184060,1
180184062,1
180184073,1
180184074,1
180184087,1
180184091,1
180184119,1
180184123,1
180184199,1
180184217,1
180184256,1
180184262,1
180184361,1
180184369,1
180184376,1
180184406,1
180184426,1
180184451,1
180184500,1
180184506,1
180184523,1
180184584,1
180184648,1
180184686,1
180184689,1
180184731,1
180184759,1
180184774,1
180184791,1
180184801,1
180184856,1
180184874,1
180184907,1
180184914,1
180184919,1
180184960,1
180184961,1
180184964,1
180184978,1
180184991,1
180184996,1
180184999,1
180185018,1
180185068,1
180185080,1
180185138,1
180185208,1
180185270,1
180185277,1
180185278,1
180185281,1
180185294,1
180185335,1
180185352,1
180185357,1
180185480,1
180185487,1
180185501,1
180185502,1
180185507,1
180185520,1
180185526,1
180185548,1
180185579,1
180185609,1
180185623,1
180185628,1
180185635,1
180185636,1
180185656,1
180185671,1
180185691,1
180185717,1
180185741,1
180185742,1
180185779,1
180185812,1
180185834,1
180185841,1
180185876,1
180185887,1
180185920,1
180185925,1
180185946,1
180185996,1
180186002,1
180186019,1
180186042,1
180186051,1
180186086,1
180186092,1
180186107,1
180186110,1
180186133,1
180186138,1
180186161,1
180186211,1
180186231,1
180186238,1
180186268,1
180186286,1
180186366,1
180186431,1
180186548,1
180186555,1
180186590,1
180186610,1
180186645,1
180186656,1
180186657,1
180186719,1
180186731,1
180186800,1
180186824,1
180186843,1
180186858,1
180186907,1
180186970,1
180186998,1
180187001,1
180187088,1
180187119,1
180187138,1
180187150,1
180187163,1
180187180,1
180187230,1
180187247,1
180187261,1
180187290,1
180187291,1
180187360,1
180187450,1
180187458,1
180187502,1
180187507,1
180187524,1
180187566,1
180187579,1
180187616,1
180187627,1
180187666,1
180187676,1
180187692,1
180187710,1
180187784,1
180187793,1
180187860,1
180187879,1
180187912,1
180187924,1
180187977,1
180188010,1
180188014,1
180188018,1
180188052,1
180188057,1
180188059,1
180188065,1
180188122,1
180188153,1
180188179,1
180188215,1
180188245,1
180188279,1
180188287,1
180188309,1
180188321,1
180188323,1
180188376,1
180188501,1
180188518,1
180188522,1
180188523,1
180188532,1
180188538,1
180188569,1
180188576,1
180188588,1
180188611,1
180188619,1
180188696,1
180188734,1
180188737,1
180188785,1
180188845,1
180188859,1
180188888,1
180188954,1
180188963,1
180188972,1
180188977,1
180188983,1
180189007,1
180189017,1
180189026,1
180189039,1
180189052,1
180189069,1
180189148,1
180189165,1
180189166,1
180189191,1
180189194,1
180189219,1
180189234,1
180189268,1
180189281,1
180189295,1
180189298,1
180189318,1
180189343,1
180189364,1
180189408,1
180189414,1
180189444,1
180189446,1
180189452,1
180189506,1
180189507,1
180189511,1
180189521,1
180189540,1
180189549,1
180189577,1
180189583,1
180189597,1
180189611,1
180189635,1
180189725,1
180189729,1
180189785,1
180189801,1
180189805,1
180189821,1
180189853,1
180189891,1
180189894,1
180189901,1
180189947,1
180189986,1
180190016,1
180190053,1
180190058,1
180190069,1
180190150,1
180190215,1
180190223,1
180190236,1
180190239,1
180190243,1
180190285,1
180190288,1
180190293,1
180190308,1
180190318,1
180190326,1
180190346,1
180190358,1
180190362,1
180190370,1
180190374,1
180190419,1
180190447,1
180190459,1
180190500,1
180190507,1
180190547,1
180190581,1
180190582,1
180190586,1
180190591,1
180190603,1
180190639,1
180190642,1
180190647,1
180190666,1
180190677,1
180190724,1
180190754,1
180190758,1
180190762,1
180190767,1
180190787,1
180190794,1
180190817,1
180190844,1
180190852,1
180190863,1
180190875,1
180190878,1
180190916,1
180190988,1
180190993,1
180190995,1
180191030,1
180191039,1
180191051,1
180191054,1
180191075,1
180191084,1
180191088,1
180191134,1
180191142,1
180191150,1
180191193,1
180191232,1
180191244,1
180191264,1
180191308,1
180191309,1
180191323,1
180191381,1
180191403,1
180191452,1
180191457,1
180191459,1
180191518,1
180191571,1
180191594,1
180191644,1
180191659,1
180191671,1
180191676,1
180191688,1
180191709,1
180191768,1
180191797,1
180191825,1
180191849,1
180191850,1
180191891,1
180191894,1
180191944,1
180191994,1
180192088,1
180192111,1
180192128,1
180192169,1
180192170,1
180192238,1
180192270,1
180192279,1
180192349,1
180192352,1
180192366,1
180192388,1
180192414,1
180192417,1
180192468,1
180192510,1
180192552,1
180192556,1
180192621,1
180192632,1
180192681,1
180192686,1
180192690,1
180192691,1
180192716,1
180192735,1
180192751,1
180192776,1
180192808,1
180192847,1
180192859,1
180192891,1
180192913,1
180192943,1
180192973,1
180192977,1
180193024,1
180193066,1
180193094,1
180193108,1
180193128,1
180193131,1
180193135,1
180193142,1
180193160,1
180193177,1
180193233,1
180193245,1
180193271,1
180193280,1
180193295,1
180193297,1
180193315,1
180193323,1
180193407,1
180193518,1
180193538,1
180193553,1
180193559,1
180193601,1
180193622,1
180193634,1
180193648,1
180193701,1
180193749,1
180193756,1
180193783,1
180193805,1
180193828,1
180193867,1
180193933,1
180193970,1
180194008,1
180194024,1
180194027,1
180194038,1
180194056,1
180194078,1
180194129,1
180194155,1
180194190,1
180194200,1
180194204,1
180194229,1
180194247,1
180194259,1
180194267,1
180194285,1
180194385,1
180194399,1
180194425,1
180194428,1
180194438,1
180194466,1
180194507,1
180194511,1
180194519,1
180194544,1
180194569,1
180194627,1
180194698,1
180194699,1
180194717,1
180194755,1
180194763,1
180194767,1
180194774,1
180194782,1
180194787,1
180194793,1
180194797,1
180194837,1
180194869,1
180194877,1
180194897,1
180194926,1
180194938,1
180194946,1
180194989,1
180195015,1
180195093,1
180195118,1
180195121,1
180195150,1
180195158,1
180195165,1
180195168,1
180195176,1
180195231,1
180195259,1
180195267,1
180195274,1
180195299,1
180195302,1
180195339,1
180195359,1
180195372,1
180195390,1
180195418,1
180195429,1
180195450,1
180195479,1
180195489,1
180195501,1
180195549,1
180195588,1
180195618,1
180195651,1
180195655,1
180195727,1
180195760,1
180195799,1
180195935,1
180195989,1
180195990,1
180195998,1
180196004,1
180196030,1
180196052,1
180196059,1
180196061,1
180196088,1
180196123,1
180196145,1
180196146,1
180196169,1
180196170,1
180196173,1
180196177,1
180196197,1
180196220,1
180196236,1
180196237,1
180196252,1
180196260,1
180196271,1
180196364,1
180196369,1
180196411,1
180196431,1
180196520,1
180196559,1
180196603,1
180196687,1
180196688,1
180196713,1
180196757,1
180196781,1
180196821,1
180196827,1
180196832,1
180196836,1
180196837,1
180196878,1
180196896,1
180196941,1
180197003,1
180197009,1
180197020,1
180197072,1
180197097,1
180197109,1
180197139,1
180197166,1
180197196,1
180197242,1
180197341,1
180197347,1
180197359,1
180197367,1
180197492,1
180197500,1
180197612,1
180197623,1
180197635,1
180197665,1
180197687,1
180197699,1
180197791,1
180197824,1
180197833,1
180197872,1
180197898,1
180198040,1
180198069,1
180198083,1
180198091,1
180198098,1
180198136,1
180198149,1
180198153,1
180198165,1
180198193,1
180198216,1
180198224,1
180198274,1
180198287,1
180198293,1
180198325,1
180198382,1
180198403,1
180198427,1
180198439,1
180198449,1
180198508,1
180198522,1
180198523,1
180198645,1
180198652,1
180198659,1
180198686,1
180198703,1
180198709,1
180198774,1
180198852,1
180198877,1
180198923,1
180198924,1
180198927,1
180198945,1
180198949,1
180198994,1
180199005,1
180199010,1
180199037,1
180199054,1
180199059,1
180199115,1
180199118,1
180199145,1
180199147,1
180199184,1
180199192,1
180199221,1
180199224,1
180199245,1
180199269,1
180199313,1
180199316,1
180199363,1
180199410,1
180199444,1
180199465,1
180199500,1
180199508,1
180199518,1
180199577,1
180199597,1
180199619,1
180199622,1
180199629,1
180199658,1
180199685,1
180199738,1
180199759,1
180199774,1
180199777,1
180199915,1
180199959,1
180200052,1
180200053,1
180200096,1
180200101,1
180200114,1
180200124,1
180200178,1
180200207,1
180200239,1
180200280,1
180200281,1
180200282,1
180200287,1
180200417,1
180200421,1
180200444,1
180200449,1
180200457,1
180200460,1
180200542,1
180200549,1
180200578,1
180200587,1
180200592,1
180200595,1
180200597,1
180200600,1
180200606,1
180200645,1
180200659,1
180200662,1
180200667,1
180200703,1
180200760,1
180200786,1
180200789,1
180200840,1
180200905,1
180200910,1
180200921,1
180200928,1
180200946,1
180201048,1
180201059,1
180201064,1
180201109,1
180201164,1
180201211,1
180201212,1
180201215,1
180201230,1
180201237,1
180201300,1
180201421,1
180201450,1
180201470,1
180201482,1
180201489,1
180201493,1
180201523,1
180201529,1
180201538,1
180201572,1
180201578,1
180201582,1
180201613,1
180201616,1
180201677,1
180201706,1
180201712,1
180201718,1
180201763,1
180201766,1
180201778,1
180201809,1
180201842,1
180201845,1
180201855,1
180201857,1
180201862,1
180201889,1
180201955,1
180201967,1
180202062,1
180202064,1
180202067,1
180202117,1
180202231,1
180202273,1
180202295,1
180202302,1
180202318,1
180202324,1
180202400,1
180202466,1
180202469,1
180202514,1
180202531,1
180202606,1
180202614,1
180202617,1
180202666,1
180202710,1
180202715,1
180202738,1
180202747,1
180202849,1
180202881,1
180202918,1
180202924,1
180202931,1
180202939,1
180202955,1
180202970,1
180202986,1
180203002,1
180203017,1
180203087,1
180203105,1
180203122,1
180203133,1
180203148,1
180203207,1
180203209,1
180203258,1
180203268,1
180203283,1
180203300,1
180203301,1
180203376,1
180203377,1
180203385,1
180203426,1
180203430,1
180203458,1
180203473,1
180203480,1
180203492,1
180203498,1
180203561,1
180203571,1
180203589,1
180203599,1
180203615,1
180203629,1
180203675,1
180203731,1
180203735,1
180203751,1
180203771,1
180203807,1
180203810,1
180203894,1
180203902,1
180203905,1
180203921,1
180203951,1
180203992,1
180204029,1
180204043,1
180204056,1
180204060,1
180204117,1
180204142,1
180204147,1
180204195,1
180204227,1
180204263,1
180204288,1
180204316,1
180204366,1
180204372,1
180204391,1
180204406,1
180204431,1
180204437,1
180204463,1
180204488,1
180204511,1
180204540,1
180204566,1
180204576,1
180204580,1
180204609,1
180204705,1
180204751,1
180204773,1
180204805,1
180204811,1
180204843,1
180204856,1
180204863,1
180204941,1
180204951,1
180204956,1
180205011,1
180205013,1
180205036,1
180205049,1
180205087,1
180205096,1
180205120,1
180205139,1
180205152,1
180205155,1
180205156,1
180205177,1
180205207,1
180205223,1
180205351,1
180205369,1
180205473,1
180205502,1
180205516,1
180205526,1
180205546,1
180205621,1
180205643,1
180205677,1
180205684,1
180205689,1
180205703,1
180205722,1
180205783,1
180205793,1
180205798,1
180205825,1
180205838,1
180205847,1
180205935,1
180205976,1
180205985,1
180206000,1
180206018,1
180206033,1
180206036,1
180206067,1
180206068,1
180206069,1
180206072,1
180206089,1
180206117,1
180206121,1
180206123,1
180206125,1
180206146,1
180206188,1
180206198,1
180206240,1
180206270,1
180206340,1
180206353,1
180206357,1
180206381,1
180206440,1
180206447,1
180206454,1
180206486,1
180206576,1
180206631,1
180206635,1
180206655,1
180206669,1
180206707,1
180206714,1
180206794,1
180206801,1
180206852,1
180206866,1
180206906,1
180206919,1
180206922,1
180206967,1
180206976,1
180206989,1
180207006,1
180207046,1
180207132,1
180207246,1
180207266,1
180207281,1
180207288,1
180207298,1
180207340,1
180207367,1
180207389,1
180207424,1
180207427,1
180207430,1
180207556,1
180207563,1
180207601,1
180207621,1
180207639,1
180207670,1
180207703,1
180207713,1
180207737,1
180207794,1
180207803,1
180207806,1
180207856,1
180207895,1
180207948,1
180207985,1
180207993,1
180208014,1
180208059,1
180208107,1
180208113,1
180208171,1
180208173,1
180208178,1
180208226,1
180208230,1
180208245,1
180208337,1
180208372,1
180208373,1
180208380,1
180208389,1
180208405,1
180208424,1
180208430,1
180208447,1
180208450,1
180208471,1
180208482,1
180208502,1
180208521,1
180208546,1
180208652,1
180208667,1
180208679,1
180208682,1
180208683,1
180208698,1
180208699,1
180208710,1
180208752,1
180208770,1
180208801,1
180208809,1
180208841,1
180208894,1
180208928,1
180208942,1
180208993,1
180209034,1
180209041,1
180209049,1
180209056,1
180209126,1
180209153,1
180209177,1
180209182,1
180209214,1
180209224,1
180209284,1
180209294,1
180209295,1
180209314,1
180209322,1
180209337,1
180209381,1
180209382,1
180209386,1
180209407,1
180209470,1
180209486,1
180209497,1
180209501,1
180209539,1
180209554,1
180209595,1
180209643,1
180209686,1
180209695,1
180209794,1
180209813,1
180209851,1
180209854,1
180209885,1
180209901,1
180209917,1
180209928,1
180209964,1
180210037,1
180210038,1
180210042,1
180210043,1
180210050,1
180210081,1
180210088,1
180210123,1
180210130,1
180210242,1
180210352,1
180210361,1
180210394,1
180210462,1
180210472,1
180210484,1
180210486,1
180210507,1
180210552,1
180210601,1
180210675,1
180210708,1
180210724,1
180210735,1
180210771,1
180210777,1
180210849,1
180210859,1
180210862,1
180210897,1
180210933,1
180210950,1
180210962,1
180210992,1
180210998,1
180211032,1
180211060,1
180211138,1
180211214,1
180211230,1
180211237,1
180211278,1
180211285,1
180211288,1
180211315,1
180211332,1
180211333,1
180211375,1
180211417,1
180211437,1
180211444,1
180211456,1
180211496,1
180211500,1
180211548,1
180211565,1
180211578,1
180211588,1
180211632,1
180211656,1
180211692,1
180211697,1
180211756,1
180211778,1
180211791,1
180211820,1
180211832,1
180211856,1
180211872,1
180211881,1
180211889,1
180211891,1
180211907,1
180211911,1
180211920,1
180211963,1
180211990,1
180212019,1
180212063,1
180212082,1
180212094,1
180212102,1
180212123,1
180212130,1
180212133,1
180212153,1
180212207,1
180212219,1
180212229,1
180212257,1
180212270,1
180212280,1
180212322,1
180212328,1
180212359,1
180212366,1
180212399,1
180212414,1
180212448,1
180212451,1
180212473,1
180212484,1
180212486,1
180212500,1
180212520,1
180212522,1
180212568,1
180212575,1
180212592,1
180212609,1
180212628,1
180212663,1
180212692,1
180212719,1
180212734,1
180212788,1
180212792,1
180212803,1
180212835,1
180212893,1
180212900,1
180212919,1
180212936,1
180212939,1
180212947,1
180212996,1
180213000,1
180213032,1
180213049,1
180213063,1
180213072,1
180213103,1
180213160,1
180213163,1
180213174,1
180213181,1
180213260,1
180213274,1
180213277,1
180213334,1
180213403,1
180213430,1
180213438,1
180213556,1
180213557,1
180213603,1
180213620,1
180213655,1
180213677,1
180213688,1
180213760,1
180213823,1
180213827,1
180213871,1
180213908,1
180213912,1
180213971,1
180214012,1
180214016,1
180214017,1
180214023,1
180214033,1
180214052,1
180214104,1
180214165,1
180214188,1
180214197,1
180214216,1
180214276,1
180214328,1
180214338,1
180214375,1
180214425,1
180214435,1
180214451,1
180214526,1
180214566,1
180214570,1
180214578,1
180214587,1
180214593,1
180214615,1
180214666,1
180214690,1
180214748,1
180214772,1
180214846,1
180214849,1
180214851,1
180214913,1
180214918,1
180214928,1
180214965,1
180214971,1
180215033,1
180215040,1
180215051,1
180215068,1
180215081,1
180215108,1
180215125,1
180215156,1
180215172,1
180215185,1
180215215,1
180215236,1
180215262,1
180215274,1
180215308,1
180215334,1
180215367,1
180215368,1
180215391,1
180215407,1
180215427,1
180215484,1
180215524,1
180215529,1
180215552,1
180215562,1
180215580,1
180215589,1
180215597,1
180215604,1
180215638,1
180215651,1
180215719,1
180215759,1
180215784,1
180215787,1
180215815,1
180215844,1
180215863,1
180215878,1
180215897,1
180215899,1
180215916,1
180215932,1
180215969,1
180215982,1
180215983,1
180215996,1
180216025,1
180216037,1
180216048,1
180216081,1
180216093,1
180216100,1
180216103,1
180216151,1
180216156,1
180216174,1
180216182,1
180216195,1
180216200,1
180216216,1
180216247,1
180216271,1
180216280,1
180216300,1
180216308,1
180216341,1
180216382,1
180216384,1
180216427,1
180216513,1
180216549,1
180216592,1
180216604,1
180216627,1
180216647,1
180216652,1
180216656,1
180216731,1
180216761,1
180216768,1
180216785,1
180216853,1
180216860,1
180216870,1
180216877,1
180216884,1
180216910,1
180216955,1
180216961,1
180217041,1
180217127,1
180217130,1
180217137,1
180217140,1
180217206,1
180217258,1
180217263,1
180217265,1
180217281,1
180217289,1
180217332,1
180217362,1
180217372,1
180217424,1
180217442,1
180217447,1
180217482,1
180217551,1
180217584,1
180217646,1
180217688,1
180217692,1
180217715,1
180217717,1
180217718,1
180217743,1
180217757,1
180217762,1
180217767,1
180217777,1
180217791,1
180217841,1
180217885,1
180217899,1
180217920,1
180217952,1
180217971,1
180217983,1
180217986,1
180218010,1
180218021,1
180218022,1
180218095,1
180218100,1
180218140,1
180218163,1
180218172,1
180218173,1
180218221,1
180218245,1
180218258,1
180218264,1
180218313,1
180218322,1
180218362,1
180218364,1
180218398,1
180218403,1
180218424,1
180218434,1
180218442,1
180218461,1
180218481,1
180218489,1
180218504,1
180218560,1
180218563,1
180218565,1
180218573,1
180218604,1
180218623,1
180218648,1
180218676,1
180218699,1
180218725,1
180218743,1
180218746,1
180218773,1
180218818,1
180218820,1
180218840,1
180219132,1
180219137,1
180219148,1
180219150,1
180219158,1
180219198,1
180219215,1
180219225,1
180219236,1
180219249,1
180219270,1
180219272,1
180219275,1
180219280,1
180219292,1
180219293,1
180219320,1
180219361,1
180219366,1
180219409,1
180219419,1
180219442,1
180219448,1
180219458,1
180219473,1
180219525,1
180219587,1
180219612,1
180219623,1
180219627,1
180219647,1
180219648,1
180219713,1
180219721,1
180219722,1
180219737,1
180219743,1
180219770,1
180219789,1
180219819,1
180219821,1
180219833,1
180219850,1
180219891,1
180219914,1
180219924,1
180219973,1
180219988,1
180219991,1
180220012,1
180220024,1
180220054,1
180220145,1
180220178,1
180220180,1
180220190,1
180220208,1
180220225,1
180220228,1
180220292,1
180220309,1
180220314,1
180220376,1
180220377,1
180220433,1
180220436,1
180220510,1
180220515,1
180220518,1
180220524,1
180220544,1
180220568,1
180220581,1
180220634,1
180220658,1
180220679,1
180220695,1
180220743,1
180220748,1
180220754,1
180220805,1
180220817,1
180220857,1
180220867,1
180220877,1
180220896,1
180220959,1
180220975,1
180220997,1
180221045,1
180221055,1
180221085,1
180221176,1
180221222,1
180221325,1
180221353,1
180221399,1
180221405,1
180221464,1
180221493,1
180221539,1
180221572,1
180221579,1
180221630,1
180221631,1
180221641,1
180221677,1
180221746,1
180221782,1
180221797,1
180221820,1
180221831,1
180221839,1
180221847,1
180221894,1
180221917,1
180221942,1
180221959,1
180221967,1
180222013,1
180222031,1
180222047,1
180222085,1
180222103,1
180222130,1
180222181,1
180222205,1
180222219,1
180222241,1
180222250,1
180222399,1
180222419,1
180222432,1
180222444,1
180222472,1
180222477,1
180222524,1
180222534,1
180222566,1
180222567,1
180222580,1
180222585,1
180222596,1
180222620,1
180222624,1
180222682,1
180222698,1
180222699,1
180222711,1
180222715,1
180222787,1
180222798,1
180222816,1
180222844,1
180222902,1
180222924,1
180222925,1
180222930,1
180222962,1
180223021,1
180223023,1
180223039,1
180223044,1
180223058,1
180223182,1
180223184,1
180223195,1
180223254,1
180223260,1
180223269,1
180223283,1
180223288,1
180223309,1
180223319,1
180223322,1
180223338,1
180223348,1
180223356,1
180223357,1
180223385,1
180223454,1
180223483,1
180223566,1
180223589,1
180223626,1
180223653,1
180223682,1
180223695,1
180223697,1
180223714,1
180223744,1
180223800,1
180223805,1
180223864,1
180223865,1
180223885,1
180223944,1
180223948,1
180223969,1
180223973,1
180223979,1
180223981,1
180224000,1
180224020,1
180224021,1
180224036,1
180224065,1
180224067,1
180224084,1
180224095,1
180224098,1
180224106,1
180224121,1
180224159,1
180224166,1
180224174,1
180224182,1
180224183,1
180224198,1
180224201,1
180224202,1
180224247,1
180224273,1
180224298,1
180224357,1
180224382,1
180224447,1
180224466,1
180224486,1
180224522,1
180224526,1
180224528,1
180224557,1
180224577,1
180224592,1
180224595,1
180224617,1
180224641,1
180224670,1
180224674,1
180224705,1
180224773,1
180224785,1
180224786,1
180224802,1
180224803,1
180224833,1
180224843,1
180224875,1
180224876,1
180224884,1
180224972,1
180225015,1
180225072,1
180225088,1
180225123,1
180225191,1
180225199,1
180225229,1
180225231,1
180225328,1
180225416,1
180225454,1
180225471,1
180225473,1
180225535,1
180225554,1
180225580,1
180225608,1
180225727,1
180225771,1
180225814,1
180225852,1
180225872,1
180225882,1
180225977,1
180225997,1
180226044,1
180226068,1
180226079,1
180226098,1
180226119,1
180226128,1
180226138,1
180226144,1
180226159,1
180226166,1
180226188,1
180226222,1
180226247,1
180226265,1
180226297,1
180226327,1
180226391,1
180226404,1
180226418,1
180226437,1
180226443,1
180226446,1
180226472,1
180226498,1
180226512,1
180226514,1
180226539,1
180226550,1
180226589,1
180226620,1
180226662,1
180226761,1
180226803,1
180226815,1
180226822,1
180226854,1
180226901,1
180226917,1
180226948,1
180226951,1
180226956,1
180227043,1
180227069,1
180227070,1
180227089,1
180227113,1
180227120,1
180227195,1
180227241,1
180227244,1
180227256,1
180227288,1
180227293,1
180227379,1
180227406,1
180227423,1
180227430,1
180227460,1
180227515,1
180227543,1
180227547,1
180227557,1
180227569,1
180227574,1
180227575,1
180227623,1
180227633,1
180227668,1
180227680,1
180227694,1
180227715,1
180227735,1
180227792,1
180227856,1
180227861,1
180227862,1
180227895,1
180227903,1
180227967,1
180227974,1
180227994,1
180228003,1
180228005,1
180228009,1
180228036,1
180228054,1
180228076,1
180228137,1
180228188,1
180228366,1
180228373,1
180228395,1
180228410,1
180228413,1
180228547,1
180228647,1
180228693,1
180228708,1
180228728,1
180228773,1
180228800,1
180228811,1
180228824,1
180228829,1
180228855,1
180228865,1
180228907,1
180228932,1
180228973,1
180229023,1
180229077,1
180229102,1
180229150,1
180229174,1
180229194,1
180229230,1
180229250,1
180229288,1
180229311,1
180229319,1
180229324,1
180229336,1
180229362,1
180229369,1
180229399,1
180229455,1
180229509,1
180229550,1
180229563,1
180229588,1
180229599,1
180229618,1
180229645,1
180229654,1
180229685,1
180229690,1
180229696,1
180229705,1
180229721,1
180229727,1
180229745,1
180229750,1
180229811,1
180229829,1
180229867,1
180229883,1
180229896,1
180229928,1
180229933,1
180229954,1
180230054,1
180230099,1
180230174,1
180230191,1
180230213,1
180230240,1
180230241,1
180230266,1
180230283,1
180230290,1
180230293,1
180230309,1
180230343,1
180230366,1
180230396,1
180230434,1
180230451,1
180230457,1
180230483,1
180230506,1
180230566,1
180230584,1
180230603,1
180230631,1
180230632,1
180230654,1
180230693,1
180230707,1
180230734,1
180230771,1
180230773,1
180230903,1
180230913,1
180230924,1
180230928,1
180230932,1
180230936,1
180230951,1
180230981,1
180230984,1
180230990,1
180231032,1
180231060,1
180231063,1
180231078,1
180231107,1
180231187,1
180231193,1
180231273,1
180231330,1
180231337,1
180231353,1
180231416,1
180231484,1
180231512,1
180231562,1
180231579,1
180231580,1
180231593,1
180231661,1
180231688,1
180231715,1
180231762,1
180231805,1
180231836,1
180231855,1
180231881,1
180231884,1
180231927,1
180231935,1
180231993,1
180232002,1
180232046,1
180232056,1
180232069,1
180232073,1
180232087,1
180232093,1
180232169,1
180232181,1
180232186,1
180232192,1
180232221,1
180232246,1
180232262,1
180232263,1
180232297,1
180232330,1
180232340,1
180232353,1
180232380,1
180232400,1
180232500,1
180232514,1
180232516,1
180232545,1
180232577,1
180232580,1
180232589,1
180232592,1
180232622,1
180232627,1
180232629,1
180232651,1
180232739,1
180232769,1
180232772,1
180232779,1
180232816,1
180232820,1
180232825,1
180232869,1
180232928,1
180232940,1
180232970,1
180232986,1
180233006,1
180233027,1
180233037,1
180233061,1
180233074,1
180233091,1
180233105,1
180233129,1
180233132,1
180233153,1
180233177,1
180233201,1
180233219,1
180233243,1
180233253,1
180233262,1
180233268,1
180233343,1
180233372,1
180233467,1
180233486,1
180233487,1
180233494,1
180233532,1
180233615,1
180233655,1
180233656,1
180233742,1
180233745,1
180233832,1
180233854,1
180233861,1
180233941,1
180234001,1
180234007,1
180234015,1
180234117,1
180234153,1
180234161,1
180234169,1
180234204,1
180234233,1
180234252,1
180234255,1
180234267,1
180234268,1
180234273,1
180234283,1
180234303,1
180234319,1
180234339,1
180234345,1
180234358,1
180234389,1
180234390,1
180234407,1
180234419,1
180234449,1
180234454,1
180234468,1
180234510,1
180234544,1
180234568,1
180234580,1
180234680,1
180234695,1
180234707,1
180234767,1
180234770,1
180234791,1
180234799,1
180234811,1
180234846,1
180234870,1
180234887,1
180234891,1
180234907,1
180234995,1
180235004,1
180235025,1
180235039,1
180235060,1
180235102,1
180235124,1
180235150,1
180235183,1
180235244,1
180235256,1
180235260,1
180235267,1
180235290,1
180235295,1
180235371,1
180235376,1
180235404,1
180235411,1
180235453,1
180235454,1
180235463,1
180235493,1
180235544,1
180235638,1
180235649,1
180235659,1
180235678,1
180235711,1
180235712,1
180235776,1
180235792,1
180235816,1
180235824,1
180235837,1
180235838,1
180235899,1
180235958,1
180235959,1
180235982,1
180235985,1
180236035,1
180236077,1
180236104,1
180236112,1
180236141,1
180236153,1
180236186,1
180236209,1
180236228,1
180236236,1
180236262,1
180236283,1
180236299,1
180236314,1
180236369,1
180236373,1
180236471,1
180236474,1
180236549,1
180236551,1
180236580,1
180236604,1
180236702,1
180236711,1
180236727,1
180236745,1
180236750,1
180236765,1
180236768,1
180236804,1
180236856,1
180236872,1
180236899,1
180236915,1
180236924,1
180236930,1
180236932,1
180236940,1
180236949,1
180236952,1
180236961,1
180236992,1
180236993,1
180237016,1
180237021,1
180237025,1
180237092,1
180237126,1
180237130,1
180237133,1
180237159,1
180237190,1
180237192,1
180237237,1
180237254,1
180237267,1
180237273,1
180237295,1
180237369,1
180237378,1
180237398,1
180237443,1
180237464,1
180237471,1
180237508,1
180237517,1
180237540,1
180237632,1
180237648,1
180237662,1
180237696,1
180237699,1
180237711,1
180237737,1
180237799,1
180237818,1
180237825,1
180237850,1
180237860,1
180237892,1
180237927,1
180237933,1
180237990,1
180238017,1
180238054,1
180238074,1
180238145,1
180238156,1
180238216,1
180238219,1
180238291,1
180238315,1
180238327,1
180238365,1
180238397,1
180238408,1
180238438,1
180238459,1
180238540,1
180238577,1
180238585,1
180238596,1
180238607,1
180238700,1
180238707,1
180238710,1
180238715,1
180238717,1
180238737,1
180238796,1
180238798,1
180238834,1
180238902,1
180238918,1
180238970,1
180239010,1
180239086,1
180239092,1
180239100,1
180239106,1
180239146,1
180239159,1
180239186,1
180239203,1
180239217,1
180239220,1
180239237,1
180239240,1
180239246,1
180239277,1
180239315,1
180239412,1
180239415,1
180239419,1
180239456,1
180239505,1
180239536,1
180239572,1
180239611,1
180239681,1
180239711,1
180239737,1
180239738,1
180239759,1
180239777,1
180239787,1
180239798,1
180239827,1
180239834,1
180239841,1
180239848,1
180239906,1
180239910,1
180239916,1
180239940,1
180239962,1
180239990,1
180239995,1
180240002,1
180240022,1
180240044,1
180240063,1
180240067,1
180240098,1
180240132,1
180240187,1
180240189,1
180240200,1
180240205,1
180240215,1
180240216,1
180240255,1
180240269,1
180240302,1
180240312,1
180240334,1
180240377,1
180240390,1
180240504,1
180240532,1
180240559,1
180240588,1
180240636,1
180240673,1
180240687,1
180240688,1
180240717,1
180240718,1
180240739,1
180240741,1
180240813,1
180240817,1
180240833,1
180240841,1
180240852,1
180240855,1
180240878,1
180240901,1
180240904,1
180240923,1
180240928,1
180240963,1
180240968,1
180241006,1
180241050,1
180241063,1
180241113,1
180241144,1
180241200,1
180241204,1
180241246,1
180241260,1
180241275,1
180241279,1
180241291,1
180241295,1
180241347,1
180241384,1
180241396,1
180241407,1
180241429,1
180241516,1
180241525,1
180241656,1
180241660,1
180241717,1
180241740,1
180241845,1
180241857,1
180241858,1
180241872,1
180241874,1
180241920,1
180241952,1
180241954,1
180242012,1
180242050,1
180242064,1
180242070,1
180242103,1
180242110,1
180242157,1
180242188,1
180242190,1
180242248,1
180242266,1
180242295,1
180242307,1
180242317,1
180242320,1
180242345,1
180242372,1
180242380,1
180242405,1
180242431,1
180242437,1
180242452,1
180242486,1
180242545,1
180242547,1
180242559,1
180242583,1
180242694,1
180242798,1
180242817,1
180242820,1
180242834,1
180242840,1
180242911,1
180242924,1
180242929,1
180242930,1
180242957,1
180242979,1
180243031,1
180243046,1
180243095,1
180243208,1
180243238,1
180243266,1
180243273,1
180243299,1
180243341,1
180243427,1
180243436,1
180243441,1
180243457,1
180243528,1
180243558,1
180243620,1
180243633,1
180243692,1
180243760,1
180243767,1
180243769,1
180243822,1
180243826,1
180243845,1
180243880,1
180243896,1
180243994,1
180243995,1
180244036,1
180244089,1
180244098,1
180244126,1
180244131,1
180244134,1
180244152,1
180244177,1
180244249,1
180244253,1
180244280,1
180244291,1
180244374,1
180244378,1
180244399,1
180244501,1
180244514,1
180244528,1
180244553,1
180244577,1
180244640,1
180244644,1
180244671,1
180244676,1
180244692,1
180244704,1
180244722,1
180244735,1
180244746,1
180244756,1
180244770,1
180244772,1
180244784,1
180244797,1
180244807,1
180244888,1
180244891,1
180244932,1
180244953,1
180244956,1
180244996,1
180245004,1
180245006,1
180245032,1
180245054,1
180245057,1
180245063,1
180245171,1
180245202,1
180245276,1
180245286,1
180245329,1
180245389,1
180245427,1
180245488,1
180245505,1
180245545,1
180245565,1
180245568,1
180245592,1
180245617,1
180245628,1
180245658,1
180245681,1
180245701,1
180245736,1
180245742,1
180245743,1
180245756,1
180245797,1
180245865,1
180245867,1
180245981,1
180246043,1
180246063,1
180246066,1
180246104,1
180246137,1
180246162,1
180246199,1
180246208,1
180246242,1
180246246,1
180246262,1
180246276,1
180246297,1
180246301,1
180246321,1
180246337,1
180246426,1
180246500,1
180246518,1
180246525,1
180246556,1
180246570,1
180246624,1
180246669,1
180246695,1
180246727,1
180246756,1
180246771,1
180246776,1
180246811,1
180246846,1
180246915,1
180246970,1
180246994,1
180247017,1
180247073,1
180247085,1
180247102,1
180247108,1
180247110,1
180247144,1
180247152,1
180247178,1
180247183,1
180247188,1
180247203,1
180247253,1
180247268,1
180247276,1
180247396,1
180247404,1
180247423,1
180247435,1
180247452,1
180247477,1
180247490,1
180247500,1
180247506,1
180247518,1
180247524,1
180247546,1
180247576,1
180247587,1
180247662,1
180247676,1
180247680,1
180247705,1
180247708,1
180247776,1
180247791,1
180247814,1
180247819,1
180247846,1
180247855,1
180247868,1
180247893,1
180247905,1
180247928,1
180247952,1
180247970,1
180248008,1
180248034,1
180248048,1
180248049,1
180248115,1
180248124,1
180248131,1
180248132,1
180248180,1
180248189,1
180248227,1
180248252,1
180248268,1
180248281,1
180248295,1
180248302,1
180248306,1
180248309,1
180248315,1
180248347,1
180248366,1
180248374,1
180248394,1
180248395,1
180248417,1
180248424,1
180248431,1
180248460,1
180248462,1
180248517,1
180248522,1
180248553,1
180248564,1
180248623,1
180248629,1
180248666,1
180248692,1
180248696,1
180248729,1
180248736,1
180248759,1
180248785,1
180248816,1
180248854,1
180248871,1
180248878,1
180248893,1
180248935,1
180248938,1
180248946,1
180248989,1
180249061,1
180249065,1
180249110,1
180249147,1
180249226,1
180249273,1
180249274,1
180249311,1
180249366,1
180249381,1
180249384,1
180249389,1
180249397,1
180249483,1
180249495,1
180249544,1
180249563,1
180249573,1
180249616,1
180249628,1
180249636,1
180249649,1
180249675,1
180249732,1
180249785,1
180249789,1
180249797,1
180249802,1
180249833,1
180249838,1
180249893,1
180249903,1
180249913,1
180249922,1
180249944,1
180249954,1
180249972,1
180249973,1
180249997,1
180250007,1
180250082,1
180250093,1
180250186,1
180250191,1
180250201,1
180250213,1
180250244,1
180250259,1
180250266,1
180250278,1
180250342,1
180250350,1
180250358,1
180250360,1
180250421,1
180250451,1
180250490,1
180250522,1
180250613,1
180250647,1
180250675,1
180250683,1
180250691,1
180250698,1
180250714,1
180250784,1
180250808,1
180250846,1
180250849,1
180250883,1
180250893,1
180250910,1
180250915,1
180250918,1
180250922,1
180250954,1
180250971,1
180251068,1
180251101,1
180251147,1
180251161,1
180251179,1
180251210,1
180251216,1
180251229,1
180251266,1
180251268,1
180251284,1
180251422,1
180251458,1
180251480,1
180251553,1
180251567,1
180251576,1
180251617,1
180251642,1
180251645,1
180251659,1
180251672,1
180251674,1
180251752,1
180251776,1
180251777,1
180251790,1
180251817,1
180251832,1
180251843,1
180251848,1
180251862,1
180251870,1
180251901,1
180251917,1
180251959,1
180251963,1
180251977,1
180251988,1
180252036,1
180252041,1
180252058,1
180252120,1
180252123,1
180252142,1
180252163,1
180252180,1
180252231,1
180252243,1
180252293,1
180252324,1
180252334,1
180252340,1
180252390,1
180252457,1
180252462,1
180252481,1
180252493,1
180252533,1
180252543,1
180252556,1
180252564,1
180252571,1
180252573,1
180252598,1
180252614,1
180252661,1
180252732,1
180252773,1
180252868,1
180252895,1
180252963,1
180253014,1
180253015,1
180253017,1
180253018,1
180253030,1
180253033,1
180253044,1
180253076,1
180253110,1
180253115,1
180253133,1
180253149,1
180253163,1
180253186,1
180253241,1
180253415,1
180253450,1
180253455,1
180253458,1
180253472,1
180253475,1
180253598,1
180253601,1
180253620,1
180253626,1
180253673,1
180253674,1
180253691,1
180253693,1
180253720,1
180253738,1
180253740,1
180253746,1
180253753,1
180253755,1
180253783,1
180253793,1
180253826,1
180253866,1
180253898,1
180253924,1
180253941,1
180253967,1
180253979,1
180254130,1
180254133,1
180254183,1
180254214,1
180254254,1
180254256,1
180254262,1
180254294,1
180254333,1
180254413,1
180254433,1
180254459,1
180254469,1
180254474,1
180254498,1
180254503,1
180254573,1
180254645,1
180254662,1
180254688,1
180254719,1
180254740,1
180254752,1
180254810,1
180254816,1
180254827,1
180254833,1
180254856,1
180254861,1
180254870,1
180254875,1
180254915,1
180254917,1
180254936,1
180254945,1
180255015,1
180255044,1
180255046,1
180255080,1
180255085,1
180255126,1
180255180,1
180255238,1
180255240,1
180255280,1
180255292,1
180255314,1
180255332,1
180255338,1
180255343,1
180255353,1
180255370,1
180255396,1
180255399,1
180255443,1
180255456,1
180255479,1
180255492,1
180255575,1
180255582,1
180255589,1
180255611,1
180255619,1
180255649,1
180255650,1
180255654,1
180255685,1
180255740,1
180255750,1
180255830,1
180255861,1
180255877,1
180256015,1
180256035,1
180256046,1
180256049,1
180256051,1
180256058,1
180256078,1
180256100,1
180256163,1
180256244,1
180256271,1
180256360,1
180256410,1
180256422,1
180256442,1
180256489,1
180256514,1
180256528,1
180256572,1
180256575,1
180256580,1
180256581,1
180256601,1
180256667,1
180256684,1
180256758,1
180256767,1
180256774,1
180256791,1
180256797,1
180256816,1
180256819,1
180256829,1
180256848,1
180256868,1
180256875,1
180256936,1
180256940,1
180256941,1
