value,count
"('2', '1')",2314
"('', '')",1966
"('2', '2', '1')",1134
"('2', '2')",882
"('', '', '', '')",802
"('', '', '')",776
"('2', '2', '2', '1')",593
"('2', '1', '2', '1')",483
"('2', '2', '2')",440
"('', '', '', '', '')",440
"('2', '2', '2', '2')",383
"('2', '3')",375
"('', '', '', '', '', '')",299
"('2', '2', '2', '2', '1')",296
"('2', '2', '2', '2', '2')",245
"('2', '2', '3')",192
"('', '', '', '', '', '', '')",171
"('2', '2', '1', '2', '1')",147
"('3', '1')",141
"('2', '2', '2', '2', '2', '1')",132
"('2', '2', '2', '2', '2', '2')",131
"('2',)",131
"('',)",116
"('4', '1')",110
"('2', '1', '2', '2', '1')",109
"('4', '2', '1')",98
"('2', '2', '2', '3')",97
"('2', '1', '', '')",87
"('2', '3', '2', '3')",87
"('2', '2', '2', '1', '2', '1')",86
"('', '', '', '', '', '', '', '')",83
"('2', '4', '1')",82
"('2', '', '', '1')",77
"('', '', '2', '1')",75
"('2', '2', '2', '2', '2', '2', '2')",74
"('2', '1', '2', '1', '2', '1')",70
"('3', '3')",67
"('3', '2', '1')",64
"('2', '3', '1')",64
"('1', '1')",62
"('1',)",61
"('2', '2', '1', '2', '2', '1')",58
"('4', '2', '2', '1')",57
"('2', '')",55
"('2', '2', '2', '2', '2', '2', '1')",53
"('', '1')",52
"('2', '1', '3', '1')",43
"('3', '2')",43
"('2', '2', '', '')",43
"('2', '2', '4', '1')",42
"('2', '1', '2', '2', '2', '1')",41
"('2', '4', '2', '1')",41
"('2', '3', '2', '1')",40
"('', '2', '1')",39
"('2', '2', '2', '2', '2', '2', '2', '2')",37
"('', '', '2', '2')",37
"('2', '1', '1')",37
"('', '', '1')",35
"('2', '3', '2')",34
"('2', '2', '1', '', '')",32
"('2', '2', '3', '1')",31
"('3',)",31
"('2', '2', '2', '2', '1', '2', '1')",30
"('2', '2', '2', '2', '3')",30
"('1', '2', '1')",30
"('', '', '2', '3')",29
"('', '2')",29
"('4', '1', '2', '1')",29
"('3', '2', '2', '1')",28
"('2', '', '')",28
"('2', '3', '', '')",28
"('', '', '', '', '', '', '', '', '')",28
"('3', '2', '3')",28
"('1', '2')",26
"('4', '2', '2')",26
"('2', '4', '2')",26
"('2', '1', '2')",25
"('4', '4')",25
"('2', '3', '2', '2', '3')",24
"('2', '', '', '2', '1')",24
"('2', '1', '1', '1')",24
"('2', '2', '2', '2', '2', '2', '2', '1')",24
"('4', '2', '4', '1')",24
"('2', '', '', '2')",23
"('2', '1', '', '', '')",23
"('2', '2', '2', '4', '1')",23
"('2', '1', '2', '2', '1', '2', '1')",23
"('4', '2', '2', '2', '1')",22
"('2', '4')",21
"('2', '3', '3')",21
"('3', '1', '2', '1')",21
"('4', '1', '4', '1')",21
"('', '', '', '', '', '', '', '', '', '')",21
"('', '', '', '', '2', '1')",21
"('3', '2', '2')",21
"('3', '2', '3', '1')",20
"('2', '2', '3', '2', '3')",20
"('2', '', '1')",20
"('4', '4', '1')",20
"('2', '2', '3', '2')",19
"('4', '2')",19
"('2', '2', '2', '1', '2', '2', '1')",19
"('2', '2', '', '', '1')",19
"('2', '2', '3', '2', '1')",18
"('2', '2', '2', '1', '', '')",18
"('', '2', '2')",18
"('3', '2', '2', '2')",18
"('2', '2', '1', '1')",18
"('1', '2', '1', '1')",18
"('2', '3', '3', '3')",18
"('', '', '2')",18
"('2', '4', '2', '2', '1')",18
"('2', '2', '', '', '')",17
"('2', '2', '')",17
"('4', '2', '3')",17
"('2', '1', '4', '1')",17
"('2', '2', '1', '2', '1', '2', '1')",16
"('2', '2', '2', '2', '2', '3')",16
"('2', '3', '2', '2')",16
"('1', '1', '2', '1')",16
"('2', '1', '2', '2')",16
"('4', '')",16
"('', '', '2', '2', '1')",15
"('2', '2', '', '', '2', '1')",15
"('2', '2', '2', '2', '', '')",15
"('', '3')",15
"('2', '2', '1', '2', '2', '2', '1')",14
"('3', '2', '2', '2', '1')",14
"('', '', '2', '2', '2')",14
"('3', '3', '1')",14
"('2', '', '2', '1')",14
"('2', '2', '4', '2', '1')",14
"('', '', '2', '2', '2', '1')",14
"('2', '4', '2', '2')",14
"('2', '2', '2', '', '')",13
"('2', '2', '1', '3', '1')",13
"('2', '2', '2', '3', '2', '3')",13
"('2', '2', '2', '4', '2')",13
"('2', '2', '2', '2', '1', '2', '2', '1')",13
"('4', '2', '2', '2', '2')",13
"('3', '3', '2', '3')",13
"('3', '3', '3')",13
"('4', '3')",13
"('2', '', '', '3')",13
"('2', '2', '2', '2', '2', '1', '2', '1')",12
"('2', '2', '2', '2', '2', '2', '2', '2', '2')",12
"('2', '', '', '1', '2', '1')",12
"('3', '2', '3', '2')",12
"('2', '1', '2', '2', '2', '2', '1')",12
"('2', '1', '2', '1', '2', '2', '1')",12
"('', '', '', '', '2', '2')",12
"('', '', '', '2', '1')",12
"('2', '', '', '2', '2')",12
"('4',)",12
"('3', '2', '2', '2', '2', '2')",11
"('1', '3')",11
"('2', '', '', '')",11
"('2', '2', '', '1')",11
"('', '1', '2', '1')",11
"('', '', '3', '1')",11
"('2', '', '2')",11
"('2', '2', '2', '3', '2')",11
"('2', '', '', '', '')",11
"('2', '4', '3')",11
"('3', '1', '3', '1')",11
"('2', '2', '4', '2', '2', '1')",11
"('2', '2', '2', '2', '2', '2', '2', '2', '1')",10
"('2', '', '2', '2', '1')",10
"('2', '2', '4', '2')",10
"('3', '2', '1', '2', '1')",10
"('2', '1', '', '', '', '')",10
"('1', '2', '2', '1')",10
"('2', '2', '2', '3', '1')",10
"('2', '1', '3', '2', '1')",10
"('2', '3', '2', '3', '2', '3')",10
"('', '', '', '', '', '', '', '', '', '', '')",10
"('2', '', '', '', '', '1')",10
"('2', '3', '2', '2', '1')",10
"('', '2', '2', '2')",10
"('2', '4', '4', '1')",10
"('4', '', '', '1')",10
"('4', '4', '2', '1')",10
"('4', '2', '2', '2', '2', '1')",10
"('4', '', '')",10
"('', '', '3', '2')",10
"('', '', '', '', '2', '2', '1')",10
"('2', '1', '2', '1', '1')",9
"('2', '', '', '2', '2', '2')",9
"('4', '2', '2', '2')",9
"('2', '', '', '', '1')",9
"('2', '2', '2', '1', '2', '2', '2', '1')",9
"('2', '2', '2', '3', '3')",9
"('', '', '2', '1', '', '')",9
"('1', '2', '2', '2', '1')",9
"('3', '')",9
"('2', '2', '', '', '', '')",9
"('1', '2', '1', '2')",9
"('3', '2', '2', '2', '2', '1')",9
"('4', '2', '3', '1')",9
"('4', '2', '4', '2')",9
"('4', '1', '2', '2', '1')",9
"('4', '2', '4', '2', '1')",9
"('2', '2', '2', '2', '4', '2')",9
"('2', '1', '2', '4', '1')",9
"('1', '1', '1', '1')",8
"('3', '2', '2', '2', '3')",8
"('4', '2', '2', '1', '2', '1')",8
"('2', '2', '2', '2', '3', '2')",8
"('', '2', '2', '')",8
"('3', '3', '3', '3')",8
"('2', '2', '2', '2', '2', '2', '2', '2', '2', '2')",8
"('2', '2', '1', '1', '1')",8
"('2', '2', '2', '4', '2', '1')",8
"('2', '2', '3', '2', '2')",8
"('3', '2', '3', '3')",8
"('', '2', '3')",8
"('', '', '2', '2', '1', '2', '1')",8
"('', '2', '2', '1')",8
"('2', '4', '1', '2', '1')",8
"('4', '2', '1', '2', '1')",8
"('1', '1', '1')",7
"('2', '2', '1', '2', '2')",7
"('2', '2', '2', '1', '2', '1', '2', '1')",7
"('2', '4', '2', '4', '1')",7
"('2', '2', '2', '1', '3', '1')",7
"('', '', '', '2', '2')",7
"('3', '2', '2', '2', '2')",7
"('2', '2', '2', '')",7
"('3', '2', '3', '3', '3')",7
"('4', '2', '2', '2', '2', '2', '1')",7
"('2', '2', '2', '2', '2', '2', '3')",7
"('', '', '', '2')",7
"('2', '2', '1', '2')",7
"('2', '', '2', '2')",7
"('', '2', '2', '2', '1')",7
"('4', '2', '2', '2', '2', '2')",7
"('2', '2', '4')",7
"('2', '1', '', '', '2', '1')",7
"('', '4', '1')",7
"('2', '', '', '', '', '')",7
"('4', '4', '4', '1')",7
"('', '4')",7
"('2', '2', '2', '2', '2', '', '')",6
"('2', '2', '', '2')",6
"('2', '1', '2', '2', '2', '2', '1', '2', '1')",6
"('2', '3', '1', '3', '1')",6
"('2', '', '', '2', '2', '1')",6
"('1', '1', '2', '2', '1')",6
"('1', '2', '2')",6
"('2', '2', '', '', '2')",6
"('4', '2', '2', '2', '2', '2', '2', '1')",6
"('2', '1', '3')",6
"('', '2', '2', '2', '2')",6
"('2', '', '', '', '', '2')",6
"('', '', '', '', '1')",6
"('1', '2', '1', '2', '1')",6
"('4', '1', '2', '1', '2', '1')",6
"('', '2', '2', '3')",6
"('2', '2', '2', '2', '')",6
"('2', '', '3')",6
"('2', '1', '2', '1', '1', '1')",6
"('2', '2', '1', '2', '2', '2', '2', '1')",6
"('2', '', '', '1', '', '')",6
"('2', '2', '2', '1', '', '', '')",6
"('2', '', '', '3', '1')",6
"('', '', '3', '3')",6
"('2', '3', '', '', '', '')",6
"('4', '2', '2', '2', '3')",6
"('3', '3', '', '')",6
"('2', '', '', '2', '3')",6
"('3', '2', '2', '3')",6
"('3', '', '')",6
"('3', '', '1')",6
"('2', '2', '4', '2', '2', '2')",6
"('4', '3', '2', '1')",6
"('3', '2', '4', '1')",6
"('2', '4', '2', '2', '2', '2', '2')",6
"('4', '', '', '')",6
"('4', '2', '1', '2', '2', '1')",6
"('2', '2', '1', '2', '4', '1')",6
"('2', '1', '4', '2', '1')",6
"('4', '1', '2', '2', '2', '1')",6
"('4', '2', '2', '4', '2')",6
"('', '', '3')",6
"('2', '3', '1', '2', '1')",5
"('2', '3', '3', '1')",5
"('2', '1', '2', '1', '', '')",5
"('2', '2', '3', '3', '2', '3')",5
"('2', '2', '2', '2', '', '', '')",5
"('2', '2', '1', '', '', '')",5
"('2', '2', '2', '2', '2', '2', '1', '2', '2', '1')",5
"('2', '2', '2', '2', '2', '2', '2', '2', '2', '2', '2', '2')",5
"('2', '2', '2', '2', '2', '2', '1', '2', '1')",5
"('1', '2', '2', '2', '2', '1')",5
"('2', '2', '2', '1', '1')",5
"('2', '1', '', '1')",5
"('2', '2', '2', '2', '1', '', '')",5
"('2', '2', '1', '2', '')",5
"('2', '3', '2', '1', '2', '1')",5
"('2', '2', '2', '2', '2', '1', '', '')",5
"('2', '1', '2', '2', '2', '1', '2', '1')",5
"('2', '2', '3', '', '')",5
"('2', '2', '2', '2', '3', '1')",5
"('2', '1', '2', '')",5
"('2', '1', '2', '1', '2', '1', '2', '1')",5
"('2', '2', '3', '1', '2', '1')",5
"('1', '2', '1', '1', '1')",5
"('2', '', '', '3', '3')",5
"('2', '3', '', '', '')",5
"('', '', '', '3')",5
"('', '', '2', '2', '', '')",5
"('2', '2', '3', '3')",5
"('2', '2', '1', '4', '1')",5
"('2', '', '', '2', '2', '2', '1')",5
"('', '', '', '1')",5
"('2', '2', '1', '2', '1', '', '')",5
"('2', '2', '4', '3')",5
"('', '', '', '', '2', '3')",5
"('2', '1', '2', '3')",5
"('2', '3', '3', '3', '3')",5
"('2', '1', '2', '2', '1', '1')",5
"('2', '3', '2', '3', '3')",5
"('2', '2', '', '', '', '', '')",5
"('3', '3', '2', '1')",5
"('2', '2', '1', '', '', '', '', '')",5
"('4', '1', '3', '1')",5
"('2', '2', '1', '2', '1', '2', '2', '1')",5
"('2', '2', '2', '1', '4', '1')",5
"('4', '2', '1', '4', '1')",5
"('3', '1', '', '')",5
"('2', '1', '', '', '', '', '')",5
"('3', '4', '2')",5
"('', '', '2', '')",5
"('2', '2', '2', '4', '3')",5
"('2', '2', '4', '2', '2')",5
"('4', '2', '', '', '1')",5
"('2', '2', '4', '1', '2', '1')",5
"('', '', '', '', '', '2', '1')",5
"('2', '2', '2', '2', '2', '1', '2', '2', '1')",5
"('2', '1', '2', '1', '4', '1')",5
"('2', '4', '4', '2', '1')",5
"('4', '1', '4', '1', '2', '1')",5
"('2', '4', '2', '1', '2', '1')",5
"('2', '1', '2', '3', '1')",5
"('4', '2', '4', '4', '1')",5
"('4', '2', '2', '4', '1')",5
"('4', '2', '', '')",5
"('4', '2', '2', '4', '2', '1')",5
"('4', '', '', '', '')",5
"('3', '1', '2', '1', '2', '1')",5
"('4', '4', '2', '2', '2', '2')",4
"('3', '2', '1', '2', '2', '1')",4
"('3', '2', '3', '1', '2', '1')",4
"('', '', '', '', '2')",4
"('2', '2', '3', '3', '3')",4
"('2', '2', '2', '1', '3', '2', '1')",4
"('3', '2', '2', '3', '1')",4
"('3', '4', '2', '1')",4
"('1', '2', '3')",4
"('2', '2', '3', '3', '2')",4
"('2', '1', '2', '2', '2', '2', '2', '2', '1')",4
"('3', '3', '2', '2', '3')",4
"('2', '2', '2', '2', '2', '3', '2')",4
"('4', '3', '4', '3')",4
"('2', '2', '2', '2', '2', '2', '', '')",4
"('2', '2', '2', '2', '2', '2', '2', '2', '2', '1')",4
"('', '', '2', '2', '2', '2', '1')",4
"('2', '3', '2', '2', '2', '3')",4
"('3', '3', '2')",4
"('2', '3', '2', '2', '2', '1')",4
"('2', '2', '', '', '', '', '', '')",4
"('2', '1', '2', '2', '2', '2')",4
"('1', '2', '2', '1', '1')",4
"('2', '', '', '', '2')",4
"('2', '2', '2', '1', '1', '1')",4
"('3', '2', '2', '3', '2', '3')",4
"('', '2', '2', '2', '2', '2')",4
"('3', '3', '3', '2', '3')",4
"('3', '3', '3', '1')",4
"('2', '1', '2', '1', '2', '1', '1')",4
"('1', '2', '2', '2', '1', '1')",4
"('2', '2', '2', '2', '1', '2', '1', '2', '1')",4
"('4', '2', '2', '2', '2', '2', '2')",4
"('2', '4', '2', '2', '2', '1')",4
"('2', '2', '1', '3')",4
"('2', '2', '3', '2', '3', '3')",4
"('3', '', '', '2')",4
"('2', '1', '2', '2', '2')",4
"('3', '3', '2', '2')",4
"('2', '3', '3', '2')",4
"('2', '', '', '', '3')",4
"('2', '1', '1', '1', '2', '1')",4
"('2', '3', '2', '2', '2', '2')",4
"('2', '2', '2', '3', '2', '1')",4
"('', '2', '', '')",4
"('4', '2', '2', '2', '2', '2', '2', '2')",4
"('4', '3', '1')",4
"('3', '4', '1')",4
"('3', '', '', '1')",4
"('', '', '', '', '3', '1')",4
"('2', '2', '', '', '2', '2', '2')",4
"('3', '1', '2', '2', '1')",4
"('4', '2', '4', '2', '2', '2')",4
"('', '', '4', '1')",4
"('4', '3', '2', '2', '1')",4
"('2', '4', '1', '', '')",4
"('4', '4', '2')",4
"('4', '3', '3', '3')",4
"('3', '1', '', '', '')",4
"('4', '4', '3')",4
"('4', '4', '4', '2')",4
"('2', '', '', '', '2', '1')",4
"('2', '3', '4', '1')",4
"('4', '2', '4', '4')",4
"('4', '4', '4')",4
"('', '', '4', '2')",4
"('2', '2', '1', '2', '2', '1', '2', '1')",4
"('2', '1', '2', '2', '2', '2', '2')",3
"('2', '2', '2', '1', '2', '2')",3
"('2', '3', '2', '2', '2', '2', '1')",3
"('', '4', '2', '2', '2')",3
"('2', '2', '2', '3', '2', '')",3
"('3', '2', '3', '2', '2')",3
"('3', '4', '2', '2', '3')",3
"('', '', '', '', '2', '2', '2')",3
"('3', '1', '3', '3')",3
"('1', '1', '1', '1', '1')",3
"('2', '2', '2', '', '2')",3
"('', '', '', '', '', '', '3', '1')",3
"('', '', '', '', '2', '2', '2', '1')",3
"('2', '2', '2', '3', '2', '2')",3
"('2', '1', '2', '1', '3', '1')",3
"('', '', '', '', '', '', '', '', '', '', '', '', '')",3
"('2', '1', '2', '2', '1', '2')",3
"('2', '', '', '2', '', '')",3
"('3', '1', '2', '2', '1', '2', '1')",3
"('2', '2', '2', '2', '3', '2', '3')",3
"('3', '', '', '', '')",3
"('2', '2', '2', '2', '3', '3', '3')",3
"('', '', '', '2', '2', '1')",3
"('4', '', '2', '2')",3
"('', '', '', '', '', '', '', '', '', '', '', '')",3
"('2', '2', '2', '1', '2', '3')",3
"('4', '2', '4', '1', '2', '1')",3
"('2', '2', '3', '2', '2', '3')",3
"('3', '', '3')",3
"('', '2', '2', '2', '2', '1')",3
"('', '', '3', '')",3
"('3', '2', '1', '', '')",3
"('', '2', '2', '2', '2', '', '')",3
"('2', '2', '2', '', '3')",3
"('2', '2', '2', '2', '3', '2', '2')",3
"('2', '1', '')",3
"('2', '2', '2', '', '', '')",3
"('2', '1', '2', '', '1')",3
"('2', '3', '2', '')",3
"('', '2', '')",3
"('3', '2', '', '', '', '')",3
"('2', '2', '4', '4', '1')",3
"('2', '2', '2', '2', '2', '1', '1')",3
"('2', '2', '1', '1', '2', '1')",3
"('2', '2', '3', '2', '2', '2', '3')",3
"('2', '2', '3', '2', '3', '', '')",3
"('2', '1', '4')",3
"('2', '2', '2', '2', '2', '3', '1')",3
"('2', '2', '2', '2', '1', '2', '2')",3
"('2', '3', '3', '2', '3')",3
"('', '3', '2', '1')",3
"('2', '3', '', '', '2', '1')",3
"('1', '2', '2', '2', '2')",3
"('2', '2', '2', '1', '3', '2', '2', '1')",3
"('2', '4', '2', '2', '2', '3')",3
"('4', '2', '2', '1', '2', '2', '1')",3
"('2', '2', '2', '2', '', '2', '1')",3
"('3', '2', '2', '2', '2', '1', '2', '2', '1')",3
"('2', '1', '1', '2', '1')",3
"('2', '2', '3', '2', '2', '1')",3
"('', '', '2', '2', '3')",3
"('1', '2', '2', '2')",3
"('3', '2', '2', '2', '2', '2', '2')",3
"('2', '1', '1', '2', '1', '2', '1')",3
"('2', '3', '3', '', '')",3
"('4', '2', '')",3
"('2', '1', '2', '', '')",3
"('2', '2', '2', '4', '1', '2', '1')",3
"('2', '2', '4', '1', '2', '2', '1')",3
"('2', '2', '', '2', '1')",3
"('3', '2', '3', '2', '3')",3
"('2', '2', '2', '2', '1', '3', '1')",3
"('4', '2', '2', '2', '4', '1')",3
"('2', '3', '', '1')",3
"('', '', '', '', '3')",3
"('4', '1', '2', '2', '1', '2', '1')",3
"('2', '2', '4', '2', '2', '2', '1')",3
"('3', '1', '4', '1')",3
"('2', '2', '2', '3', '2', '2', '1')",3
"('2', '2', '2', '1', '2')",3
"('2', '1', '3', '3', '1')",3
"('2', '4', '2', '2', '1', '2', '1')",3
"('4', '1', '', '')",3
"('2', '2', '2', '', '2', '1')",3
"('', '3', '1')",3
"('', '', '', '', '', '2', '2', '1')",3
"('2', '', '2', '2', '2', '2', '2', '1')",3
"('2', '1', '4', '2', '4', '1')",3
"('4', '', '', '', '', '', '', '', '')",3
"('2', '1', '2', '4', '1', '2', '1')",3
"('2', '2', '2', '2', '2', '2', '4', '1')",3
"('2', '2', '', '3')",3
"('3', '', '2', '1')",3
"('', '', '2', '3', '1')",3
"('3', '3', '3', '2')",3
"('4', '1', '2', '1', '4', '1')",3
"('4', '2', '4', '', '')",3
"('', '2', '4', '1')",3
"('2', '3', '2', '3', '', '')",3
"('2', '2', '4', '3', '1')",3
"('2', '1', '', '2', '1')",3
"('2', '4', '1', '3', '1')",3
"('4', '', '2', '1')",3
"('2', '2', '2', '2', '2', '4', '1')",3
"('2', '1', '2', '2', '1', '2', '2', '1')",3
"('2', '2', '2', '2', '2', '2', '2', '2', '4', '2')",3
"('2', '1', '2', '4', '4', '1')",3
"('2', '2', '2', '4', '4', '1')",3
"('2', '4', '2', '2', '2')",3
"('4', '', '', '3')",3
"('', '', '2', '4', '2', '1')",3
"('4', '2', '1', '3', '1')",3
"('2', '', '', '4', '1')",3
"('2', '2', '', '1', '2', '1')",3
"('2', '2', '2', '2', '', '1')",3
"('2', '4', '2', '2', '2', '2', '2', '2')",3
"('4', '2', '2', '3', '1')",3
"('2', '4', '2', '2', '3')",3
"('2', '2', '1', '2', '2', '1', '2', '2', '1')",3
"('2', '2', '1', '2', '2', '1', '1')",3
"('3', '2', '2', '2', '2', '2', '1')",3
"('4', '4', '2', '2', '2')",3
"('2', '1', '2', '1', '', '', '')",3
"('4', '2', '3', '2', '3')",3
"('2', '1', '2', '2', '4', '1')",3
"('4', '2', '2', '1', '4', '1', '2', '1')",3
"('4', '4', '2', '2', '1')",3
"('2', '3', '4', '3')",3
"('2', '4', '2', '3')",3
"('4', '2', '1', '', '')",3
"('2', '1', '2', '4', '2', '1')",3
"('2', '2', '2', '4', '2', '2')",3
"('', '2', '4', '2', '2')",3
"('2', '2', '2', '3', '3', '2', '3')",2
"('2', '3', '3', '3', '1', '2', '1')",2
"('2', '1', '1', '2', '2', '1')",2
"('2', '1', '1', '1', '2', '1', '2', '1')",2
"('', '', '', '', '1', '2', '1')",2
"('1', '', '', '')",2
"('2', '', '', '', '', '2', '2', '3')",2
"('2', '2', '2', '2', '2', '')",2
"('2', '2', '', '', '', '3', '1')",2
"('2', '2', '', '2', '', '')",2
"('1', '2', '2', '1', '2', '2', '1')",2
"('2', '2', '3', '2', '4', '1')",2
"('2', '1', '2', '1', '2', '3')",2
"('2', '2', '3', '2', '3', '2', '3')",2
"('2', '2', '3', '2', '3', '2', '2', '2', '3')",2
"('', '', '2', '2', '2', '2', '', '')",2
"('2', '2', '3', '')",2
"('3', '2', '3', '2', '1', '2', '1')",2
"('4', '1', '1')",2
"('3', '1', '2', '2')",2
"('2', '2', '2', '3', '2', '2', '3')",2
"('2', '3', '', '', '3', '3')",2
"('', '1', '4', '1')",2
"('2', '2', '', '', '2', '2')",2
"('2', '2', '3', '3', '2', '2', '2')",2
"('2', '2', '2', '2', '2', '2', '2', '3', '2', '3', '2')",2
"('2', '2', '', '', '', '1')",2
"('', '1', '', '')",2
"('2', '2', '2', '2', '1', '1', '1')",2
"('2', '3', '2', '2', '2')",2
"('4', '2', '4', '2', '2', '2', '2', '2')",2
"('2', '2', '1', '2', '1', '3', '1')",2
"('2', '', '2', '2', '2', '2', '2')",2
"('2', '3', '2', '1', '2', '3')",2
"('3', '2', '1', '2', '3', '1')",2
"('2', '2', '2', '2', '2', '2', '2', '2', '2', '2', '2')",2
"('3', '2', '2', '2', '3', '2', '2', '2')",2
"('1', '1', '1', '2', '1')",2
"('', '', '1', '3')",2
"('2', '2', '2', '2', '1', '1')",2
"('2', '2', '', '4', '1')",2
"('1', '2', '2', '2', '1', '2', '1')",2
"('2', '2', '1', '1', '2', '1', '1')",2
"('2', '2', '2', '1', '3')",2
"('', '2', '1', '2', '1')",2
"('', '1', '3', '1')",2
"('3', '2', '2', '3', '3')",2
"('2', '', '', '2', '2', '3')",2
"('', '', '', '', '', '2', '')",2
"('', '', '2', '1', '', '1')",2
"('', '4', '2', '1')",2
"('2', '2', '2', '2', '2', '', '2', '2')",2
"('2', '3', '')",2
"('', '', '2', '2', '2', '2')",2
"('2', '2', '2', '2', '1', '2')",2
"('2', '4', '2', '2', '2', '2')",2
"('2', '2', '', '', '2', '2', '2', '2', '2', '2')",2
"('2', '1', '2', '1', '2', '2', '2', '1')",2
"('2', '2', '1', '3', '', '', '1')",2
"('2', '3', '2', '1', '3')",2
"('2', '3', '4', '1', '2', '1')",2
"('2', '2', '2', '1', '', '1')",2
"('1', '1', '')",2
"('1', '1', '', '', '', '')",2
"('', '', '2', '2', '1', '2', '2', '1')",2
"('2', '', '', '', '', '', '1')",2
"('2', '1', '1', '', '')",2
"('2', '3', '1', '', '')",2
"('2', '3', '2', '3', '2')",2
"('1', '3', '', '')",2
"('2', '', '', '', '', '1', '2', '1')",2
"('2', '2', '2', '2', '2', '2', '2', '3')",2
"('4', '1', '4', '1', '2', '1', '2', '1')",2
"('1', '2', '3', '3')",2
"('', '', '', '', '', '', '', '2', '2')",2
"('', '', '2', '3', '', '')",2
"('2', '2', '', '3', '', '')",2
"('2', '', '', '', '', '', '')",2
"('', '', '2', '3', '3', '3')",2
"('2', '2', '4', '2', '2', '3')",2
"('3', '', '', '', '2')",2
"('4', '1', '2', '2')",2
"('2', '2', '2', '2', '3', '2', '2', '3')",2
"('2', '3', '3', '2', '3', '2', '3')",2
"('2', '3', '2', '3', '2', '2', '3')",2
"('', '', '2', '2', '2', '2', '2', '1')",2
"('', '', '', '', '3', '2')",2
"('2', '2', '2', '1', '', '', '2', '1')",2
"('2', '3', '1', '1', '1')",2
"('2', '3', '2', '2', '3', '2', '2', '3')",2
"('2', '1', '2', '2', '2', '2', '2', '1')",2
"('2', '1', '3', '1', '2', '1')",2
"('2', '2', '2', '2', '', '2')",2
"('2', '2', '1', '3', '2', '1', '3', '1')",2
"('', '', '2', '1', '3', '1')",2
"('2', '', '4', '2')",2
"('2', '1', '', '2', '2', '1')",2
"('2', '4', '2', '4', '2', '2', '2', '1')",2
"('2', '2', '2', '3', '3', '2', '1')",2
"('', '', '', '', '', '', '', '', '2')",2
"('2', '1', '2', '1', '3')",2
"('', '', '', '', '', '3', '3')",2
"('3', '2', '2', '3', '2', '1')",2
"('', '2', '2', '2', '2', '2', '2', '2')",2
"('1', '', '', '', '')",2
"('2', '2', '2', '1', '2', '3', '1')",2
"('2', '', '', '2', '3', '', '')",2
"('2', '3', '1', '2', '3')",2
"('3', '', '', '', '3')",2
"('2', '2', '1', '2', '2', '2', '2')",2
"('3', '3', '3', '2', '3', '2')",2
"('', '2', '3', '3')",2
"('3', '2', '3', '', '')",2
"('4', '3', '2', '2', '3')",2
"('', '', '3', '', '')",2
"('2', '2', '2', '3', '', '')",2
"('2', '2', '2', '2', '2', '3', '2', '3')",2
"('2', '3', '2', '2', '1', '2', '1')",2
"('2', '2', '1', '2', '2', '3')",2
"('2', '2', '1', '1', '2', '2', '2', '1')",2
"('2', '2', '2', '1', '2', '4', '1')",2
"('1', '2', '', '2', '1')",2
"('2', '1', '2', '', '', '')",2
"('2', '2', '2', '2', '2', '2', '2', '1', '2', '1')",2
"('', '2', '2', '2', '2', '2', '2')",2
"('2', '2', '2', '4', '2', '2', '2', '1')",2
"('4', '1', '', '', '', '', '')",2
"('2', '1', '2', '2', '1', '2', '1', '', '')",2
"('2', '1', '2', '2', '2', '1', '', '')",2
"('1', '', '', '', '', '')",2
"('2', '3', '3', '2', '2', '3')",2
"('2', '1', '1', '1', '1')",2
"('3', '2', '2', '2', '1', '2', '1')",2
"('2', '3', '1', '2', '2', '1')",2
"('2', '2', '2', '2', '2', '2', '2', '2', '1', '2', '1')",2
"('3', '3', '2', '3', '3', '2', '3')",2
"('2', '2', '4', '2', '4', '2')",2
"('2', '2', '2', '', '', '2', '1')",2
"('1', '1', '2', '2', '1', '1')",2
"('', '', '', '1', '2', '1')",2
"('2', '2', '2', '1', '2', '2', '2')",2
"('4', '2', '1', '2', '3', '1')",2
"('2', '3', '3', '3', '2', '3')",2
"('2', '1', '2', '2', '3', '1')",2
"('3', '2', '1', '2', '2', '3', '1')",2
"('2', '1', '3', '2')",2
"('4', '4', '4', '4', '4', '4', '4')",2
"('1', '3', '2', '3')",2
"('2', '1', '1', '3', '1')",2
"('2', '3', '2', '4', '1')",2
"('', '', '', '', '', '', '', '', '', '', '', '', '', '')",2
"('2', '2', '2', '', '', '', '')",2
"('2', '2', '3', '1', '1', '1')",2
"('4', '4', '', '1')",2
"('2', '2', '3', '1', '2', '1', '2', '1')",2
"('2', '3', '', '', '1')",2
"('', '2', '2', '2', '')",2
"('2', '1', '3', '1', '4', '1')",2
"('2', '2', '1', '2', '2', '2', '1', '1')",2
"('4', '2', '1', '2', '')",2
"('2', '1', '2', '2', '1', '3', '1')",2
"('3', '3', '3', '3', '3', '3', '3')",2
"('3', '2', '2', '2', '3', '3')",2
"('', '2', '2', '2', '2', '')",2
"('2', '3', '3', '2', '3', '3')",2
"('3', '2', '3', '3', '2')",2
"('3', '2', '2', '3', '3', '1')",2
"('', '3', '', '')",2
"('2', '3', '2', '3', '1')",2
"('2', '2', '2', '3', '3', '2')",2
"('3', '3', '2', '3', '3', '3')",2
"('2', '2', '', '', '3')",2
"('2', '2', '2', '2', '4', '4')",2
"('', '', '2', '1', '', '', '')",2
"('3', '2', '3', '2', '2', '1')",2
"('2', '1', '4', '3', '2', '1')",2
"('2', '1', '4', '1', '2', '1')",2
"('2', '2', '1', '4', '2', '2', '1')",2
"('4', '1', '2', '1', '2', '1', '2', '1', '2', '1')",2
"('2', '3', '', '', '', '', '')",2
"('', '', '2', '3', '3')",2
"('2', '2', '3', '2', '2', '2')",2
"('', '', '', '4', '', '')",2
"('2', '3', '2', '3', '3', '2', '3')",2
"('2', '2', '4', '2', '2', '2', '2', '2')",2
"('4', '', '', '', '1')",2
"('3', '2', '2', '2', '3', '1')",2
"('2', '2', '2', '4', '2', '2', '2')",2
"('3', '3', '2', '3', '2', '2')",2
"('2', '2', '2', '2', '3', '3')",2
"('3', '3', '4', '3')",2
"('2', '4', '2', '4', '2')",2
"('3', '3', '2', '3', '', '', '', '')",2
"('2', '', '', '', '', '', '', '')",2
"('2', '', '', '3', '2')",2
"('', '', '4', '2', '2')",2
"('', '', '1', '2', '2', '1')",2
"('2', '1', '2', '2', '2', '1', '2', '1', '2', '1')",2
"('2', '1', '4', '1', '3', '1')",2
"('4', '2', '2', '2', '1', '2', '2', '1')",2
"('2', '', '3', '1')",2
"('', '2', '', '', '1')",2
"('2', '1', '3', '2', '3', '1')",2
"('4', '1', '4', '2', '2', '2', '2', '1')",2
"('3', '2', '', '', '1')",2
"('4', '4', '2', '4', '4', '1')",2
"('4', '4', '2', '2')",2
"('2', '2', '3', '', '', '')",2
"('2', '2', '1', '2', '3')",2
"('', '', '2', '4', '2')",2
"('4', '1', '2', '2', '4', '1', '2', '1')",2
"('', '1', '2', '', '')",2
"('2', '1', '3', '4', '2', '1')",2
"('4', '2', '2', '2', '2', '', '')",2
"('2', '3', '2', '3', '2', '1')",2
"('2', '2', '2', '', '', '1')",2
"('4', '4', '1', '4', '1')",2
"('1', '2', '2', '1', '2', '1')",2
"('2', '2', '1', '2', '1', '4', '1')",2
"('', '', '', '2', '3')",2
"('4', '4', '3', '2')",2
"('2', '', '', '1', '1')",2
"('4', '2', '3', '4', '3')",2
"('', '', '4', '2', '4', '2')",2
"('2', '4', '4')",2
"('2', '2', '2', '2', '2', '4', '2', '1')",2
"('2', '2', '2', '2', '2', '2', '2', '1', '3')",2
"('4', '1', '4', '2', '1')",2
"('4', '4', '4', '4', '1')",2
"('2', '1', '2', '', '', '1', '2', '2', '1')",2
"('2', '2', '1', '2', '3', '2', '1')",2
"('3', '2', '3', '3', '2', '3')",2
"('', '', '3', '2', '', '')",2
"('', '', '', '', '2', '2', '', '')",2
"('2', '3', '2', '2', '2', '2', '2', '1')",2
"('2', '2', '2', '2', '4', '1')",2
"('2', '2', '2', '2', '4', '2', '1')",2
"('2', '3', '', '', '', '', '', '')",2
"('2', '2', '', '', '2', '2', '1')",2
"('2', '2', '1', '4', '2', '1')",2
"('', '', '3', '2', '2', '1')",2
"('3', '1', '3', '2', '1')",2
"('', '2', '', '', '', '')",2
"('', '2', '1', '', '')",2
"('2', '4', '2', '4', '2', '1')",2
"('2', '2', '2', '1', '2', '1', '1')",2
"('4', '3', '', '', '3', '3')",2
"('3', '1', '', '', '3', '1')",2
"('2', '2', '3', '2', '1', '2', '1')",2
"('', '', '3', '1', '2', '1')",2
"('2', '3', '2', '', '', '')",2
"('2', '4', '2', '', '')",2
"('', '', '4', '2', '1')",2
"('2', '3', '2', '2', '2', '2', '2')",2
"('4', '2', '2', '2', '2', '4', '1')",2
"('', '', '1', '1')",2
"('3', '2', '2', '1', '3', '1')",2
"('2', '3', '1', '1', '2', '1')",2
"('4', '1', '4', '1', '4', '1')",2
"('', '', '', '4')",2
"('2', '2', '1', '', '', '', '')",2
"('4', '2', '2', '3')",2
"('2', '1', '2', '1', '2', '1', '3', '1')",2
"('', '', '2', '1', '2', '1')",2
"('4', '2', '2', '2', '2', '1', '2', '1')",2
"('3', '2', '4', '2')",2
"('', '', '', '4', '')",2
"('2', '1', '2', '1', '2', '1', '2', '1', '2', '1')",2
"('2', '2', '2', '2', '2', '3', '2', '2', '2')",2
"('2', '2', '2', '2', '2', '4')",2
"('4', '4', '2', '3')",2
"('2', '4', '2', '2', '', '')",2
"('2', '2', '4', '2', '')",2
"('', '', '2', '2', '1', '', '')",2
"('2', '2', '3', '2', '2', '2', '2', '1')",2
"('4', '2', '1', '4', '2', '1')",2
"('4', '3', '2')",2
"('4', '', '', '1', '2', '1')",2
"('2', '2', '1', '2', '1', '1')",2
"('', '', '', '2', '', '')",2
"('1', '2', '2', '2', '2', '2')",2
"('4', '2', '1', '2', '1', '2', '1')",2
"('2', '', '2', '', '')",2
"('4', '4', '2', '4', '1')",2
"('', '2', '2', '4', '1')",2
"('2', '1', '4', '4', '2', '1')",2
"('', '', '', '', '3', '', '')",2
"('2', '2', '2', '', '', '2', '2')",2
"('', '1', '', '', '')",2
"('2', '2', '2', '4', '2', '2', '1')",2
"('4', '2', '2', '2', '4', '2')",2
"('2', '2', '2', '', '2', '2')",2
"('2', '2', '3', '4', '2')",2
"('2', '3', '4', '')",2
"('2', '1', '4', '4', '1')",2
"('3', '2', '', '1')",2
"('2', '3', '3', '4', '2', '1')",2
"('2', '2', '2', '2', '2', '1', '2', '2', '2', '1')",2
"('4', '4', '2', '', '', '1')",2
"('4', '1', '4', '4', '1')",2
"('2', '', '', '', '', '2', '1')",2
"('2', '', '', '4', '2')",2
"('4', '4', '2', '')",2
"('4', '', '2')",2
"('4', '', '3')",2
"('2', '1', '4', '')",2
"('', '', '', '2', '2', '2')",2
"('', '2', '4', '')",2
"('2', '4', '2', '4', '4', '2')",2
"('4', '3', '4', '1')",2
"('', '', '2', '3', '2', '3')",2
"('', '', '4', '4')",2
"('2', '2', '4', '2', '1', '2', '1')",2
"('', '', '2', '', '', '2')",2
"('3', '4', '4', '3')",2
"('', '', '', '', '3', '3')",2
"('', '', '2', '2', '', '1')",2
"('4', '', '1')",2
"('3', '1', '', '', '2', '1')",2
"('3', '2', '2', '3', '', '')",2
"('4', '2', '2', '2', '1', '4', '1')",2
"('3', '1', '2', '1', '', '')",2
"('', '', '', '', '', '2', '2')",2
"('', '', '1', '', '')",2
"('2', '4', '2', '4', '2', '2', '1')",2
"('2', '4', '3', '2')",2
"('', '', '2', '1', '4', '1')",2
"('2', '', '', '3', '3', '2')",2
"('2', '2', '', '', '', '2')",2
"('2', '2', '4', '4', '2', '2')",2
"('3', '3', '3', '3', '1')",2
"('2', '2', '2', '4')",2
"('', '3', '3', '')",2
"('', '', '3', '2', '1')",2
"('2', '2', '3', '4', '1')",2
"('4', '1', '2', '4', '1')",2
"('', '', '', '', '', '2')",2
"('', '', '', '', '', '3')",2
"('2', '3', '4', '3', '2')",2
"('2', '', '', '1', '3')",2
"('1', '1', '', '')",2
"('2', '2', '3', '2', '2', '2', '1')",2
"('3', '2', '2', '4', '2', '1')",1
"('3', '1', '2', '2', '2', '2', '2', '1')",1
"('4', '2', '1', '2', '3', '1', '3', '1')",1
"('3', '1', '2', '3')",1
"('2', '2', '2', '3', '2', '1', '1', '2', '1', '2', '1')",1
"('', '', '1', '2', '2', '2', '2', '2', '2', '2', '1', '1')",1
"('2', '2', '2', '', '', '2', '2', '2')",1
"('2', '1', '', '2', '1', '2', '1')",1
"('', '', '', '2', '2', '2', '2')",1
"('2', '2', '2', '', '', '2', '2', '2', '2')",1
"('1', '2', '2', '1', '2', '1', '', '')",1
"('2', '2', '3', '2', '4', '2')",1
"('1', '', '', '2', '3')",1
"('2', '2', '1', '1', '1', '2', '2', '2', '1')",1
"('', '', '2', '', '', '', '', '1')",1
"('2', '1', '1', '2', '', '', '1', '1')",1
"('2', '3', '', '', '2', '3', '2', '3')",1
"('1', '2', '2', '2', '2', '', '2', '', '')",1
"('3', '2', '3', '1', '2')",1
"('2', '2', '3', '', '', '', '', '', '3')",1
"('1', '1', '1', '')",1
"('', '2', '2', '', '2', '2', '1')",1
"('2', '', '2', '1', '1')",1
"('2', '3', '3', '3', '2')",1
"('', '', '', '', '', '', '2', '')",1
"('3', '', '4', '2', '1', '2', '2', '1')",1
"('1', '3', '2', '2', '2', '1', '1', '2', '1', '1')",1
"('3', '3', '3', '2', '1')",1
"('2', '2', '2', '2', '2', '2', '2', '2', '2', '2', '2', '4', '2', '2')",1
"('2', '2', '2', '2', '2', '1', '2', '2')",1
"('2', '3', '3', '3', '2', '2', '2', '2', '3', '3', '2')",1
"('1', '2', '1', '2', '2', '1', '2', '1')",1
"('4', '4', '4', '2', '2', '1')",1
"('', '2', '4', '1', '2', '1')",1
"('4', '2', '2', '2', '2', '2', '1', '2', '1')",1
"('2', '2', '1', '', '2', '3', '1')",1
"('2', '2', '1', '3', '1', '1', '2', '1')",1
"('2', '3', '2', '3', '3', '2', '2', '2')",1
"('2', '2', '3', '', '', '2', '1')",1
"('2', '2', '1', '1', '1', '2', '1')",1
"('2', '2', '1', '', '', '', '2', '2', '2', '1')",1
"('', '2', '2', '2', '1', '2', '1')",1
"('2', '2', '2', '3', '2', '2', '')",1
"('4', '2', '', '', '2', '2')",1
"('', '2', '1', '', '2', '1')",1
"('2', '2', '1', '2', '4', '1', '1')",1
"('2', '2', '2', '2', '', '', '', '2', '2', '2', '2', '2', '2', '2')",1
"('', '2', '2', '2', '2', '2', '')",1
"('2', '2', '1', '1', '2', '4', '2', '2', '2')",1
"('4', '1', '4', '2')",1
"('2', '1', '1', '3')",1
"('2', '2', '2', '4', '2', '2', '2', '4', '', '2')",1
"('2', '1', '2', '2', '2', '2', '3', '1', '2', '1')",1
"('', '', '', '', '', '', '', '', '', '', '', '', '', '', '')",1
"('1', '1', '1', '1', '2', '1')",1
"('2', '2', '2', '1', '3', '2', '3', '1')",1
"('2', '3', '2', '', '2', '2', '2', '2', '2', '3')",1
"('2', '2', '3', '2', '3', '2', '3', '2', '3')",1
"('3', '', '', '', '', '', '3', '1', '3', '2', '2', '1')",1
"('3', '3', '1', '3')",1
"('2', '2', '2', '2', '', '', '2', '2', '2', '2')",1
"('2', '2', '2', '4', '1', '2', '2')",1
"('3', '2', '3', '3', '2', '2', '3')",1
"('', '4', '', '', '2', '1', '2', '1')",1
"('4', '', '', '', '', '4', '4', '', '4')",1
"('3', '1', '')",1
"('2', '2', '2', '1', '2', '', '2', '1', '2', '', '', '1')",1
"('2', '2', '2', '2', '2', '2', '2', '4', '2', '1')",1
"('3', '2', '2', '2', '3', '3', '3', '2', '3')",1
"('2', '2', '2', '2', '3', '2', '2', '', '', '3', '2', '3')",1
"('3', '1', '2', '', '', '2')",1
"('2', '', '', '', '', '3')",1
"('3', '2', '2', '2', '2', '3', '2', '1')",1
"('2', '2', '', '2', '2', '2')",1
"('2', '3', '1', '3', '2', '2', '1', '2')",1
"('2', '2', '2', '3', '3', '4', '2')",1
"('3', '2', '2', '2', '2', '2', '2', '2', '2', '2', '', '', '', '2')",1
"('1', '2', '2', '2', '2', '2', '1', '2')",1
"('2', '2', '2', '2', '2', '2', '2', '2', '', '2')",1
"('3', '3', '2', '2', '2', '3', '', '', '')",1
"('4', '2', '1', '1', '1')",1
"('2', '2', '1', '2', '2', '2', '1', '2', '2', '2', '2')",1
"('2', '', '2', '3', '', '', '', '')",1
"('2', '1', '2', '2', '', '')",1
"('2', '', '2', '2', '2', '2', '1')",1
"('2', '2', '', '2', '2', '2', '2', '2', '2')",1
"('2', '1', '3', '2', '3', '2', '1')",1
"('', '', '', '', '3', '', '3', '2', '2', '2')",1
"('2', '', '2', '2', '2')",1
"('', '1', '2', '2', '1', '1', '2', '1', '1', '2', '1', '2', '1')",1
"('', '2', '2', '1', '2', '1', '2', '1')",1
"('3', '4', '1', '1', '4', '1')",1
"('1', '3', '3', '2', '3', '1', '2')",1
"('1', '2', '2', '2', '2', '1', '1', '2', '2', '2')",1
"('2', '', '2', '2', '', '2', '2', '2', '2')",1
"('2', '2', '3', '3', '1')",1
"('', '', '2', '3', '1', '1')",1
"('2', '3', '3', '4', '2', '3')",1
"('2', '1', '2', '1', '', '1', '', '2', '3', '1')",1
"('3', '2', '2', '2', '3', '3', '3', '2', '3', '3', '2')",1
"('2', '1', '3', '2', '2', '2', '3')",1
"('2', '3', '3', '2', '2', '3', '3', '2', '2', '2', '2', '2', '2', '2', '2', '2', '2')",1
"('2', '2', '', '', '2', '3')",1
"('2', '2', '2', '2', '2', '3', '2', '1', '2', '1')",1
"('1', '3', '3', '', '3', '2', '1', '2', '1')",1
"('2', '2', '2', '2', '2', '2', '3', '1', '2', '2', '2', '2')",1
"('2', '2', '2', '2', '2', '2', '2', '2', '2', '2', '2', '2', '2', '2', '2')",1
"('1', '2', '3', '1', '3', '2', '2', '3')",1
"('2', '3', '1', '2', '2', '1', '2', '3')",1
"('3', '3', '', '', '2', '2', '1')",1
"('2', '3', '2', '2', '1', '4', '1')",1
"('2', '1', '2', '2', '3')",1
"('2', '3', '2', '3', '2', '3', '2', '2', '3', '2', '1', '3')",1
"('2', '4', '2', '2', '3', '2', '2', '3')",1
"('2', '2', '2', '2', '2', '2', '2', '1', '1', '1')",1
"('1', '1', '2', '1', '2', '1', '1')",1
"('', '', '', '', '2', '2', '1', '', '')",1
"('3', '1', '1', '2', '3', '2', '1', '2', '1')",1
"('1', '2', '2', '2', '2', '1', '1')",1
"('2', '2', '2', '2', '2', '2', '2', '2', '2', '2', '2', '1')",1
"('2', '3', '2', '3', '2', '', '', '2', '2', '2', '2')",1
"('2', '', '', '', '', '', '3', '2', '3')",1
"('', '', '2', '2', '2', '3', '2', '2', '2', '2', '', '', '2')",1
"('1', '', '2')",1
"('', '', '2', '2', '2', '2', '2', '2', '1', '4', '3', '2')",1
"('2', '2', '3', '3', '2', '2', '3', '2', '2', '3', '2', '3')",1
"('2', '2', '2', '3', '3', '4')",1
"('4', '1', '', '', '2', '1')",1
"('', '', '3', '2', '2', '3')",1
"('2', '1', '', '', '', '', '', '', '', '', '', '', '', '', '2', '1')",1
"('1', '2', '3', '2', '2')",1
"('2', '3', '1', '1', '', '')",1
"('3', '3', '2', '3', '3', '3', '3', '3', '2', '3', '1', '3')",1
"('', '', '2', '1', '1', '', '')",1
"('2', '3', '3', '3', '3', '3', '2', '3', '2', '1')",1
"('4', '2', '3', '2', '1')",1
"('1', '3', '2', '2', '3')",1
"('3', '3', '2', '3', '1', '1', '1')",1
"('1', '3', '1', '3', '1', '1', '1', '1')",1
"('2', '3', '3', '2', '1', '2', '1')",1
"('', '', '2', '2', '1', '', '1')",1
"('2', '1', '2', '1', '2', '1', '3', '2', '1', '2', '1', '1', '1')",1
"('2', '1', '3', '2', '2', '3')",1
"('2', '1', '2', '2', '2', '2', '2', '2')",1
"('4', '2', '2', '3', '2', '', '')",1
"('2', '', '', '1', '2', '1', '', '', '')",1
"('3', '2', '2', '2', '', '', '', '1', '1', '1', '1')",1
"('3', '2', '3', '', '', '2', '1')",1
"('3', '1', '1', '1')",1
"('', '4', '2', '2')",1
"('1', '2', '1', '1', '1', '2', '1', '1')",1
"('3', '2', '2', '2', '2', '2', '2', '2', '2', '2', '1')",1
"('4', '4', '2', '2', '2', '2', '1')",1
"('2', '2', '2', '2', '', '', '', '')",1
"('2', '2', '2', '1', '2', '2', '1', '2', '2', '1')",1
"('', '', '3', '3', '2', '3', '2', '3')",1
"('2', '3', '2', '2', '2', '1', '1', '3', '2', '3', '3', '1', '2', '1')",1
"('2', '2', '2', '2', '2', '2', '2', '2', '2', '2', '2', '2', '2', '2', '2', '2')",1
"('3', '2', '2', '3', '2', '2', '2', '2', '3', '2')",1
"('3', '2', '2', '2', '2', '2', '2', '2')",1
"('', '', '', '2', '2', '1', '1')",1
"('4', '2', '2', '3', '2', '2', '2', '2', '2', '2', '4', '1')",1
"('3', '2', '3', '3', '2', '1', '1')",1
"('2', '2', '2', '2', '1', '')",1
"('1', '4', '1')",1
"('2', '', '', '', '1', '', '1')",1
"('2', '1', '2', '1', '1', '2', '1', '1')",1
"('2', '', '', '', '', '', '', '2', '3')",1
"('2', '2', '2', '2', '2', '', '2', '2', '2', '2')",1
"('2', '2', '2', '2', '2', '2', '2', '2', '3', '2', '1')",1
"('3', '3', '2', '2', '3', '2', '2', '1')",1
"('2', '2', '1', '2', '2', '2', '2', '2', '1')",1
"('2', '2', '1', '2', '4', '1', '2', '1')",1
"('2', '3', '2', '2', '2', '2', '2', '2')",1
"('', '2', '3', '3', '3', '2', '2', '2', '2', '1')",1
"('2', '2', '2', '2', '1', '2', '2', '1', '2', '2', '1')",1
"('2', '3', '2', '2', '3', '2', '3', '2')",1
"('2', '3', '3', '3', '3', '3', '3', '3', '3', '2', '1', '2', '2', '1')",1
"('', '', '2', '', '2', '1')",1
"('2', '2', '2', '', '', '', '2', '3', '2')",1
"('2', '1', '2', '2', '1', '2', '1', '2', '2', '2', '1', '2', '2', '2', '1', '1')",1
"('1', '2', '3', '3', '3', '3')",1
"('2', '2', '2', '2', '1', '2', '3', '1')",1
"('1', '4', '2', '2', '1')",1
"('', '', '2', '2', '', '', '3')",1
"('2', '2', '2', '', '1', '2', '1')",1
"('', '2', '2', '1', '1', '1')",1
"('2', '3', '2', '3', '1', '1')",1
"('2', '2', '2', '2', '', '2', '2')",1
"('2', '2', '', '2', '3')",1
"('2', '3', '1', '2', '1', '2', '1')",1
"('2', '2', '2', '2', '2', '2', '2', '1', '2', '3', '1')",1
"('2', '', '', '2', '1', '2', '2', '2')",1
"('', '2', '2', '2', '2', '2', '2', '2', '2')",1
"('2', '2', '1', '1', '2', '2', '1', '2', '1')",1
"('', '', '3', '2', '1', '', '', '2', '1')",1
"('1', '1', '2', '2', '2', '2', '2', '2', '3', '2', '1', '2', '1')",1
"('', '', '2', '2', '2', '2', '1', '', '')",1
"('2', '2', '2', '1', '2', '2', '2', '1', '2', '1')",1
"('2', '1', '2', '2', '2', '2', '1', '2', '1', '', '')",1
"('2', '2', '2', '2', '2', '', '', '', '', '')",1
"('2', '1', '2', '2', '', '', '', '', '2', '1', '2', '2', '1')",1
"('2', '2', '2', '', '', '', '2', '2')",1
"('2', '2', '1', '2', '1', '1', '2', '1')",1
"('2', '2', '2', '3', '3', '2', '1', '3', '1', '1', '1')",1
"('1', '2', '2', '1', '', '')",1
"('1', '2', '1', '')",1
"('2', '2', '2', '2', '2', '2', '2', '3', '1')",1
"('2', '1', '', '2', '')",1
"('2', '3', '', '2', '2', '', '')",1
"('4', '2', '1', '2', '2', '', '', '2', '2')",1
"('2', '2', '2', '2', '2', '2', '2', '2', '2', '', '2', '2')",1
"('3', '1', '2', '3', '1', '2', '3', '2')",1
"('2', '2', '', '', '', '3', '2', '1')",1
"('2', '', '', '2', '2', '2', '3', '2', '3')",1
"('2', '2', '2', '', '', '', '', '', '', '1', '2', '', '')",1
"('1', '1', '3')",1
"('', '', '2', '3', '2', '3', '', '', '')",1
"('2', '2', '1', '2', '1', '2', '1', '2', '4', '1')",1
"('2', '1', '1', '1', '', '', '', '')",1
"('2', '2', '1', '3', '2', '2', '1', '1', '1')",1
"('', '', '2', '2', '2', '1', '2', '1')",1
"('2', '2', '2', '2', '2', '2', '2', '2', '2', '1', '2', '2', '1', '2', '2', '1', '1')",1
"('1', '1', '2', '1', '1', '1', '1')",1
"('2', '1', '1', '2', '2', '2', '2', '1', '2', '2', '1', '2', '1', '2', '1', '1', '2', '1', '1', '2', '1', '2', '2', '2')",1
"('', '', '', '', '', '2', '', '')",1
"('2', '', '1', '2', '2')",1
"('3', '1', '1', '2', '1')",1
"('1', '', '2', '2', '3', '2', '2', '1', '1', '1', '2', '2', '2', '1', '2', '1')",1
"('3', '2', '2', '1', '2', '3', '1', '2')",1
"('1', '', '', '', '', '', '', '', '', '', '', '', '1', '', '')",1
"('', '2', '3', '2', '3')",1
"('3', '3', '2', '3', '2', '3', '2', '2', '3')",1
"('2', '2', '2', '1', '', '', '1')",1
"('2', '', '', '1', '1', '2', '1')",1
"('2', '1', '1', '2')",1
"('3', '3', '1', '2', '3', '', '')",1
"('1', '2', '1', '2', '1', '1', '1', '3', '1', '1')",1
"('', '', '2', '1', '1', '1')",1
"('2', '2', '2', '2', '1', '4', '2', '2', '1')",1
"('2', '2', '1', '2', '1', '1', '2', '2', '2', '2')",1
"('2', '1', '1', '2', '1', '2', '1', '2', '1')",1
"('3', '2', '3', '3', '1', '2', '1')",1
"('', '', '4', '2', '2', '2', '1', '2', '1', '2', '1')",1
"('2', '3', '2', '', '2', '', '', '')",1
"('2', '2', '2', '2', '3', '2', '2', '', '')",1
"('2', '2', '2', '1', '1', '1', '1', '1')",1
"('2', '2', '2', '2', '1', '2', '3', '1', '', '')",1
"('2', '3', '3', '3', '2', '1', '2', '1')",1
"('2', '2', '', '', '', '', '', '', '1')",1
"('3', '3', '', '', '1', '3', '', '')",1
"('2', '3', '3', '', '', '2', '3')",1
"('2', '1', '2', '', '', '2', '2')",1
"('2', '2', '3', '2', '2', '', '')",1
"('', '', '2', '2', '2', '2', '2', '3', '2')",1
"('2', '3', '3', '2', '2', '', '2', '3', '3', '3')",1
"('1', '2', '2', '3', '3', '2', '1')",1
"('2', '2', '3', '2', '3', '3', '2', '3', '3')",1
"('2', '3', '2', '4', '3', '1', '', '')",1
"('3', '2', '', '', '2')",1
"('3', '', '', '2', '3', '3')",1
"('', '', '', '3', '3', '2', '3')",1
"('2', '3', '2', '', '', '1')",1
"('3', '2', '2', '2', '3', '2', '2', '3')",1
"('2', '3', '3', '3', '3', '2', '3', '3', '2', '', '2', '2', '3')",1
"('', '', '', '3', '2', '3')",1
"('2', '2', '2', '', '2', '3')",1
"('2', '3', '2', '1', '2', '3', '2', '3', '3')",1
"('2', '2', '3', '2', '2', '3', '2')",1
"('3', '3', '2', '2', '3', '3')",1
"('2', '3', '2', '2', '2', '2', '2', '3')",1
"('4', '3', '3', '4', '3', '3')",1
"('3', '2', '3', '3', '', '', '')",1
"('2', '2', '2', '2', '', '2', '2', '2', '2')",1
"('3', '1', '3', '1', '3', '3')",1
"('2', '2', '2', '2', '3', '2', '2', '2', '2', '4', '3', '3')",1
"('', '', '2', '2', '2', '3', '', '')",1
"('2', '3', '1', '4', '2', '2', '2')",1
"('1', '4', '3', '4', '1', '1')",1
"('', '', '', '', '2', '3', '3', '3')",1
"('2', '', '2', '2', '2', '2', '2', '2')",1
"('2', '1', '2', '1', '2', '1', '2', '2', '2')",1
"('1', '2', '4', '1')",1
"('3', '2', '3', '3', '3', '3', '2', '2', '2', '3')",1
"('', '', '', '', '3', '2', '3', '3', '', '', '2', '', '3', '3', '3', '2', '', '2', '')",1
"('', '4', '2', '2', '2', '3', '2', '2', '3', '')",1
"('2', '2', '2', '2', '3', '3', '2')",1
"('2', '3', '2', '3', '2', '2')",1
"('2', '3', '3', '2', '3', '2')",1
"('2', '2', '1', '2', '3', '4', '1')",1
"('3', '3', '2', '2', '3', '2', '2', '2', '3', '3', '3')",1
"('2', '2', '3', '3', '3', '2')",1
"('3', '2', '1', '3', '2', '4', '2')",1
"('2', '', '', '', '', '', '', '3', '1', '', '')",1
"('2', '3', '', '', '2', '3')",1
"('', '2', '1', '2', '2', '2', '2', '1')",1
"('4', '1', '4', '', '', '2', '1')",1
"('4', '3', '3', '2', '3')",1
"('2', '2', '2', '2', '2', '2', '2', '2', '2', '2', '3')",1
"('2', '3', '1', '3', '2', '1', '3')",1
"('2', '2', '3', '3', '2', '3', '3')",1
"('2', '2', '1', '2', '2', '1', '2')",1
"('', '3', '2', '3', '2', '3')",1
"('2', '3', '3', '3', '3', '2', '3', '3')",1
"('3', '3', '2', '2', '3', '3', '3')",1
"('1', '3', '2', '1', '3', '3', '3', '1')",1
"('2', '2', '2', '2', '2', '3', '', '')",1
"('2', '2', '2', '1', '2', '3', '1', '2', '2', '3', '2', '3', '1')",1
"('2', '2', '', '3', '3', '', '', '1')",1
"('2', '3', '2', '3', '3', '3', '3')",1
"('2', '2', '2', '2', '1', '1', '1', '1')",1
"('2', '', '1', '1')",1
"('3', '2', '3', '2', '2', '2', '2', '3', '2', '3', '2')",1
"('3', '2', '3', '2', '2', '2', '2', '2', '2', '2', '', '')",1
"('3', '3', '2', '2', '3', '', '')",1
"('', '', '1', '2')",1
"('2', '3', '2', '1', '2')",1
"('2', '2', '1', '3', '1', '2', '1')",1
"('1', '2', '1', '2', '1', '', '1', '2', '2', '2', '1', '1', '2', '1', '2', '1')",1
"('1', '2', '2', '1', '2', '2', '3')",1
"('3', '1', '2', '2', '2', '2', '2')",1
"('1', '2', '2', '2', '', '')",1
"('', '', '2', '1', '2', '1', '2', '2', '1')",1
"('3', '3', '2', '3', '3', '1', '2', '1')",1
"('2', '2', '2', '2', '2', '3', '', '', '')",1
"('3', '4', '2', '2', '2', '2')",1
"('', '2', '2', '2', '2', '2', '2', '2', '2', '2')",1
"('2', '3', '3', '1', '2', '2', '3', '2', '2', '1')",1
"('2', '', '', '2', '2', '2', '2', '2', '2', '', '')",1
"('1', '2', '1', '2', '2', '2', '3', '2')",1
"('2', '2', '4', '3', '2', '4')",1
"('1', '2', '1', '4', '2', '4', '2', '1')",1
"('2', '2', '2', '1', '2', '1', '', '')",1
"('2', '1', '2', '', '', '', '1')",1
"('', '', '', '4', '4', '4', '4', '2', '', '', '')",1
"('2', '2', '', '', '', '2', '2', '2', '2', '2')",1
"('2', '1', '2', '2', '3', '3', '1')",1
"('1', '2', '2', '2', '2', '2', '1')",1
"('', '', '2', '2', '2', '2', '2', '2', '', '2', '2')",1
"('2', '2', '1', '2', '1', '2', '2', '2', '2', '1')",1
"('2', '1', '2', '', '', '2', '2', '1', '2')",1
"('3', '2', '2', '2', '1', '2', '2', '1', '2', '2', '1')",1
"('2', '1', '', '', '', '2', '1', '2', '1', '1', '1')",1
"('3', '', '', '', '', '2', '2', '2')",1
"('3', '', '', '2', '', '', '')",1
"('1', '1', '2', '', '', '2', '3')",1
"('2', '2', '2', '2', '2', '2', '2', '4')",1
"('2', '2', '', '2', '', '1')",1
"('2', '', '2', '')",1
"('2', '4', '1', '1')",1
"('', '', '', '', '2', '1', '2', '1', '1')",1
"('4', '1', '2', '1', '')",1
"('3', '3', '3', '3', '2', '3')",1
"('1', '2', '1', '2', '1', '1')",1
"('2', '2', '3', '2', '2', '1', '2', '2', '2', '2', '2', '2')",1
"('2', '2', '3', '2', '2', '1', '2', '2', '2', '1', '2', '2', '2', '3')",1
"('2', '1', '2', '2', '2', '1', '1', '2', '1')",1
"('3', '3', '3', '3', '2', '2')",1
"('2', '2', '2', '2', '2', '2', '2', '4', '1')",1
"('2', '3', '3', '2', '3', '3', '2', '1', '3', '1')",1
"('1', '3', '1', '2', '2', '1', '1', '4', '2', '1', '2')",1
"('3', '2', '3', '2', '1', '2', '2', '1', '1')",1
"('1', '2', '2', '', '', '2', '2', '')",1
"('1', '1', '2', '1', '1', '2', '1', '2', '2', '1', '', '2', '1', '2', '1')",1
"('1', '2', '1', '3', '1')",1
"('2', '2', '', '1', '', '')",1
"('3', '4', '3', '2', '3', '3', '2', '2', '3')",1
"('1', '3', '1', '2', '2', '1', '1', '2')",1
"('', '', '', '', '2', '')",1
"('2', '2', '', '2', '2', '1')",1
"('', '', '2', '2', '2', '1', '2', '2', '2')",1
"('', '', '2', '1', '2', '2', '1')",1
"('2', '2', '1', '1', '', '', '', '')",1
"('3', '1', '2', '1', '2', '2', '1', '2', '1', '2', '1', '2')",1
"('2', '1', '2', '2', '2', '', '')",1
"('4', '2', '2', '2', '2', '2', '2', '2', '2', '2', '', '3')",1
"('2', '2', '1', '1', '2', '2', '1', '1')",1
"('2', '2', '', '3', '2', '2', '2')",1
"('', '', '3', '2', '2', '2', '3', '1', '', '')",1
"('2', '2', '2', '3', '2', '2', '', '2', '2')",1
"('3', '', '', '', '', '', '', '', '', '1')",1
"('3', '3', '2', '2', '2', '3', '3', '', '3', '1')",1
"('2', '2', '2', '1', '', '', '', '')",1
"('3', '3', '1', '1', '1', '1', '3', '1', '3', '1')",1
"('2', '1', '2', '1', '4', '2', '2', '1')",1
"('2', '1', '2', '1', '2', '2', '2')",1
"('2', '3', '4', '3', '2', '2', '', '2', '3')",1
"('2', '2', '1', '1', '1', '2', '2', '1', '1')",1
"('', '2', '2', '1', '1', '1', '2', '1')",1
"('', '', '', '1', '1')",1
"('', '', '2', '2', '2', '2', '2')",1
"('2', '2', '3', '2', '', '3', '4', '2', '3', '3')",1
"('1', '1', '2', '1', '1', '1', '1', '1', '1', '1')",1
"('2', '2', '2', '1', '2', '2', '1', '', '')",1
"('2', '3', '4', '1', '4', '1')",1
"('3', '3', '3', '3', '', '', '2', '3')",1
"('2', '2', '2', '3', '3', '3', '3')",1
"('2', '2', '2', '3', '', '', '', '')",1
"('3', '1', '2', '1', '2', '2', '3', '1')",1
"('2', '2', '2', '3', '3', '3', '2', '2', '2', '2', '3')",1
"('', '', '', '', '3', '3', '3', '4', '', '3', '4', '3')",1
"('3', '2', '2', '3', '2', '3', '2')",1
"('3', '3', '4', '2', '3', '3', '4', '3')",1
"('3', '2', '2', '2', '4', '2')",1
"('2', '4', '3', '2', '1')",1
"('3', '3', '2', '3', '3', '1', '2')",1
"('3', '3', '2', '2', '2', '2', '2', '2', '3', '2', '2', '2')",1
"('2', '2', '3', '3', '2', '', '3')",1
"('', '1', '2', '3', '1', '1', '2', '3', '3', '1', '3', '2', '2', '2', '2', '2', '2')",1
"('', '', '3', '2', '3', '3')",1
"('', '', '3', '1', '1', '1')",1
"('2', '2', '', '2', '4', '1')",1
"('2', '1', '2', '2', '2', '2', '1', '2', '1', '2', '2', '1')",1
"('3', '3', '3', '3', '3', '3', '2', '3')",1
"('2', '2', '2', '2', '2', '', '1')",1
"('3', '2', '', '3', '', '')",1
"('', '3', '3', '3')",1
"('2', '2', '', '2', '2', '3')",1
"('2', '2', '2', '3', '3', '2', '2', '2', '2', '2', '3')",1
"('', '4', '2', '3', '3')",1
"('3', '3', '2', '3', '3', '3', '3', '3')",1
"('2', '2', '3', '2', '2', '3', '3', '1')",1
"('4', '2', '2', '2', '', '3', '3', '3')",1
"('', '', '', '', '3', '2', '1')",1
"('4', '4', '3', '4', '4', '3')",1
"('3', '3', '3', '2', '1', '2', '1')",1
"('3', '4', '3', '4', '1', '2', '2', '3', '2', '1', '3')",1
"('2', '2', '3', '2', '3', '3', '1')",1
"('1', '2', '3', '2', '3')",1
"('3', '3', '2', '3', '2', '2', '2', '3')",1
"('2', '', '2', '4', '2')",1
"('2', '', '2', '', '', '')",1
"('3', '1', '2', '1', '3', '1')",1
"('2', '2', '', '2', '')",1
"('2', '3', '2', '2', '3', '3', '3', '3')",1
"('2', '2', '2', '3', '3', '', '3', '2', '3')",1
"('3', '3', '2', '3', '2', '3', '3')",1
"('2', '2', '3', '2', '2', '3', '3')",1
"('', '3', '', '', '1', '1')",1
"('4', '2', '3', '2', '3', '2', '3')",1
"('2', '3', '2', '2', '4', '3', '2', '4', '3')",1
"('2', '3', '2', '2', '3', '2', '3', '3')",1
"('2', '2', '2', '3', '', '1')",1
"('2', '3', '2', '2', '3', '2', '3')",1
"('', '2', '1', '2', '2', '', '', '', '', '', '', '', '')",1
"('2', '3', '2', '1', '3', '', '', '2', '2', '2', '1')",1
"('', '', '2', '2', '2', '2', '2', '2', '3', '3', '3')",1
"('2', '3', '2', '2', '3', '2', '1')",1
"('2', '2', '2', '1', '1', '1', '1')",1
"('2', '3', '3', '3', '1', '3', '3', '2', '1')",1
"('2', '2', '2', '', '', '', '', '2')",1
"('3', '2', '', '', '3', '1', '2', '2', '2', '1')",1
"('3', '2', '3', '2', '3', '3', '3')",1
"('3', '2', '3', '3', '2', '', '', '2', '2', '3', '', '', '2', '3')",1
"('2', '2', '3', '2', '')",1
"('', '', '2', '2', '3', '', '', '', '', '', '')",1
"('1', '1', '1', '1', '', '')",1
"('2', '1', '', '1', '', '', '')",1
"('2', '2', '3', '3', '3', '2', '', '', '')",1
"('3', '2', '', '3')",1
"('2', '3', '2', '3', '3', '3')",1
"('2', '1', '1', '2', '2', '1', '3')",1
"('3', '1', '2', '2', '1', '1', '1')",1
"('3', '1', '3', '2', '3', '4', '1')",1
"('2', '2', '2', '2', '3', '2', '2', '', '3')",1
"('', '', '3', '3', '3', '3', '3', '2')",1
"('2', '', '', '2', '2', '2', '2', '3')",1
"('', '2', '2', '3', '3', '3', '3')",1
"('2', '2', '2', '1', '2', '3', '1', '2', '2', '1')",1
"('3', '1', '3', '3', '1')",1
"('3', '2', '2', '3', '2')",1
"('', '', '', '3', '1', '3', '2', '1')",1
"('', '1', '3', '2')",1
"('3', '2', '3', '1', '2', '2', '1')",1
"('', '3', '1', '2', '3')",1
"('2', '2', '1', '2', '2', '2')",1
"('', '', '2', '2', '', '3')",1
"('2', '2', '', '', '2', '2', '2', '2', '2')",1
"('2', '2', '2', '2', '2', '2', '3', '4', '4', '4', '', '2', '2', '4', '4', '2', '2', '2', '2')",1
"('2', '2', '2', '2', '1', '1', '2', '1')",1
"('', '', '2', '1', '2', '2', '2', '2', '2', '1', '1')",1
"('1', '2', '1', '2', '', '2', '2', '2', '2')",1
"('2', '2', '3', '3', '3', '2', '3', '3')",1
"('3', '1', '2', '', '1')",1
"('1', '2', '', '')",1
"('2', '3', '3', '3', '3', '3', '3', '2', '3', '4', '2')",1
"('2', '2', '3', '2', '', '')",1
"('1', '', '', '3', '1', '', '')",1
"('2', '', '1', '1', '1')",1
"('1', '2', '2', '2', '2', '2', '2', '3')",1
"('2', '2', '1', '3', '3')",1
"('1', '2', '2', '2', '3')",1
"('2', '3', '2', '3', '2', '3', '', '', '')",1
"('1', '1', '2', '2', '2', '2', '2', '2', '1')",1
"('2', '2', '2', '1', '1', '1', '1', '4', '1')",1
"('', '2', '', '', '')",1
"('', '', '2', '2', '3', '2')",1
"('3', '2', '1', '3', '1', '2', '2', '2', '1')",1
"('2', '2', '2', '2', '2', '2', '2', '1', '3', '1')",1
"('', '1', '2', '2', '2', '2', '1')",1
"('1', '3', '2', '1', '3', '1')",1
"('2', '2', '1', '2', '1', '1', '1')",1
"('3', '4', '1', '2', '1', '1')",1
"('3', '', '', '', '', '1')",1
"('3', '2', '2', '2', '2', '', '', '', '2', '2', '1')",1
"('2', '1', '3', '2', '2', '3', '1')",1
"('', '2', '2', '', '', '')",1
"('2', '2', '2', '1', '', '', '', '', '')",1
"('2', '2', '2', '2', '2', '', '1', '2', '1')",1
"('2', '2', '2', '3', '2', '2', '1', '1')",1
"('', '1', '1', '3', '1')",1
"('3', '1', '2', '1', '2')",1
"('1', '2', '1', '2', '3', '2', '1')",1
"('3', '', '', '3', '2', '3', '1', '3')",1
"('', '2', '3', '1', '2', '1')",1
"('2', '2', '2', '2', '2', '2', '2', '1', '2', '2', '1')",1
"('', '1', '1', '')",1
"('', '2', '2', '1', '2', '2', '2', '1')",1
"('2', '1', '1', '1', '1', '2', '2', '1', '2', '1')",1
"('1', '1', '2', '2', '2', '2', '3', '1')",1
"('', '', '', '', '', '', '', '2', '1')",1
"('2', '2', '3', '', '', '3', '3', '2', '1')",1
"('1', '2', '1', '2', '2', '1')",1
"('2', '2', '2', '1', '2', '1', '2', '1', '2', '', '')",1
"('1', '1', '2', '3', '1', '2', '1')",1
"('2', '2', '1', '', '', '2', '1', '2', '1', '3', '1')",1
"('', '', '3', '2', '3', '2', '2')",1
"('2', '2', '2', '1', '2', '', '')",1
"('3', '2', '1', '2', '3')",1
"('', '', '', '', '2', '1', '', '')",1
"('', '', '', '', '1', '1', '2')",1
"('4', '1', '1', '1', '1', '1')",1
"('4', '2', '1', '2', '2', '2', '1', '1', '1')",1
"('2', '2', '1', '1', '1', '1')",1
"('2', '4', '2', '2', '2', '3', '2', '2', '2', '3')",1
"('3', '2', '2', '2', '1', '2', '1', '2', '1')",1
"('2', '2', '', '1', '1', '1')",1
"('1', '1', '2', '2', '2', '2', '1')",1
"('', '3', '2', '2', '2', '2')",1
"('1', '1', '2', '2', '2', '2', '1', '3', '1', '2', '1')",1
"('2', '2', '1', '3', '1', '1', '1', '1', '3', '3', '1', '1', '1')",1
"('2', '1', '2', '1', '2', '1', '2', '1', '2', '1', '2', '2')",1
"('2', '2', '2', '2', '2', '2', '2', '2', '2', '2', '2', '1', '2', '1', '1')",1
"('4', '3', '2', '3', '3', '3', '3')",1
"('2', '2', '3', '2', '3', '2')",1
"('2', '2', '2', '3', '3', '2', '1', '3')",1
"('2', '1', '1', '1', '3', '1', '3', '3', '1', '3', '3', '3', '1', '3', '1')",1
"('3', '2', '', '3', '1')",1
"('4', '1', '2', '1', '3', '2', '1', '2', '1')",1
"('2', '2', '', '', '', '', '2', '3', '3', '2', '3', '2')",1
"('3', '1', '2', '1', '2', '2', '2')",1
"('3', '3', '3', '2', '2', '1', '2', '3', '1', '2', '2', '2', '1')",1
"('2', '2', '2', '4', '2', '4', '2', '2', '', '')",1
"('', '2', '1', '', '', '', '')",1
"('2', '2', '2', '1', '2', '')",1
"('2', '2', '2', '2', '1', '3')",1
"('3', '2', '2', '2', '2', '2', '2', '3', '2')",1
"('2', '2', '2', '2', '2', '2', '1', '2', '3', '1')",1
"('3', '2', '2', '1', '', '', '', '', '')",1
"('3', '2', '1', '1', '1', '2', '1')",1
"('', '', '2', '2', '1', '2', '1', '3', '1')",1
"('2', '2', '2', '3', '3', '3')",1
"('2', '2', '2', '', '2', '2', '3')",1
"('2', '1', '', '', '2', '1', '2', '1')",1
"('1', '2', '1', '2', '1', '1', '2', '1')",1
"('2', '1', '2', '3', '2', '3')",1
"('1', '1', '1', '2', '2', '2', '1', '1', '2', '1', '2', '2', '1', '3', '2', '2', '1', '2', '2', '2', '1', '2', '2', '2', '1', '2', '2', '2', '1', '1', '1', '1', '2', '1', '2', '2', '2', '2', '2', '2', '2')",1
"('3', '4', '1', '1')",1
"('3', '2', '2', '2', '3', '3', '1')",1
"('2', '1', '4', '2', '1', '2', '1', '3', '2', '2', '1')",1
"('2', '', '', '', '', '', '', '2')",1
"('2', '2', '2', '3', '2', '3', '4', '2', '3')",1
"('4', '2', '2', '2', '4', '2', '', '', '', '')",1
"('1', '2', '1', '', '1')",1
"('', '', '', '2', '')",1
"('', '1', '2', '2', '2', '2', '2', '1')",1
"('3', '4', '2', '3', '2', '3')",1
"('2', '2', '1', '2', '2', '2', '1', '2')",1
"('2', '2', '', '', '2', '', '')",1
"('2', '2', '1', '2', '2', '2', '1', '2', '2', '1')",1
"('2', '3', '2', '2', '', '', '3')",1
"('2', '2', '', '', '', '3')",1
"('2', '2', '2', '2', '2', '1', '3', '1')",1
"('3', '', '', '', '', '', '3', '', '')",1
"('3', '3', '1', '2', '2', '4', '1', '2', '1')",1
"('1', '3', '2', '1')",1
"('3', '2', '2', '2', '2', '3', '4', '1', '2', '2')",1
"('2', '2', '2', '2', '1', '2', '1', '', '')",1
"('2', '', '', '', '', '', '3', '', '3', '3', '2', '2', '2', '3', '2', '3')",1
"('2', '2', '', '2', '2', '2', '', '2', '3')",1
"('2', '', '', '1', '3', '2', '2', '1')",1
"('2', '4', '2', '4', '3', '3')",1
"('4', '', '1', '2', '2', '2', '3', '2', '2', '2')",1
"('3', '2', '2', '3', '3', '3')",1
"('2', '', '', '', '3', '2', '3')",1
"('2', '', '3', '2', '2', '3')",1
"('4', '1', '2', '2', '2', '2', '3')",1
"('4', '2', '2', '2', '1', '2', '1')",1
"('2', '', '2', '3', '2', '3', '3')",1
"('3', '2', '3', '2', '2', '2', '2', '2', '3')",1
"('1', '1', '1', '1', '3')",1
"('2', '2', '2', '2', '3', '', '')",1
"('2', '2', '2', '3', '2', '3', '2', '3')",1
"('2', '4', '2', '', '', '2', '2', '2')",1
"('2', '2', '2', '4', '4', '2')",1
"('1', '2', '2', '1', '2')",1
"('2', '2', '1', '2', '1', '', '', '')",1
"('3', '1', '1', '1', '3', '1', '2', '1')",1
"('', '', '', '', '', '', '', '', '1')",1
"('2', '2', '1', '1', '3', '1')",1
"('1', '1', '2', '2', '2', '2', '2', '2', '2', '1')",1
"('3', '2', '2', '2', '2', '3', '1')",1
"('3', '2', '', '2', '', '3', '2')",1
"('2', '2', '2', '2', '2', '3', '2', '2', '2', '2', '2')",1
"('2', '2', '2', '', '2', '2', '2', '1')",1
"('2', '2', '2', '1', '2', '1', '4', '1')",1
"('2', '', '2', '1', '2', '1')",1
"('4', '1', '3', '1', '2', '3', '', '', '2', '1')",1
"('1', '1', '2', '1', '', '')",1
"('2', '4', '2', '2', '2', '2', '4', '1', '2', '1')",1
"('2', '1', '2', '1', '1', '2', '1', '2', '1')",1
"('2', '2', '1', '2', '2', '1', '1', '1')",1
"('2', '1', '1', '2', '1', '1', '2', '1')",1
"('2', '1', '2', '1', '1', '1', '1')",1
"('2', '2', '2', '1', '2', '2', '2', '2', '2', '2', '1')",1
"('3', '3', '3', '3', '2', '2', '2', '1', '1', '1')",1
"('1', '1', '4', '1')",1
"('2', '1', '2', '2', '2', '1', '3', '1')",1
"('1', '3', '1', '2', '1', '3')",1
"('2', '2', '4', '4', '2', '2', '4', '3', '2')",1
"('2', '2', '1', '2', '1', '1', '1', '2', '2', '2', '1', '3', '2', '3', '1')",1
"('2', '2', '2', '3', '2', '2', '3', '2', '3')",1
"('3', '3', '2', '2', '2', '3')",1
"('2', '2', '2', '2', '2', '2', '2', '2', '2', '2', '2', '2', '2', '2', '2', '2', '2', '2')",1
"('2', '2', '2', '2', '2', '2', '2', '2', '1', '2')",1
"('2', '2', '2', '3', '3', '3', '2', '3', '3', '3')",1
"('2', '2', '2', '', '', '', '', '', '1')",1
"('', '', '', '', '2', '1', '', '', '', '')",1
"('2', '2', '3', '2', '2', '3', '2', '3', '2', '3', '3', '3', '2', '3', '2', '3')",1
"('1', '', '', '', '', '', '', '2', '1')",1
"('2', '2', '2', '2', '2', '2', '2', '2', '2', '3', '2')",1
"('2', '4', '4', '2', '2', '2', '2', '2', '2', '2', '2')",1
"('2', '', '2', '2', '2', '', '1')",1
"('1', '1', '4', '2', '1')",1
"('2', '2', '2', '', '2', '1', '2', '1')",1
"('2', '2', '', '', '', '', '', '', '', '')",1
"('2', '1', '2', '2', '2', '3', '2', '1')",1
"('2', '', '', '2', '', '', '')",1
"('2', '3', '2', '4', '3')",1
"('2', '', '', '', '', '', '', '1')",1
"('2', '3', '3', '', '3', '3', '3', '2', '2', '3')",1
"('1', '2', '1', '2', '2', '2')",1
"('2', '', '', '', '1', '2', '', '', '', '', '', '1', '2', '1')",1
"('2', '1', '2', '2', '2', '2', '3')",1
"('2', '2', '3', '2', '2', '3', '3', '3', '3')",1
"('2', '3', '1', '3')",1
"('2', '2', '2', '2', '2', '1', '2', '1', '2', '3', '1', '2', '2', '1')",1
"('2', '2', '2', '2', '2', '', '2', '2', '2')",1
"('2', '2', '4', '2', '2', '2', '2', '2', '1')",1
"('2', '2', '2', '2', '2', '2', '1', '2', '3', '', '', '')",1
"('1', '1', '2', '1', '2', '1')",1
"('', '', '', '', '', '', '', '', '', '3', '2', '', '3', '', '')",1
"('', '', '2', '2', '2', '', '', '2', '', '')",1
"('3', '2', '2', '2', '', '', '', '')",1
"('4', '4', '4', '4', '4', '4', '4', '4')",1
"('2', '3', '2', '1', '1', '1', '1', '1')",1
"('', '', '2', '2', '1', '4', '1')",1
"('1', '3', '1', '1', '1')",1
"('1', '', '1', '2', '1')",1
"('1', '4', '2', '2', '2', '2', '1', '4', '1', '2')",1
"('2', '2', '1', '3', '2', '2', '3', '1', '', '')",1
"('3', '1', '1', '2', '2', '2', '2', '2')",1
"('3', '3', '2', '3', '2', '2', '3', '2', '3', '2')",1
"('1', '2', '1', '2', '3')",1
"('1', '2', '1', '1', '1', '1')",1
"('2', '2', '2', '2', '2', '2', '2', '1', '2', '1', '2', '1')",1
"('1', '2', '2', '2', '2', '2', '2', '2', '2', '2', '1')",1
"('2', '3', '2', '2', '2', '2', '2', '2', '2', '2', '2')",1
"('2', '2', '2', '', '', '2', '2', '', '', '', '', '2', '2', '2')",1
"('', '2', '2', '2', '2', '2', '1', '2', '2')",1
"('3', '2', '2', '2', '1', '3', '1')",1
"('2', '2', '2', '1', '2', '2', '1', '1', '1', '1', '1', '1', '1')",1
"('2', '1', '2', '1', '2', '2', '1', '1')",1
"('2', '2', '2', '2', '', '', '1', '2')",1
"('1', '1', '', '', '2', '2', '1')",1
"('1', '1', '1', '1', '1', '2', '2', '1', '1', '1')",1
"('2', '', '', '', '1', '2', '2', '1')",1
"('2', '1', '2', '1', '1', '1', '2', '1', '', '', '', '')",1
"('2', '1', '2', '1', '1', '2', '1', '2', '1', '2', '1')",1
"('2', '2', '2', '2', '2', '1', '3', '2', '2', '2', '1')",1
"('', '', '3', '3', '3', '', '', '', '')",1
"('3', '3', '3', '2', '2', '2', '3')",1
"('2', '', '', '3', '', '3')",1
"('', '', '', '', '', '', '', '', '2', '2', '', '')",1
"('1', '2', '1', '3', '', '')",1
"('', '', '', '', '2', '3', '3')",1
"('3', '3', '3', '3', '3')",1
"('', '', '2', '2', '3', '2', '3')",1
"('3', '3', '3', '', '', '3')",1
"('3', '2', '', '2', '2', '2', '2', '3')",1
"('2', '', '', '', '2', '3')",1
"('2', '2', '3', '2', '2', '2', '3', '3', '2', '2', '2', '3')",1
"('2', '1', '2', '3', '2', '2', '1')",1
"('2', '', '', '3', '2', '3')",1
"('2', '2', '', '', '2', '2', '2', '2', '3')",1
"('', '2', '', '', '2', '3', '', '')",1
"('2', '2', '1', '1', '1', '', '', '')",1
"('3', '3', '', '', '')",1
"('3', '2', '3', '3', '3', '3')",1
"('3', '3', '3', '3', '3', '', '', '3')",1
"('2', '', '2', '1', '2', '2', '2', '2')",1
"('1', '1', '3', '1', '1', '1')",1
"('2', '2', '2', '3', '1', '2', '2', '1')",1
"('4', '3', '', '', '3', '3', '3', '3')",1
"('1', '3', '2', '2', '3', '1')",1
"('3', '3', '2', '2', '3', '2', '3', '2', '1', '2', '2', '3')",1
"('3', '3', '3', '2', '3', '2', '3', '2', '3', '2', '3')",1
"('3', '3', '3', '2', '2')",1
"('3', '1', '2', '', '', '1')",1
"('3', '2', '3', '2', '3', '2')",1
"('3', '1', '', '', '1', '3', '2', '2', '2', '3')",1
"('2', '2', '2', '3', '2', '2', '4', '3')",1
"('2', '4', '3', '3', '3')",1
"('3', '2', '2', '3', '3', '3', '2', '3', '3')",1
"('2', '2', '1', '3', '4', '3')",1
"('3', '', '', '', '', '2', '2')",1
"('2', '', '2', '3', '2', '3')",1
"('', '2', '3', '1', '2', '1', '1')",1
"('2', '3', '2', '2', '3', '2', '2', '2', '3')",1
"('', '', '2', '1', '2', '3')",1
"('2', '3', '4', '2', '2', '3', '2')",1
"('3', '4', '4', '4', '1', '2', '2', '1', '4', '1', '1', '3', '3', '1')",1
"('3', '3', '1', '2', '1', '2', '1')",1
"('1', '3', '1', '2', '2', '1')",1
"('3', '', '', '', '2', '3', '2', '', '3', '', '', '', '3')",1
"('1', '3', '3', '3')",1
"('2', '3', '2', '3', '2', '3', '2', '3')",1
"('2', '3', '2', '2', '2', '2', '3')",1
"('2', '2', '3', '1', '3', '3', '3', '2', '3', '2', '3', '2', '3')",1
"('2', '2', '1', '', '', '', '', '', '')",1
"('3', '3', '3', '2', '3', '2', '3')",1
"('3', '3', '2', '3', '3', '2', '3', '', '', '', '', '')",1
"('4', '1', '3', '1', '2', '1', '2', '1')",1
"('2', '3', '2', '', '2', '2', '2')",1
"('4', '1', '2', '2', '2')",1
"('3', '2', '', '', '2', '1')",1
"('1', '3', '', '2', '2', '2', '2', '2', '2', '2')",1
"('', '', '2', '2', '3', '', '')",1
"('2', '3', '2', '3', '', '', '3', '3')",1
"('3', '2', '2', '3', '1', '3', '1')",1
"('2', '3', '2', '2', '2', '3', '2', '3')",1
"('1', '3', '1', '', '', '', '', '')",1
"('1', '2', '1', '2', '', '')",1
"('3', '1', '2', '2', '3', '', '')",1
"('4', '2', '2', '2', '4', '2', '4', '4', '1', '2', '2', '1')",1
"('4', '1', '2', '1', '2', '1', '2', '1')",1
"('4', '4', '2', '4')",1
"('4', '2', '4', '1', '', '')",1
"('4', '2', '2', '2', '1', '2', '1', '', '')",1
"('2', '2', '1', '')",1
"('2', '4', '2', '2', '1', '', '')",1
"('4', '2', '2', '', '', '1', '4', '1')",1
"('2', '', '', '', '', '1', '2', '2', '1')",1
"('2', '1', '2', '1', '4')",1
"('4', '3', '2', '2')",1
"('', '', '4', '2', '1', '4', '1')",1
"('4', '2', '', '1')",1
"('2', '2', '4', '2', '2', '2', '4', '2')",1
"('', '', '4', '2', '2', '2', '1', '', '', '', '')",1
"('4', '2', '2', '4', '3', '', '3', '2', '2', '2', '2', '1')",1
"('1', '1', '1', '1', '2', '2', '1')",1
"('', '3', '1', '2', '', '', '')",1
"('', '', '', '', '', '', '', '4', '4', '3', '1')",1
"('4', '2', '4', '2', '2', '2', '4', '2', '4', '2', '2', '2')",1
"('4', '1', '', '', '1', '2', '4', '1')",1
"('3', '2', '4', '1', '1', '4', '1')",1
"('1', '2', '2', '1', '2', '2', '2', '1')",1
"('', '', '', '', '3', '3', '', '')",1
"('', '', '4', '4', '3', '2', '3')",1
"('4', '1', '2', '2', '1', '1', '1')",1
"('2', '3', '3', '3', '3', '3', '3', '3', '3', '3', '3', '3', '3', '3', '3', '3', '3', '3', '3', '3', '3', '3', '3', '3')",1
"('1', '3', '1')",1
"('1', '', '2', '1')",1
"('2', '2', '2', '1', '1', '1', '2', '2')",1
"('2', '2', '1', '2', '2', '1', '2', '2', '1', '', '', '')",1
"('2', '2', '2', '2', '2', '1', '1', '1')",1
"('4', '', '4')",1
"('3', '2', '1', '4', '2', '1')",1
"('', '1', '', '', '', '')",1
"('1', '2', '1', '1', '2', '2', '2', '1')",1
"('2', '2', '', '', '', '2', '2')",1
"('', '', '2', '1', '', '', '2', '1')",1
"('2', '2', '2', '2', '4', '3', '3', '1')",1
"('2', '4', '2', '3', '', '1')",1
"('2', '1', '3', '2', '2', '1')",1
"('1', '4')",1
"('4', '3', '2', '1', '4', '1', '', '4', '1')",1
"('1', '1', '2', '', '', '2', '1', '2', '')",1
"('4', '1', '2', '1', '1', '', '', '2', '1')",1
"('', '', '', '', '2', '4', '1')",1
"('3', '1', '4', '1', '2', '2', '1')",1
"('4', '4', '4', '2', '1', '1', '1', '4', '4', '1')",1
"('4', '2', '2', '2', '2', '4', '2')",1
"('', '2', '2', '', '', '', '', '')",1
"('2', '1', '2', '4', '2', '1', '4', '1')",1
"('1', '2', '1', '4')",1
"('', '', '4', '2', '2', '1', '2', '1')",1
"('2', '1', '', '', '1', '2', '1', '', '')",1
"('2', '2', '2', '2', '1', '2', '4', '1')",1
"('2', '2', '1', '2', '2', '2', '2', '1', '2', '2', '2', '1', '2', '1')",1
"('2', '1', '4', '1', '4', '2', '1', '2', '2', '1', '2', '1', '2', '1')",1
"('2', '1', '4', '2', '2', '1', '4', '1')",1
"('2', '1', '2', '', '', '1')",1
"('2', '1', '3', '3', '2', '3', '1')",1
"('', '4', '2', '', '', '3', '', '', '')",1
"('2', '2', '1', '2', '2', '2', '1', '1', '2', '1')",1
"('', '', '', '2', '1', '', '')",1
"('2', '', '', '', '4', '1', '2', '1')",1
"('4', '1', '2', '2', '1', '4', '2', '2', '1')",1
"('', '', '4', '3')",1
"('3', '2', '2', '1', '3', '3', '1')",1
"('2', '', '3', '2', '')",1
"('2', '2', '4', '2', '2', '4', '1')",1
"('4', '2', '', '1', '2', '2', '1', '2', '1')",1
"('2', '', '', '2', '2', '2', '2')",1
"('2', '4', '1', '4', '2', '1')",1
"('2', '4', '2', '', '', '1')",1
"('4', '', '', '', '3', '4', '3', '3')",1
"('4', '2', '2', '2', '2', '2', '2', '2', '2')",1
"('', '', '3', '3', '1')",1
"('2', '', '2', '1', '4', '2', '1')",1
"('', '', '', '', '3', '3', '')",1
"('3', '2', '2', '3', '2', '2', '2', '2')",1
"('3', '2', '2', '3', '1', '', '')",1
"('3', '4', '2', '2', '2', '4', '3', '1')",1
"('2', '2', '2', '2', '4', '1', '2', '1')",1
"('2', '1', '2', '', '', '1', '2', '1')",1
"('4', '1', '2', '4', '2', '1', '3', '2', '1')",1
"('2', '2', '2', '2', '4', '')",1
"('2', '2', '2', '2', '2', '4', '2', '2')",1
"('2', '1', '2', '1', '3', '2', '2', '3', '1')",1
"('4', '4', '4', '4', '2')",1
"('4', '1', '2', '4', '4', '1', '2', '1')",1
"('4', '1', '2', '2', '2', '4', '1', '1', '4', '2', '1')",1
"('2', '4', '1', '4', '2', '2', '4', '1')",1
"('4', '1', '2', '2', '2', '2', '2', '1', '1', '2', '1', '1')",1
"('2', '2', '2', '2', '1', '2', '1', '2', '1', '1')",1
"('2', '3', '2', '2', '2', '2', '2', '3', '2', '3')",1
"('2', '2', '2', '2', '2', '3', '2', '1')",1
"('', '', '4', '2', '2', '2', '', '', '')",1
"('4', '4', '4', '1', '2', '1', '2', '1')",1
"('2', '1', '2', '3', '3')",1
"('2', '2', '2', '1', '2', '2', '2', '2', '1', '2', '1')",1
"('4', '1', '2', '1', '2', '1', '4', '1')",1
"('4', '2', '1', '2', '1', '', '')",1
"('4', '2', '', '', '', '', '')",1
"('', '4', '1', '', '', '1', '2', '', '')",1
"('2', '2', '2', '1', '2', '2', '4', '2')",1
"('', '', '2', '3', '4', '3', '3', '3')",1
"('1', '2', '2', '3', '1')",1
"('3', '4', '2', '4', '2', '2', '2', '2', '2')",1
"('2', '2', '4', '3', '2', '2', '3')",1
"('2', '1', '', '', '', '', '', '2', '1')",1
"('4', '2', '2', '3', '3', '3', '3', '2')",1
"('2', '4', '4', '2', '1', '1', '2', '1')",1
"('', '', '', '', '', '4', '', '3')",1
"('2', '3', '1', '2', '1', '3', '1')",1
"('2', '2', '4', '2', '', '', '')",1
"('2', '1', '2', '2', '2', '1', '4', '2', '2', '1')",1
"('3', '2', '2', '1', '1')",1
"('2', '3', '3', '2', '2', '2', '2', '2', '2', '2', '2', '1')",1
"('3', '2', '4', '3', '1')",1
"('2', '2', '2', '3', '2', '3', '2')",1
"('', '', '', '1', '', '')",1
"('3', '3', '1', '3', '3', '1', '', '')",1
"('2', '3', '1', '3', '1', '2', '1')",1
"('', '3', '3', '1')",1
"('2', '2', '1', '2', '4', '2', '1', '1', '1')",1
"('2', '3', '', '', '', '1')",1
"('', '3', '2')",1
"('2', '2', '2', '3', '2', '1', '3', '4', '1')",1
"('', '', '', '', '2', '3', '', '')",1
"('3', '2', '2', '3', '1', '2', '2', '2', '1')",1
"('2', '3', '2', '1', '4', '1')",1
"('2', '2', '2', '2', '2', '3', '3', '2', '3')",1
"('2', '3', '2', '2', '1', '2', '2', '2', '1', '2', '3', '1')",1
"('4', '1', '2', '3', '1', '2', '4', '1', '4', '1')",1
"('', '', '3', '2', '1', '3', '2')",1
"('', '', '2', '', '2')",1
"('2', '4', '4', '2', '2', '2')",1
"('2', '1', '2', '1', '3', '2', '1')",1
"('2', '2', '2', '2', '4', '1', '2', '4', '1', '2', '1')",1
"('2', '2', '4', '1', '2', '4', '2', '2', '1', '2', '1')",1
"('4', '', '', '3', '3', '3')",1
"('2', '2', '2', '2', '1', '', '', '2')",1
"('1', '3', '3')",1
"('4', '4', '1', '4', '2', '2', '1', '', '', '1', '1', '1', '1')",1
"('1', '2', '1', '1', '3', '2', '1')",1
"('2', '4', '2', '2', '2', '4', '2', '1')",1
"('4', '4', '2', '', '')",1
"('2', '2', '4', '2', '2', '2', '2')",1
"('2', '1', '2', '4', '1', '3', '1')",1
"('2', '3', '2', '2', '1', '', '', '')",1
"('2', '2', '3', '3', '', '3')",1
"('2', '2', '2', '1', '2', '2', '')",1
"('4', '3', '4', '2', '3')",1
"('1', '1', '4', '4', '1')",1
"('2', '1', '1', '2', '1', '1')",1
"('4', '2', '3', '2', '2', '3')",1
"('', '', '4', '2', '2', '1')",1
"('2', '2', '2', '2', '3', '4', '2', '3')",1
"('2', '3', '3', '2', '1')",1
"('1', '', '', '2', '1')",1
"('4', '2', '2', '1', '4', '1')",1
"('3', '3', '3', '3', '')",1
"('2', '2', '1', '4', '1', '4', '1')",1
"('', '3', '2', '3', '2', '2', '3')",1
"('2', '2', '2', '3', '', '', '3')",1
"('4', '2', '', '', '2', '3')",1
"('2', '2', '2', '2', '2', '2', '2', '4', '2')",1
"('4', '3', '3', '3', '2', '3', '3')",1
"('', '', '', '3', '4', '1')",1
"('2', '4', '2', '1', '4', '1')",1
"('', '2', '1', '', '', '')",1
"('', '2', '1', '2', '3', '1', '4', '1', '4', '1')",1
"('2', '4', '2', '', '', '', '', '')",1
"('1', '2', '1', '2', '2', '2', '1')",1
"('3', '2', '3', '3', '2', '4', '', '', '', '')",1
"('', '3', '2', '3')",1
"('2', '2', '3', '4', '1', '2', '1')",1
"('2', '2', '2', '2', '2', '2', '1', '3')",1
"('2', '1', '2', '2', '2', '1', '', '1')",1
"('2', '2', '3', '2', '3', '', '', '3')",1
"('2', '4', '', '', '', '2', '2', '1')",1
"('2', '', '3', '3', '1')",1
"('2', '1', '2', '1', '4', '4', '1')",1
"('4', '3', '', '1')",1
"('3', '1', '2', '2', '1', '3', '3', '1', '3', '2', '1')",1
"('4', '', '2', '2', '2')",1
"('1', '2', '4', '1', '1', '1')",1
"('1', '1', '3', '2', '3', '1', '1')",1
"('', '', '', '3', '')",1
"('4', '2', '3', '4', '1', '3', '', '')",1
"('2', '2', '1', '2', '1', '2', '1', '1')",1
"('3', '2', '3', '4', '2', '1')",1
"('2', '3', '2', '2', '3', '2', '2', '3', '3', '2')",1
"('4', '2', '2', '2', '', '2', '2', '')",1
"('', '2', '4', '2', '', '', '', '', '4', '')",1
"('3', '3', '2', '3', '2', '1')",1
"('2', '3', '4', '2', '', '', '', '', '')",1
"('2', '', '', '', '2', '', '2', '2', '', '2', '1')",1
"('2', '2', '2', '4', '1', '2', '1', '3', '1', '3', '1')",1
"('4', '2', '2', '2', '3', '1')",1
"('4', '2', '1', '2', '2', '1', '2', '2', '2', '2', '4', '1', '2', '2', '2', '1', '2', '1')",1
"('3', '1', '3')",1
"('4', '2', '2', '1', '2', '1', '4', '1')",1
"('4', '2', '', '', '4', '4', '4', '1')",1
"('2', '1', '2', '1', '4', '1', '4', '2', '1')",1
"('4', '2', '2', '2', '2', '1', '2', '4', '1', '1')",1
"('3', '2', '2', '2', '3', '', '', '')",1
"('3', '2', '3', '2', '2', '3', '', '')",1
"('2', '2', '', '', '3', '4', '2', '2')",1
"('', '', '3', '2', '3')",1
"('2', '2', '2', '1', '2', '', '2', '1', '2', '1')",1
"('2', '2', '2', '3', '1', '3', '2', '3')",1
"('2', '2', '', '2', '2', '', '', '2', '2', '2', '2', '2', '2', '2', '2', '2')",1
"('', '4', '4')",1
"('2', '', '', '', '2', '2', '1')",1
"('1', '4', '4', '4', '1', '1', '2')",1
"('4', '2', '4', '4', '2', '3', '2')",1
"('', '', '', '', '', '', '', '', '2', '3', '', '')",1
"('3', '', '2', '3', '1')",1
"('', '', '3', '2', '1', '', '')",1
"('4', '4', '3', '4', '3')",1
"('', '1', '', '1', '', '2', '2', '2', '4', '1', '2', '', '', '', '')",1
"('2', '1', '2', '1', '3', '1', '3', '1')",1
"('3', '3', '3', '3', '3', '4', '3', '4', '3')",1
"('3', '3', '4', '2', '2', '1')",1
"('2', '2', '1', '2', '1', '2', '1', '2', '1')",1
"('', '3', '1', '', '')",1
"('', '2', '2', '1', '4', '', '', '')",1
"('4', '2', '1', '3', '1', '2', '2', '1')",1
"('2', '4', '4', '4', '4', '4', '4', '4', '4', '4', '4', '4', '4', '4', '4', '4', '4', '4', '4', '4', '4', '', '')",1
"('', '', '2', '2', '2', '4', '1')",1
"('1', '2', '1', '1', '2', '1')",1
"('', '', '3', '4', '1')",1
"('4', '1', '2', '3', '1')",1
"('3', '3', '4', '1')",1
"('', '', '4', '')",1
"('2', '3', '2', '2', '3', '2', '', '3', '2', '4', '2', '1')",1
"('2', '2', '4', '2', '3', '2', '1')",1
"('2', '2', '2', '3', '3', '3', '3', '3', '3', '2', '2', '1')",1
"('3', '3', '3', '4', '2', '2', '1')",1
"('3', '4', '', '', '', '', '2', '2')",1
"('2', '2', '2', '2', '3', '3', '2', '3', '2', '2', '3', '3', '3')",1
"('4', '4', '4', '4', '1', '4', '1')",1
"('4', '2', '1', '4', '2', '2')",1
"('2', '2', '2', '2', '2', '2', '3', '1')",1
"('', '', '3', '2', '3', '3', '1')",1
"('', '2', '2', '1', '', '4', '1', '2', '', '', '')",1
"('', '2', '3', '')",1
"('4', '3', '2', '3', '2', '4', '2')",1
"('', '', '2', '', '', '3')",1
"('', '', '2', '3', '2')",1
"('4', '1', '2', '1', '4', '1', '', '')",1
"('', '', '4', '', '4', '4')",1
"('2', '2', '4', '2', '4', '1')",1
"('2', '1', '4', '1', '2', '2', '1')",1
"('4', '2', '1', '2', '2', '3', '2', '3', '1')",1
"('2', '1', '3', '1', '3', '1')",1
"('', '2', '4', '1', '', '', '')",1
"('2', '3', '2', '4', '4', '4', '2', '3', '3', '2', '2', '2', '3')",1
"('2', '4', '2', '2', '1', '2', '2', '1')",1
"('4', '2', '2', '3', '2')",1
"('3', '2', '4', '2', '3')",1
"('2', '4', '2', '2', '2', '2', '2', '2', '2', '2')",1
"('3', '2', '2', '1', '2', '1', '2', '1')",1
"('3', '4', '', '', '', '', '', '', '')",1
"('', '', '', '', '', '', '2', '2', '1')",1
"('2', '3', '2', '1', '2', '2', '1', '2', '1')",1
"('4', '', '', '', '2')",1
"('', '2', '1', '2', '2', '1')",1
"('2', '2', '2', '2', '3', '3', '3', '3', '3', '4', '2')",1
"('3', '3', '3', '3', '1', '3', '1')",1
"('', '', '2', '', '', '', '', '2', '1')",1
"('4', '4', '1', '2', '1')",1
"('', '', '', '', '3', '3', '2')",1
"('4', '1', '1', '2', '2', '1', '1')",1
"('', '', '2', '', '4', '', '')",1
"('4', '2', '2', '', '2', '2', '1', '2', '2', '2', '1')",1
"('', '', '', '', '', '4', '2')",1
"('2', '2', '4', '4', '2', '2', '1', '2', '1')",1
"('', '4', '2', '', '')",1
"('3', '2', '4', '2', '4', '2', '1')",1
"('4', '1', '1', '4', '2', '2', '1')",1
"('3', '', '3', '3')",1
"('4', '3', '4', '2', '1', '2', '2', '1')",1
"('2', '4', '2', '2', '4', '1')",1
"('', '', '', '3', '2', '3', '2')",1
"('2', '4', '2', '3', '1')",1
"('', '', '2', '2', '', '', '')",1
"('3', '2', '', '', '3', '3', '2', '3')",1
"('2', '1', '2', '1', '4', '2', '1')",1
"('4', '2', '2', '1', '1')",1
"('3', '1', '3', '1', '', '')",1
"('3', '4', '4', '2', '4', '2', '2', '1')",1
"('2', '1', '2', '1', '3', '', '1')",1
"('4', '2', '1', '1', '2', '1', '1', '2', '1')",1
"('1', '', '1')",1
"('4', '2', '1', '2', '4', '2', '4', '1')",1
"('4', '2', '', '', '2', '1')",1
"('4', '1', '3', '1', '2', '1', '4', '2', '1')",1
"('4', '2', '2', '2', '2', '2', '2', '2', '2', '2', '3')",1
"('3', '2', '4')",1
"('2', '2', '1', '2', '2', '', '1', '2')",1
"('', '', '4', '1', '2', '1', '2', '2', '1')",1
"('3', '4', '3', '2')",1
"('2', '1', '3', '3', '2', '3', '2', '1')",1
"('4', '2', '2', '2', '', '2', '2', '2', '2', '1')",1
"('4', '2', '', '', '4', '1')",1
"('3', '1', '2', '2', '1', '3', '1')",1
"('2', '', '', '', '', '3', '4', '4', '2', '4')",1
"('2', '2', '2', '2', '3', '1', '3')",1
"('3', '4', '2', '3', '1')",1
"('2', '2', '2', '4', '2', '3', '3', '1')",1
"('2', '', '2', '3')",1
"('2', '2', '2', '2', '2', '4', '3')",1
"('4', '', '2', '4', '1')",1
"('', '2', '', '', '4', '')",1
"('4', '2', '2', '2', '4', '4', '2', '1', '3', '')",1
"('2', '4', '3', '3')",1
"('2', '3', '2', '', '', '2', '3')",1
"('2', '4', '4', '2')",1
"('2', '4', '2', '2', '1', '2', '1', '2', '1')",1
"('1', '', '')",1
"('4', '2', '2', '3', '2', '2')",1
"('4', '2', '1', '2', '1', '4', '1')",1
"('3', '1', '', '', '3', '', '2', '1')",1
"('2', '2', '2', '2', '1', '3', '2', '1')",1
"('4', '4', '2', '4', '3', '2', '2', '3', '', '')",1
"('4', '3', '2', '2', '2', '3', '1', '4', '1')",1
"('3', '2', '3', '1', '2', '2', '1', '2', '2', '3', '1')",1
"('2', '2', '1', '4', '4', '1')",1
"('2', '1', '4', '4', '4', '', '')",1
"('', '', '', '', '', '', '', '3', '1')",1
"('4', '1', '', '', '3', '1', '', '', '4', '1')",1
"('2', '2', '2', '1', '', '2', '', '', '1')",1
"('2', '', '', '', '', '2', '3', '')",1
"('', '', '4', '', '', '')",1
"('1', '4', '4', '2', '1', '2', '1')",1
"('2', '2', '2', '2', '2', '2', '2', '2', '2', '', '')",1
"('', '', '', '3', '1', '1', '1')",1
"('2', '1', '', '', '4', '1')",1
"('2', '1', '4', '4', '1', '4', '1', '1')",1
"('2', '1', '2', '2', '1', '2', '3', '1')",1
"('2', '1', '2', '4', '', '')",1
"('2', '', '', '', '4', '4', '1')",1
"('2', '2', '4', '3', '3', '3')",1
"('', '', '1', '2', '3')",1
"('3', '1', '2')",1
"('2', '1', '2', '2', '4', '2', '2', '2', '1')",1
"('4', '', '', '', '3', '2')",1
"('', '', '', '', '2', '3', '2', '3')",1
"('3', '2', '', '2', '2')",1
"('2', '4', '1', '3', '2', '1', '2', '1')",1
"('2', '2', '2', '2', '', '2', '2', '', '1')",1
"('3', '2', '2', '3', '2', '3', '2', '1')",1
"('2', '3', '1', '2', '2', '2', '1')",1
"('3', '4', '2', '2', '2', '1')",1
"('4', '2', '3', '1', '2', '1')",1
"('2', '2', '3', '2', '2', '2', '2', '2')",1
"('4', '2', '2', '2', '3', '2', '3', '2')",1
"('', '2', '4', '3')",1
"('3', '3', '', '', '', '', '')",1
"('', '1', '2', '2', '1', '2', '')",1
"('4', '', '', '', '', '2', '', '', '')",1
"('2', '2', '2', '4', '4', '4', '2', '2', '1')",1
"('3', '', '1', '3', '1')",1
"('2', '1', '2', '2', '2', '2', '1', '2', '2', '1')",1
"('', '', '1', '1', '2', '1', '4', '4', '1', '4', '4', '1', '2', '1')",1
"('', '', '', '2', '2', '1', '', '')",1
"('', '1', '4', '')",1
"('4', '4', '2', '3', '1')",1
"('2', '1', '3', '2', '4', '1', '2', '4', '1')",1
"('2', '', '', '2', '2', '2', '1', '2', '1')",1
"('4', '4', '2', '1', '4', '2', '4', '2', '1')",1
"('4', '2', '3', '')",1
"('4', '2', '2', '2', '4', '3', '2', '3', '2')",1
"('3', '', '', '1', '2', '2', '1')",1
"('3', '2', '3', '2', '1')",1
"('4', '2', '2', '2', '1', '4', '1', '2', '1')",1
"('4', '2', '2', '2', '2', '2', '2', '2', '1')",1
"('2', '2', '2', '1', '2', '2', '2', '2', '2', '1')",1
"('2', '', '', '2', '4', '1')",1
"('1', '', '', '', '', '', '', '', '')",1
"('2', '4', '', '4', '2', '1')",1
"('2', '2', '2', '2', '3', '2', '2', '2', '2', '3')",1
"('', '', '', '3', '3', '3', '2', '2', '2')",1
"('2', '1', '2', '2', '2', '4', '1', '2', '1')",1
"('', '', '3', '3', '2', '1')",1
"('3', '2', '4', '2', '2')",1
"('2', '1', '4', '1', '1')",1
"('2', '3', '3', '3', '2', '4', '3', '2', '3')",1
"('', '2', '2', '', '1', '', '', '1')",1
"('', '', '', '', '', '2', '2', '2', '2')",1
"('4', '1', '', '', '4', '2', '2', '1')",1
"('3', '', '', '')",1
"('4', '2', '2', '4', '1', '2', '2', '1')",1
"('2', '4', '', '2')",1
"('2', '', '', '', '', '4', '2', '1')",1
"('3', '', '', '3')",1
"('2', '2', '4', '2', '4', '2', '2', '2', '2')",1
"('2', '2', '1', '2', '3', '2', '2', '1')",1
"('2', '1', '2', '2', '2', '1', '1', '4', '1', '2', '1')",1
"('2', '3', '2', '4', '2', '4', '2')",1
"('4', '3', '1', '1')",1
"('', '4', '1', '3', '1', '4', '4', '4', '1', '4', '1')",1
"('2', '3', '1', '2')",1
"('2', '3', '2', '', '')",1
"('2', '2', '1', '', '1')",1
"('3', '4', '1', '2', '2', '4', '2', '4', '4', '2', '4', '1')",1
"('2', '2', '1', '1', '2', '3', '4', '4', '3')",1
"('', '', '', '2', '', '', '1', '', '', '2', '1')",1
"('4', '2', '2', '3', '3', '2', '3')",1
"('2', '2', '3', '1', '3')",1
"('2', '2', '2', '', '', '2', '', '')",1
"('2', '2', '2', '1', '2', '2', '2', '1', '2', '2', '1')",1
"('1', '4', '4', '4', '4', '2', '1', '3', '1', '4', '1')",1
"('2', '2', '1', '2', '3', '1')",1
"('2', '2', '2', '3', '4', '3')",1
"('3', '3', '4', '4', '2')",1
"('', '2', '2', '', '', '', '', '', '')",1
"('4', '3', '2', '3', '2', '3')",1
"('4', '2', '', '', '2', '3', '2', '2', '1')",1
"('3', '1', '3', '1', '2', '2', '2', '1')",1
"('4', '2', '1', '2', '1', '1', '1', '2', '2', '1')",1
"('1', '2', '2', '4', '1')",1
"('2', '2', '2', '1', '1', '2', '1')",1
"('4', '3', '4', '2', '2', '2', '2', '3', '4', '2', '2')",1
"('', '4', '2', '2', '', '')",1
"('2', '1', '2', '2', '1', '2', '2', '1', '', '')",1
"('2', '2', '1', '2', '1', '')",1
"('', '', '2', '2', '1', '2', '3', '2', '1')",1
"('4', '3', '1', '4', '3')",1
"('4', '1', '4', '4', '', '', '', '', '')",1
"('2', '4', '4', '4', '2', '4', '4', '1', '2', '2', '3')",1
"('4', '2', '', '', '4', '1', '', '1', '4', '1', '2', '1', '3', '1')",1
"('', '2', '2', '', '')",1
"('2', '1', '', '', '', '2', '2', '1')",1
"('2', '2', '2', '', '1')",1
"('4', '3', '3', '3', '3', '3')",1
"('4', '1', '3', '3', '4', '2')",1
"('4', '2', '2', '2', '4', '2', '', '')",1
"('3', '1', '1', '2', '4', '2', '1', '1', '1')",1
"('', '', '2', '2', '2', '2', '2', '1', '', '')",1
"('3', '2', '2', '2', '2', '4', '1')",1
"('2', '1', '4', '3', '4', '4', '1')",1
"('2', '2', '2', '2', '2', '2', '2', '', '2')",1
"('4', '2', '4', '2', '2', '1', '2', '1')",1
"('3', '', '3', '2', '3', '4', '3')",1
"('4', '2', '2', '2', '', '')",1
"('4', '2', '4', '2', '1', '4', '1', '4', '4', '1', '4', '1', '4', '4', '1')",1
"('2', '1', '2', '3', '4', '1')",1
"('1', '', '', '1')",1
"('4', '3', '', '2', '3')",1
"('4', '2', '4', '2', '')",1
"('2', '2', '3', '1', '', '', '')",1
"('3', '3', '', '4', '4', '2', '', '', '', '3')",1
"('2', '4', '2', '2', '1', '2', '', '1')",1
"('', '', '3', '2', '', '', '', '1', '', '')",1
"('', '', '', '', '2', '2', '2', '', '', '', '')",1
"('4', '1', '2', '4', '2', '2', '2', '1')",1
"('2', '1', '3', '4', '1', '2', '1')",1
"('1', '2', '2', '1', '2', '4', '1', '2')",1
"('4', '4', '2', '1', '2', '2', '1')",1
"('2', '1', '3', '4', '1', '3', '1')",1
"('4', '2', '4', '2', '1', '1', '1', '2', '1')",1
"('2', '2', '3', '2', '2', '1', '3', '1')",1
"('', '', '', '3', '2', '2', '3')",1
"('4', '2', '4', '2', '2', '1', '', '')",1
"('4', '1', '2', '2', '2', '2', '1')",1
"('4', '1', '1', '4', '1', '3', '1')",1
"('3', '3', '2', '3', '', '')",1
"('3', '2', '3', '', '', '', '')",1
"('4', '3', '2', '2', '2', '1', '3', '1')",1
"('', '', '2', '2', '2', '2', '3')",1
"('4', '2', '2', '4', '1', '2', '1')",1
"('4', '3', '2', '3', '1', '2', '1')",1
"('4', '2', '2', '1', '4', '2', '4', '1')",1
"('2', '1', '', '1', '2', '')",1
"('2', '2', '2', '1', '1', '2', '2')",1
"('', '', '2', '3', '', '', '')",1
"('', '', '2', '2', '2', '1', '2', '1', '1', '1')",1
"('', '1', '4', '4', '1')",1
"('2', '2', '1', '4', '4', '1', '4', '1')",1
"('', '', '2', '4', '2', '3')",1
"('2', '2', '2', '4', '')",1
"('4', '1', '', '', '2', '1', '3', '1')",1
"('3', '3', '3', '2', '3', '3')",1
"('3', '1', '', '2', '1')",1
"('2', '4', '2', '2', '2', '2', '2', '1')",1
"('2', '3', '2', '', '', '1', '')",1
"('4', '2', '4', '2', '4', '2', '2', '2', '2', '2', '2', '2')",1
"('3', '1', '', '', '', '')",1
"('3', '2', '4', '')",1
"('3', '2', '2', '1', '3', '2', '1')",1
"('2', '1', '2', '1', '2', '2', '1', '2', '1')",1
"('4', '2', '4', '2', '2', '', '2', '2', '2', '1')",1
"('4', '1', '2', '1', '2', '2', '2', '2', '1')",1
"('4', '2', '1', '2', '2', '1', '4', '1', '4', '2', '1', '4', '1')",1
"('', '3', '3')",1
"('4', '1', '4', '1', '2', '2', '2', '1')",1
"('4', '2', '4', '2', '1', '1')",1
"('2', '2', '2', '3', '1', '', '', '2', '1')",1
"('2', '2', '', '', '', '2', '4', '2', '1', '', '')",1
"('', '', '2', '2', '2', '1', '', '', '2', '1')",1
"('4', '2', '2', '2', '2', '2', '2', '2', '2', '3', '2', '3')",1
"('3', '2', '', '', '3')",1
"('4', '4', '2', '1', '4', '2', '2', '1')",1
"('', '1', '2', '1', '2', '2', '1')",1
"('4', '2', '4', '3', '2', '3', '2', '1', '1')",1
"('2', '4', '2', '2', '2', '2', '1')",1
"('4', '2', '4', '3', '2', '3')",1
"('3', '4', '3', '3', '2', '2', '2', '1', '4', '1')",1
"('4', '2', '3', '2', '3', '', '', '2', '3', '', '')",1
"('', '', '2', '2', '1', '2', '1', '2', '1')",1
"('4', '2', '1', '2', '2', '1', '1', '3')",1
"('', '', '1', '4', '1')",1
"('4', '2', '4', '2', '', '', '2')",1
"('2', '2', '2', '4', '2', '3', '2')",1
"('4', '1', '4', '1', '2', '4', '1', '4', '1')",1
"('', '', '2', '2', '', '', '2', '3')",1
"('2', '4', '3', '', '', '')",1
"('1', '4', '4', '1', '1')",1
"('1', '2', '1', '', '', '')",1
"('2', '2', '2', '1', '2', '', '1', '2', '1')",1
"('4', '4', '2', '1', '3', '1', '3', '3', '3', '1', '1', '1', '3', '2', '1')",1
"('2', '1', '3', '', '')",1
"('1', '1', '1', '1', '1', '1')",1
"('3', '2', '2', '2', '2', '2', '4', '2')",1
"('3', '3', '3', '3', '3', '3', '3', '3')",1
"('', '', '1', '2', '1', '3', '1', '4', '4')",1
"('2', '2', '2', '1', '2', '4', '2', '1', '2', '1', '2', '1')",1
"('4', '1', '2', '4', '', '', '2', '', '', '2', '1')",1
"('2', '4', '2', '3', '1', '', '')",1
"('2', '3', '', '', '1', '2', '1')",1
"('', '', '', '', '', '', '4', '1')",1
"('2', '4', '1', '4', '2', '2', '2')",1
"('2', '3', '2', '2', '2', '2', '2', '2', '1')",1
"('', '', '2', '1', '', '', '', '')",1
"('3', '4', '2', '1', '1', '1', '2', '')",1
"('4', '4', '2', '1', '4', '1', '2', '1', '4', '1')",1
"('3', '3', '2', '3', '', '3', '3')",1
"('4', '2', '2', '3', '4', '')",1
"('4', '4', '2', '1', '4', '2', '1', '2', '1')",1
"('4', '3', '1', '2', '1')",1
"('2', '2', '2', '2', '2', '2', '2', '2', '4', '4', '2')",1
"('2', '4', '3', '4', '3')",1
"('4', '2', '', '', '2', '2', '2')",1
"('3', '3', '2', '2', '1', '2', '1', '2', '3')",1
"('2', '3', '3', '3', '3', '4', '1', '2', '1')",1
"('', '2', '4', '2', '1')",1
"('', '', '2', '3', '', '3', '3')",1
"('3', '3', '2', '3', '3', '3', '1')",1
"('', '1', '2', '1', '4', '')",1
"('3', '2', '2', '2', '3', '2', '3')",1
"('1', '1', '2', '2')",1
"('2', '', '', '1', '', '', '3')",1
"('4', '2', '2', '2', '')",1
"('4', '3', '3', '3', '2', '1')",1
"('', '', '', '2', '2', '1', '2', '2', '1')",1
"('', '', '3', '3', '', '', '3', '3')",1
"('4', '2', '1', '3', '2', '1')",1
"('2', '2', '', '2', '2')",1
"('2', '', '', '', '4', '1')",1
"('2', '1', '', '2', '2', '')",1
"('3', '4', '3', '2', '3', '1', '3', '1')",1
"('2', '1', '', '', '3', '2', '1')",1
"('2', '2', '3', '2', '2', '1', '2', '1')",1
"('', '2', '3', '4', '1')",1
"('2', '', '1', '2', '1', '2', '2', '1')",1
"('2', '1', '4', '3', '1')",1
"('4', '2', '4', '1', '2', '')",1
"('', '', '4', '1', '', '')",1
"('2', '1', '3', '3', '3', '1')",1
"('2', '2', '', '', '', '2', '3', '3')",1
"('4', '1', '2', '1', '2', '1', '2', '1', '2', '1', '2', '1')",1
"('2', '4', '2', '4', '2', '2', '3', '3')",1
"('', '', '', '', '', '', '', '3')",1
"('3', '2', '2', '2', '2', '')",1
"('4', '2', '2', '', '', '2', '1')",1
"('', '', '4', '3', '4', '1', '', '')",1
"('3', '4', '3', '4', '3', '2', '', '', '3', '3')",1
"('2', '4', '2', '2', '2', '', '')",1
"('4', '2', '2', '2', '2', '2', '2', '2', '2', '1')",1
"('3', '3', '', '', '3', '3')",1
"('2', '2', '2', '2', '2', '1', '3')",1
"('4', '2', '3', '3', '2', '3', '3', '4', '3', '2', '3')",1
"('3', '3', '', '', '', '', '', '', '')",1
"('2', '2', '2', '2', '4', '3')",1
"('4', '3', '2', '3', '1', '3', '1')",1
"('4', '2', '1', '2', '', '', '1', '2', '3', '1')",1
"('2', '1', '2', '3', '2', '1')",1
"('2', '2', '1', '1', '4', '1', '2', '2', '1')",1
"('', '', '2', '2', '')",1
"('', '', '', '3', '', '1', '3', '1', '2', '1', '2', '1')",1
"('', '', '4', '2', '2', '2', '2', '2', '2')",1
"('4', '2', '1', '1', '2', '2', '1')",1
"('2', '2', '2', '3', '2', '2', '1', '1', '1')",1
"('', '', '', '4', '1')",1
"('2', '2', '2', '3', '')",1
"('2', '2', '4', '4', '2', '4', '4', '1')",1
"('2', '4', '1', '2')",1
"('1', '2', '2', '4', '2', '2', '2')",1
"('4', '4', '4', '1', '4', '2', '1')",1
"('2', '2', '2', '1', '3', '1', '3', '', '', '4', '1')",1
"('2', '1', '2', '2', '1', '2', '3', '3', '2', '2', '1', '2', '1', '2', '1', '1')",1
"('2', '3', '3', '4', '3')",1
"('', '2', '2', '2', '4', '2', '4', '', '', '', '')",1
"('2', '2', '2', '1', '', '', '', '', '', '')",1
"('4', '', '', '1', '2', '1', '2', '4', '4', '2', '2', '1')",1
"('3', '1', '4', '1', '2', '1')",1
"('4', '3', '2', '2', '2', '2', '2', '4', '1')",1
"('', '', '2', '3', '2', '3', '', '', '2', '2', '3')",1
"('2', '2', '2', '2', '1', '2', '2', '2', '3', '1')",1
"('', '', '3', '', '', '')",1
"('3', '2', '2', '')",1
"('2', '2', '4', '4', '2', '2', '1')",1
"('', '', '3', '1', '', '', '', '', '3', '1')",1
"('2', '3', '2', '3', '1', '2', '2', '2', '3', '2', '1')",1
"('4', '4', '1', '2', '1', '4', '3', '2', '1')",1
"('2', '2', '', '', '2', '2', '4', '1')",1
"('4', '4', '2', '1', '3', '1')",1
"('4', '4', '4', '2', '2', '2', '4')",1
"('4', '4', '2', '4', '2', '2', '2', '2', '2')",1
"('', '', '2', '1', '4', '1', '2', '1', '1', '1', '4', '1')",1
"('2', '', '2', '2', '2', '4', '2', '1')",1
"('4', '2', '1', '4', '4', '3', '1')",1
"('2', '', '', '4', '2', '2', '2', '2', '4', '1')",1
"('', '', '2', '3', '4', '3', '', '')",1
"('2', '4', '4', '2', '1', '2', '2', '1', '4', '2', '1')",1
"('2', '', '', '2', '', '2')",1
"('2', '2', '', '', '2', '4', '1')",1
"('2', '2', '2', '2', '1', '', '', '')",1
"('2', '2', '2', '', '1', '1')",1
"('2', '2', '2', '3', '1', '2', '1')",1
"('2', '3', '', '', '', '', '2', '3')",1
"('2', '1', '3', '3', '2', '1', '2', '1', '3', '1', '', '')",1
"('2', '4', '2', '1', '2', '', '1')",1
"('', '', '', '', '', '4', '2', '2', '2', '1')",1
"('', '', '', '', '2', '1', '2', '1', '', '')",1
"('', '', '', '2', '4', '2')",1
"('', '1', '', '1', '2', '4', '', '', '2', '1')",1
"('3', '3', '2', '3', '2', '3', '3', '1')",1
"('2', '', '', '', '', '2', '2')",1
"('2', '', '', '4', '2', '1')",1
"('2', '4', '2', '2', '2', '2', '2', '2', '', '')",1
"('3', '3', '', '', '2', '3', '2', '', '', '3', '3', '3')",1
"('3', '2', '2', '1', '', '')",1
"('2', '3', '', '', '', '', '', '', '')",1
"('4', '1', '2', '4', '4', '1', '2', '2', '1')",1
"('4', '1', '3', '2', '2', '2', '1')",1
"('2', '3', '2', '2', '1', '4', '3', '1', '4', '1')",1
"('2', '1', '2', '2', '2', '2', '1', '2', '2', '2', '2', '2', '1')",1
"('4', '1', '4', '1', '3', '4', '4', '1')",1
"('2', '', '2', '2', '2', '', '2')",1
"('', '', '', '', '', '', '', '3', '2', '3')",1
"('2', '3', '2', '2', '4', '2', '1')",1
"('4', '1', '3', '3', '1')",1
"('2', '2', '1', '2', '2', '1', '2', '1', '2', '1')",1
"('', '2', '2', '', '3')",1
"('2', '2', '1', '4', '2', '2', '2', '2', '2', '4', '1')",1
"('3', '2', '1', '2', '2', '2', '3', '1')",1
"('2', '1', '3', '2', '1', '4', '1')",1
"('3', '2', '2', '2', '3', '1', '2', '1')",1
"('3', '1', '3', '1', '', '', '', '')",1
"('3', '2', '1', '4', '2', '4', '2', '1')",1
"('2', '', '2', '1', '2', '2')",1
"('4', '', '', '', '2', '2')",1
"('2', '4', '2', '2', '2', '2', '2', '2', '1')",1
"('4', '4', '4', '2', '2', '2', '3', '2')",1
"('2', '4', '2', '1', '1')",1
"('2', '2', '4', '2', '3')",1
"('', '', '', '', '', '4', '3', '4', '4', '1')",1
"('4', '2', '3', '2', '2', '4', '1')",1
"('2', '4', '4', '2', '4', '2')",1
"('2', '2', '1', '2', '2', '3', '2', '2', '1')",1
"('3', '3', '4', '4', '4', '3', '3')",1
"('4', '2', '4', '2', '2')",1
"('4', '3', '4', '3', '', '', '1')",1
"('2', '4', '2', '', '2', '2', '2')",1
"('4', '2', '2', '2', '2', '4', '1', '3', '1')",1
"('3', '3', '3', '1', '2', '1')",1
"('', '4', '', '', '')",1
"('2', '3', '1', '2', '1', '2', '1', '2', '1')",1
"('4', '1', '', '', '4', '1')",1
"('2', '2', '2', '2', '2', '2', '4', '', '', '')",1
"('4', '2', '4', '2', '2', '2', '2', '2', '2')",1
"('4', '1', '4', '2', '1', '4', '2', '4', '1', '1')",1
"('2', '2', '4', '2', '2', '2', '2', '4', '2')",1
"('4', '4', '3', '1')",1
"('4', '1', '1', '4', '2', '2', '2', '2', '2', '2', '2', '4', '2', '1', '1')",1
"('4', '3', '', '')",1
"('', '', '', '', '', '', '3', '2', '3')",1
"('2', '2', '1', '2', '4')",1
"('4', '1', '4', '1', '2', '2', '1', '2', '1')",1
"('2', '1', '2', '', '', '', '')",1
"('2', '2', '1', '2', '2', '4', '2', '1')",1
"('1', '1', '2', '2', '2', '2', '2', '1', '1', '1', '', '', '')",1
"('2', '4', '3', '2', '3')",1
"('2', '1', '2', '4', '2', '1', '3', '2', '1')",1
"('4', '2', '2', '2', '1', '', '', '', '')",1
"('2', '2', '2', '2', '2', '2', '2', '3', '1', '2', '1')",1
"('2', '3', '2', '2', '2', '1', '2')",1
"('1', '1', '2', '2', '2', '1')",1
"('2', '', '4', '2', '3', '1')",1
"('2', '4', '2', '4', '2', '2', '1', '2', '1')",1
"('2', '4', '2', '1', '4', '2', '4', '1')",1
"('', '', '2', '1', '4', '2', '')",1
"('', '', '2', '1', '2')",1
"('4', '2', '2', '2', '3', '3', '3')",1
"('2', '1', '2', '1', '2', '2')",1
"('4', '4', '2', '4', '2', '2', '2', '', '', '', '')",1
"('', '2', '4')",1
"('2', '2', '4', '1', '', '2', '', '')",1
"('2', '2', '2', '2', '1', '4', '1')",1
"('2', '3', '2', '2', '', '1')",1
"('', '', '2', '1', '2', '', '', '', '', '', '', '')",1
"('2', '4', '3', '3', '2', '2', '1')",1
"('', '', '3', '2', '')",1
"('4', '4', '1', '2', '4', '2', '2', '1')",1
"('2', '2', '2', '2', '1', '3', '1', '4', '2', '4', '1')",1
"('2', '3', '2', '2', '2', '2', '2', '3', '2')",1
"('', '', '', '', '2', '3', '2')",1
"('', '', '', '', '', '', '', '', '4', '1')",1
"('2', '2', '2', '2', '2', '2', '2', '2', '3')",1
"('3', '4', '4', '2', '3', '2', '2', '2')",1
"('4', '2', '3', '2', '', '')",1
"('', '', '', '2', '', '2', '1')",1
"('', '', '', '', '3', '')",1
"('3', '2', '2', '3', '2', '2', '2')",1
"('2', '3', '3', '3', '3', '3', '3', '3')",1
"('4', '4', '1', '2', '2', '1')",1
"('4', '', '2', '', '', '', '')",1
"('4', '3', '2', '2', '2', '1', '4', '1', '2', '1')",1
"('4', '2', '4', '3')",1
"('', '3', '')",1
"('2', '2', '1', '4', '2')",1
"('3', '', '', '2', '2', '', '')",1
"('', '1', '')",1
"('4', '2', '2', '2', '1', '2', '3', '1')",1
"('2', '3', '1', '2', '3', '1')",1
"('4', '3', '2', '3', '1', '2', '1', '4', '1', '4', '1')",1
"('', '', '4', '2', '1', '2', '1')",1
"('4', '4', '2', '4', '2', '2')",1
"('2', '2', '1', '2', '2', '2', '2', '2', '2', '1')",1
"('3', '2', '2', '2', '2', '3', '2', '3')",1
"('2', '2', '2', '2', '2', '2', '2', '', '2', '2', '2')",1
"('', '', '', '', '', '4', '1')",1
"('4', '2', '4', '4', '2', '2', '1')",1
"('', '4', '', '')",1
"('3', '2', '2', '4', '2', '2', '2', '3', '2', '2', '1')",1
"('2', '2', '2', '3', '2', '3', '2', '2', '1')",1
"('2', '2', '2', '3', '', '', '2')",1
"('', '', '2', '2', '2', '2', '', '2', '2')",1
"('4', '1', '2', '1', '4', '1', '1', '1')",1
"('2', '2', '2', '2', '1', '2', '2', '2', '1')",1
"('1', '3', '2')",1
"('4', '', '', '2')",1
"('4', '2', '1', '2', '4', '4', '2', '4', '1')",1
"('2', '2', '1', '2', '2', '1', '3', '1')",1
"('3', '3', '2', '2', '2', '2', '1', '2', '2', '1')",1
"('', '', '2', '1', '2', '1', '2', '2', '2', '2', '1')",1
"('4', '4', '', '1', '4', '1')",1
"('', '1', '2', '2', '1', '2', '1')",1
"('4', '1', '4', '2', '', '4', '1', '4', '1')",1
"('2', '1', '2', '3', '2', '1', '2', '1')",1
"('4', '3', '4', '3', '2', '2')",1
"('2', '3', '3', '2', '3', '2', '2', '')",1
"('4', '1', '2', '2', '1', '4', '2', '')",1
"('4', '', '', '', '2', '2', '1')",1
"('3', '3', '2', '3', '1')",1
"('', '', '', '', '', '', '4', '4', '1')",1
"('3', '2', '2', '', '', '2', '2', '1')",1
"('2', '2', '2', '4', '4', '2', '2', '2', '2')",1
"('3', '2', '2', '4', '2', '3', '3')",1
"('4', '2', '1', '3', '1', '2', '1')",1
"('2', '2', '1', '', '', '', '2', '1')",1
"('2', '3', '4', '2', '2')",1
"('2', '4', '4', '4', '1')",1
"('4', '3', '', '', '2', '2', '3', '2')",1
"('2', '2', '', '2', '2', '3', '1')",1
"('2', '1', '2', '3', '2')",1
"('2', '1', '2', '1', '2', '', '2', '2', '2', '2', '1')",1
"('2', '1', '1', '', '', '', '1')",1
"('2', '2', '4', '1', '3', '1')",1
"('2', '2', '4', '3', '1', '4', '2', '1')",1
"('2', '2', '4', '3', '', '1')",1
"('3', '3', '2', '2', '2')",1
"('4', '4', '1', '2', '1', '2', '', '', '4', '4', '1')",1
"('2', '', '', '', '', '', '2', '1')",1
"('', '', '2', '2', '2', '2', '2', '2', '2')",1
"('4', '4', '', '', '', '', '', '2')",1
"('4', '', '2', '1', '2', '1')",1
"('2', '3', '4', '1', '1', '2', '1')",1
"('2', '1', '2', '4', '1', '2', '2', '1', '2', '2', '1', '2', '1')",1
"('2', '4', '1', '1', '3', '1', '1')",1
"('2', '1', '2', '1', '2', '1', '2', '1', '', '')",1
"('2', '1', '1', '2', '1', '4', '2', '1')",1
"('2', '4', '4', '4', '2', '3')",1
"('', '', '', '', '3', '1', '3', '1')",1
"('2', '2', '2', '2', '4', '2', '2', '2', '3')",1
"('2', '2', '2', '2', '2', '2', '2', '2', '2', '2', '2', '2', '2', '2')",1
"('2', '2', '2', '2', '2', '2', '2', '1', '', '', '')",1
"('4', '1', '4', '2', '1', '2', '2', '2', '1')",1
"('2', '4', '2', '4', '2', '2', '1', '4', '2', '4', '1')",1
"('3', '', '', '', '3', '3', '3')",1
"('2', '2', '2', '', '2', '3', '2')",1
"('3', '2', '', '2', '3', '2')",1
"('', '', '4', '1', '2', '2', '1')",1
"('2', '', '3', '3', '2', '2')",1
"('3', '1', '1', '1', '1')",1
"('', '', '2', '1', '2', '1', '2', '1', '2', '1', '', '')",1
"('1', '2', '2', '', '', '1')",1
"('2', '', '', '4', '1', '1')",1
"('4', '2', '', '', '3', '2')",1
"('2', '2', '2', '', '', '2', '', '', '', '')",1
"('2', '2', '2', '2', '4', '4', '4', '2')",1
"('', '2', '4', '', '4', '2')",1
"('2', '1', '4', '1', '2', '1', '2', '1', '2', '1')",1
"('1', '2', '2', '2', '1', '4', '4', '', '')",1
"('2', '', '', '1', '2', '2', '1')",1
"('2', '2', '2', '3', '2', '4')",1
"('4', '2', '', '', '4', '4', '1', '2', '2', '4', '1')",1
"('2', '1', '2', '3', '4', '4', '1')",1
"('1', '2', '1', '2', '4', '1', '2', '1')",1
"('2', '2', '1', '4', '3')",1
"('', '2', '2', '1', '', '', '')",1
"('2', '2', '2', '1', '2', '2', '1', '2', '1')",1
"('2', '4', '3', '2', '3', '2', '3')",1
"('3', '2', '1', '3', '', '1')",1
"('4', '4', '4', '2', '1', '2', '2', '1')",1
"('4', '4', '3', '3', '4', '2', '4', '3')",1
"('4', '2', '1', '4', '1', '2', '2', '2', '1')",1
"('4', '4', '2', '4', '2', '4', '2', '2')",1
"('2', '4', '4', '2', '1', '4', '1')",1
"('', '', '', '', '', '4', '2', '1')",1
"('2', '3', '', '3', '1')",1
"('1', '2', '', '', '', '')",1
"('2', '3', '2', '2', '2', '3', '2', '1')",1
"('', '', '', '2', '3', '4', '3')",1
"('3', '2', '2', '3', '2', '2', '1')",1
"('2', '2', '4', '3', '2', '2', '', '')",1
"('2', '2', '3', '2', '3', '2', '1', '1', '4', '2', '2')",1
"('2', '3', '2', '1', '2', '1', '2', '1')",1
"('2', '2', '3', '2', '3', '2', '3', '2', '2', '2', '2', '3')",1
"('', '2', '1', '2', '', '4', '1')",1
"('3', '3', '2', '2', '2', '1')",1
"('3', '', '1', '1')",1
"('2', '4', '3', '2', '2', '4')",1
"('2', '1', '4', '2', '1', '1')",1
"('', '2', '4', '2', '2', '2', '2', '1')",1
"('2', '', '2', '2', '2', '1')",1
"('2', '2', '2', '1', '1', '2', '2', '', '', '1')",1
"('2', '2', '', '', '1', '', '', '2', '2', '1')",1
"('2', '', '3', '2', '1')",1
"('2', '4', '', '4', '')",1
"('2', '4', '2', '4', '1', '2', '2', '1')",1
"('2', '2', '4', '4', '1', '2', '1')",1
"('4', '4', '4', '2', '2')",1
"('4', '', '', '4', '4', '4', '1')",1
"('3', '1', '2', '2', '2', '2', '', '')",1
"('2', '4', '3', '2', '1', '2', '3', '1')",1
"('', '', '3', '3', '3')",1
"('1', '2', '4', '3', '2', '3', '2')",1
"('', '2', '2', '', '2')",1
"('2', '2', '1', '', '', '2', '1', '1')",1
"('4', '2', '3', '4', '2', '4', '1')",1
"('2', '4', '4', '1', '2', '2', '1')",1
"('2', '1', '1', '1', '2', '1', '1')",1
"('2', '1', '2', '2', '2', '4', '4', '1')",1
"('2', '2', '3', '2', '3', '2', '3', '3', '2', '3', '2', '3')",1
"('4', '4', '1', '2', '1', '2', '2', '3', '3', '1')",1
"('3', '1', '2', '2', '3')",1
"('3', '1', '4', '3', '1')",1
"('', '', '2', '2', '3', '3')",1
"('3', '', '', '', '', '3', '2', '2', '2')",1
"('3', '3', '2', '3', '2', '2', '2')",1
"('4', '4', '', '', '1')",1
"('2', '2', '2', '4', '2', '2', '2', '2', '1', '', '', '', '4', '1')",1
"('4', '4', '2', '2', '1', '2', '2', '2')",1
"('2', '4', '3', '1')",1
"('4', '2', '2', '2', '2', '2', '2', '1', '2', '1')",1
"('3', '3', '2', '2', '2', '3', '3', '', '', '3')",1
"('1', '4', '4', '1', '1', '2', '1')",1
"('3', '', '', '2', '1')",1
"('4', '1', '4', '3')",1
"('4', '1', '2', '1', '', '', '', '', '2', '1', '2', '2', '2', '1', '1', '2', '1')",1
"('4', '4', '', '')",1
"('2', '', '', '', '2', '4', '1', '1')",1
"('', '', '', '2', '2', '')",1
"('', '', '', '', '', '', '2', '1')",1
"('3', '3', '', '', '3', '2', '2', '3')",1
"('2', '2', '2', '2', '4', '2', '2', '1')",1
"('3', '4', '2', '3', '2', '1', '3', '3', '3', '2', '3')",1
"('4', '1', '2', '2', '1', '2', '2', '2', '1')",1
"('2', '2', '', '', '', '', '', '', '2', '2')",1
"('2', '2', '4', '2', '1', '2', '2', '1')",1
"('2', '', '2', '2', '3', '2', '2', '3', '2', '3', '2', '1')",1
"('2', '3', '4', '3', '3', '2', '3')",1
"('2', '4', '3', '2', '2', '4', '3', '2', '1')",1
"('', '', '', '2', '2', '2', '4', '')",1
"('2', '2', '4', '2', '2', '1', '2', '2')",1
"('', '2', '2', '1', '4', '')",1
"('2', '1', '2', '1', '2', '1', '', '')",1
"('4', '3', '3', '2')",1
"('4', '2', '4', '4', '4', '2', '2', '4', '4', '4', '2', '2', '2')",1
"('4', '2', '3', '2', '4', '3', '2', '4', '3')",1
"('4', '', '2', '2', '', '')",1
"('4', '2', '1', '2', '2', '2', '2', '1')",1
"('4', '2', '2', '2', '2', '2', '4', '2', '2', '2', '2')",1
"('3', '2', '', '3', '4', '2', '3')",1
"('2', '1', '2', '1', '1', '1', '4', '1')",1
"('2', '', '', '', '2', '2', '2')",1
"('3', '2', '', '2', '2', '2')",1
"('4', '2', '1', '4', '1', '4', '1')",1
"('1', '4', '2', '4', '1')",1
"('', '', '2', '4', '2', '2', '2', '4', '1', '', '', '', '', '3', '1')",1
"('', '', '', '3', '3', '3', '3')",1
"('2', '2', '1', '3', '2', '1')",1
"('2', '1', '1', '1', '1', '3', '1')",1
"('4', '2', '2', '1', '2', '2', '2', '2', '1')",1
"('4', '', '', '', '', '', '', '')",1
"('1', '1', '2', '4', '1')",1
"('4', '4', '4', '1', '2', '3', '2', '1', '2', '1')",1
"('4', '1', '4', '1', '4', '1', '4', '1')",1
"('2', '2', '2', '2', '1', '2', '', '', '1')",1
"('4', '2', '2', '4', '', '')",1
"('3', '3', '4', '3', '3')",1
"('3', '1', '2', '1', '2', '1', '3', '1', '2', '1', '2', '1')",1
"('2', '', '', '3', '2', '3', '', '', '')",1
"('', '', '', '2', '2', '', '', '1', '2', '1')",1
"('2', '1', '2', '1', '2', '3', '1', '2', '2', '1')",1
"('2', '2', '2', '2', '2', '2', '4', '2', '2', '1')",1
"('2', '', '1', '2')",1
"('', '', '', '', '2', '4', '2', '2', '3', '2', '1')",1
"('2', '2', '4', '4', '2', '1')",1
"('4', '1', '2', '1', '2', '1', '4', '2', '2', '3', '1')",1
"('', '1', '3', '1', '4', '')",1
"('3', '', '', '', '1')",1
"('2', '4', '2', '', '', '')",1
"('2', '2', '2', '2', '2', '', '', '')",1
"('2', '2', '2', '1', '1', '', '', '1')",1
"('', '', '3', '2', '4', '2')",1
"('', '', '', '', '', '', '2', '3')",1
"('4', '', '', '2', '1', '', '')",1
"('2', '2', '1', '1', '2', '3', '1', '1')",1
"('4', '2', '1', '1')",1
"('', '2', '1', '4', '', '')",1
"('4', '2', '4', '2', '1', '3', '1', '', '')",1
"('', '', '', '', '', '4')",1
"('2', '2', '2', '3', '2', '2', '2', '3', '2', '3', '2', '3', '2')",1
"('2', '2', '3', '', '2', '3')",1
"('4', '1', '3', '1', '2', '1', '4', '1')",1
"('2', '2', '', '2', '2', '3', '2', '1')",1
"('2', '2', '2', '2', '', '', '', '', '')",1
"('2', '2', '4', '2', '2', '2', '2', '2', '2', '2')",1
"('2', '2', '2', '4', '4', '4', '2', '2')",1
"('2', '1', '2', '2', '2', '1', '2', '2', '1')",1
"('2', '', '', '', '', '2', '2', '2', '2')",1
"('', '3', '3', '', '')",1
"('4', '2', '', '3')",1
"('3', '', '1', '1', '2', '', '1')",1
"('1', '3', '3', '2', '3', '2', '1')",1
"('4', '2', '2', '2', '4', '1', '2', '2', '1')",1
"('', '1', '2', '2', '1', '4', '')",1
"('2', '1', '4', '2', '1', '4', '1')",1
"('4', '2', '2', '4', '2', '3')",1
"('4', '2', '', '', '3', '2', '2', '2', '1', '2')",1
"('4', '4', '4', '4', '3', '4', '2', '4', '3', '3')",1
"('2', '2', '1', '2', '2', '2', '2', '1', '2', '1')",1
"('4', '2', '2', '3', '2', '3', '')",1
"('3', '1', '3', '3', '3', '2', '2', '1')",1
"('2', '3', '2', '1', '', '')",1
"('4', '1', '2', '1', '2', '2', '1', '2', '2', '1')",1
"('2', '4', '2', '4', '1', '4', '1')",1
"('2', '3', '3', '2', '3', '')",1
"('4', '2', '2', '2', '4', '2', '1', '2', '1')",1
"('3', '4', '2', '2', '2', '3', '2', '2', '2')",1
"('4', '4', '2', '2', '2', '', '')",1
"('2', '2', '2', '2', '4', '4', '4', '4', '1')",1
"('', '', '3', '', '', '3', '3')",1
"('2', '1', '4', '4')",1
"('2', '1', '2', '1', '2', '1', '', '', '1')",1
"('2', '', '', '2', '2', '2', '2', '2')",1
"('2', '2', '3', '4', '3')",1
"('4', '2', '1', '4', '2', '4', '1')",1
"('2', '1', '', '', '', '4', '1')",1
"('2', '3', '4', '2', '2', '3')",1
"('2', '', '1', '2', '1')",1
"('2', '', '', '2', '', '', '', '')",1
"('2', '4', '2', '', '2')",1
"('4', '4', '4', '4', '2', '1')",1
"('1', '', '', '3', '3', '3')",1
"('4', '2', '', '2', '1', '2', '2', '1')",1
"('4', '1', '2', '1', '2', '2', '4', '1')",1
"('2', '2', '2', '', '3', '2')",1
"('4', '1', '4', '2', '3', '', '')",1
"('', '3', '1', '2', '1')",1
"('', '', '', '', '2', '2', '1', '2', '1')",1
"('2', '2', '4', '1', '2', '2', '3', '4', '3')",1
"('2', '1', '2', '1', '1', '', '', '1')",1
"('2', '1', '1', '2', '2', '1', '2', '2', '1', '1', '1')",1
"('4', '1', '4', '2', '2', '2', '1')",1
"('2', '1', '', '', '4', '')",1
"('2', '', '', '', '2', '1', '3', '1')",1
"('2', '2', '2', '3', '2', '', '1', '3')",1
"('2', '', '', '4', '3', '3', '3', '3', '1')",1
"('2', '', '2', '3', '2', '', '2', '3')",1
"('2', '1', '4', '1', '2', '2', '1', '4', '1', '3', '3')",1
"('2', '2', '1', '3', '2', '3')",1
"('4', '1', '2', '2', '1', '4', '1', '', '', '')",1
"('3', '1', '1')",1
"('2', '2', '2', '2', '2', '4', '2')",1
"('3', '3', '2', '2', '2', '3', '3', '3')",1
"('2', '2', '4', '1', '2', '2', '2', '1', '2', '1', '1', '3')",1
"('2', '4', '', '1')",1
"('2', '2', '2', '2', '2', '2', '1', '2', '4', '1')",1
"('4', '2', '', '', '', '2', '3', '3', '1')",1
"('2', '2', '3', '', '', '4', '2', '3')",1
"('', '1', '', '', '4', '')",1
"('2', '1', '4', '2', '4', '1', '2')",1
"('3', '2', '2', '1', '2', '1')",1
"('2', '1', '2', '2', '', '1')",1
"('2', '3', '1', '4', '2', '1')",1
"('4', '1', '', '', '', '', '2', '1')",1
"('4', '2', '', '3', '2', '3')",1
"('4', '2', '4', '2', '2', '2', '2', '2', '2', '2')",1
"('3', '1', '3', '2', '3', '1')",1
"('3', '2', '2', '3', '1', '4', '3', '2', '3', '1')",1
"('3', '3', '2', '1', '3', '1')",1
"('2', '1', '2', '1', '', '', '2', '1')",1
"('4', '4', '2', '1', '', '')",1
"('2', '3', '2', '2', '2', '3', '2', '2', '2')",1
"('2', '3', '1', '4', '1')",1
"('2', '2', '4', '4', '4', '2', '2', '2', '2', '2', '2', '2', '2', '1')",1
"('2', '2', '4', '', '', '', '', '')",1
"('', '', '2', '2', '3', '3', '3', '2')",1
"('1', '1', '4', '1', '1', '2', '1')",1
"('4', '2', '', '', '4', '3', '2')",1
"('4', '2', '4', '2', '4', '2', '2', '1')",1
"('4', '4', '1', '4', '4', '2', '1')",1
"('4', '2', '2', '4', '2', '2', '2')",1
"('2', '1', '2', '4', '2', '1', '2', '1')",1
"('', '', '', '2', '2', '', '')",1
"('2', '1', '2', '1', '2', '2', '2', '1', '2', '1')",1
"('2', '2', '2', '4', '2', '4')",1
"('2', '', '', '', '', '2', '2', '1', '', '')",1
"('', '3', '', '3', '2', '')",1
"('2', '1', '', '', '', '', '', '', '', '')",1
"('3', '1', '2', '', '3', '2', '1', '', '', '1', '1', '1', '3', '1')",1
"('4', '2', '3', '4', '4', '3', '2', '2', '2', '2', '1')",1
"('2', '1', '2', '1', '2', '2', '2', '3', '3', '2', '1')",1
"('', '', '2', '3', '4', '3', '', '1', '3', '3')",1
"('2', '2', '1', '4')",1
"('4', '1', '4', '', '')",1
"('2', '2', '1', '4', '1', '4', '4', '1', '2', '1')",1
"('', '', '', '4', '3')",1
"('3', '1', '4', '2', '1', '2', '2', '1')",1
"('4', '4', '2', '1', '4', '2', '3', '1')",1
"('2', '4', '', '2', '1')",1
"('4', '3', '4', '3', '3', '3')",1
"('2', '3', '3', '3', '3', '1')",1
"('4', '2', '4', '2', '2', '2', '2')",1
"('2', '1', '2', '1', '4', '')",1
"('2', '3', '3', '3', '2', '2', '3')",1
"('2', '2', '2', '1', '2', '3', '1', '2', '1')",1
"('2', '3', '2', '3', '4', '2', '2', '2')",1
"('2', '', '', '3', '4', '3')",1
"('2', '3', '3', '3', '', '')",1
"('', '1', '2', '1', '2', '1')",1
"('2', '2', '2', '2', '1', '', '', '2', '1')",1
"('3', '3', '1', '2', '2', '1', '2', '1', '2', '2', '1')",1
"('2', '2', '4', '1', '2', '2', '2', '1', '4', '2', '1')",1
"('3', '2', '1', '', '', '2', '2', '2', '1')",1
"('1', '2', '', '', '3', '2', '3', '1')",1
"('2', '2', '2', '2', '1', '4', '1', '1')",1
"('1', '2', '4', '2')",1
"('2', '2', '1', '4', '2', '4', '1')",1
"('1', '2', '1', '3')",1
"('', '', '', '', '', '4', '', '')",1
"('2', '', '', '', '', '4', '2')",1
"('3', '3', '', '4', '1')",1
"('2', '2', '2', '4', '2', '4', '2', '1')",1
"('2', '2', '2', '1', '', '', '1', '2', '1', '1')",1
"('4', '2', '2', '2', '1', '2')",1
"('2', '', '', '1', '', '2', '4', '')",1
"('2', '4', '2', '2', '', '2')",1
"('2', '2', '4', '4', '3', '1', '3', '1')",1
"('2', '1', '2', '', '1', '2', '1')",1
"('2', '3', '3', '2', '2', '2', '3', '3')",1
"('', '', '', '4', '2', '1')",1
"('4', '1', '2', '1', '', '')",1
"('3', '4', '3', '3', '2', '1')",1
"('3', '2', '4', '4', '1')",1
"('3', '2', '2', '2', '2', '1', '2', '1')",1
"('2', '2', '2', '2', '2', '', '2', '2', '2', '2', '1')",1
"('3', '4', '4', '2', '2', '2', '2')",1
"('1', '3', '1', '4', '1')",1
"('2', '', '', '2', '2', '1', '2', '1')",1
"('3', '2', '', '')",1
"('2', '1', '', '', '2', '2', '1')",1
"('2', '3', '4', '2', '1')",1
"('3', '4', '4')",1
"('', '', '', '', '', '2', '4', '2', '4', '1', '1')",1
"('4', '2', '4', '2', '3', '3', '4', '3')",1
"('3', '1', '2', '', '', '', '1')",1
"('4', '2', '1', '2', '1', '3', '1', '4', '1')",1
"('4', '1', '1', '1', '4', '2', '2', '2', '2', '1')",1
"('2', '1', '2', '1', '4', '4', '2', '1', '2', '1')",1
"('2', '2', '2', '1', '2', '4')",1
"('4', '2', '2', '', '1')",1
"('3', '2', '2', '4', '1', '2', '3', '1')",1
"('3', '1', '2', '1', '1', '1')",1
"('2', '2', '2', '2', '2', '2', '3', '3')",1
"('3', '2', '2', '1', '2', '2', '1', '2', '4', '1')",1
"('2', '4', '2', '4', '2', '2', '2')",1
"('2', '4', '2', '2', '2', '4', '1')",1
"('2', '3', '', '', '2')",1
"('2', '2', '2', '', '', '', '', '', '')",1
"('1', '2', '2', '2', '2', '1', '2')",1
"('', '3', '2', '', '')",1
"('2', '4', '3', '', '', '', '', '', '')",1
"('4', '3', '3', '', '', '3', '3')",1
"('4', '4', '2', '2', '2', '1')",1
"('3', '1', '2', '4', '2')",1
"('4', '2', '3', '4', '2', '1', '2', '2', '1')",1
"('', '', '3', '2', '3', '1', '2', '2', '4', '1')",1
"('', '', '', '3', '4', '3', '', '3')",1
"('', '', '', '4', '3', '3')",1
"('', '', '2', '3', '', '1', '2', '1')",1
"('3', '', '1', '2', '3', '', '2', '1')",1
"('2', '1', '2', '3', '', '', '', '', '', '')",1
"('2', '2', '4', '4', '4', '2', '2', '2', '4', '2', '2', '2', '1')",1
"('3', '2', '2', '3', '2', '3', '2', '3')",1
"('2', '2', '', '2', '2', '', '1')",1
"('2', '2', '', '2', '1', '4', '1')",1
"('3', '2', '3', '2', '2', '1', '2', '4', '1', '2', '1')",1
"('4', '', '', '2', '2', '2')",1
"('', '', '1', '2', '1')",1
"('2', '4', '3', '3', '3', '4', '3')",1
"('', '', '', '', '2', '3', '1')",1
"('3', '3', '3', '2', '2', '3', '3')",1
"('2', '1', '', '', '', '', '', '')",1
"('3', '3', '3', '2', '3', '3', '2', '3', '2')",1
"('1', '1', '2', '1', '2', '2', '1')",1
"('2', '2', '2', '4', '2', '')",1
"('4', '3', '', '', '', '', '2', '1')",1
"('4', '2', '2', '2', '2', '2', '2', '4', '2', '2', '2', '1')",1
"('', '4', '2', '1', '2', '1')",1
"('2', '2', '2', '1', '1', '2', '2', '1', '1')",1
"('2', '1', '2', '3', '3', '2', '1', '', '1')",1
"('3', '2', '1', '3', '3', '3', '3', '1')",1
"('2', '2', '2', '2', '2', '4', '2', '2', '1')",1
"('2', '2', '2', '2', '1', '2', '')",1
"('4', '1', '1', '4', '1', '4', '2', '1', '4', '1', '4', '2', '1')",1
"('2', '2', '3', '2', '2', '2', '2', '2', '2', '2', '2')",1
"('1', '1', '2', '1', '1')",1
"('3', '2', '1', '2', '1', '1')",1
"('', '', '', '', '', '', '', '', '', '2', '3', '', '')",1
"('3', '', '', '', '', '', '', '', '', '', '', '1')",1
"('4', '2', '2', '4', '2', '2', '2', '2')",1
"('3', '2', '2', '2', '2', '3', '2', '4', '2')",1
"('2', '4', '2', '2', '3', '2', '2', '2', '2')",1
"('', '2', '4', '2')",1
"('2', '2', '', '', '', '', '2', '1')",1
"('4', '2', '', '2', '2', '3', '1')",1
"('3', '2', '2', '2', '1', '3', '1', '2', '1')",1
"('2', '2', '2', '4', '1', '', '2', '1')",1
"('2', '2', '1', '4', '')",1
"('4', '1', '4', '2', '1', '4', '3', '1')",1
"('2', '1', '2', '1', '3', '3')",1
"('2', '2', '2', '2', '3', '3', '3', '3', '2', '2', '1')",1
"('3', '1', '2', '3', '', '', '')",1
"('', '', '', '', '3', '2', '1', '3', '1')",1
"('3', '4', '2', '3')",1
"('4', '2', '3', '2', '4', '1')",1
"('4', '2', '3', '2', '2', '4', '2', '1')",1
"('4', '2', '2', '2', '2', '4', '2', '4', '2')",1
"('2', '2', '2', '2', '2', '2', '2', '1', '', '')",1
"('3', '2', '1', '4', '1')",1
"('3', '4', '', '', '3', '1')",1
"('4', '2', '4', '4', '4', '1')",1
"('4', '2', '', '2', '1')",1
"('4', '4', '3', '', '', '2', '2', '1')",1
"('2', '', '4')",1
"('2', '2', '1', '2', '2', '2', '2', '2', '1', '2', '2', '', '')",1
"('2', '4', '1', '2', '2', '1', '4', '1')",1
"('3', '3', '2', '3', '2', '2', '2', '2')",1
"('4', '2', '2', '', '', '')",1
"('2', '4', '1', '', '', '')",1
"('', '', '3', '1', '2', '1', '3', '1')",1
"('4', '3', '4', '3', '3')",1
"('', '2', '1', '1', '2', '1', '1')",1
"('3', '2', '3', '2', '4', '2')",1
"('1', '2', '1', '1', '', '')",1
"('2', '2', '1', '4', '2', '2', '2', '1')",1
"('2', '1', '2', '1', '2', '2', '2', '1', '2', '2', '2', '1')",1
"('3', '2', '1', '1')",1
"('2', '3', '2', '2', '3', '3', '1')",1
"('3', '3', '2', '', '', '3', '3')",1
"('3', '3', '1', '3', '1')",1
"('3', '3', '3', '3', '3', '3', '3', '3', '3', '3', '3', '3', '3', '3', '3')",1
"('2', '2', '', '1', '4', '')",1
"('', '1', '', '1', '4', '', '', '4', '1')",1
"('2', '4', '1', '2', '2', '1')",1
"('4', '', '', '4')",1
"('', '', '', '2', '4', '3')",1
"('3', '1', '3', '3', '3', '2', '2', '2', '3', '3', '3')",1
"('', '', '2', '2', '1', '', '', '2', '1')",1
"('3', '4', '2', '2', '2', '2', '2')",1
"('', '', '', '', '', '', '', '', '', '', '', '', '', '', '', '', '', '', '', '', '', '', '2')",1
"('1', '2', '3', '2', '1', '2', '1')",1
"('4', '2', '2', '2', '2', '2', '3')",1
"('2', '3', '2', '4', '1', '2', '1', '')",1
"('', '2', '1', '4', '1')",1
"('2', '4', '')",1
"('', '', '', '', '', '2', '3')",1
"('2', '1', '2', '2', '1', '', '')",1
"('3', '3', '2', '2', '2', '1', '2', '3', '1')",1
"('4', '2', '2', '1', '2', '', '4', '1', '4', '1', '4', '1')",1
"('2', '1', '4', '2', '2', '1')",1
"('2', '', '2', '1', '2', '')",1
"('4', '2', '3', '3', '2', '2', '1', '2', '3', '2', '1')",1
"('', '', '1', '4', '4', '1', '2', '2', '2', '1')",1
"('2', '2', '2', '4', '2', '4', '2', '4', '2')",1
"('4', '2', '2', '2', '4', '1', '4', '1')",1
"('4', '4', '2', '2', '2', '3', '2', '2')",1
"('1', '2', '2', '2', '2', '1', '2', '1')",1
"('2', '2', '1', '2', '1', '4', '2')",1
"('4', '2', '1', '2', '1', '1')",1
"('1', '', '1', '1')",1
"('2', '2', '4', '2', '3', '2')",1
"('3', '4', '2', '1', '1')",1
"('3', '4', '3', '1')",1
"('2', '2', '2', '1', '2', '2', '4', '2', '1')",1
"('4', '2', '', '', '4', '3', '2', '2', '2', '2')",1
"('3', '1', '2', '4', '2', '2', '1')",1
"('2', '3', '3', '3', '3', '3')",1
"('4', '1', '2', '1', '2', '1', '2', '2', '1', '2', '1')",1
"('2', '2', '2', '1', '4', '4', '2', '4', '1')",1
"('4', '4', '4', '', '2', '4', '', '4')",1
"('', '', '', '', '', '', '', '', '3', '2')",1
"('4', '2', '4', '1', '3', '')",1
"('1', '2', '2', '1', '2', '1', '2', '1')",1
"('2', '2', '2', '4', '3', '2')",1
"('', '2', '3', '1', '', '')",1
"('4', '3', '2', '3')",1
"('4', '1', '4', '2', '2', '1', '4', '4', '2', '2', '2', '1')",1
"('3', '', '3', '', '')",1
"('', '2', '2', '2', '3')",1
"('4', '1', '2', '4', '2', '1')",1
"('2', '2', '2', '3', '4', '4', '2', '2', '2')",1
"('4', '1', '2', '1', '1')",1
"('2', '4', '2', '1', '2', '4', '1')",1
"('4', '2', '', '3', '3')",1
"('', '', '', '', '', '', '1', '2', '1', '2', '1')",1
"('2', '2', '2', '2', '3', '3', '3', '1')",1
"('', '', '', '', '', '', '', '', '', '', '', '', '', '1')",1
"('2', '', '', '4', '2', '2')",1
"('2', '2', '3', '', '3')",1
"('2', '4', '2', '2', '4', '2')",1
"('', '', '2', '1', '2', '1', '2', '2', '1', '', '', '2', '1', '2', '1')",1
"('', '', '', '2', '3', '1')",1
"('2', '', '', '', '', '', '', '2', '1')",1
"('2', '3', '1', '2', '1', '2')",1
"('', '', '2', '2', '1', '2', '2', '2', '1')",1
"('3', '2', '3', '2', '3', '4', '3', '2')",1
"('3', '2', '4', '3')",1
"('', '', '2', '', '', '', '', '1', '', '', '3', '1')",1
"('2', '2', '2', '2', '2', '2', '1', '2')",1
"('3', '4', '2', '2')",1
"('2', '1', '2', '', '', '', '1', '2', '1')",1
"('4', '2', '', '', '4', '2', '1')",1
"('3', '2', '2', '3', '3', '4', '2', '3')",1
"('', '2', '2', '1', '', '')",1
"('2', '1', '3', '1', '3', '1', '2', '1')",1
"('2', '', '2', '1', '', '')",1
"('2', '', '2', '3', '2', '2', '3', '2', '3')",1
"('4', '2', '2', '2', '3', '1', '4', '1', '1')",1
"('3', '', '', '', '', '3', '', '')",1
"('3', '2', '4', '2', '1')",1
"('1', '1', '1', '2', '1', '1', '2', '2', '1', '1')",1
"('2', '1', '2', '3', '', '')",1
"('4', '', '2', '2', '4', '2')",1
"('4', '2', '1', '4', '2', '2', '2', '1')",1
"('2', '2', '1', '', '', '2', '2', '1')",1
"('2', '4', '4', '4')",1
"('4', '2', '2', '3', '2', '3', '2')",1
"('2', '2', '1', '1', '2', '1', '2', '1')",1
"('', '4', '3', '2')",1
"('', '', '4', '3', '3', '4', '3', '3')",1
"('2', '2', '', '', '', '', '', '', '')",1
"('1', '1', '1', '3', '1', '2', '1', '2', '1', '1', '1')",1
"('2', '2', '2', '1', '1', '2', '2', '1')",1
"('1', '2', '3', '4', '1', '2', '2', '', '2', '1', '3')",1
"('4', '2', '2', '2', '2', '4')",1
"('4', '4', '')",1
"('2', '2', '2', '4', '2', '3', '2', '2', '4', '1')",1
"('4', '4', '1', '2', '')",1
"('4', '1', '4', '2', '1', '2', '2', '1')",1
"('3', '', '', '', '2', '2', '2', '3')",1
"('4', '2', '4', '4', '2', '4')",1
"('4', '1', '2', '1', '2', '2', '2', '1')",1
"('4', '2', '2', '', '', '2', '', '', '1', '', '')",1
"('4', '', '', '4', '4', '1', '4', '1')",1
"('3', '2', '3', '4', '2', '3', '4', '2', '4', '3')",1
"('', '2', '3', '', '', '')",1
"('3', '1', '3', '', '1')",1
"('3', '2', '4', '2', '3', '1')",1
"('4', '1', '3', '1', '2', '1', '3', '1', '4', '1')",1
"('3', '2', '1', '2', '1', '3', '1')",1
"('2', '2', '2', '2', '2', '2', '4', '1', '2', '1')",1
"('4', '2', '2', '2', '2', '3', '2', '3', '2')",1
"('4', '4', '3', '3', '2', '1')",1
"('2', '2', '2', '', '', '', '3')",1
"('2', '2', '1', '2', '2', '2', '1', '2', '2', '1', '2', '1')",1
"('2', '4', '1', '4', '1')",1
"('4', '1', '4', '4', '2', '4', '1')",1
"('3', '3', '2', '4', '3')",1
"('2', '3', '2', '2', '2', '2', '3', '2')",1
"('2', '1', '2', '2', '1', '2', '2', '1', '3', '1')",1
"('2', '2', '1', '', '2', '2', '1')",1
"('2', '1', '', '', '', '', '2', '1')",1
"('2', '2', '2', '2', '3', '2', '3', '1', '3', '2', '3')",1
"('2', '', '', '2', '3', '2')",1
"('2', '2', '1', '3', '2', '3', '2', '1')",1
"('2', '3', '3', '3', '3', '3', '1')",1
"('3', '3', '', '3', '3', '3')",1
"('', '1', '2', '')",1
"('3', '1', '', '', '', '', '2', '1')",1
"('2', '2', '2', '', '2', '2', '1')",1
"('2', '4', '2', '1', '1', '1')",1
"('2', '2', '1', '4', '1', '2', '1')",1
"('1', '4', '1', '2', '1')",1
"('1', '', '2', '2')",1
"('3', '1', '', '1', '2', '')",1
"('4', '2', '2', '2', '4', '2', '2', '2', '', '')",1
"('2', '', '2', '2', '2', '2')",1
"('3', '2', '4', '2', '3', '4')",1
"('4', '', '', '1', '', '3', '')",1
"('', '', '', '2', '', '2', '2')",1
"('3', '2', '1', '', '', '', '2', '1')",1
"('4', '2', '2', '2', '2', '2', '1', '1')",1
"('', '', '', '', '', '', '', '', '', '2', '1', '2', '1')",1
"('4', '2', '', '', '2', '4', '1')",1
"('', '', '', '', '4', '4', '1')",1
"('4', '1', '4', '1', '4', '4', '3', '4', '1')",1
"('2', '1', '2', '2', '', '', '4', '1')",1
"('4', '2', '2', '2', '2', '2', '2', '3')",1
"('1', '2', '1', '1', '2', '2', '1')",1
"('4', '', '', '', '2', '2', '1', '4', '1')",1
"('2', '1', '2', '1', '2', '1', '2', '2', '4', '1', '1')",1
"('2', '1', '', '', '', '', '', '', '')",1
"('2', '2', '3', '3', '4', '3')",1
"('4', '2', '2', '2', '4', '3')",1
"('2', '2', '3', '1', '1')",1
"('2', '2', '1', '2', '4', '2', '2', '2', '1')",1
"('', '1', '4', '', '4', '', '')",1
"('2', '2', '3', '4', '2', '1')",1
"('', '', '', '', '', '2', '2', '3', '3')",1
"('1', '4', '2')",1
"('4', '2', '4', '2', '1', '', '')",1
"('', '', '2', '2', '2', '', '', '', '')",1
"('3', '2', '2', '', '', '3', '3', '3')",1
"('3', '3', '3', '3', '3', '3', '1')",1
"('2', '4', '1', '2', '3', '1', '3', '1')",1
"('2', '2', '2', '2', '3', '1', '2', '', '1')",1
"('', '4', '2', '2', '', '2', '2', '1')",1
"('', '', '', '2', '3', '3', '', '', '')",1
"('3', '2', '', '', '', '', '3', '2')",1
"('', '3', '2', '3', '3', '4', '', '', '2', '3')",1
"('2', '1', '2', '1', '3', '1', '2', '1')",1
"('3', '3', '', '1', '2', '')",1
"('', '', '1', '', '', '2', '')",1
"('', '4', '4', '1')",1
"('3', '2', '1', '', '', '', '')",1
"('2', '2', '2', '4', '1', '2', '2', '1')",1
"('3', '2', '3', '', '2')",1
"('2', '1', '4', '2', '2', '2', '2', '1')",1
"('3', '2', '', '', '4', '', '3', '4', '', '')",1
"('4', '2', '', '', '', '', '', '', '', '2')",1
"('2', '2', '2', '4', '', '', '2', '', '2', '4', '4')",1
"('', '2', '3', '2', '2', '1', '2', '4', '1', '2', '2', '1')",1
"('4', '1', '2', '2', '2', '2', '1', '2', '1', '4', '1', '2', '1')",1
"('2', '3', '2', '4', '3', '4')",1
"('3', '3', '2', '4', '', '4')",1
"('2', '4', '2', '3', '2')",1
"('', '1', '2', '2', '1', '2', '', '', '', '', '')",1
"('4', '', '', '1', '', '')",1
"('2', '3', '2', '', '', '2', '4', '2', '2')",1
"('1', '')",1
"('2', '2', '2', '1', '2', '1', '2', '2', '1', '2', '1')",1
"('2', '2', '2', '1', '3', '3', '1')",1
"('', '', '3', '', '', '', '2', '', '')",1
"('2', '2', '2', '', '4', '2', '1')",1
"('2', '2', '1', '2', '2', '1', '2', '2', '2', '1')",1
"('2', '2', '1', '1', '3', '1', '1')",1
"('2', '3', '', '2', '1')",1
"('4', '2', '2', '2', '2', '', '2', '3')",1
"('2', '1', '4', '1', '2', '1', '2', '1', '4', '1', '2', '1')",1
"('4', '1', '4', '4', '2', '4', '4', '1')",1
"('2', '4', '2', '2', '2', '4', '2', '2')",1
"('3', '3', '', '', '3', '2', '1')",1
"('4', '4', '', '', '', '', '2', '2', '3')",1
"('2', '3', '3', '1', '3', '1')",1
"('2', '1', '2', '1', '4', '2', '2', '2', '2', '4', '4', '1')",1
"('1', '4', '2', '1', '1')",1
"('4', '1', '2', '3')",1
"('3', '2', '2', '2', '2', '4', '3', '', '')",1
"('2', '2', '2', '2', '2', '1', '2', '1', '3', '3', '1')",1
"('2', '4', '2', '4', '2', '2')",1
"('2', '2', '2', '2', '', '', '', '3', '2', '2', '1')",1
"('4', '4', '3', '2', '4', '2', '4', '2', '1')",1
"('2', '', '', '', '', '4', '1')",1
"('2', '2', '2', '2', '2', '2', '4', '4', '1')",1
"('4', '2', '1', '2', '4', '1')",1
"('2', '2', '2', '2', '2', '2', '1', '2', '2', '4', '1')",1
"('3', '3', '4', '4', '1', '', '', '')",1
"('2', '', '', '', '', '', '', '2', '2', '1')",1
"('4', '', '', '', '2', '', '1')",1
"('3', '2', '1', '3', '1', '1')",1
"('2', '4', '2', '1', '1', '1', '4', '2', '2', '1', '4', '2', '1', '4', '1')",1
"('1', '2', '1', '3', '2', '3', '1')",1
"('2', '', '', '', '1', '', '4', '3', '')",1
"('', '', '4', '3', '1', '2', '2', '1')",1
"('4', '2', '', '1', '2', '2', '', '1')",1
"('4', '1', '2', '1', '2')",1
"('2', '4', '4', '', '')",1
"('2', '2', '2', '2', '2', '4', '4', '2', '2', '2', '2', '1')",1
"('4', '2', '', '2', '4', '1')",1
"('2', '4', '4', '2', '4', '4', '1')",1
"('4', '2', '4', '1', '4', '1', '4', '1')",1
"('2', '2', '1', '3', '1', '', '')",1
"('2', '2', '3', '3', '', '')",1
"('4', '1', '2', '2', '1', '4', '1', '2', '1')",1
"('2', '2', '2', '3', '', '', '2', '3')",1
"('4', '2', '2', '2', '4', '2', '2', '4', '1')",1
"('2', '2', '2', '1', '1', '', '', '')",1
"('2', '2', '2', '4', '4', '2', '4')",1
"('4', '1', '1', '1')",1
"('4', '4', '1', '', '', '', '', '')",1
"('4', '2', '2', '2', '', '1')",1
"('2', '', '1', '', '')",1
"('2', '2', '2', '3', '2', '', '2', '1')",1
"('2', '2', '2', '3', '2', '2', '3', '2')",1
"('2', '', '', '', '', '2', '2', '2', '2', '2')",1
"('2', '2', '2', '4', '3', '4', '1')",1
"('2', '2', '2', '2', '4', '2', '3', '4')",1
"('2', '3', '3', '3', '1', '3', '4', '1')",1
"('2', '2', '2', '2', '2', '2', '2', '2', '2', '2', '1', '', '')",1
"('4', '1', '3', '2', '4', '2', '1')",1
"('3', '3', '4', '2', '2')",1
"('3', '1', '3', '1', '3', '1', '2', '1')",1
"('', '', '', '2', '2', '1', '2', '1')",1
"('3', '', '3', '2', '3')",1
"('4', '1', '2', '2', '3', '1')",1
"('', '2', '1', '2', '2', '2', '2', '1', '', '')",1
"('', '', '1', '4', '')",1
"('', '', '', '3', '2', '2')",1
"('2', '3', '', '3', '', '')",1
"('3', '3', '3', '', '2', '2', '3')",1
"('', '', '3', '4', '4', '2', '2')",1
"('3', '', '', '4', '2')",1
"('2', '2', '1', '2', '1', '2', '1', '2', '2', '1')",1
"('4', '4', '2', '2', '2', '4', '1')",1
"('3', '2', '1', '2', '3', '1', '1')",1
"('2', '3', '1', '1', '1', '1', '4', '1')",1
"('4', '2', '', '4', '4', '1')",1
"('3', '2', '2', '', '2', '1')",1
"('3', '3', '2', '3', '3', '2', '1')",1
"('4', '1', '2', '1', '2', '2')",1
"('2', '1', '4', '1', '2', '2', '1', '4', '1')",1
"('4', '2', '4', '3', '1')",1
"('', '2', '1', '4', '')",1
"('2', '', '', '2', '3', '2', '3', '', '')",1
"('4', '4', '4', '4', '4', '2', '4')",1
"('2', '', '', '1', '3', '1', '3', '1')",1
"('1', '2', '2', '1', '4', '3', '4', '2', '2', '1')",1
"('2', '2', '2', '3', '', '2', '2', '2', '3')",1
"('', '2', '1', '')",1
"('2', '2', '2', '2', '', '2', '3')",1
"('3', '2', '', '', '2', '2', '1')",1
"('', '', '1', '3', '3', '3', '2', '3', '3')",1
"('4', '2', '4', '1', '2', '2', '1', '2', '2', '1')",1
"('4', '3', '3')",1
"('2', '', '', '2', '1', '1', '2', '1')",1
"('', '2', '1', '2', '', '1', '2', '', '', '', '', '')",1
"('2', '1', '3', '2', '1', '3', '2', '2', '2', '1')",1
"('1', '4', '2', '2', '2', '1')",1
"('4', '1', '3', '1', '3')",1
"('', '', '', '2', '2', '3')",1
"('', '4', '3', '2', '4', '2')",1
"('3', '4', '1', '', '', '1')",1
"('', '', '2', '1', '', '', '', '', '', '')",1
"('2', '4', '2', '4', '2', '4')",1
"('4', '2', '4', '2', '2', '2', '1')",1
"('2', '1', '2', '2', '')",1
"('3', '3', '2', '', '', '')",1
"('2', '2', '1', '2', '1', '2', '2', '1', '2', '1')",1
"('2', '2', '1', '1', '4', '4')",1
"('4', '1', '2', '2', '2', '1', '4', '2', '1', '2', '1')",1
"('4', '1', '2', '1', '2', '2', '3', '2', '1')",1
"('2', '2', '2', '2', '2', '2', '2', '2', '3', '2')",1
"('', '', '', '', '', '1', '2', '', '', '')",1
"('', '1', '2', '1', '4', '', '', '')",1
"('2', '1', '3', '2', '2', '2', '1')",1
"('3', '2', '1', '3', '2')",1
"('2', '', '', '4', '2', '4')",1
"('2', '2', '1', '4', '1', '1')",1
"('4', '2', '', '2', '3')",1
"('2', '2', '3', '', '4', '2', '')",1
"('2', '3', '4', '4')",1
"('2', '3', '3', '2', '2', '1', '', '1')",1
"('2', '2', '2', '2', '1', '2', '2', '2')",1
"('4', '4', '3', '4', '3', '', '')",1
"('2', '2', '2', '2', '1', '2', '2', '2', '2', '2', '1')",1
"('3', '3', '2', '3', '', '2', '3', '3', '3')",1
"('2', '1', '2', '2', '1', '', '', '')",1
"('2', '3', '3', '3', '', '', '3')",1
"('2', '1', '2', '3', '2', '1', '2', '2', '2', '2', '1')",1
"('4', '2', '2', '4', '2', '1', '2', '1', '2', '4', '2', '2', '2', '1')",1
"('2', '2', '', '2', '2', '2', '2', '2')",1
"('3', '2', '2', '2', '2', '4', '1', '2', '1', '2', '2', '1')",1
"('3', '3', '2', '3', '3', '')",1
"('', '', '', '4', '2', '2', '2', '2', '4', '4', '4', '2')",1
"('2', '4', '2', '1', '2', '2', '1')",1
"('3', '2', '1', '3', '1', '2', '1')",1
"('2', '2', '2', '2', '2', '1', '', '', '', '')",1
"('2', '1', '2', '2', '1', '', '', '', '')",1
"('3', '2', '', '2', '1', '2', '2', '1')",1
"('4', '2', '', '', '3')",1
"('', '2', '1', '3', '2', '4', '1')",1
"('3', '1', '2', '2', '2')",1
"('4', '2', '4', '2', '2', '2', '4', '1')",1
"('3', '3', '2', '2', '3', '3', '3', '4', '4', '3')",1
"('4', '2', '4', '2', '2', '1', '2', '4', '2', '1')",1
"('2', '', '', '2', '2', '2', '4', '1')",1
"('', '', '2', '2', '1', '4', '2', '2', '1')",1
"('4', '1', '3', '3', '1', '2', '2', '2', '2', '2', '1', '1')",1
"('2', '2', '2', '2', '1', '2', '2', '2', '1', '3', '1')",1
"('2', '2', '2', '2', '1', '2', '3', '1', '2')",1
"('4', '2', '2', '2', '2', '2', '', '')",1
"('2', '', '', '4', '1', '2', '1')",1
"('2', '3', '2', '2', '', '')",1
"('4', '2', '2', '1', '', '', '')",1
"('2', '1', '', '', '', '2', '2', '2')",1
"('3', '2', '3', '2', '2', '2', '2', '2')",1
"('4', '2', '', '', '', '2')",1
"('2', '1', '2', '2', '2', '2', '2', '2', '1', '2', '2', '2', '1')",1
"('4', '2', '3', '2', '2', '2', '2', '2', '2', '1')",1
"('2', '', '', '', '', '2', '2', '2', '3', '4', '', '', '')",1
"('2', '2', '3', '2', '2', '2', '4', '2', '3', '2', '3')",1
"('3', '', '', '3', '')",1
"('2', '2', '2', '2', '2', '2', '3', '4', '2', '2', '3')",1
"('4', '2', '2', '2', '2', '2', '2', '4', '1')",1
"('3', '2', '', '', '')",1
"('4', '4', '2', '2', '2', '2', '4', '4', '4', '4', '4', '1')",1
"('3', '3', '2', '3', '3')",1
"('2', '3', '4', '4', '2', '3', '2', '', '')",1
"('4', '4', '3', '2', '1')",1
"('2', '1', '2', '1', '3', '1', '2', '2', '1')",1
"('4', '3', '1', '4', '2', '4', '1')",1
"('3', '', '3', '1', '2', '1')",1
"('2', '2', '4', '1', '2', '2', '2', '2')",1
"('2', '1', '1', '3', '1', '1')",1
"('', '', '', '', '4', '2', '4', '2')",1
"('3', '2', '2', '2', '3', '2')",1
"('1', '', '', '', '2')",1
"('', '', '', '', '', '', '', '2', '4')",1
"('2', '2', '1', '', '4', '1')",1
"('4', '2', '2', '2', '1', '2', '2')",1
"('2', '2', '2', '4', '4', '2', '1')",1
"('', '2', '3', '2', '2', '1')",1
"('2', '2', '1', '2', '4', '2', '1', '2', '1')",1
"('2', '', '', '', '', '1', '', '')",1
"('3', '2', '4', '1', '2', '1')",1
"('3', '2', '2', '2', '3', '2', '2', '3', '3', '3')",1
"('3', '2', '1', '2', '1', '2', '1')",1
"('4', '2', '4', '1', '3', '1')",1
"('4', '1', '2', '3', '1', '2', '1', '2', '1')",1
"('', '2', '', '', '', '2', '2')",1
"('2', '', '', '3', '3', '', '2', '1')",1
"('4', '2', '2', '3', '4', '2', '3')",1
"('4', '', '', '', '', '')",1
"('', '', '2', '2', '3', '3', '3')",1
"('2', '2', '1', '2', '3', '2')",1
"('', '', '2', '', '', '1', '')",1
"('2', '', '', '4', '4', '1')",1
"('2', '2', '2', '2', '3', '', '', '', '', '')",1
"('', '', '', '', '4', '2', '2', '2')",1
"('4', '4', '2', '4', '4', '2')",1
"('4', '1', '4', '1', '1', '1')",1
"('4', '2', '2', '2', '3', '2', '', '')",1
"('', '', '', '', '', '', '2', '', '', '', '', '2', '1', '', '')",1
"('2', '2', '1', '2', '', '2', '1')",1
"('4', '', '', '4', '2', '2', '2', '2')",1
"('2', '2', '1', '2', '2', '1', '2', '2', '2', '2', '1')",1
"('', '', '', '2', '3', '2')",1
"('4', '2', '1', '4', '')",1
"('2', '2', '2', '2', '3', '4', '2')",1
"('2', '2', '2', '4', '1', '3', '2', '3', '1')",1
"('3', '2', '2', '4', '1')",1
"('2', '4', '4', '2', '2', '2', '', '2', '2', '1')",1
"('3', '2', '2', '1', '1', '3', '4', '1')",1
"('2', '4', '2', '3', '2', '1')",1
"('2', '2', '2', '2', '1', '2', '3')",1
"('4', '2', '2', '', '1', '2', '1')",1
"('2', '3', '2', '3', '3', '2', '')",1
"('2', '2', '1', '2', '2', '4', '2', '2', '2', '1')",1
"('', '4', '2', '2', '1', '1')",1
"('2', '1', '', '', '', '3', '', '')",1
"('2', '3', '', '3')",1
"('2', '2', '2', '3', '', '', '', '', '2', '2')",1
"('2', '2', '4', '4', '4', '2', '2', '2', '2', '2', '2')",1
"('1', '2', '2', '1', '1', '2', '1')",1
"('4', '3', '2', '4', '2', '1', '', '')",1
"('4', '2', '1', '2')",1
"('3', '2', '2', '4')",1
"('3', '3', '2', '1', '1', '3')",1
"('2', '4', '4', '2', '3', '1')",1
"('2', '3', '2', '', '3')",1
"('2', '3', '3', '1', '2', '3', '3', '1', '2', '2', '1')",1
"('2', '3', '4')",1
"('4', '2', '2', '2', '4', '2', '4', '1')",1
"('2', '3', '2', '2', '3', '3', '3')",1
"('4', '2', '', '', '', '', '2', '4', '1')",1
"('4', '3', '3', '3', '4', '3', '3')",1
"('2', '2', '2', '2', '4', '2', '', '')",1
"('', '', '2', '2', '4', '')",1
"('4', '2', '2', '2', '2', '1', '2', '2', '1')",1
"('2', '2', '', '', '', '', '3')",1
"('4', '2', '1', '2', '1', '2', '2', '1')",1
"('4', '2', '4', '2', '', '')",1
"('4', '1', '2', '2', '3', '2')",1
"('3', '2', '2', '2', '3', '2', '2', '1')",1
"('4', '3', '', '', '2', '3')",1
"('2', '1', '2', '1', '3', '4', '1')",1
"('4', '', '', '4', '2', '1')",1
"('4', '1', '4', '1', '2', '1', '4', '1', '2', '1', '4', '2', '1')",1
"('2', '1', '2', '', '', '2', '1', '2', '2', '2', '1')",1
"('2', '2', '2', '2', '2', '', '2', '1')",1
"('2', '4', '1', '2', '1', '2', '4', '2', '1')",1
"('2', '1', '1', '4', '1')",1
"('3', '1', '2', '1', '2', '2', '1', '', '')",1
"('2', '2', '3', '1', '2', '2', '2', '1')",1
"('2', '2', '1', '', '2', '1')",1
"('2', '1', '2', '1', '4', '1', '1', '4', '1')",1
"('2', '2', '2', '', '', '', '2', '1', '2', '', '2')",1
"('', '', '3', '4', '', '', '')",1
"('3', '4', '2', '1', '2', '1')",1
"('4', '1', '2', '2', '2', '1', '2', '1')",1
"('2', '2', '', '2', '2', '1', '2', '2')",1
"('2', '2', '4', '4', '1', '2', '2', '2', '2', '2', '1')",1
"('4', '2', '3', '3')",1
"('3', '3', '', '', '', '', '', '')",1
"('4', '4', '4', '4')",1
"('', '4', '3')",1
"('', '', '4', '4', '1', '3', '2', '2', '1', '3', '1', '3', '1')",1
"('2', '4', '3', '2', '3', '3', '3')",1
"('', '', '', '', '', '2', '1', '2', '')",1
"('2', '2', '3', '2', '3', '3', '4', '3')",1
"('3', '1', '2', '1', '2', '1', '2', '2', '1')",1
"('', '', '', '4', '4', '2', '2', '1', '', '', '')",1
"('4', '2', '1', '2', '2', '2')",1
"('2', '3', '3', '4', '3', '3', '3')",1
"('3', '2', '2', '2', '2', '3', '3')",1
"('', '', '', '', '2', '1', '2', '1')",1
"('4', '2', '2', '1', '2', '4', '1', '2', '2', '1')",1
"('2', '2', '4', '2', '2', '2', '4', '2', '4', '1')",1
"('4', '1', '3', '1', '3', '2', '1')",1
"('4', '1', '4', '1', '3', '2')",1
"('2', '2', '2', '3', '2', '1', '2')",1
"('3', '', '', '3', '1', '', '')",1
"('2', '', '', '', '2', '2')",1
"('2', '4', '2', '2', '1', '1', '3', '2', '3', '1', '1')",1
