value,count
<NULL>,9335
"('', '', '')",1436
"('', '', '', '', '')",768
"('', '', '', '')",640
"('', '', '', '', '', '')",424
"('', '', '', '', '', '', '')",335
"('', '', '', '', '', '', '', '')",210
"('', '', '', '', '', '', '', '', '')",134
"('', '', '', '', '', '', '', '', '', '')",75
"('', '')",74
"('', '', '', '', '', '', '', '', '', '', '')",46
"('', '', '', '', '', '', '', '', '', '', '', '')",28
"('', '', '', '', '', '', '', '', '', '', '', '', '')",20
"('', '1411', '')",9
"('', '1682', '')",9
"('', '', '', '', '', '', '', '', '', '', '', '', '', '')",8
"('', '', '', '', '', '', '', '', '', '', '', '', '', '', '')",8
"('', '1422', '')",8
"('', '1400', '')",8
"('', '1439', '')",7
"('', '1435', '')",7
"('', '1449', '')",6
"('', '1420', '')",5
"('', '1465', '')",5
"('', '1774', '')",5
"('', '2069', '')",4
"('', '1424', '')",4
"('', '1436', '')",4
"('', '1622', '')",4
"('', '2062', '')",4
"('', '1682', '', '')",4
"('', '1426', '')",4
"('469', '469', '469')",3
"('1055', '1054', '1055')",3
"('', '2526', '')",3
"('', '2906', '')",3
"('2176', '', '2176')",3
"('', '1437', '')",3
"('', '1411', '', '')",3
"('', '1416', '')",3
"('', '1605', '')",3
"('', '1413', '')",3
"('2380', '2316', '2380')",3
"('', '1419', '', '')",3
"('', '1456', '')",3
"('', '1410', '')",3
"('', '1585', '')",3
"('', '1777', '')",3
"('', '1437', '', '')",3
"('', '1773', '')",3
"('', '2742', '')",3
"('', '1790', '', '')",3
"('', '1439', '', '')",3
"('', '1421', '', '', '')",3
"('', '2093', '')",3
"('', '2244', '', '', '')",3
"('', '1480', '')",3
"('', '1443', '')",3
"('', '1773', '', '')",3
"('', '1438', '')",3
"('392', '399', '392')",2
"('830', '903', '830')",2
"('1161', '1157', '1161')",2
"('', '2907', '')",2
"('181', '181', '181')",2
"('315', '314', '315')",2
"('148', '148', '148', '148')",2
"('437', '427', '437', '430', '437')",2
"('113', '113', '113')",2
"('535', '292', '535')",2
"('', '1763', '')",2
"('', '1128', '', '', '')",2
"('', '842', '')",2
"('', '1220', '')",2
"('', '2902', '')",2
"('', '1419', '')",2
"('', '', '1599', '', '')",2
"('', '2244', '')",2
"('', '2087', '')",2
"('', '1700', '')",2
"('', '1765', '')",2
"('', '1790', '')",2
"('', '1456', '', '', '')",2
"('1585', '', '1585')",2
"('2025', '2025', '2025')",2
"('', '1429', '', '')",2
"('', '1416', '', '', '')",2
"('1453', '', '1453')",2
"('', '1789', '', '', '', '', '')",2
"('', '', '1598', '')",2
"('1939', '1939', '1939')",2
"('', '2062', '', '', '')",2
"('2904', '2863', '2904')",2
"('1355', '1354', '1355')",2
"('', '2320', '')",2
"('', '1434', '')",2
"('1555', '1443', '1555')",2
"('2913', '2911', '2913', '2913', '2913')",2
"('', '354', '2003')",2
"('1984', '', '1984')",2
"('', '1773', '', '', '')",2
"('1323', '2316', '1323')",2
"('', '1682', '1682', '1682', '')",2
"('', '1418', '')",2
"('', '1435', '', '', '')",2
"('', '1424', '', '', '')",2
"('', '2069', '', '', '')",2
"('2080', '', '2080')",2
"('1610', '', '1610')",2
"('2380', '2385', '2380')",2
"('', '1777', '', '', '')",2
"('', '1461', '')",2
"('', '2037', '')",2
"('2390', '2392', '2390')",2
"('', '1759', '')",2
"('241', '', '')",2
"('1476', '1500', '1476')",2
"('2750', '', '2750')",2
"('1911', '1915', '1911')",2
"('2919', '2919', '2919')",2
"('', '1457', '')",2
"('', '1435', '', '', '', '')",2
"('2823', '2823', '2823')",2
"('', '1598', '')",2
"('', '1410', '', '')",2
"('', '1789', '')",2
"('', '1429', '')",2
"('', '1432', '', '')",2
"('', '1454', '')",2
"('', '', '', '1455', '')",2
"('2007', '')",2
"('', '1771', '')",2
"('1902', '1899', '1902')",2
"('1306', '1322', '1306')",2
"('1789', '', '1789')",2
"('', '1455', '')",2
"('', '1448', '')",2
"('', '1428', '')",2
"('2733', '', '', '', '2733')",2
"('1499', '', '1499')",2
"('', '1780', '', '', '')",2
"('', '1454', '', '', '')",2
"('', '1780', '')",2
"('', '1683', '1682', '1683', '')",2
"('1057', '1054', '1057')",2
"('', '1779', '')",2
"('2191', '2185', '2191')",2
"('', '266', '')",2
"('', '1438', '1438', '1438', '')",2
"('', '1427', '', '', '')",2
"('', '1432', '')",2
"('469', '469', '469', '469', '469')",2
"('', '1788', '')",2
"('', '1463', '')",2
"('1745', '1745', '1745')",2
"('', '1603', '')",2
"('', '1612', '', '', '')",2
"('', '1435', '1435', '1435', '', '')",2
"('', '1425', '', '')",2
"('', '1780', '', '', '', '')",2
"('', '', '2316', '')",2
"('', '1430', '')",2
"('2237', '2241', '2237')",2
"('', '1763', '', '', '')",2
"('', '1427', '')",2
"('588', '204', '1284', '588')",1
"('561', '568', '561')",1
"('572', '519', '520', '572')",1
"('575', '430', '575', '575', '564', '575')",1
"('574', '536', '574')",1
"('574', '478', '469', '478', '569', '574', '563', '569', '574')",1
"('', '1272', '404', '')",1
"('495', '494', '495')",1
"('495', '519', '561')",1
"('495', '', '1455', '', '', '', '398', '495')",1
"('495', '411', '492', '495', '411', '495')",1
"('495', '521', '495', '521', '506', '495', '492', '495')",1
"('495', '1413', '495')",1
"('495', '490', '495', '503', '495')",1
"('495', '1625', '490', '495', '492', '495')",1
"('495', '499', '495', '496', '501', '2547', '495', '501', '495')",1
"('496', '504', '2622', '504', '499', '492', '496')",1
"('490', '492', '300', '492')",1
"('492', '1417', '492')",1
"('', '949', '2622', '949', '492')",1
"('558', '499', '490', '501', '558', '368', '558')",1
"('500', '499', '652', '500')",1
"('500', '500', '500')",1
"('500', '508', '518', '519', '508', '500')",1
"('497', '490', '497')",1
"('486', '501', '499', '490', '499')",1
"('499', '404', '499')",1
"('512', '506', '512')",1
"('512', '493', '517', '512', '512')",1
"('512', '1660', '2358', '1660', '512')",1
"('512', '469', '512')",1
"('512', '512', '512')",1
"('554', '510', '512', '559', '512', '512', '555', '554')",1
"('554', '512', '554')",1
"('554', '539', '538', '506', '558', '549', '554', '476', '558', '554')",1
"('554', '343', '513', '554')",1
"('554', '244', '518', '555', '554')",1
"('554', '522', '557', '538', '557', '554')",1
"('554', '', '554')",1
"('555', '1285', '733', '555')",1
"('558', '522', '558', '522', '558', '542', '558')",1
"('558', '519', '558')",1
"('557', '547', '557', '560', '557')",1
"('558', '547', '551', '550', '558')",1
"('557', '555', '557', '549', '557')",1
"('558', '519', '506', '558')",1
"('559', '1636', '', '506', '559')",1
"('519', '513', '519', '522', '519', '536', '519')",1
"('509', '509', '509', '509', '509', '565', '509')",1
"('521', '399', '521')",1
"('521', '542', '521', '540', '521')",1
"('547', '513', '547')",1
"('547', '377', '547')",1
"('547', '574', '547', '535', '535', '539', '547')",1
"('', '549', '546', '549', '546', '549', '540', '549', '557', '549')",1
"('546', '552', '545', '506', '513', '513', '506', '558', '552')",1
"('552', '537', '540', '552')",1
"('552', '510', '574', '552')",1
"('552', '519', '552', '539', '513', '552')",1
"('539', '540', '543', '539')",1
"('539', '540', '539', '540', '539', '540', '539', '506', '539')",1
"('1782', '539', '512', '513', '539')",1
"('540', '398', '540')",1
"('540', '', '540', '546', '540')",1
"('540', '')",1
"('537', '542', '513', '537')",1
"('582', '583', '582')",1
"('583', '583', '583')",1
"('583', '', '583', '583')",1
"('581', '', '', '581')",1
"('382', '1330', '382', '420', '382')",1
"('382', '3061', '382')",1
"('381', '447', '448', '469', '381')",1
"('383', '383', '376', '365', '376', '383')",1
"('384', '442', '384')",1
"('419', '438', '442', '419', '68', '379', '419')",1
"('419', '541', '419')",1
"('', '354', '404', '419')",1
"('415', '469', '416')",1
"('416', '415', '412', '267', '384', '415', '416')",1
"('416', '358', '416', '478', '478', '416')",1
"('414', '538', '414', '453', '414')",1
"('414', '427', '414', '')",1
"('414', '1322')",1
"('422', '534', '237', '368', '404', '412', '422')",1
"('430', '2513', '2511', '2513', '430', '427', '430')",1
"('535', '506', '536', '535')",1
"('533', '523', '533', '529', '533')",1
"('531', '531', '531', '535', '531', '531')",1
"('531', '530', '501', '531')",1
"('532', '510', '539', '556', '532')",1
"('532', '531', '1336', '1335', '532', '531', '532')",1
"('532', '532', '532', '531', '427', '535', '532', '442', '427', '525', '529', '532', '532', '532', '524', '532')",1
"('528', '525', '528', '1390', '528')",1
"('528', '384', '404', '368', '528')",1
"('528', '526', '411', '1292', '527', '528')",1
"('526', '469', '526')",1
"('526', '434', '870', '526', '430', '537', '526', '526', '526')",1
"('525', '', '', '', '', '', '')",1
"('525', '513', '525', '490', '525')",1
"('434', '510', '506', '519', '537', '434')",1
"('444', '209', '230', '209', '444', '444', '444')",1
"('436', '430', '803', '436')",1
"('436', '430', '436', '519', '436')",1
"('436', '420', '433', '430', '436')",1
"('436', '361', '358', '371', '444', '436', '294', '436')",1
"('437', '', '', '', '', '')",1
"('437', '522', '', '437')",1
"('437', '425', '384', '442', '442', '437', '420', '437')",1
"('437', '384', '384', '384', '437')",1
"('437', '85', '437')",1
"('455', '469', '455')",1
"('455', '461', '455', '461', '367', '365', '461', '455')",1
"('455', '404', '455')",1
"('455', '444', '520', '455')",1
"('456', '379', '456')",1
"('456', '439', '456', '439', '456')",1
"('456', '383', '93', '444', '456', '381', '456')",1
"('456', '442', '456')",1
"('456', '456', '456')",1
"('456', '446', '456', '951', '456', '439', '459', '456')",1
"('452', '1336', '1325', '1336', '452')",1
"('396', '2327', '2316', '396')",1
"('401', '2316', '', '401')",1
"('401', '353', '401')",1
"('401', '348', '401', '348', '401')",1
"('401', '1984')",1
"('401', '1773', '394', '401')",1
"('400', '1272', '399', '399', '400')",1
"('400', '400', '471', '1780', '399', '400')",1
"('400', '402', '367', '400', '399', '471', '400')",1
"('400', '886', '340', '886', '365', '379', '400')",1
"('400', '469', '400')",1
"('400', '1986', '400')",1
"('400', '1401', '1688', '1697', '469', '400')",1
"('400', '1320', '402', '400')",1
"('400', '469', '400', '354', '')",1
"('389', '444', '389')",1
"('389', '389', '389', '399', '442', '442', '420', '349', '389', '356', '389')",1
"('389', '398', '1324', '389')",1
"('389', '361', '490', '389')",1
"('394', '358', '379', '399', '394')",1
"('394', '350', '399', '', '', '', '', '', '')",1
"('394', '512', '394')",1
"('394', '399', '388', '402', '1622', '402', '471', '394')",1
"('394', '399', '394')",1
"('391', '392', '391')",1
"('391', '469', '399', '401', '469', '391')",1
"('391', '1990', '391')",1
"('391', '354', '391')",1
"('392', '472', '472', '392', '409', '392')",1
"('392', '208', '398', '392')",1
"('410', '368', '340', '478', '413', '410', '410', '410')",1
"('411', '403', '384', '411')",1
"('411', '2590', '465', '402', '411')",1
"('410', '384', '471', '404', '410')",1
"('1231', '472')",1
"('474', '399', '469', '474')",1
"('474', '1683', '519', '474')",1
"('472', '472', '472')",1
"('474', '472', '519', '474')",1
"('472', '490', '222', '258', '472', '542', '472')",1
"('472', '229', '472')",1
"('472', '354', '472', '399', '472', '519', '472')",1
"('472', '206', '472', '472', '472')",1
"('473', '421', '473', '409', '473')",1
"('464', '216', '464')",1
"('464', '469', '464')",1
"('464', '2295', '1590', '1593', '1590', '2205', '2697', '2205', '464')",1
"('469', '1301', '469', '469', '469')",1
"('490', '481', '490', '490')",1
"('490', '490', '546', '546', '490', '490', '490', '490')",1
"('490', '488', '490', '490', '490', '488', '490')",1
"('100', '490')",1
"('490', '484', '490', '490', '490', '490')",1
"('490', '238', '376', '472', '490')",1
"('491', '2316', '491')",1
"('491', '474', '491')",1
"('491', '350', '488', '491')",1
"('491', '1299', '876', '438', '491')",1
"('491', '510', '491', '488', '491')",1
"('491', '469', '1322', '491')",1
"('485', '484', '491', '569', '490', '485', '491')",1
"('483', '1420', '2560', '483')",1
"('483', '469', '472', '483')",1
"('483', '483', '483', '472', '410', '404', '406', '399', '399', '399', '377', '378', '380', '483', '485', '478', '447', '447', '449', '809', '804', '809', '891', '472', '483')",1
"('332', '332', '312', '332')",1
"('332', '1376', '332', '340', '332')",1
"('335', '432', '427', '335', '377', '335')",1
"('338', '360', '338')",1
"('338', '338', '338', '365', '338', '361', '338')",1
"('360', '345', '364', '341', '360')",1
"('360', '482', '360')",1
"('363', '336', '363', '571')",1
"('367', '377', '367', '367', '379', '367')",1
"('368', '383', '368')",1
"('369', '364', '1259', '1252', '1259', '369', '367', '369')",1
"('378', '219', '18', '649', '18', '378')",1
"('375', '379', '365', '438', '375')",1
"('375', '1336', '', '2535', '1336', '375', '373', '375')",1
"('349', '522', '350', '349', '399', '349')",1
"('349', '811', '349')",1
"('463', '462', '466')",1
"('465', '1383', '2018', '465')",1
"('465', '1424', '465', '465', '465')",1
"('509', '513', '513', '509', '518', '509')",1
"('871', '350', '871', '1249', '871')",1
"('872', '872', '872')",1
"('872', '', '', '', '')",1
"('872', '453', '377', '872')",1
"('873', '876', '873', '876', '873')",1
"('878', '14', '39', '816', '878')",1
"('875', '877', '883', '875', '883', '875')",1
"('875', '876', '352', '895', '875', '875')",1
"('876', '238', '876')",1
"('877', '203', '877')",1
"('877', '890', '1252', '877', '869', '877')",1
"('877', '853', '1245', '1292', '877')",1
"('880', '881', '354', '880', '881', '880', '868', '856', '880', '854', '882', '880')",1
"('882', '1252', '882', '882', '882')",1
"('877', '892', '877')",1
"('882', '883', '883', '883', '882', '880', '882')",1
"('852', '880', '883', '852')",1
"('852', '2024', '856', '852', '880', '852')",1
"('855', '854', '868', '855')",1
"('854', '825', '822', '854', '825', '854', '854', '854')",1
"('801', '216', '801')",1
"('801', '816', '680', '151', '816', '801')",1
"('801', '1268', '868', '801', '1292', '801')",1
"('857', '238', '880', '857')",1
"('857', '1262', '1252', '1262', '857', '1252', '857')",1
"('858', '885', '876', '885', '858', '1238', '858')",1
"('858', '856', '858')",1
"('858', '854', '725', '858')",1
"('884', '2913', '884')",1
"('868', '1324', '868', '868', '868')",1
"('870', '877', '870')",1
"('870', '860', '870', '816', '882', '816', '870', '1346')",1
"('865', '882', '865')",1
"('865', '866', '865')",1
"('865', '1245', '541', '542', '541', '865', '859', '865')",1
"('865', '1268', '1231', '882', '865')",1
"('865', '855', '853', '865', '1441', '865')",1
"('865', '883', '1337', '354', '1339', '1337', '1331', '1264', '865')",1
"('865', '864', '865', '864', '865', '864', '865')",1
"('867', '865', '867')",1
"('866', '853', '866', '866', '866')",1
"('864', '641', '864')",1
"('864', '469', '864')",1
"('864', '1268', '1268', '864')",1
"('863', '862', '863')",1
"('863', '174', '863', '853', '863')",1
"('863', '853', '861', '863')",1
"('860', '1252', '1268', '882', '859', '860', '224', '860')",1
"('861', '816', '816', '864', '203', '868', '861', '711', '861')",1
"('861', '861')",1
"('679', '1054', '692', '694', '679', '613', '613', '679')",1
"('806', '321', '859', '806')",1
"('806', '763', '806')",1
"('807', '862', '807', '860', '807')",1
"('807', '1382', '1382', '1381', '807')",1
"('809', '', '809')",1
"('811', '966', '811')",1
"('811', '2', '77', '2', '811')",1
"('815', '79', '47', '49', '47', '79', '815')",1
"('811', '853', '180', '824', '811')",1
"('811', '59', '811')",1
"('813', '220', '813')",1
"('255', '805')",1
"('802', '677', '802')",1
"('803', '712', '712', '803')",1
"('803', '47', '834', '834', '803')",1
"('803', '208', '206', '208', '803', '700', '700', '803')",1
"('823', '868', '823', '854', '864', '823')",1
"('820', '822', '820')",1
"('821', '2288', '821', '804', '821', '323', '821', '700', '821')",1
"('821', '811', '1301', '1998', '1301', '1290', '821')",1
"('821', '6', '821')",1
"('822', '93', '822')",1
"('801', '822', '879', '822')",1
"('818', '804', '818', '806', '805', '804', '816', '818')",1
"('818', '47', '818', '687', '862', '818', '47', '816', '165', '818')",1
"('819', '876', '819')",1
"('692', '1062', '1054', '1057', '1054', '1056', '676', '692')",1
"('692', '687', '692')",1
"('692', '694', '121', '692')",1
"('694', '12', '694')",1
"('694', '686', '694')",1
"('691', '617', '624', '691')",1
"('691', '42', '21', '42', '691', '624', '691')",1
"('691', '688', '691')",1
"('691', '222', '221', '222', '691')",1
"('689', '699', '713', '699', '737', '689', '712', '689')",1
"('689', '712', '712', '704', '625', '689', '635', '689')",1
"('690', '865')",1
"('690', '617', '690')",1
"('690', '346', '690')",1
"('684', '733', '705', '684')",1
"('697', '716', '697')",1
"('697', '698', '697', '695', '700', '697')",1
"('699', '633', '633', '699')",1
"('699', '810', '699')",1
"('699', '699', '699', '712', '699', '712', '699', '703', '699')",1
"('696', '882', '879', '880', '404', '880', '696')",1
"('696', '750', '766', '750', '11', '750')",1
"('698', '698', '206', '698', '698', '634', '698')",1
"('698', '687', '698')",1
"('824', '703', '824')",1
"('824', '159', '824')",1
"('812', '733', '812')",1
"('704', '119', '216', '703', '704')",1
"('703', '712', '703')",1
"('703', '2338', '1320', '1381', '630', '703')",1
"('705', '7', '705')",1
"('706', '716', '708', '706', '733', '874', '11', '716', '706')",1
"('706', '649', '706')",1
"('706', '706', '244', '706', '706', '706')",1
"('707', '1324', '707', '654', '704', '713', '706', '707')",1
"('707', '740', '740', '707')",1
"('707', '208', '707')",1
"('707', '707', '707')",1
"('709', '96', '709', '740', '706', '709', '1257', '709')",1
"('774', '735', '658', '657', '653', '658', '708')",1
"('708', '77', '703', '708', '696', '708')",1
"('711', '710', '712', '711', '1062', '711')",1
"('710', '625', '710', '1317', '710')",1
"('712', '680', '627', '633', '712', '712', '687', '712')",1
"('712', '733', '712', '712', '655', '712')",1
"('715', '716', '715', '703', '716', '716', '715')",1
"('716', '707', '104', '77', '716')",1
"('614', '613', '613', '614')",1
"('621', '621', '824', '621', '621')",1
"('623', '617', '101', '623')",1
"('622', '691', '622')",1
"('622', '860', '816', '613', '622', '700', '712', '622')",1
"('624', '219', '624', '624')",1
"('630', '613', '360', '2627', '360', '630')",1
"('630', '1056', '700', '630', '655', '630')",1
"('629', '700', '629')",1
"('629', '96', '629', '633', '629')",1
"('628', '2244', '', '2244', '628', '2982', '3042', '2987', '628')",1
"('628', '627', '616', '682', '694', '1245', '684', '628')",1
"('628', '1054', '1062', '1054', '1062', '628')",1
"('628', '782', '', '', '782', '628')",1
"('', '', '2103', '627')",1
"('627', '713', '627')",1
"('634', '658', '621', '629', '634', '621', '634', '630', '634')",1
"('599', '1003', '628', '599')",1
"('587', '3049', '587')",1
"('588', '709', '588')",1
"('588', '603', '657', '658', '588')",1
"('594', '808', '808', '808', '594')",1
"('592', '712', '712', '656', '592')",1
"('590', '653', '666', '660', '658', '590')",1
"('602', '671', '602')",1
"('603', '740', '737', '733', '655', '603', '594', '590', '594')",1
"('603', '671', '839', '603')",1
"('2316', '2313', '2382', '2316', '2382')",1
"('669', '653', '666', '653', '653', '3064', '3064', '3034', '669')",1
"('660', '836', '660')",1
"('660', '671', '658', '658', '660')",1
"('665', '737', '740', '737', '665', '653', '658', '665')",1
"('665', '665', '665', '658', '665', '658', '648', '658', '665', '665', '665', '652', '665', '740', '665')",1
"('667', '661', '667')",1
"('661', '665', '658', '661')",1
"('663', '663', '663')",1
"('663', '661', '663', '661', '663')",1
"('664', '1231', '840', '664')",1
"('663', '655', '663')",1
"('663', '661', '663', '656', '655', '656', '663')",1
"('643', '595', '660', '660', '667', '643')",1
"('647', '651', '647', '2276', '647', '651', '647')",1
"('646', '19', '646')",1
"('649', '1121', '1177', '206', '720', '649')",1
"('758', '670', '657', '656', '657', '758', '764', '782', '758')",1
"('606', '266', '602', '606')",1
"('607', '2920', '2899', '2911', '1043', '607')",1
"('610', '100', '610', '655', '610')",1
"('674', '15', '674')",1
"('674', '658', '674', '1121', '1120', '674')",1
"('777', '216', '777', '274', '777')",1
"('778', '796', '274', '287', '286', '287', '796', '778', '870', '778')",1
"('774', '832', '774', '763', '773', '834', '774')",1
"('794', '733', '794')",1
"('796', '660', '661', '671', '796', '760', '796')",1
"('770', '833', '1220', '770')",1
"('770', '213', '770')",1
"('781', '800', '760', '781')",1
"('779', '292', '651', '779')",1
"('780', '772', '759', '780')",1
"('787', '763', '602', '602')",1
"('789', '789', '789', '789', '789')",1
"('791', '801', '791')",1
"('788', '773', '788', '655', '788')",1
"('784', '785', '784', '793', '779', '793', '786', '784')",1
"('950', '290', '950')",1
"('951', '839', '832', '951')",1
"('951', '', '1135', '951', '957', '951', '951')",1
"('934', '657', '671', '657', '934')",1
"('955', '950', '955', '952', '944', '938', '955', '951', '955')",1
"('955', '963', '292', '940', '963', '955')",1
"('955', '233', '777', '964', '951', '937', '940', '955')",1
"('739', '937', '965', '937')",1
"('936', '962', '936')",1
"('938', '951', '832', '938', '281', '938')",1
"('938', '238', '938')",1
"('939', '950', '939')",1
"('939', '1391', '1390', '1391')",1
"('939', '285', '119', '939')",1
"('942', '956', '1360', '942')",1
"('942', '942', '926', '921', '942')",1
"('942', '137', '25', '267', '287', '274', '287', '942')",1
"('945', '887', '228', '887', '945')",1
"('945', '2199', '945', '953', '945')",1
"('945', '942', '281', '958', '951', '942', '276', '276', '945', '942', '264', '945')",1
"('945', '238', '945')",1
"('945', '940', '934', '945')",1
"('944', '1361', '944')",1
"('946', '940', '952', '946', '947', '946')",1
"('946', '963', '963', '946', '938', '946')",1
"('946', '946', '946')",1
"('946', '940', '946')",1
"('947', '704', '947')",1
"('947', '189', '947')",1
"('947', '1362', '947')",1
"('947', '2277', '2293', '947')",1
"('947', '947', '947')",1
"('947', '33', '287', '947')",1
"('947', '942', '947')",1
"('886', '219', '219', '886')",1
"('886', '892', '886')",1
"('886', '1362', '886', '887', '886')",1
"('887', '709', '646', '887')",1
"('888', '1354', '1357', '888', '892', '402', '399', '888')",1
"('888', '892', '888')",1
"('889', '233', '889')",1
"('889', '629', '630', '629', '613', '629', '889', '889')",1
"('894', '238', '894')",1
"('896', '649', '896')",1
"('900', '469', '900')",1
"('899', '703', '703', '25', '716', '899')",1
"('757', '656', '655', '651', '757')",1
"('758', '19', '758')",1
"('723', '874', '758')",1
"('826', '773', '910', '826')",1
"('826', '839', '826')",1
"('903', '1114', '1114', '827')",1
"('829', '851', '829')",1
"('834', '754', '834')",1
"('838', '136', '838')",1
"('830', '252', '255')",1
"('830', '830', '830', '766', '830', '793', '766', '830', '1390', '1391')",1
"('830', '834', '832', '834', '910', '901', '830')",1
"('830', '888', '297', '888', '830')",1
"('831', '189', '831', '902', '831')",1
"('831', '910', '227', '831')",1
"('831', '717', '772', '832', '831')",1
"('831', '831', '780', '127', '831')",1
"('902', '839', '902', '940', '902')",1
"('902', '903', '910', '902')",1
"('902', '906', '832', '902')",1
"('906', '926', '910', '906')",1
"('904', '906', '910', '910', '904')",1
"('917', '764', '677', '917')",1
"('918', '758', '839', '918', '942', '840', '910', '918')",1
"('921', '918', '364', '921')",1
"('839', '924', '839')",1
"('922', '911', '287', '922')",1
"('922', '921', '922')",1
"('927', '656', '655', '286', '927')",1
"('927', '941', '911', '927', '927', '930', '928', '927')",1
"('928', '906', '928')",1
"('929', '931', '518', '931', '929', '929')",1
"('929', '529', '932', '929')",1
"('929', '928', '910', '929')",1
"('932', '1129', '1126', '1102', '1102', '1102', '1122', '1102', '1114', '1129', '932')",1
"('932', '962', '927', '932')",1
"('911', '953', '938', '911')",1
"('911', '733', '911')",1
"('911', '911', '911')",1
"('911', '907', '843', '911')",1
"('911', '1081', '911', '907', '911')",1
"('911', '842', '911', '911')",1
"('914', '839', '914')",1
"('913', '657', '926', '907', '913')",1
"('913', '907', '913')",1
"('915', '830', '915', '758', '915', '830', '915')",1
"('842', '936', '960', '936', '842')",1
"('846', '13', '846', '835', '846')",1
"('846', '106', '846', '759', '846')",1
"('848', '848', '848', '848', '770', '848', '850', '848')",1
"('849', '757', '849', '836', '849')",1
"('849', '733', '849')",1
"('850', '758', '850')",1
"('904', '1196', '914', '851', '850', '904')",1
"('963', '835', '789', '963')",1
"('963', '595', '993', '595', '587', '950', '962', '963')",1
"('963', '965', '963')",1
"('964', '1362', '959', '949', '291', '267', '964')",1
"('964', '292', '964')",1
"('965', '2192', '399', '965')",1
"('965', '965', '839', '281', '940', '958', '965')",1
"('949', '949', '949')",1
"('949', '292', '949')",1
"('830', '774', '769', '851', '774', '830')",1
"('962', '383', '383', '938', '940', '945', '962')",1
"('721', '721', '721')",1
"('725', '723', '725')",1
"('726', '744', '726')",1
"('727', '719', '745', '725', '727')",1
"('718', '733', '649', '718', '11', '718', '718', '718')",1
"('720', '119', '720', '720', '720')",1
"('730', '709', '730')",1
"('729', '659', '729', '667')",1
"('729', '742', '729', '719', '731', '729', '719', '729')",1
"('729', '733', '729', '723', '729', '633', '618')",1
"('728', '733', '738', '35', '728', '738', '728', '733', '733', '728', '743', '728')",1
"('732', '24', '36', '732')",1
"('736', '766', '736')",1
"('736', '764', '736', '667', '736')",1
"('738', '601', '745', '738')",1
"('738', '736', '738', '856', '738', '730', '738')",1
"('738', '729', '738')",1
"('738', '729', '738', '732', '738')",1
"('738', '736', '738')",1
"('740', '66', '740')",1
"('736', '724', '736')",1
"('742', '738', '742')",1
"('742', '35', '742', '754', '742', '729', '742')",1
"('742', '123', '230', '123', '742')",1
"('256', '28')",1
"('743', '736', '743', '354', '34', '743')",1
"('743', '737', '743', '728', '743', '748', '743')",1
"('743', '742', '204', '48', '743')",1
"('743', '852', '743', '743', '743')",1
"('743', '626', '743')",1
"('743', '731', '743')",1
"('744', '23', '720', '748', '747', '744')",1
"('723', '760', '723')",1
"('750', '738', '750')",1
"('750', '44', '750', '751', '750')",1
"('750', '750', '904', '928', '750')",1
"('750', '766', '750')",1
"('751', '752', '751', '990', '751')",1
"('751', '766', '751', '750', '751', '722', '751')",1
"('751', '1427', '1682', '751')",1
"('751', '96', '751', '30', '745', '30', '751')",1
"('752', '642', '745', '745', '764', '752', '752')",1
"('752', '752', '752')",1
"('760', '769', '766', '760')",1
"('760', '839', '115', '760', '115', '760')",1
"('936', '760')",1
"('753', '736', '753', '736', '753')",1
"('765', '658', '765')",1
"('765', '764', '687', '765', '757', '765')",1
"('765', '286', '765', '1', '765')",1
"('766', '666', '656', '766')",1
"('766', '602', '766')",1
"('766', '22', '766', '1202', '1207', '1202', '759', '766')",1
"('769', '671', '785', '769')",1
"('769', '763', '', '680', '782', '769', '764', '769')",1
"('787', '744', '769')",1
"('769', '782', '769', '769', '769')",1
"('769', '764', '769')",1
"('683', '941', '683', '613', '683')",1
"('682', '399', '682')",1
"('682', '681', '733', '682', '712', '682')",1
"('681', '1220', '681')",1
"('681', '681', '681')",1
"('762', '656', '762')",1
"('762', '723', '745', '760', '762')",1
"('762', '773', '762')",1
"('', '506', '')",1
"('', '398', '1391', '')",1
"('967', '971', '978', '967')",1
"('967', '1003', '967')",1
"('968', '3047', '968')",1
"('972', '2985', '972')",1
"('972', '656', '3042', '3000', '972')",1
"('972', '1002', '972')",1
"('972', '2899', '2867', '972')",1
"('972', '1002', '1003', '972')",1
"('972', '2146')",1
"('1023', '625', '1023')",1
"('1023', '991', '1023')",1
"('1023', '1023', '1023', '1012', '1003', '1002', '1023', '1000', '1023')",1
"('1023', '739', '1023')",1
"('1023', '1003', '1011', '1003', '1023')",1
"('1023', '1023', '1023')",1
"('1026', '1029')",1
"('1028', '1028', '1011', '1011', '1025', '1054', '1028', '1028')",1
"('1030', '1023', '1030')",1
"('1030', '1058', '1054', '1030')",1
"('1030', '1065', '1030')",1
"('1030', '1003', '1030')",1
"('1030', '2624', '490', '422', '725', '723')",1
"('1030', '681', '684', '680', '619', '616', '680', '1030')",1
"('1030', '238', '1030')",1
"('1030', '1031', '1030')",1
"('1031', '743', '727', '743', '740', '1031')",1
"('1031', '1045', '1042', '1031')",1
"('1054', '1003', '1003', '1013', '1023', '1003', '1029', '1030')",1
"('1052', '1054', '469', '1052')",1
"('1052', '2937', '1057', '1052')",1
"('1053', '1290', '1053')",1
"('1053', '402', '1053', '1053', '1053', '1053')",1
"('1056', '220', '1056', '1054', '1056', '1064', '1054', '1056')",1
"('1055', '2902', '1292', '1311', '1055')",1
"('1055', '1003', '1062', '1055')",1
"('1055', '1053', '1054', '1056', '1055', '1231', '1062', '1056', '1055', '1055', '1055', '1058', '1053', '1055', '1058', '1055')",1
"('1055', '894', '1055', '1062', '1062', '1055')",1
"('1055', '694', '', '', '1055', '1054', '1062', '1055')",1
"('1055', '404', '1252', '1055')",1
"('1055', '1062', '1054', '1054', '1055')",1
"('1055', '1351', '1349', '1351', '1351', '1351', '1235', '1055')",1
"('1055', '1272', '1252', '1272', '1055')",1
"('1055', '1062', '1055')",1
"('1055', '1053', '1055')",1
"('1055', '')",1
"('1062', '1053', '1062', '1059', '1062')",1
"('1062', '1054', '1062')",1
"('1062', '1053', '1062')",1
"('1062', '1053', '1062', '1062', '1062', '1054')",1
"('1062', '1062', '1062', '1062', '1062')",1
"('1063', '2288', '1063')",1
"('1061', '350', '1057', '1061')",1
"('1061', '734', '1059', '1050', '1061')",1
"('1061', '1058', '1061', '1058', '1061')",1
"('1061', '207', '1061')",1
"('1061', '1065', '1061', '1054', '1061')",1
"('1061', '1054', '1061', '1011', '1061')",1
"('1051', '1011', '1051')",1
"('1061', '649', '1063', '1061', '1061', '1061')",1
"('1061', '1227', '398', '1061')",1
"('983', '2956', '983')",1
"('983', '989', '994', '989', '983', '983')",1
"('983', '1002', '1003', '1003', '991', '983')",1
"('984', '1013', '1002', '1002', '991', '984')",1
"('989', '1007', '1015', '1007', '989')",1
"('989', '989', '989', '996', '989', '3000', '989', '991', '989', '989')",1
"('1000', '2902', '1000')",1
"('1001', '911', '836', '911', '1001')",1
"('1001', '1018', '1011', '1011', '1011', '1001')",1
"('1000', '1002', '2998', '2970', '1000')",1
"('1011', '85', '1011')",1
"('1011', '1003', '1011')",1
"('1011', '1002', '1010', '1010', '1002', '1011', '1010', '1011', '1011', '625', '1003', '1011')",1
"('1004', '1013', '617', '1004')",1
"('1004', '1011', '1004', '1011', '1004')",1
"('1004', '1002', '1002', '1004')",1
"('1004', '1002', '1004', '1011', '1004', '676', '1004')",1
"('1004', '1028', '680', '1003', '1004')",1
"('1003', '1003', '1003', '2857', '1003')",1
"('1003', '1002', '1018', '1003')",1
"('1003', '1003')",1
"('1012', '1024', '1012')",1
"('1012', '1003', '1012')",1
"('1009', '1005', '1009', '1011', '1015', '1009', '1005', '1009')",1
"('1008', '1010', '1008')",1
"('1017', '1003', '1017')",1
"('1018', '1026', '1013', '1018')",1
"('990', '995', '631', '633', '599', '990', '993', '995', '990')",1
"('', '718', '', '207', '')",1
"('995', '994', '995', '995', '1024', '597', '995')",1
"('995', '625', '995')",1
"('993', '2495', '643', '993')",1
"('993', '1003', '1003', '1003', '1002', '1002', '1002', '1002', '1003', '1013', '994', '994', '991', '993')",1
"('993', '595', '993', '995', '993')",1
"('2822', '2928', '2902', '2822', '2837', '2837', '976')",1
"('1033', '1002', '1033')",1
"('1049', '1062', '1057', '', '', '')",1
"('1049', '1918', '2052', '1887', '1918', '1049')",1
"('1046', '1222', '1046')",1
"('1051', '1826', '1051', '1062', '1054', '1054', '1051')",1
"('1051', '1056', '1051', '1056', '1056', '1051')",1
"('1051', '1056', '1056', '1062', '1054', '1062', '1051')",1
"('1051', '402', '492', '402', '1051', '1061', '1231', '1061', '1051')",1
"('1051', '1337', '469', '1051')",1
"('1051', '1018', '1051')",1
"('1051', '666', '1051')",1
"('1051', '909', '1051')",1
"('1051', '1054', '469', '1051')",1
"('1051', '1058', '1054', '1051', '1050', '1061', '1051')",1
"('1051', '712', '1051', '1019', '1053', '1051')",1
"('1051', '1054', '1054', '1051')",1
"('1051', '1279', '1051')",1
"('1051', '1042', '1051')",1
"('', '1220', '1220', '1220', '1220', '1220', '1167', '1138', '')",1
"('', '1146', '')",1
"('', '1136', '')",1
"('', '238', '', '')",1
"('', '1151', '1203', '1151', '', '')",1
"('', '1167', '', '', '', '1104', '1135', '1135', '675', '749', '767', '674', '1068', '', '')",1
"('', '1070', '1072', '1070', '1217', '')",1
"('', '536', '536', '536', '', '')",1
"('203', '217', '203', '256', '258', '203')",1
"('', '', '1342', '1357', '342', '339', '342')",1
"('1102', '1120', '1102', '1183')",1
"('1180', '1122', '1180')",1
"('1181', '601', '1179', '1181', '1179', '591', '2975', '591', '1181')",1
"('1181', '1174', '1181', '1128', '1181')",1
"('1181', '1137', '1087', '1135', '1181')",1
"('1187', '1218', '1187', '1187', '1187')",1
"('1187', '1175', '1180', '1176', '1187')",1
"('1187', '1186', '1187', '1174', '1187')",1
"('1187', '', '1186', '1187')",1
"('1187', '1120', '1187')",1
"('1185', '1176', '1186', '1185')",1
"('1185', '1174', '1128', '1121', '1176', '1186', '1185')",1
"('1178', '911', '1178', '1200', '1178', '673', '1178')",1
"('1171', '908', '1176', '1171')",1
"('1172', '1174', '1172')",1
"('1177', '1116', '612', '656', '671', '656', '1177')",1
"('1175', '1115', '1128', '1176', '1186', '1175')",1
"('1175', '1177', '1175')",1
"('1207', '602', '1207', '1207', '1207')",1
"('1207', '1207', '1179', '1207', '1207', '1207')",1
"('1207', '212', '308', '1207')",1
"('1207', '1177', '1177', '1186', '1207')",1
"('1210', '214', '216', '216', '216', '214', '1210', '1210')",1
"('1210', '1209', '106', '1122', '1211', '1210')",1
"('1210', '740', '1210')",1
"('1209', '914', '1209', '1207', '1209')",1
"('1218', '1209', '1119', '1120', '1209')",1
"('1209', '1215', '1209')",1
"('1208', '1214', '1215', '1208')",1
"('1208', '1136', '1120', '1208', '1136', '1108', '1120', '1193', '1208')",1
"('1208', '1208', '1167', '1199', '1208', '1208')",1
"('1208', '244', '1207', '1208')",1
"('1206', '1208', '1108', '1206')",1
"('1212', '1206', '1210', '1212', '1206', '1212', '1210', '1212')",1
"('1215', '1120', '1186', '1215')",1
"('1215', '1128', '1215')",1
"('1211', '96', '909', '1211')",1
"('1216', '440', '460', '460', '481', '1216')",1
"('1216', '1151', '1216')",1
"('1216', '1200', '1135', '1200', '1216')",1
"('1217', '1220', '1087', '1097', '1087', '1087', '1217')",1
"('1217', '1217', '1217', '1128', '1121', '1217')",1
"('1217', '1217', '1217', '1200', '816', '1200', '1217', '1217', '1197', '1217', '1217', '1217', '1217')",1
"('1218', '1217')",1
"('1217', '1174', '1217', '1174', '1217')",1
"('1192', '834', '832', '1196', '1174', '1192')",1
"('1192', '1218', '1216', '1215', '1218', '1192')",1
"('1192', '1174', '1177', '1192')",1
"('1196', '1177', '1195', '1194', '1195', '1196')",1
"('1198', '1202', '1198', '1176', '1198')",1
"('1198', '1120', '1186', '1135')",1
"('1198', '383', '379', '383', '1198')",1
"('1198', '1174', '1173', '1198')",1
"('1198', '346', '312', '1198')",1
"('1198', '1186', '1198')",1
"('1199', '1196', '1177', '1199')",1
"('1199', '330', '1209', '1199')",1
"('1199', '1162', '1191', '1210', '1194', '1199', '1158', '1199')",1
"('1199', '1193', '1199', '1199', '1193', '1199')",1
"('1141', '1141', '1167', '1141')",1
"('1170', '1197', '1116', '1111', '1197', '1170')",1
"('1170', '1147', '1152')",1
"('1156', '1175', '1105', '1156')",1
"('1159', '1159', '1159', '1157', '1159')",1
"('1159', '1220', '1159', '', '1159')",1
"('1160', '1168', '1160', '1146', '778', '1160')",1
"('1161', '1159', '1159', '1161')",1
"('1161', '1108', '1161')",1
"('1162', '1162', '1162', '1162', '1162', '1162', '1162', '1157', '1162')",1
"('1162', '1166', '1162')",1
"('1163', '1114', '1163')",1
"('1166', '1164', '1164', '73', '1166')",1
"('1104', '1105', '1200', '1104')",1
"('1104', '1197', '1104', '1123', '1123', '1104')",1
"('1104', '1114', '1114', '1114', '1114', '1100', '1092', '1104', '1100', '1122', '1104')",1
"('1104', '656', '660', '660', '658', '656', '1104')",1
"('1104', '1151', '1104')",1
"('1105', '835', '1105')",1
"('1105', '1105', '1108', '1105')",1
"('1107', '655', '1107')",1
"('1108', '1220', '1108')",1
"('1108', '1096', '1092', '1101', '1137', '1108')",1
"('1109', '703', '1109')",1
"('1103', '733', '1103', '1124', '1103')",1
"('1097', '', '1097')",1
"('1100', '1103', '1100')",1
"('1103', '1101', '1100')",1
"('1114', '1114', '1114', '1128', '1128', '1114', '1119', '1114', '1207', '1114')",1
"('1115', '1126', '1115')",1
"('1115', '733', '1115')",1
"('1116', '1128', '1130', '1116', '800', '1116')",1
"('1116', '286', '1116')",1
"('1177', '1181', '1128', '1129')",1
"('1128', '835', '1096', '1128')",1
"('1128', '1107', '1157', '1129', '1128', '1128')",1
"('1128', '1159', '1127', '1124', '1124', '1120', '1125', '1100', '1129', '1124', '1121', '1128')",1
"('1128', '1174', '1219', '1128')",1
"('1117', '1195', '1117')",1
"('1133', '1128', '1133')",1
"('1133', '816', '1133')",1
"('1134', '1126', '1134', '1130', '1134')",1
"('1122', '1135', '1122')",1
"('1122', '1108', '1122', '1126', '1122', '1100', '1174', '1092', '1100', '1122')",1
"('1122', '1121', '1124', '1122')",1
"('1130', '915', '1130')",1
"('1188', '1171', '1186', '1130')",1
"('1130', '1105', '609', '19', '609', '1130')",1
"('1130', '244', '1130')",1
"('1130', '1123', '1136', '1123', '1130')",1
"('1131', '1107', '1131', '1102', '1130', '1131')",1
"('1137', '724', '1137', '1096', '1146', '1137')",1
"('1125', '1128', '1103', '1125')",1
"('1125', '671', '671', '671', '671', '1125', '1121', '1125')",1
"('1126', '1125', '1124', '1126', '1128', '1174', '1124', '1120', '1126')",1
"('1126', '1068', '1126')",1
"('1126', '1124', '1126', '1103', '1126')",1
"('1126', '724', '780', '1128', '1126', '1130', '1120', '1124', '1126', '1123', '1124', '1126')",1
"('1126', '1122', '1122', '1125', '1124', '1126', '1128', '1126', '1073', '1126')",1
"('1126', '1171', '1180', '1126')",1
"('1126', '1121', '1126', '1128', '1126', '1128', '1126')",1
"('1071', '1068', '1114', '1071')",1
"('1079', '233', '276', '281', '281', '1079', '738', '1079')",1
"('1079', '', '2282', '1079', '1110', '1218', '1079', '1107', '1079')",1
"('1083', '1086', '1083')",1
"('1083', '1087', '1083', '2979', '1087', '1087', '1083', '1082', '1083')",1
"('1083', '1114', '1083')",1
"('1083', '724', '1083', '1081', '1083')",1
"('1083', '1092', '1083')",1
"('1083', '1122', '1101', '1098', '1101', '1083', '1084', '1083')",1
"('1084', '1176', '1163', '1084')",1
"('1084', '1186', '1084')",1
"('1084', '1181', '1084')",1
"('1084', '1094', '1084')",1
"('1084', '1098', '833', '835', '777', '1090', '1084')",1
"('1086', '1087', '1157', '1220', '1086')",1
"('1086', '1123', '1137', '1217', '1086', '1087', '1086')",1
"('1149', '', '1149', '1086')",1
"('1086', '1157', '1157', '1159', '1159', '1086')",1
"('1089', '1177', '1089')",1
"('1193', '1145', '1193')",1
"('1145', '', '1145')",1
"('1145', '1169', '1145')",1
"('1147', '1108', '1137', '1147')",1
"('1149', '1128', '1144', '1149', '', '1149', '1147', '1149', '', '', '', '', '', '1149')",1
"('286', '1150', '286')",1
"('1153', '1145', '1153', '1151', '1157', '1153')",1
"('1154', '1220')",1
"('1154', '1142', '1157', '1161', '1161', '1154')",1
"('1154', '1159', '1154')",1
"('1155', '789', '835', '1144', '1155')",1
"('1155', '1155', '1146', '1155', '1141', '1155')",1
"('1155', '1128', '1157', '1141', '1155', '1150', '1155')",1
"('1155', '', '', '1155', '1155', '1149', '1155')",1
"('1220', '1167', '1220')",1
"('1342', '733', '1342', '1251', '1292', '1342')",1
"('1348', '2114', '1348')",1
"('1358', '472', '1358')",1
"('1357', '1354', '1357')",1
"('1361', '1324', '1361')",1
"('1361', '1342', '1362', '1342', '1361')",1
"('1361', '238', '286', '286', '1361')",1
"('1361', '2050', '1361')",1
"('1361', '1356')",1
"('1318', '353', '1361')",1
"('1361', '1434', '1361')",1
"('1361', '469', '1361')",1
"('1362', '')",1
"('1362', '2023')",1
"('1356', '1356', '1356', '1356', '1356', '1323', '1356', '1253', '1356', '1356', '1356')",1
"('1356', '728', '1355', '1356')",1
"('1242', '399', '1242', '1235', '1242', '1235', '1242')",1
"('1242', '2612', '1242')",1
"('1242', '1438', '1437', '1438', '1242')",1
"('1242', '')",1
"('1242', '1268', '1242')",1
"('1241', '1042', '1241')",1
"('1241', '2025', '1982', '1241', '1235', '1241')",1
"('1248', '1331', '1248', '1250', '1248')",1
"('1246', '2270', '2315', '2270', '2315', '2270', '1246', '', '')",1
"('1247', '1248', '1324', '1247', '625', '625', '1247')",1
"('1252', '1330', '1252')",1
"('1253', '1325', '1252', '1253')",1
"('1253', '1292', '1293', '1250', '1253')",1
"('1253', '1250', '1250', '1252', '1253', '1253', '1253', '1242', '1253')",1
"('1253', '1423', '1253')",1
"('1253', '854', '1253')",1
"('1253', '1314', '1253', '399', '475', '1253')",1
"('1270', '1253', '191', '1270')",1
"('1270', '1269', '1253', '1270')",1
"('1269', '881', '883', '1269', '1324', '340', '335', '853', '880', '883', '879', '1270', '1269', '1258', '1269')",1
"('1257', '1257', '1257', '1381', '1324', '1268', '1257')",1
"('1257', '1253', '1257', '1251', '1257')",1
"('1256', '1259', '1256', '1301', '1251', '1256')",1
"('1256', '1245', '1245', '106', '703', '703', '704', '1251', '1256')",1
"('1255', '1255', '1255', '1255', '1255')",1
"('1250', '1270', '1301', '1293', '1250')",1
"('1250', '2398', '1250', '1248', '1269', '1248', '1250')",1
"('1249', '1250', '241', '241', '241', '1249', '1245', '1249')",1
"('1249', '862', '1249', '1249', '1249')",1
"('1249', '1248', '1270', '1256', '1249', '1249', '1249', '1252', '1249', '1279', '1249')",1
"('1249', '885', '862', '862', '862', '1249', '104', '1249')",1
"('1249', '1252', '1249', '678', '1249')",1
"('1249', '1249', '1249', '236', '1249')",1
"('1249', '1285', '1322', '1252', '1251', '1249')",1
"('1249', '1252', '1249')",1
"('1249', '885', '314', '1249', '1274', '1249')",1
"('1251', '1259', '1279', '1251')",1
"('1251', '1301', '1251')",1
"('1249', '1251', '1251', '1251', '883', '1252', '1249', '1305', '1249', '1284', '1249')",1
"('1249', '1249', '1249', '1249', '859', '859', '859', '1249')",1
"('1249', '85', '1249')",1
"('1251', '1253', '1251', '295', '1251')",1
"('1251', '2264', '2260', '1336', '1250', '1251', '617', '208', '212', '208', '1251')",1
"('1245', '1251', '1251', '1264', '1251')",1
"('1251', '1279', '1251')",1
"('1251', '303', '1251', '1249', '1245', '1250', '1251')",1
"('1251', '1274', '402', '1251')",1
"('1251', '1921', '1251')",1
"('1251', '1292', '1324', '1251')",1
"('1267', '1330', '1267')",1
"('1267', '1264', '1322', '1322', '1322', '1268', '1267', '1245', '1267')",1
"('1267', '891', '1268', '1267', '1245', '1232', '1267', '1335', '1267')",1
"('1268', '239', '241', '1268')",1
"('1268', '81', '1250', '1268')",1
"('1260', '7', '1260')",1
"('1263', '1322', '1263')",1
"('1263', '1292', '1263')",1
"('354', '1259', '1245', '1245', '1259', '1324', '1324', '1259')",1
"('1264', '361', '1264', '1245', '1245', '1264', '207', '1264')",1
"('1265', '216', '1265')",1
"('1265', '1274', '1272', '1274', '1352', '1265', '1372', '1265')",1
"('1265', '867')",1
"('1265', '1249', '1265')",1
"('1233', '1345', '1235', '1233', '1270', '1233')",1
"('1233', '1939', '1939', '1899', '1233')",1
"('1224', '1042', '1224')",1
"('1224', '1227', '1227', '1224', '1224', '1224')",1
"('1222', '2918', '2921', '2902', '1222')",1
"('1229', '200', '287', '1229')",1
"('', '1229', '1899', '1899', '1229')",1
"('1229', '1229', '1229')",1
"('1229', '1285', '1229')",1
"('1229', '1230', '1227', '1324', '1324', '1229')",1
"('1229', '1238')",1
"('1229', '1229', '1229', '1811', '1229')",1
"('1277', '1322', '1277')",1
"('1277', '1336', '1277')",1
"('1274', '864', '876', '864', '1274', '1274', '1274')",1
"('1281', '2362', '1281')",1
"('1278', '1300', '1278')",1
"('1278', '876', '230', '1252', '1278', '1293', '1278')",1
"('1288', '1262', '1288')",1
"('96', '854', '1288', '1253', '1288')",1
"('1288', '220', '1288')",1
"('1288', '194', '181', '114', '854', '1288')",1
"('1288', '2270', '1288', '16', '1288')",1
"('1288', '1322', '1333', '1288')",1
"('1284', '1253', '1285', '1257', '1333', '1284')",1
"('1284', '1292', '1284', '1336', '1379', '2606', '1284')",1
"('1284', '1342', '1284', '1292', '1284')",1
"('1284', '816', '861', '1292', '1284')",1
"('1293', '1322', '1293', '1325', '1324', '1293', '1293')",1
"('1293', '1313', '1293')",1
"('1293', '469', '354', '1293', '1292', '1293', '1258', '1322', '1349', '1349', '1349', '1293')",1
"('1294', '1294', '1294', '1258', '1294')",1
"('1294', '1322', '1335', '1294', '1326', '1326', '1294')",1
"('1294', '862', '1250', '1294')",1
"('1285', '733', '731', '733', '1285')",1
"('1285', '1257', '1250', '1285')",1
"('1285', '1871', '1285')",1
"('1285', '', '', '1285')",1
"('1285', '1646', '1293', '1285')",1
"('1285', '816', '816', '816', '1284', '1285')",1
"('1285', '1253', '1322', '1322', '1322', '1322', '1320', '1285', '1285', '1285')",1
"('1285', '1285', '1285')",1
"('1285', '740', '1285')",1
"('1286', '2327', '2313', '1286')",1
"('885', '1324', '1286')",1
"('1286', '1292', '1304', '1326', '1286')",1
"('1286', '1337', '1286')",1
"('1286', '1284', '1286')",1
"('1286', '1285', '1286', '1285', '1304', '1286')",1
"('1328', '214', '1328', '1326', '1328')",1
"('1327', '1274', '1250', '1327')",1
"('1300', '1300', '1300', '238', '1300', '1300', '1300')",1
"('1300', '1326', '1322', '1322', '1325', '1293')",1
"('1304', '1279', '1253', '1304', '1318', '1304')",1
"('1314', '1318', '1314', '230', '1314')",1
"('1310', '1992', '1310')",1
"('1310', '3019')",1
"('1309', '1344', '1309')",1
"('1309', '1320', '1309', '1939', '2095', '1939', '1309', '1310', '1309')",1
"('1307', '1301', '1307', '1293', '1307')",1
"('1311', '1320', '1320', '1320', '1311', '2275', '1987', '1311', '1324', '1311')",1
"('1312', '1301', '1312')",1
"('1318', '2324', '1318', '1320', '1324', '1318', '1336', '1322', '1318')",1
"('1318', '1322', '1322', '1318', '1335', '1318')",1
"('1318', '1318', '1318')",1
"('1316', '1272', '1274', '1316')",1
"('1316', '1301', '1292', '1301', '1316')",1
"('1316', '1310', '1316')",1
"('1316', '1253', '1316')",1
"('1316', '1253', '862', '1253', '1316')",1
"('1316', '1316')",1
"('1938', '1899', '1938', '1316', '1322', '1316')",1
"('1316', '1301', '1316', '1325', '1324', '1316', '1253', '1316')",1
"('1317', '11', '1317')",1
"('1317', '2580', '1790', '2583', '2580', '1293', '1253', '1317')",1
"('1330', '1281', '1330')",1
"('1330', '1425', '1330')",1
"('1330', '1269', '1252', '1252', '1330', '1349', '1330')",1
"('1334', '1320', '1320', '1292', '1322', '1334')",1
"('1320', '398', '1337', '398', '1372', '484', '474', '1372')",1
"('1339', '1296', '1339')",1
"('1339', '1322', '1339', '1279', '1274', '1339')",1
"('1339', '1870', '1899', '1339')",1
"('1339', '2117', '2133', '1339')",1
"('1338', '2317', '1338', '1324', '1320', '1338')",1
"('1338', '1292', '1338')",1
"('1338', '1261', '1338')",1
"('1340', '1386', '1340')",1
"('1341', '1251', '1251', '1341', '1320', '1320', '1251', '1339', '1341')",1
"('1364', '1274', '1366', '1985', '1364')",1
"('1384', '937', '1384', '', '1384')",1
"('1373', '2388', '1659', '1659', '2388', '1373')",1
"('1373', '399', '399', '398', '1373')",1
"('1373', '2609', '1324', '1325', '1325', '1325', '1375', '1373')",1
"('1374', '519', '519', '1372', '1374')",1
"('1374', '1372', '1372', '2293', '1374', '2293', '1374')",1
"('1374', '484', '1374')",1
"('1387', '504', '1387', '1245', '1250', '1387')",1
"('1387', '469', '1387')",1
"('1387', '1280', '1387')",1
"('1387', '1383', '1351', '1324', '1387')",1
"('1387', '1324', '1387')",1
"('1387', '2316', '1387', '1320', '1387')",1
"('1387', '202', '1387', '1372', '1387')",1
"('1378', '2380', '1378', '1322', '1320', '2609', '1378')",1
"('', '1393', '1388', '1391', '1393', '', '', '')",1
"('', '1394', '1393', '1394', '', '')",1
"('', '', '', '1390', '1388', '542', '842', '')",1
"('1278', '1230', '1227', '1278', '1230', '1278', '877', '1278')",1
"('1396', '1397', '1397', '1397', '1396', '1393', '1396')",1
"('1396', '1396', '1396', '', '', '', '', '1396', '1396', '', '1396')",1
"('1395', '1395', '1395', '', '', '1395', '', '1395')",1
"('1394', '', '1394')",1
"('1394', '540', '1394')",1
"('1394', '1394', '1394', '1394', '1394', '1397', '1394')",1
"('1392', '1393', '1392', '1393', '1393', '1393', '1392')",1
"('1392', '1390', '1392', '1391', '1392')",1
"('1392', '1391', '536', '1392')",1
"('1392', '608', '655', '661', '655', '1390', '1392')",1
"('1391', '1390', '1391', '1391', '1391')",1
"('1388', '1388', '1388', '1391', '1388', '1388', '1388', '1388')",1
"('1388', '1388', '1388', '1390', '1388')",1
"('1389', '540', '1390', '1389')",1
"('1389', '96', '506', '1389', '1389', '1390', '1390', '1389')",1
"('1389', '1388', '1390', '1390', '1389', '1389')",1
"('1390', '', '', '', '1390')",1
"('2073', '', '1960', '2073')",1
"('1390', '1682', '1390')",1
"('638', '709', '11', '14', '', '', '', '', '', '')",1
"('', '442', '430', '435', '', '', '')",1
"('', '1392', '', '', '', '', '', '', '', '', '1394', '', '', '')",1
"('', '2818', '2912', '', '2818', '')",1
"('', '2852', '')",1
"('', '2865', '')",1
"('', '', '1274', '', '')",1
"('', '2826', '', '', '', '')",1
"('', '2821', '2902', '2920', '2899', '', '', '', '', '')",1
"('', '', '2058', '')",1
"('', '2128', '1813', '2805', '')",1
"('', '2902', '2811', '')",1
"('528', '238', '377', '524', '528', '531', '', '', '')",1
"('257', '228', '257', '12', '257')",1
"('235', '235', '259')",1
"('261', '222', '261', '222', '222', '261')",1
"('261', '230', '208', '230', '261')",1
"('261', '653', '261', '261', '261', '262', '261', '261', '261')",1
"('265', '2526', '265', '221')",1
"('265', '235', '265', '2093', '265')",1
"('265', '260', '267', '265', '262', '262', '262', '265')",1
"('265', '602', '265')",1
"('265', '885', '265')",1
"('263', '238', '263')",1
"('267', '106', '15', '267', '257', '106', '267', '267', '267', '267', '267')",1
"('232', '267', '232')",1
"('232', '232', '264', '232', '196')",1
"('186', '167', '298', '892', '232', '232', '231', '232', '186', '232', '186')",1
"('232', '244', '232')",1
"('234', '235', '236', '11', '709', '234')",1
"('234', '309', '234')",1
"('202', '221', '202')",1
"('209', '204', '208', '209')",1
"('211', '208', '208', '211')",1
"('211', '182', '225', '198')",1
"('268', '282', '290', '282', '268', '290', '268')",1
"('268', '214', '942', '268')",1
"('270', '96', '211', '270', '270', '270')",1
"('270', '134', '270', '236', '270')",1
"('240', '266', '240', '241', '238', '240')",1
"('272', '194', '211', '194', '272')",1
"('272', '310', '272')",1
"('271', '205', '214', '125', '271')",1
"('271', '906', '271', '271', '271')",1
"('271', '114', '271')",1
"('242', '830', '540', '242')",1
"('315', '127', '128', '127', '133', '127', '212', '321', '314', '127', '315')",1
"('247', '950', '949', '959', '247')",1
"('109', '128', '911', '109')",1
"('109', '230', '109')",1
"('249', '182', '249')",1
"('243', '13', '243')",1
"('243', '139', '243')",1
"('243', '206', '243')",1
"('39', '182', '37', '733', '111', '39')",1
"('41', '59', '41')",1
"('41', '32', '744', '660', '658', '745', '745', '41', '228', '132', '130', '41')",1
"('41', '47', '41', '745', '41', '47', '41')",1
"('110', '16', '110')",1
"('110', '115', '111', '111', '110')",1
"('251', '114', '251', '245', '114', '251')",1
"('254', '211', '212', '111', '254')",1
"('252', '202', '124', '252')",1
"('218', '2086', '218')",1
"('219', '216', '219')",1
"('221', '239', '241', '239', '238', '221')",1
"('15', '231', '15', '231', '15')",1
"('15', '119', '15', '743', '740', '15')",1
"('15', '305', '15', '15', '15')",1
"('15', '119', '17', '15')",1
"('115', '241', '241', '244', '241', '241', '115', '115')",1
"('125', '259', '179', '125')",1
"('', '220', '220', '220', '220', '220', '', '244', '266', '266', '267', '266', '')",1
"('', '', '', '177', '')",1
"('104', '106', '221', '104', '106', '1128', '1128', '832', '104')",1
"('104', '861', '104')",1
"('106', '238', '106')",1
"('106', '96', '1013', '867', '712', '712', '106', '104', '106', '96', '106')",1
"('105', '', '105', '258', '105', '179', '105')",1
"('107', '19', '107')",1
"('107', '107', '107', '107', '107')",1
"('', '178', '182', '201', '183', '174', '178', '201', '178')",1
"('181', '', '181')",1
"('182', '893', '182')",1
"('183', '304', '183')",1
"('184', '178', '184')",1
"('164', '212', '164')",1
"('164', '121', '125', '179', '180', '164')",1
"('164', '706', '164')",1
"('101', '330', '101', '834', '101', '101', '330', '101', '101')",1
"('658', '230', '165')",1
"('165', '703')",1
"('165', '211', '165', '215', '211', '165')",1
"('69', '766', '69')",1
"('68', '297', '68')",1
"('74', '861', '74', '', '90', '', '74')",1
"('76', '1121', '703', '76', '716', '716', '76')",1
"('76', '189', '77', '620', '76')",1
"('76', '', '76', '212', '76')",1
"('201', '203', '203', '201', '853', '151', '201', '201', '201', '870', '151', '76', '703', '712', '76')",1
"('88', '77', '88')",1
"('88', '347', '88')",1
"('91', '81', '91', '101', '91')",1
"('91', '65', '91')",1
"('91', '89', '89', '91')",1
"('90', '252', '107', '90')",1
"('185', '181', '185', '185')",1
"('185', '2609', '211', '365', '365', '365', '379', '332', '185')",1
"('185', '185', '185', '649', '744', '185')",1
"('186', '134', '186')",1
"('188', '155', '188')",1
"('187', '816', '177', '187')",1
"('224', '218', '224', '832', '834', '224')",1
"('189', '100', '189')",1
"('189', '189', '189', '189', '189')",1
"('189', '179', '189')",1
"('189', '216', '189')",1
"('180', '216', '220', '124', '892', '74', '180')",1
"('190', '190', '190')",1
"('192', '201', '202', '192')",1
"('193', '216', '202', '193')",1
"('193', '193', '193', '259', '275', '267', '193')",1
"('195', '195', '195', '301', '195', '195', '195', '195', '195')",1
"('197', '216', '197')",1
"('198', '224', '198')",1
"('172', '216', '301', '181', '172')",1
"('163', '804', '163')",1
"('163', '98', '163')",1
"('302', '2313', '302')",1
"('301', '253', '301', '301', '236', '126', '301', '301')",1
"('308', '402', '308')",1
"('309', '309', '309', '657', '653', '309', '309', '309')",1
"('310', '309', '309', '310', '311', '310')",1
"('311', '311', '306', '311', '227', '311')",1
"('311', '680', '311')",1
"('312', '212', '212', '212', '312')",1
"('295', '891', '899', '891', '295', '872', '295')",1
"('296', '1054', '705', '296', '875', '296', '899', '296')",1
"('295', '1322', '1318', '1324', '1324', '295', '295', '295')",1
"('315', '316', '315')",1
"('315', '152', '315')",1
"('315', '315', '315')",1
"('319', '315', '315', '323', '317', '315', '323', '327', '327', '332', '327', '327', '322', '316', '315', '319', '317', '335', '315', '315', '319')",1
"('318', '121', '249', '177', '318')",1
"('297', '892', '297', '174', '297')",1
"('323', '335', '332', '335', '323', '332', '378', '335', '323')",1
"('324', '328', '324', '335', '324', '328', '335', '324')",1
"('328', '377', '377', '365', '328')",1
"('327', '442', '380', '445', '362', '327')",1
"('327', '292', '241', '327')",1
"('137', '140', '137')",1
"('136', '150', '959', '150', '136')",1
"('135', '281', '135')",1
"('135', '839', '135')",1
"('135', '32', '135')",1
"('135', '202', '135')",1
"('135', '50', '135', '50', '135')",1
"('142', '127', '142')",1
"('142', '32', '142')",1
"('142', '124', '142')",1
"('142', '205', '142')",1
"('142', '204', '142')",1
"('653', '724')",1
"('133', '859', '128', '128', '133')",1
"('133', '266', '127', '133')",1
"('148', '238', '66', '148', '')",1
"('149', '41', '127')",1
"('283', '274', '283')",1
"('282', '101', '201', '282', '283', '955', '281', '282')",1
"('282', '', '', '', '282')",1
"('286', '292', '160', '12', '286', '286', '286', '286')",1
"('291', '2129', '291')",1
"('274', '238', '', '274')",1
"('274', '252', '274')",1
"('276', '286', '276')",1
"('276', '260', '276')",1
"('273', '862', '273')",1
"('273', '546', '286', '273')",1
"('273', '235', '235', '266', '235', '235', '273')",1
"('273', '959', '273', '959', '273')",1
"('51', '2265', '51')",1
"('51', '179', '177', '179', '124', '51')",1
"('51', '908', '51', '292', '276', '262', '51')",1
"('51', '767', '66', '53', '51', '217', '51')",1
"('51', '250', '237', '109', '51')",1
"('52', '35', '52', '740', '52')",1
"('55', '642', '55')",1
"('57', '238', '292', '57')",1
"('58', '214', '58')",1
"('58', '835', '770', '770', '646', '659', '966', '966', '964', '835', '835', '835', '58')",1
"('58', '237', '239', '237', '58')",1
"('62', '136', '354', '62')",1
"('61', '714', '625', '716', '61')",1
"('65', '2023', '155', '65')",1
"('65', '235', '65', '41', '65')",1
"('733', '775', '66')",1
"('66', '737', '736', '25', '736', '737', '736', '66')",1
"('28', '241', '29', '28')",1
"('28', '743', '739', '724', '739', '28')",1
"('30', '40', '799', '30')",1
"('29', '740', '628', '29')",1
"('29', '81', '29')",1
"('30', '274', '30')",1
"('30', '960', '30')",1
"('33', '652', '33')",1
"('33', '827', '33')",1
"('34', '760', '34', '649', '34', '261', '34')",1
"('', '', '', '', '34', '740', '23', '34')",1
"('23', '206', '23', '22', '23', '36', '729', '23')",1
"('35', '32')",1
"('43', '181', '46', '111', '43')",1
"('43', '90', '703', '43', '261', '43')",1
"('46', '915', '46', '16', '46')",1
"('46', '1320', '46')",1
"('46', '909', '239', '46')",1
"('46', '738', '738', '740', '738', '11', '46')",1
"('49', '81', '81', '751', '787', '49', '842', '49')",1
"('49', '654', '48', '49')",1
"('43', '28', '34', '43', '49')",1
"('49', '21', '292', '49')",1
"('21', '731', '21')",1
"('21', '668', '21')",1
"('21', '1349', '1325', '1349', '21')",1
"('18', '1454', '18', '747', '18')",1
"('22', '22', '25', '22')",1
"('26', '108', '26', '26', '25', '26', '25', '25', '26')",1
"('105', '96', '35', '105')",1
"('733', '732', '27', '649', '27', '23', '27', '19', '27', '35', '27')",1
"('263', '346', '263')",1
"('27', '256', '125', '124', '125', '27')",1
"('27', '104', '27', '653', '27', '104', '27')",1
"('27', '1683', '27')",1
"('27', '354', '', '')",1
"('27', '383', '27')",1
"('11', '11', '303', '301', '306', '301', '241', '11', '633', '11', '11', '11')",1
"('92', '98', '885', '92')",1
"('92', '125', '92', '90', '92', '96', '92')",1
"('8', '26', '8')",1
"('8', '77', '77', '8', '877', '867', '8')",1
"('5', '876', '874', '5')",1
"('2', '2', '3', '7', '2', '706', '3', '2', '6', '1', '1', '2', '813', '705', '2')",1
"('5', '706', '5')",1
"('6', '704', '703', '6', '27', '26', '6', '706', '6')",1
"('4', '705', '4')",1
"('4', '655', '2', '4')",1
"('4', '2924', '4')",1
"('4', '7', '4', '733', '4')",1
"('4', '716', '716', '706', '4', '712', '4')",1
"('3', '703', '3')",1
"('2', '705', '3', '2', '708', '2')",1
"('2', '716', '712', '711', '2')",1
"('80', '71', '80')",1
"('84', '712', '712', '712', '711', '', '84')",1
"('87', '1002', '629', '1002', '87')",1
"('152', '400', '152')",1
"('151', '856', '151')",1
"('151', '152', '115', '151')",1
"('1379', '858', '152', '151')",1
"('153', '176', '728', '176', '153')",1
"('153', '235', '235', '205', '152', '153')",1
"('1943', '2117', '1943', '1934', '1943', '1934', '1943')",1
"('1364', '1324', '1325', '1364', '1293', '1293', '1366', '1364')",1
"('1374', '1372', '1387', '1374')",1
"('1365', '2513', '1365')",1
"('1378', '514', '478', '514', '1324', '1252', '1378', '465', '514', '1378')",1
"('1378', '399', '1378')",1
"('464', '1387', '464')",1
"('464', '466', '464', '1342', '1324', '464', '399', '464')",1
"('466', '354', '463', '466', '466')",1
"('466', '1421', '466', '733', '466')",1
"('2524', '565', '584')",1
"('584', '481', '584', '586', '584')",1
"('584', '520', '583', '586', '584')",1
"('585', '543', '585')",1
"('585', '583', '585', '718', '585', '583', '585')",1
"('585', '586', '', '', '585')",1
"('469', '469', '399', '472', '469')",1
"('1274', '1976', '1274', '1274')",1
"('1274', '2302', '1274', '1274', '1986', '1274')",1
"('1277', '1304', '1277', '1326', '1277')",1
"('1274', '1272', '1274')",1
"('1387', '398', '398', '398', '1387', '2024', '1387')",1
"('581', '1422', '581')",1
"('581', '2316', '581')",1
"('581', '399', '581')",1
"('581', '585', '580', '581', '579', '585', '581')",1
"('572', '505', '562', '572')",1
"('1281', '1272', '1281', '1322', '1272', '1274', '1281')",1
"('583', '519', '519', '519', '562', '583')",1
"('1384', '1383', '2146', '1811', '2146', '1325', '1384', '1320', '1384')",1
"('1386', '1335', '1301', '1292', '1325', '1386')",1
"('1160', '238', '47', '1160')",1
"('1160', '1108', '1186', '1160')",1
"('1166', '286', '951', '286', '1166')",1
"('1159', '1162', '1159', '', '1159')",1
"('1138', '', '1162', '1138')",1
"('1191', '842', '1191')",1
"('1141', '1220', '1141', '1121', '1129', '1177', '1177', '1141')",1
"('1170', '1199', '1170')",1
"('1173', '1120', '1128', '1128', '832', '835', '1173')",1
"('1194', '1198', '255', '1198', '1194')",1
"('1197', '769', '1197')",1
"('1197', '842', '1128', '1128', '1128', '1183', '1197')",1
"('1177', '1172', '1128', '1177', '842', '1177')",1
"('1175', '1177', '1175', '1106', '1175')",1
"('1172', '1128', '1128', '1128', '1172')",1
"('1175', '1220', '1175')",1
"('1176', '1207', '1176')",1
"('1198', '241', '1198')",1
"('1198', '1129', '1198', '1129', '1198')",1
"('1184', '1120', '1184')",1
"('1184', '941', '1184')",1
"('1187', '597', '1079', '1135', '1187')",1
"('1182', '758', '833', '839', '832', '839', '1182', '1128', '1121', '1128', '1182')",1
"('1182', '1176', '354', '1182', '848', '1182')",1
"('524', '512', '524')",1
"('522', '430', '433', '522')",1
"('525', '430', '438', '525', '519', '553', '519', '525')",1
"('526', '524', '526')",1
"('522', '500', '522')",1
"('522', '430', '529', '529', '529', '522', '524', '434', '522')",1
"('672', '672', '672', '673', '672')",1
"('1077', '841', '837', '841', '1077')",1
"('1124', '1220', '281', '1124')",1
"('1124', '1096', '1124', '1120', '1124')",1
"('1127', '1174', '1127', '1121', '1135', '1127')",1
"('1126', '1126', '1092', '1090', '1126', '1110', '1110', '1126', '1124', '1126')",1
"('1123', '1174', '1128', '1128', '1126', '1123', '1131', '1123')",1
"('1122', '1103', '920', '1122')",1
"('1122', '1123', '2538', '1122')",1
"('1129', '1220', '1165', '1220', '839', '836', '839')",1
"('1129', '772', '829', '1129')",1
"('1100', '1122', '1102', '1092', '1124', '1102', '1100', '1128', '1124', '1100')",1
"('1135', '1220', '1135')",1
"('1135', '1135', '1135')",1
"('1119', '1123', '1107', '1128', '1174', '1177', '1174', '1120', '1128', '1119')",1
"('1135', '1135')",1
"('1119', '1174', '1119')",1
"('1117', '651', '1117')",1
"('1130', '1130', '1108', '1130', '1130')",1
"('1130', '659', '1130')",1
"('1130', '1108', '1108', '1130', '1130')",1
"('1107', '1094', '1107')",1
"('1105', '1169', '1167', '1105')",1
"('1180', '1186', '1188', '1180')",1
"('1190', '1177', '1177', '1177', '1190', '59', '835', '1190')",1
"('1190', '303', '1199', '1190')",1
"('1171', '1120', '1121', '1128', '1186', '1171', '1181', '1171')",1
"('1181', '1108', '1108', '1128', '1181')",1
"('1130', '1132', '1130', '1120', '1130')",1
"('1130', '1128', '1206', '1130', '1128', '1130')",1
"('1130', '1130', '1174', '1171', '1177', '1130', '1120', '1130')",1
"('1131', '832', '772', '1131')",1
"('1195', '602', '1195')",1
"('1195', '1159', '221', '1167', '1186', '1195')",1
"('1192', '279', '1174', '1192')",1
"('1199', '1162', '', '1199', '1199', '1199', '1199', '276', '1199')",1
"('1326', '1326', '2129', '1279', '1326', '1326', '1326')",1
"('1326', '1326', '1280', '1326', '1326', '1326', '1326')",1
"('1326', '1285', '1326')",1
"('1326', '1268', '1326', '1336', '1326')",1
"('1328', '1992', '1328', '1304', '1328')",1
"('1329', '862', '1329')",1
"('661', '735', '661')",1
"('661', '664', '725', '664', '661')",1
"('663', '760', '663')",1
"('670', '666', '659', '658', '670', '661', '670')",1
"('670', '643', '670')",1
"('663', '660', '663')",1
"('669', '742', '669', '670', '669')",1
"('669', '', '', '', '490', '669')",1
"('640', '704', '703', '640', '13', '25', '646', '640')",1
"('640', '767', '640')",1
"('656', '1342', '656')",1
"('797', '308', '853', '308')",1
"('515', '506', '506', '515')",1
"('1086', '1128', '1103', '1094', '1086')",1
"('572', '513', '562', '572')",1
"('512', '', '512', '574', '512')",1
"('574', '469', '574', '574', '574')",1
"('1208', '1201', '1208', '1174', '1208')",1
"('1214', '1195', '1216', '1214')",1
"('1212', '159')",1
"('1215', '1128', '1209', '1215', '773', '832', '1215')",1
"('1217', '1197', '1218', '1197', '1216', '1217', '1197', '1197', '1218', '1197', '1197', '1217')",1
"('1217', '1216', '1124', '1177', '1216', '1217', '1207', '1217')",1
"('1217', '1217', '816', '1235', '816', '834', '1217', '1196', '1217', '1217')",1
"('1217', '1218', '1217')",1
"('1245', '1301')",1
"('1245', '1245', '119', '23', '1245')",1
"('1269', '1251', '1247', '1269')",1
"('1270', '208', '1270')",1
"('1247', '1248', '1270', '1247', '1247')",1
"('1242', '949', '932', '661', '1242')",1
"('1242', '1272', '1242', '1270', '1242')",1
"('1248', '1320', '1325', '1253', '1248')",1
"('1248', '1253', '1253', '1248', '1320', '490', '1248')",1
"('1335', '1336', '1249', '1250', '1247', '1250', '1293', '1301', '1249', '1252', '1249', '1324', '1324', '1249')",1
"('1249', '1249', '1249')",1
"('1249', '1249', '202', '1249', '1249')",1
"('1238', '398', '1311', '1238')",1
"('1255', '1250', '295', '1357', '1381', '1323', '1324', '1255', '1250', '1255')",1
"('1255', '354', '885', '354', '1301', '1255', '1326', '1255')",1
"('1242', '1265', '1245', '1242', '1265', '1242')",1
"('1250', '1235', '1259', '1235', '1250')",1
"('1268', '1245', '1257', '1245', '1268', '1320', '1268')",1
"('1265', '885', '1265', '256', '1248', '1265', '206', '1265')",1
"('1254', '2316', '1254')",1
"('1254', '1345', '380', '1342', '1254', '1259', '1254')",1
"('1264', '1253', '1253', '1253', '1264')",1
"('1268', '1293', '1268', '1293', '1268')",1
"('1259', '718', '1268', '1264', '1259')",1
"('1260', '398', '1260')",1
"('1351', '239', '1351')",1
"('1289', '1325', '1301', '1289')",1
"('1290', '872', '872', '872', '1292', '1292', '1290')",1
"('1285', '1284', '1380', '469', '1284')",1
"('1262', '1288', '3021', '1262', '1250', '1288')",1
"('1299', '1304', '1299')",1
"('1327', '335', '1327')",1
"('1300', '1251', '1300')",1
"('1285', '2542', '1285')",1
"('1285', '2107', '1285', '1292', '1284', '1285')",1
"('1285', '1257', '1252', '1285', '1301', '1293', '1285')",1
"('1285', '1285', '1274', '1285')",1
"('1285', '1261', '1285', '1285', '1285')",1
"('1328', '1304', '1320', '1277', '1328')",1
"('1296', '1279', '1325', '1296')",1
"('1318', '1382', '1381', '1324', '1322', '1333', '1339')",1
"('1318', '569', '1318')",1
"('1316', '1362', '208', '354', '1362', '1316')",1
"('1316', '1324', '1253', '1316', '1978', '1326', '1316', '1261', '1331', '1261', '1316')",1
"('1308', '1310', '1308', '1310', '1308', '1308', '1308', '1292', '', '', '', '', '1308')",1
"('1310', '1253', '1349', '1320', '1318', '1310')",1
"('1309', '1982', '1309', '354', '1309')",1
"('1317', '1253', '1317', '1320', '1317')",1
"('1334', '1310', '1334')",1
"('1319', '1320', '1319', '1322', '1262', '1319', '1325', '1325', '1319')",1
"('1330', '1330', '1301', '712', '1331', '1330')",1
"('1330', '1281', '1279', '1330', '1330', '1330')",1
"('1321', '238', '1324', '1321')",1
"('1338', '1339', '354', '1338', '1292', '1338')",1
"('1338', '2872', '2949', '1339', '1338')",1
"('1338', '1320', '1322', '1322', '1338', '1253', '1338')",1
"('1338', '2105', '1981', '1338')",1
"('1338', '1316', '1338')",1
"('1338', '39', '1316', '1338')",1
"('1112', '1110', '906', '1116', '1112')",1
"('1111', '1195', '1094', '1195', '1111', '1105', '1111')",1
"('1114', '1103', '1114')",1
"('1080', '1108', '1108', '1128', '1080', '1108', '1080', '1108', '1080')",1
"('1113', '1114', '1114', '1113')",1
"('1079', '1079', '1110', '1079', '1174', '1123', '1079')",1
"('1077', '1080', '660', '1077')",1
"('1023', '1002', '1003', '1025', '1023', '1029', '1062', '1029', '1023', '1023')",1
"('1023', '1017', '1013', '1011', '1023')",1
"('1023', '712', '712', '712', '1023')",1
"('1030', '1037', '2900', '2176', '2900', '1014', '1003', '1025', '1030')",1
"('1030', '1051', '808', '1051', '1030')",1
"('1028', '549', '1028')",1
"('1027', '2087', '1027')",1
"('1028', '1120', '1028', '738', '1028')",1
"('1031', '1031', '1031')",1
"('1099', '1135', '1099', '1181', '1099')",1
"('1097', '1128', '1102', '1101', '1097', '642', '665', '1097')",1
"('1097', '1092', '1097', '1092', '1092', '1097', '1092', '1081', '1099', '1092', '1097')",1
"('1097', '1101', '666', '667', '653', '96', '1097')",1
"('', '', '', '1096')",1
"('1097', '798', '1097', '1139', '1097')",1
"('1094', '1120', '1094')",1
"('587', '587', '590', '587')",1
"('490', '490', '490')",1
"('490', '316', '490')",1
"('490', '481', '490', '501', '490', '490', '481', '490')",1
"('503', '499', '503', '492', '503')",1
"('490', '480', '399', '399', '490', '484', '490')",1
"('490', '486', '488', '486', '490')",1
"('481', '', '490', '481')",1
"('484', '403', '484')",1
"('490', '332', '481', '490')",1
"('490', '490', '499', '490', '490')",1
"('490', '488', '490')",1
"('383', '1174', '1204', '383')",1
"('383', '', '383', '383', '383', '513', '383', '430', '383')",1
"('296', '384', '296')",1
"('378', '380', '378')",1
"('383', '203', '383')",1
"('373', '379', '832', '358', '373')",1
"('355', '386', '384', '355')",1
"('382', '367', '453', '382', '430', '435', '384', '367', '382', '440', '453', '382')",1
"('382', '442', '382')",1
"('383', '1763', '383')",1
"('378', '364', '378')",1
"('369', '369', '369', '359', '369', '355', '369')",1
"('361', '1362', '883', '1361', '874', '361', '360', '361')",1
"('419', '418', '419')",1
"('419', '356', '405', '510', '405', '355', '419')",1
"('414', '2578', '414', '429', '427')",1
"('357', '892', '367', '357', '379', '357')",1
"('419', '420', '442', '442', '419')",1
"('419', '359', '419')",1
"('419', '378', '419')",1
"('993', '676', '993')",1
"('991', '2894', '991', '2998', '991')",1
"('', '1004', '1003', '1003', '613', '1003', '1003', '1003', '')",1
"('993', '1016', '1019', '993')",1
"('984', '667', '738', '991', '984', '1011', '1003', '1012', '984')",1
"('1356', '1324', '1356', '1285', '1356', '204', '1356')",1
"('1359', '1320', '1359')",1
"('1359', '1318', '1322', '1382', '1381', '1359')",1
"('2013', '1356', '1356', '1313', '1356')",1
"('1361', '1361', '1326', '1279')",1
"('1361', '1349', '1348', '1361')",1
"('1361', '2093', '1674', '1361')",1
"('1344', '1345', '2383', '1345', '1344')",1
"('1361', '1336', '1361')",1
"('1361', '1292', '1292', '1292', '1361')",1
"('1344', '1356', '1344', '1318', '1320', '1336', '1311', '1344')",1
"('1361', '2270', '1361')",1
"('1342', '469', '399', '1342')",1
"('1343', '876', '1343')",1
"('1351', '1383', '1372', '1351')",1
"('1355', '807', '1355')",1
"('1355', '1622', '1355')",1
"('1360', '830', '1360', '1120', '')",1
"('401', '398', '401')",1
"('401', '562', '401')",1
"('400', '464', '1376', '464', '400', '400')",1
"('400', '402', '400')",1
"('400', '396', '400', '388', '399', '400', '399', '400', '400', '400')",1
"('400', '1320', '1322', '400')",1
"('401', '399', '399', '353', '401', '471', '401')",1
"('1358', '1361', '1320', '1358', '1356', '1355', '1358')",1
"('1357', '880', '1357')",1
"('1154', '1146', '1154')",1
"('1154', '1147', '1154')",1
"('1155', '1157', '1157', '1155')",1
"('1155', '1155', '1155', '1159', '1155')",1
"('1144', '', '1144', '1159', '1144')",1
"('1145', '1152', '1145')",1
"('1155', '1220', '1155')",1
"('1070', '591', '1070')",1
"('1073', '1069', '1069', '1073')",1
"('1203', '1206', '1203', '1208', '1203')",1
"('1202', '1197', '1200', '1202')",1
"('1114', '1217', '1128', '1130', '1114')",1
"('1114', '1174', '1179', '1114')",1
"('1205', '792', '202', '792', '1204', '1204', '1205')",1
"('1205', '842', '842', '1205')",1
"('1204', '839', '1204')",1
"('799', '770', '799', '798', '799', '799', '266', '799')",1
"('1116', '1119', '1116')",1
"('1116', '1128', '832', '1116', '1185', '1116')",1
"('648', '657', '648', '23', '648')",1
"('649', '346')",1
"('648', '616', '648', '653', '653', '648')",1
"('648', '904', '774', '667', '648', '834', '930', '904', '904', '648')",1
"('651', '641', '640', '641', '651')",1
"('665', '656', '665')",1
"('665', '658', '733', '657', '665', '108', '659', '665', '740', '665', '666', '740', '665')",1
"('665', '653', '658', '238', '115', '743', '665', '653', '665')",1
"('665', '743', '665', '660', '665')",1
"('660', '660', '660', '658', '660')",1
"('662', '667', '662')",1
"('641', '641', '216', '658', '640', '641')",1
"('640', '651', '651', '659', '658', '651', '640')",1
"('646', '680', '646')",1
"('645', '862', '645', '645', '645')",1
"('645', '657', '655', '645')",1
"('647', '104', '642', '647')",1
"('646', '658', '646')",1
"('643', '931', '930', '643', '643', '643')",1
"('643', '286', '286', '286', '643', '667', '643', '643', '643')",1
"('644', '660', '644', '644', '644')",1
"('654', '733', '654')",1
"('983', '1015', '983', '983', '983', '983')",1
"('984', '985', '986', '595', '984', '595', '984', '994', '984')",1
"('984', '605', '984', '1002', '1011', '1002', '1011', '984')",1
"('984', '991', '989', '984', '1025', '1028', '1025', '984', '992', '995', '984')",1
"('1233', '1250', '1250', '1250', '1233')",1
"('1233', '1231', '1233')",1
"('416', '413', '419', '358', '413', '416', '490', '416')",1
"('416', '106', '119', '106', '478', '416')",1
"('416', '442', '416')",1
"('606', '593', '666', '667', '667', '593', '606')",1
"('593', '658', '593', '658', '593')",1
"('1071', '643', '941', '745', '747', '655', '1071')",1
"('491', '469', '491', '399', '491')",1
"('483', '472', '483', '1439', '483')",1
"('483', '472', '483')",1
"('472', '484', '472')",1
"('472', '472', '472', '522', '472', '404', '472')",1
"('474', '475', '483', '474')",1
"('495', '', '495', '490', '495')",1
"('495', '415', '495', '492', '495')",1
"('496', '501', '504', '499', '504', '463', '504', '496', '2551', '2552', '496')",1
"('483', '495', '504', '2247', '523', '495')",1
"('495', '487', '499', '495', '492', '495')",1
"('492', '512', '492')",1
"('492', '2637', '2633', '492')",1
"('492', '510', '513', '513', '513', '513', '492')",1
"('492', '', '492')",1
"('500', '504', '500', '499', '490', '500')",1
"('500', '2551', '490', '500')",1
"('499', '493', '506', '521', '493')",1
"('493', '520', '493', '490', '493')",1
"('493', '524', '493')",1
"('501', '', '501', '501', '421', '354', '354', '')",1
"('497', '180', '497')",1
"('498', '499', '1771', '498')",1
"('500', '505', '500', '511', '490', '500', '2393', '500')",1
"('500', '490', '490', '1779', '537', '519', '501', '500')",1
"('500', '490', '1318', '1349', '2622', '500')",1
"('500', '2560', '500')",1
"('676', '641', '712', '676')",1
"('621', '705', '704', '616', '628', '621')",1
"('613', '630', '633', '630', '613', '613', '861', '613')",1
"('614', '613', '614', '613', '614')",1
"('636', '636', '636', '668', '636', '614', '717', '740', '735', '636')",1
"('710', '617', '710', '1322', '710')",1
"('685', '854', '685')",1
"('690', '617', '690', '684', '690')",1
"('690', '101', '690')",1
"('617', '216', '617')",1
"('619', '239', '995', '619')",1
"('619', '684', '641', '299', '619', '625', '619')",1
"('688', '278', '315', '76', '42', '143', '278', '399', '688')",1
"('683', '676', '683')",1
"('682', '712', '682', '25', '25', '189', '682')",1
"('594', '656', '200', '594')",1
"('594', '649', '660', '593', '594')",1
"('590', '189', '590')",1
"('440', '2630', '358', '440')",1
"('461', '')",1
"('440', '521', '510', '510', '440', '443', '444', '444', '440')",1
"('455', '625', '442', '459', '455', '461', '453', '455', '455', '455')",1
"('461', '444', '440', '461', '404', '399', '461')",1
"('445', '367', '356', '445')",1
"('446', '927', '444', '446')",1
"('444', '460', '444')",1
"('435', '433', '435')",1
"('446', '889', '446')",1
"('446', '460', '519', '446')",1
"('', '', '451')",1
"('456', '460')",1
"('456', '440', '387', '456')",1
"('455', '460', '455')",1
"('770', '')",1
"('770', '743', '770')",1
"('776', '835', '837', '793', '770', '770', '770', '776', '136', '776')",1
"('770', '744', '770', '834', '770', '836', '770', '770')",1
"('778', '238', '778')",1
"('771', '737', '656', '771')",1
"('771', '1207', '800', '771', '1207', '771', '1207', '771')",1
"('674', '266', '724', '674')",1
"('612', '608', '612', '612', '644', '644', '644', '643', '612', '593', '612')",1
"('611', '674', '855', '611', '674', '611', '612', '611')",1
"('603', '659', '1330', '603', '655', '671', '1016', '671', '603')",1
"('608', '655', '608')",1
"('610', '612', '608', '610')",1
"('609', '469', '609', '658', '609')",1
"('694', '472', '694', '688', '686', '694')",1
"('692', '', '2055', '2558', '469', '617', '692', '1235', '692')",1
"('701', '616')",1
"('702', '807', '702', '')",1
"('689', '725', '640', '689')",1
"('627', '219', '627')",1
"('618', '816', '618')",1
"('629', '633', '629', '629')",1
"('597', '1015', '597')",1
"('635', '740', '619', '635')",1
"('635', '633', '635', '646', '644', '653', '646', '891', '635')",1
"('597', '658', '597')",1
"('600', '1031', '600', '1031', '182', '600')",1
"('1429', '598', '207', '598')",1
"('630', '627', '628', '630')",1
"('618', '618', '618', '630', '613', '618')",1
"('618', '630', '618', '630', '618')",1
"('1024', '680', '1024', '619', '1024')",1
"('1024', '631', '633', '631', '1024', '1003', '1003', '1024')",1
"('505', '316', '505')",1
"('473', '499', '490', '473', '499', '473')",1
"('411', '490', '2527', '2627', '2527', '411')",1
"('473', '403', '370', '501', '490', '473')",1
"('391', '1301', '1268', '1381', '391')",1
"('410', '469', '410', '864', '867', '864', '410')",1
"('391', '469', '391', '214', '391', '408', '391', '394', '391')",1
"('473', '430', '473')",1
"('391', '469', '391')",1
"('389', '399', '400', '389', '399', '389')",1
"('394', '1310', '471', '394', '1320', '394')",1
"('391', '399', '391', '404', '449', '447', '391')",1
"('426', '430', '521', '426')",1
"('437', '430', '437', '433', '437', '430', '437', '430', '437')",1
"('434', '438', '434', '430', '434')",1
"('437', '1780', '433', '437')",1
"('436', '514', '1428', '424', '432', '436')",1
"('421', '428', '421')",1
"('432', '427', '377', '377', '432', '432', '535', '523', '432')",1
"('603', '671', '666', '603')",1
"('603', '671', '656', '')",1
"('603', '733', '660', '603')",1
"('596', '671', '658', '596')",1
"('1084', '1084', '1084')",1
"('1084', '237', '733', '1096', '1084')",1
"('1084', '1166', '1084')",1
"('1083', '674', '1083')",1
"('1084', '1114', '1084')",1
"('1084', '1163', '1084')",1
"('1083', '1120', '1083')",1
"('1087', '1413', '1087', '1087')",1
"('1067', '1072', '612', '612', '1067')",1
"('595', '595', '595', '653', '653', '595', '595', '595', '1003', '595')",1
"('1012', '1013', '1013', '1013', '1012', '1012')",1
"('1012', '1017', '1012', '983', '1002', '1012', '1017', '1012', '1002', '1012')",1
"('1017', '641', '641', '641', '1017', '1018', '1017')",1
"('1036', '1040', '1042', '1039', '1036')",1
"('1002', '680', '1002')",1
"('983', '2941', '982', '989', '983', '989', '983', '1306', '538', '513', '', '', '')",1
"('1030', '1057', '1599', '1030')",1
"('1026', '822', '1025', '1026')",1
"('1029', '816', '1029')",1
"('1029', '1029', '1000', '1000', '1011', '1013', '1029')",1
"('1004', '712', '983', '1003', '1004', '1011', '1004')",1
"('1004', '1013', '1603', '', '')",1
"('1002', '1015', '1002')",1
"('1003', '656', '1003', '1003', '1003')",1
"('1002', '1011', '625', '1002')",1
"('1011', '1002', '1013', '1011', '1002', '1002', '1013', '1011')",1
"('1005', '1014', '1002', '1002', '1005', '1003', '1003', '1003', '1005', '1011', '1000', '1005')",1
"('1000', '651', '1000')",1
"('974', '2922', '974')",1
"('1000', '1017', '1011', '1002', '1011', '1011', '1000')",1
"('979', '1003', '677', '855', '860', '979', '1001', '979', '971', '979')",1
"('1008', '1062', '1008')",1
"('1001', '627', '712', '721', '1001')",1
"('606', '593', '593', '606')",1
"('777', '739', '777', '835', '777')",1
"('841', '795', '773', '841', '933', '842', '842', '841')",1
"('1234', '1050', '1231', '352', '469', '1335', '352', '1234', '1253', '1234')",1
"('678', '899', '678')",1
"('691', '864', '805', '691')",1
"('212', '204', '268', '212')",1
"('220', '14', '208', '202', '220')",1
"('190', '203', '190')",1
"('226', '227', '226', '227', '309', '227', '226', '226', '227')",1
"('193', '2527', '2527', '193')",1
"('193', '193', '193')",1
"('220', '212', '208', '220', '218', '220')",1
"('222', '218', '222', '217', '220', '222')",1
"('650', '658', '650', '710', '650')",1
"('736', '808', '854', '808', '736')",1
"('272', '268', '242', '271', '272')",1
"('145', '901', '902', '902', '145', '901', '145')",1
"('139', '')",1
"('135', '834', '833', '769', '135', '649', '64', '56', '135', '56', '28', '135', '834', '135')",1
"('144', '209', '209', '211', '143', '144')",1
"('831', '109', '831')",1
"('831', '224', '831')",1
"('829', '654', '829')",1
"('827', '656', '827')",1
"('827', '759', '910', '757', '827')",1
"('84', '868', '81', '84')",1
"('80', '81', '198', '80', '734', '80')",1
"('80', '79', '80')",1
"('822', '625', '822')",1
"('801', '1292', '855', '801')",1
"('825', '77', '825')",1
"('852', '1252', '868', '852', '1268', '852')",1
"('820', '700', '859', '820')",1
"('811', '811', '825', '811', '861', '874', '811', '811', '625', '811', '825', '811', '872', '898', '900', '811')",1
"('825', '824', '825')",1
"('824', '336', '824')",1
"('811', '214', '861', '811')",1
"('801', '194', '81', '77', '801')",1
"('812', '703', '812', '703', '812')",1
"('813', '703', '225')",1
"('813', '1322', '1336', '692', '813')",1
"('813', '1015', '813')",1
"('812', '703', '635', '688', '302', '46', '812')",1
"('704', '13', '179', '634', '704')",1
"('699', '1230', '699', '699', '711', '699')",1
"('696', '812', '233', '238', '233', '712', '696')",1
"('803', '700', '725', '803')",1
"('814', '617', '814')",1
"('802', '703', '802')",1
"('814', '100', '814', '1051', '814')",1
"('715', '704', '715', '633', '715')",1
"('703', '655', '655', '605', '655', '667', '703')",1
"('711', '652', '666', '652', '711', '704', '711', '859', '711')",1
"('711', '711', '712', '711', '625', '711')",1
"('6', '706', '6', '706', '6', '')",1
"('4', '706', '4', '6', '4', '7', '4')",1
"('216', '11', '216')",1
"('9', '666', '9')",1
"('707', '77', '707')",1
"('708', '212', '708', '651', '725', '708')",1
"('707', '238', '244', '238', '238', '238', '238', '90', '711', '712', '707')",1
"('708', '13', '201', '707', '708')",1
"('15', '119', '15', '119', '15', '117', '117', '15')",1
"('15', '238')",1
"('15', '119', '117', '15')",1
"('17', '22', '17', '22', '17')",1
"('25', '23', '25')",1
"('27', '35', '35', '27', '649', '105', '27', '266', '266', '266', '27')",1
"('27', '18', '27', '26', '27')",1
"('26', '153', '124', '186', '124', '26', '25', '26')",1
"('26', '220', '', '220', '104', '26')",1
"('18', '26', '212', '18')",1
"('104', '106', '104', '852', '207', '104')",1
"('104', '656', '605', '656', '656', '104')",1
"('104', '203', '104')",1
"('108', '244', '108', '106', '724', '658', '244', '126', '310', '108')",1
"('21', '35', '21')",1
"('34', '811', '90', '31', '34', '823', '34', '34', '34')",1
"('23', '241', '23')",1
"('50', '748', '659', '50', '212', '50')",1
"('49', '282', '49')",1
"('156', '49', '214', '156', '49')",1
"('743', '670', '740', '740', '657', '670', '743')",1
"('720', '26', '23', '720', '737', '732', '720')",1
"('731', '119', '731')",1
"('732', '736', '732')",1
"('729', '1120', '729')",1
"('729', '656', '724', '729')",1
"('728', '1262', '728')",1
"('743', '361', '512', '513', '512', '742', '743')",1
"('743', '655', '658', '666', '743')",1
"('249', '245', '245', '128', '128', '249')",1
"('250', '243', '247', '47', '247', '250')",1
"('251', '710', '251')",1
"('247', '271', '247')",1
"('127', '176')",1
"('130', '50', '130')",1
"('63', '286', '63')",1
"('63', '376', '', '376', '63')",1
"('73', '96', '73')",1
"('75', '892', '75')",1
"('88', '271', '327', '271', '253', '238', '271', '88')",1
"('89', '262', '804', '89')",1
"('95', '90', '95')",1
"('8', '603', '8')",1
"('5', '716', '5')",1
"('77', '79', '115', '77')",1
"('93', '77', '93', '703', '93')",1
"('2', '2', '703', '5', '2', '2', '2')",1
"('2', '2', '2', '2', '2', '708', '2', '2', '2')",1
"('1', '1')",1
"('93', '101', '93')",1
"('165', '165', '165')",1
"('103', '854', '103')",1
"('70', '96', '70')",1
"('236', '187', '101', '187', '236')",1
"('182', '1371', '182')",1
"('178', '219', '', '1392', '178')",1
"('179', '178', '179', '239', '242', '239', '256', '179')",1
"('179', '714', '709', '179', '106', '731', '179')",1
"('183', '241', '183')",1
"('183', '182', '183', '733', '183')",1
"('112', '887', '112')",1
"('38', '219', '180', '332', '111', '38')",1
"('122', '1411', '122')",1
"('121', '253', '121')",1
"('118', '220', '117', '118')",1
"('118', '119', '11', '119', '118')",1
"('116', '126', '731', '126', '116', '126', '117', '116')",1
"('15', '25', '292', '15')",1
"('15', '725', '667', '724', '15', '106', '15', '288', '15')",1
"('18', '106', '204', '206', '204', '18')",1
"('964', '950', '964', '946', '964', '')",1
"('963', '956', '834', '963')",1
"('843', '910', '839', '843', '949', '843')",1
"('844', '834', '844', '758', '844', '778', '770', '834', '844')",1
"('912', '912', '912')",1
"('839', '834', '835', '839')",1
"('911', '910', '832', '911')",1
"('921', '913', '921')",1
"('918', '918', '918')",1
"('918', '918', '917', '918', '917', '918', '918', '918')",1
"('918', '834', '839', '921', '918', '919', '918')",1
"('928', '', '2528', '928')",1
"('928', '927', '735', '725', '735', '927', '851', '928')",1
"('930', '927', '930')",1
"('907', '921', '920', '907')",1
"('926', '921', '1357', '959', '926', '907', '933', '921', '907', '926')",1
"('929', '918', '929')",1
"('930', '772', '918', '921', '928', '930', '930', '930', '922', '932', '930')",1
"('923', '836', '923')",1
"('924', '830', '950', '924')",1
"('922', '230', '209', '230', '922')",1
"('917', '917', '917', '47', '910', '917')",1
"('953', '290', '288', '953')",1
"('955', '733', '754', '726', '910', '910', '955')",1
"('668', '952')",1
"('936', '938', '832', '936')",1
"('955', '934', '955', '934', '955', '963', '965', '949', '286', '286', '955')",1
"('957', '959', '141', '77', '141', '957')",1
"('956', '938', '', '', '', '', '', '')",1
"('950', '766', '950', '950', '946', '950', '949', '941', '420', '950')",1
"('950', '938', '950')",1
"('946', '292', '950', '946', '958', '946')",1
"('944', '942', '944')",1
"('944', '943', '943', '944', '833', '759', '944')",1
"('958', '949', '958', '958', '958')",1
"('950', '950', '947')",1
"('947', '281', '947')",1
"('238', '267', '840', '238', '286', '938')",1
"('238', '244', '938', '961', '938', '238', '292', '238', '238', '938')",1
"('192', '194', '192', '194', '102', '192')",1
"('268', '264', '269', '268')",1
"('260', '286', '2612', '2614', '2612', '260')",1
"('262', '839', '267', '262')",1
"('270', '739', '270')",1
"('262', '259', '262', '259', '262')",1
"('257', '492', '257', '286', '257')",1
"('284', '267', '284')",1
"('274', '1418', '274')",1
"('282', '292', '282')",1
"('274', '200', '274')",1
"('281', '959', '281')",1
"('274', '276', '274')",1
"('291', '228', '291', '275', '291')",1
"('291', '238', '286', '286', '291')",1
"('274', '235', '274')",1
"('276', '286', '261', '286', '276', '286', '276')",1
"('263', '276', '834', '286', '276', '801', '276')",1
"('273', '656', '286', '273')",1
"('275', '214', '216', '214', '275', '262', '275')",1
"('273', '273', '262', '257', '273')",1
"('276', '2316', '2380', '276')",1
"('937', '941', '937')",1
"('937', '911', '937')",1
"('949', '940', '949')",1
"('324', '315', '324')",1
"('324', '134', '324', '379', '324')",1
"('323', '323', '322', '323', '323')",1
"('322', '886', '322')",1
"('315', '186', '315')",1
"('327', '377', '332', '327')",1
"('315', '208', '127', '208', '315')",1
"('332', '332', '332', '332', '332')",1
"('450', '433', '523', '522', '433', '522', '450')",1
"('327', '315', '327')",1
"('381', '885', '381')",1
"('899', '1253', '1253', '894', '899')",1
"('895', '888', '895')",1
"('894', '193', '894')",1
"('899', '1234', '899')",1
"('892', '733', '724', '654', '892')",1
"('894', '478', '413', '478', '478', '425', '442', '433', '432', '894')",1
"('894', '888', '892', '892', '894')",1
"('733', '888')",1
"('889', '1061', '889')",1
"('887', '335', '887', '378', '377', '887')",1
"('888', '198', '889', '888')",1
"('884', '1292', '1268', '884', '875', '874', '874', '884')",1
"('868', '159', '868', '343', '868')",1
"('868', '737', '1292', '868')",1
"('884', '875', '883', '884', '', '884', '107')",1
"('884', '868', '884', '1321', '1322', '884', '868', '1292', '884', '1321', '884')",1
"('869', '855', '869')",1
"('869', '715', '869')",1
"('869', '2911', '2902', '1266', '869')",1
"('883', '619', '883', '879', '883')",1
"('881', '866', '881', '883', '881')",1
"('', '', '866', '883', '883', '866')",1
"('867', '947', '867')",1
"('865', '872', '872', '881', '882', '865')",1
"('865', '1342', '868', '865')",1
"('875', '1439', '1418', '1682', '875')",1
"('874', '877', '1353', '874')",1
"('875', '868', '875', '883')",1
"('875', '872', '875', '857', '875', '894', '875')",1
"('875', '883', '1324', '1268', '882', '875', '864', '853', '875')",1
"('871', '875', '871', '1253', '1293', '871')",1
"('881', '881', '881', '881', '881')",1
"('880', '872', '866', '1268', '1264', '880')",1
"('878', '1284', '1245', '868', '878')",1
"('878', '119', '881', '867', '878')",1
"('880', '853', '880', '874', '880')",1
"('877', '876', '877', '874', '864', '221', '221', '', '221', '877')",1
"('878', '625', '864', '882', '878', '867', '853', '878')",1
"('157', '871', '871', '879', '157')",1
"('2587', '158', '378', '158', '2260', '158')",1
"('160', '207', '160')",1
"('163', '202', '163')",1
"('160', '11', '160', '1268', '855', '160')",1
"('160', '101', '160', '121', '160')",1
"('159', '159', '101', '159', '399', '159')",1
"('153', '295', '159', '165', '158', '152', '151', '153', '80', '153')",1
"('294', '617', '624', '617', '702', '294')",1
"('879', '869', '879')",1
"('899', '303', '899', '303', '899')",1
"('318', '890', '115', '318')",1
"('312', '352', '312', '312', '312', '304', '312')",1
"('319', '890', '319', '319', '319', '887', '319', '338', '319')",1
"('226', '227', '226', '312', '309', '226')",1
"('307', '469', '346', '346', '346', '469', '471', '354', '346', '307', '286', '312', '307', '306', '307')",1
"('227', '1423', '227', '222', '256', '227')",1
"('310', '1101', '1101', '1096', '1101', '1101', '216', '310')",1
"('311', '306', '311', '311', '311', '311', '311', '306', '311', '890', '311', '235', '311')",1
"('311', '311', '208', '310', '310', '311', '208', '311', '311')",1
"('311', '312', '312', '311')",1
"('309', '651', '309')",1
"('309', '235', '309')",1
"('265', '276', '265', '235', '265', '262', '260', '265', '235', '265')",1
"('261', '266', '261')",1
"('265', '275', '265')",1
"('266', '350', '266')",1
"('66', '860', '861', '744', '1140', '66')",1
"('66', '757', '66', '66', '745', '66')",1
"('66', '66', '66')",1
"('789', '721', '789')",1
"('790', '789', '834', '790', '789', '790')",1
"('787', '780', '787', '757', '757', '787', '780', '787')",1
"('781', '737', '762', '781')",1
"('781', '666', '781')",1
"('790', '746', '790')",1
"('766', '780', '719', '96', '780', '766')",1
"('115', '61', '752')",1
"('752', '885', '752')",1
"('762', '1319', '762')",1
"('766', '765', '766', '840', '766')",1
"('758', '757', '782', '758', '653', '758', '780', '758')",1
"('767', '767', '767')",1
"('769', '738', '745', '769')",1
"('775', '704', '716', '775')",1
"('773', '673', '773')",1
"('783', '785', '862', '766', '783')",1
"('795', '780')",1
"('794', '11', '784', '794')",1
"('795', '656', '764', '795', '773', '795')",1
"('784', '784', '784', '735', '780', '784', '721', '784')",1
"('784', '963', '62', '793', '780', '784', '963', '832', '793', '784')",1
"('784', '733', '784')",1
"('791', '839', '759', '791')",1
"('759', '354', '759')",1
"('828', '826', '770', '828')",1
"('759', '106', '759')",1
"('758', '266', '286', '758')",1
"('828', '286', '1622', '238', '286', '828')",1
"('172', '268', '902')",1
"('836', '397', '908', '836')",1
"('830', '830', '830')",1
"('903', '919', '759', '910', '903')",1
"('902', '840', '902')",1
"('838', '836', '838', '777', '838')",1
"('839', '244', '839', '908', '839')",1
"('28', '841', '28')",1
"('28', '136', '28')",1
"('30', '3061', '3061', '766', '757', '766', '833', '30')",1
"('43', '855', '43')",1
"('42', '221', '42')",1
"('30', '124', '764', '30')",1
"('63', '65', '63')",1
"('33', '733', '740', '33')",1
"('748', '748', '742', '742', '748')",1
"('748', '746', '744', '746', '748')",1
"('743', '724', '743', '731', '743')",1
"('743', '204', '743')",1
"('861', '1262', '861')",1
"('703', '862')",1
"('861', '416', '892', '295', '696', '861', '859', '861')",1
"('861', '1330', '861')",1
"('805', '706', '805', '706', '854', '712', '805')",1
"('721', '721', '207', '230', '656', '721')",1
"('721', '744', '721')",1
"('738', '765', '504', '519', '504', '765', '738')",1
"('738', '731', '738', '23', '738')",1
"('738', '816', '738', '22', '738')",1
"('738', '292', '738')",1
"('738', '746', '916', '738')",1
"('738', '736', '764', '738')",1
"('739', '218', '723', '725', '739')",1
"('554', '419', '1393', '1391', '1389', '554', '510', '554')",1
"('512', '520', '510', '512', '516', '512', '520', '512')",1
"('554', '543', '519', '543', '554')",1
"('512', '1435', '512')",1
"('544', '2313', '544')",1
"('544', '552', '544', '536', '544')",1
"('521', '540', '521', '368', '521')",1
"('537', '1622', '537')",1
"('537', '354', '537', '537', '537', '534', '537')",1
"('509', '519', '519', '509')",1
"('509', '900', '509')",1
"('509', '506', '2526', '509', '510', '557', '559', '547', '510', '509')",1
"('509', '733', '490', '509')",1
"('536', '1811', '536')",1
"('509', '513', '509')",1
"('519', '506', '519', '513', '519')",1
"('519', '24', '1197', '519')",1
"('1389', '1388', '180', '220', '180', '519', '1390', '1389')",1
"('552', '562', '552')",1
"('552', '546', '552', '', '')",1
"('', '558', '513', '558')",1
"('554', '549', '554', '535', '513', '513', '554')",1
"('549', '549', '549')",1
"('560', '560', '560', '547', '560', '513', '556', '513', '518', '354', '560', '560')",1
"('559', '2619', '559', '559', '559')",1
"('546', '519', '519', '546')",1
"('546', '544', '546')",1
"('546', '2618', '2618', '519', '546')",1
"('2056', '2046', '546')",1
"('546', '214', '546')",1
"('532', '540', '522', '532')",1
"('532', '510', '532')",1
"('532', '531', '531', '442', '442', '430', '430', '433', '524', '532')",1
"('532', '419', '532', '399', '532')",1
"('531', '', '', '', '', '', '', '', '')",1
"('531', '522', '1442', '522', '433', '531')",1
"('531', '364', '531')",1
"('533', '1308', '533', '520', '533')",1
"('533', '545', '')",1
"('', '', '', '', '1388', '')",1
"('1394', '1393', '1394', '1389', '1390', '1394')",1
"('1395', '', '', '1395')",1
"('', '', '', '', '1395', '', '', '', '', '', '')",1
"('1395', '1395', '1388', '', '', '', '1395')",1
"('', '2190', '899', '')",1
"('1392', '1390', '1392', '513', '1392')",1
"('1392', '1388', '1392', '1388', '1388', '1390', '1391', '1392')",1
"('1389', '1388', '1389')",1
"('', '2912', '2823', '2915', '2872', '2822', '')",1
"('2814', '1892', '2001', '576', '1904', '1892', '', '', '', '')",1
"('', '2899', '2921', '2920', '2920', '2920', '2920', '', '', '')",1
"('1230', '1238', '2119', '1230')",1
"('1229', '1042', '1042', '1229')",1
"('1229', '1227', '2264')",1
"('', '', '2911', '', '')",1
"('2865', '', '', '')",1
"('', '', '', '', '', '', '', '', '', '', '', '', '', '', '', '', '', '', '', '')",1
"('', '2913', '2915', '2902', '')",1
"('', '', '', '1828', '1866', '', '')",1
"('', '2920', '')",1
"('', '', '', '1043', '2905', '', '', '')",1
"('', '2913', '2913', '')",1
"('', '', '', '1222', '1222', '1222', '1222')",1
"('1222', '1224', '1224', '1222', '1222', '1224', '1224', '1222')",1
"('1038', '1050', '1038', '1043', '1038')",1
"('', '2805', '')",1
"('1049', '2617', '1049')",1
"('1061', '2185', '1061')",1
"('1051', '399', '1051')",1
"('1051', '1047', '1051')",1
"('1048', '1017', '1048')",1
"('1050', '1054', '1054', '1062', '1054', '1062', '1053', '1050', '686', '1050')",1
"('', '492', '1048')",1
"('1056', '1057', '1057', '1056')",1
"('1055', '1055', '1055')",1
"('1052', '469', '1054', '1052')",1
"('1053', '1054', '1054', '1063', '1023', '1053', '1062', '1053')",1
"('1054', '101', '1054')",1
"('1054', '1062', '1054')",1
"('1053', '1030', '1062', '1053')",1
"('1062', '1902', '1054', '1053', '1057', '1062')",1
"('1062', '1322', '1336', '1335', '1322', '1062')",1
"('1062', '1054', '1062', '1062')",1
"('1055', '1057', '1057', '1055', '236', '267', '1114', '1055')",1
"('1062', '1062', '1042', '1062')",1
"('1062', '1056', '1062', '1062', '1053', '1056', '1062')",1
"('1062', '1244', '1342')",1
"('1051', '2002', '', '1051')",1
"('969', '969', '969', '974', '969')",1
"('977', '2973', '977')",1
"('1238', '1278', '1280', '1229', '1238', '1238', '1238', '1229', '1230', '1238', '1230', '1238', '1292', '1247', '1238')",1
"('1046', '1899', '1899', '1046')",1
"('', '', '461')",1
"('', '377', '969', '1013', '979', '969')",1
"('', '', '531', '378')",1
"('', '1150', '1163', '', '')",1
"('', '', '1219', '1190', '', '')",1
"('', '778', '', '')",1
"('', '1146', '', '1123', '1128', '1128', '1128', '1174', '')",1
"('', '380', '', '')",1
"('', '1219', '')",1
"('', '', '1220', '1220', '1220', '1220', '1220', '1219', '1220', '1220', '1220', '', '', '', '', '')",1
"('', '', '', '2920', '350')",1
"('', '238')",1
"('572', '512', '562', '565', '572')",1
"('2181', '2176', '2181', '496')",1
"('493', '493', '2244', '493', '490', '493')",1
"('501', '521', '556', '490', '501')",1
"('500', '1388', '500')",1
"('498', '478', '498', '504', '498')",1
"('498', '484', '498')",1
"('499', '501', '499')",1
"('554', '541', '543', '554', '543', '554')",1
"('558', '398', '558')",1
"('559', '520', '512', '559', '544', '559')",1
"('586', '580', '586', '563', '586')",1
"('382', '382', '316', '384', '382', '382', '382', '449', '382')",1
"('453', '383', '522', '459', '383', '453')",1
"('384', '364', '361', '379', '361', '384', '384')",1
"('384', '428', '512', '384')",1
"('384', '442', '358', '384')",1
"('384', '892', '384', '365', '384')",1
"('384', '419', '384')",1
"('384', '409', '384')",1
"('384', '1362', '412', '384', '384', '384')",1
"('386', '372', '346', '386', '949', '386')",1
"('355', '358', '2062', '355')",1
"('448', '448', '357', '367', '357')",1
"('413', '430', '413', '556', '413')",1
"('414', '2308', '413', '414')",1
"('414', '330', '414', '404', '413', '358', '358', '414')",1
"('414', '343', '404', '414')",1
"('412', '378', '372', '412')",1
"('412', '1478', '412')",1
"('455', '459', '455')",1
"('456', '', '', '562', '456')",1
"('452', '433', '358', '452')",1
"('396', '2024', '396', '399', '396')",1
"('411', '387', '411')",1
"('490', '469', '490')",1
"('490', '469', '490', '499', '490')",1
"('483', '346', '483')",1
"('479', '356', '404', '479', '469', '479')",1
"('332', '404', '332')",1
"('332', '335', '332', '335', '332', '367', '332')",1
"('332', '362', '332', '368', '332', '333', '332')",1
"('332', '365', '332')",1
"('332', '892', '332')",1
"('332', '842', '333', '332')",1
"('332', '378', '332', '378', '332', '332')",1
"('332', '332', '335', '368', '335', '367', '332')",1
"('332', '214', '2395', '332')",1
"('332', '200')",1
"('332', '335', '376', '379', '379', '365', '365', '332')",1
"('', '', '360', '336')",1
"('336', '384', '336', '334', '336')",1
"('335', '309', '335')",1
"('335', '379', '378', '335', '356', '335')",1
"('338', '326', '338')",1
"('340', '2316', '340', '364', '399', '340')",1
"('360', '360', '360')",1
"('360', '378', '510', '361', '360')",1
"('361', '419', '361')",1
"('361', '', '', '', '')",1
"('362', '378', '362')",1
"('367', '330', '367')",1
"('1320', '1322', '1320', '368', '384', '358', '368')",1
"('374', '383', '374')",1
"('502', '409', '502', '490', '502', '519', '502')",1
"('503', '503', '504', '503', '495', '503')",1
"('871', '872', '771', '871')",1
"('871', '872', '871', '868', '871', '115', '871')",1
"('875', '238', '875', '1262', '875', '876', '875', '238')",1
"('246', '875', '238')",1
"('876', '287', '876', '899', '872', '872', '876')",1
"('876', '')",1
"('877', '877', '877', '882', '877')",1
"('883', '875', '883')",1
"('883', '883', '883', '212', '206', '212', '883', '876', '883')",1
"('852', '776', '797', '776', '852')",1
"('68', '402', '74', '68')",1
"('858', '737', '729', '858')",1
"('858', '1320', '879', '158', '858', '853', '858')",1
"('884', '885', '884')",1
"('869', '868', '869')",1
"('865', '1372', '865')",1
"('865', '854', '865', '864', '865', '856', '865', '816', '882', '865', '854', '865', '865', '864', '865', '816', '864', '865')",1
"('865', '865', '865')",1
"('865', '1420', '865')",1
"('865', '859', '860', '865')",1
"('867', '237', '237', '867')",1
"('865', '1250', '882', '865', '866', '204', '865')",1
"('864', '235', '864', '1230', '1279', '1236', '1279', '1236', '1230', '1236', '864')",1
"('864', '680', '864')",1
"('864', '854', '1292', '1324', '868', '864')",1
"('864', '2600', '864')",1
"('677', '1274', '1982', '1274', '677')",1
"('676', '1301', '1054', '676', '1054', '676', '1054', '676')",1
"('810', '346', '1292', '810')",1
"('810', '658', '810')",1
"('811', '864', '910', '811', '2265', '811')",1
"('807', '654', '807')",1
"('802', '804', '354', '802')",1
"('803', '1418', '803')",1
"('803', '694', '803')",1
"('803', '627', '803')",1
"('822', '625', '625', '859', '822')",1
"('818', '1982', '818')",1
"('818', '854', '818', '860', '818')",1
"('817', '1292', '817')",1
"('692', '1600', '692')",1
"('686', '1764', '686')",1
"('686', '694', '694', '686')",1
"('690', '688', '690')",1
"('685', '667', '685')",1
"('696', '469', '879', '696')",1
"('696', '616', '680', '696')",1
"('696', '680', '696', '699', '1933', '696', '699', '696')",1
"('696', '668', '696')",1
"('696', '709', '13', '179', '709', '696')",1
"('696', '1', '696')",1
"('814', '703', '814')",1
"('824', '13', '824')",1
"('705', '105', '126', '235', '705')",1
"('707', '703', '703', '707')",1
"('709', '706', '709')",1
"('710', '652', '640', '710')",1
"('711', '624', '688', '224', '624', '703', '711')",1
"('713', '233', '624', '713')",1
"('712', '350', '689', '712', '712')",1
"('712', '613', '712')",1
"('614', '618', '1028', '973', '1028', '625', '624', '614')",1
"('614', '616', '614', '712', '614')",1
"('614', '682', '681', '614')",1
"('614', '628', '628', '614', '77', '620', '614', '628', '628', '614')",1
"('621', '312', '621')",1
"('621', '', '469', '624', '621')",1
"('621', '816', '633', '621')",1
"('621', '703', '621')",1
"('622', '599', '622')",1
"('622', '627', '622')",1
"('631', '627', '631')",1
"('631', '703')",1
"('631', '625', '712', '597', '631')",1
"('632', '686', '625', '686', '632')",1
"('632', '633', '11', '712', '633', '632')",1
"('630', '628', '628', '490', '633', '633', '633', '630')",1
"('629', '624', '629')",1
"('628', '2604', '2613', '904', '628')",1
"('633', '238', '633', '633')",1
"('662', '652', '662')",1
"('642', '666', '642', '667', '642')",1
"('642', '651', '25', '642', '651', '642')",1
"('607', '733', '671', '671', '671', '671', '607')",1
"('674', '1253', '674')",1
"('675', '32')",1
"('774', '43', '745', '773', '774')",1
"('795', '918', '795')",1
"('795', '1167', '795')",1
"('770', '292', '1361', '770')",1
"('780', '216', '277', '780', '749', '780')",1
"('789', '901', '842', '789', '831', '789')",1
"('950', '1779', '950')",1
"('934', '934', '934', '940', '934')",1
"('954', '368', '954')",1
"('591', '593', '591')",1
"('952', '906', '952')",1
"('956', '917', '959', '956', '945', '941', '952', '956')",1
"('955', '2526', '955')",1
"('955', '85', '955')",1
"('959', '')",1
"('955', '950', '956', '952', '955')",1
"('956', '911', '1200', '951', '956')",1
"('954', '740', '956')",1
"('935', '948', '935', '951', '935')",1
"('937', '926', '937', '835', '842', '937', '792', '937')",1
"('938', '266', '938')",1
"('942', '943', '602', '942', '257', '942')",1
"('942', '942', '286', '', '', '942')",1
"('942', '432', '427', '432', '942')",1
"('945', '942', '945', '938', '950', '950', '940', '945', '960', '952', '945')",1
"('945', '920', '211', '945')",1
"('945', '213', '945')",1
"('947', '942', '942', '947')",1
"('947', '946', '945', '947', '947')",1
"('947', '653', '947', '947', '947')",1
"('947', '950', '658', '643', '643', '658', '833', '832', '947')",1
"('947', '942', '901', '942', '947')",1
"('886', '904', '886')",1
"('888', '868', '895', '892', '888', '295', '339', '888')",1
"('888', '469', '888')",1
"('888', '318', '888', '889', '888')",1
"('892', '892', '892', '377', '892')",1
"('891', '296', '891')",1
"('891', '780', '780', '780', '891')",1
"('894', '297', '894')",1
"('894', '891', '894')",1
"('896', '542', '896')",1
"('757', '730', '743', '769', '757', '757', '757')",1
"('828', '1301', '828')",1
"('839', '1125', '839')",1
"('839', '906', '839', '950', '952', '950', '963', '964', '839')",1
"('838', '32', '838')",1
"('838', '829', '838')",1
"('838', '903', '921', '926', '796', '838')",1
"('838', '839', '238', '838', '910', '910', '838')",1
"('838', '916', '799', '838', '799', '838', '959', '937', '916', '911', '916', '911', '838')",1
"('836', '894', '883', '794', '836')",1
"('830', '2751', '910', '830')",1
"('831', '759', '831')",1
"('399', '831')",1
"('831', '826', '831', '244', '239', '244', '244', '244', '903', '903', '903', '903', '831')",1
"('831', '800', '831', '1245', '831')",1
"('831', '1200', '839', '910', '831')",1
"('831', '910', '831')",1
"('831', '902', '902', '831', '722', '831')",1
"('831', '903', '910', '911', '833', '840', '831')",1
"('831', '910', '908', '831')",1
"('831', '469', '831', '836', '831')",1
"('831', '787', '831')",1
"('901', '906', '830', '830', '833', '901')",1
"('904', '232', '904')",1
"('918', '910', '918', '918', '918')",1
"('918', '618', '616', '918', '773', '918')",1
"('920', '929', '920')",1
"('921', '945', '910', '921')",1
"('921', '907', '', '921')",1
"('924', '287', '924')",1
"('924', '64', '918', '921', '924')",1
"('923', '918', '923')",1
"('923', '933', '923')",1
"('923', '224', '221', '921', '923')",1
"('923', '642', '2996', '642', '940', '923')",1
"('923', '925', '216', '923')",1
"('928', '921', '928', '920', '921', '928', '922', '832', '835', '835', '928')",1
"('929', '929', '929', '766', '929', '929', '929')",1
"('932', '949', '959', '949', '932')",1
"('907', '915', '907')",1
"('835', '907')",1
"('911', '795', '776', '911', '911', '835', '797', '776', '795', '911')",1
"('914', '292', '914')",1
"('933', '933', '933')",1
"('916', '787', '916')",1
"('915', '838', '915', '851', '915')",1
"('848', '911', '927', '848')",1
"('962', '1207', '962')",1
"('965', '964', '965', '965', '965')",1
"('960', '952', '940', '950', '949', '960')",1
"('962', '950', '962', '733', '764', '910', '962')",1
"('962', '960', '376', '375', '376', '283', '962')",1
"('743', '96', '743')",1
"('743', '729', '731', '743')",1
"('743', '238', '743', '742', '743', '740', '743')",1
"('743', '727', '745', '717', '743')",1
"('743', '2024', '2024', '2023', '2024', '2024', '2024', '2023', '2024', '2023', '743')",1
"('743', '738', '743')",1
"('743', '731', '743', '740', '743', '740', '743', '745', '743')",1
"('743', '719', '')",1
"('743', '740', '727', '725', '308', '101', '308', '309', '308', '653', '743')",1
"('750', '748', '751', '750')",1
"('750', '747', '745', '750')",1
"('750', '750', '750')",1
"('926', '292', '911', '926')",1
"('926', '834', '926')",1
"('681', '787', '840', '681')",1
"('', '1414', '1429', '')",1
"('', '', '', '1397', '1397', '1397', '', '', '')",1
"('', '1394', '', '1394', '', '', '')",1
"('', '353', '')",1
"('', '2612', '1377', '2612', '')",1
"('1023', '1015', '1003', '1015', '1018', '1028', '1023')",1
"('1026', '839', '1026', '1013', '1013', '1026')",1
"('1046', '1050', '1053')",1
"('1054', '338', '347', '343', '891', '338', '343', '1054')",1
"('1062', '1063', '1369', '1063', '1062')",1
"('1061', '1231', '1061')",1
"('1061', '1336', '1061', '1065', '1061')",1
"('1061', '1061', '1061', '1061')",1
"('989', '985', '986', '989', '1003', '989')",1
"('988', '986', '2982', '3000', '3000', '3000', '3000', '2998', '3052', '988')",1
"('1000', '1002', '1000')",1
"('1000', '1001', '1002', '1000', '1001', '1000', '1003', '1000')",1
"('1003', '882', '1003', '1003')",1
"('1005', '1013', '354', '', '', '')",1
"('1017', '995', '1017')",1
"('995', '994', '992', '995', '995', '994', '995')",1
"('993', '1002', '1003', '1003', '1003', '1003', '1003', '994', '993')",1
"('976', '971', '976')",1
"('976', '976', '976', '2837', '976')",1
"('1046', '506', '1046')",1
"('', '', '', '', '202', '', '', '')",1
"('', '', '1195', '', '', '', '', '')",1
"('', '1176', '1173', '')",1
"('', '1174', '1128', '1121', '1108', '')",1
"('', '', '1167', '1220', '', '1144', '', '')",1
"('', '1176', '1128', '1128', '1128', '1128', '')",1
"('', '1192', '1121', '')",1
"('', '1086', '', '1086', '')",1
"('', '', '1159', '', '', '')",1
"('', '1166', '')",1
"('3064', '3064', '3064')",1
"('', '189', '', '')",1
"('', '531')",1
"('1897', '1897', '1897')",1
"('1188', '915', '911', '915', '1188')",1
"('1189', '277', '839')",1
"('1182', '1181', '1101', '1182')",1
"('1181', '1186', '1181', '1121', '1181')",1
"('1184', '', '', '', '', '', '')",1
"('1185', '1121', '1185', '1121', '1185')",1
"('1177', '1154')",1
"('1175', '1076', '1207', '1175', '1174', '1174', '1175')",1
"('1207', '1181', '1169', '1207', '800', '1207')",1
"('1207', '727', '1207')",1
"('1210', '1218', '1210')",1
"('1202', '1204', '737', '737', '725', '737', '1202')",1
"('1203', '1204', '1203', '1174', '1203')",1
"('1204', '1220', '1204')",1
"('1205', '816', '1205')",1
"('1212', '1126', '1174', '1212')",1
"('1216', '1161', '1161', '1159', '1186', '1216')",1
"('1216', '1213', '1216')",1
"('1216', '1218', '1194', '1176', '1216', '1218', '1216')",1
"('1216', '1201', '908', '1216')",1
"('1216', '1176', '1216', '1218', '1216', '1218', '1216')",1
"('1217', '1220', '1217')",1
"('1217', '1157', '1141', '1217')",1
"('1192', '1207', '1121', '1192')",1
"('1192', '1157')",1
"('1195', '100', '1195')",1
"('1195', '1174', '1128', '1195')",1
"('1195', '1178', '1195')",1
"('1195', '1207', '1195', '1195', '1195')",1
"('1191', '1085', '1191', '1199', '1191', '1148', '1191')",1
"('1197', '800', '1197')",1
"('1198', '350', '779', '1198', '1216', '1198')",1
"('1192', '1195', '1220', '1192', '1167', '1192')",1
"('1198', '1197', '1198', '834', '1198')",1
"('1198', '1128', '1196', '1198')",1
"('1198', '469', '1198')",1
"('1198', '1141', '1198')",1
"('1198', '65', '1198')",1
"('1199', '1197', '1199')",1
"('1199', '1177', '1199', '1186', '1186', '1186', '1120', '1199')",1
"('1199', '1170', '1199')",1
"('1199', '649', '1199')",1
"('1199', '667', '995', '667', '1199')",1
"('1199', '1177', '1108', '1144', '1146', '1199', '1186', '1199', '1199', '1186')",1
"('1168', '1121', '1168')",1
"('1156', '1164', '1156')",1
"('1159', '799', '1157', '1159')",1
"('1162', '1157', '1114', '1186', '1121', '1186', '1167', '1166', '1159', '1162', '1167', '1157', '1162')",1
"('1164', '1164', '1164', '1164', '1164', '1157', '1164')",1
"('1107', '1094', '1107', '1108', '1107')",1
"('1108', '826', '1108', '1108', '1108', '1108', '1108', '772', '58', '772', '1108')",1
"('1105', '1108', '1126')",1
"('1108', '657', '1111', '1108')",1
"('238', '1092', '238')",1
"('1101', '1101', '1101', '1103', '1101')",1
"('1100', '1206', '1100')",1
"('1114', '1114', '1121', '1102', '1128', '1114', '1114')",1
"('1114', '1180', '1174', '1180', '1177', '1114')",1
"('1114', '721', '1114', '1186', '1114')",1
"('1129', '1135', '1129')",1
"('1128', '1180', '1128', '1128', '1174', '1128')",1
"('1117', '1129', '1128', '1117', '1146', '1117', '1183', '1117')",1
"('1118', '1108', '1120', '1118')",1
"('1117', '1128', '1128', '1117')",1
"('1123', '1220', '1220', '1220', '1123', '1174', '1123')",1
"('1137', '1120', '1130', '1137')",1
"('1120', '1128', '', '1120', '1121', '1079', '1120')",1
"('1125', '1128', '1128', '1135', '1186', '1220', '1167', '1125')",1
"('1077', '280', '1114', '1077')",1
"('612', '658', '1077')",1
"('1073', '666', '1067', '1073')",1
"('1076', '1101', '1097', '1128', '1076')",1
"('1072', '244', '1072', '1092', '1072')",1
"('1072', '1072', '1072', '1072', '1072')",1
"('1083', '1081', '1083')",1
"('1149', '1147', '1146', '1220', '1157', '1149')",1
"('1152', '1146', '1152')",1
"('1155', '1128', '1128', '1155')",1
"('1154', '736', '735', '736', '1154')",1
"('1154', '1191', '1137', '834', '1157', '1154', '1146', '1154', '1191', '1154', '1149', '1154')",1
"('1154', '1162', '1220', '1144', '1144', '1154')",1
"('1220', '1195', '1220')",1
"('1220', '1167', '1220', '1220', '1220', '1220', '1220')",1
"('1344', '1292', '1344')",1
"('1353', '885', '1353', '1292', '1353')",1
"('1361', '1326', '1361')",1
"('1259', '1259', '1259', '1259', '1259', '2612', '1259')",1
"('1285', '1285', '1285', '2583', '2583', '1285', '1281', '1285', '1285', '1285', '1285')",1
"('1285', '1683', '1304', '1318', '1285')",1
"('1312', '1322', '1312', '1301', '1312', '1314', '1312')",1
"('1318', '398', '1318')",1
"('', '1316', '1292', '1316', '1311', '1316')",1
"('1320', '1320', '1322', '1320')",1
"('1341', '1274', '2264', '1341')",1
"('1365', '1276', '2299', '1365', '1325', '1365', '1369', '1365', '1304', '1365')",1
"('1130', '202', '1130')",1
"('', '', '', '203', '212', '14', '212')",1
"('193', '365', '332', '379', '321', '')",1
"('1024', '1022', '1007', '1024')",1
"('', '1388', '234', '256', '256', '234', '')",1
"('', '1394', '', '')",1
"('', '212', '', '')",1
"('', '2825', '2907', '2906', '')",1
"('', '', '', '2972', '', '', '', '')",1
"('', '2902', '2916', '')",1
"('', '', '2128', '', '', '')",1
"('', '2835', '2835', '2835', '', '', '', '')",1
"('', '2921', '', '')",1
"('', '2894', '2872', '2894', '2916', '')",1
"('', '', '2839', '', '', '', '', '')",1
"('', '2915', '', '', '', '', '2910', '2911', '')",1
"('', '', '2906', '')",1
"('', '', '2611', '', '', '', '')",1
"('1281', '')",1
"('', '2903', '2919', '2920', '2899', '2919', '2920', '2902', '2920', '')",1
"('', '2911', '2805', '')",1
"('', '2914', '')",1
"('', '200', '1389', '1390', '')",1
"('', '', '', '', '', '', '', '', '', '', '', '', '', '', '', '', '', '')",1
"('', '873')",1
"('1229', '764', '744', '754', '')",1
"('460', '1382', '469', '425', '460')",1
"('', '1394')",1
"('', '', '1186', '1146', '')",1
"('259', '309', '309', '309', '259')",1
"('262', '220', '262')",1
"('262', '', '262', '276', '262')",1
"('262', '239', '262', '235', '262')",1
"('261', '262', '261', '262', '261')",1
"('261', '238', '261')",1
"('261', '238', '628', '261')",1
"('265', '267', '235', '265', '222', '265', '222', '265')",1
"('265', '262', '262', '257', '262', '262', '265')",1
"('264', '203', '264')",1
"('263', '180', '263')",1
"('263', '206', '263')",1
"('263', '286', '263', '266', '263')",1
"('263', '352', '263')",1
"('267', '267', '267')",1
"('266', '156', '266')",1
"('266', '240', '266', '266', '266', '260', '266', '266', '266')",1
"('267', '267', '260', '267', '', '267')",1
"('232', '723', '232')",1
"('208', '733', '916', '208')",1
"('268', '1359', '268')",1
"('268', '291', '269', '268')",1
"('270', '204', '204', '204', '310', '270', '262', '270')",1
"('270', '225', '104', '270', '262', '260', '270')",1
"('240', '959', '1320', '240')",1
"('239', '238', '216', '239')",1
"('239', '244', '239')",1
"('272', '220', '272', '213', '272')",1
"('966', '271', '966')",1
"('127', '220', '220', '220', '220', '127')",1
"('127', '254', '53', '140', '145', '127', '254', '131', '127', '19', '127')",1
"('128', '27', '128')",1
"('247', '148', '247', '281', '247', '949', '247')",1
"('243', '252', '243', '252', '252', '184', '252', '243')",1
"('39', '40', '39')",1
"('39', '842', '767', '16', '39', '126', '39')",1
"('41', '256', '41')",1
"('41', '100', '41')",1
"('40', '256', '109', '111', '48', '40')",1
"('40', '745', '745', '745', '744', '22', '40')",1
"('38', '118', '206', '38')",1
"('113', '704', '113', '112', '113')",1
"('113', '111')",1
"('113', '114', '239', '242', '273', '260', '113')",1
"('253', '58', '253')",1
"('217', '540', '217')",1
"('220', '26', '26', '220')",1
"('222', '')",1
"('221', '2316')",1
"('15', '119', '15', '239', '107', '105', '15')",1
"('116', '117', '116')",1
"('117', '767', '117')",1
"('308', '658', '267', '117')",1
"('117', '119', '115', '117', '117')",1
"('122', '602', '724', '122')",1
"('256', '1778', '256')",1
"('126', '126', '126', '286', '286', '40', '111', '40', '126')",1
"('126', '124', '124', '124', '126')",1
"('126', '238', '119', '117', '126')",1
"('176', '199', '176', '201', '354', '176')",1
"('104', '703', '706', '104')",1
"('104', '728', '104')",1
"('104', '106', '104')",1
"('105', '106', '106', '658', '105')",1
"('104', '40', '104')",1
"('106', '115', '106', '658', '720', '106')",1
"('106', '225', '106')",1
"('105', '1438', '1682', '105')",1
"('107', '106', '107', '104', '107')",1
"('107', '104', '107')",1
"('108', '875', '108', '35', '724', '108')",1
"('14', '106', '14', '222', '26', '14')",1
"('179', '11', '719', '179', '178', '179')",1
"('219', '198', '179')",1
"('184', '183', '184', '183', '184')",1
"('101', '862', '859', '101')",1
"('165', '200', '165', '165')",1
"('165', '168', '165', '109', '165')",1
"('68', '294', '160', '294', '68')",1
"('69', '60', '69')",1
"('74', '703', '864', '74')",1
"('75', '216', '92', '75')",1
"('76', '77', '712', '703', '704', '76')",1
"('91', '90', '91')",1
"('90', '73', '74', '90')",1
"('185', '295', '185')",1
"('187', '128', '131', '187')",1
"('187', '101', '187')",1
"('167', '11', '167')",1
"('169', '169', '169', '169', '169')",1
"('169', '86', '169', '165', '165', '169', '868', '882', '86', '169')",1
"('158', '161', '294', '882', '879', '152', '158')",1
"('158', '882', '158')",1
"('157', '186', '157', '856', '157')",1
"('189', '854', '189', '77', '189')",1
"('180', '220', '180', '220', '236', '180')",1
"('', '141', '127', '223')",1
"('191', '167', '301', '191')",1
"('197', '1301', '197')",1
"('197', '163', '197')",1
"('172', '342', '172')",1
"('161', '160', '879', '161')",1
"('305', '205', '204', '205', '305')",1
"('306', '216', '306')",1
"('306', '198', '891', '892', '198', '306', '227', '306')",1
"('307', '305', '307')",1
"('308', '312', '308', '307', '256', '256', '308')",1
"('309', '312', '309', '841', '851', '841', '309', '309', '309')",1
"('309', '656', '656', '656', '656', '306', '309')",1
"('310', '319', '310', '319', '208', '310')",1
"('310', '213', '310')",1
"('311', '216', '216', '311')",1
"('311', '1220', '311', '312', '311')",1
"('311', '111', '40', '111', '40', '105', '106', '311')",1
"('312', '312', '312')",1
"('312', '339', '341', '339', '312')",1
"('312', '310', '202', '310', '312', '312', '306', '312')",1
"('315', '101', '315')",1
"('319', '319', '2268', '319')",1
"('297', '297', '888', '297', '298', '297')",1
"('324', '361', '324')",1
"('304', '138', '255', '138')",1
"('139', '258', '276', '139', '146', '', '', '139')",1
"('142', '128', '142')",1
"('142', '132', '142', '62', '142', '132', '142')",1
"('142', '1362', '142', '206')",1
"('92', '142', '142', '142')",1
"('145', '148', '145')",1
"('132', '893', '69', '73', '61', '132')",1
"('148', '952', '950', '950', '148')",1
"('283', '942', '283', '1321', '283')",1
"('283', '1302', '283')",1
"('283', '1175', '1183', '1176', '283')",1
"('284', '201', '280', '201', '284')",1
"('288', '938', '218', '288', '938', '288')",1
"('288', '292', '292', '257', '292', '288')",1
"('274', '1207', '274', '257', '274')",1
"('276', '275', '266', '275', '276')",1
"('276', '260', '108', '276', '104', '104', '276')",1
"('49', '656', '49')",1
"('275', '257', '275', '257', '275', '258', '275')",1
"('275', '1363', '1322', '275')",1
"('52', '145', '626', '52')",1
"('52', '118', '52')",1
"('52', '260', '52')",1
"('53', '107', '53')",1
"('53', '759', '53')",1
"('53', '127', '53', '330', '53')",1
"('53', '53', '54', '53')",1
"('53', '752', '53')",1
"('53', '41', '53')",1
"('54', '713', '54')",1
"('54', '32', '54', '59', '834', '835', '759', '59', '54', '122', '54')",1
"('54', '760', '760', '54')",1
"('54', '37', '54')",1
"('224', '57')",1
"('57', '292', '238', '57')",1
"('56', '310', '312', '56')",1
"('60', '26', '25', '60', '26', '60', '773', '60')",1
"('60', '839', '60')",1
"('59', '760', '760', '59', '96')",1
"('773', '775', '773')",1
"('59', '652', '759', '59')",1
"('62', '767', '759', '62', '766', '757', '62')",1
"('62', '764', '62', '1220', '62')",1
"('62', '244', '615', '624', '62')",1
"('65', '25', '25', '25', '25', '65')",1
"('63', '11', '63')",1
"('67', '910', '67')",1
"('64', '122', '65', '64')",1
"('66', '656', '66', '767', '66')",1
"('66', '954', '950', '66')",1
"('28', '754', '28', '81', '242', '28')",1
"('28', '729', '28', '764', '28')",1
"('28', '32', '28', '745', '767', '28')",1
"('30', '253', '30')",1
"('31', '904', '31')",1
"('29', '616')",1
"('29', '666', '29')",1
"('29', '111', '740', '29')",1
"('30', '30', '30', '745', '667', '30', '30', '30', '74', '30')",1
"('30', '745', '754', '30')",1
"('30', '31', '30', '31', '30')",1
"('33', '32', '201', '126', '201', '33')",1
"('32', '733', '36', '32')",1
"('32', '656', '655', '656', '32')",1
"('34', '35', '34')",1
"('36', '30')",1
"('36', '34', '731', '36', '110', '65', '36')",1
"('35', '725', '35')",1
"('42', '745', '42')",1
"('42', '853', '42')",1
"('49', '46', '49')",1
"('21', '120', '311', '306', '120', '21')",1
"('20', '46', '20')",1
"('20', '119', '20')",1
"('20', '235', '235', '235', '220', '20')",1
"('20', '26', '711', '105', '105', '20', '27', '20')",1
"('23', '126', '23', '18', '23')",1
"('22', '733', '22', '737', '719', '22', '719', '22')",1
"('26', '13', '26')",1
"('25', '206', '2676', '206', '25')",1
"('25', '340', '25', '108', '25', '11', '25')",1
"('27', '25', '649', '724', '105', '27')",1
"('26', '105', '26', '11', '106', '26')",1
"('26', '728', '26', '27', '26')",1
"('26', '214', '26')",1
"('11', '220', '536', '536', '11', '11', '11', '11')",1
"('9', '633', '9', '649', '9')",1
"('', '854', '859', '')",1
"('8', '12', '81', '8')",1
"('8', '704')",1
"('4', '34', '4')",1
"('3', '2', '77', '3', '716', '3', '4', '3')",1
"('3', '703', '3', '709', '3')",1
"('2', '703', '703', '2', '703', '2')",1
"('1', '813', '1', '708', '1')",1
"('1', '238', '1')",1
"('1', '715', '1')",1
"('83', '704', '83', '378', '335', '801', '83')",1
"('82', '859', '82', '210', '82')",1
"('152', '469', '152')",1
"('151', '34', '36', '804', '151')",1
"('151', '1216', '151', '1216')",1
"('151', '80', '945', '80', '151', '801', '151')",1
"('151', '869', '256', '879', '151', '160', '151')",1
"('878', '2982', '867', '878')",1
"('156', '82', '156', '82', '156')",1
"('1475', '', '1475')",1
"('2702', '2682', '2702')",1
"('2132', '2147', '2132')",1
"('', '2146', '')",1
"('2765', '2756', '2765')",1
"('2119', '2093', '2128', '2087', '2093', '2119')",1
"('1621', '1611', '1617', '1621')",1
"('2024', '1622', '2024', '2024', '1622', '2024')",1
"('2062', '1995', '2021', '1995', '2062', '2037', '2062')",1
"('407', '399', '399', '364', '407', '404', '358', '481', '404', '404', '407', '358', '404', '407')",1
"('2894', '2920', '2920', '2911', '2900', '2900', '2894')",1
"('', '2630', '2631', '2547', '2551', '2630', '')",1
"('2016', '2018', '2016', '2017', '2016', '1783', '2016')",1
"('475', '469', '475', '469', '475')",1
"('2918', '2915', '2918')",1
"('2161', '2280', '2334', '2161')",1
"('1902', '1903', '1938', '1903', '1902', '1903', '1902')",1
"('1627', '1630', '1627')",1
"('1784', '1773', '1784', '1772', '1784')",1
"('2056', '2102', '2056')",1
"('2007', '1766', '2007')",1
"('1446', '1447', '1454', '1437', '1454', '1584', '1446')",1
"('1891', '1918', '1891', '1982', '1891')",1
"('', '1474', '1436', '1474', '', '', '')",1
"('1898', '1494', '1898')",1
"('2823', '2064', '2823')",1
"('2036', '2064', '2064', '2064', '2036', '2036')",1
"('1912', '2085', '2086', '2085', '1912')",1
"('', '1779', '', '')",1
"('2104', '2102', '2104')",1
"('2062', '2122', '2062', '2086', '2062')",1
"('2176', '', '', '2176')",1
"('2403', '1620', '2403')",1
"('408', '469', '408')",1
"('2829', '2917', '2829')",1
"('2051', '2131', '2037', '2037', '2051')",1
"('384', '352', '459', '384')",1
"('', '', '1783', '1418', '', '')",1
"('2037', '2062', '2037', '')",1
"('2065', '2065', '2065', '2054', '2065', '2062', '2102', '2062', '2041', '2065', '2057', '2065', '2065', '2060', '2065')",1
"('', '', '1611', '', '')",1
"('2019', '1774', '1424', '2019', '2024', '2019')",1
"('491', '1766', '1763', '1766', '491', '484', '491')",1
"('1065', '204', '812', '684', '712', '812', '126', '17', '118', '1065')",1
"('993', '', '993')",1
"('1545', '1438', '1437', '1438', '1545')",1
"('2904', '2903', '2904', '2905', '1827', '1880', '2902', '2904', '2828', '2908', '2904')",1
"('2568', '2301', '2568')",1
"('1926', '1926', '1926', '1844', '1897', '1844', '1926')",1
"('2037', '1498', '209', '2037')",1
"('1939', '1920', '2116', '2123', '2118', '2117', '2117', '2117', '2091', '2091', '1943', '1939', '1939')",1
"('2087', '1428', '2087')",1
"('1825', '1799', '1825', '1622', '1870', '1825', '1867', '1825')",1
"('1967', '1585', '1967')",1
"('2622', '1622', '2622')",1
"('2281', '2327', '2281')",1
"('1903', '1953', '1939', '1939', '1939', '1939', '1953', '1903')",1
"('', '2117', '', '')",1
"('2103', '2103', '2103', '2100', '2063', '2103')",1
"('1424', '1422', '1424')",1
"('2585', '1660', '2301', '2585')",1
"('1937', '2088', '2090', '1937')",1
"('355', '384', '440', '355')",1
"('557', '', '')",1
"('2159', '1801', '1800', '2159', '1806', '2159')",1
"('', '1773', '', '', '', '')",1
"('1940', '1948', '1940', '1940', '1940')",1
"('2024', '2018', '2316', '2024', '1421', '2024')",1
"('1440', '', '', '', '', '', '', '')",1
"('1831', '1866', '1866', '1831')",1
"('1298', '1324', '1298', '1304', '1298')",1
"('1372', '1373', '1372')",1
"('495', '1385', '495', '504', '495')",1
"('1525', '1659', '1560', '1525')",1
"('2155', '1811', '2155', '2127', '2155')",1
"('1542', '1774', '1542', '1583', '1542')",1
"('2353', '2374', '2372', '2378', '2353')",1
"('1687', '', '', '1687')",1
"('', '1481', '', '')",1
"('1551', '1439', '1427', '1587', '1551')",1
"('404', '692', '404', '357', '404')",1
"('561', '572', '562', '574', '562', '561', '572', '561')",1
"('1590', '1583', '', '1590')",1
"('2009', '1422', '2009')",1
"('1230', '1046', '1046', '1046', '1224', '1230')",1
"('1588', '1430', '1421', '1430', '1588', '1588', '1588')",1
"('2614', '2623', '2614')",1
"('2918', '2923', '2918', '2923', '2918', '2918', '2918')",1
"('1476', '1444', '1443', '1444', '1577', '1476')",1
"('1642', '1554', '1642')",1
"('1902', '1978', '1978', '1902')",1
"('1505', '1503', '1505', '2069', '1505')",1
"('1676', '1464', '1676')",1
"('1310', '347', '343', '1310', '1335', '1322', '876', '1310')",1
"('', '991', '991', '')",1
"('2028', '1891', '1867', '1975', '1986', '1975', '2916', '2911', '1975')",1
"('1704', '1627', '1704', '1683', '1704')",1
"('1701', '1751', '1701')",1
"('1694', '1681', '1682', '1694')",1
"('2518', '2413', '2502', '2518')",1
"('1649', '1623', '1560', '1623', '1649', '2023', '2024', '1649')",1
"('1764', '1764', '1448', '1764')",1
"('2108', '2099', '1462', '1464', '2051', '2090', '2108', '2117', '2108')",1
"('', '', '2388', '', '')",1
"('', '2486', '2487', '', '', '', '')",1
"('2021', '1500', '2021')",1
"('499', '481', '880', '499')",1
"('1567', '1439', '1432', '1432', '1567')",1
"('1914', '1811', '2140', '1914', '1914')",1
"('1551', '1459', '1459', '1459', '1551')",1
"('1897', '2920', '2845', '1335', '1897')",1
"('1946', '1548', '1946')",1
"('2018', '1437', '2018')",1
"('530', '', '530')",1
"('2150', '1850', '1812', '2150')",1
"('2072', '1960', '1958', '2072', '2072')",1
"('2064', '2062', '2002', '2064', '2062', '2036', '2064')",1
"('2003', '1461', '1423', '2003')",1
"('2338', '2372', '2378', '2372', '2338')",1
"('1905', '1978', '1905')",1
"('1695', '1695', '1699', '1695')",1
"('1031', '2917', '1031')",1
"('2087', '2077', '2087')",1
"('1810', '2159', '1812', '1810')",1
"('2093', '2032', '2069', '2032')",1
"('', '', '', '1622', '')",1
"('2032', '2036', '2032', '2102', '2102', '2089', '2037', '2062', '2086', '2089', '2032')",1
"('2377', '2304', '2293', '2377')",1
"('2911', '1787', '2911')",1
"('990', '3000', '2989', '3012', '3006', '990')",1
"('451', '459', '451')",1
"('1684', '1768', '1684', '1679', '1678', '1678', '1677', '1684')",1
"('', '', '1682', '1595', '1682', '')",1
"('2911', '2117', '2911')",1
"('2025', '915', '2025', '2025', '2025')",1
"('1448', '', '', '', '1448')",1
"('', '', '', '', '2192', '')",1
"('', '2102', '1419', '')",1
"('557', '430', '430', '557')",1
"('2003', '2063', '1960', '2003', '2000', '2003')",1
"('', '2568', '')",1
"('1427', '2070', '354', '')",1
"('1704', '1429', '1428', '1428', '1429', '1704')",1
"('1922', '1922', '1922', '1926', '1811', '1885', '1884', '1922', '1926', '1922')",1
"('2115', '2023', '2024', '2023', '2115', '2114', '2115')",1
"('2278', '2283', '', '2278')",1
"('2064', '2037', '', '2064')",1
"('1983', '1272', '26', '1983', '2601', '1983')",1
"('2081', '2077', '2081', '2037', '2081')",1
"('2006', '1682', '1682', '2023', '2006')",1
"('2159', '2155', '2124', '2122', '2155', '2159')",1
"('1984', '1982', '1984', '1985', '1986', '1985', '1982', '1984')",1
"('359', '377', '359')",1
"('2077', '1960', '2077')",1
"('2359', '1682', '2020', '2359')",1
"('2371', '1600', '2342', '2371')",1
"('1952', '1438', '1438', '1952')",1
"('', '', '1807', '1789', '', '')",1
"('1648', '1578', '1648', '2020', '1648')",1
"('1523', '1621', '1523', '1621', '1523')",1
"('2067', '2102', '2064', '1438', '2064', '2067')",1
"('1560', '2062', '2037', '2062', '1560', '1560')",1
"('2019', '2021', '2019', '1443', '1437', '1443', '1443', '1443', '1443', '1443', '2019')",1
"('', '1454', '', '')",1
"('503', '490', '499', '490', '490', '503', '542', '503')",1
"('1905', '', '1905')",1
"('2126', '2125', '2126')",1
"('2899', '2894', '2899')",1
"('', '', '', '', '1695', '1765', '', '', '', '')",1
"('1774', '1968', '1774')",1
"('2239', '2175', '2249', '2751', '2239')",1
"('1687', '', '', '', '', '1687')",1
"('', '2063', '', '', '', '', '', '', '1775', '1599', '2063', '2062', '1599', '', '', '', '')",1
"('2512', '2512', '2512')",1
"('2315', '2552', '2552', '2552')",1
"('494', '494', '360', '478', '494', '494')",1
"('1678', '1478', '1678', '1678', '1678')",1
"('2087', '1973', '1991', '2087')",1
"('2621', '2064', '2621')",1
"('2923', '1003', '803', '2920', '803')",1
"('2038', '1957', '1947', '2033', '2037', '2038')",1
"('2919', '2911', '2919', '2914', '2899', '2920', '2919', '2916', '2911', '2920', '2919')",1
"('1994', '1995', '1994', '1991', '1994', '1301', '1985', '1301', '1994')",1
"('1269', '1252', '1245', '1269')",1
"('2084', '2134', '1919', '2135', '2134', '1920', '2082', '2084')",1
"('2512', '2518', '2511', '2511', '2512')",1
"('1602', '2353', '1603', '1602', '', '1602')",1
"('418', '1436', '418')",1
"('', '2062', '', '', '', '')",1
"('1966', '1496', '1966')",1
"('1962', '2882', '1962')",1
"('1273', '1264', '1273')",1
"('1587', '1585', '1587', '1776', '1587')",1
"('', '', '1422', '1425', '1422', '1579')",1
"('2925', '2872', '2925')",1
"('410', '1481', '481', '410', '484', '410')",1
"('1706', '1410', '1706', '1678', '1706')",1
"('1331', '1301', '1331', '1330', '1331')",1
"('2100', '2091', '2090', '2100', '2086', '2100')",1
"('2833', '', '2833')",1
"('1939', '1939', '1939', '1943', '1939', '1948', '1939', '2134', '1943', '1944', '1939')",1
"('521', '513', '521')",1
"('447', '435', '447', '513', '510', '447', '435', '447')",1
"('1828', '1831', '1828')",1
"('1873', '1828', '1873')",1
"('412', '420', '442', '415')",1
"('2089', '2091', '2089')",1
"('1579', '1577', '1579', '1553', '1579')",1
"('', '244', '')",1
"('536', '891', '853', '891', '341', '891', '893', '891', '536', '524', '536', '536')",1
"('', '', '1432', '1432', '1432', '1432', '', '1428', '')",1
"('2168', '2085', '2168')",1
"('2150', '2150', '2150', '2150', '2150')",1
"('1449', '1448', '1449', '', '1449')",1
"('476', '490', '490', '476', '492', '476')",1
"('2024', '2006', '2024')",1
"('1560', '1560', '1560', '2805')",1
"('1057', '1031', '1057', '1057')",1
"('2119', '2129', '2124', '2119')",1
"('1545', '2064', '2062', '2064', '1545')",1
"('2182', '2216', '2182')",1
"('2100', '2099', '2111', '1420', '1429', '1420', '2086', '2100')",1
"('1512', '', '')",1
"('1806', '519', '575', '1806')",1
"('', '533', '519', '513', '533', '')",1
"('', '2907', '', '', '')",1
"('1543', '1479', '1441', '1543')",1
"('2202', '2174', '2202')",1
"('1450', '1448', '1450')",1
"('2079', '2031', '2069', '2079')",1
"('1910', '2921', '1911')",1
"('1886', '1889', '1919', '1435', '1889', '1886')",1
"('1505', '1437', '1505')",1
"('2024', '')",1
"('2895', '2894', '2895')",1
"('1055', '629', '1055')",1
"('1577', '1414', '1581', '1577')",1
"('1479', '1549', '1549', '1549', '1503', '1479')",1
"('', '1274', '1274', '1274', '')",1
"('', '2247', '2751', '', '')",1
"('2281', '1362', '2281', '1362', '2281')",1
"('1893', '2293', '1893', '878', '1893')",1
"('2084', '2084', '2084', '2086', '2084')",1
"('2826', '2908', '2899', '2822', '2903', '2826')",1
"('1547', '1411', '1547')",1
"('427', '394', '427')",1
"('1987', '', '1987')",1
"('1671', '1425', '1428', '1425', '1671')",1
"('1573', '1579', '1446', '1445', '1579', '1573')",1
"('2881', '2906', '2920', '2881', '1042', '2881')",1
"('1758', '465', '465', '462', '399', '399', '399', '1758')",1
"('2518', '2491', '2536', '2521', '2431', '2518', '2521', '2518')",1
"('2084', '1272', '2084')",1
"('2600', '469', '469', '2600')",1
"('', '2630', '876', '')",1
"('1980', '1899', '1980')",1
"('1813', '1994', '1813', '1804', '1813')",1
"('2326', '1625', '1619', '2326')",1
"('567', '521', '567')",1
"('', '585', '')",1
"('2382', '2486', '2382')",1
"('1810', '1497', '1810')",1
"('2158', '1807', '2146', '1811', '2158', '1807', '1806', '2158', '2146', '1806', '2158')",1
"('2914', '2905', '2914', '2908', '2914')",1
"('1387', '1383', '193', '1383', '1387')",1
"('1505', '1534', '1505', '1505', '1505', '1504', '1505', '1505', '1505', '1534', '1505')",1
"('2064', '', '', '', '2064', '2064')",1
"('1537', '1499', '2042', '1537', '1538', '1537')",1
"('', '', '2742', '')",1
"('2119', '1866', '2119')",1
"('2527', '1541', '2527')",1
"('2871', '2872', '2871', '2920', '2920', '2871')",1
"('1515', '1624', '1649', '1515', '2039', '1465', '2039', '1515')",1
"('2488', '2463', '2484', '2486', '2486', '2488')",1
"('', '', '1767', '', '')",1
"('2850', '2906', '2921', '2920', '2949', '2854', '2850')",1
"('1900', '1902', '1900')",1
"('', '1494', '1464', '1461', '')",1
"('2537', '2537', '2581', '2814', '2916', '2915', '2823', '2823', '2814', '2537', '2525', '2537', '2537', '2537')",1
"('2102', '531', '2102')",1
"('', '', '', '513', '', '1697', '', '', '')",1
"('2009', '1423', '2009')",1
"('', '1465', '1464', '1465', '1588', '')",1
"('1640', '1645', '1437', '1640')",1
"('', '1417', '1417', '1417', '', '', '')",1
"('1984', '1622', '1984')",1
"('', '', '1454', '1437', '1437', '', '')",1
"('2156', '2155', '2127', '2156', '2155', '2156')",1
"('', '1410', '1427', '1410', '', '')",1
"('1897', '2129', '1897', '1897', '1897')",1
"('', '1438', '1438', '1425', '1438', '', '', '', '', '')",1
"('2001', '1958', '1958', '2001', '2072', '2001')",1
"('2515', '2630', '2511', '2515')",1
"('', '519', '519', '513', '562', '578', '')",1
"('1373', '1301', '1373', '2268', '1373')",1
"('2060', '', '2060')",1
"('2119', '2117', '2119', '2118', '2098', '2119', '1939', '1939', '1939', '2119')",1
"('535', '532', '524', '535')",1
"('2382', '2316', '2382', '2303', '2382', '2381', '2382')",1
"('', '', '2742', '1419', '2742', '', '', '', '', '')",1
"('2025', '240', '2025')",1
"('2918', '2918', '2918')",1
"('2116', '2117', '2119', '2129', '2116', '2123', '2116')",1
"('1293', '1251', '1268', '1245', '1268', '1250', '1325', '1293')",1
"('1724', '1698', '1724')",1
"('2324', '292', '377', '2385', '2324', '2381', '2324')",1
"('', '', '', '', '', '', '', '1590', '')",1
"('1261', '2244', '1261')",1
"('2024', '1425', '1422', '1425', '2024', '2024', '2024')",1
"('513', '509', '513')",1
"('432', '537', '1425', '432')",1
"('2095', '2075', '1494', '2095')",1
"('2238', '2241', '2238')",1
"('438', '', '433', '438')",1
"('2473', '1931', '1903', '2473')",1
"('469', '376', '469')",1
"('1469', '1450', '1450', '1450', '1450', '1450', '1469')",1
"('', '1410', '', '', '', '', '')",1
"('2367', '2336', '2367', '2367', '2367')",1
"('', '', '', '1013', '985', '')",1
"('2306', '2395', '2306')",1
"('1503', '1494', '1400', '1503')",1
"('1987', '2118', '1987', '2263', '1987')",1
"('2118', '2062', '2118')",1
"('1590', '1461', '1479', '1590')",1
"('512', '513', '539', '512')",1
"('2027', '2024', '2027', '1973', '2027')",1
"('', '1786', '', '', '')",1
"('2561', '1579', '2552', '2561')",1
"('2023', '1410', '1780', '1410', '1418', '2023')",1
"('1543', '1500', '1543', '1435', '1543')",1
"('2246', '2255', '1699', '1702', '2246')",1
"('428', '1233', '1233', '428')",1
"('2904', '2864', '2899', '2904')",1
"('2473', '1436', '2473', '2236', '2473', '2018', '2473')",1
"('1985', '2024', '1985')",1
"('1575', '1574', '1437', '1455', '1437', '', '1575')",1
"('2518', '2062', '2518')",1
"('356', '1274', '1982', '1274', '1274', '356', '399', '356')",1
"('492', '1612', '492')",1
"('2073', '1437', '1437', '1437', '1437', '2073')",1
"('2103', '2055', '2103', '1907', '2103')",1
"('', '', '1432', '', '', '', '')",1
"('', '2344', '')",1
"('2524', '2524', '2742', '2301', '2528', '2524')",1
"('577', '360', '553', '577')",1
"('1956', '1964', '1956')",1
"('464', '2295', '2583', '2295', '465', '464')",1
"('', '', '1777', '1771', '1777', '', '', '', '')",1
"('1547', '1437', '1437', '1437', '1547')",1
"('2398', '2623', '2404', '2403', '2403')",1
"('1813', '2150', '1813', '2037', '2150', '1813')",1
"('565', '512', '437')",1
"('1648', '1416', '1648')",1
"('1556', '', '1556')",1
"('1521', '1428', '1428', '1428', '1521')",1
"('562', '2244', '513', '562')",1
"('2104', '1438', '1435', '2104')",1
"('1656', '2409', '2410', '1656')",1
"('2354', '1659', '1661', '2354')",1
"('2356', '2572', '2356')",1
"('528', '530', '528')",1
"('', '2176', '', '', '', '2176', '')",1
"('2045', '2064', '2045')",1
"('1736', '1783', '1736')",1
"('2109', '2160', '2146', '2160', '2109')",1
"('', '1931', '2086', '1931', '', '')",1
"('', '1442', '')",1
"('1488', '1490', '1488', '1490', '1488')",1
"('1975', '2091', '2023', '1975')",1
"('', '', '', '', '', '2697', '', '')",1
"('1651', '1659', '1651')",1
"('2022', '2039', '2028', '2022', '2018', '2022')",1
"('', '2494', '', '2175', '2175', '')",1
"('2034', '1431', '2034')",1
"('497', '490', '497', '490', '490', '497')",1
"('2491', '', '1627', '2416', '2491')",1
"('982', '1003', '982', '3023', '982', '991', '982')",1
"('1673', '2062', '1673')",1
"('554', '493', '519', '554')",1
"('2024', '1601', '2024', '2025', '2024')",1
"('425', '2361', '425')",1
"('2115', '1932', '2115', '2115', '', '2115', '2115', '2141', '2115', '2115', '2115')",1
"('', '1682', '2006')",1
"('1503', '2037', '1503', '1503', '1503')",1
"('1292', '1440', '1292')",1
"('1622', '2520', '1622')",1
"('2374', '303', '2374', '2378', '2374')",1
"('1984', '1985', '1984')",1
"('1831', '1822', '1831')",1
"('2667', '2667', '2667', '2697', '2697', '2667')",1
"('1964', '', '1423', '1964')",1
"('', '2069', '', '', '', '', '', '')",1
"('2212', '2220', '1729', '2441', '2440', '2212', '2189', '2499', '1729', '', '2212')",1
"('2894', '2894', '2894')",1
"('1918', '2062', '1918', '1937', '1918', '2141', '1918')",1
"('2560', '2277', '2560', '2192', '2560')",1
"('391', '475', '1301', '475', '475', '391')",1
"('2052', '2051', '2103', '2103', '2052')",1
"('1308', '1308', '1308')",1
"('1818', '2024', '1818')",1
"('1974', '1436', '1432', '1436', '1436', '1432', '1423', '1974')",1
"('2811', '2919', '2920', '2920', '2920', '2908', '2811')",1
"('2062', '2069', '2069', '2062')",1
"('506', '431', '506')",1
"('2136', '', '2136')",1
"('382', '1376', '382')",1
"('1569', '1684', '1782', '1569')",1
"('1811', '1812', '1812', '1811')",1
"('', '1400', '1445', '1400', '', '', '')",1
"('2151', '2141', '2141', '2151', '2122', '2154', '2151')",1
"('1873', '1871', '1877', '1871', '1873')",1
"('499', '499', '2558', '499')",1
"('2047', '354', '2047', '1495', '1495', '2046', '2047', '2103', '2041', '2047')",1
"('', '', '1430', '1422', '1599', '1683', '1768', '1422', '1430', '', '', '', '')",1
"('2481', '1992', '2481')",1
"('2411', '2526', '2411', '2403', '2403', '2403', '2411')",1
"('2823', '1821', '2823')",1
"('', '1330', '', '', '')",1
"('513', '519', '2552')",1
"('1961', '1946', '1947', '2091', '1941', '2090', '1961')",1
"('', '1481', '', '', '', '', '')",1
"('2363', '1422', '2513', '2363')",1
"('1928', '1500', '1499', '2136', '1928', '2134', '2136', '1928')",1
"('1883', '1881', '1876', '1827', '1855')",1
"('557', '536', '540', '559', '557')",1
"('1756', '1465', '1756')",1
"('1033', '1012', '1000', '1033')",1
"('1316', '1368', '1316')",1
"('1547', '1500', '1547')",1
"('2915', '2102', '2102', '2102', '2915')",1
"('2901', '2911', '2901')",1
"('2022', '1417', '1438', '1605', '1417', '1438', '1417', '2022')",1
"('2113', '2141', '2113', '2090', '2113')",1
"('1646', '1481', '1543', '1481', '1646')",1
"('2023', '1437', '2023', '1516', '2023')",1
"('1550', '1492', '1480', '1550')",1
"('561', '569', '570', '561')",1
"('2099', '2099', '2064', '1813', '1866', '2141', '2103', '2099')",1
"('2519', '2518', '2519')",1
"('1585', '1493', '1585')",1
"('1963', '1960', '1960', '1960', '1963', '1544', '', '1963')",1
"('1621', '1422', '1621', '1527', '1621')",1
"('2507', '1682', '1662', '2507', '2499', '2507')",1
"('567', '2420', '567')",1
"('1547', '1445', '1547')",1
"('2363', '1765', '2363')",1
"('', '', '1421', '', '')",1
"('2200', '2785', '2200', '2744', '2200', '2697', '2743', '2200')",1
"('1986', '2146', '2124', '2121', '1986')",1
"('1665', '1665', '1665')",1
"('2881', '1302', '2881', '1043', '2881')",1
"('1552', '', '', '', '', '', '', '', '1552', '1534', '1552')",1
"('406', '1337', '1317', '406')",1
"('408', '408', '406', '375', '406', '406', '404', '359', '408')",1
"('2095', '2085', '2095')",1
"('520', '403', '520')",1
"('', '', '1625', '1440', '1585', '1625', '')",1
"('1265', '1250', '1244', '1265')",1
"('', '1775', '1684', '1683', '1682', '')",1
"('', '1548', '', '', '')",1
"('1592', '1428', '', '1428', '1426', '1592')",1
"('2159', '1806', '2159', '2159')",1
"('1892', '1885', '1892', '2117', '2086', '2117', '1892')",1
"('1974', '2093', '2064', '1974')",1
"('528', '433', '528', '524', '528')",1
"('1828', '1828', '1828', '1828', '1828')",1
"('2901', '2899', '2901')",1
"('1261', '2130', '1259', '1261')",1
"('575', '2619', '562', '565', '575')",1
"('1555', '1565', '1565', '1555', '1565', '1565', '1555')",1
"('460', '425', '460')",1
"('2788', '2752', '2788', '', '', '', '2790', '2788')",1
"('2038', '2062', '2063', '2038')",1
"('425', '425', '425', '418', '562', '425')",1
"('2064', '2065', '2064', '2039', '2064', '2037', '2064')",1
"('1739', '2021', '1739')",1
"('1549', '', '1549')",1
"('1930', '1420', '1930')",1
"('2560', '2277', '2563', '2560', '2277', '2560')",1
"('1973', '1882', '1973')",1
"('1852', '2120', '1852')",1
"('1828', '1866', '1866', '1828')",1
"('572', '2618', '2618', '2619', '572')",1
"('2349', '1424', '2349')",1
"('2119', '2119', '1436', '1438', '1436', '2119', '2119')",1
"('1505', '2039', '1505')",1
"('1610', '1560', '1610')",1
"('1915', '1819', '1867', '2136', '1881', '1915', '2136', '1915')",1
"('2616', '506', '2300', '510', '542', '350', '399', '2616')",1
"('1555', '')",1
"('', '', '1400', '', '', '')",1
"('1582', '1578', '1582')",1
"('2908', '2914', '2908')",1
"('', '1413', '', '')",1
"('1879', '1885', '1823', '1879')",1
"('1611', '1436', '1454', '1455', '1436', '1611', '1674', '1681', '1611')",1
"('492', '504', '399', '504', '492', '490', '492')",1
"('2034', '2067', '2072', '2034', '1503', '1497', '2034')",1
"('1284', '1301', '1281', '1320', '1284', '1296', '1284', '1274', '1284')",1
"('391', '469', '1322', '469', '391')",1
"('1904', '1903', '1899', '2086', '2091', '1904', '1881', '1904')",1
"('2043', '2042', '2043')",1
"('', '1777', '1438', '1777', '', '', '')",1
"('2902', '2913', '2902', '2899', '2902', '2911', '2920', '2911', '2902')",1
"('1592', '', '', '1592', '1423', '1592')",1
"('1450', '2091', '2091', '2090', '2091', '1450')",1
"('', '', '', '', '2062', '', '')",1
"('1785', '')",1
"('2356', '2349', '2385', '2343', '1590', '1590', '1627', '2356')",1
"('', '2047', '')",1
"('1552', '1565', '1605', '1605', '1552')",1
"('2918', '2129', '2918')",1
"('', '', '', '1763', '', '', '')",1
"('2863', '2903', '2906', '2903', '2863')",1
"('1937', '1944', '1937')",1
"('2365', '1667', '2365')",1
"('359', '1363', '2062', '2029', '1363', '359')",1
"('2380', '', '2380', '2385', '2380')",1
"('1813', '1806', '1813')",1
"('2135', '2104')",1
"('977', '978', '977')",1
"('', '', '', '1400', '')",1
"('2058', '2103', '2058')",1
"('2056', '2102', '2056', '2102', '2056')",1
"('', '2244', '', '', '', '', '', '')",1
"('1768', '1777', '1768', '3022')",1
"('2358', '', '2358')",1
"('2380', '2302', '2380', '2381', '2380')",1
"('1785', '1765', '1549', '2063', '2064', '', '1785')",1
"('392', '425', '392')",1
"('1950', '2117', '1944', '1943', '1950')",1
"('1456', '', '1456')",1
"('1894', '1940', '1894', '1842', '1894')",1
"('526', '523', '526')",1
"('2066', '2085', '2086', '2165', '2055', '2066')",1
"('1820', '1826', '1825', '1885', '2147', '1817', '1820')",1
"('1453', '1461', '1453')",1
"('2018', '2069', '2018', '2019', '2017', '2018')",1
"('', '', '2268')",1
"('424', '478', '424', '519', '424')",1
"('1644', '1414', '1644')",1
"('1987', '1324', '1986', '1987')",1
"('2465', '2067', '2465')",1
"('521', '537', '521', '506', '521')",1
"('2002', '2002', '1425', '1428', '1418', '1428', '1425', '2002', '2002', '2030', '2002')",1
"('1977', '1899', '1899', '1977', '1940', '1977', '1276', '1977')",1
"('1250', '346', '1250', '1315', '1316', '1250')",1
"('2013', '1558', '2018', '1649', '2013')",1
"('2032', '2079', '2032')",1
"('', '2412', '', '')",1
"('2003', '2003', '1965', '2003')",1
"('2045', '2037', '2064', '2045', '2045', '2030', '2045', '2045', '2045')",1
"('1590', '1432', '1590')",1
"('2879', '1042', '1042', '2879')",1
"('2823', '2916', '2823')",1
"('2182', '2747', '2182')",1
"('2380', '', '2380')",1
"('2590', '2412', '1617', '1598', '2412', '2293', '2590')",1
"('2623', '2551', '2560', '2551', '2621', '2623')",1
"('1565', '1643', '1531', '1560', '1560', '1560', '1565')",1
"('1831', '2062', '1831', '1823', '1831')",1
"('2381', '2316', '2380', '2316', '2381')",1
"('498', '505', '506', '505', '498')",1
"('', '1619', '')",1
"('2501', '2506', '2236', '2501')",1
"('980', '', '1003', '980', '', '980', '973')",1
"('1546', '1541', '1546', '1546', '1681', '1546')",1
"('2823', '2919', '2823', '2919', '2823')",1
"('1958', '2067', '2079', '2072', '1958', '2067', '1958', '1958')",1
"('1584', '1594', '1584')",1
"('436', '433', '430', '433', '459', '444', '444', '492', '436')",1
"('1515', '', '1515', '2020', '1515')",1
"('2019', '2020', '2019', '2019', '2019')",1
"('1890', '1882', '1890')",1
"('2823', '2902', '2919', '2902', '2823')",1
"('1503', '2037', '2062', '2037', '2037', '1503')",1
"('1667', '1659', '1659', '1667')",1
"('', '', '', '1435', '', '', '')",1
"('2834', '1274', '2834')",1
"('1815', '1907', '1815')",1
"('2037', '2062', '2038', '2037')",1
"('2066', '2090', '2066', '2037', '2066')",1
"('1818', '2117', '1818')",1
"('2501', '2492', '2501')",1
"('2849', '976', '2849', '976', '2903', '2849')",1
"('1811', '2128', '1811')",1
"('2410', '2265', '2610', '2280', '2372', '2410')",1
"('2208', '1439', '2208', '2192', '2208')",1
"('1695', '1695', '1695', '2020', '1600', '1695')",1
"('2064', '1435', '2064')",1
"('', '1448', '1448', '1448', '')",1
"('1590', '1440', '1587', '1590')",1
"('374', '444', '374')",1
"('1650', '1574', '1650')",1
"('1804', '1812', '1811', '2150', '1804', '2139', '1804', '2125', '1804')",1
"('', '', '1439', '', '', '')",1
"('1441', '1441', '2024', '2024', '2024', '1441', '1584', '1552', '1441')",1
"('2338', '842', '2338')",1
"('', '2197', '', '', '', '')",1
"('2529', '1543', '2529')",1
"('', '2062', '2037', '2037', '')",1
"('383', '1706', '1579', '383')",1
"('2380', '2005', '2380', '2317', '1448', '1595', '2317', '2380', '2388', '2380')",1
"('', '354', '2552')",1
"('2008', '2008', '1940', '2008')",1
"('', '1682', '1600', '1682', '')",1
"('1609', '1596', '1598', '1419', '1598', '1597', '1609')",1
"('1884', '1881', '1884')",1
"('2022', '1622', '2022')",1
"('1594', '1594', '1456', '1594', '1594')",1
"('1550', '1476', '1550', '1550', '1550', '2087', '1550', '1478', '1550')",1
"('2028', '2028', '2028')",1
"('2022', '1465', '2022')",1
"('2816', '2818', '2818', '2821', '2818', '2823', '2823', '2920', '2920', '2920', '2814', '2816')",1
"('2826', '2920', '2826')",1
"('1592', '', '1592')",1
"('2142', '2374', '2016', '2142')",1
"('2512', '2618', '2535', '2512')",1
"('2018', '2003', '2018', '2018', '2024', '2003', '1986', '2018', '2018', '2018')",1
"('2744', '2227', '2744', '', '2744', '2227', '2747', '2744')",1
"('2075', '1995', '2075', '2091', '2087', '2075')",1
"('515', '506', '506', '515', '2949', '2937', '2937', '2949')",1
"('2637', '2586', '2646', '2637')",1
"('2863', '2864', '2923', '2863', '2864', '2863')",1
"('1825', '1871', '1825', '1830', '1825')",1
"('1943', '2062', '1465', '1465', '1465', '2062', '1943')",1
"('1584', '1578', '1445')",1
"('384', '384', '384')",1
"('2238', '2247', '2238')",1
"('2255', '2254', '1717', '2241', '2254', '2255')",1
"('2034', '1425', '1541', '2034')",1
"('2338', '2015', '2338', '2316', '2338')",1
"('2285', '1423', '1429', '1429', '1429', '2285')",1
"('2047', '1478', '1419', '1599', '1419', '1415', '2047')",1
"('2778', '1627', '2778', '1627', '2752', '2778')",1
"('1925', '2122', '1925', '2122', '2132', '2122', '1925', '2117', '1925', '2117', '1925')",1
"('409', '543', '409')",1
"('2590', '2292', '2590', '2281', '2293', '2295', '2590')",1
"('2623', '2553', '2623', '2623', '2553')",1
"('', '', '', '2107', '2165', '2051', '2105', '2062', '', '')",1
"('1528', '1424', '1428', '1428', '1427', '1424', '1428', '1424', '1428', '1721', '1749', '1528')",1
"('2910', '2601', '2095', '2910', '2903', '2910')",1
"('2052', '2063', '2067', '2052', '2103', '', '2052')",1
"('1981', '350', '1326', '1281', '1986', '1981')",1
"('1913', '2102', '1913')",1
"('', '1799', '2122', '', '', '2122')",1
"('1515', '1602', '1515')",1
"('1944', '2086', '2095', '2095', '1944')",1
"('2118', '2135', '2118')",1
"('1334', '1333', '656', '1312', '1334')",1
"('1818', '2122', '1818')",1
"('2805', '', '', '', '2805')",1
"('2125', '2125', '2125')",1
"('1585', '1410', '1776', '1572', '1588', '1585')",1
"('2425', '2343', '2067', '2338', '2364', '2425')",1
"('1891', '1866', '1866', '1891')",1
"('1555', '1443', '2020', '1555')",1
"('559', '558', '559', '559')",1
"('', '', '1435', '')",1
"('', '', '2752', '2752', '2495', '')",1
"('', '1421', '1422', '1421', '')",1
"('2258', '2244', '2217', '2258')",1
"('504', '')",1
"('', '1442', '1439', '1442', '', '1426', '')",1
"('1555', '1455', '1443', '1437', '1455', '1555')",1
"('475', '2024', '475')",1
"('', '', '1456', '', '', '')",1
"('551', '520', '478', '551', '478', '421', '478', '520', '551')",1
"('2085', '1436', '2085')",1
"('2659', '2241', '2659', '2297', '2659')",1
"('2643', '1688', '2643')",1
"('1785', '1774', '1770', '1785')",1
"('2018', '2093', '2018')",1
"('', '1400', '1487', '1400', '', '', '')",1
"('2003', '2037', '2079', '2003')",1
"('2646', '2412', '2623', '2412', '2478', '2646')",1
"('2908', '2824', '2908')",1
"('2622', '572', '2622', '2622')",1
"('2072', '2495', '2072', '2072', '1960', '2072')",1
"('1904', '1905', '1904', '1595', '1940', '1939', '1904')",1
"('433', '513', '535', '433')",1
"('1574', '2091', '2090', '2091', '2090', '1572', '1574')",1
"('1659', '1425', '1429', '1659')",1
"('2471', '2651', '2673', '2471')",1
"('1372', '2374', '1372')",1
"('2032', '1774', '2032', '2070', '1542', '2032')",1
"('2826', '2914', '2914', '2908', '2908', '2915', '2916', '2826', '2827', '2827', '2908', '2826')",1
"('2598', '2378', '2560', '2598')",1
"('2805', '2805', '2805', '2805', '2805')",1
"('2619', '2105', '2619')",1
"('1695', '1697', '1691', '1688', '1695')",1
"('432', '426', '432')",1
"('2261', '465', '2261', '465', '2261', '2614', '2261', '2281', '2261')",1
"('1987', '1643', '1987')",1
"('1327', '2388', '2378', '1326', '1327')",1
"('', '544', '546', '547', '')",1
"('528', '35', '29', '760', '764', '528')",1
"('1552', '1548', '2062', '2062', '2037', '2037', '2062', '2062', '2062', '706')",1
"('2624', '1682', '2624')",1
"('2134', '1456', '1458', '1456', '2134')",1
"('2568', '2560', '2560', '2568')",1
"('1973', '')",1
"('2061', '1427', '1424', '1427', '2061', '2037', '2061')",1
"('2605', '2605', '2614', '2605')",1
"('335', '334', '335', '334', '335')",1
"('2095', '1598', '1598', '1598', '1773', '1598', '2091', '2095')",1
"('', '', '1765', '1790', '', '')",1
"('', '', '', '1422', '')",1
"('2069', '2075', '1961', '2069', '2075', '2069')",1
"('485', '2535', '1993', '2535', '485')",1
"('1898', '1902', '1904', '1898', '1898', '1901', '1898')",1
"('2027', '2024', '2024', '2024', '2027')",1
"('', '', '', '1777', '1418', '')",1
"('2896', '2896', '2896', '2920', '2896')",1
"('2403', '2408', '2527', '2300', '2526', '2403')",1
"('437', '430', '437')",1
"('482', '404', '514', '482', '2560', '482')",1
"('', '1439', '1415', '1442', '1439', '1778', '', '', '', '')",1
"('1626', '1640', '1637', '1640', '1629', '1626', '1627', '1626', '1626', '1629', '1626', '1626', '1637', '1626', '1682', '1630', '1626')",1
"('1893', '1933', '1933', '1899', '1893')",1
"('2062', '1453', '1541', '1541', '1503', '1453', '1500', '1498', '2062')",1
"('2071', '2090', '2091', '1958', '2071', '2031', '2071')",1
"('2018', '2317', '2018')",1
"('2095', '2085', '2063', '2037', '2062', '2124', '2095')",1
"('', '', '', '', '', '1414', '', '', '', '')",1
"('583', '583', '583', '580', '583', '582', '567', '562', '513', '583')",1
"('494', '536', '499', '494')",1
"('1828', '1771', '1828')",1
"('', '', '', '', '', '2180', '')",1
"('', '1413', '1420', '1429', '1420', '1422', '1541', '', '')",1
"('1904', '1904', '2135', '1904', '1904', '1904')",1
"('1844', '2887', '1992', '1844')",1
"('2022', '2012', '117', '2022')",1
"('1277', '1326', '1277', '1607', '1626', '1277')",1
"('1830', '1830', '1830')",1
"('2088', '2117', '2087', '2079', '2088')",1
"('2042', '1491', '2042', '1485', '2042')",1
"('1547', '1479', '1547', '1479', '1547', '1504', '1547')",1
"('434', '2623', '434')",1
"('2546', '2547', '2546')",1
"('1522', '1985', '1524', '1522')",1
"('1994', '1272', '1292', '1994')",1
"('521', '521', '521')",1
"('2363', '1453', '1443', '1400', '1443', '1443', '2372', '2363')",1
"('2162', '1920', '1880', '2119', '1920', '2162', '2114', '2162')",1
"('1970', '2033', '1970')",1
"('', '1481', '', '', '')",1
"('1817', '1817', '1883', '1817', '1817')",1
"('482', '490', '482', '490', '482')",1
"('1912', '2134', '2141', '2150', '1884', '1912')",1
"('1450', '1579', '1697', '', '', '1445', '1450')",1
"('1940', '1682', '1682', '1682', '1940')",1
"('535', '549', '535', '506', '535', '535', '535')",1
"('', '1743', '', '', '', '', '')",1
"('2187', '1647', '1759', '1648', '2187')",1
"('2404', '2385', '2404')",1
"('2374', '2395', '2299', '2395', '2374', '2378', '2378', '2374')",1
"('', '2534', '')",1
"('2366', '2088', '465', '2366', '2107', '2366')",1
"('428', '369', '355', '428')",1
"('', '1474', '1469', '', '')",1
"('', '544', '546', '')",1
"('2086', '2064', '2086', '2086')",1
"('2921', '1571', '1593', '2921')",1
"('', '1554')",1
"('1678', '1682', '1773', '1774', '1773', '1773', '1684', '1678')",1
"('2923', '2923', '2916', '862', '2920', '2899', '2923', '2923')",1
"('2024', '2122', '1811', '1811', '2024', '2024', '2024', '2024')",1
"('1481', '2122', '2140', '2114', '1481')",1
"('2303', '465', '465', '2303')",1
"('', '1432', '', '', '')",1
"('2007', '519', '513', '2007')",1
"('1943', '2122', '1937', '1943')",1
"('548', '535', '548', '559', '548')",1
"('1365', '1301', '1376', '1375', '1365', '2617', '1365')",1
"('2106', '1995', '2106')",1
"('2003', '', '2003', '1413', '2003')",1
"('2230', '1439', '2230')",1
"('1544', '1478', '1544', '1544', '1478', '1544', '1478', '1544')",1
"('2367', '2354', '2367', '2280', '2367', '2354', '2367')",1
"('2087', '2086', '2023', '2087')",1
"('2018', '1986', '1986', '2018', '2090', '2090', '2058', '2043', '2018')",1
"('1976', '2037', '1976')",1
"('1937', '1937', '1937', '1937', '1937', '2141', '1906', '1937')",1
"('2401', '', '', '2401')",1
"('2107', '2057', '2099', '2107', '', '2107', '2057', '2107', '2104', '2107')",1
"('2168', '', '2168')",1
"('1892', '1882', '2293', '1892', '1921', '1892')",1
"('560', '541', '513', '560', '575', '560')",1
"('2809', '2814', '1336', '', '', '', '', '', '', '2809')",1
"('2026', '1992', '2026')",1
"('1493', '1443', '1493', '1427', '1493')",1
"('', '', '1763', '', '', '', '')",1
"('2083', '2095', '2083')",1
"('1698', '1772', '1698', '1699', '1698', '1682', '1698', '1698', '1699', '1698')",1
"('1733', '2240', '1733')",1
"('2431', '1436', '1436', '1436', '1686', '2431')",1
"('1539', '1541', '1539', '1541', '1503', '1539', '1541', '1539')",1
"('420', '420', '418', '442', '478', '416', '420', '420', '420', '420', '420', '469', '420')",1
"('498', '490', '513', '537', '538', '498', '499', '498')",1
"('2022', '2011', '2279', '2319', '2343', '2011', '2011', '2022')",1
"('', '', '2920', '2920', '2902', '')",1
"('2025', '2313', '2543', '2313', '2313', '2025')",1
"('', '1425', '')",1
"('1943', '469', '1943')",1
"('1483', '1780', '1425', '1765', '1780', '1777', '1780', '1679', '1483')",1
"('2088', '2087', '2090', '2087', '2088')",1
"('1989', '1674', '1989')",1
"('2622', '2618', '2622')",1
"('1745', '', '1719', '1716', '1745')",1
"('1897', '2412', '1960', '', '1897')",1
"('', '', '2676', '2636', '578', '', '', '', '', '')",1
"('2089', '2089', '2089')",1
"('585', '', '585')",1
"('2003', '1618', '2003')",1
"('1550', '1446', '1550', '1550', '1577', '1550')",1
"('2365', '2373', '2365')",1
"('1639', '1637', '1639', '1553', '1639')",1
"('1995', '1995', '1995')",1
"('', '1412', '', '', '')",1
"('1984', '2013', '1991', '1984', '1984', '2300', '1276', '1984')",1
"('1449', '1400', '1449', '1449')",1
"('2038', '2062', '2038')",1
"('359', '483', '359')",1
"('2593', '2524', '2593')",1
"('1965', '1966', '1946', '2093', '1946', '1966', '1965')",1
"('421', '1789', '1789', '421')",1
"('1480', '1579', '1469', '1480', '1480', '1480')",1
"('437', '437', '430', '541', '523', '524', '437', '437')",1
"('1359', '348', '1359', '348', '1359')",1
"('475', '1253', '471', '477', '475', '472', '475')",1
"('2664', '2676', '2316', '2664')",1
"('2104', '2081', '2104', '2057', '2104', '2158', '2104')",1
"('2900', '1375', '2900', '2900', '2898', '2900')",1
"('1940', '1952', '1958', '1960', '885', '1366', '1940')",1
"('', '1589', '')",1
"('', '', '1465', '', '', '')",1
"('2551', '1481', '2551')",1
"('1998', '2014', '1998', '1986', '1998')",1
"('2097', '2097', '2097', '2097', '2139', '296', '2097', '2097')",1
"('1269', '1250', '1992', '1269')",1
"('2359', '2396', '1637', '2359', '1638', '1729', '2359')",1
"('1608', '1429', '1425', '1429', '1608')",1
"('2067', '', '2067')",1
"('1368', '1541', '1368')",1
"('336', '887', '336')",1
"('1039', '1042', '1039')",1
"('2003', '1421', '2003', '2003')",1
"('2903', '2864', '2863', '2903')",1
"('2118', '399', '1927', '2118')",1
"('2914', '174', '2905', '174', '2914')",1
"('1902', '743', '1902')",1
"('1323', '1336', '1292', '1323', '1311', '1323')",1
"('2113', '2111', '2113')",1
"('', '', '2105')",1
"('1368', '295', '1368')",1
"('1019', '1017', '1013', '1019')",1
"('1876', '2129', '1876')",1
"('1746', '1527', '2181', '1600', '2181', '2181', '2181', '1677', '1745', '1746')",1
"('1558', '1674', '1439', '1674', '1427', '1560', '1558', '1564', '1558')",1
"('', '519', '513', '')",1
"('', '1543', '', '', '1585', '')",1
"('2150', '1892', '1910', '1892', '2150', '2150', '2150')",1
"('', '1446', '1581', '')",1
"('1499', '1503', '1499')",1
"('1994', '1622', '1572', '1559', '1994')",1
"('976', '1306', '1303', '1306', '1268', '976')",1
"('1969', '1985', '1969')",1
"('2915', '2913', '2915', '2915')",1
"('', '2814', '', '', '')",1
"('2585', '2077', '2585')",1
"('2047', '1549', '2047')",1
"('2017', '2008', '203', '2008', '2017', '2022', '2017')",1
"('2087', '2090', '', '2087')",1
"('2382', '1410', '1583', '2382')",1
"('1888', '1810', '1888', '2069', '1888', '1921', '1810', '1888')",1
"('1554', '1419', '1554')",1
"('1605', '1428', '1691', '1556', '1605')",1
"('1442', '1448', '1442')",1
"('2105', '', '2105')",1
"('1999', '', '1960', '1999')",1
"('', '', '1443', '1443', '1443', '', '', '', '')",1
"('', '1434', '', '')",1
"('2642', '2649', '2768', '2642')",1
"('2144', '469', '1878', '2144')",1
"('2182', '2175', '2182')",1
"('1948', '2011', '1948', '2011', '1948', '1465', '1948')",1
"('1589', '1439', '1589', '1569', '1589')",1
"('2465', '2767', '2465')",1
"('1565', '1579', '1565', '1554', '1565')",1
"('1556', '1556', '1437', '1556')",1
"('2037', '2069', '2037')",1
"('1274', '1274', '1274', '1250', '1274')",1
"('1618', '1456', '1455', '1456', '1618')",1
"('1525', '1528', '1525')",1
"('2089', '2064', '2090', '2089', '546', '506', '2089')",1
"('2915', '1804', '2915', '2915')",1
"('1896', '1897', '2913', '1896')",1
"('2484', '1418', '2502', '2235', '2484')",1
"('1062', '2863', '2906', '2905', '2864', '2863', '2863', '1062')",1
"('1563', '')",1
"('2066', '2069', '2066', '2069', '2066', '2069', '2066')",1
"('2303', '2583', '2535', '', '', '', '2535', '2303', '2303')",1
"('2911', '2922', '2911', '2830', '2812', '2911')",1
"('1629', '1617', '1665', '1651', '1658', '1629')",1
"('1442', '', '1442')",1
"('1587', '1426', '1425', '1426', '1587')",1
"('563', '2491', '2336', '2491', '563')",1
"('', '2283', '2270', '', '')",1
"('', '2069', '', '', '', '')",1
"('1684', '1455', '1684', '', '1684')",1
"('1563', '1578', '1604', '1563')",1
"('1675', '1422', '1675')",1
"('400', '358', '404', '400')",1
"('2243', '2241', '2243')",1
"('2083', '2087', '1962', '1958', '2083', '1459', '2083')",1
"('444', '446', '444')",1
"('1269', '1274', '1262', '1269', '1247', '1269')",1
"('2208', '1320', '2208')",1
"('2077', '2079', '2077')",1
"('1610', '1438', '1610', '1419', '1610')",1
"('', '1881', '1827', '1881', '')",1
"('2107', '2103', '2099', '2107')",1
"('1843', '1981', '2869', '1843')",1
"('', '1737', '')",1
"('1825', '1436', '1825')",1
"('332', '430', '433', '433', '332')",1
"('1519', '', '', '', '', '', '1519')",1
"('2618', '2632', '2619', '2618', '2618', '2618', '2499', '537', '2618')",1
"('1235', '1003', '1279', '1235', '1003', '1235')",1
"('1924', '1909', '1924')",1
"('1652', '1729', '1652')",1
"('2823', '2814', '2923', '2823', '2903', '2823')",1
"('', '1582')",1
"('2016', '2014', '2016', '2020', '2020', '2016', '2334', '1898', '1985', '2016')",1
"('', '2091', '2775', '', '')",1
"('2017', '2004', '2018', '2017', '', '2017', '2004', '2018', '2017', '2024', '2017')",1
"('', '1441', '')",1
"('2623', '2622', '2623')",1
"('2363', '2511', '2511', '2676', '2363', '2516', '2363')",1
"('2925', '2922', '2918', '2925', '2884', '2922', '2925', '2920', '2920', '2925')",1
"('2030', '2062', '2030')",1
"('2926', '2908', '2908', '2908', '2908', '2908', '2915', '2926')",1
"('', '1897')",1
"('2095', '1995', '2095')",1
"('2143', '2042', '2057', '2143')",1
"('1008', '1011', '1008')",1
"('499', '522', '499')",1
"('2085', '2087', '2085', '2091', '2085', '2119', '2085')",1
"('2560', '2546', '2623', '2560', '2560', '2563', '2560')",1
"('1969', '1971', '237', '1969')",1
"('2065', '2068')",1
"('2465', '1585', '2465')",1
"('1254', '2583', '1254')",1
"('1505', '1505', '1505')",1
"('2587', '2314', '2300', '2300', '2300', '2587')",1
"('1994', '2583', '1994')",1
"('1047', '1018', '1057', '1047')",1
"('1902', '1042', '1902')",1
"('1649', '1446', '1515', '1649', '2020', '1649', '1422', '1649')",1
"('1887', '1933', '1911', '1887')",1
"('373', '', '373')",1
"('1484', '2067', '1484')",1
"('2031', '2062', '2031', '2031', '2031', '2072', '2031', '2031', '2031')",1
"('1899', '216', '1899')",1
"('2019', '2018', '2019', '2017', '2019', '1438', '2019')",1
"('1523', '1649', '1649', '2020', '2019', '23', '2019', '1523')",1
"('1673', '1682', '1673', '1703', '1673')",1
"('2254', '1320', '2254')",1
"('2110', '2003', '1960', '1944', '1944', '2110')",1
"('2934', '2923', '2934')",1
"('1456', '1434', '1435', '1455', '1434', '1455', '1456')",1
"('1288', '2316', '1288', '1301', '1288')",1
"('1912', '1851', '1849', '1851', '1912', '1932', '1912')",1
"('2928', '2928', '2920', '2928')",1
"('', '2065', '', '')",1
"('2366', '1435', '2366', '2372', '2378', '2374', '2366')",1
"('2142', '1845', '1866', '1845', '1845', '2142', '2132', '2142')",1
"('2110', '2086', '2110', '2141', '2110')",1
"('1687', '1772', '1687', '1696', '1687', '1687')",1
"('1542', '1494', '1542')",1
"('481', '484', '481', '490', '481')",1
"('2232', '1688', '2232', '2245', '2232')",1
"('2041', '', '2041')",1
"('1744', '1749', '1744')",1
"('2015', '2011', '885', '1311', '1159')",1
"('2143', '2117', '2864', '2117', '2143')",1
"('2043', '', '2042', '2043', '', '2043')",1
"('1922', '2136', '1922')",1
"('2057', '1454', '2057')",1
"('1922', '2093', '1922', '2140', '1923', '1922')",1
"('1365', '1365', '1365')",1
"('', '1686', '2279', '1672', '1686', '')",1
"('570', '556', '570')",1
"('2922', '2923', '2922')",1
"('1587', '1679', '', '')",1
"('391', '1385', '391')",1
"('1503', '')",1
"('1673', '1417', '1598', '1417', '1673', '1679', '1673')",1
"('1248', '1245', '1245', '1235', '1248')",1
"('2380', '2410', '2304', '2380')",1
"('364', '407', '361', '360', '364')",1
"('', '', '', '', '', '', '1548', '1569', '')",1
"('2251', '2378', '2251')",1
"('1875', '1803', '1875')",1
"('1248', '1245', '1248')",1
"('2017', '1649', '2017', '1644', '2017', '2013', '2017', '1644', '2017', '1649', '2017')",1
"('1264', '295', '1264', '1310', '1264', '1285', '1264')",1
"('432', '430', '432', '442', '432', '427', '432')",1
"('384', '329', '384', '442', '384')",1
"('2010', '', '2010')",1
"('', '2666', '2742', '')",1
"('1602', '1992', '1602')",1
"('2035', '1424', '2035')",1
"('2081', '2068', '1880', '2383', '2068', '2081')",1
"('2113', '2113', '2113')",1
"('1771', '', '', '', '1771')",1
"('475', '485', '428', '475', '472', '475')",1
"('', '1646', '')",1
"('1891', '1889', '1891')",1
"('2095', '2021', '1442', '2094', '2091', '2095', '2137', '2095')",1
"('', '2049', '', '', '')",1
"('1480', '1500', '1480', '1548', '1479', '1480')",1
"('2176', '1763', '2176', '', '2176')",1
"('2118', '1937', '2118', '2117', '2118', '1920', '1937', '1937', '2118', '2117', '2118', '2116', '2117', '2118')",1
"('566', '563', '566')",1
"('983', '1011', '1262', '983')",1
"('1383', '', '1318', '1383')",1
"('2024', '2025', '2025', '2025', '2024')",1
"('2084', '2064', '2084')",1
"('2059', '1435', '2059', '2041', '2059')",1
"('2022', '2013', '2117', '2022', '1523', '2022', '2018', '1523', '2022')",1
"('1246', '1272', '1270', '1245', '1246')",1
"('2524', '2623', '519', '2524')",1
"('2380', '2378', '2492', '2511', '2492', '2378', '2380')",1
"('', '1780', '1780', '1780', '', '', '')",1
"('2176', '1435', '1782', '1435', '2176', '2176')",1
"('2632', '2632', '2621', '2622', '2632')",1
"('513', '513', '513')",1
"('2383', '1973', '2383')",1
"('1852', '1803', '1867', '1852', '1810', '1811', '1852')",1
"('', '2374', '', '', '2374', '', '')",1
"('1804', '2094', '1898', '1804')",1
"('474', '469', '469', '469', '474')",1
"('2914', '2902', '2914', '2914', '2914', '2905', '2914')",1
"('1784', '1783', '1784', '1783', '1784')",1
"('1624', '1600', '1624')",1
"('2826', '2825', '2825', '2826')",1
"('2512', '1568', '2512', '519', '2512')",1
"('2919', '2903', '2907', '2920', '2907', '2903', '2919')",1
"('1878', '1771', '1878')",1
"('1273', '2914', '1273')",1
"('2022', '2064', '2065', '2022')",1
"('2814', '2814', '2818', '2907', '2818', '2814')",1
"('2901', '2844', '2901')",1
"('1571', '1574', '1571')",1
"('2294', '2398', '2294')",1
"('1888', '1867', '1866', '1888')",1
"('1925', '464', '1925', '1919', '2141', '1925', '2141', '1925')",1
"('2120', '2120', '2129', '2150', '2135', '2120', '', '', '2120')",1
"('2147', '2062', '2147', '2147')",1
"('1905', '1937', '1905')",1
"('2854', '3064')",1
"('1610', '1423', '1610')",1
"('1659', '2368', '2162')",1
"('1308', '1334', '1308')",1
"('2084', '2093', '2084', '2095', '2090', '2091', '2113', '2084')",1
"('', '1598', '', '', '')",1
"('1339', '')",1
"('1632', '1621', '1445', '1445', '1445', '1621', '1632')",1
"('2118', '2118', '2118', '2131', '2117', '2117', '2118', '2118', '2117', '2118', '2117', '2086', '2118')",1
"('1445', '1462', '1445', '1441', '1445', '1583', '1445', '1449', '1445', '1549', '1445')",1
"('1808', '2132', '1808', '2146', '1811', '2132', '1625', '1808')",1
"('2037', '2062', '2037', '2037', '2037', '2037', '2062', '2037')",1
"('', '2192', '')",1
"('1597', '866')",1
"('1955', '2037', '2023', '2023', '2118', '1955')",1
"('1711', '1617', '1711')",1
"('2822', '2150', '2915', '2822')",1
"('459', '441', '459', '522', '535', '522', '459', '452')",1
"('', '1455', '1445', '')",1
"('1644', '1643', '1638', '1643', '1532', '1644', '1644')",1
"('1904', '1589', '1904')",1
"('2421', '1434', '1455', '1434', '1455', '2421')",1
"('2159', '1957', '2159', '2150', '2159')",1
"('1644', '2139', '1644', '', '1644')",1
"('1674', '1682', '1682', '1682', '1674')",1
"('', '1483', '')",1
"('1891', '1910', '1891')",1
"('', '2676', '', '', '')",1
"('1918', '2129', '1918', '2129', '1923', '1918')",1
"('1587', '1445', '1587')",1
"('581', '539', '536', '506', '506', '506', '581')",1
"('', '', '', '', '1780', '', '', '', '')",1
"('2259', '2301', '2592', '462', '2609', '1982', '2259')",1
"('2863', '2864', '2860', '2863')",1
"('1566', '1400', '1566')",1
"('2739', '2742', '2742', '2739')",1
"('1937', '1899', '1937', '1937', '1830', '1937', '1937', '1937')",1
"('415', '415', '839', '415', '415')",1
"('2253', '2515', '2239', '2241', '2239', '2515', '2253')",1
"('2118', '2124', '2127', '2146', '2127', '2118', '2103', '2118')",1
"('2105', '2103', '2099', '2105')",1
"('529', '528', '506', '528', '529', '898', '529')",1
"('2016', '2381', '2016')",1
"('500', '709', '490', '500')",1
"('2303', '2301', '2303', '2383', '2303', '2314', '2383', '2303', '2303')",1
"('1005', '1018', '1005')",1
"('1809', '1881', '1809')",1
"('463', '466', '463', '1274', '463')",1
"('', '', '2062', '2062', '2062', '')",1
"('2374', '2066', '2374')",1
"('1287', '1320', '1322', '1251', '1287')",1
"('1527', '1421', '1565', '1527')",1
"('1940', '2000', '1960', '1940', '1943', '1940')",1
"('2916', '2913', '2911', '2913', '2916', '2913', '2916')",1
"('1840', '1944', '1916', '1944', '2141', '1806', '1840')",1
"('2843', '2907', '2913', '2907', '2915', '2910', '2911', '2843')",1
"('1768', '1783', '1768', '', '1768')",1
"('1966', '2005', '1981', '2005', '2030')",1
"('1586', '1467', '1500', '1586')",1
"('2388', '1425', '2388', '2388', '2388')",1
"('532', '519', '531', '531', '532')",1
"('537', '552', '2317', '2299', '552', '537', '538', '506', '537')",1
"('1656', '1500', '1656')",1
"('531', '531', '2117', '1940', '2150', '531', '531')",1
"('2904', '2903', '2894', '2904')",1
"('1985', '1982', '1985')",1
"('1987', '1899', '1899', '1903', '1899', '1903', '1987')",1
"('2055', '1881', '2090', '2055', '2102', '2055')",1
"('1445', '', '', '')",1
"('2406', '2584', '499', '490', '2584', '2406')",1
"('1499', '2038', '2039', '1500', '2039', '1500', '1499', '1493', '1499', '2023', '2023', '1499')",1
"('', '2805', '', '', '', '')",1
"('1590', '1642', '1590', '1589', '1590', '1553', '1590')",1
"('447', '454', '447')",1
"('2832', '2062', '2832')",1
"('1687', '1682', '1687', '1682', '1687')",1
"('1039', '1042', '1043', '1039')",1
"('1913', '2117', '2122', '1921', '1913', '1913')",1
"('1618', '', '1436', '1618', '1461', '1618')",1
"('2823', '2908', '2905', '2823')",1
"('535', '354', '')",1
"('2208', '2211', '2208')",1
"('2074', '2073', '2052', '2074', '2079', '2074')",1
"('2021', '1421', '2021')",1
"('2077', '2077', '2077', '2084', '2077', '2077', '2077', '2084', '2077')",1
"('2374', '2317', '2374', '2374', '2374')",1
"('2827', '2827', '2827', '2914', '2908', '2827', '2827')",1
"('2690', '2713', '2729', '2690')",1
"('469', '1324', '1320', '469', '1324', '399', '469')",1
"('2081', '2091', '2091', '2090', '2080', '2081')",1
"('1063', '238', '1063')",1
"('2132', '1682', '2132')",1
"('1546', '1541', '1546', '2037', '', '1467', '1546', '1541', '1546')",1
"('2915', '1892', '2915', '2913', '2915')",1
"('1583', '1585', '1583', '1585', '1583')",1
"('2219', '2241', '2219')",1
"('1834', '1787', '', '1834')",1
"('2012', '1960', '1959', '2012')",1
"('', '2919', '')",1
"('1899', '1823', '1899')",1
"('2894', '2872', '2894', '')",1
"('2756', '1762', '2756')",1
"('1266', '1239', '1279', '1239', '1266')",1
"('1928', '2090', '2103', '1928')",1
"('2109', '2122', '2124', '2127', '2109')",1
"('2136', '2069', '2136', '2120', '2136', '2136')",1
"('2158', '1807', '2158')",1
"('1612', '1623', '1612')",1
"('2110', '2093', '2110')",1
"('14', '1246', '225', '295', '1246')",1
"('2007', '2006', '2007')",1
"('', '1683', '', '')",1
"('2025', '1989', '2025')",1
"('2083', '', '2037', '2083')",1
"('2380', '2380', '2380')",1
"('1995', '354', '', '354', '1995')",1
"('1965', '2091', '1965')",1
"('2552', '2623', '2623', '2622', '2552')",1
"('', '1599', '', '')",1
"('', '', '2086', '', '')",1
"('2176', '', '', '', '', '2176', '')",1
"('1610', '1454', '1437', '1454', '1455', '1454', '1563', '1610')",1
"('2110', '', '2110')",1
"('1582', '', '1582', '1588', '1582')",1
"('', '1788', '1788', '1788', '')",1
"('1828', '1815', '2865', '1815', '1828')",1
"('2908', '2914', '2908', '', '2834', '2908')",1
"('1545', '1544', '1545')",1
"('2065', '2008', '2085', '2086', '2090', '2090', '2087', '2065', '2042', '2065')",1
"('', '', '', '2192', '')",1
"('437', '222', '459', '437', '399', '437')",1
"('2906', '2920', '2906')",1
"('1980', '2102', '1980')",1
"('1479', '', '', '', '', '', '1479', '1480', '1480', '1479')",1
"('2380', '1413', '2380')",1
"('1505', '1501', '1542', '1505')",1
"('1012', '1010', '1012', '1010', '1012')",1
"('1548', '1600', '1548')",1
"('1636', '354', '')",1
"('2023', '2025', '2025', '2023')",1
"('1575', '1443', '1575')",1
"('2059', '', '', '', '2070', '2059', '2059', '2059')",1
"('2069', '2069', '2069', '1434', '1435', '1434', '2069')",1
"('1888', '1917', '1913', '2150', '1914', '1888')",1
"('1946', '2116', '2118', '2116', '2118', '1946', '1946', '1946')",1
"('1958', '1960', '1958', '1960', '1958', '1960', '1958', '2037', '1958')",1
"('1995', '2062', '1558', '1439', '1427', '1439', '1418', '1995')",1
"('2492', '2288', '1664', '2335', '2089', '2492')",1
"('573', '2025', '550', '573')",1
"('2417', '2413', '2417')",1
"('1466', '1465', '1466')",1
"('1556', '1556', '1556')",1
"('2374', '2313', '2374')",1
"('347', '204', '377', '347')",1
"('1583', '1422', '', '1583')",1
"('', '', '2802', '')",1
"('2914', '2908', '2914')",1
"('1678', '1596', '1678')",1
"('1245', '1245', '1245', '1245', '1245')",1
"('2488', '2651', '1419', '2488')",1
"('1751', '1671', '2189', '1751')",1
"('2546', '', '2546')",1
"('', '2062', '2038', '2003', '2038')",1
"('1467', '2039', '1467', '', '')",1
"('2017', '2018', '2018', '2017', '2017', '2017', '2018', '2018', '2018', '2017')",1
"('368', '354')",1
"('521', '490', '506', '521')",1
"('1446', '1607', '1672', '1618', '1446')",1
"('2074', '2141', '2074')",1
"('1039', '1043', '1039', '', '', '1039')",1
"('1522', '1473', '1724', '1724')",1
"('2051', '1992', '2051')",1
"('2132', '2099', '1437', '2132', '2132', '2132')",1
"('', '', '', '2048', '', '2035', '')",1
"('1806', '1807', '1806', '1806', '1807', '1806', '1867', '1827', '1826', '1806')",1
"('1549', '1456', '1549')",1
"('2023', '2062', '2023', '1782', '2023')",1
"('1576', '1455', '1581', '1576')",1
"('2904', '2919', '2850', '2905', '2904', '2905', '2904')",1
"('2006', '1684', '1682', '1442', '1438', '2006', '2022', '2006')",1
"('584', '2061', '2037', '2061', '2070', '584')",1
"('', '', '', '', '', '', '2069', '', '', '', '', '')",1
"('1476', '', '1476')",1
"('2039', '265', '2039')",1
"('2118', '2091', '2118', '2091', '2118', '2116', '2118')",1
"('2087', '1949', '2117', '2087', '2095', '2087', '2098', '2087')",1
"('2148', '2131', '2141', '2131', '2141')",1
"('1811', '1811', '1811')",1
"('1548', '1425', '1579', '1548')",1
"('2551', '2618', '2618', '2560', '2551')",1
"('2295', '2306')",1
"('1501', '1504', '1497', '1501')",1
"('1544', '1465', '1492', '1544', '1541', '1544')",1
"('', '', '1766', '', '')",1
"('1323', '1323', '1323', '885', '1323', '1323', '885', '1323')",1
"('', '2022')",1
"('2171', '', '2755', '2171')",1
"('1911', '1885', '1875', '1911')",1
"('1873', '2149', '1873')",1
"('1785', '', '1773', '1785')",1
"('1939', '2091', '1939')",1
"('2081', '2064', '2081')",1
"('2281', '2617', '2281')",1
"('559', '513', '506', '519', '559')",1
"('2159', '2114', '2159')",1
"('1842', '862', '2103', '2111', '1931', '1842')",1
"('464', '466', '464')",1
"('1549', '238', '1549', '1473', '1473', '1549', '', '', '1549')",1
"('1664', '1708', '1664')",1
"('', '1777', '1777', '1777', '', '2067', '')",1
"('1495', '2039', '1495', '1493', '1495', '1796', '1495')",1
"('1053', '346', '346', '346', '1292', '1252', '1062', '1053')",1
"('1579', '1682', '1579')",1
"('1675', '1665', '546', '546', '546', '38', '1675')",1
"('1051', '855', '1051')",1
"('2382', '1775', '1774', '1775', '2382')",1
"('2087', '1435', '1438', '2087')",1
"('2361', '1637', '1620', '1583', '2361')",1
"('1803', '971', '1803')",1
"('424', '816', '384', '424')",1
"('2100', '2084', '2100', '2128', '2100', '2090', '2091', '2100', '2086', '2100', '2091', '2100', '2086', '2100')",1
"('2260', '1991', '1986', '2260')",1
"('', '354', '2063')",1
"('2060', '2060', '2060', '2102', '2102', '2037', '2060')",1
"('1972', '1996', '1972', '2114', '1972')",1
"('514', '238', '286', '514')",1
"('1834', '2122', '1834', '1867', '1834')",1
"('2032', '2085', '2032')",1
"('1639', '1443', '1443', '1443', '1639', '1637', '1639')",1
"('1619', '1619', '1619', '1438', '1619')",1
"('2880', '216', '2880')",1
"('2332', '1497', '2332')",1
"('', '', '', '', '', '', '', '', '2193', '')",1
"('574', '542', '531', '542', '574')",1
"('1764', '', '1764', '1423', '1764')",1
"('2104', '2069', '2069', '2104')",1
"('1635', '1420', '1635')",1
"('1577', '1577', '1577', '1454', '1465', '1577')",1
"('2896', '2920', '2896')",1
"('1988', '1976', '1988')",1
"('1592', '', '', '1592')",1
"('1814', '1481', '1814', '1908', '1907', '1814')",1
"('1937', '2089', '2316', '1937')",1
"('2022', '2002', '2006', '2022')",1
"('1334', '1333', '1334', '1301', '1334')",1
"('532', '528', '524', '528', '532')",1
"('2066', '2331', '2066')",1
"('1904', '1871', '1904', '1904')",1
"('2890', '2890', '2890', '1823', '2872', '2890', '1042', '2890')",1
"('356', '1253', '356')",1
"('1495', '1435', '1495')",1
"('1453', '1453', '2037', '2090', '2090', '2107')",1
"('', '1422', '1422', '1422', '')",1
"('1545', '1457', '1545', '1548', '1545')",1
"('2132', '2132', '2140', '2132', '2132')",1
"('', '1682', '1682', '1682', '', '', '', '')",1
"('1550', '1418', '1419', '1418', '1550')",1
"('1875', '1914', '1826', '1914', '1875', '2137', '1875', '1866', '503')",1
"('2823', '2928', '2823')",1
"('2512', '2293', '2604', '513', '513', '513', '2512')",1
"('2019', '1465', '2019', '2024', '2019', '2020', '2019')",1
"('561', '517', '512', '519', '512', '513', '561')",1
"('1579', '1547', '1579')",1
"('1678', '1605')",1
"('', '2037', '', '')",1
"('1674', '', '', '', '1674')",1
"('1904', '1442', '1904')",1
"('1655', '1438', '1445', '1588', '1583', '1655')",1
"('2623', '2533', '2623', '2618', '2623')",1
"('1330', '724', '1322', '1274', '1330')",1
"('1588', '', '1427', '1984', '1529', '1588')",1
"('499', '485', '499', '501', '499', '485', '499', '493', '499')",1
"('1550', '1436', '1432', '1550')",1
"('1473', '2614', '1473')",1
"('1694', '1696', '1694')",1
"('1506', '2102', '', '1481', '1506')",1
"('', '1776', '', '', '')",1
"('1586', '1579', '1586')",1
"('365', '1790', '365')",1
"('2647', '519', '2647', '2566', '2486', '2502', '2487', '2647', '2493', '2647')",1
"('1469', '1441', '1446', '1441', '1446', '1469', '1448', '1469')",1
"('1915', '2065', '1915', '1916', '1915')",1
"('1615', '1617', '1615')",1
"('', '1596', '1596', '1597', '1596', '')",1
"('2512', '1456', '2360', '2360', '2512')",1
"('513', '513', '513', '513', '513', '513', '513', '513', '513')",1
"('', '1436', '1427', '1436', '')",1
"('', '', '', '1777', '', '')",1
"('1615', '1505', '1615')",1
"('1914', '2153', '1914')",1
"('1555', '1568', '1555')",1
"('', '546', '', '426', '')",1
"('2032', '1773', '1773', '1777', '1773', '1773', '2032', '2087', '1931', '2028', '2032', '2062', '2063', '2032')",1
"('1471', '2039', '2039', '1422', '1418', '1471')",1
"('1644', '2039', '2039', '1644')",1
"('2894', '2823', '2894')",1
"('2590', '2317', '2016', '2013', '2071', '2013', '2071', '2590')",1
"('1885', '2086', '1885')",1
"('2827', '2913', '2827')",1
"('498', '482', '481', '498', '490', '498', '478', '490', '498', '478', '498')",1
"('2465', '2742', '2465')",1
"('499', '1423', '1422', '1423', '499')",1
"('2404', '2378', '2303', '2404', '2533', '2534', '2401', '2404', '2382', '2404')",1
"('2113', '2146', '2113', '1419', '1598', '2113')",1
"('2354', '2365', '2354', '2062', '2062', '1499', '2354')",1
"('', '469', '')",1
"('2382', '2316', '2382')",1
"('2576', '2560', '2576', '2560', '2576')",1
"('2247', '', '', '', '2220', '2247')",1
"('1264', '1598', '1419', '1598', '1264')",1
"('486', '2502', '486', '474', '486')",1
"('', '1545', '')",1
"('570', '570', '570')",1
"('', '', '1546')",1
"('2037', '2037', '2037')",1
"('1043', '2920', '1043', '1043')",1
"('1499', '1450', '', '1499')",1
"('2002', '1424', '2002', '1960', '2002')",1
"('2050', '2064', '2050')",1
"('1945', '2102', '1943', '1945', '1944', '2091', '1944', '1943', '1944', '1945')",1
"('463', '2601', '462', '463')",1
"('2032', '2026', '2032')",1
"('1725', '1723', '1725', '1761', '1723', '1726', '1725')",1
"('1040', '1043', '469', '1040')",1
"('1909', '1886', '2127', '1886', '1909')",1
"('382', '463', '1292', '382')",1
"('2010', '2380', '2010', '2010', '1993', '2010')",1
"('1260', '354', '1260')",1
"('', '1428', '1428', '1428', '')",1
"('1966', '1966', '1960', '1960', '1966', '1959', '1961', '2087', '1966')",1
"('', '', '1436', '', '')",1
"('1815', '1821', '1823', '1815', '', '1815')",1
"('1269', '1301')",1
"('342', '1259', '898', '342')",1
"('', '1992', '1496', '', '')",1
"('2864', '2864', '2863', '2864')",1
"('2205', '', '', '2205')",1
"('1556', '1436', '1436', '1556')",1
"('2017', '1773', '2018', '2017')",1
"('2889', '1434', '2889')",1
"('2624', '2301', '490', '490', '490', '492', '2622', '2624')",1
"('2090', '1622', '2089', '2090')",1
"('1515', '1515', '1515')",1
"('1771', '1688', '1437', '1436', '1771')",1
"('2110', '1950', '1939', '1939', '2110')",1
"('2009', '1274', '2009')",1
"('1899', '1491', '1899', '1902', '1899')",1
"('1891', '2103', '2055', '2082', '2042', '1891', '1891', '1891')",1
"('2124', '2099', '2124', '2124')",1
"('2916', '1779', '2823', '2916')",1
"('2358', '1600', '2358', '2358')",1
"('2064', '1433', '1446', '1433', '2064')",1
"('1278', '1229', '469', '1278')",1
"('1600', '1424', '1784', '1568')",1
"('1900', '341', '1900')",1
"('2902', '2899', '2920', '2920', '2899')",1
"('574', '505', '2742', '505', '574')",1
"('1828', '1871', '1828')",1
"('1274', '1274', '1274')",1
"('1674', '1765', '1765', '1765', '1674')",1
"('526', '542', '526')",1
"('1771', '1774', '', '1684', '1771')",1
"('2896', '2896', '2896', '2871', '2872', '2871', '2902', '2896', '2896', '2896', '2896', '2896')",1
"('2431', '1622', '1947', '2431')",1
"('1499', '2039', '2041', '1499')",1
"('', '1400', '1400', '1400', '', '')",1
"('', '2102', '')",1
"('1928', '2136', '1928', '')",1
"('1255', '1249', '1259', '1255')",1
"('1903', '1902', '1903', '1903')",1
"('1532', '2122', '1994', '1532')",1
"('2281', '464', '464', '2283', '2281')",1
"('2084', '2103', '2102', '2082', '2103', '2103', '2084')",1
"('1698', '1698', '1698', '1698')",1
"('1553', '1409', '1553', '1544', '1480', '1553')",1
"('2823', '2904', '2823', '2902', '2913', '2823')",1
"('2814', '2087', '2085', '2087', '2821', '2814')",1
"('1550', '1437', '1550')",1
"('566', '565', '', '', '566')",1
"('', '1437', '1437', '1437', '')",1
"('1466', '1464', '1466', '1682', '1466', '1500', '1500', '1500', '1466')",1
"('1675', '1679', '1675')",1
"('1814', '1881', '1814')",1
"('1565', '1439', '1565')",1
"('410', '345', '410', '1362', '410', '367', '410')",1
"('1898', '1978', '1898', '1978', '1898', '1967', '1898')",1
"('1943', '1222', '1943', '2098', '1943')",1
"('2002', '1505', '1503', '2028', '1960', '1960', '2002')",1
"('1815', '1827', '1823', '1866', '1866', '1866', '1815')",1
"('1562', '1529', '1562', '1437', '1562')",1
"('1689', '', '1689')",1
"('2279', '2604', '2605', '2293', '2277', '2279')",1
"('', '', '1682', '', '', '')",1
"('', '1599', '')",1
"('', '580', '', '')",1
"('', '2017')",1
"('1963', '2119', '1963')",1
"('1834', '2024', '2027', '2024', '1834')",1
"('', '', '', '1685', '1686', '1685', '')",1
"('2794', '2757', '2794', '', '2794', '2804', '2794')",1
"('1592', '1425', '1440', '1425', '1592')",1
"('339', '340', '402', '339', '335', '323', '339')",1
"('532', '531', '532')",1
"('2376', '2293', '2280', '2293', '2376')",1
"('2189', '2189', '2189')",1
"('2519', '2512', '2519')",1
"('456', '522', '456')",1
"('2581', '2586', '2581')",1
"('1875', '', '1875')",1
"('', '', '', '1772', '', '1771', '1434', '')",1
"('2025', '2024', '2025', '', '2025', '2025', '2025')",1
"('', '2742', '', '', '', '', '')",1
"('2521', '2102', '2552', '2552', '2521')",1
"('1912', '1672', '1912')",1
"('2903', '547', '559', '547', '2911', '2911', '2919', '2903')",1
"('1940', '1952', '1940', '1960', '1940', '1939', '1940', '1938', '1940')",1
"('1610', '1422', '1610')",1
"('', '', '1430', '', '')",1
"('2018', '1687', '1687', '1687', '2009', '2018')",1
"('1815', '1830', '1815')",1
"('2384', '1442', '2384')",1
"('394', '469', '394')",1
"('2626', '2551', '2626')",1
"('2552', '2560', '', '', '', '', '')",1
"('2073', '1962', '2073', '1962', '2073')",1
"('1283', '354', '1286', '1283', '1264', '1292', '1283')",1
"('2908', '2827', '2908')",1
"('1804', '1879', '1910', '1804', '1811', '1804')",1
"('2024', '2024', '2024')",1
"('2875', '1043', '1042', '2902', '2875', '2911', '2875')",1
"('2908', '2903', '2908', '2913', '2909', '2908', '2903', '2908')",1
"('', '1682', '1413', '')",1
"('2908', '1301', '1285', '2908', '2915', '2915', '2908', '2908', '2914', '2908', '2826', '2908')",1
"('1540', '1441', '1540', '2141', '2132', '2141', '1540')",1
"('1005', '1010', '1005', '1003', '1005')",1
"('1584', '1440', '1584', '1584', '1584')",1
"('1830', '1899', '1830')",1
"('2148', '2135', '2140', '1812', '1811', '2148')",1
"('2905', '2911', '2905')",1
"('473', '2607', '472', '472', '473')",1
"('1974', '1625', '1995', '1974')",1
"('1676', '1703', '1676')",1
"('', '1776', '')",1
"('2822', '2909', '2822', '2922', '2822')",1
"('2919', '2906', '2919')",1
"('2065', '1436', '1435', '1436', '1438', '1436', '1436', '1436', '1548', '2065')",1
"('1899', '1899', '1899')",1
"('2916', '2906', '2916')",1
"('1991', '1683', '1991')",1
"('2116', '2088', '2116', '2127', '2116')",1
"('2494', '1684', '2494')",1
"('1860', '1988', '1860', '1827', '1866', '1866', '1860')",1
"('1528', '1515', '2024', '2024', '2023', '1528')",1
"('1560', '', '2102', '1560')",1
"('2922', '2914', '2922', '2902', '2920', '2922')",1
"('1481', '1462', '1579', '1683', '1481')",1
"('1584', '1465', '1584', '1584', '1584')",1
"('336', '208', '336')",1
"('2374', '2372', '2374', '2372', '2313', '2374')",1
"('1593', '1443', '1593')",1
"('2155', '2141', '2145', '2155')",1
"('', '', '', '', '1546', '')",1
"('1499', '2054', '1503', '1499')",1
"('', '1423', '1437', '', '')",1
"('1477', '1475', '1478', '1477', '1475', '1474', '1475', '1477')",1
"('2585', '1622', '2301', '2585')",1
"('2587', '2293', '2587', '2300', '2300', '2587')",1
"('474', '400', '474')",1
"('505', '2654', '505')",1
"('2094', '2062', '2063', '2094', '2063', '2062', '2094')",1
"('2512', '1427', '2512')",1
"('1501', '1541', '1500', '1501')",1
"('2568', '2624', '2568', '2624', '2568')",1
"('', '', '', '', '', '2746', '', '', '')",1
"('485', '472', '1274', '1274', '469', '2616', '2607', '485')",1
"('1875', '1871', '1876', '1875', '2088', '1875')",1
"('2448', '2439', '2458', '2448', '2441', '2448', '2511', '2448', '2439', '2448')",1
"('1964', '2024', '1960', '1964', '1436', '1437', '1964')",1
"('1678', '1682', '1678')",1
"('1875', '2037', '1875')",1
"('1985', '1938', '1985')",1
"('1930', '2120', '1930')",1
"('1962', '2062', '1962')",1
"('2263', '1261', '1252', '2263')",1
"('2006', '2022', '1649', '2022', '2006')",1
"('1494', '1439', '1499', '1500', '1494')",1
"('2061', '1767', '2061')",1
"('1052', '519', '1052')",1
"('1446', '1437', '1454', '1437', '1446')",1
"('1244', '1246', '1244')",1
"('2042', '', '')",1
"('2516', '2185', '2516')",1
"('2090', '2087', '2090', '2090')",1
"('995', '993', '995')",1
"('', '', '', '', '', '', '', '2176', '')",1
"('2037', '2063', '2037')",1
"('360', '366', '', '', '', '', '360', '1346', '298', '360')",1
"('2465', '469', '2484', '2465')",1
"('2929', '2150', '1454', '2150', '2150', '2929')",1
"('481', '469', '469', '481')",1
"('994', '995', '994')",1
"('1584', '1431', '1584')",1
"('1592', '1421', '1421', '1423', '1421', '1421', '1592', '1590', '1592')",1
"('2344', '2316', '2344')",1
"('1465', '1487', '1486')",1
"('2908', '1918', '1923', '1918', '2908')",1
"('1999', '1436', '1999')",1
"('2376', '1439', '2367', '2376')",1
"('1834', '1859', '1834')",1
"('1977', '1435', '1977')",1
"('1372', '1360', '1372', '1381', '1372')",1
"('2333', '2010', '2333')",1
"('1885', '1897', '1866', '1885')",1
"('2469', '2437', '2469')",1
"('1649', '', '', '1649', '1578', '1551', '1649')",1
"('2260', '2378', '2338', '2378', '2260')",1
"('1893', '1911', '1907', '1866', '1893', '1899', '1978', '1893')",1
"('1917', '1806', '1917', '1917', '1917', '1914', '1882', '1917')",1
"('1937', '2104', '1937')",1
"('1984', '1983', '1984')",1
"('2155', '2139', '2155', '2102', '2155')",1
"('2089', '2101', '2089')",1
"('', '2799', '', '')",1
"('2361', '2363', '2361')",1
"('385', '520', '385', '506', '442', '385')",1
"('559', '', '559')",1
"('2916', '2919', '2916', '2896', '2916')",1
"('1252', '1010', '1002', '1252', '1253', '1252', '1319', '1253', '1319', '1252')",1
"('1445', '1439', '1445')",1
"('1895', '1497', '', '1895', '1895', '1895')",1
"('562', '519', '562')",1
"('1814', '2133', '2150', '1814')",1
"('1635', '1619', '1400', '1462', '1451', '1593', '1635')",1
"('2016', '2959')",1
"('1550', '1430', '1550')",1
"('2119', '2114', '2119', '2119', '2117', '2106', '2119')",1
"('1324', '202', '1324')",1
"('1226', '1279', '1226')",1
"('461', '502', '461')",1
"('1581', '1439', '1575', '1581')",1
"('', '1424', '1427', '', '', '')",1
"('1888', '2159', '1890', '2159', '2150', '2159', '1888')",1
"('1984', '2124', '2124', '2124', '1984', '1939', '1984')",1
"('2492', '2006', '2024', '1646', '2492')",1
"('2017', '1421', '2017')",1
"('1605', '1426', '1605', '1674', '1605')",1
"('1499', '1481', '1499', '2070', '1499')",1
"('1813', '', '1813')",1
"('1964', '2155', '1960', '1964')",1
"('2063', '2064', '2064', '2064', '2063', '2062', '2063')",1
"('1386', '2395', '1386')",1
"('2827', '2192', '2827')",1
"('2361', '1418', '2361')",1
"('1930', '241', '1930')",1
"('', '1422')",1
"('', '', '1421', '', '', '')",1
"('1441', '1778', '1441')",1
"('1368', '1276', '1368', '1322', '1368', '1276', '1326', '1276', '1368', '1251', '1368')",1
"('449', '448', '449')",1
"('2103', '2103', '2084', '2099', '2103')",1
"('1547', '1790', '1547')",1
"('2134', '', '', '', '', '')",1
"('2819', '1224', '2861', '2819')",1
"('1547', '', '1547')",1
"('1876', '1866', '1806', '1817', '1876')",1
"('509', '509', '509', '513', '509')",1
"('2281', '2282', '2384', '2281')",1
"('2605', '2103', '2605')",1
"('', '1437', '1438', '1437', '')",1
"('1914', '1914', '1914', '1914', '1914', '1914')",1
"('1834', '1799', '1834')",1
"('527', '550', '527', '521', '527')",1
"('1253', '1304', '2331', '1253')",1
"('', '2742', '2742', '2742', '2742', '')",1
"('', '', '', '', '', '2938')",1
"('432', '432', '432', '329', '377', '432', '519', '430', '430', '432')",1
"('1843', '1843', '1843', '2825', '2915', '2920', '2920', '1843')",1
"('1705', '1705', '', '1687', '1705')",1
"('1940', '1939', '1940')",1
"('2927', '1800', '2128', '2918', '2927')",1
"('', '1682', '', '', '', '')",1
"('1994', '2143', '2137', '2129', '2124', '2129', '2143', '1994')",1
"('2004', '2002', '2084', '2004')",1
"('', '1686', '', '', '', '')",1
"('1692', '1772', '1692', '1688', '1692')",1
"('', '', '498', '506', '519', '513', '518', '')",1
"('1815', '2129', '1881', '1866', '1866', '1803', '1831', '1811', '1815')",1
"('2904', '2902', '2904', '2809', '2904')",1
"('1054', '1053', '1050', '1036', '1032', '978', '978', '1011', '', '1031', '1054')",1
"('1226', '713', '1226')",1
"('1885', '2069', '1885', '1885', '1890', '1885')",1
"('1964', '883', '1964')",1
"('1904', '1952', '1904', '1899', '1904')",1
"('2895', '2865', '442', '420', '442', '420', '2911', '2903', '2895')",1
"('2017', '2018', '1419', '2017')",1
"('1947', '1416', '2087', '1947')",1
"('2063', '2062', '2063', '2063', '2063')",1
"('2077', '2058', '2057', '2077')",1
"('1543', '1486', '1543', '2024', '1486', '1543', '1621', '1543', '1498', '1940', '1543')",1
"('461', '379', '446', '461')",1
"('1619', '1503', '1619')",1
"('', '', '', '2656', '2670', '', '', '')",1
"('', '', '', '1087')",1
"('565', '574', '565', '565', '565')",1
"('1705', '1687', '1688', '1705')",1
"('2901', '2069', '2069', '2905', '2905', '2901')",1
"('1442', '', '', '1446', '1442')",1
"('2002', '1579', '1444', '1579', '2002')",1
"('1937', '2135', '1937', '1937', '1937')",1
"('1544', '1500', '1544')",1
"('2058', '1449', '1600', '1449', '2062', '2058')",1
"('2116', '2116', '2116')",1
"('2073', '2092', '2073')",1
"('2161', '2122', '2124', '2161')",1
"('372', '367', '367', '372', '378', '372')",1
"('1234', '1231', '1234', '1320', '856', '856', '1252', '1245', '1250', '1234', '1235', '1234')",1
"('2247', '', '', '', '', '', '', '2247')",1
"('360', '340', '360')",1
"('1477', '1476', '1477')",1
"('2374', '', '', '', '2374', '2378', '2372', '2374')",1
"('1374', '1359', '')",1
"('1844', '', '1844')",1
"('', '1867', '', '1459', '')",1
"('1890', '1889', '1891', '1890', '1885', '1867', '1866', '1890')",1
"('2155', '2125', '2155', '2124', '2155')",1
"('1817', '1424', '2150', '1817', '1817', '1803', '1817', '1806', '1840', '1806', '2150', '1817')",1
"('2354', '1412', '2354')",1
"('2056', '1425', '1461', '1425', '2063', '2056')",1
"('1551', '1578', '2064', '1578', '1553', '1551')",1
"('2089', '2069', '1944', '1944', '2091', '2089')",1
"('1530', '2072', '1530')",1
"('2155', '2150', '2150', '2155', '1959', '2155')",1
"('1257', '1292', '1257')",1
"('1966', '1966', '1780', '1966', '1966')",1
"('', '1419', '1419', '1776', '', '')",1
"('1559', '1532', '1437', '1559')",1
"('1770', '2244', '1770', '1412', '1770')",1
"('1814', '1876', '1814', '1915', '1914', '1814', '2141', '2141', '1814')",1
"('2331', '1292', '2277', '2281', '2331')",1
"('', '', '', '2908', '2908', '1431')",1
"('1843', '2902', '2822', '2823', '2822', '2823', '2822', '2823', '2823', '1843')",1
"('', '1434', '1454', '1434', '')",1
"('1764', '1764', '1697', '1764', '1764', '1765', '1764')",1
"('1951', '1972', '1940', '1951', '1944', '2091', '1951')",1
"('1646', '1642', '1525', '1646', '1525', '1646')",1
"('2096', '1605', '2096')",1
"('1860', '2124', '2129', '1860')",1
"('1820', '1803', '1806', '1820')",1
"('', '', '', '1478', '')",1
"('1582', '1429', '1427', '1429', '1582')",1
"('383', '383', '438', '2609', '438', '383', '383')",1
"('1783', '', '', '', '1783')",1
"('2298', '2300', '2298')",1
"('1034', '1227', '1034')",1
"('2025', '2102', '2025')",1
"('2084', '1453', '2084')",1
"('', '', '', '', '', '', '', '1461', '1564', '')",1
"('2015', '1992', '2015')",1
"('2490', '1601', '1670', '2417', '2515', '2490', '1438', '1438')",1
"('1890', '1875', '1890', '2150', '1877', '1875', '1890', '1875', '1890')",1
"('2574', '2423', '2574')",1
"('', '', '', '', '1400', '', '')",1
"('1814', '2146', '1811', '1914', '1814')",1
"('2155', '2122', '2155')",1
"('2285', '2277', '1965', '1966', '2285', '2278', '2827', '2906', '2827', '2908')",1
"('2628', '1775', '209', '2628')",1
"('', '1414', '1767', '', '', '', '', '')",1
"('1953', '1950', '1948', '2064', '1948', '1953')",1
"('1502', '2316', '1502')",1
"('2918', '1855', '1867', '1855', '2918')",1
"('1611', '1435', '1435', '1435', '1611', '1626', '1611')",1
"('2928', '2851', '2928')",1
"('', '1438', '', '', '')",1
"('560', '513', '2524', '560', '558', '546', '547', '560')",1
"('2079', '2102', '2103', '2102', '2086', '2099', '2079')",1
"('1523', '1523', '1523', '1589', '1523')",1
"('885', '1938')",1
"('524', '531', '539', '513', '524', '531', '524')",1
"('2363', '2095', '2363', '2388', '2363')",1
"('', '1478', '2030', '', '1782', '', '', '', '', '')",1
"('1916', '2062', '1916')",1
"('512', '', '512')",1
"('557', '563', '557')",1
"('2171', '2785', '', '2171')",1
"('2087', '2088', '2087', '2088', '2088', '2087')",1
"('1580', '2062', '1580', '1577', '1580', '', '1580')",1
"('1809', '1920', '1946', '1809')",1
"('409', '415', '409')",1
"('499', '505', '505', '505', '499')",1
"('2089', '1944', '2094', '', '2089', '2094', '2089')",1
"('1424', '1438', '1438', '1438', '1437', '1438', '1426', '1424')",1
"('2084', '2090', '2084', '2090', '2084')",1
"('2111', '2111', '2090', '2091', '2091', '2111', '2007', '2111', '2111')",1
"('2597', '2427', '2597')",1
"('2017', '2018', '1437', '2017')",1
"('', '2672', '', '')",1
"('1815', '1438', '1470', '1815')",1
"('2303', '2301', '1820', '2315', '2303')",1
"('1678', '1682', '1679', '1679', '1678')",1
"('450', '420', '450')",1
"('2018', '217', '1649', '1523', '2017', '2018')",1
"('2805', '2805', '2805', '2805', '2805', '2805')",1
"('371', '371', '371', '371', '371')",1
"('1952', '1630', '1630', '1630', '1630', '1630', '1952')",1
"('1809', '', '1809', '1910', '1911', '1809')",1
"('2062', '2063', '2063', '2037', '2062')",1
"('', '885', '')",1
"('2055', '2063', '2062', '2063', '2112', '2091', '2091', '2102', '2055')",1
"('2465', '2487', '2465')",1
"('2101', '2103', '2101')",1
"('1815', '1877', '2146', '1815', '1823', '1815')",1
"('2065', '2065', '2065')",1
"('2866', '2913', '2910', '2911', '2866')",1
"('1958', '1910', '2119', '1958', '2119', '1958')",1
"('2057', '2039', '2057', '1910', '2057', '2062', '2057')",1
"('2552', '2316', '2313', '2316', '2552')",1
"('426', '384', '426')",1
"('', '', '1423', '1419', '1423', '')",1
"('1753', '1753', '1753')",1
"('', '1492', '')",1
"('1531', '1459', '1531', '1496', '2037', '2095', '1944', '1967', '1531', '1422', '1531')",1
"('568', '2316', '568')",1
"('', '1436', '', '')",1
"('1002', '1003', '1002', '1290', '1002')",1
"('1339', '2149', '1339', '1339', '1339')",1
"('1654', '2248', '1689', '1525', '1566', '1462', '1438', '1439', '1654')",1
"('1973', '1990', '1410', '1973')",1
"('2929', '2069', '2929', '2884', '2929')",1
"('1768', '1444', '1442', '1444', '1579', '1583', '1768')",1
"('1946', '1945', '1945', '2122', '1946')",1
"('2771', '2220', '2771')",1
"('1952', '1437', '1454', '1437', '1952')",1
"('2770', '2752', '2752', '2770')",1
"('2823', '2894', '2872', '2823')",1
"('1877', '2117', '1877')",1
"('1830', '1866', '1830')",1
"('2894', '2902', '', '2902', '2911', '2902', '2828', '2894')",1
"('1843', '1823', '1843')",1
"('454', '457', '454')",1
"('2119', '2119', '238', '2119', '2119', '2117', '2119')",1
"('', '', '1783', '1761', '1783', '', '', '', '', '')",1
"('1582', '2527', '1582')",1
"('1937', '2395', '1937')",1
"('2066', '1995', '2066', '2079')",1
"('1348', '1953', '2087', '1953', '1348')",1
"('2356', '1449', '2356')",1
"('2062', '2039', '2062', '2301', '2070', '2062')",1
"('2380', '2244', '2241', '2244', '2380')",1
"('400', '413', '399', '400')",1
"('1999', '1996', '1972', '1996', '2005', '1999')",1
"('2187', '1568', '2187')",1
"('', '1443', '1443', '1443', '')",1
"('2553', '2551', '399', '2551', '2553')",1
"('1450', '', '1450')",1
"('2243', '2243', '1554', '2243')",1
"('2546', '2302')",1
"('465', '465', '2404', '2395', '2404', '465')",1
"('2059', '2124', '2059')",1
"('1976', '1320', '1976')",1
"('2374', '2494', '2676', '2634')",1
"('582', '586', '2636', '582', '583', '582')",1
"('1875', '1859', '1875')",1
"('1856', '2086', '2086', '2086', '1858', '1856')",1
"('', '1418', '1690', '1418', '1690', '')",1
"('339', '1408', '1420', '1408', '')",1
"('569', '399', '569')",1
"('2488', '2502', '2502', '2488')",1
"('447', '447', '448', '', '', '447', '447')",1
"('1477', '1456', '1495', '1495', '1477')",1
"('2781', '2802', '2697', '2781', '2176', '2781')",1
"('536', '545', '536')",1
"('1274', '1992', '1274')",1
"('2110', '2146', '1812', '2127', '2110', '2102', '2110')",1
"('1494', '1500', '1436', '1494')",1
"('2393', '2390', '1697', '2390', '2393')",1
"('1676', '1663', '1659', '1660', '1676', '1659', '1676')",1
"('2574', '2568', '2574', '2581', '2574')",1
"('1980', '1019', '1980')",1
"('1626', '1438', '1629', '1631', '1626')",1
"('1940', '1998', '2006', '1940', '1960', '1940', '1940', '1940', '1998', '1940')",1
"('', '', '', '', '', '', '2225', '', '')",1
"('1532', '1523', '1532', '1523', '1532')",1
"('2150', '1545', '2023', '2024', '1828')",1
"('', '1437', '801')",1
"('464', '342', '340', '342', '343', '340', '464')",1
"('1886', '2062', '1886')",1
"('1542', '1418', '1542')",1
"('1011', '1002', '1008', '1013', '1002', '1008', '1008', '1011')",1
"('454', '1759', '454')",1
"('', '2066', '')",1
"('1998', '2006', '1998', '2020', '1998')",1
"('2019', '2018', '2018', '2019', '2018', '2019', '1588', '2019')",1
"('2262', '2217', '2262')",1
"('2094', '2118', '2097', '2094')",1
"('1918', '2140', '1443', '2140', '1918')",1
"('2176', '1763', '2176', '2176', '2176')",1
"('1704', '1636', '1704', '1636', '1704')",1
"('1690', '', '1690')",1
"('', '2064', '2064', '2064', '1569', '', '', '', '', '', '')",1
"('1507', '1505', '1443', '1449', '1505', '1507')",1
"('1673', '1681', '1673')",1
"('2023', '1584', '2023')",1
"('2380', '1430', '2380')",1
"('2016', '1649', '2019', '2016')",1
"('2346', '1589', '1414', '1589', '1589', '1589', '2346')",1
"('2380', '2312', '2380', '2381', '2380')",1
"('1499', '1426', '1500', '1499')",1
"('1576', '1443', '1576')",1
"('1768', '', '1768')",1
"('2142', '1871', '2142', '2141', '2142')",1
"('1873', '354', '1873')",1
"('465', '2920', '')",1
"('501', '501', '469', '501')",1
"('2405', '2513', '', '2405')",1
"('1704', '1449', '1704')",1
"('2841', '2906', '2908', '2841')",1
"('1985', '')",1
"('1751', '1751', '1751')",1
"('2233', '2238', '2220', '1748')",1
"('433', '536', '433')",1
"('2176', '2471', '2478', '2471', '2486', '2216', '2189', '2175', '2176', '2189', '2176')",1
"('', '1423', '')",1
"('1979', '1982', '1979', '1949', '1979')",1
"('2037', '2037', '2037', '1455', '2037')",1
"('2037', '1578', '2037')",1
"('574', '565', '562', '535', '519', '518', '506', '562', '574')",1
"('2038', '2042', '2038', '2037', '2038')",1
"('1997', '1882', '1882', '1812', '1997')",1
"('2363', '2361', '2363', '2385', '2344', '2368', '2363')",1
"('487', '469', '487', '490', '487')",1
"('1771', '1992', '1771')",1
"('1427', '')",1
"('', '1427', '1427', '1427', '')",1
"('2916', '2913', '2916')",1
"('2064', '2095', '2062', '2064')",1
"('1636', '1619', '1879', '1881', '1881', '1881', '1619', '1630', '1636')",1
"('1249', '1257', '1320', '1249', '733', '1249')",1
"('1923', '2139', '1923')",1
"('554', '2622', '2301', '2529', '2622')",1
"('2088', '1932', '1455', '1456', '1456', '1455', '1455', '1456', '2086', '2088', '2088')",1
"('2072', '1960', '2072')",1
"('2493', '2651', '2493')",1
"('1572', '1590', '1572', '1559', '1572', '1562', '1572')",1
"('2047', '2042', '2042', '2047', '2047')",1
"('2552', '490', '2552')",1
"('2024', '214', '2024')",1
"('528', '528', '531', '531', '529', '532', '506', '506', '539', '520', '506', '532', '529', '528', '522', '528')",1
"('1521', '1602', '1521')",1
"('2088', '1682', '2088')",1
"('1905', '1866', '1905', '1811', '1813', '1905')",1
"('', '2618', '', '', '')",1
"('1886', '2141', '2148', '2141', '1886')",1
"('', '1681', '1684', '1457', '1617', '')",1
"('1285', '', '1285', '1285', '1325', '1325', '1291', '1285')",1
"('2023', '1428', '2023')",1
"('', '2921', '2920', '2921', '')",1
"('2150', '2150', '2150')",1
"('2090', '1449', '2090')",1
"('1586', '1455', '1586', '1577', '1586')",1
"('514', '515', '515', '', '514')",1
"('', '1779', '1766', '')",1
"('542', '522', '542')",1
"('2049', '2103', '2168', '2049', '2051', '2049')",1
"('', '', '2131', '', '')",1
"('1922', '2135', '1922', '2114', '2116', '1922')",1
"('1678', '1679', '1678', '1679', '1678')",1
"('1501', '', '')",1
"('1995', '1986', '1967', '2086', '1986', '1995')",1
"('1911', '1909', '398', '398', '398', '1911')",1
"('', '1777', '1586', '1777', '', '', '')",1
"('1813', '1272', '1813')",1
"('1234', '1253', '1253', '1253', '1253', '1234')",1
"('2814', '2906', '2814', '2900', '2814')",1
"('1532', '1521', '1532')",1
"('481', '502', '481', '502', '481', '490', '481')",1
"('536', '542', '536')",1
"('1498', '1500', '1500', '1498')",1
"('', '', '', '', '', '1478', '1443', '1441', '')",1
"('', '1994', '')",1
"('2021', '2018', '2064', '2021')",1
"('1548', '1530', '1548', '', '1548')",1
"('2481', '1491', '2481')",1
"('1541', '1503', '1541')",1
"('2037', '1454', '2037')",1
"('1577', '1439', '1435', '1439', '1577')",1
"('340', '340', '1644')",1
"('1687', '1598', '1439', '1598', '1687', '1687', '1687')",1
"('2380', '', '', '', '2380')",1
"('535', '525', '535', '535')",1
"('454', '197', '454')",1
"('2896', '2920', '2899', '2896')",1
"('1923', '2098', '2134', '1923', '2090', '1923')",1
"('1966', '399', '1966')",1
"('2060', '2091', '2060', '1417', '2060')",1
"('2055', '2069', '2069', '2069', '2055', '2062', '2063', '2055')",1
"('2022', '2021', '2023', '2022')",1
"('1678', '', '1678')",1
"('2090', '2092', '2090')",1
"('1280', '1280', '1280')",1
"('1937', '1937', '1937')",1
"('2298', '2511', '2511', '2298')",1
"('1483', '1448', '1483', '1468', '1483')",1
"('2023', '', '2023', '2024', '2023')",1
"('447', '447', '436', '427', '447', '447', '436', '449', '447')",1
"('1055', '1053', '1055', '1054', '1055', '1063', '1062', '1063', '1055')",1
"('1475', '1546', '1435', '1546', '1427', '1546', '1439', '1552', '1550', '1475')",1
"('2084', '2091', '2084')",1
"('482', '490', '482', '507', '490', '482')",1
"('513', '537', '513', '513', '513')",1
"('500', '499', '398', '499', '500')",1
"('2882', '1843', '2882', '2884', '2899', '2882', '1852', '2882')",1
"('2624', '2513', '2362', '2624')",1
"('2822', '2923', '2913', '2822', '2923', '2923', '2822', '2923', '2822')",1
"('2159', '1807', '2159')",1
"('1965', '1904', '1965')",1
"('2038', '2042', '2038', '2037', '2037', '1495', '2038')",1
"('1501', '1579', '1501')",1
"('1581', '1610', '1581', '1421', '1590', '1590', '1610')",1
"('1381', '1248', '1381')",1
"('1501', '1426', '1501')",1
"('2560', '2548', '2560', '709', '2560')",1
"('2426', '2526', '2426')",1
"('2880', '1042', '1042', '1042', '2880')",1
"('2898', '2900', '2908', '2906', '2903', '2914', '2908', '2906', '2900', '2898')",1
"('2808', '2906', '2808', '2809', '2808')",1
"('1879', '1914', '1879')",1
"('1784', '2069', '1784')",1
"('1902', '1933', '1992', '1322', '1324', '1336', '1336', '1954', '1902')",1
"('', '', '862', '', '')",1
"('1019', '980', '1019')",1
"('2252', '2249', '', '2252')",1
"('2314', '237', '2304', '2313', '2314')",1
"('2037', '1455', '1443', '1455', '1589', '2037')",1
"('2248', '2479', '2248')",1
"('2087', '2084', '2087')",1
"('1745', '1671', '1745')",1
"('475', '235', '235', '235', '476', '475')",1
"('', '1439', '1429', '1428', '')",1
"('2301', '2086', '1931', '2380', '2301')",1
"('1912', '1930', '1912')",1
"('1371', '478', '416', '415', '415', '419', '415')",1
"('1376', '1382', '1376')",1
"('1556', '1425', '1556')",1
"('2364', '2381', '2385', '2364')",1
"('1784', '1758', '1784')",1
"('1057', '1262', '1057', '', '')",1
"('1729', '1614', '1622', '1655', '1729', '1732', '1729')",1
"('499', '558', '499')",1
"('2094', '1985', '1886', '2094')",1
"('1584', '1541', '1587', '1584')",1
"('1705', '1684', '1600', '1705')",1
"('2896', '1828', '2896', '2914', '2896')",1
"('1783', '2395', '2361', '2395', '1783', '1783')",1
"('1902', '1902', '1902')",1
"('2615', '1622', '2615')",1
"('2900', '2903', '2903', '2900', '2900', '2900')",1
"('2037', '2062', '1494', '2062', '2037', '1494', '2037')",1
"('2195', '538', '513', '2195')",1
"('2911', '', '2911', '2905', '2905', '2911')",1
"('1820', '1827', '466', '1820', '1823', '1823', '1820')",1
"('2082', '2118', '2094', '2090', '2082')",1
"('2873', '2876', '2873')",1
"('2161', '2127', '2161')",1
"('1324', '1253', '216', '1324')",1
"('2035', '1496', '2035')",1
"('2380', '2317', '2385', '2304', '2380', '', '2380')",1
"('1524', '1462', '1767', '1527', '1524')",1
"('1813', '1811', '1915', '2132', '1915', '1813', '2143', '2143', '1813')",1
"('', '', '', '506', '', '')",1
"('', '', '', '', '', '1422', '')",1
"('332', '332', '332', '332', '368', '378', '332')",1
"('', '2062', '1549', '', '', '', '')",1
"('2357', '2020', '2351', '1627', '2351', '2020', '2357')",1
"('2519', '2568', '2519')",1
"('2379', '2379', '2379', '2379', '2379', '2379', '2379', '2378', '2379')",1
"('548', '544', '555', '559', '548')",1
"('1730', '1590', '2441', '1730')",1
"('', '', '', '', '', '2216', '2494', '')",1
"('2784', '1422', '2784')",1
"('1418', '1684', '', '1418')",1
"('2151', '2132', '2151', '2082', '2151', '2086', '2151')",1
"('2889', '2047', '2889')",1
"('1425', '1517', '1425')",1
"('421', '', '', '')",1
"('395', '403', '395', '1423', '395', '395', '395', '415', '367', '395')",1
"('', '', '1771', '', '')",1
"('1377', '2613', '1375', '1377')",1
"('2017', '1683', '2020', '2017')",1
"('2509', '2502', '2509')",1
"('1627', '1622', '', '1617', '1670', '1627')",1
"('2205', '1605', '2205')",1
"('2403', '2623', '2403')",1
"('', '2064', '')",1
"('1306', '1285', '1322', '1306')",1
"('', '1773', '1780', '1773', '')",1
"('', '2746', '', '1390')",1
"('2842', '2864', '2842')",1
"('2380', '2380', '2380', '2314', '1276', '2019', '2380', '2380', '2379', '2380', '2310', '2380')",1
"('1525', '2025', '1525')",1
"('1366', '469', '469', '1366')",1
"('1498', '1424', '1498')",1
"('', '', '', '2410', '')",1
"('1552', '1550', '1552', '1598', '1552')",1
"('', '', '', '', '', '', '1767', '')",1
"('1557', '1454', '1436', '1557')",1
"('2425', '432', '371', '368', '2425')",1
"('2914', '2906', '2914')",1
"('', '2746', '2742', '')",1
"('1956', '543', '2079', '1956')",1
"('1040', '1043', '1040', '1046', '', '', '')",1
"('540', '522', '540')",1
"('', '2304', '')",1
"('', '1942', '')",1
"('1497', '1421', '1503', '1497')",1
"('', '1400', '', '', '')",1
"('1347', '1347', '1346', '1347', '1346', '', '1347', '1346', '1347', '1346', '1347')",1
"('', '1415', '', '', '')",1
"('2724', '2729', '2724')",1
"('565', '513', '507', '430', '565')",1
"('570', '504', '519', '519', '504', '570')",1
"('1999', '469', '1999')",1
"('1914', '1985', '1914')",1
"('2583', '2586', '2584', '2303', '2586', '2584', '2583')",1
"('1584', '1463', '1584')",1
"('1826', '1823', '1827')",1
"('1372', '1372', '465', '1372')",1
"('2038', '1546', '1425', '2038')",1
"('', '1419', '', '', '', '')",1
"('2301', '2585', '2301', '733', '2301', '2293', '2315', '2303', '2301', '2301')",1
"('', '1456', '1453', '1456', '')",1
"('2908', '', '', '', '2908', '2908', '2913', '2906', '2908')",1
"('', '1790', '', '', '', '', '')",1
"('', '2316', '2317', '')",1
"('529', '433', '430', '529')",1
"('1665', '1584', '1665')",1
"('1733', '1712', '1733')",1
"('2439', '2287', '2439')",1
"('2030', '2119', '2030', '2024', '2030', '2119', '2030')",1
"('2375', '2318', '2375')",1
"('', '', '1765', '1598', '1598', '')",1
"('', '1412', '1777', '1412', '', '')",1
"('1006', '203', '1006')",1
"('', '', '', '233')",1
"('', '354', '341', '343', '347', '2604', '')",1
"('', '1465', '', '', '', '', '')",1
"('384', '384', '451', '384')",1
"('2737', '1759', '2737')",1
"('2359', '2410', '2528', '2359')",1
"('2880', '2826', '2908', '2880')",1
"('2079', '1427', '2079')",1
"('1915', '1914', '1882', '1811', '1807', '2150', '1915')",1
"('2323', '2301', '2323')",1
"('2241', '2464', '2241')",1
"('1057', '1235', '1057', '1054', '1057', '1012', '1002', '1011', '1002', '', '1057')",1
"('2560', '2560', '2560', '2560')",1
"('', '2865', '2903', '2865', '')",1
"('2784', '1682', '2784', '2697', '2784')",1
"('', '300', '')",1
"('1556', '1642', '1556', '1559', '1556')",1
"('459', '1638', '459', '459')",1
"('2197', '1622', '1622', '2197')",1
"('2828', '2905', '2907', '2828')",1
"('2731', '2726', '2731', '2729', '2731', '2729', '2731')",1
"('', '', '1400', '')",1
"('1902', '1933', '1902')",1
"('', '1455', '1436', '1455', '')",1
"('2102', '2102', '2102', '2072', '2102')",1
"('2150', '2085', '2150', '2150', '2150', '2150', '2150')",1
"('364', '439', '373', '454', '439', '373', '364')",1
"('2166', '2039', '2166')",1
"('1737', '1744', '2181', '1744', '1743', '1737')",1
"('2155', '2122', '2155', '2158', '2155')",1
"('', '1598', '1597', '1598', '')",1
"('2210', '2244', '1671')",1
"('1640', '1598', '1560', '1640')",1
"('', '', '542', '490', '481')",1
"('415', '')",1
"('2667', '2742', '2667')",1
"('2918', '2921')",1
"('1581', '1422', '1439', '1422', '1447', '1578', '1581')",1
"('1498', '', '1498', '1482', '1498')",1
"('2552', '2622', '2552')",1
"('1313', '1326', '1251', '1313', '1253', '1313')",1
"('2266', '241', '462', '2266')",1
"('2649', '2502', '2502', '2649')",1
"('1893', '1891', '2035', '1873', '1893', '2132', '1893')",1
"('', '1414', '')",1
"('2021', '1682', '1682', '1682', '1682', '2023', '2021')",1
"('2805', '2805', '2930', '2805')",1
"('1878', '2156', '2132', '2141', '1849', '1846', '2141', '2132', '2156', '1878')",1
"('1469', '', '', '', '1469')",1
"('2476', '1626', '2476')",1
"('2908', '2915', '2908')",1
"('1827', '2069', '1827')",1
"('356', '404', '356')",1
"('2624', '1778', '1777', '1778', '1570', '2618', '2624')",1
"('1918', '2064', '1918', '2148', '2132', '1918')",1
"('1376', '1899', '1937', '1376')",1
"('2718', '2742', '2718', '2802', '2718')",1
"('573', '520', '573')",1
"('2402', '2530', '2506', '2530', '2531', '2402')",1
"('981', '992', '1003', '2982', '3047', '981')",1
"('1995', '2013', '1995')",1
"('1563', '1560', '1563')",1
"('395', '499', '404', '395')",1
"('2119', '2137', '2114', '2099', '2111', '2119', '1931', '2119', '2168', '1931', '2119')",1
"('1446', '', '', '', '1446')",1
"('1550', '1436', '1550', '1549', '1550', '1554', '1550')",1
"('2913', '2911', '2914', '2063', '2062', '2063', '1584', '1584', '1584')",1
"('1709', '1773', '1438', '1435', '1709')",1
"('304', '399', '2484', '2735')",1
"('2540', '2103', '2535', '2540')",1
"('395', '96', '395')",1
"('2717', '1544', '1481', '1544', '2717')",1
"('2905', '2921', '2905')",1
"('1566', '1574', '1566')",1
"('2643', '2645', '2645', '2643')",1
"('', '', '1771', '')",1
"('1852', '1827', '1852')",1
"('', '1622', '', '', '', '')",1
"('2402', '2398', '1385', '352', '2614', '2402', '2403', '2402')",1
"('1985', '2293', '2380', '2293', '1985')",1
"('2296', '2304', '2296')",1
"('2925', '2923', '2923', '2925', '2920', '2925', '2923', '2925', '2923', '2925')",1
"('2349', '1442', '1604', '2349')",1
"('2519', '2398', '2674', '2519')",1
"('2176', '2756', '2176')",1
"('1943', '1943', '', '', '1943', '1815', '', '1943')",1
"('1590', '1422', '1422', '1422', '1585', '1440', '1590')",1
"('1918', '1899', '1918')",1
"('1740', '1643', '1740')",1
"('1667', '2063', '2063', '1688', '1667')",1
"('2305', '2062', '2305')",1
"('1727', '1442', '1727')",1
"('1313', '1314', '1313', '1320', '1313', '1314', '1313', '1270', '1316', '1313')",1
"('1731', '1699', '1731')",1
"('', '1684', '', '', '')",1
"('1761', '1758', '1413', '1599', '1767', '1753', '1761')",1
"('2914', '2913', '2914')",1
"('', '1458', '', '', '', '', '', '', '')",1
"('', '1576', '')",1
"('2496', '2506', '2645', '2496')",1
"('1807', '1918', '1807', '2130', '1918', '1807')",1
"('2552', '519', '513', '2552', '540', '2552')",1
"('2896', '2093', '2133', '2093', '2095', '2093', '2896')",1
"('2380', '2283', '2380')",1
"('2234', '', '', '', '', '', '', '', '2697', '2234', '2233', '2234')",1
"('2123', '2112', '2123', '2121', '2123')",1
"('1539', '1503', '1539', '1546', '1539')",1
"('2643', '2502', '2643')",1
"('', '1436', '1470', '')",1
"('497', '511', '497')",1
"('2485', '2491', '2485', '2450', '2485')",1
"('1379', '1274', '1379')",1
"('393', '475', '393', '471', '393', '399', '399', '399', '393')",1
"('1617', '1436', '1617', '1617')",1
"('1394', '534', '')",1
"('463', '469', '463', '2282', '465', '465', '463')",1
"('2097', '2091', '2062', '2037', '2062', '2063', '2102', '2086', '2086', '2090', '2097')",1
"('', '1360', '')",1
"('464', '462', '2623', '462', '464')",1
"('1574', '1572', '1432', '1574')",1
"('2746', '', '2746')",1
"('1690', '1427', '1427', '1427', '1690')",1
"('2879', '2876', '2879', '1039', '1042', '1042', '1041', '2879')",1
"('2361', '2381', '2361', '1767', '2361')",1
"('545', '540', '545')",1
"('1840', '1823', '1823', '1840', '1840')",1
"('2376', '1659', '1659', '1661', '1659', '2015', '2304', '2303', '1659', '2376')",1
"('1480', '1494', '1480')",1
"('1940', '2062', '1940')",1
"('2500', '2502', '2495', '2064', '2064', '2064', '2500', '2513', '2500')",1
"('1575', '1581', '1419', '1423', '1419', '1423', '1576', '1575')",1
"('2359', '226', '226', '1743', '2752', '', '', '2751', '2767')",1
"('1940', '', '1977', '1940')",1
"('2367', '1568', '2367')",1
"('2107', '2102', '2107', '2098', '2099', '2107')",1
"('', '1486', '')",1
"('552', '574', '552', '546', '552', '546', '552', '541', '552')",1
"('2037', '2095', '2091', '2095', '2037', '2037')",1
"('1970', '1880', '1970', '1982', '1970')",1
"('2361', '', '', '2361')",1
"('2642', '2561', '2642')",1
"('2828', '2920', '2902', '2899', '2920', '2920', '2828', '2908', '2828', '2913', '2920', '2828')",1
"('2554', '2623', '2554')",1
"('1007', '347', '1007')",1
"('1057', '210', '933', '1057')",1
"('2516', '2512', '2516')",1
"('2924', '', '2924')",1
"('2512', '2496', '2499', '2512')",1
"('1542', '1542', '1498', '1542')",1
"('', '', '', '', '', '', '1418', '', '1459', '')",1
"('1583', '1427', '1437', '1584', '1583')",1
"('', '', '1598', '1424', '1598', '', '')",1
"('', '1455', '1596', '1455', '')",1
"('1044', '1062', '1051', '1044', '1044')",1
"('2847', '518', '545', '2847')",1
"('2382', '', '2382')",1
"('2659', '2224', '2659')",1
"('2226', '2752', '2749', '2751', '2226')",1
"('1441', '', '1441', '', '1441')",1
"('2511', '', '2676', '2511')",1
"('969', '1003', '1003', '1003', '1003', '1003', '1002', '969', '1003', '1002', '969', '1003', '969')",1
"('', '', '1497', '2039', '1597', '1597', '1497', '')",1
"('2823', '2114', '1897', '2923', '2823')",1
"('1617', '1424', '1617')",1
"('2642', '2623', '2642', '2493', '2642', '2520', '2642', '2642')",1
"('1006', '1015', '1010', '1006')",1
"('', '', '2298', '2587', '2298', '2300', '2327', '2298')",1
"('', '1440')",1
"('2341', '2341', '2346', '2341')",1
"('462', '1325', '2607', '463', '462', '465', '399', '399', '399', '399', '462')",1
"('1899', '1903', '1899')",1
"('994', '990', '995', '990', '994', '1023', '1028', '994', '994', '994', '984', '989', '984', '994')",1
"('1481', '1939', '2117', '1939', '1497', '1500', '1481')",1
"('2245', '1704', '2245')",1
"('1560', '2130', '2128', '2130', '1560')",1
"('2371', '2393', '2314', '2372', '2371')",1
"('2118', '2114', '2118')",1
"('', '', '1460', '')",1
"('1904', '1992', '1904')",1
"('', '', '2698', '', '', '', '', '', '', '')",1
"('2737', '', '2737', '2697', '2737')",1
"('1856', '1439', '1856')",1
"('462', '2615', '329', '329', '329', '462')",1
"('1609', '1670', '1609', '1427', '2611', '1427', '1454', '1598', '1609')",1
"('1587', '1411', '1780', '1411', '1587', '1587', '1587')",1
"('1554', '', '', '', '1593', '1593', '1554')",1
"('469', '417', '535', '417', '469')",1
"('2918', '2918', '', '2918', '2918')",1
"('2417', '1612', '1613', '1425', '223', '2417')",1
"('2087', '1723')",1
"('1370', '2381', '1370')",1
"('', '1429', '1682', '1429', '1926', '')",1
"('459', '1453', '459')",1
"('1611', '1687', '1459', '1611')",1
"('1964', '1996', '1958', '1964', '2073', '1964')",1
"('2861', '2922', '2861')",1
"('', '2114', '', '', '2114', '')",1
"('', '1013', '')",1
"('488', '378', '488', '519', '519', '488', '1429', '488')",1
"('509', '562', '565', '564', '513', '513', '510', '509')",1
"('385', '430', '385')",1
"('2220', '2752', '2752', '2228', '2216', '2249', '2249', '2214', '2216', '2214', '2216', '2214')",1
"('2649', '2412', '2649')",1
"('', '2115', '', '')",1
"('1731', '1650', '1751', '2257', '1650', '1731')",1
"('994', '238')",1
"('2245', '', '2245')",1
"('2914', '2885', '2914')",1
"('1878', '1880', '1878')",1
"('2243', '2243', '1568', '2243', '2243')",1
"('405', '872', '405')",1
"('1944', '2095', '2116', '1944')",1
"('1711', '1527', '1711')",1
"('2441', '1597', '2441')",1
"('2501', '2502', '2501')",1
"('2744', '2757', '2744')",1
"('1813', '2117', '2118', '1799', '1813')",1
"('415', '1272', '1272', '1272', '370', '415', '379', '415')",1
"('1545', '1423', '1419', '1423', '1545')",1
"('', '1455', '1455', '1455', '1622', '')",1
"('2070', '1455', '1436', '1455', '1455', '2070')",1
"('2744', '1437', '2744')",1
"('2061', '1416', '2038', '2061', '2062', '2063', '2061')",1
"('1730', '1665', '1709', '1656', '', '1730')",1
"('1537', '1541', '1501', '1537', '1541', '1537')",1
"('1548', '', '1550', '1549', '1548')",1
"('2478', '2502', '2236', '2478')",1
"('1888', '2087', '2087', '2087', '1888', '1918', '1888')",1
"('393', '469', '393')",1
"('1301', '1387', '1301')",1
"('2176', '2629', '2176')",1
"('1969', '1967', '1969', '2317', '1969', '1939', '1939', '1940', '1969')",1
"('2186', '1541', '1546', '1543', '2186')",1
"('2560', '2552', '2560')",1
"('2426', '1690', '2426')",1
"('', '', '1780', '', '')",1
"('1578', '1740', '1578')",1
"('2907', '2907', '2907')",1
"('1716', '1622', '1996', '2024', '1716')",1
"('2422', '2340', '2515', '2422')",1
"('1590', '1531', '', '')",1
"('463', '1986', '1899', '1986', '463')",1
"('1899', '1930', '1899')",1
"('2918', '2918', '896', '2918', '2918')",1
"('1500', '1426', '1500', '1500')",1
"('2252', '2250', '2252')",1
"('2423', '2000', '1998', '2000', '2423')",1
"('', '1435', '', '')",1
"('2417', '2499', '2513', '2513', '2499', '2513', '2417')",1
"('994', '993', '995', '994')",1
"('2342', '2336', '2342', '2424', '2342')",1
"('1585', '1647', '1585')",1
"('1605', '1603', '1605', '1474', '1442', '1605')",1
"('1974', '1966', '1974', '2929', '1974', '1971', '1974')",1
"('2400', '2585', '2400', '1767', '2401', '2400', '2301', '2400')",1
"('1292', '1253', '1292')",1
"('2342', '2005', '2342')",1
"('', '', '', '', '2114', '', '')",1
"('2310', '2317', '2310')",1
"('2226', '2225', '2225', '2748', '2226', '2742', '2226')",1
"('2096', '2095', '2096')",1
"('1231', '644', '1234', '1231')",1
"('1682', '1709', '1709', '1656', '1709', '1730')",1
"('1680', '1687', '1680')",1
"('', '', '1598', '1423', '')",1
"('395', '384', '395')",1
"('2633', '2243', '', '', '2633')",1
"('', '1425', '1420', '1425', '')",1
"('2881', '2888', '2091', '2090', '2881')",1
"('969', '1009', '1011', '969')",1
"('1372', '1372', '875', '875', '1372', '1372', '1372')",1
"('2224', '2765', '2676', '2224', '2224')",1
"('1966', '2013', '1945', '2154', '2124', '1966', '2013', '1966')",1
"('2508', '1400', '1456', '1400', '2508')",1
"('1292', '1299', '1292', '1299', '1292')",1
"('1016', '', '228', '1016')",1
"('1057', '1062', '1054', '1054', '1057')",1
"('', '2176', '2193', '2174', '')",1
"('2373', '2039', '2373')",1
"('', '1628', '')",1
"('1456', '1434', '1455', '1456')",1
"('1448', '1501', '1483', '1448', '1459', '1448')",1
"('2814', '2821', '2818', '2818', '2920', '2814', '2814')",1
"('1424', '1544', '1424')",1
"('', '', '', '2079', '')",1
"('1828', '1828', '1828')",1
"('550', '469', '540', '513', '550')",1
"('1605', '1599', '1605')",1
"('1057', '1053', '1054', '1057', '1054', '1057', '1057', '1062', '1057')",1
"('2380', '2023', '2380')",1
"('488', '399', '488', '488', '399', '488')",1
"('2305', '2063', '2020', '2305')",1
"('1556', '1555', '1682', '1555', '1556')",1
"('1912', '2087', '1912', '1807', '1912')",1
"('2598', '2028')",1
"('1694', '1421', '1694')",1
"('', '', '1455', '1435', '')",1
"('2642', '1426', '2511', '2642')",1
"('2097', '2087', '2097')",1
"('982', '641', '674', '778', '778', '778', '641', '982', '1003', '1003', '982')",1
"('415', '361', '442', '442', '415')",1
"('1446', '1439', '1440', '1446', '2037', '1446', '1767', '1446')",1
"('2009', '2011', '1618', '2009')",1
"('2365', '2374', '2381', '2281', '2365')",1
"('2426', '2491', '2426', '2409', '2426')",1
"('2405', '', '2405')",1
"('2088', '1778', '1944', '2088')",1
"('', '', '1910', '1907', '1910', '1910', '1910', '', '')",1
"('2373', '1410', '2374', '2373')",1
"('', '1420')",1
"('2658', '1696', '1593', '1696', '2658', '2666', '2666', '2658')",1
"('', '1435', '1455', '1421', '', '', '')",1
"('2097', '1685', '2097')",1
"('', '', '', '568', '', '')",1
"('1971', '1940', '1979', '1829', '1869', '1866', '1881', '1971', '1979', '1971', '1932', '2088', '1971', '1999', '1996', '1971')",1
"('1552', '2316', '1552', '1552', '1583', '1552')",1
"('2674', '1439', '1426', '519', '2674')",1
"('1741', '', '1741')",1
"('1771', '2062', '1771')",1
"('516', '433', '430', '442', '515', '515', '516')",1
"('2204', '2174', '2744', '2204')",1
"('2010', '1988', '2010')",1
"('2343', '1449', '1454', '1449', '2343')",1
"('', '2747', '', '', '')",1
"('2003', '2028', '2003')",1
"('', '2064', '2064', '2091', '2064', '2064', '')",1
"('1714', '1424', '1714', '1723', '1714')",1
"('2005', '2007', '2005', '2007', '2005')",1
"('563', '574', '563', '565', '562', '563', '562', '531', '563')",1
"('', '1443', '', '')",1
"('1065', '1057', '1054', '1065', '1018', '1065')",1
"('1824', '2131', '2132', '2131', '1824', '1827', '1824', '1827', '1824', '354')",1
"('', '', '1432', '1472', '')",1
"('2488', '2488', '2488')",1
"('1716', '', '', '', '1716')",1
"('', '1777', '1773', '1777', '', '', '')",1
"('', '', '1431', '1779', '1431', '', '')",1
"('', '2244', '2241', '2244', '576', '')",1
"('', '1599', '1597', '1599', '1597', '1599', '')",1
"('986', '989', '986')",1
"('2901', '2901', '2901', '2902', '2901', '2903', '2903', '2903', '2901')",1
"('429', '430', '429')",1
"('2238', '1751', '2238')",1
"('2382', '2300', '2316', '2382')",1
"('2507', '2641', '2507', '2484', '2507', '2641', '2507', '2535', '2507')",1
"('2037', '', '2037', '2025', '2037', '2057', '2037')",1
"('2028', '1804', '2028', '2028')",1
"('2338', '2034', '2337', '2344', '2338')",1
"('', '1780', '1780', '1780', '', '', '', '', '')",1
"('2178', '2190', '2178')",1
"('2298', '2509', '506', '2509', '2298')",1
"('1990', '2034', '2067', '2034', '1990')",1
"('2556', '2568', '2556')",1
"('2552', '2560', '1378', '1386', '1378', '2552')",1
"('1930', '1926', '1930')",1
"('356', '478', '417')",1
"('2364', '1433', '2364')",1
"('2063', '2037', '2037', '2082', '2102', '2103', '2063', '2063')",1
"('1530', '1560', '1530')",1
"('1899', '1982', '1899', '1902', '1899')",1
"('1515', '2020', '1515', '1564', '1427', '1427', '1427', '1515')",1
"('1661', '1662', '1661')",1
"('1964', '2052', '1964', '2052', '1964')",1
"('1346', '2266', '1346')",1
"('459', '384', '459')",1
"('2031', '2031', '1411', '2031', '2031')",1
"('2115', '2122', '2117', '2115', '2122', '2115', '2133', '2115')",1
"('1961', '1958', '2075', '1961')",1
"('1828', '2098', '1828')",1
"('1999', '1442', '1999')",1
"('1511', '2068', '1437', '2030', '1511')",1
"('', '2247', '', '', '')",1
"('1965', '1991', '1962', '1965')",1
"('2927', '', '2927')",1
"('', '1596', '')",1
"('1057', '874', '217', '853', '874', '868', '1057')",1
"('1922', '2920', '1922', '2150', '1922')",1
"('', '1422', '1413', '1416', '')",1
"('2924', '2916', '2924', '2921', '2924')",1
"('1295', '1301', '1336', '1295')",1
"('1807', '1807', '1807', '2150', '1807', '2150', '1807', '1807', '1807')",1
"('1261', '1252', '1261')",1
"('2516', '2128', '2511', '2511', '2511', '2496', '2502', '2498', '2516')",1
"('1684', '1771', '1766', '1771', '1684')",1
"('2143', '1879', '2143')",1
"('2115', '1931', '2115', '2115', '1980', '1985', '1982', '2115')",1
"('1006', '1018', '1006')",1
"('2152', '1871', '2146', '1882', '2146', '2152', '1807', '1811', '2152')",1
"('2805', '870', '2902', '2805')",1
"('1687', '1687', '1687', '1687', '1696', '1687')",1
"('1039', '1039', '1043', '2102', '1039')",1
"('1987', '2316', '1987', '2264', '1987')",1
"('1336', '1341', '1385', '1341', '1336')",1
"('2434', '1456', '2434')",1
"('1375', '892', '1375', '1376', '1375')",1
"('2864', '2129', '2864')",1
"('2235', '2237', '1762', '2237', '1762', '2235')",1
"('1941', '2135', '1416', '1941')",1
"('484', '499', '208', '472', '484')",1
"('2016', '1579', '2016')",1
"('2767', '2752', '2767')",1
"('1441', '1439', '1584', '1442', '1441')",1
"('2614', '2609', '475', '1899', '2614', '2609', '2610', '2614')",1
"('1611', '1599', '1416', '1599', '1611')",1
"('1771', '1690', '1771', '1690', '1771')",1
"('', '1425', '1425', '1425', '', '', '', '')",1
"('2916', '2884', '2916', '', '2916')",1
"('2172', '2786', '2172')",1
"('2756', '', '2211', '2467', '2495', '2756')",1
"('1429', '1563')",1
"('970', '', '970')",1
"('1922', '2069', '1922')",1
"('2802', '2206', '2234', '2206', '2765', '2752', '2802')",1
"('1513', '1945', '2085', '1513')",1
"('1498', '2146', '2150', '1498')",1
"('2490', '468', '2290', '2490')",1
"('2364', '2378', '2378', '2364')",1
"('2846', '2862', '2846', '2911', '2919', '2846')",1
"('2176', '', '')",1
"('2875', '2905', '2875', '2920', '2875')",1
"('1366', '1339', '1366', '1385', '1366')",1
"('', '1432', '1603', '1432', '')",1
"('982', '893')",1
"('', '', '', '1436', '')",1
"('1566', '1625', '1625', '1625', '1566')",1
"('', '', '2742', '', '')",1
"('', '41', '')",1
"('2283', '350', '2283')",1
"('1809', '2146', '1809', '1855', '1823', '1809', '1811', '1809', '2103', '1809')",1
"('417', '478', '490', '492', '417')",1
"('2592', '2614', '2592', '204', '2592')",1
"('2918', '2146', '2918', '2918')",1
"('', '1436', '1436', '1436', '', '', '')",1
"('1494', '2071', '1958', '2071', '2070', '1494', '2039', '1494', '2071', '1494')",1
"('2037', '2024', '2037')",1
"('2199', '2513', '2199')",1
"('1970', '1813', '1961', '1939', '', '1939', '1970')",1
"('', '1425', '', '', '', '', '', '')",1
"('1894', '1907', '1221', '1043', '1907', '1894', '1842', '1894', '1907', '1894')",1
"('1664', '1423', '1664', '1670', '1664')",1
"('994', '990', '995', '')",1
"('2933', '2117', '2805', '2933', '2927', '2933')",1
"('1829', '2091', '2095', '1823', '1829')",1
"('2176', '1762', '2176')",1
"('2237', '2217', '2237')",1
"('2199', '2410', '1436', '2199')",1
"('1653', '2417', '2192', '1653')",1
"('', '1685', '', '', '', '', '', '')",1
"('2094', '2097', '1541', '2097', '2094')",1
"('2185', '1600', '2185', '2217', '2185')",1
"('2896', '1778', '2896')",1
"('2097', '2088', '2100', '2088', '2090', '2097', '2090', '2097')",1
"('1289', '1293', '1289')",1
"('462', '2281', '462')",1
"('2488', '', '', '2488', '1679', '1419', '2488')",1
"('364', '399', '364', '433', '367', '364')",1
"('1528', '1559', '1528', '1527', '1528')",1
"('', '1418', '', '', '', '')",1
"('2471', '2441', '2493', '2471')",1
"('2837', '2840', '2837')",1
"('1554', '1556', '1554')",1
"('2924', '2923', '2063', '2924')",1
"('2618', '2630', '2618', '2585', '2618', '2625', '2632', '2630', '2546', '2618')",1
"('1915', '1884', '1915')",1
"('', '', '1424', '1424', '1424', '')",1
"('2243', '', '2243')",1
"('1676', '1677', '1676')",1
"('2810', '2915', '2810', '', '2810')",1
"('', '', '', '', '', '', '', '', '', '1461', '', '1461', '')",1
"('', '', '', '', '', '', '1427', '')",1
"('555', '522', '555')",1
"('2632', '2304', '2632')",1
"('1837', '1840', '1837')",1
"('2538', '', '', '496', '', '2538')",1
"('1912', '1914', '1884', '1912', '1914', '1912')",1
"('1505', '1425', '1505')",1
"('331', '384', '331')",1
"('2373', '2467', '2373')",1
"('408', '442', '420', '2583', '2304', '2304', '2583', '442', '1253', '1322', '408')",1
"('2390', '2304', '2390', '2304', '2390')",1
"('1818', '2087', '1818')",1
"('1244', '881', '874', '1244')",1
"('1588', '1436', '1455', '1436', '1587', '1588')",1
"('2794', '2646', '2794', '2776', '2736', '2751', '2794')",1
"('2174', '', '', '', '2785', '2174')",1
"('2233', '1425', '2233')",1
"('2874', '1042', '906', '1043', '2874')",1
"('2151', '2141', '2151', '2100', '2151', '2088', '2087', '2088', '2151', '2111', '2151')",1
"('1904', '1899', '1904', '1904', '1899', '1904')",1
"('', '', '1771', '', '', '', '', '', '', '', '', '', '')",1
"('2914', '2826', '2914', '2920', '2920', '2914')",1
"('1448', '1553', '1448')",1
"('2870', '1904', '1946', '2872', '2870')",1
"('2625', '2625', '2618', '2625', '2625')",1
"('1922', '2136', '2135', '1922')",1
"('420', '534', '420', '2911', '420')",1
"('1692', '1599', '1416', '1688', '1692')",1
"('1331', '1337', '1253', '1331')",1
"('2235', '2429', '656', '2235')",1
"('2088', '2134', '2088')",1
"('2364', '2390', '1253', '1338', '399', '2364')",1
"('1477', '1443', '1477', '1442', '1477')",1
"('1335', '1336', '1335', '1322', '444', '1335')",1
"('2901', '816', '2901', '2894', '2901', '2894', '2902', '2902', '2894', '2901')",1
"('', '2102', '', '', '')",1
"('2247', '2239', '2247')",1
"('1666', '1773', '1774', '1773', '1666', '1694', '1773', '1774', '1773', '1666', '', '')",1
"('573', '510', '573')",1
"('2260', '398', '463', '2260')",1
"('1323', '1322', '1320', '1324', '1323')",1
"('1829', '1870', '1858', '1829', '1823', '1829')",1
"('534', '1428', '1428', '1428', '534')",1
"('2031', '2070', '2031', '2026', '', '2072', '2031')",1
"('1471', '1447', '1447', '1471', '1449', '1448', '1471')",1
"('1968', '1967', '2024', '1968', '1948', '2075', '1948', '1968')",1
"('1866', '1873', '2088', '2067')",1
"('', '1775', '')",1
"('1058', '1301', '1292', '1292', '1058')",1
"('2553', '2552', '2560', '2553', '2553', '2553', '2560', '483', '2553')",1
"('', '1622', '', '', '', '', '', '', '')",1
"('2026', '1437', '2026')",1
"('2550', '2018', '2499', '2550')",1
"('', '1558', '1465', '')",1
"('2018', '2316', '2018')",1
"('2915', '2919', '2915', '2919', '2915', '2919', '2915')",1
"('2659', '2697', '2697', '2659')",1
"('1687', '1439', '1439', '1439', '1772', '1687', '1687', '1687')",1
"('2415', '2434', '2434', '2511', '2415')",1
"('2173', '2175', '2173')",1
"('2693', '2716', '', '2693', '', '2693')",1
"('1627', '1769', '1770')",1
"('2348', '1418', '1417', '2348')",1
"('2243', '', '', '', '', '2243')",1
"('2117', '1688', '1687', '1688', '2117')",1
"('', '', '', '1428', '', '')",1
"('2811', '2918', '2906', '2906', '2918', '2920', '2920', '2920', '2918', '2918', '2811')",1
"('', '1430', '1421', '1430', '', '')",1
"('2464', '1744')",1
"('', '1421', '', '')",1
"('2150', '1437', '2150')",1
"('2386', '2023', '2386')",1
"('2871', '266', '2872', '2871')",1
"('', '', '1425', '', '')",1
"('1899', '1682', '1899')",1
"('2883', '1879', '1880', '1879', '2883')",1
"('1449', '', '1449', '1448', '1438', '1427', '1449')",1
"('488', '490', '2414', '488', '399', '488')",1
"('1315', '1251', '1315', '1250', '1315')",1
"('', '481', '2556')",1
"('2380', '1465', '2380', '2381', '2380', '1682', '2380')",1
"('475', '238')",1
"('1997', '1873', '1997')",1
"('2484', '2474', '2478', '2474')",1
"('', '2085', '', '')",1
"('1664', '1709', '1664')",1
"('1696', '1622', '1696')",1
"('1594', '1410', '1631', '1594')",1
"('462', '', '', '')",1
"('2205', '2062', '2205')",1
"('1644', '1644', '1427', '1427', '1422', '1427', '1427', '1427', '1644', '1644', '1644')",1
"('', '', '', '220', '', '', '', '')",1
"('2363', '2374', '2363')",1
"('', '', '1622', '2172', '')",1
"('1530', '1672', '1672', '1672', '1560', '1530')",1
"('2591', '2615', '2591')",1
"('2193', '2190', '2193', '2190', '2748', '2193')",1
"('1006', '1007', '861', '1006', '1013', '1006')",1
"('', '1790', '', '', '')",1
"('2080', '1425', '2080', '2091', '2087', '2080')",1
"('', '', '', '1931', '', '', '')",1
"('1605', '1659', '1605')",1
"('1523', '2024', '1523')",1
"('994', '1054', '1015', '994')",1
"('2510', '2535', '2535', '2510')",1
"('1618', '1617', '1618')",1
"('2924', '2910', '2924')",1
"('2823', '', '2823')",1
"('2006', '2024', '2006')",1
"('1672', '1981')",1
"('2509', '2511', '2502', '2509', '2495', '2502', '2502', '2463', '2558', '2560', '2560', '2509')",1
"('', '2748', '', '')",1
"('2212', '', '2212', '1454', '2212')",1
"('2587', '1320', '2587')",1
"('1914', '2920', '2919', '2911', '1914', '1879', '1882', '1914')",1
"('1652', '1637', '1630', '1637', '1659', '1659', '1652')",1
"('2921', '2149', '2149', '2921')",1
"('1962', '2030', '1962', '')",1
"('2151', '2127', '2151', '1806', '2151', '1932', '2151', '2151', '2151', '1932', '1932', '2151', '2151', '2151', '2155', '2151')",1
"('2110', '2085', '2087', '2090', '2110')",1
"('2359', '1659', '2359')",1
"('1955', '1428', '1955')",1
"('1818', '', '1818')",1
"('364', '303', '367', '375', '343', '343', '364', '442', '367', '373', '343', '364')",1
"('1807', '2148', '1930', '2150', '1807')",1
"('1649', '1419', '1649')",1
"('1497', '1504', '2037', '1497')",1
"('2000', '2373', '2338', '1999', '1960', '2000')",1
"('2435', '2257', '2242', '1658', '1568', '1627', '2236', '1658', '2257', '2435')",1
"('1733', '2568', '1733')",1
"('2143', '2150', '2143')",1
"('2547', '2508', '2552', '2560', '2548', '2547')",1
"('2463', '', '', '', '', '', '2463')",1
"('1499', '1455', '1455', '1455', '1499')",1
"('1480', '1454', '1480', '1480', '1480')",1
"('2247', '1622', '2247')",1
"('', '1743', '1656')",1
"('1698', '469', '1698')",1
"('2774', '', '', '', '', '2774')",1
"('', '1421', '')",1
"('1350', '2604', '465', '1350', '1354', '1350')",1
"('1716', '1716', '1716')",1
"('1585', '2149', '1585')",1
"('1993', '1993', '1993', '2024', '1986', '1991', '1991', '1993', '1993', '1993', '1993')",1
"('', '', '', '', '', '1585', '')",1
"('2134', '2093', '2093', '2093', '2095', '1939', '2134')",1
"('', '2668', '2674', '', '', '')",1
"('1771', '1771', '1771', '1767', '1771')",1
"('2105', '2102', '2122', '2105', '2102', '2105')",1
"('2344', '1910', '2344')",1
"('2925', '2894', '2925')",1
"('1533', '1400', '1533')",1
"('', '2907', '2906', '2907', '')",1
"('1820', '2137', '1820', '1891', '1820', '2137', '1891', '1820', '1827', '1820', '1823')",1
"('2310', '2380', '2310')",1
"('2187', '1789', '2187')",1
"('1732', '1643', '1659', '1732')",1
"('2165', '2086', '2165', '2051', '2165', '2062', '2165', '2107', '2099', '2054', '2165')",1
"('1904', '1902', '1885', '1885', '1885', '1885', '1885', '1885', '1885', '1879', '1885', '1904')",1
"('2115', '1435', '2115')",1
"('2768', '', '', '1760', '2768')",1
"('2622', '519')",1
"('2863', '2863', '2863', '2921', '2863')",1
"('2613', '1932', '2127', '2613')",1
"('370', '2320', '370')",1
"('', '1417', '1771', '', '')",1
"('1904', '1937', '1904', '1904', '1904')",1
"('1980', '398', '1324', '1980')",1
"('2731', '2730', '2731', '2733', '2731', '', '2731', '2729', '2731')",1
"('1697', '1688', '1697', '1685', '1697', '2039', '1697')",1
"('2653', '2478', '2478', '2511', '2653')",1
"('2919', '2818', '2823', '2919')",1
"('2136', '2064', '2136')",1
"('', '1595', '1597', '1597', '1595', '')",1
"('', '', '', '2753', '')",1
"('', '', '', '1448', '', '', '')",1
"('2294', '1993', '2294')",1
"('2545', '1411', '2545')",1
"('1037', '1015', '1017', '1015', '629', '1030', '1037')",1
"('', '', '', '', '', '', '', '', '1589', '')",1
"('2778', '2790', '2778', '2659', '', '', '2778')",1
"('2087', '1960', '2091', '2091', '2087', '2087', '2091', '2087')",1
"('', '1437', '', '', '', '')",1
"('2298', '1289', '1284', '1289')",1
"('1790', '1759', '1790')",1
"('2916', '2914', '2916')",1
"('2784', '', '', '', '', '2784')",1
"('', '', '', '', '', '', '', '', '', '', '', '', '', '', '', '', '', '', '')",1
"('', '1759', '', '')",1
"('2101', '2057', '2101', '2102', '2101', '2117', '2101')",1
"('1689', '1437', '1689')",1
"('2129', '1985')",1
"('2084', '2122', '2122', '2127', '2084')",1
"('1424', '1694', '1424')",1
"('462', '2602', '2062', '462')",1
"('524', '530', '2583', '2306', '2583', '430', '529', '524')",1
"('1300', '890', '1300')",1
"('1820', '', '1820')",1
"('969', '969', '969', '969', '969', '971', '977', '969', '970', '969')",1
"('', '', '', '', '1434', '1434', '1434', '', '', '', '', '')",1
"('2239', '2743', '2193', '2239')",1
"('', '2728', '2403', '2728', '')",1
"('2827', '1867', '2827')",1
"('2220', '1436', '', '2220', '2220')",1
"('2488', '1676', '2515', '1676', '2488')",1
"('1900', '1682', '1900')",1
"('2375', '1426', '1585', '1583', '2374', '2375')",1
"('2057', '2047', '2057')",1
"('2625', '2557', '2622', '2625', '2362', '2313', '2362', '2625')",1
"('1503', '1481', '1503', '2039', '2039', '2039', '1503', '1499', '1481', '1503')",1
"('2506', '2512', '2525', '2506')",1
"('580', '1449', '1453', '1449', '580')",1
"('', '2149', '')",1
"('2490', '2295', '2490')",1
"('470', '547', '470')",1
"('2913', '2919', '2913')",1
"('2908', '2889', '2896', '2908', '2808')",1
"('1925', '2119', '2141', '1925')",1
"('2148', '1806', '2148')",1
"('2716', '2747', '1617', '1525', '1518', '1525', '1660', '1659', '2716')",1
"('2562', '2498', '2562', '2510', '2562')",1
"('', '545', '2942', '')",1
"('2150', '2146', '2150', '1811', '2150')",1
"('', '', '', '1410', '', '', '', '')",1
"('1772', '', '1772')",1
"('1549', '1622', '1553', '1549')",1
"('2237', '2245', '2237')",1
"('1544', '1420', '1544')",1
"('1522', '1622', '1619', '1435', '1522')",1
"('2425', '1454', '2425')",1
"('1041', '1042', '1041')",1
"('1902', '2086', '1903', '1902')",1
"('2362', '2361', '1469', '2362', '2374', '2387', '2362')",1
"('2251', '1696', '2251')",1
"('488', '490', '488', '490', '488')",1
"('1738', '1780', '1765', '1688', '1738')",1
"('2898', '2130', '2898')",1
"('2356', '2354', '2283', '2356')",1
"('2896', '2896', '1880', '2896')",1
"('2034', '2024', '1540', '2037', '2034')",1
"('1372', '2516', '2511', '1372')",1
"('359', '358', '442', '413', '359')",1
"('1456', '1656')",1
"('1448', '1424', '1448', '1443', '1586', '1440', '1448')",1
"('2369', '2374', '2369', '2374', '2369')",1
"('469', '350', '469', '490', '469')",1
"('1823', '1810', '1823')",1
"('2201', '2757', '2202', '2181', '2201')",1
"('1299', '1272', '1274', '1272', '1251', '1251', '1299')",1
"('1576', '1415', '1576')",1
"('1810', '2069', '1810', '2150', '1810')",1
"('', '', '', '', '2802', '2733', '')",1
"('2928', '691', '2928')",1
"('2145', '2147', '2145')",1
"('', '', '', '2077', '')",1
"('2599', '1443', '1443', '1443', '2599')",1
"('1719', '1696', '1665', '1719')",1
"('1897', '1914', '1856', '1897')",1
"('2716', '', '', '', '2716')",1
"('459', '469', '420', '446', '490', '439', '459')",1
"('475', '512', '475')",1
"('2819', '2850', '2850', '2850', '2905', '2819')",1
"('1984', '2513', '2496', '1984', '2283', '2511', '2513', '1984')",1
"('2022', '2008', '2022', '230', '2022', '2008', '2022')",1
"('1792', '2666', '2731', '2667', '1792')",1
"('2062', '2036', '2062', '2037', '2062', '2062', '2063', '2062')",1
"('1006', '992', '1011', '1002', '1006', '1000', '992', '1006')",1
"('2131', '2118', '2131')",1
"('2812', '2921', '2837', '2837', '2921', '2920', '2921', '2812', '2823', '2915', '2812')",1
"('2908', '2826', '2908', '2908', '2908', '2908', '2905', '2908')",1
"('1554', '1572', '1554')",1
"('2226', '1446', '2226')",1
"('2604', '2601', '1375', '2611', '2604', '2604', '2604', '2604')",1
"('1006', '1013', '993', '1006', '1002', '1010', '1301', '1006')",1
"('2905', '', '', '2905')",1
"('2587', '2316', '2587')",1
"('2143', '2117', '2088', '2610', '2143')",1
"('987', '354', '', '')",1
"('1065', '1301', '1320', '1270', '1270', '1065')",1
"('2598', '2317', '2598')",1
"('2115', '2093', '2115')",1
"('', '', '1458', '')",1
"('2808', '208', '2818', '2808')",1
"('567', '541', '568', '567', '510', '567')",1
"('1915', '2137', '2132', '1915', '2137', '2132', '1915')",1
"('2880', '1375', '1278', '2880', '1042', '2880', '1042', '2880')",1
"('550', '554', '520', '540', '2560', '1301', '2560', '550')",1
"('2072', '1958', '1958', '2079', '2072', '2072')",1
"('1559', '1678')",1
"('2431', '2404', '2431')",1
"('1495', '2064', '1495')",1
"('421', '426', '478', '478', '421')",1
"('2553', '1625', '2553')",1
"('1306', '397', '1310', '1322', '397', '1306')",1
"('2406', '2586', '2406')",1
"('2854', '2853', '2854', '2854', '2854')",1
"('1692', '1769', '1692')",1
"('2220', '2646', '2697', '2802', '2219', '2220')",1
"('374', '469', '374', '376', '375', '374')",1
"('454', '453', '454')",1
"('360', '360', '360', '360', '379', '360')",1
"('2896', '2915', '2920', '2920', '2896')",1
"('1016', '709', '1016')",1
"('2151', '2148', '2151', '1882', '2141', '2151')",1
"('1939', '1979', '1939')",1
"('459', '894', '297', '892', '378', '459')",1
"('2593', '2872', '2593', '2614', '2602', '2593', '516', '')",1
"('2388', '1600', '2374', '2388')",1
"('1007', '1013', '1002', '1007')",1
"('543', '543', '539', '513', '543', '543', '543')",1
"('2144', '1883', '2144')",1
"('2784', '', '2784')",1
"('2916', '1429', '2916')",1
"('2087', '1541', '1546', '2087', '1500', '1541', '1546', '2087')",1
"('1596', '1622', '1596', '1419', '1596')",1
"('1894', '1843', '1894')",1
"('', '2023', '')",1
"('2635', '2360', '2635')",1
"('1561', '1418', '1561', '1882')",1
"('1501', '1780', '1410', '1780', '', '1501', '1503', '1501')",1
"('1565', '', '2009', '1565')",1
"('2874', '2889', '2902', '2874')",1
"('2826', '2909', '2827', '2826')",1
"('1734', '1618', '1734')",1
"('', '1442', '1443', '')",1
"('', '', '2752', '2742', '2742', '2742', '', '', '')",1
"('1937', '1903', '1012', '1899', '1937')",1
"('2889', '2889', '2889', '1844', '2889', '1844', '2889', '2889', '2889')",1
"('506', '513', '539', '506', '506')",1
"('1770', '1780', '1770')",1
"('1770', '1782', '1783', '1770')",1
"('1661', '2361', '2386', '2393', '2380', '2361', '1661', '1661')",1
"('1332', '1622', '1332', '1339', '1332')",1
"('', '2484', '', '')",1
"('1682', '')",1
"('545', '522', '524', '545', '542', '545')",1
"('2426', '2409', '2426')",1
"('433', '419', '433')",1
"('405', '356', '478', '405')",1
"('1785', '2146', '1625', '1785')",1
"('', '1228', '')",1
"('2488', '1709', '2193', '', '', '2193', '2484', '2488')",1
"('2257', '2487', '2662', '2257', '', '1672', '2217', '2257', '1422', '1631', '2439', '2257')",1
"('1973', '1976', '1973', '1933', '1973')",1
"('2842', '2919', '2842', '2915', '2842')",1
"('2585', '2317', '2585', '2585')",1
"('1969', '1766', '1969')",1
"('', '1465', '', '', '')",1
"('1295', '1339', '1295', '1285', '1295')",1
"('2221', '2206', '2206', '2221')",1
"('2233', '2241', '1718', '2255')",1
"('2080', '', '', '', '2080', '2090', '2087', '2080')",1
"('2063', '1423', '1419', '2063', '2062', '2037', '2037', '2063', '2063', '2063')",1
"('2417', '2893')",1
"('1618', '1618', '1618')",1
"('1319', '1245', '1253', '1319')",1
"('2238', '2197', '2238', '2236', '2238', '2189', '2238', '2244', '2238')",1
"('2880', '2921', '2880', '1043', '2880')",1
"('2182', '', '', '', '', '2182')",1
"('1045', '2287', '2293', '2287', '1045', '1057', '1045')",1
"('529', '2631', '2630', '513', '536', '529')",1
"('1532', '1552', '1400', '1554', '1532', '1554', '1552', '1532', '1593', '1532')",1
"('', '1421', '1413', '1421', '')",1
"('2225', '2243', '2225', '2480', '2225')",1
"('', '', '2535', '', '')",1
"('2004', '2005', '2004', '1995', '1999', '2004', '1995', '2004')",1
"('520', '506', '520', '', '547', '520')",1
"('2745', '', '2745')",1
"('1547', '1546', '1547', '', '1547')",1
"('2251', '2249', '2251')",1
"('', '2263', '462', '463', '462')",1
"('2371', '1773', '1581', '1424', '1419', '1419', '2371')",1
"('1450', '1478', '1450')",1
"('2894', '2920', '2894')",1
"('469', '1598', '469')",1
"('', '1454', '', '', '', '', '', '', '')",1
"('2458', '1682', '2458')",1
"('1006', '1003', '1003', '1013', '1002', '1006', '1010', '1010', '1006')",1
"('1831', '1831', '1826', '1831', '1831', '1831')",1
"('2576', '469', '2576', '2563', '2576')",1
"('1807', '2122', '1807', '2159', '1807', '2159', '1807')",1
"('1933', '1949', '2064', '1672', '1933')",1
"('1726', '1612', '2478', '2478', '1726')",1
"('1299', '1250', '1325', '1324', '1320', '1299')",1
"('1346', '1320', '1325', '1346', '1346', '1346', '1345', '1249', '1346', '1345', '1346', '1252', '1346')",1
"('1567', '1416', '1567')",1
"('', '1779', '', '1782', '')",1
"('1324', '238', '1324')",1
"('1687', '1697', '1688', '1687')",1
"('', '2361', '', '')",1
"('2618', '2529', '2618')",1
"('1505', '1432', '2063', '1505')",1
"('2119', '2118', '2119', '2103', '2113', '2118', '2119')",1
"('2158', '2158', '2141', '2158')",1
"('2784', '1439', '2784')",1
"('1577', '1424', '1424', '1424', '1577')",1
"('2906', '2823', '2907', '2907', '2907', '2905', '2906')",1
"('', '', '', '', '1455', '', '')",1
"('1605', '1679', '1677', '1605')",1
"('', '1830', '', '', '')",1
"('1659', '1649', '1659')",1
"('1960', '2113', '2103', '2095', '2114', '2091', '2091', '2091', '2113', '2079', '1960')",1
"('504', '490', '504')",1
"('', '', '2697', '', '', '')",1
"('', '2395', '1554', '')",1
"('', '', '1432', '', '')",1
"('535', '519', '535')",1
"('1811', '2122', '1811')",1
"('1057', '1050', '1057')",1
"('2891', '1810', '2891')",1
"('1534', '1436', '1589', '1440', '1534')",1
"('', '1566', '', '', '', '', '', '2086', '1930')",1
"('1372', '2002', '1372')",1
"('1514', '', '', '1514')",1
"('2005', '2006', '2005')",1
"('2158', '2159', '1428', '1807', '2158')",1
"('', '1777', '1777', '1777', '', '', '')",1
"('2622', '2535', '2622')",1
"('1469', '1454', '1438', '1438', '1438', '1469')",1
"('2491', '2478', '2496', '2496', '2491')",1
"('2434', '2434', '2434')",1
"('2490', '', '', '2490')",1
"('1980', '1902', '1980', '', '', '1980', '2133', '2095', '1980')",1
"('2922', '2119', '2922', '2920', '2922', '2918', '2922')",1
"('2605', '352', '2614', '2605')",1
"('2094', '1443', '2094')",1
"('2930', '2921', '2918', '2930', '2930')",1
"('2561', '2383', '2561')",1
"('1712', '1410', '1701', '1712')",1
"('994', '1023', '994')",1
"('1878', '1418', '1923', '1878')",1
"('1528', '1422', '1528', '1565', '1528')",1
"('2088', '2089', '2088')",1
"('1676', '1678', '1676', '1692', '1676', '1678', '1691', '1693', '1676')",1
"('1042', '1253', '1043', '1042')",1
"('1635', '1454', '2037', '1635')",1
"('2039', '1442', '2039')",1
"('2421', '1621', '2421', '2452', '2421', '2426', '2421')",1
"('1009', '641', '1003', '1009', '1051', '1009')",1
"('2178', '2064', '2178')",1
"('2719', '2702', '1417', '2063', '2719')",1
"('', '1431', '')",1
"('', '', '', '354', '')",1
"('', '1474', '')",1
"('2034', '1546', '1541', '2034', '1503', '2034')",1
"('2667', '2733', '2667')",1
"('2641', '2500', '2645', '490', '', '2645', '2641')",1
"('1976', '2075', '1976', '2086', '1976')",1
"('2064', '2039', '2062', '2064')",1
"('', '2064', '2062', '')",1
"('1581', '1454', '1674', '1581')",1
"('2822', '', '2918', '2822')",1
"('2874', '2876', '2906', '2876', '2874')",1
"('2096', '2102', '2096')",1
"('1968', '1583', '1968', '2024', '1968')",1
"('476', '481', '490', '476', '484', '481', '1381', '476')",1
"('2896', '', '2896')",1
"('', '1682', '1563')",1
"('2896', '2884', '2896', '2896', '2885', '2896', '2896', '2896', '2896')",1
"('1323', '2583', '1323')",1
"('1335', '1284', '1335', '1337', '1335')",1
"('', '', '', '', '', '1584', '')",1
"('469', '469', '469', '472', '404', '469')",1
"('2112', '2117', '2112', '2117', '2112', '2062', '2112')",1
"('1807', '2062', '1807')",1
"('1761', '1751', '1761')",1
"('2828', '2826', '2896', '2826', '2828')",1
"('', '', '', '2580', '2584', '2580', '')",1
"('451', '1388', '451')",1
"('1807', '1806', '1807')",1
"('1352', '346', '1352', '')",1
"('405', '423', '471', '399', '405')",1
"('2226', '', '2226', '', '2226')",1
"('2425', '', '2240', '2478', '2502', '2425')",1
"('', '', '1437', '', '')",1
"('971', '1010', '1002', '1003', '1003', '1003', '1003', '971', '2908', '2828', '971')",1
"('2916', '797')",1
"('2598', '2596', '1478', '2598')",1
"('1692', '1705', '1692', '1705', '1692')",1
"('1319', '2066', '1908', '1319', '1320', '1319')",1
"('1879', '2122', '1879')",1
"('2824', '2825', '2824', '2912', '2898', '2912', '2824')",1
"('356', '399', '358', '368', '364', '356')",1
"('2389', '2389', '2389')",1
"('2077', '2102', '1900', '2077')",1
"('', '1455', '1418', '1455', '')",1
"('1518', '2024', '1500', '1500', '1518', '2025', '')",1
"('2837', '2093', '1042', '2837', '2837')",1
"('2379', '2062', '2379')",1
"('1789', '1422', '1789')",1
"('1221', '1235', '1221')",1
"('2705', '2578', '2705')",1
"('2786', '2785', '2192', '2786')",1
"('2298', '', '', '', '', '2298', '2300', '2300', '2298', '2313', '2298')",1
"('1637', '1619', '1637', '1629', '1437', '1454', '1629', '1640', '1637', '2349', '1637', '1619', '1637')",1
"('1649', '1896', '1842', '1649')",1
"('2633', '1685', '2633')",1
"('2203', '2203', '2203', '1680', '2203')",1
"('2919', '2865', '2905', '2919')",1
"('365', '440', '545', '365')",1
"('1991', '1986', '1991')",1
"('2512', '2502', '2511', '2500')",1
"('1694', '1687', '1694', '1455', '1434', '1694', '1692', '1696', '1694', '1548', '1694')",1
"('459', '460', '444', '459', '1260', '1252', '302', '459')",1
"('', '1498', '')",1
"('', '354', '')",1
"('2629', '2492')",1
"('2361', '2021', '2014', '2021', '2361')",1
"('365', '364', '365')",1
"('2266', '', '2266')",1
"('2384', '2385', '2384', '2388', '2384', '519', '2384', '2381', '2384', '')",1
"('2450', '2378', '2450', '2430', '2428', '2450')",1
"('982', '', '989', '982')",1
"('2728', '2697', '2697', '2728')",1
"('1899', '2098', '2037', '1899')",1
"('2220', '1608', '1659', '1770', '2220')",1
"('1006', '237', '1006')",1
"('364', '364', '260', '286', '260', '364', '220', '364')",1
"('1483', '1480', '1483')",1
"('1552', '2023', '2024', '2023', '1552', '1552', '1552')",1
"('2908', '2919', '2908', '2908')",1
"('2392', '2408', '2387', '2392')",1
"('2305', '1449', '2305')",1
"('1902', '1898', '399', '399', '1902')",1
"('', '1416', '', '')",1
"('982', '1012', '1003', '1012', '982')",1
"('', '513', '')",1
"('2827', '2827', '2908', '2908', '2907', '2827', '2827', '2827')",1
"('2187', '2189', '2187')",1
"('986', '982')",1
"('2465', '1774', '2486', '2484', '2486', '2465')",1
"('', '1491', '', '', '', '')",1
"('2369', '1320', '2369')",1
"('2818', '2921', '2911', '2823', '2818')",1
"('', '1424', '', '', '', '')",1
"('2918', '2823', '2918')",1
"('2334', '2324', '2381', '2318', '2334')",1
"('2537', '2537', '', '', '', '2537', '2560', '2537')",1
"('2300', '1772', '2300')",1
"('2711', '', '2711', '', '', '2711')",1
"('1656', '1562', '1656')",1
"('', '2393', '', '', '')",1
"('2852', '', '')",1
"('2371', '545', '542', '545', '519', '2371')",1
"('499', '2583', '499')",1
"('2364', '2491', '2511', '2511', '2364')",1
"('1533', '1427', '1427', '1427', '1533')",1
"('465', '465', '465')",1
"('1057', '11', '', '1057')",1
"('1060', '1053', '1015', '1060', '2085', '2098', '2117', '1060')",1
"('1469', '2797')",1
"('2864', '2124', '2864', '2911', '2864')",1
"('2348', '', '2348')",1
"('', '1394', '')",1
"('', '1436', '1438', '1436', '1436', '1436', '')",1
"('1009', '1003', '1009', '1002', '1002', '1010', '1009', '', '1009', '994', '1009')",1
"('2263', '1284', '2263', '1366', '1335', '2263', '1366', '2263', '1299', '2263', '1276', '2263')",1
"('1065', '214', '885', '1065', '1054', '1065')",1
"('2605', '2122', '1272', '2595', '2605')",1
"('1899', '1938', '1936', '1936', '1937', '1938', '1899', '1903', '1899')",1
"('1612', '1609', '1612')",1
"('1511', '1514', '1511')",1
"('', '1771', '1765', '1771', '', '', '')",1
"('334', '360', '334', '360', '334')",1
"('535', '2042', '2042', '2042', '519', '513', '535')",1
"('', '1465', '', '')",1
"('1984', '1987', '1985', '1984')",1
"('1774', '1766', '1774')",1
"('2243', '2740', '2749', '2243')",1
"('', '', '', '1773', '1411', '', '')",1
"('2353', '2082', '2353')",1
"('1657', '1428', '1554', '1574', '1597', '1419', '1657')",1
"('1681', '1696', '1593', '1681', '1681', '1678', '1681')",1
"('390', '361', '390')",1
"('415', '917', '284', '915', '415')",1
"('', '1456', '', '')",1
"('2149', '2116', '2116', '2117', '')",1
"('2875', '', '', '', '2875')",1
"('1467', '1682', '1467', '1469', '1467')",1
"('1749', '2102', '1717', '1749')",1
"('1424', '1597', '510', '1424', '1593', '1424')",1
"('1244', '1242', '1244')",1
"('1933', '1437', '1437', '1436', '1437', '1933', '1933', '1933')",1
"('2556', '490', '2560', '2556')",1
"('354', '', '1703', '354')",1
"('2173', '1771', '1682', '2173')",1
"('1588', '1439', '1427', '1439', '1435', '1583', '1588', '1588', '1588', '1674', '1588')",1
"('1965', '2074', '1965', '2030', '2074', '1965', '1998', '1965')",1
"('', '1700', '1765', '1700', '')",1
"('1969', '2102', '2165', '2084', '1960', '1954', '1969')",1
"('1966', '1682', '1966', '1960', '1966')",1
"('2024', '2062', '2062', '2062', '2024')",1
"('1545', '1478', '1545')",1
"('', '', '2636', '', '', '', '', '', '', '')",1
"('2126', '1991', '2126')",1
"('2924', '2885', '2924')",1
"('1528', '', '', '', '1528')",1
"('', '', '2062', '2062', '2037', '2062', '1443', '')",1
"('494', '2546', '499', '494')",1
"('1581', '', '1581')",1
"('2903', '2914', '2903')",1
"('1899', '2315', '1899')",1
"('1711', '1418', '1780', '1418', '1780', '1717', '1711')",1
"('2787', '1412', '1413', '1418', '1413', '1412', '2787')",1
"('2300', '2316', '2300')",1
"('1922', '1922', '1922', '2108', '2135', '1922', '2108', '1922', '1922', '1922', '2132', '2135', '1922')",1
"('1689', '2023', '1996', '1689')",1
"('1612', '1790', '1790', '1790', '1789', '1612')",1
"('2476', '', '', '', '2476')",1
"('1768', '1425', '1425', '1419', '1768')",1
"('2266', '2263', '2264', '2266')",1
"('2145', '1885', '2145')",1
"('1223', '1222', '1223')",1
"('462', '1992', '1274', '1292', '463', '462')",1
"('2900', '2824', '2825', '2824', '2911', '2900')",1
"('', '2025', '', '', '')",1
"('2881', '2124', '2881', '1043', '2881', '2880', '2881')",1
"('1785', '1427', '1785')",1
"('1607', '1595', '1455', '1593', '1607')",1
"('2914', '2919', '2911', '2914', '2919', '2914', '1042', '2880', '2914')",1
"('2821', '2898', '2821', '2821')",1
"('1728', '1455', '', '1728')",1
"('1585', '1426', '1454', '1585')",1
"('1960', '1961', '1960', '1961', '1960', '1961', '1960')",1
"('', '', '1468', '')",1
"('2380', '1685', '2380')",1
"('2785', '1585', '2785')",1
"('', '2091', '1823', '2095', '', '')",1
"('2097', '1946', '', '2097')",1
"('1676', '1688', '1427', '1438', '1427', '1687', '1676')",1
"('2880', '1042', '2880')",1
"('2861', '2911', '2906', '2899', '2861', '2889', '2861')",1
"('2148', '1431', '2148')",1
"('2051', '2133', '2150', '2051')",1
"('450', '822', '450')",1
"('2914', '2061', '2914', '2902', '2914')",1
"('1808', '1819', '1808', '2109', '1808')",1
"('420', '238', '420')",1
"('2296', '2287', '2304', '2296', '2287', '2296')",1
"('1964', '2085', '2086', '1964')",1
"('2119', '2119', '2119')",1
"('1333', '', '', '', '1333', '1418', '1333')",1
"('', '354', '354', '', '', '')",1
"('', '', '', '1465', '', '', '')",1
"('1995', '2378', '1995', '1998', '1960', '1995')",1
"('', '2810')",1
"('1666', '1686', '1679', '1665', '1679', '1666')",1
"('1737', '2224', '2172', '2172', '1758', '1737')",1
"('2150', '2093', '2150')",1
"('', '', '2474')",1
"('2040', '2039', '2040')",1
"('1656', '1449', '1687', '1656', '2387', '1449', '1656')",1
"('885', '1904')",1
"('520', '506', '520', '506', '520', '520', '520', '520', '520')",1
"('1729', '1619', '1670', '1729', '1619', '1619', '1617', '1729')",1
"('1904', '1977', '1967', '2103', '1904')",1
"('2039', '2087', '1499', '2039')",1
"('2176', '2190', '2176')",1
"('1383', '1383', '1336', '1383')",1
"('2386', '2396', '2386', '2387', '2386', '1782', '2386')",1
"('1770', '1783', '1770', '1783', '1783', '1770', '1427', '1446', '1446', '1442', '1770')",1
"('1709', '1713', '1709')",1
"('2916', '2920', '2916')",1
"('', '1686', '')",1
"('2077', '', '2077', '2077', '2079', '2077')",1
"('2914', '', '2914', '2920', '2914')",1
"('996', '992', '995', '996')",1
"('1012', '1065', '1012')",1
"('364', '1372', '1382', '364')",1
"('1699', '1433', '1699')",1
"('2623', '2559', '2560', '2559', '2560', '2542', '2623')",1
"('1292', '1325', '1292')",1
"('2228', '1606', '2228', '1670', '2228')",1
"('', '', '', '', '1419', '')",1
"('405', '480', '405')",1
"('', '', '', '', '', '', '2491', '')",1
"('2305', '1541', '1672', '2305')",1
"('1964', '1960', '1961', '1964', '2024', '2024', '1964')",1
"('2263', '1989', '2263')",1
"('1022', '1272', '1022')",1
"('1556', '1417', '1582', '1556')",1
"('1975', '1996', '1975', '2280', '1975')",1
"('2867', '2837', '2845', '2867')",1
"('', '1682', '1775', '1682', '')",1
"('', '1684', '1684', '1684', '', '', '')",1
"('1336', '1346', '1383', '1331', '1332', '1336')",1
"('1352', '1352', '1322', '394', '1352')",1
"('2823', '2907', '2823')",1
"('2507', '1622', '2507', '2508', '2507', '1739', '2493', '2507', '2537', '2507', '2502', '2502', '2507', '2537', '2511', '2507')",1
"('1745', '1625', '1745')",1
"('2320', '2316', '2320')",1
"('1810', '1815', '2159', '2159', '2159')",1
"('2550', '2316', '2550')",1
"('2774', '1761', '1614', '1761', '2239', '2666', '2666', '2774')",1
"('982', '734', '656', '982')",1
"('542', '544', '540', '546', '542')",1
"('2926', '1822', '2926', '2916', '2926')",1
"('1315', '1320', '1320', '1320', '1315')",1
"('2475', '2243', '2087', '2475')",1
"('1577', '1439', '1439', '1439', '1577')",1
"('2906', '2906', '2903', '2906')",1
"('1914', '1885', '1884', '1914')",1
"('1581', '1468', '1456', '1456', '1454', '1581')",1
"('1262', '1245', '1262')",1
"('', '1777', '1780', '1777', '')",1
"('1032', '2085', '1032')",1
"('1635', '2512', '1788', '2512', '1635')",1
"('', '1421', '1688', '1421', '')",1
"('1690', '', '1690', '1783', '1690')",1
"('2373', '2374', '2373', '2374', '2378', '2374', '2373')",1
"('2894', '1899', '2888', '2872', '2894', '2920', '2894')",1
"('2119', '2117', '2114', '2087', '2090', '2091', '2116', '2117', '2119')",1
"('1057', '677', '1057')",1
"('2841', '2841', '2841')",1
"('2056', '1496', '2037', '2102', '2103', '2056')",1
"('1336', '206', '1335', '1320', '1336')",1
"('1551', '1553', '1551')",1
"('', '', '1812', '1874')",1
"('2026', '1531', '2026')",1
"('1872', '1871', '1872')",1
"('1532', '1526', '1439', '1526', '1532')",1
"('', '', '1578', '', '', '', '', '')",1
"('1813', '1806', '1813', '2150', '2141', '1813')",1
"('2476', '2039', '2476')",1
"('1921', '2441', '1568', '2441', '1921')",1
"('', '520', '564', '524', '', '')",1
"('', '1461', '1462', '1461', '', '')",1
"('', '1569', '')",1
"('2859', '2845', '2859', '1011', '2859')",1
"('2560', '2623', '2560')",1
"('2078', '1461', '2078')",1
"('1891', '1881', '1884', '1889', '1891')",1
"('2384', '2317', '2316', '2023')",1
"('1971', '2279', '1971')",1
"('1810', '2146', '1810')",1
"('2371', '1438', '2371')",1
"('1446', '1437', '1437', '1437', '1436', '1437', '1446', '1579', '1588', '1588', '1569', '1568', '1446')",1
"('2274', '2274', '2274', '2614', '2274', '2265', '2274', '2274', '2274', '2264', '2274', '2264', '2274')",1
"('2902', '2900', '2921', '2920', '2902')",1
"('1876', '1946', '1949', '1946', '1876', '1867', '1876')",1
"('1945', '1932', '1518', '1964')",1
"('1583', '1434', '1438', '1583', '1441', '1782', '1782', '1583')",1
"('1584', '1579', '1584')",1
"('1903', '', '', '1903', '1927', '1903')",1
"('', '1421', '1429', '1421', '')",1
"('2623', '2546', '1688', '2623')",1
"('523', '433', '523')",1
"('2727', '', '', '2727', '2802')",1
"('', '', '1603', '')",1
"('2126', '1943', '2126')",1
"('2148', '2128', '2148')",1
"('1323', '1986', '1323', '238', '1322', '1323')",1
"('1611', '1439', '1461', '1462', '1461', '1617', '1611')",1
"('1459', '1455', '2087')",1
"('1981', '1981', '1940', '2141', '1981', '1981', '1981')",1
"('2913', '1320', '2913')",1
"('2915', '2920', '2899', '2921', '2915', '2913', '2905', '2914', '2915')",1
"('1977', '2270', '1977', '1767', '1977')",1
"('2642', '2502', '2642')",1
"('1989', '1976', '1989')",1
"('545', '545', '545', '545', '542', '545', '545', '545')",1
"('1366', '1324', '1320', '1366')",1
"('2360', '2360', '2360')",1
"('1565', '1774', '1565')",1
"('415', '445', '415', '478', '433', '415')",1
"('1476', '1461', '1476')",1
"('2860', '2914', '2860')",1
"('1565', '1461', '1565')",1
"('2243', '2374', '2243')",1
"('1563', '1429', '1563')",1
"('1875', '1877', '1322', '1823', '1866', '1866', '1875')",1
"('2547', '2623', '2547', '2749')",1
"('1626', '1624', '1626')",1
"('1354', '1252', '1354', '2093', '2090', '2090', '2093', '1355', '1354')",1
"('1521', '1422', '1521')",1
"('', '1474', '', '', '')",1
"('1915', '', '1915')",1
"('2355', '')",1
"('1402', '1401', '1684', '1421', '', '', '')",1
"('', '2960')",1
"('1559', '', '1583', '1583', '1559')",1
"('1946', '2075', '1946')",1
"('2250', '1622', '1567', '1622', '2250', '2378', '1718', '2250')",1
"('2909', '2914', '2909', '2909', '2902', '2909', '233', '2909')",1
"('', '2884', '2872', '2868', '2872', '2872', '2920', '2902', '')",1
"('1441', '1461', '1451', '1461', '1442', '1461', '', '', '1441')",1
"('462', '1410', '462')",1
"('1612', '1684', '1612', '1674', '1612')",1
"('1756', '1755', '1756')",1
"('2224', '2228', '2224', '2224', '2742', '2224', '2228', '2224')",1
"('1634', '1636', '1627', '1599', '1634', '1636', '1634', '1587', '1634')",1
"('2302', '2413', '2302')",1
"('1747', '1608', '1737', '1747')",1
"('2465', '2499', '2465')",1
"('', '2024', '2024', '2024', '')",1
"('2355', '1556', '2355')",1
"('', '511', '')",1
"('1733', '1733', '1423', '1600', '1733')",1
"('505', '479', '361', '505', '521', '519', '506', '519', '519', '505')",1
"('1807', '1599', '1911', '1807')",1
"('1560', '1400', '1560')",1
"('1547', '1429', '1547')",1
"('1014', '1015', '1320', '1014')",1
"('1520', '2021', '1520')",1
"('1649', '2024', '', '', '1649')",1
"('2337', '2584', '2337')",1
"('2002', '2005', '2002', '1603', '1605', '1603', '2002')",1
"('2618', '2526', '2618')",1
"('1807', '2301', '1807')",1
"('2771', '2721', '2767', '2225', '2771')",1
"('1295', '1284', '1320', '238', '1295', '1285', '1295')",1
"('1809', '2148', '2095', '2095', '1809')",1
"('1994', '2013', '2137', '2813', '', '2137', '1994')",1
"('1930', '2134', '2136', '1930')",1
"('519', '504', '2547', '2621', '2547', '2539', '2547')",1
"('2258', '2511', '2454', '2174', '2454')",1
"('2914', '2913', '2914', '2913', '2914')",1
"('2820', '2903', '2916', '2903', '2903', '2903', '2820')",1
"('1044', '874', '1345', '1361', '874', '712', '1044')",1
"('2080', '2086', '2090', '2080', '2090', '2065', '2062', '2065')",1
"('2863', '2921', '2920', '2863')",1
"('331', '355', '331')",1
"('1914', '1446', '1914')",1
"('1695', '1687', '1688', '1695', '')",1
"('1236', '1251', '1301', '1235', '1236')",1
"('', '', '1585', '', '')",1
"('', '2102', '2103', '2102', '')",1
"('1742', '1697', '1742')",1
"('1503', '2069', '1503', '2063', '1503')",1
"('405', '357', '405', '357', '405', '442', '405')",1
"('475', '230', '475')",1
"('1655', '2039', '1655', '1372', '2516', '1655')",1
"('', '1546', '2103', '2046', '1546')",1
"('2635', '490', '2635')",1
"('2021', '1995', '2021')",1
"('1967', '1967', '1967', '1967', '2316', '1967', '1960', '1967')",1
"('1522', '1493', '1522', '1555', '1522')",1
"('1921', '2159', '1921')",1
"('1813', '2150', '1813')",1
"('1653', '', '1653')",1
"('1636', '1473', '1636', '1634', '1636')",1
"('', '', '', '1618', '')",1
"('1984', '1954', '1984')",1
"('1569', '1427', '1427', '1427', '1569')",1
"('', '', '1682', '')",1
"('371', '518', '371')",1
"('1817', '1884', '1881', '1881', '1817', '1823', '1817')",1
"('1957', '1957', '1957')",1
"('', '1599', '1416', '1599', '')",1
"('1977', '', '1977')",1
"('462', '2030', '2137', '2030', '462', '465', '462', '465', '462')",1
"('2404', '2279')",1
"('1522', '1503', '1659', '1522', '1503', '1522')",1
"('', '', '', '2072', '', '', '', '')",1
"('', '1419', '', '', '')",1
"('1711', '1711', '2117', '2117', '2117', '1711')",1
"('', '', '', '', '2316', '')",1
"('', '1441', '1419', '')",1
"('488', '2014', '1292', '304', '488')",1
"('2462', '2194', '2746', '2194', '2424', '2462')",1
"('2822', '2916', '2822', '2906', '2822')",1
"('542', '354', '542')",1
"('2519', '2188', '2191', '2188', '2194', '2188', '2519')",1
"('2380', '1282', '2406', '1426', '1282')",1
"('2118', '2052', '2118')",1
"('2254', '2239', '2488', '2618', '2248', '2254', '2488', '2254')",1
"('561', '565', '561', '562', '561')",1
"('', '', '', '', '', '2261', '2601', '', '')",1
"('2925', '2918', '2925')",1
"('2119', '1410', '2119', '2108', '2117', '2116', '2119', '2108', '2119', '1984', '2293', '1984', '2119')",1
"('488', '472', '474', '472', '488', '488')",1
"('1605', '1459', '1605')",1
"('2423', '2494', '2423', '2293', '2281', '2293', '2293', '2313', '2303', '2304', '2423')",1
"('2241', '2064', '2502', '2241')",1
"('', '1436', '1775', '1436', '', '', '')",1
"('2371', '2361', '2371')",1
"('462', '2300', '462', '462')",1
"('1586', '1439', '1586')",1
"('', '', '1421', '1421', '1421', '1421', '1421', '', '', '', '')",1
"('2195', '2039', '2195')",1
"('1006', '1017', '1006')",1
"('2632', '2361', '2535', '2541', '2632')",1
"('339', '340', '340', '342', '339', '340', '339')",1
"('2486', '2674', '2486')",1
"('2366', '2372', '2366')",1
"('1904', '1881', '1904')",1
"('1939', '1259', '1939')",1
"('1023', '1024', '1025', '')",1
"('1716', '2253', '1419', '1716')",1
"('2913', '2913', '2913')",1
"('2084', '', '2084')",1
"('2374', '2388', '2385', '2374')",1
"('1014', '216', '134', '1284', '1292', '106', '1014')",1
"('2552', '2559', '2552')",1
"('1605', '1611', '1605')",1
"('1443', '1622', '1619', '1443')",1
"('1592', '1426', '1449', '1461', '1449', '1592')",1
"('2380', '2388', '2380')",1
"('', '', '1598', '', '')",1
"('1014', '1021', '1014')",1
"('2261', '2265', '1982', '1985', '2261')",1
"('1332', '1322', '1332')",1
"('417', '546', '417')",1
"('1289', '1253', '1289')",1
"('2245', '2236', '2245')",1
"('550', '418', '519', '418', '550')",1
"('2880', '', '2880')",1
"('2799', '1765', '2797', '2799')",1
"('1899', '1320', '1324', '1899')",1
"('2490', '2265', '2490', '2434', '2490')",1
"('1582', '1582', '1581', '1582', '1582', '1582', '1582', '1583', '1588', '1581', '1582')",1
"('2767', '2581', '1456', '2225', '2767')",1
"('1372', '1622', '462', '465', '1372')",1
"('1441', '', '1465', '1441', '1440', '1441')",1
"('1331', '1339', '1331', '1339', '1331')",1
"('2417', '1568', '2417')",1
"('1909', '2158', '2150', '2158', '2148', '1909')",1
"('2020', '1417', '1418', '1417', '1418', '1417', '', '')",1
"('499', '501', '490', '499', '492', '490', '499', '490', '499')",1
"('1016', '1013', '1016')",1
"('', '1443', '', '1443', '', '', '')",1
"('', '2048')",1
"('1945', '2907', '2092', '1945')",1
"('1582', '1429', '1582')",1
"('1740', '1422', '1740')",1
"('2248', '2253', '2248', '2189', '2195', '', '2195', '', '2249', '2248')",1
"('1279', '1326', '1992', '1279')",1
"('1843', '', '1843')",1
"('1944', '2117', '1918', '1941', '1944', '2111', '1944')",1
"('2822', '1893', '1958', '2088', '2918', '2823', '2822', '2921', '2822')",1
"('506', '2551', '506')",1
"('1828', '', '', '', '', '', '1828')",1
"('2635', '2676', '2635')",1
"('535', '522', '535')",1
"('1525', '1560', '1525')",1
"('364', '469', '346', '364')",1
"('', '2216', '')",1
"('', '1682', '1423', '1682', '', '', '')",1
"('2612', '1356', '885', '2612', '1357', '1356', '2612')",1
"('1984', '1621', '1725')",1
"('2619', '1430', '2619')",1
"('2652', '1772', '2652', '2484', '1772', '2652', '2301', '2652')",1
"('1063', '712', '1063')",1
"('1852', '1851', '1859', '1852', '1851', '1852')",1
"('1997', '1974', '1997')",1
"('1939', '1939', '1881', '1882', '1939')",1
"('2654', '1443', '2654')",1
"('2448', '1467', '2089', '2448')",1
"('', '2319', '2079', '')",1
"('1915', '2090', '1892', '1915', '1915', '1915')",1
"('2376', '958', '2376')",1
"('517', '506', '539', '517', '513', '517', '521', '517')",1
"('', '1433', '', '', '')",1
"('2064', '462', '2064')",1
"('2343', '1455', '', '', '', '2343')",1
"('', '1663', '', '')",1
"('2445', '', '', '', '', '', '', '', '2445')",1
"('488', '512', '488', '488', '488')",1
"('2315', '2316', '2315')",1
"('1562', '1562', '1562', '1561', '1562', '2624', '1562', '1561', '1562', '1426', '1562')",1
"('1747', '1523', '1747')",1
"('2579', '1996', '2579')",1
"('1299', '1293', '1299', '1252', '1299')",1
"('1006', '2056', '1001', '1006', '2056', '1006')",1
"('1280', '1280', '1326', '1238', '1326', '1336', '1280', '1280')",1
"('', '2039', '', '', '')",1
"('2100', '2100', '1549', '2100', '2100', '2086', '2100', '2100')",1
"('', '1438', '', '', '', '', '')",1
"('1902', '2320', '1902')",1
"('', '2797', '1451', '1481', '1500', '1938')",1
"('2875', '510', '555', '2872', '2872', '2872', '2875')",1
"('1654', '1665', '1422', '1524', '1654')",1
"('2224', '1790', '2224')",1
"('', '', '1455', '')",1
"('2275', '2277', '2275')",1
"('2196', '2748', '2748', '2196', '2225', '2742', '1788', '2196')",1
"('', '1011', '', '1011', '')",1
"('1448', '1682', '1448', '1580', '1448')",1
"('1941', '2088', '1941', '1941')",1
"('1579', '1434', '1579')",1
"('1542', '', '', '1542')",1
"('', '2220', '2183', '2188', '2188', '2190', '2183', '2188', '')",1
"('2511', '2513', '816', '2511')",1
"('', '580', '2535', '')",1
"('', '', '', '', '', '', '', '', '', '', '', '', '', '', '', '', '')",1
"('2186', '', '2186')",1
"('2582', '2304', '2582')",1
"('1375', '2601', '1372')",1
"('1820', '2094', '2114', '2117', '2114', '2094', '1820', '1819', '1820')",1
"('2832', '2916', '2916', '2915', '2832')",1
"('2889', '2885', '2899', '2889')",1
"('1424', '', '1687', '1696', '1424')",1
"('1813', '2316', '1813')",1
"('520', '520', '520')",1
"('2030', '1948', '1421', '1429', '1421', '1419', '2023', '2030')",1
"('', '', '2039', '2037', '2037', '2037', '2039', '2039', '2039')",1
"('1754', '1462', '1462', '1462', '1754')",1
"('1375', '354', '354', '399', '1375')",1
"('1556', '1552', '1439', '1426', '1534', '1556')",1
"('2814', '2814', '2814')",1
"('', '2627', '2802', '', '')",1
"('1346', '1354', '1346', '1251', '1346')",1
"('', '1455', '1435', '1455', '1455', '1455', '')",1
"('2060', '2091', '2060')",1
"('1352', '1980', '1981', '2596', '2608', '1980', '1322', '1318', '1352')",1
"('2659', '1712', '2752', '2659')",1
"('2902', '2920', '2920', '2918', '2918', '2902')",1
"('465', '462', '2610', '463', '465')",1
"('1333', '1333', '1297')",1
"('2560', '2550', '2293', '2293', '2293', '2550', '2560')",1
"('488', '2316', '2560', '2560', '2560', '488')",1
"('2308', '2135', '2308')",1
"('2183', '2023', '2183')",1
"('1630', '1522', '2344', '1630')",1
"('1489', '2088', '2046', '1489')",1
"('', '1436', '1427', '1585', '1440', '')",1
"('2902', '2085', '2086', '2085', '2113', '2902')",1
"('2268', '', '2268', '2268', '2268', '2609', '2268')",1
"('2006', '1962', '1596', '1962', '2006', '2006', '2006')",1
"('', '1494', '')",1
"('1640', '1569', '1640', '1522', '1649', '1648', '1640')",1
"('2088', '2080', '2102', '2080', '2088')",1
"('2120', '276', '2136', '2120')",1
"('1014', '1013', '1014', '995', '1014')",1
"('2849', '2864', '2845', '2845', '2849')",1
"('994', '664', '994')",1
"('2591', '2605', '2591', '2605', '462', '2591')",1
"('1540', '', '')",1
"('2115', '1741', '2115')",1
"('2505', '2505', '2244', '2244', '2244', '2505', '2505')",1
"('1764', '1772', '1764', '1600', '1764')",1
"('2089', '2093', '1960', '1960', '1960', '2093', '2089', '2088', '2080', '2089', '2095', '2090', '2089', '2080', '2090', '2089')",1
"('1998', '2072', '2002', '1998')",1
"('', '1473', '', '', '', '', '')",1
"('2070', '2064', '2070')",1
"('1534', '1773', '1773', '1773', '1773', '1534')",1
"('1324', '1427', '1324')",1
"('1223', '1043', '1043', '1223')",1
"('2840', '', '2840')",1
"('2216', '2211', '', '2216', '2220', '2216', '1437', '2216')",1
"('1971', '1939', '1971', '1982', '1971')",1
"('2552', '1773', '2552')",1
"('462', '', '462')",1
"('499', '501', '493', '203', '499')",1
"('1809', '2150', '2141', '1809', '1809', '1809')",1
"('2622', '2560', '2624', '2618', '2560', '2623', '2622')",1
"('531', '522', '531', '526', '531', '519', '531', '531')",1
"('', '1597', '', '', '')",1
"('1057', '1336', '1057')",1
"('2172', '2155', '2128', '2122', '2148', '2155', '2150', '2172', '2172')",1
"('', '1418', '1418', '1418', '')",1
"('994', '995', '1003', '1003', '1003', '994')",1
"('1977', '126', '1977')",1
"('', '1743', '', '', '')",1
"('1704', '1689', '1683', '1689', '1704')",1
"('2309', '1461', '1461', '1461', '2313', '2309', '2308', '2309')",1
"('2581', '2089', '2088', '2089', '2304', '2581')",1
"('1827', '2063', '1827')",1
"('2188', '2187', '1454', '1454', '1454', '2497', '2188')",1
"('1640', '1771', '1765', '1771', '1640')",1
"('2434', '1687', '1674', '2434')",1
"('2338', '2279', '2338')",1
"('', '', '', '1777', '')",1
"('', '1685', '')",1
"('1946', '1948', '1949', '1946')",1
"('2341', '1435', '2341')",1
"('2294', '2316', '2381', '2381', '2316', '2381', '2294')",1
"('2739', '2484', '2511', '2484', '2739', '2738', '2748', '2739')",1
"('1961', '2073', '1961', '1920', '1961')",1
"('2312', '2308', '2429', '2312')",1
"('2305', '1622', '2305')",1
"('2176', '2176', '2176', '2176', '2176', '2190', '2176')",1
"('2848', '2129', '2848')",1
"('1689', '1417', '1689', '228', '1689')",1
"('1372', '488', '1336', '1339', '1372')",1
"('542', '437', '519', '437', '542', '542', '542')",1
"('2776', '2234', '1682', '1439', '1682', '2245', '2234', '2776')",1
"('2034', '1496', '2034')",1
"('2828', '2909', '2828', '2826', '2828', '2919', '2828', '2909', '2828', '2829', '2823', '2822', '2828')",1
"('2296', '2295', '2067', '2117', '2117', '2296')",1
"('994', '', '994')",1
"('1945', '', '1945')",1
"('1292', '2281', '1292')",1
"('', '1688', '', '')",1
"('2632', '2568', '2632')",1
"('1007', '1008', '1007')",1
"('1965', '1960', '2067', '1965')",1
"('1720', '1554', '1435', '1713', '2240', '2240', '2241', '1720', '2793', '1720')",1
"('2825', '2913', '2825')",1
"('488', '503', '488')",1
"('2003', '2064', '2003')",1
"('', '', '1672', '1687', '', '')",1
"('2906', '2908', '2908', '2908')",1
"('', '1003', '1003', '')",1
"('2913', '2902', '2913')",1
"('462', '1285', '398', '1285', '462')",1
"('2918', '2928', '2918', '2908', '2918')",1
"('1905', '1892', '2104', '2064', '1905', '1892', '1930', '1905', '1903', '1899', '1905')",1
"('2896', '2873', '2896', '2873', '2896')",1
"('1878', '2117', '1878')",1
"('565', '522', '565')",1
"('2913', '2909', '2913', '2905', '2913')",1
"('1622', '1626', '1619', '1622')",1
"('405', '522', '405', '367', '357', '405')",1
"('1574', '1575', '', '1575', '1582', '1575', '1574')",1
"('1561', '', '', '', '1554', '1561')",1
"('469', '465', '1474', '469')",1
"('1228', '1966', '1228')",1
"('1292', '1292', '1292', '1315', '1292')",1
"('2190', '519', '2190', '2190')",1
"('1350', '1322', '1350')",1
"('2376', '1887')",1
"('1442', '1442', '1453', '1449', '1442')",1
"('1626', '1587', '1630', '1626')",1
"('1424', '1462', '1451', '1424')",1
"('388', '230', '388')",1
"('2215', '2205', '2215')",1
"('1751', '1751', '1751', '1751', '1751')",1
"('2465', '1424', '1455', '1424', '2465')",1
"('2598', '1989', '1986', '1989', '2269', '2598')",1
"('1582', '1622', '1582')",1
"('1809', '1812', '1866', '1823', '1809')",1
"('1007', '469', '391', '1007')",1
"('2191', '', '', '2191')",1
"('1705', '1416', '1705', '1674', '1705')",1
"('2388', '1421', '2388', '2392', '484', '2388')",1
"('2117', '1292', '875', '2117')",1
"('', '', '', '', '', '1783', '')",1
"('2542', '2542', '2535', '2535', '560', '2542', '490', '2542')",1
"('1014', '1013', '1014', '1013', '1014')",1
"('1059', '1057', '1050', '1062', '1062', '1057', '1059')",1
"('1734', '1736', '1734')",1
"('2490', '1473', '1439', '1473', '2490')",1
"('2080', '1453', '1461', '2080')",1
"('2674', '2131', '2124', '2127', '2131', '1704', '2674')",1
"('2254', '2484', '2484', '2254', '2245', '2484', '2254')",1
"('1729', '1440', '1439', '1440', '1554', '1665', '1729')",1
"('', '1400', '', '', '', '', '')",1
"('1424', '1597', '1424')",1
"('1754', '1756', '1754', '1754')",1
"('', '', '', '2742', '', '')",1
"('', '', '', '1600', '')",1
"('1852', '1815', '1852', '1859', '1852', '1857', '1852', '1859', '1852', '1859', '1852')",1
"('', '1777', '1777', '1777', '')",1
"('2662', '2651', '2659', '2662')",1
"('', '1765', '', '')",1
"('540', '521', '540', '522', '540')",1
"('2216', '1617', '2216')",1
"('1366', '1577', '1274', '1366', '1293', '1304', '1366', '1310', '1366')",1
"('415', '531', '527', '519', '529', '513', '415')",1
"('969', '1015', '1015', '1003', '969')",1
"('1556', '1587', '1429', '1556')",1
"('540', '478', '478', '478', '540')",1
"('1858', '1827', '2095', '1858')",1
"('2223', '1682', '2224', '2220', '2223')",1
"('', '1930', '', '')",1
"('1550', '', '', '1550')",1
"('393', '544', '393')",1
"('973', '1018', '1010', '973')",1
"('1057', '616', '680', '617', '1057')",1
"('1597', '1541', '1597', '', '1597')",1
"('1584', '2032', '1443', '2032', '1584')",1
"('1034', '989', '1002', '1034')",1
"('2277', '1986', '2277')",1
"('2822', '2102', '2822')",1
"('2623', '2623', '1416', '2546', '2623')",1
"('488', '415', '415', '384', '415', '472', '488')",1
"('2632', '2622', '519', '519', '2632')",1
"('2131', '1583', '2131', '2136', '2131')",1
"('1065', '1062', '1065')",1
"('', '1688', '1428', '1776', '')",1
"('1902', '1996', '1903', '1902')",1
"('1602', '1610', '1588', '1602', '1610', '1602', '', '1602')",1
"('1555', '1421', '1429', '1555')",1
"('1295', '469', '1279', '1295', '1292', '1295')",1
"('1527', '1780', '1436', '1780', '1527', '1483', '1527')",1
"('1690', '1672', '1688', '1690')",1
"('2554', '2553', '2554', '490', '2560', '2554')",1
"('', '1428', '', '')",1
"('1239', '1292', '1285', '1239', '1285', '1239')",1
"('2914', '2913', '2914', '2905', '2914', '2913', '2914')",1
"('1678', '1421', '1678', '1681', '1678')",1
"('540', '555', '540')",1
"('476', '399', '476')",1
"('2454', '2075', '2454')",1
"('2077', '2083', '2077', '2077', '2083', '2087', '2077', '2086', '2077')",1
"('1680', '1424', '1680')",1
"('2068', '2026', '2068')",1
"('', '', '1416', '', '')",1
"('2496', '1600', '2496')",1
"('2314', '2037', '2314')",1
"('2579', '2299', '2584', '2299', '2579')",1
"('', '1598', '1423', '')",1
"('1750', '1541', '1473', '1688', '1715', '1750')",1
"('1513', '2024', '1513')",1
"('1565', '1423', '1565')",1
"('2584', '398', '2301', '2584')",1
"('1973', '1910', '1976', '1973', '')",1
"('1624', '1558', '1533', '1624')",1
"('535', '540', '535')",1
"('2804', '1436', '1429', '1431', '2804', '', '', '2804')",1
"('454', '890', '459', '454')",1
"('2382', '2327', '2317', '2382')",1
"('2181', '2250', '', '2181')",1
"('2838', '2914', '2838')",1
"('1658', '1682', '1658')",1
"('1584', '1738', '1443', '2178')",1
"('2027', '2023', '2024', '2027', '1468', '1464', '1462', '1462', '1460', '1468', '1586', '1440', '2027')",1
"('2911', '1915', '2911', '2915', '2911')",1
"('2285', '2064', '2285')",1
"('1332', '1349', '1332', '1782', '1635', '1335', '1332')",1
"('2381', '2381', '2381')",1
"('2019', '1960', '2019')",1
"('2025', '2039', '2025')",1
"('1680', '1680', '1682', '1680')",1
"('1556', '1556', '2811')",1
"('1630', '1619', '1630', '1464', '2039', '1504', '1500', '1550', '1630', '1630', '1619', '1630')",1
"('2176', '2175', '2176')",1
"('1770', '1449', '1451', '1449', '1770')",1
"('2738', '2488', '2487', '2742', '2738')",1
"('1735', '1578', '1738', '1735')",1
"('1689', '1682', '1411', '1686', '1699', '1689', '1411', '1689')",1
"('', '1454', '', '', '', '')",1
"('994', '631', '994')",1
"('1820', '2585', '1820')",1
"('2089', '2030', '2089')",1
"('1619', '2234', '1619', '1528', '1619')",1
"('2393', '2390', '2393')",1
"('2023', '2117', '2117', '2117', '2025', '2023')",1
"('1664', '1449', '1453', '1449', '1664', '1657', '1664')",1
"('1913', '2358', '2091', '1913')",1
"('1355', '1274', '1355')",1
"('2927', '2932', '2927', '2927')",1
"('1636', '1619', '1636', '1626', '1636', '1660', '1636')",1
"('2415', '2414', '2415')",1
"('2872', '1881', '2087', '2091', '1920', '2872')",1
"('2741', '2752', '2752', '2241', '2741')",1
"('1956', '1585', '1457', '1956')",1
"('1808', '1809', '1817', '1808')",1
"('1829', '2125', '1829')",1
"('1965', '1960', '1965', '1960', '1965')",1
"('1654', '1456', '1654', '2441', '1654')",1
"('2143', '2113', '2069', '2113', '2143')",1
"('2039', '2089', '2088', '2088', '1960', '2039', '2089', '2039')",1
"('2073', '399', '399', '1986', '2073')",1
"('2132', '2132', '2132', '1807', '2132')",1
"('2178', '', '2181', '2178')",1
"('', '2099', '')",1
"('2363', '2374', '2363', '2379', '2363', '1414', '2374', '2363', '2385', '2388', '2363')",1
"('1442', '1442', '1442', '1442')",1
"('1843', '1822', '1867', '1822', '1843', '', '')",1
"('2314', '99', '2314', '2303', '2314', '2303', '2314')",1
"('1709', '1612', '1593', '1698', '1737', '1612', '1593', '1679', '1709')",1
"('1730', '2242', '1730', '2438', '1730')",1
"('1772', '119', '1772')",1
"('1469', '1463', '', '', '', '')",1
"('2357', '2354', '2317', '2513', '2525', '2357', '2367', '2357')",1
"('2312', '2280', '2312')",1
"('', '', '1435', '', '', '', '')",1
"('459', '435', '432', '459')",1
"('', '1910', '', '2834', '')",1
"('1641', '1427', '1584', '1427', '1641', '2430', '1641')",1
"('2737', '2744', '2737')",1
"('1655', '1725', '1606', '1655')",1
"('1825', '1814', '1825')",1
"('1448', '2922', '1448', '1444', '1448')",1
"('2073', '2141', '1960', '2073')",1
"('1522', '', '1423', '1522')",1
"('2261', '')",1
"('2489', '2301', '2525', '2489')",1
"('2474', '1560', '2478', '2480', '2474')",1
"('2254', '2171', '2254')",1
"('1552', '1417', '1579', '1552')",1
"('1269', '1326', '1269', '1259', '1269')",1
"('2023', '2139', '2023')",1
"('2430', '2351', '2430', '1701', '2429', '2429', '2430')",1
"('1866', '1944', '1827', '1866')",1
"('1892', '', '2141', '1892')",1
"('2488', '', '2488', '1686', '2488')",1
"('', '', '', '1351', '1563', '')",1
"('1472', '1478', '1478', '1472', '1408', '1472')",1
"('2823', '2923', '2823')",1
"('372', '496', '357', '372')",1
"('', '2583', '')",1
"('485', '545', '485')",1
"('2847', '2850', '2837', '2905', '2845', '2847', '2863', '2847')",1
"('238', '991', '982')",1
"('2298', '354', '')",1
"('2861', '2864', '2864', '2861', '2878', '2861', '2860', '2861')",1
"('1474', '2117', '1474', '1465', '1474')",1
"('2017', '2017', '2017')",1
"('1899', '1904', '1899')",1
"('2152', '2151', '1807', '2151', '2152')",1
"('2374', '1930', '2374', '2374')",1
"('1007', '1003', '1003', '1015', '1007', '1002', '1007')",1
"('1526', '1578', '1578', '1578', '1578', '1578', '1533', '1526')",1
"('535', '531', '479', '1987', '535')",1
"('2133', '2134', '2124', '2134', '2124', '2117', '2141', '2137', '2133')",1
"('1448', '1428', '1448')",1
"('2624', '2498', '2624')",1
"('1346', '1324', '2524', '2583', '2524', '1346', '1324', '1346')",1
"('2549', '2651', '558', '2549')",1
"('1475', '1465', '1475', '1422', '1475')",1
"('1574', '1771', '1574')",1
"('2132', '1486', '2132')",1
"('', '1458', '')",1
"('535', '541', '535', '535', '535', '535')",1
"('2379', '1427', '', '2379')",1
"('2374', '2361', '2374', '2294', '2374', '')",1
"('2533', '2524', '2533', '2533')",1
"('2491', '', '', '', '', '', '2480', '2491')",1
"('1828', '1828', '1829', '1828')",1
"('1522', '1522', '1522', '2112', '1931', '2112', '1522')",1
"('2081', '2316', '2011', '2081')",1
"('2176', '1780', '2176')",1
"('', '', '', '', '', '', '578', '')",1
"('2918', '2141', '2918')",1
"('2119', '2117', '2119', '2117', '2119')",1
"('1754', '1751', '1754', '1754', '1754')",1
"('2148', '1494', '1500', '2148')",1
"('', '', '', '1767', '')",1
"('2549', '2568', '2549')",1
"('1939', '2137', '1939')",1
"('1579', '1421', '1421', '1421', '1578', '1579')",1
"('2298', '1424', '1599', '1682', '2298')",1
"('1673', '1619', '1673', '1679', '1673', '1619', '1632', '1673')",1
"('', '1625', '')",1
"('1800', '2150', '2158', '1800')",1
"('2889', '1896', '1042', '1896', '2889')",1
"('1528', '1528', '1528', '1644', '1528')",1
"('540', '540', '540')",1
"('2097', '2090', '1944', '2091', '2090', '2100', '2097', '2090', '2097', '2091', '2095', '2086', '2097')",1
"('1646', '1777', '1646')",1
"('1566', '1455', '1566')",1
"('', '', '1787', '', '', '', '', '')",1
"('1676', '1682', '1686', '1687', '1682', '1676', '1665', '1676')",1
"('1237', '1251', '1237', '2612', '1326', '1237')",1
"('1528', '1577', '1528')",1
"('1007', '1008', '816', '1008', '1007', '1031', '1007')",1
"('2380', '1996', '1986', '2322', '2380')",1
"('2174', '2172', '2174', '2790', '2174')",1
"('1965', '1956', '1437', '1956', '1965')",1
"('', '', '', '', '', '', '', '', '', '1675', '')",1
"('2084', '2086', '2042', '2084', '2084')",1
"('362', '403', '357', '365', '365', '362')",1
"('1007', '1013', '1007')",1
"('1807', '2150', '1807')",1
"('2040', '1920', '2141', '2089', '2065', '2063', '2062', '2042', '2040')",1
"('1902', '1923', '1902')",1
"('1576', '1596', '1576')",1
"('', '2395', '', '', '')",1
"('1970', '1939', '2001', '1960', '1904', '1970')",1
"('1575', '1446', '1575', '1554', '1575', '1424', '1575')",1
"('1258', '216', '1258', '1336', '1320', '1258')",1
"('2430', '2392', '2086', '2528', '2525', '2430')",1
"('1524', '', '1552', '', '1524')",1
"('', '', '', '2244', '2241', '2244', '')",1
"('2254', '2768', '2254')",1
"('2323', '2013', '2381', '2323', '1993', '2323', '2091', '2323')",1
"('460', '2150', '460')",1
"('364', '1339', '364')",1
"('2084', '2084', '2084')",1
"('2902', '2896', '2902', '2914', '2902')",1
"('', '1782', '1780', '1782', '', '', '', '')",1
"('2647', '2480', '2647')",1
"('2298', '1999', '2300', '2583', '2298', '2362', '2298')",1
"('2025', '1450', '2025')",1
"('2081', '2067', '2064', '2081', '2085', '2134', '2067', '2081')",1
"('1694', '1688', '1687', '1694')",1
"('1891', '2119', '1811', '1891')",1
"('1306', '2119', '1930', '1306')",1
"('1689', '1436', '1435', '1689', '1681', '1689')",1
"('1560', '1436', '1609', '1560')",1
"('462', '2365', '462')",1
"('1859', '1866', '1866', '1827', '1859')",1
"('2355', '1436', '1435', '1446', '2387', '2385', '2354', '2355')",1
"('2310', '2308', '1423', '1423', '2310')",1
"('2321', '1639', '2321')",1
"('2549', '2551', '2560', '2551', '2551', '2552', '2560', '2549')",1
"('2379', '2039', '2379', '2378', '2379')",1
"('1006', '1003', '1006', '1003', '1003', '1006')",1
"('2556', '425', '2556')",1
"('2348', '1635')",1
"('2149', '2149', '2111', '2149', '2149')",1
"('2624', '2618', '2624', '2619', '2624')",1
"('1065', '1346', '1065', '1053', '1013', '1065', '721', '1062', '1065')",1
"('', '', '2502', '')",1
"('1627', '2430')",1
"('2239', '2464', '1429', '2464', '2239')",1
"('465', '1274', '465')",1
"('2927', '2826', '2927')",1
"('1650', '2603', '1650')",1
"('1967', '1998', '1967')",1
"('2902', '2902', '2902')",1
"('2797', '1670', '2797')",1
"('', '2583', '', '')",1
"('2619', '2583', '2580', '2583', '2619')",1
"('1501', '1538', '1546', '1501', '1497', '1497', '1542', '1501', '1473', '1501', '1473', '1546', '1501', '2030', '1501')",1
"('', '1610', '')",1
"('2770', '2024', '2770', '2772', '2770')",1
"('1499', '1502', '1499', '1503', '1503', '1499', '1500', '2042', '1499')",1
"('1947', '1960', '1947')",1
"('1446', '1581', '1446')",1
"('2371', '2039', '2368', '2371')",1
"('2863', '2899', '2863')",1
"('', '2244', '', '', '', '')",1
"('1857', '1797', '1857', '1873', '1866', '1866', '1797', '1857', '1867', '1831', '2159', '1797', '1857', '1797', '1857', '2107', '1857', '2107', '1908', '1873', '1857')",1
"('1964', '2039', '1964', '1590', '1964')",1
"('1962', '2090', '1962')",1
"('2142', '2119', '2142')",1
"('2439', '2469', '2439')",1
"('462', '462', '1235', '462', '1292', '1235', '462')",1
"('1939', '1941', '1985', '1310', '748', '1939')",1
"('555', '1259', '544', '40', '544', '555')",1
"('1319', '1319', '217', '1319', '1319')",1
"('1372', '1339', '1372', '1372')",1
"('2429', '2429', '2429')",1
"('1695', '1598', '1429', '1429', '1598', '1695', '1424', '1419', '1695')",1
"('', '', '', '1442', '')",1
"('2039', '1960', '2070', '2039', '1496', '2039', '2039')",1
"('1598', '1415', '1598')",1
"('2752', '2756', '2748', '2753', '2752', '2766', '2239', '2752')",1
"('2078', '744', '2062', '2078')",1
"('', '1448', '1419', '', '', '')",1
"('1007', '1007', '1007', '1008', '1003', '706', '1003', '1013', '1011', '1007', '1007', '1007')",1
"('1550', '1425', '1550')",1
"('', '2413', '', '', '')",1
"('1540', '1437', '1540')",1
"('1963', '2002', '1963', '2031', '1963')",1
"('2084', '2055', '1554', '2082', '2055', '2084')",1
"('1525', '1421', '1423', '1455', '1565', '1560', '1525')",1
"('1065', '1054', '1054', '1065', '1056', '1065')",1
"('', '1796', '', '', '', '')",1
"('1960', '1439', '1960')",1
"('2151', '1930', '2151', '2150', '2151')",1
"('1754', '1621', '1754')",1
"('2510', '512', '512', '2535', '512')",1
"('1741', '1741', '1742', '1745', '1742', '1741')",1
"('2115', '1069', '2115', '2091', '2095', '2115')",1
"('2919', '2913', '2919')",1
"('', '2244', '1439', '1439', '1468', '')",1
"('462', '2430', '466', '462')",1
"('', '1423', '', '', '')",1
"('2666', '2751', '2752', '2666', '519', '2666')",1
"('1729', '1740', '1729')",1
"('1295', '1326', '1279', '1279', '1279', '1326', '1295')",1
"('1910', '1807', '1811', '1910')",1
"('2612', '2616', '2612', '2612')",1
"('2039', '2035', '2039', '2036', '2037', '2039', '2039', '2039')",1
"('', '469', '', '', '2697', '')",1
"('1065', '1054', '1065')",1
"('2499', '2493', '2499', '2511', '2511', '2499')",1
"('', '1436', '1435', '')",1
"('1581', '1640', '2025', '1581', '1583', '1581')",1
"('2243', '2014', '2243')",1
"('', '2715', '', '1750', '')",1
"('2159', '1806', '2159')",1
"('1014', '893', '1014')",1
"('2242', '2451', '2446', '2242')",1
"('1670', '1417', '1618', '1670')",1
"('', '1763', '1687', '')",1
"('1912', '2103', '1912')",1
"('', '', '1456', '1491', '')",1
"('', '1433', '')",1
"('', '', '1766', '')",1
"('2750', '2750', '2752', '2750', '2752', '2751', '2752', '2751', '2750')",1
"('1303', '1310', '1303', '1284', '1285', '1303')",1
"('1583', '1440', '1583')",1
"('462', '462', '462', '1986', '1443', '1986', '2222', '1990', '462', '1986', '462', '2611', '462')",1
"('1753', '1719', '1753')",1
"('1065', '346', '1065')",1
"('', '2176', '')",1
"('', '', '', '1462', '')",1
"('1006', '1007', '1010', '1011', '1001', '1002', '1006')",1
"('2079', '2079', '1603', '2079')",1
"('1976', '1930', '1976', '2090', '2091', '1976')",1
"('1958', '2072', '1958', '1958')",1
"('1829', '1424', '1829')",1
"('2117', '2117', '2117', '2117')",1
"('1704', '1697', '1448', '1697', '1698', '1704')",1
"('482', '206', '482')",1
"('417', '544', '404', '417')",1
"('1547', '1776', '1419', '1547')",1
"('2437', '1642', '2437')",1
"('2910', '1413', '2910')",1
"('1676', '1596', '1676', '2168', '1676')",1
"('2156', '2122', '2156')",1
"('1678', '540', '')",1
"('2673', '2534', '2673', '2645', '2534', '2673', '2486', '2189', '2673')",1
"('1716', '2189', '1716', '1719', '1699', '1716')",1
"('', '1449', '1449', '1449', '', '')",1
"('', '1431', '', '', '')",1
"('', '2025', '2024', '2025', '', '')",1
"('2474', '1416', '1682', '1416', '2478', '2474')",1
"('1971', '81', '2540', '1971')",1
"('2911', '2907', '2911')",1
"('2551', '2583', '2551', '540', '538', '2551')",1
"('1565', '1595', '1560', '1565')",1
"('2302', '1625', '2618', '2302')",1
"('2754', '', '2754')",1
"('2783', '2174', '2790', '2784', '2785', '2783')",1
"('', '1422', '', '', '', '1767', '')",1
"('2086', '2055', '2090', '2086')",1
"('1785', '1780', '1780', '1785')",1
"('2699', '', '2699')",1
"('2426', '1523', '1478', '1523', '2426', '1685', '2426')",1
"('2211', '1649', '2211')",1
"('1903', '1937', '1903', '1903', '1903')",1
"('2485', '354', '2485')",1
"('1743', '2181', '1743')",1
"('2070', '2062', '', '2062', '2070')",1
"('1689', '1454', '1777', '1689')",1
"('1722', '1600', '2472', '', '1722')",1
"('1225', '1250', '667', '1225')",1
"('2028', '1682', '1442', '2028', '2028', '2028')",1
"('2178', '2494', '2178')",1
"('1808', '1191')",1
"('2431', '2548')",1
"('', '2064', '', '', '')",1
"('', '1455', '1457', '1455', '1455', '1409', '')",1
"('2441', '1729', '2516', '2441')",1
"('1279', '1238', '1326', '1279', '1238', '1257', '1238', '1322', '1279', '1279', '1279')",1
"('2337', '2430', '2432', '1558', '2432', '2430', '2318', '2337')",1
"('2315', '', '2315')",1
"('', '2067', '', '', '')",1
"('2150', '1930', '2119', '1930', '2150', '2150', '2113', '2150')",1
"('2150', '1860', '2150', '1860', '2150')",1
"('387', '399', '387')",1
"('1511', '', '1598', '1454', '1598', '2026', '1511')",1
"('2215', '2250', '1454', '2215')",1
"('2393', '1590', '2393')",1
"('542', '536', '542', '519', '542', '354', '539', '539', '542')",1
"('2037', '2037', '2037', '2037', '2037', '1493', '2041', '2037')",1
"('2760', '2191', '1780', '2785', '2172', '2195', '2760')",1
"('', '1401', '')",1
"('2629', '2551', '2629')",1
"('2040', '2063', '2039', '2040')",1
"('2243', '2495', '2374', '2176', '2014', '2243')",1
"('', '1672', '')",1
"('2552', '2551', '2552')",1
"('2475', '2583', '2475')",1
"('1827', '1871', '1827')",1
"('1355', '1346', '399', '1253', '1346', '1355')",1
"('971', '2915', '971')",1
"('2306', '2316', '2306')",1
"('2387', '2386', '2387')",1
"('', '', '', '', '1549', '', '', '')",1
"('2018', '1436', '1442', '2018')",1
"('1528', '1532', '1528')",1
"('2077', '2112', '2077', '2072', '2077')",1
"('417', '', '', '1391', '417')",1
"('', '', '', '2117', '', '', '', '')",1
"('', '1882', '')",1
"('2826', '', '2920', '2826')",1
"('1679', '1418', '1679')",1
"('', '', '', '', '', '', '', '', '', '', '', '', '', '', '', '', '', '', '', '', '', '', '', '')",1
"('1808', '1461', '1808')",1
"('', '', '', '', '', '', '', '2192', '', '', '', '')",1
"('2842', '2908', '2914', '2899', '2920', '2902', '2914', '2906', '2842')",1
"('1585', '2062', '1585')",1
"('', '1400', '1431', '1400', '')",1
"('2883', '2920', '2883')",1
"('364', '371', '423', '', '586', '574', '565', '562', '364', '841')",1
"('1966', '1441', '1966')",1
"('1994', '1444', '1994')",1
"('2012', '1779', '', '2019', '1649', '2012')",1
"('2918', '2907', '2918')",1
"('1016', '1002', '1016', '986', '1016')",1
"('1446', '1437', '1593', '1446')",1
"('1006', '1000', '1006')",1
"('1741', '1582', '1555', '', '1741')",1
"('2873', '2908', '2873')",1
"('2029', '', '2029', '2029', '2029')",1
"('2064', '', '', '2064')",1
"('2417', '2611', '2417')",1
"('2418', '', '2418')",1
"('1911', '1897', '2140', '1892', '1911', '2147', '1911')",1
"('2253', '2067', '2190', '', '2253')",1
"('1966', '')",1
"('2605', '1313', '2605', '2605', '2605', '1822')",1
"('2150', '2146', '2146', '2146', '2150', '2150', '2150')",1
"('2025', '2024', '2025')",1
"('2491', '2316', '2495', '2408', '2491')",1
"('1678', '', '1686', '1678')",1
"('2901', '2896', '2901', '2905', '2902', '2901', '2875', '2901')",1
"('1894', '1899', '1899', '1866', '1894')",1
"('2007', '2008', '2007')",1
"('2097', '1778', '1778', '1778', '2097')",1
"('2136', '1918', '2136')",1
"('', '2787', '', '')",1
"('2541', '292', '2541')",1
"('1366', '1331', '291', '1331', '1366')",1
"('1605', '1778', '', '', '', '', '', '1605')",1
"('354', '', '', '', '')",1
"('1704', '1412', '1704', '1684', '1704', '1687', '1704')",1
"('1535', '1440', '1586', '1546', '1535')",1
"('1377', '466', '1377', '1377')",1
"('1785', '1779', '1423', '1423', '1779', '1785')",1
"('1553', '1423', '1553', '212')",1
"('1771', '1767', '1771')",1
"('1257', '1065', '1257', '1248', '1257', '1372', '1257')",1
"('1444', '1584', '1444', '1461', '1462', '1462', '1444')",1
"('469', '346', '354', '394', '469')",1
"('1866', '1867', '1826', '1823', '1873', '1866')",1
"('2889', '2889', '')",1
"('', '1453', '')",1
"('2238', '2025', '2238')",1
"('1973', '1974', '1973', '1960', '1973')",1
"('1930', '2119', '1930')",1
"('2533', '2314', '2533')",1
"('486', '1432', '486', '490', '488', '486')",1
"('1529', '', '1560', '1529')",1
"('2822', '1411', '2822')",1
"('2355', '1619', '1426', '2355')",1
"('1529', '1771', '1767', '1771', '1529')",1
"('', '', '2064', '', '')",1
"('2003', '2018', '2003')",1
"('1971', '2048', '', '', '', '', '', '', '1971')",1
"('2205', '2206', '2205')",1
"('1562', '1414', '1778', '1784', '1783', '1778', '1414', '1562')",1
"('2150', '2006', '1991', '2006', '1960', '1963', '2150')",1
"('1735', '1568', '2254', '1568', '1735')",1
"('', '2739', '1722', '')",1
"('2252', '2216', '2252')",1
"('1502', '1541', '', '', '', '1502')",1
"('2928', '1840', '2122', '1840', '2928')",1
"('2719', '1765', '2747', '2742', '2719')",1
"('2914', '2826', '2914')",1
"('1842', '2919', '2814', '2811', '2921', '1842', '2098', '1842')",1
"('2863', '2919', '2863')",1
"('2136', '1992', '2141', '2136')",1
"('', '1408', '')",1
"('2838', '2837', '2903', '2838', '2915', '2915', '2838')",1
"('', '1434', '1453', '1434', '', '')",1
"('', '1416', '1419', '1416', '', '')",1
"('1473', '1579')",1
"('1904', '1977', '1899', '1936', '1936', '2139', '1936', '1904', '1939', '1904')",1
"('', '2721')",1
"('2193', '2181', '2193')",1
"('2221', '', '', '2221', '2217', '2221')",1
"('', '1685', '', '')",1
"('1555', '1559', '1572', '1554', '1555', '1585', '1585', '1585', '1583', '1588', '1555')",1
"('', '1419', '1419', '1419', '')",1
"('1585', '', '', '', '', '', '', '', '', '', '', '1585')",1
"('1539', '1500', '1503', '1534', '1503', '1504', '1500', '1539')",1
"('2804', '1788', '', '2804')",1
"('2193', '2190', '2189', '2189', '2193')",1
"('2115', '1932', '1597', '1609', '1578', '2117', '1932', '1931', '1920', '1932', '2115')",1
"('1653', '2627', '1653')",1
"('', '2228', '', '1425', '2228', '')",1
"('1057', '1057', '1385', '469', '1057')",1
"('1376', '1771', '2610', '1376', '465', '465', '463', '1379', '1376')",1
"('2854', '2853', '2854')",1
"('2646', '2499', '2646')",1
"('475', '453', '512', '477', '475')",1
"('1813', '1921', '2124', '1921', '1813')",1
"('1621', '1431', '1621', '', '1621')",1
"('1689', '1684', '1684', '1684', '1688', '1772', '1689')",1
"('1990', '1990', '1990', '1990', '1990')",1
"('2548', '', '2548')",1
"('2560', '2625', '2560')",1
"('2373', '2372', '2372', '2373')",1
"('1981', '1977', '1981')",1
"('2636', '1992', '2502', '2651', '2636')",1
"('2901', '2811', '2901')",1
"('1719', '1437', '1719')",1
"('', '1500', '1499', '1492', '1500', '1490', '1485', '1475', '1548', '1500', '')",1
"('1664', '1762', '1664')",1
"('1586', '1430', '1439', '1439', '1586')",1
"('2119', '2114', '2119', '1932', '2119', '2119')",1
"('', '', '', '', '', '1417', '', '1429', '')",1
"('2245', '2241', '2245', '2243', '2245', '2245', '2245')",1
"('2654', '1600', '1419', '2454', '2654')",1
"('2178', '2174', '2785', '2178', '1459', '2178')",1
"('2823', '2899', '2900', '2899', '2823', '2899', '2823', '2902', '2823')",1
"('1262', '1262', '1262', '1262', '1262')",1
"('2600', '2600', '2595', '2607', '2600')",1
"('', '2030', '')",1
"('1513', '', '1520', '1513', '1582', '1513')",1
"('2901', '2908', '2901', '2894', '2901', '2894', '2901')",1
"('1771', '1774', '1686', '1774', '1686', '1774', '1771')",1
"('1823', '1887', '1823')",1
"('481', '490', '481')",1
"('1938', '1938', '1938', '2082', '1943', '1940', '1938', '1938', '1938')",1
"('2088', '2064', '2064', '2088')",1
"('499', '2618', '499', '430', '499')",1
"('2062', '2169', '2062', '2111', '2150', '2062')",1
"('', '2062', '2062', '')",1
"('2320', '1965', '2320')",1
"('', '346', '354', '')",1
"('', '354', '577')",1
"('1886', '1931', '2045', '1931', '1910', '1886', '1885', '1886')",1
"('', '1455', '1682', '')",1
"('2554', '2623', '2244', '2554')",1
"('', '1774', '', '', '')",1
"('2343', '2378', '2378', '2372', '2343')",1
"('2363', '2378', '2374', '2363')",1
"('', '1471', '')",1
"('2922', '2135', '2922')",1
"('2246', '2203', '2246')",1
"('331', '332', '335', '331', '335', '888', '331', '332', '364', '331')",1
"('2230', '2477', '2651', '2477', '2651', '2227', '2230')",1
"('2187', '', '', '')",1
"('499', '2316', '490', '499')",1
"('2175', '2302', '2175', '1687', '2175')",1
"('2382', '2379', '2382', '2382', '2382', '2381', '2382')",1
"('2063', '1986', '2063')",1
"('2651', '1743', '2651')",1
"('2896', '2885', '2896')",1
"('2150', '2155', '2150', '2155', '2150', '1811', '2150', '2150')",1
"('', '2539', '2552', '2362', '2539', '', '', '')",1
"('2426', '1197', '2426', '2491', '2426')",1
"('1572', '1409', '1572')",1
"('2492', '2490', '2380', '462', '2380', '2492')",1
"('2490', '2508', '2511', '2490')",1
"('1933', '1949', '1945', '1954', '1954', '1949', '1933')",1
"('2622', '2406', '519', '2619', '2622')",1
"('1723', '1568', '1723')",1
"('', '2228', '2790', '')",1
"('', '2729', '2190', '2484', '2676', '', '', '')",1
"('2509', '2499', '2509')",1
"('2247', '1715', '1753', '1762', '2247')",1
"('2380', '2317', '2380')",1
"('540', '506', '435', '540')",1
"('2465', '1595', '1595', '1595', '1411', '1419', '2465')",1
"('2379', '2378', '2317', '2316', '2316', '2316', '2317', '2317', '2378', '2379')",1
"('2104', '1292', '2099', '2104')",1
"('1984', '2295', '2010', '1986', '2010', '2295', '1984')",1
"('', '', '1494')",1
"('1797', '1801', '1797')",1
"('1383', '1976', '1383')",1
"('2182', '1792', '2182', '1792', '1698', '1784', '2182', '2495', '2486', '2484', '1792', '2182')",1
"('1426', '2064', '1426')",1
"('2324', '2378', '2378', '2378', '2324')",1
"('', '', '', '2244', '')",1
"('1684', '1462', '1462', '1496', '1684', '1496', '1684')",1
"('1964', '1427', '1964')",1
"('2711', '2265', '2711', '2557', '2619', '2622', '2557', '2711')",1
"('2896', '2906', '2902', '2902', '2896', '2884', '2896', '2884', '2896', '2896', '2896', '2896')",1
"('2814', '2905', '2919', '2899', '2814')",1
"('1596', '1599', '1596', '1601', '1603')",1
"('', '1685', '', '', '', '2062', '2062', '')",1
"('1945', '1531', '1436', '1531', '1945')",1
"('2147', '2069', '2086', '2147')",1
"('1533', '1627', '2024', '1533')",1
"('1597', '1600', '1597')",1
"('2094', '2928', '2094')",1
"('1741', '1421', '1430', '1421', '1418', '1741')",1
"('1608', '1438', '1438', '1438', '1608', '1609', '1608')",1
"('1550', '1579', '1550', '1443', '1550')",1
"('433', '540', '433')",1
"('2362', '2351', '1437', '2362')",1
"('2188', '1790', '2188', '2187', '2189', '2187', '2190', '2187', '2188', '2187', '2188')",1
"('2772', '', '2186', '2641', '2772')",1
"('2163', '2087', '2127', '2163', '2110', '2087', '2086', '2087', '2163')",1
"('2556', '490', '2552', '2556', '2586', '2539', '2556', '2552', '2623', '2552', '2556')",1
"('1701', '1751', '1751', '1701')",1
"('2159', '1806', '2087', '2100', '2159', '1799', '2159')",1
"('2511', '2493', '2511', '2511')",1
"('462', '377', '462')",1
"('2927', '2918', '2927', '2293', '2280', '2293', '2927')",1
"('', '', '2299', '', '', '')",1
"('1899', '1992', '1899')",1
"('1587', '1578', '1587')",1
"('1323', '1455', '1292', '1323')",1
"('1899', '1903', '1941', '2062', '1966', '1899')",1
"('2115', '2118', '', '2115')",1
"('1820', '1913', '1820')",1
"('2266', '1268', '2266', '2617', '2266')",1
"('', '2024', '')",1
"('488', '492', '1437', '488')",1
"('2136', '2069', '2136')",1
"('2856', '', '', '', '2141', '2896', '2856')",1
"('499', '493', '499', '499')",1
"('1521', '1646', '1569', '2001', '1521', '1569', '1646', '1521', '1585', '1521')",1
"('2506', '2539', '2422', '2491', '2646', '2506')",1
"('2730', '', '2730')",1
"('2185', '2747', '2185', '2189', '2189', '2185')",1
"('1581', '2041', '2041', '', '2041', '2037', '1581', '1672', '1418', '1672', '1581', '1580', '1581')",1
"('2090', '2583', '1773', '2583', '2090', '2088', '2090')",1
"('2275', '354')",1
"('2136', '1915', '1915', '1915', '1498', '1497', '2136')",1
"('', '', '', '', '208', '', '', '')",1
"('', '1473', '')",1
"('1807', '1881', '1807')",1
"('1984', '1349', '1349', '1349', '1984', '1984', '1984')",1
"('529', '530', '513', '539', '529', '530', '529', '529', '529')",1
"('1258', '1294', '1258', '1284', '1258')",1
"('2646', '2511', '2511', '2646')",1
"('1912', '1914', '1827', '1912')",1
"('497', '499', '499', '497', '2583')",1
"('1997', '2087', '1997')",1
"('1823', '2122', '2125', '1823')",1
"('1855', '1856', '1855', '2087', '2086', '2087', '1858', '1855')",1
"('1676', '1427', '1427', '1427', '1676')",1
"('480', '403', '355', '404', '404', '405', '480')",1
"('2380', '2385', '2616', '521', '2380')",1
"('2003', '1431', '2003')",1
"('1520', '1526', '1529', '2087', '1520')",1
"('2194', '1400', '2194')",1
"('1283', '2062', '2102', '1986', '1283')",1
"('', '2316', '2380', '2316', '', '')",1
"('2364', '2363', '866', '2265', '1443', '1930', '2364')",1
"('2123', '2907', '2123')",1
"('2171', '')",1
"('1695', '1421', '1435', '1695', '1788', '1688', '1697', '1695')",1
"('', '', '', '', '1460', '')",1
"('2764', '2002', '2752', '2752', '2764', '2002', '2764')",1
"('', '', '', '', '439')",1
"('2150', '2096', '2150', '1811', '2150')",1
"('1299', '1326', '1299')",1
"('2025', '1420', '2025')",1
"('2896', '2896', '2896')",1
"('971', '711', '971')",1
"('1889', '2123', '1889')",1
"('405', '404', '405', '405', '405')",1
"('2308', '2327', '2308')",1
"('2382', '2395', '2378', '2382', '2395', '2382')",1
"('', '1465', '1684', '1682', '', '')",1
"('2379', '2317', '2379')",1
"('2228', '1654', '1639', '2228')",1
"('1351', '1362', '1342', '1351')",1
"('', '', '', '', '', '1579')",1
"('', '2593', '230', '', '', '', '2176')",1
"('2163', '2107', '2102', '2107', '2163')",1
"('462', '2409', '2411', '2409', '462')",1
"('405', '427', '405', '2585', '2505', '550', '718', '405')",1
"('1006', '1011', '1003', '1003', '1002', '1011', '1006')",1
"('2363', '', '2374', '2365', '2363')",1
"('2373', '2378', '2373')",1
"('462', '463', '462', '474', '465', '474', '1381', '462')",1
"('2344', '2646', '2740', '2344')",1
"('1718', '1622', '1718')",1
"('517', '509', '513', '509', '506', '517')",1
"('2649', '521', '2618', '2618', '2649', '', '2649')",1
"('1801', '1800', '1801')",1
"('2048', '1986', '1937', '1939', '2048')",1
"('1547', '', '', '', '', '1547')",1
"('2111', '2086', '1778', '2111')",1
"('1306', '1263', '882', '1259', '1306', '1253', '1253', '1306')",1
"('2364', '2374', '2364', '2381', '2364', '2002', '2374', '2374', '2364')",1
"('1964', '2091', '1964', '2023', '1964')",1
"('2608', '2615', '2608')",1
"('', '1765', '1598', '')",1
"('1751', '1461', '1751')",1
"('356', '367', '453', '333', '356', '359', '359', '359', '356')",1
"('2016', '1546', '1538', '2016')",1
"('', '1412', '')",1
"('1918', '2064', '1992', '2147', '1918')",1
"('2429', '2293', '2381', '2429')",1
"('1629', '1449', '', '')",1
"('1658', '1650', '1764', '1658', '1656', '1658')",1
"('1231', '1270', '1245', '1234', '1231')",1
"('517', '1780', '517')",1
"('', '1774', '1688', '')",1
"('1810', '2920', '2920', '2902', '1810')",1
"('1695', '1431', '1695')",1
"('2914', '2911', '2914')",1
"('', '1682', '', '', '', '', '', '')",1
"('', '', '', '1436', '1497', '1430', '', '', '', '', '')",1
"('552', '563', '552', '512', '552', '512', '513', '552')",1
"('2506', '1705', '2506')",1
"('', '', '', '1439', '1441', '', '', '')",1
"('', '1683', '1597', '1687', '1688', '1683', '')",1
"('2647', '1436', '2647')",1
"('2622', '1468', '513', '513', '2622')",1
"('1666', '', '', '', '', '1666')",1
"('1781', '1432', '1432', '1432', '1684', '1432', '1593', '1598', '1781')",1
"('1592', '1776', '1592', '1776', '', '1592')",1
"('2474', '1591', '1746', '2599', '2397', '2315', '2474')",1
"('', '1590', '', '', '')",1
"('', '', '', '1423', '')",1
"('2238', '2189', '2189', '2238')",1
"('1640', '1553', '1640')",1
"('1903', '1903', '1899', '1903', '1903', '1939', '2117', '1931', '1903')",1
"('2467', '2512', '2467')",1
"('', '1586', '')",1
"('1644', '1644', '2023', '1644', '1644')",1
"('', '1600', '1686', '1686', '1686', '')",1
"('1825', '2102', '1825', '1819', '1825', '')",1
"('1547', '1500', '1541', '1546', '1547')",1
"('', '2752', '2752', '2752', '2752', '1688', '', '2178', '')",1
"('1717', '1438', '1436', '1717')",1
"('2110', '2111', '2110')",1
"('2541', '2535', '2406', '2358', '1931', '2541')",1
"('', '1455', '1436', '1455', '', '')",1
"('2230', '1762', '2230')",1
"('2362', '2362', '2362', '2374', '2378', '2362', '2362', '2362', '2388', '2362')",1
"('399', '390')",1
"('1691', '1691', '1691')",1
"('1922', '1935', '1922', '1682', '2134', '1919', '1922')",1
"('1676', '', '')",1
"('2006', '1382', '2024', '1496', '2006')",1
"('', '', '', '', '465')",1
"('2563', '2583', '2563')",1
"('2625', '2317', '2625')",1
"('2490', '1622', '2495', '2511', '2490')",1
"('1372', '1372', '1372', '1372', '1372')",1
"('969', '180', '633', '1003', '969')",1
"('1057', '106', '106', '1057', '1057')",1
"('2870', '2911', '2903', '2909', '2870', '2915', '2870')",1
"('1236', '1322', '1325', '1324', '1324', '1236')",1
"('2150', '2150', '2150', '1807', '2150', '2150', '', '', '2150')",1
"('2173', '1622', '2784', '2173')",1
"('1588', '1435', '1588')",1
"('1448', '', '1448')",1
"('', '2742', '', '', '')",1
"('2642', '2478', '2642')",1
"('2842', '2933', '2842')",1
"('1553', '1551', '1553', '1551', '1553')",1
"('2174', '2491', '2174', '', '', '', '2174')",1
"('', '1980')",1
"('2070', '2062', '2070', '1515', '2070', '2063', '2063', '2070')",1
"('2902', '2087', '2920', '2902', '2916', '2902')",1
"('2223', '2220', '2223', '2223')",1
"('1922', '1939', '1922')",1
"('1750', '1462', '1468', '1462', '1750', '2240', '1719', '1750')",1
"('2254', '2087', '2114', '2087', '2091', '2254')",1
"('1962', '1958', '2073', '1962', '2063', '2063', '1962', '1560', '1962')",1
"('2380', '2374', '2380')",1
"('1505', '1437', '1503', '1505')",1
"('359', '364', '419', '420', '359', '360', '359')",1
"('', '1419', '1771', '1419', '', '', '', '')",1
"('2230', '2228', '2742', '2230', '2742', '2742', '2742', '2230', '2228', '2230')",1
"('2315', '2315', '2316', '2315')",1
"('520', '536', '519', '536', '512', '544', '520')",1
"('1605', '', '1672', '1605')",1
"('2528', '2524', '2585', '2528', '2531', '2324', '2528')",1
"('1678', '1765', '1697', '1672', '1678', '1688', '1686', '1678', '1619', '1678')",1
"('1381', '1721', '1381')",1
"('2087', '2102', '2103', '2102', '2087', '2091', '2090', '2087', '2103', '2091', '2087')",1
"('465', '1899', '465')",1
"('2150', '2150', '2150', '2141', '2150', '1880', '2150', '2150', '2150', '2150', '2150')",1
"('2660', '2676', '2660')",1
"('1301', '2146', '1811', '2146', '1284', '1304', '1304', '1301')",1
"('2176', '1789', '2176')",1
"('2213', '2654', '2213')",1
"('469', '469', '469', '399', '469')",1
"('1699', '1421', '1438', '1699')",1
"('1227', '1992', '2087', '2090', '2090', '2095', '1938', '1227', '1318', '1227')",1
"('1690', '1772', '1691', '1776', '1445', '1686', '1690')",1
"('', '2403', '2526', '', '')",1
"('2547', '519', '2547', '2563', '2623', '2623', '2547', '2573', '2547')",1
"('1490', '2039', '2046', '1490')",1
"('', '1765', '', '', '', '')",1
"('', '1393')",1
"('2680', '2666', '', '1574', '2211', '2680', '1284')",1
"('2373', '1568', '2373', '', '2373')",1
"('535', '537', '535', '518', '535')",1
"('', '1600', '1600', '1600', '')",1
"('356', '402', '402', '350', '356', '1767', '356')",1
"('', '1578', '')",1
"('1875', '1827', '1875')",1
"('2911', '376', '376', '376', '2911', '2911', '2911')",1
"('', '', '1780', '1426', '1780', '', '')",1
"('', '', '', '', '', '', '', '1431', '', '')",1
"('2176', '2182', '2189', '2176')",1
"('2811', '2902', '2920', '2811', '2811', '2811', '2916', '2822', '2811')",1
"('2150', '1807', '2150')",1
"('2379', '2382', '2378', '1682', '2378', '2382', '2379')",1
"('2364', '2585', '2364', '1960', '2374', '2364')",1
"('2652', '2244', '2752', '2752', '2752', '2477', '2652', '2241', '2236', '2652')",1
"('2918', '2921', '2918', '2918', '2921', '2921', '2918')",1
"('1886', '2144', '1886')",1
"('1686', '1605', '1686')",1
"('2579', '1436', '2579', '2552', '2579')",1
"('2856', '2911', '2841', '2837', '2856')",1
"('', '', '1936', '', '', '', '1450', '', '', '')",1
"('430', '490', '504', '430', '361', '350', '361', '430')",1
"('1564', '1443', '1442', '1556', '1564')",1
"('2028', '2107', '1400', '2028', '2028')",1
"('', '', '', '', '1427', '', '')",1
"('1698', '1778', '1773', '1778', '1443', '1698')",1
"('1593', '1423', '1437', '1593', '1592', '1593')",1
"('1721', '1635', '1793', '1661')",1
"('2471', '2495', '2471')",1
"('1565', '1414', '1418', '', '1565')",1
"('1720', '2236', '2240', '2240', '1720')",1
"('1975', '1934', '1975', '1974', '1975')",1
"('332', '331', '332')",1
"('1789', '1788', '1789', '1789', '1789')",1
"('462', '1292', '462')",1
"('2874', '2902', '2834', '2833', '2874')",1
"('1975', '1899', '2602', '462', '1899', '1866', '1975')",1
"('1582', '1451', '1461', '1451', '1464', '1451', '1461', '1582')",1
"('2269', '463', '2269')",1
"('2585', '2300', '2585')",1
"('1366', '1366', '1322', '1332', '1272', '1366', '1274', '1274', '1366', '1365', '1366')",1
"('415', '359', '885', '415')",1
"('499', '498', '409', '513', '513', '498', '499')",1
"('2755', '', '2751', '2755')",1
"('1562', '1612', '1611', '1581', '1560', '1562')",1
"('1638', '1478', '1638')",1
"('', '544', '544', '420', '544')",1
"('1701', '1682', '1605', '1682', '1701')",1
"('488', '415', '488', '490', '488')",1
"('2667', '2380', '2380', '2380', '2667')",1
"('1057', '2288', '1059', '1057')",1
"('2423', '2516', '2423')",1
"('2899', '2869', '2912', '2899')",1
"('2680', '2434', '1659', '2680')",1
"('1496', '2117', '2062', '1496')",1
"('1861', '1859', '2118', '1875', '1866', '1861')",1
"('', '1432', '2670', '', '', '', '', '', '')",1
"('462', '266', '462', '1371', '462', '391', '462')",1
"('969', '1007', '1013', '1007', '969')",1
"('1856', '1897', '1897', '2823', '2902', '1856')",1
"('', '', '', '464', '')",1
"('', '2666', '2742', '', '585', '')",1
"('2518', '2495', '2518')",1
"('1377', '2008', '2144', '2008', '2008', '2008', '2144', '1377')",1
"('2659', '1409', '2659')",1
"('2743', '2189', '1790', '2743')",1
"('2024', '2585', '2024')",1
"('', '', '1988', '', '', '', '', '', '')",1
"('', '1434', '1432', '1434', '1434', '')",1
"('', '', '1930', '', '', '', '')",1
"('', '', '1414', '1440', '', '1585', '1440', '1585')",1
"('1483', '2052', '1483', '2052', '2041', '1483')",1
"('', '1783', '1783', '1783', '')",1
"('1303', '1285', '1303', '1331', '1322', '1320', '1325', '1303', '1292', '1303')",1
"('2834', '2834', '2823', '2834', '2834')",1
"('2223', '2744', '2744', '1667', '1693', '1665', '1667', '2223')",1
"('1715', '2236', '1715', '2240', '1715')",1
"('1639', '2359', '1440', '1639')",1
"('2343', '1425', '2343')",1
"('', '1757', '1422', '', '', '')",1
"('2194', '2190', '2225', '2194')",1
"('1519', '1510', '1992', '1992', '1992', '1519')",1
"('2583', '1322', '2583', '2584', '2583', '2581', '2583')",1
"('994', '994', '994', '994', '994')",1
"('2302', '1320', '2302', '2295', '2304', '2302')",1
"('', '', '1759', '', '')",1
"('2632', '2413', '2632', '2618', '2618', '2632', '2622', '2632')",1
"('', '1439', '', '', '')",1
"('986', '1868', '1812', '1870')",1
"('2581', '2317', '2018', '2581')",1
"('2814', '2814', '2902', '2920', '2814', '2814')",1
"('2119', '1914', '1884', '2136', '2119')",1
"('1665', '2674', '2220', '', '1665')",1
"('1441', '1441', '1442', '1441', '1441')",1
"('', '1420', '', '', '')",1
"('1383', '1321', '1383')",1
"('2614', '354', '399', '', '', '', '', '2614')",1
"('417', '446', '417', '403', '417')",1
"('2274', '2617', '')",1
"('2806', '2916', '2920', '', '', '2920', '368', '356', '1913', '2920', '2916', '2806')",1
"('384', '363')",1
"('417', '854', '417')",1
"('2117', '2025', '1456', '2117')",1
"('2373', '1336', '2373')",1
"('1806', '2122', '1806')",1
"('2384', '2379', '2385', '2385', '2384')",1
"('', '1771', '1766', '1771', '1767', '1771', '1771', '', '', '')",1
"('1555', '1438', '1555')",1
"('1718', '1697', '1725', '1718', '1657', '1665', '1718')",1
"('439', '415', '421', '415', '439')",1
"('1065', '1065', '1065', '1054', '1065')",1
"('2499', '2501', '2499', '2498', '2499', '2622', '2502', '2499', '2501', '2499', '2498', '2499')",1
"('523', '523', '523')",1
"('', '1775', '', '', '', '')",1
"('2682', '2244', '2682')",1
"('', '1414', '', '')",1
"('2111', '2121', '2111', '2096', '2099', '2099', '2111', '2099', '2111')",1
"('2248', '2478', '2248')",1
"('', '', '', '1461', '', '', '')",1
"('2151', '1931', '1920', '2150', '2151', '2132', '2151')",1
"('1852', '1411', '1823', '1864', '1852')",1
"('', '1439', '1427', '1439', '')",1
"('2283', '2283', '2283', '2283', '2283', '2293', '2283')",1
"('453', '354', '454', '453')",1
"('1262', '1249', '1259', '1262')",1
"('1051', '1330', '1304', '1330', '1051')",1
"('475', '522', '475')",1
"('462', '2037', '462')",1
"('1963', '1620', '1963')",1
"('1372', '465', '465', '1372')",1
"('2191', '1432', '2191', '1432', '2191')",1
"('428', '456', '442', '428')",1
"('2523', '2023', '2523')",1
"('2718', '2718', '2718', '2479', '2718')",1
"('', '1682', '2115')",1
"('2805', '2805', '2805')",1
"('2896', '2885', '2896', '2885', '1851', '2885', '2896', '2885', '2896')",1
"('1746', '2499', '1746')",1
"('', '1553')",1
"('2077', '2080', '2077')",1
"('2826', '2841', '2826', '2906', '2825', '2826')",1
"('2380', '2381', '2380', '2385', '2380')",1
"('', '1410', '1410', '', '', '')",1
"('465', '2605', '465', '2602', '2343', '465')",1
"('1785', '1790', '1785', '1679', '1785')",1
"('1887', '2143', '1803', '2143', '1887')",1
"('1915', '2062', '2135', '1915')",1
"('', '1974', '', '', '')",1
"('2022', '', '2024', '2022')",1
"('2070', '1419', '1596', '1597', '1597', '1597', '2070')",1
"('', '509', '513', '509', '', '', '', '')",1
"('1902', '1937', '1945', '1937', '1902')",1
"('1376', '1274', '1376')",1
"('2020', '2019', '1649', '2020', '2019')",1
"('', '1400', '1417', '')",1
"('1527', '2337', '1514', '1530', '', '1527')",1
"('2241', '', '2241')",1
"('', '', '', '', '2024', '')",1
"('1333', '1336', '1381', '1333', '1336', '1333')",1
"('1565', '1462', '1462', '1462', '1571', '1565')",1
"('1366', '2914', '1274', '1366', '354', '1350', '1366')",1
"('1009', '1001', '1002', '1002', '1009', '1018', '1010', '1009')",1
"('2176', '', '2176', '2176')",1
"('2605', '2610', '2605')",1
"('1297', '1938', '1320', '1297', '1324', '1287', '1297')",1
"('2277', '1320', '2277')",1
"('2813', '2902', '2920', '2813')",1
"('1519', '1541', '1519')",1
"('2361', '2015', '2374', '2361')",1
"('', '2025', '1490', '', '')",1
"('1562', '1531', '1560', '1560', '1563', '1562')",1
"('2380', '2031', '2380')",1
"('2371', '2331', '', '2331', '1986', '2386', '2371')",1
"('523', '2632', '523', '522', '523')",1
"('1301', '855', '1301')",1
"('2899', '2117', '2899')",1
"('982', '982', '984', '994', '991', '984', '982')",1
"('2239', '2236', '2486', '2239')",1
"('1745', '1612', '1745')",1
"('1628', '1626', '1628', '1638', '1628', '1628', '1628', '1783', '1628')",1
"('2805', '1411', '1401', '1411', '2805')",1
"('2021', '1542', '2039', '2025', '2021', '2072', '2023', '2021')",1
"('', '1778', '1773', '1778', '2697', '')",1
"('1952', '2025', '1952')",1
"('2066', '2095', '2066', '2086', '2066', '2082', '2066', '', '2066')",1
"('1292', '1301', '1285', '1292', '1262', '1291', '1292')",1
"('2517', '2500', '2517')",1
"('488', '2293', '2293', '2293', '490', '488')",1
"('', '', '', '2024', '', '')",1
"('996', '1010', '2913', '996')",1
"('1695', '1783', '1696', '1699', '1695')",1
"('2364', '2393', '1625', '1619', '1625', '2393', '2372', '2364')",1
"('1725', '1419', '1725')",1
"('1553', '1577', '1553')",1
"('1961', '2072', '1961')",1
"('2154', '2141', '2141', '2090', '2154', '2141', '2154')",1
"('2632', '', '2632')",1
"('1820', '1826', '1823', '1843', '1823', '1820')",1
"('499', '490', '2317', '499')",1
"('1922', '1881', '1923', '1922', '1880', '1922')",1
"('2331', '2034', '2331')",1
"('2550', '2518', '2499', '2496', '2546', '2506', '2550', '2518', '2560', '2550')",1
"('2769', '', '', '2752', '', '2769')",1
"('', '', '2244', '', '')",1
"('1715', '', '', '', '1715')",1
"('2223', '1790', '2742', '2742', '2206', '2223')",1
"('', '1780', '2524', '')",1
"('1262', '1269', '1270', '859', '1262', '1243', '1262')",1
"('2808', '2913', '2907', '2913', '2808')",1
"('2612', '2595', '2609', '2612', '2122', '2614', '2612')",1
"('2909', '2909', '2909')",1
"('462', '2586', '463', '462', '462')",1
"('2244', '2241', '2244')",1
"('535', '539', '535')",1
"('1840', '1987', '1840', '', '1840')",1
"('1674', '1436', '1435', '1436', '1446', '1674')",1
"('1065', '1065', '1065', '1065', '1065')",1
"('', '1413', '', '', '')",1
"('1027', '1002', '1014')",1
"('475', '472', '475')",1
"('', '', '1487', '1490', '1487', '2041', '1478', '2041', '')",1
"('1370', '2607', '2607', '1370')",1
"('', '', '', '1429', '')",1
"('1605', '', '1605')",1
"('462', '469', '462')",1
"('1014', '733', '1003', '1014', '', '1014')",1
"('2421', '2519')",1
"('1313', '892', '1313')",1
"('2102', '1447', '1443', '2102')",1
"('1903', '1898', '1903')",1
"('535', '377', '535', '522', '535')",1
"('405', '405', '404', '405')",1
"('', '1694')",1
"('2221', '2518', '2484', '2221', '2221', '2744', '2221')",1
"('462', '1437', '462')",1
"('2223', '2744', '2785', '', '', '', '', '2223')",1
"('2913', '2902', '2902', '2913')",1
"('374', '371', '374')",1
"('2341', '1960', '2341')",1
"('', '2916', '2915', '2823')",1
"('1555', '1438', '1455', '1437', '1555')",1
"('2772', '2224', '1678', '2697', '2772')",1
"('2110', '2122', '2110', '2125', '2110', '1419', '1419', '2110')",1
"('1721', '2524', '2524', '1721')",1
"('2201', '1780', '2189', '2201')",1
"('1467', '', '1467', '1432', '1425', '1467')",1
"('1671', '1665', '1671')",1
"('2489', '1682', '1605', '1682', '2489', '2512', '2511', '2489')",1
"('2880', '1043', '2880')",1
"('2643', '1427', '2643')",1
"('1789', '1759', '1789', '1789')",1
"('', '2125', '', '', '', '')",1
"('', '2623', '2224', '')",1
"('2381', '2316', '2381')",1
"('1920', '1960', '2117', '2117', '1920')",1
"('1372', '469', '1372')",1
"('1282', '1336', '1282')",1
"('', '1429', '1429', '')",1
"('469', '355', '469', '404', '469')",1
"('1741', '1456', '1611', '1741')",1
"('1904', '1904', '1903', '1903', '1899', '1904', '1903', '1904', '1903', '1904', '1904')",1
"('2040', '2244', '2040', '2038', '2040')",1
"('540', '519', '546', '540')",1
"('', '2800', '', '', '')",1
"('1708', '1672', '1708')",1
"('2816', '1682', '1455', '1682', '2915', '2821', '2816')",1
"('1719', '1425', '1425', '1427', '1425', '1719')",1
"('', '2093', '', '')",1
"('1581', '1424', '1593', '1424', '1578', '1581', '1581', '1581')",1
"('2431', '1438', '2431')",1
"('1629', '1429', '1629')",1
"('1677', '1416', '1419', '1416', '1677', '1691', '1677')",1
"('', '261')",1
"('', '1771', '1767', '1771', '')",1
"('1930', '2132', '2062', '2119', '1930')",1
"('1596', '1439', '1596', '1593', '1554', '1596')",1
"('', '', '1682', '', '', '', '', '')",1
"('2190', '', '2190')",1
"('1590', '1779', '1454', '1593', '1590')",1
"('1524', '1524', '1530', '1524')",1
"('1965', '1425', '1965')",1
"('1366', '2583', '2380', '2583', '1366')",1
"('1676', '', '1676')",1
"('2298', '2300', '2301', '2580', '2300', '2580', '2301', '2298')",1
"('2303', '2413', '2303', '2063', '2063', '2303')",1
"('2017', '2017')",1
"('1827', '1816', '1827')",1
"('2625', '2623', '2623', '2625')",1
"('2667', '2668', '2667')",1
"('1827', '1803', '1827')",1
"('2039', '1467', '1463', '1463', '1463', '1463', '2062', '2062', '2033', '2062', '2037', '2039', '1463', '2039')",1
"('2488', '2491', '2488')",1
"('2435', '1723', '2435', '1413', '1429', '2435')",1
"('', '1483', '1477', '1483', '', '', '', '', '', '', '')",1
"('2016', '1622', '2016')",1
"('2075', '2064', '1419', '2075')",1
"('2115', '1944', '2115', '1943')",1
"('2622', '1336', '465', '2568', '2622')",1
"('2025', '2064', '2025')",1
"('2107', '1461', '1461', '1461', '1461', '1461', '1461', '1461', '2107')",1
"('1699', '1427', '1427', '1427', '1699', '1614', '1699', '1699')",1
"('2119', '2090', '2119')",1
"('1346', '1342', '1346', '1231', '1346')",1
"('1554', '1649', '1554')",1
"('1726', '1652', '2502', '1726')",1
"('374', '58', '374')",1
"('2830', '2818', '2902', '2830')",1
"('2375', '1712', '1887')",1
"('2136', '2136', '2136', '1933', '2136')",1
"('2151', '2116', '2151', '', '2151')",1
"('2889', '1897', '', '2889')",1
"('1789', '1759', '1789')",1
"('582', '536', '562', '582')",1
"('1739', '1687', '1688', '1739')",1
"('1813', '1473', '1590', '1813')",1
"('1015', '1010', '1015')",1
"('1295', '1682', '1295')",1
"('417', '420', '417')",1
"('1967', '2069', '2069', '1967')",1
"('', '', '', '', '', '1418', '')",1
"('2759', '2716', '2697', '2799', '2757', '2765', '2759', '2716', '2759')",1
"('2922', '2114', '1932', '2114', '2124', '2922', '2913', '2922')",1
"('2727', '2623', '2727', '1911', '2727')",1
"('1664', '', '1664')",1
"('2117', '2117', '2117')",1
"('1732', '1590', '1732', '1722', '1732')",1
"('2820', '2915', '2820', '2909', '2864', '2916', '2915', '2820')",1
"('2283', '2293', '2280', '2331', '2280', '2327', '2283', '2293', '2283')",1
"('1273', '469', '1273', '1279', '1273')",1
"('', '', '', '', '', '2057', '')",1
"('2825', '2826', '2826', '2825', '', '2825', '2826', '2825', '2825', '2826', '2825')",1
"('2009', '', '', '', '2024', '2009')",1
"('2136', '1816', '2136', '1816', '2136', '1921', '2136')",1
"('1063', '1301', '1063')",1
"('499', '499', '499', '492', '499', '490', '499')",1
"('2927', '', '', '2927')",1
"('1534', '1644', '1534')",1
"('1612', '1546', '1612')",1
"('2911', '2911', '2911')",1
"('469', '447', '442', '542', '447')",1
"('2521', '2138', '2521')",1
"('1729', '2086', '1729')",1
"('2083', '2074', '2075', '2083')",1
"('1474', '', '', '1474')",1
"('1571', '', '1571')",1
"('', '1410', '1427', '1427', '1427', '', '')",1
"('2020', '1449', '1649', '2020')",1
"('1673', '1782', '1673')",1
"('2113', '2114', '2114', '2113')",1
"('', '2568', '', '')",1
"('2686', '1682', '2686', '2667', '2686')",1
"('', '1436', '', '', '')",1
"('1892', '1408', '1892')",1
"('', '1593', '')",1
"('1928', '', '')",1
"('1756', '1771', '1756')",1
"('548', '566', '565', '566', '548')",1
"('2728', '2668', '2728')",1
"('1550', '1780', '1588', '1549', '1551', '1550')",1
"('1332', '1361', '1332', '1361', '2072')",1
"('1922', '1907', '1908', '1922')",1
"('1553', '1554', '1553', '1420', '1421', '1429', '1421', '1553')",1
"('2321', '2119', '2321')",1
"('1489', '2041', '1463', '2041', '2042', '1489')",1
"('', '2636', '2583', '')",1
"('1893', '1443', '1893')",1
"('1902', '1891', '1902', '2129', '1902')",1
"('1991', '1960', '1991')",1
"('475', '125', '125', '115', '71')",1
"('2889', '1681', '2889')",1
"('1477', '1915', '2143', '1915', '2087', '2037', '1477')",1
"('1452', '1459', '1459', '1459', '1452', '1454', '1461', '1461', '1452')",1
"('1903', '2513', '2511', '2513', '2515', '1903', '1976', '1903')",1
"('1611', '1777', '1611', '1678', '1611')",1
"('1295', '1301', '1295', '1284', '1295')",1
"('2340', '2008', '1986', '2008', '1991', '2340')",1
"('2808', '2818', '2906', '2808')",1
"('2108', '2101', '2099', '2108', '2098', '2108', '2080', '2108')",1
"('1588', '1441', '1443', '1441', '1588')",1
"('1530', '1436', '1455', '1436', '1526', '1530')",1
"('1772', '1775', '1443', '1437', '1443', '1437', '1772')",1
"('2245', '2506', '2245')",1
"('', '1436', '1436', '1436', '1421', '')",1
"('2556', '2552', '2560', '2624', '2556')",1
"('1964', '1439', '1422', '1964')",1
"('1569', '1565', '1565', '1565', '1569', '1588', '1569')",1
"('1923', '2139', '1923', '1925', '1924', '1923')",1
"('1323', '398', '398', '1323', '1349', '1323')",1
"('2117', '1914', '1939', '1914', '2117', '2122', '2117', '2117', '2117')",1
"('', '1780', '1780', '1780', '')",1
"('2731', '', '', '2731')",1
"('2819', '2919', '2905', '2913', '2819')",1
"('2234', '1598', '1411', '1598', '2234')",1
"('2622', '2553', '2622')",1
"('2913', '2913', '2914', '2913', '2913', '2913', '2911', '2913')",1
"('', '', '2047', '', '', '', '')",1
"('340', '1442', '340')",1
"('2889', '2888', '2881', '733', '2889')",1
"('499', '512', '503', '499', '499', '', '', '')",1
"('1924', '2003', '1924')",1
"('2769', '2052', '2606', '2316', '', '2769')",1
"('2183', '1780', '2183', '2200', '2220', '2183')",1
"('2691', '2802', '', '', '', '', '', '2691')",1
"('2181', '2745')",1
"('1674', '1691', '1680', '1674')",1
"('462', '1360', '462')",1
"('', '2102', '2102', '1800', '', '')",1
"('2444', '', '', '', '2444', '2444')",1
"('', '1790', '1789', '1790', '', '')",1
"('1859', '1417', '1417', '1417', '1859')",1
"('1714', '2401', '1714')",1
"('1783', '1439', '1682', '1783', '', '1783')",1
"('1619', '1630', '1630', '1619', '1660', '1619', '1619', '1619', '1619', '1619')",1
"('1695', '1687')",1
"('1605', '1682', '1603', '1682', '1605')",1
"('', '', '', '', '', '', '', '', '', '', '', '', '', '', '', '')",1
"('', '2478', '', '', '')",1
"('1976', '1904', '2921', '1904', '1976')",1
"('2374', '2317', '2378', '2374')",1
"('2605', '875', '1293', '1381', '2605', '1387', '652', '2605')",1
"('2193', '2630', '2484', '2193')",1
"('2622', '2686', '2622')",1
"('2913', '2924', '2914', '2913')",1
"('', '1619', '', '1675', '')",1
"('1605', '469', '1605')",1
"('1691', '1565', '1691', '1437', '1437', '1437', '1437', '1691')",1
"('1701', '1713', '1701')",1
"('', '1789', '', '', '', '', '', '')",1
"('', '', '1788', '', '', '')",1
"('2381', '2039', '1461', '2381')",1
"('2333', '2024', '2023', '2026', '2026', '2333')",1
"('1292', '2022', '1960', '2280', '1292')",1
"('2583', '2300', '2499', '2502', '2583')",1
"('2260', '2611', '1982', '1967', '2611', '2260')",1
"('2682', '2630', '2630', '2630', '2682')",1
"('2624', '2766', '2624', '2766', '2622', '2624')",1
"('2591', '502', '2591', '2291', '2612', '2291', '2591')",1
"('', '2799', '', '', '')",1
"('1681', '1425', '1585', '1681')",1
"('2823', '1806', '2823', '2920', '2915', '2823')",1
"('469', '469', '469', '469')",1
"('2413', '1600', '2413')",1
"('2914', '2920', '2914', '2842', '2914')",1
"('1595', '1456', '1442', '1595')",1
"('1708', '1705', '1771', '1705', '1708')",1
"('1920', '', '1920')",1
"('2636', '518', '2636')",1
