value,count
<NULL>,17168
"('', '', '')",898
"('', '', '', '', '')",329
"('', '', '', '')",239
"('', '', '', '', '', '')",143
"('', '', '', '', '', '', '')",92
"('', '', '', '', '', '', '', '')",44
"('', '')",29
"('', '', '', '', '', '', '', '', '')",12
"('', '', '', '', '', '', '', '', '', '')",7
"('2017', '2018', '2017')",4
"('', '', '', '', '', '', '', '', '', '', '', '')",3
"('2104', '2104', '2104')",3
"('1644', '1644', '1644')",3
"('2889', '2889', '2889')",3
"('419', '418', '419')",2
"('469', '469', '469')",2
"('706', '706', '706')",2
"('', '207', '')",2
"('1217', '1218', '1217')",2
"('1126', '1103', '1126')",2
"('1281', '1274', '1281')",2
"('1285', '1284', '1285')",2
"('1394', '', '1394')",2
"('574', '574', '574')",2
"('490', '481', '490')",2
"('1361', '1360', '1361')",2
"('', '', '', '', '', '', '', '', '', '', '')",2
"('743', '729', '743')",2
"('2016', '2018', '2016')",2
"('1902', '1978', '1902')",2
"('1678', '1678', '1678')",2
"('1503', '1503', '1503')",2
"('', '', '2316', '')",2
"('2119', '2119', '2119')",2
"('2037', '2062', '2037')",2
"('2142', '2125', '2142')",2
"('2018', '2018', '2018')",2
"('1995', '1995', '1995')",2
"('481', '484', '481')",2
"('2380', '2316', '2380')",2
"('2077', '2084', '2077')",2
"('1904', '1902', '1904')",2
"('2064', '2062', '2064')",2
"('2896', '2896', '2896')",2
"('994', '995', '994')",2
"('', '1455', '')",2
"('2393', '2390', '2393')",2
"('2516', '2491', '2516')",2
"('1057', '1050', '1057')",2
"('2901', '2894', '2901', '2894', '2901')",2
"('462', '466', '462')",2
"('2814', '2814', '2814')",2
"('469', '469', '469', '469', '469')",2
"('574', '512', '562', '574', '437', '430', '430', '522', '522')",1
"('495', '492', '495')",1
"('495', '411', '495')",1
"('495', '541', '495')",1
"('495', '496', '501', '2547', '495', '501', '495')",1
"('499', '1375', '501', '499', '490', '499')",1
"('512', '574', '512', '513', '512')",1
"('512', '410', '512', '523', '512')",1
"('554', '512', '554', '554', '519', '554', '509', '554')",1
"('554', '554', '539', '528', '512', '554')",1
"('554', '539', '554', '476', '558', '554')",1
"('554', '522', '557', '555', '522', '522', '554')",1
"('558', '544', '558')",1
"('557', '534', '557')",1
"('557', '555', '557', '539', '557')",1
"('558', '519', '506', '558')",1
"('521', '533', '521')",1
"('547', '540', '554', '547', '522', '547')",1
"('547', '574', '547', '535', '535', '539', '547')",1
"('552', '545', '506', '513', '513', '506', '558', '552')",1
"('540', '492', '513', '540')",1
"('540', '566', '540')",1
"('383', '383', '383', '383', '428', '383')",1
"('415', '469', '416')",1
"('416', '354', '337', '297', '384', '355', '367', '416')",1
"('416', '442', '428', '416', '425', '442', '425', '416')",1
"('414', '442', '414', '')",1
"('430', '427', '430', '427', '430')",1
"('531', '472', '531')",1
"('532', '531', '1336', '1335', '532')",1
"('532', '532', '528', '532', '532', '524', '532')",1
"('528', '384', '404', '368', '528')",1
"('528', '526', '411', '528')",1
"('526', '514', '420', '526')",1
"('525', '516', '525', '526', '525')",1
"('434', '1320', '1322', '1320', '1322', '536', '434')",1
"('436', '890', '436')",1
"('2316', '2313', '2382', '2382', '2313', '2382')",1
"('437', '417', '420', '417', '442', '442', '437')",1
"('455', '294', '881', '459', '455')",1
"('456', '444', '456', '381', '456')",1
"('456', '951', '456', '439', '459', '456')",1
"('396', '360', '396')",1
"('400', '1336', '400')",1
"('389', '361', '128', '389')",1
"('394', '402', '379', '394')",1
"('391', '1381', '391')",1
"('392', '415', '392')",1
"('392', '398', '392')",1
"('410', '368', '340', '478', '413', '410')",1
"('411', '513', '513', '513', '411', '1448')",1
"('472', '354', '')",1
"('464', '875')",1
"('469', '1301', '469', '469', '469')",1
"('490', '490', '490', '885', '490')",1
"('491', '490', '491')",1
"('483', '484', '483')",1
"('483', '631', '483')",1
"('338', '360', '2265', '338')",1
"('368', '383', '368')",1
"('378', '219', '378')",1
"('463', '462', '466')",1
"('465', '1383', '465')",1
"('465', '466', '354', '469', '465')",1
"('873', '876', '873')",1
"('878', '14', '39', '878')",1
"('875', '883', '735', '875')",1
"('875', '882', '874', '875')",1
"('876', '880', '868', '868', '868', '868', '876', '868', '876')",1
"('880', '880', '880', '868', '856', '880', '854', '882', '880')",1
"('882', '882', '870', '882')",1
"('882', '883', '883', '883', '882', '880', '882')",1
"('854', '825', '854', '854', '854')",1
"('801', '151', '816', '801')",1
"('858', '861', '858', '1238', '858')",1
"('884', '81', '884')",1
"('870', '874', '870')",1
"('865', '882', '865')",1
"('865', '1245', '865')",1
"('865', '1301', '1293', '882', '865', '866', '865', '238')",1
"('865', '864', '1301', '865')",1
"('867', '853', '883', '867')",1
"('863', '203', '863')",1
"('863', '469', '863')",1
"('863', '858', '863', '853', '861', '863')",1
"('860', '1252', '1268', '882', '859', '860', '817', '864', '860')",1
"('861', '11', '861')",1
"('807', '862', '810', '807')",1
"('807', '1337', '807')",1
"('809', '', '809')",1
"('811', '853', '811')",1
"('811', '346', '700', '805', '811')",1
"('803', '47', '834', '834', '803')",1
"('823', '854', '864', '823')",1
"('821', '323', '821', '700', '821')",1
"('822', '419', '822')",1
"('818', '808', '818')",1
"('818', '818', '818', '818', '818')",1
"('692', '694', '876', '692')",1
"('68', '688', '694')",1
"('13', '691', '13')",1
"('697', '629', '697')",1
"('697', '698', '697')",1
"('699', '681', '699')",1
"('696', '733', '696')",1
"('698', '698', '698', '634', '698')",1
"('705', '1', '705', '706', '705')",1
"('710', '1317', '710')",1
"('712', '680', '84', '712')",1
"('715', '716', '716', '715')",1
"('716', '707', '716')",1
"('623', '613', '623')",1
"('630', '613', '360', '2627', '360', '630')",1
"('629', '841', '629')",1
"('628', '627', '628', '2982', '3042', '2987', '628')",1
"('628', '1234', '1234', '1234', '631', '628')",1
"('634', '621', '629', '634', '621', '634')",1
"('599', '628', '599', '613', '599', '628', '599')",1
"('588', '655', '588')",1
"('594', '646', '593', '594')",1
"('669', '644', '669', '658', '648', '669')",1
"('660', '667', '660')",1
"('660', '740', '660')",1
"('665', '644', '665')",1
"('661', '656', '661', '665', '658', '661')",1
"('663', '664', '663')",1
"('664', '840', '643', '664')",1
"('661', '663', '666', '663', '658', '663', '653', '666', '658', '656', '663')",1
"('610', '641', '610')",1
"('777', '658', '777')",1
"('794', '776', '794')",1
"('770', '833', '770')",1
"('780', '772', '759', '780')",1
"('951', '938', '951')",1
"('955', '965', '955')",1
"('937', '952', '937', '965', '965', '937')",1
"('939', '288', '262', '939')",1
"('942', '137', '25', '137')",1
"('945', '887', '945')",1
"('945', '942', '281', '958', '951', '942', '276', '276', '945', '942', '264', '945')",1
"('944', '945', '942', '945', '944')",1
"('946', '940', '952', '946')",1
"('946', '940', '946')",1
"('947', '287', '943', '947')",1
"('886', '892', '886')",1
"('887', '238', '3064', '646', '887')",1
"('827', '840', '827')",1
"('830', '727', '830')",1
"('830', '888', '830')",1
"('831', '744', '733', '40', '831')",1
"('831', '717', '831')",1
"('902', '842', '902')",1
"('918', '764', '918')",1
"('921', '841', '921')",1
"('928', '906', '928')",1
"('929', '841', '841', '929')",1
"('929', '932', '3054', '929')",1
"('911', '911', '911')",1
"('913', '959', '959', '911', '911', '913')",1
"('842', '842', '842')",1
"('848', '848', '848', '770', '848', '850', '848')",1
"('963', '965', '963')",1
"('964', '964', '964')",1
"('965', '965', '839', '281', '940', '958', '965')",1
"('721', '721', '721')",1
"('726', '725', '726')",1
"('727', '719', '727')",1
"('720', '729', '720')",1
"('729', '659', '729')",1
"('729', '742', '729', '719', '729')",1
"('728', '733', '738', '728')",1
"('738', '738', '738', '738', '738')",1
"('738', '738', '742', '738')",1
"('738', '738', '738')",1
"('742', '729', '730', '742')",1
"('743', '654', '653', '653', '653', '667', '653', '745', '745', '744', '743', '267', '743')",1
"('743', '626', '743')",1
"('743', '738', '743', '1277', '743')",1
"('744', '842', '797', '832', '744')",1
"('750', '767', '64', '750')",1
"('751', '750', '751', '722', '751')",1
"('760', '760')",1
"('765', '238', '765', '1', '765')",1
"('769', '785', '769')",1
"('769', '1812', '769')",1
"('683', '686', '683')",1
"('968', '3047', '968')",1
"('972', '2955', '2950', '2941', '972')",1
"('972', '971', '972')",1
"('1023', '1023', '1023')",1
"('1023', '1003', '1013', '1023', '991', '1023')",1
"('1023', '1025', '1023', '1003', '1023', '1014', '1023')",1
"('1023', '1017', '1023')",1
"('1030', '1022', '1029', '1057', '1029', '1019', '1030', '1027', '1030')",1
"('1030', '597', '1003', '1030')",1
"('1052', '1053', '1052', '1054', '1052')",1
"('1053', '1054', '1053', '1054', '1053')",1
"('1053', '1062', '1053')",1
"('1055', '1250', '1055', '2902', '1292', '1311', '1055')",1
"('1055', '1054', '1062', '1055')",1
"('1055', '1062', '1062', '1055')",1
"('1055', '404', '1252', '1055', '1054', '1055')",1
"('1055', '1062', '1055')",1
"('1055', '1055', '1052', '1055', '1055')",1
"('1062', '1053', '1062')",1
"('1062', '1062', '1054', '1062', '1062', '1062', '1062')",1
"('1061', '1050', '1050', '1050', '2894', '1061')",1
"('1061', '649', '1063')",1
"('1061', '1227', '1061')",1
"('984', '1013', '1002', '1002', '991', '984')",1
"('989', '1007', '989')",1
"('989', '3000', '989', '989', '989')",1
"('1000', '1015', '1029', '1013', '1000')",1
"('1001', '1001', '1001')",1
"('1004', '1011', '1004', '1011', '1011', '1004')",1
"('1004', '1011', '2899', '1004')",1
"('1004', '1028', '1004')",1
"('1012', '1024', '1012')",1
"('1008', '1010', '1008', '1008', '1008', '1008', '1008', '1008')",1
"('1017', '1013', '1017')",1
"('1018', '617', '616', '617', '230', '617', '1003', '1018')",1
"('990', '995', '631', '633', '599', '990', '993', '995', '990')",1
"('995', '994', '995', '995', '1024', '597', '995')",1
"('995', '989', '995')",1
"('993', '266', '993')",1
"('1033', '1033', '1033', '1034', '1002', '1033', '1033', '1033', '971', '1033')",1
"('1051', '469', '1051', '399', '1051')",1
"('1051', '1056', '1051')",1
"('1051', '1061', '1231', '1061', '1051')",1
"('1051', '1337', '1051')",1
"('1051', '1061', '1051')",1
"('1051', '1054', '1051')",1
"('1051', '1056', '1051', '1016', '1051')",1
"('1051', '1042', '1051')",1
"('', '2316', '2316', '2316', '2316', '1162', '')",1
"('', '1193', '')",1
"('203', '19', '203')",1
"('1183', '1114', '1115', '1096', '1106', '1183')",1
"('1187', '1218', '1187')",1
"('1187', '1175', '1187', '1181', '1187')",1
"('1187', '41', '1187', '1186', '1187')",1
"('1187', '656', '1187')",1
"('1171', '1130', '1171')",1
"('1177', '1116', '1177')",1
"('1208', '1136', '1108', '1120', '1193', '1208')",1
"('1208', '1077', '1208')",1
"('1206', '1206', '1206')",1
"('1212', '1206', '1212', '1210', '1212')",1
"('1215', '1128', '1215')",1
"('821', '96', '821', '96', '821')",1
"('1216', '128', '909', '1216')",1
"('1216', '1301', '1216')",1
"('1216', '1200', '1135', '1200', '1216')",1
"('1217', '816', '1217')",1
"('1196', '1159', '1196', '733', '1196')",1
"('1198', '1128', '1120', '1198')",1
"('1198', '1199', '1199', '1199', '1198')",1
"('1199', '766', '739', '760', '745', '766', '1199')",1
"('1141', '1141', '1167', '1141')",1
"('1170', '1147', '1152', '1169', '1166', '1165', '1165', '1169', '1170')",1
"('1159', '1159', '1159', '1159')",1
"('1161', '1157', '1161', '1157', '1161')",1
"('1159', '1161')",1
"('1161', '1159', '1161')",1
"('1162', '1159', '1162', '1157', '1162')",1
"('1163', '1121', '1163', '1159', '1163')",1
"('1104', '1086', '1120', '1126', '1104', '1123', '1123', '1104')",1
"('1105', '1105', '1136', '1105')",1
"('1108', '1130', '1108')",1
"('1097', '', '1097')",1
"('1100', '1081', '1100')",1
"('1100', '966', '1096', '1100')",1
"('1116', '1092', '1116')",1
"('1177', '1181', '1129')",1
"('1128', '1116', '1128')",1
"('1128', '1107', '1128')",1
"('1128', '1128', '1128', '1220', '1220', '1220', '1186', '1186', '1186', '1128')",1
"('1117', '1128', '1117')",1
"('1134', '1126', '1134', '1130', '1134')",1
"('1122', '1122', '1122')",1
"('1130', '1105', '609', '1130')",1
"('1130', '1123', '1130')",1
"('1126', '1129', '1120', '1126')",1
"('1126', '724', '780', '1128', '1126', '1126', '1126')",1
"('1126', '1128', '1126')",1
"('1079', '1110', '1218', '1079', '1107', '1079')",1
"('1083', '1169', '1083')",1
"('1083', '3062', '3062', '1083')",1
"('1086', '1121', '1086')",1
"('1145', '1128', '1145', '1147', '1164', '1157', '1147', '1146', '1146', '1145')",1
"('1145', '1149', '1167', '1166', '1149', '1145')",1
"('1147', '1108', '1137', '1147')",1
"('1154', '1148', '1154', '1148', '1154')",1
"('1155', '1162', '1155')",1
"('1220', '1188', '1220')",1
"('1348', '1346', '1348')",1
"('1361', '1342', '1361')",1
"('1361', '1292', '1361')",1
"('1361', '1351', '1361')",1
"('1362', '1356', '1362')",1
"('1356', '1356', '1356', '1323', '1356', '1253', '1356', '1356', '1356')",1
"('1356', '1301', '1356', '1301', '1356')",1
"('1242', '649', '1242')",1
"('2380', '2316', '2380', '2380', '2380')",1
"('1248', '1250', '1248')",1
"('1246', '892', '889', '1246')",1
"('1253', '1267', '885', '885', '1253')",1
"('1253', '1264', '1279', '1253', '1253')",1
"('1253', '399', '475', '1253')",1
"('1270', '1253', '1270')",1
"('1270', '1237', '1270')",1
"('1250', '1270', '1301', '1266', '1301', '1293', '1250')",1
"('1250', '1269', '1250', '1248', '1250')",1
"('1249', '1249', '1249', '1249', '1250', '1249')",1
"('1249', '1252', '2127', '1252', '1249', '678', '1249')",1
"('1249', '1245', '1249')",1
"('1249', '885', '1249', '1249', '1249', '1248', '1269', '1249', '1249')",1
"('1251', '1259', '1279', '1251')",1
"('1249', '1284', '1249')",1
"('1251', '1292', '1251')",1
"('1251', '1249', '1245', '1250', '1251')",1
"('1251', '1274', '1251')",1
"('1251', '1249', '1251', '1292', '1324', '1251')",1
"('1267', '617', '1267', '1268', '1258', '1267', '1245', '1267')",1
"('1268', '239', '241', '1268', '1268', '1268')",1
"('1263', '868', '1320', '1263', '1249', '1263', '1315', '1325', '1263')",1
"('1265', '1274', '1352', '1265')",1
"('1265', '867')",1
"('1233', '203', '1233', '1270', '1233')",1
"('287', '1229')",1
"('', '1229', '1062', '1062', '1062', '1054', '', '1062')",1
"('1229', '')",1
"('1229', '1238')",1
"('1229', '1229', '1229')",1
"('1322', '1277')",1
"('1288', '1262', '1288')",1
"('1288', '1284', '1288')",1
"('1288', '350', '1288')",1
"('1288', '1287', '1288', '16', '1288')",1
"('1288', '1322', '1333', '1288')",1
"('1284', '1336', '1379', '2606', '1284')",1
"('2265', '1284', '1292', '1284')",1
"('1285', '1337', '1281', '1285')",1
"('1285', '1257', '1250', '1285')",1
"('1285', '1293', '1285')",1
"('1285', '1285', '1285')",1
"('1286', '1357', '1286')",1
"('1286', '712', '624', '712', '1286')",1
"('1286', '704', '1286', '1284', '1286')",1
"('1286', '1304', '1286')",1
"('1300', '1326', '1325', '1300')",1
"('1310', '3019')",1
"('1309', '1335', '1320', '1309')",1
"('1311', '1346', '1324', '1311')",1
"('1316', '1301', '1292', '1301', '1316')",1
"('1316', '1253', '1316', '1292', '1316')",1
"('1316', '1253', '1316')",1
"('1316', '1269', '1316', '1257', '1316')",1
"('1316', '1253', '1316', '1325', '1316')",1
"('1338', '469', '1338', '1339', '1338')",1
"('1340', '1386', '1340')",1
"('1341', '1251', '1339', '1341')",1
"('1373', '2388', '1373')",1
"('1373', '399', '399', '398', '1373')",1
"('1373', '465', '1374', '2609', '2610', '1373')",1
"('1387', '961', '1387')",1
"('1387', '')",1
"('', '', '', '1394', '')",1
"('1396', '', '1396')",1
"('1395', '1395', '1395')",1
"('1392', '1393', '1392')",1
"('1391', '1390', '1391')",1
"('1388', '1388', '1389')",1
"('1388', '542', '542', '1388')",1
"('1390', '1388', '1390')",1
"('', '1394', '519', '519', '1392', '', '', '', '', '', '', '', '', '', '1394', '', '', '')",1
"('', '2818', '')",1
"('', '2852', '', '', '')",1
"('', '2064', '', '', '')",1
"('232', '232', '232')",1
"('234', '309', '234')",1
"('268', '282', '951', '268')",1
"('270', '287', '270')",1
"('272', '5', '272')",1
"('249', '242', '292', '251', '249')",1
"('243', '242', '243', '244', '260', '260', '243')",1
"('41', '41', '41', '740', '745', '41', '41')",1
"('41', '100', '41')",1
"('251', '360', '251', '114', '251')",1
"('15', '231', '15')",1
"('115', '256', '256', '115')",1
"('', '106', '124', '')",1
"('106', '25', '106', '238', '106', '26', '25', '106', '266', '256', '26', '106')",1
"('106', '96', '106')",1
"('105', '', '105', '179', '105')",1
"('107', '104', '107')",1
"('107', '107', '107')",1
"('181', '203', '181')",1
"('164', '189', '214', '164', '90', '189', '177')",1
"('12', '126', '655', '655', '219', '212', '165')",1
"('68', '297', '68')",1
"('76', '151', '76')",1
"('88', '203', '88')",1
"('91', '89', '89', '91')",1
"('188', '186', '188')",1
"('189', '248', '189')",1
"('192', '740', '202', '192')",1
"('193', '204', '193')",1
"('172', '216', '301', '181', '172')",1
"('163', '165', '100', '111', '101', '152', '174', '163')",1
"('163', '562', '', '', '', '', '163')",1
"('312', '335', '312')",1
"('295', '1322', '1318', '295', '295')",1
"('315', '316', '315')",1
"('315', '118', '315', '118', '120', '315')",1
"('318', '321', '318')",1
"('324', '413', '335', '324')",1
"('136', '835', '835', '136')",1
"('135', '941', '135')",1
"('135', '760', '759', '833', '833', '830', '135')",1
"('144', '146', '910', '144', '146', '144')",1
"('148', '148', '148', '148', '148')",1
"('283', '259', '286', '283')",1
"('282', '291', '282')",1
"('51', '665', '51')",1
"('51', '250', '237', '109', '51')",1
"('58', '237', '203', '237', '58')",1
"('58', '58', '58')",1
"('65', '469', '65')",1
"('66', '776', '775', '66')",1
"('28', '29', '28')",1
"('29', '30', '29')",1
"('30', '111', '30')",1
"('43', '319', '43')",1
"('21', '25', '21')",1
"('22', '22', '25', '25', '25', '22')",1
"('27', '64', '27', '108', '27', '653', '27', '740', '27')",1
"('27', '354', '', '')",1
"('92', '139', '92')",1
"('8', '11', '8')",1
"('5', '876', '874', '5', '893', '5')",1
"('2', '2', '2')",1
"('5', '706', '5')",1
"('4', '2', '4')",1
"('2', '705', '2')",1
"('152', '874', '875', '152')",1
"('151', '111', '151', '151', '151')",1
"('153', '153', '153')",1
"('499', '153', '499')",1
"('1365', '1304', '1365')",1
"('1378', '514', '1378')",1
"('1378', '2331', '1378', '399', '1378')",1
"('464', '1387', '464')",1
"('464', '399', '464')",1
"('466', '465', '510', '537', '510', '465', '466', '733', '466')",1
"('584', '1441', '584')",1
"('1277', '1304', '1277')",1
"('1387', '398', '1387', '1336', '1387')",1
"('581', '582', '581')",1
"('581', '572', '575')",1
"('572', '574', '572')",1
"('1386', '238', '1386')",1
"('1160', '238', '47', '1160')",1
"('1160', '1108', '1186', '1160')",1
"('1191', '1192', '1191')",1
"('1170', '1162', '1144', '1170')",1
"('1194', '1198', '1197', '1198', '1194')",1
"('1184', '1102', '1184')",1
"('1187', '1135', '1135', '1126', '1135', '1187', '1092', '1186', '1187')",1
"('1182', '1143', '1182', '1128', '1121', '1128', '1182', '1143', '1182')",1
"('526', '531', '526')",1
"('522', '430', '430', '522', '442', '442', '522')",1
"('1077', '841', '1077')",1
"('1124', '1124', '1124')",1
"('1124', '1096', '1124', '1120', '1124')",1
"('1122', '1105', '1122', '1130', '1122')",1
"('1122', '1128', '1159', '1122')",1
"('1100', '1128', '1100')",1
"('1130', '1135')",1
"('1119', '1128', '1119')",1
"('1130', '1130', '1130')",1
"('1013', '1013', '1013', '1013', '1013', '1013', '1013')",1
"('1195', '1159', '1165', '1192', '1193', '1165', '1167', '1186', '1195')",1
"('1326', '1301', '1292', '1238', '1326')",1
"('1326', '400', '471', '400', '1326', '1253', '1326')",1
"('1328', '1304', '1337', '1304', '1328')",1
"('1329', '862', '1329')",1
"('670', '643', '670')",1
"('663', '660', '663')",1
"('640', '354', '640', '104', '640')",1
"('656', '655', '656', '1292', '656')",1
"('669', '644', '653', '669')",1
"('515', '515', '515')",1
"('512', '574', '512', '507', '512', '574', '512')",1
"('1212', '1210', '1212')",1
"('1217', '329', '1217')",1
"('1270', '1270', '1237', '1270', '1270', '1251', '1270')",1
"('1248', '1320', '1325', '1253', '1248')",1
"('1249', '1249', '1310', '1249')",1
"('1249', '1249', '1249')",1
"('1238', '1301', '1238')",1
"('1250', '1235', '1250')",1
"('1265', '1441', '1265')",1
"('1254', '1330', '1254', '1252', '1320', '1254')",1
"('1254', '')",1
"('1289', '1290', '1322', '1289', '1301', '1289')",1
"('1285', '1285', '1285', '1292', '1284', '1285')",1
"('1285', '1284', '1285', '1285', '1285')",1
"('1318', '1318', '1318')",1
"('1316', '1261', '1331', '1261', '1316')",1
"('1308', '1310', '1308')",1
"('1310', '1318', '1310')",1
"('1338', '1331', '354', '1338', '1292', '1338')",1
"('1338', '1365', '1338', '1253', '1338')",1
"('1338', '1985', '1981', '1338')",1
"('1338', '1316', '1338')",1
"('1112', '1110', '781', '1112')",1
"('2316', '2316', '2313', '2316', '2316', '2316', '2316', '2316')",1
"('1114', '1126', '1114')",1
"('1080', '1108', '1080', '1108', '1080')",1
"('1079', '1079', '1110', '1079', '1174', '1079')",1
"('1077', '1253', '1347', '1077')",1
"('1023', '1018', '1023')",1
"('1030', '1051', '1030')",1
"('1028', '1018', '1028')",1
"('1028', '', '')",1
"('1031', '1022', '1031', '1053', '1031')",1
"('1097', '1119', '1114', '1097', '1203', '1097')",1
"('1097', '602', '602', '602', '602', '608', '608', '608', '602', '1097')",1
"('490', '484', '490', '490', '490', '490', '490')",1
"('490', '885', '490')",1
"('503', '499', '503', '492', '503')",1
"('490', '484', '490')",1
"('490', '490', '490')",1
"('382', '367', '453', '382', '440', '453', '382')",1
"('991', '992', '991', '2998', '991')",1
"('', '1004', '1003', '1003', '1003', '')",1
"('984', '989', '984')",1
"('1356', '1360', '1313', '1356')",1
"('1361', '1356', '1361', '1361', '1360', '1361')",1
"('1344', '1345', '1344')",1
"('1342', '1354', '1342', '1318', '1342')",1
"('1343', '1346', '1343')",1
"('1351', '1358', '134', '1358', '1362', '1351')",1
"('401', '415', '401')",1
"('400', '1337', '400')",1
"('400', '388', '400', '399', '400', '400', '400')",1
"('401', '451', '401', '471', '401')",1
"('1357', '1354', '1357')",1
"('1154', '1152', '1154', '1207', '1154')",1
"('1144', '1147', '1144')",1
"('1070', '1081', '1070', '1072', '1073', '1070')",1
"('1203', '1206', '1208', '1203')",1
"('1114', '1114', '1114', '1114', '1114', '1108', '1114')",1
"('1205', '792', '1204', '1204', '1205')",1
"('1205', '214', '1205', '1204', '1205')",1
"('1204', '1206', '1204')",1
"('1116', '834', '905', '1116')",1
"('649', '279', '649')",1
"('648', '655', '648')",1
"('648', '658', '754', '658', '666', '744', '648')",1
"('651', '641', '658', '641', '651')",1
"('665', '47', '665', '666', '665')",1
"('665', '653', '658', '665')",1
"('641', '640', '641')",1
"('647', '216', '216', '216', '643', '660', '647', '104', '642', '647')",1
"('646', '658', '740', '646')",1
"('643', '737', '643')",1
"('644', '644', '644')",1
"('654', '28', '654')",1
"('984', '651', '984')",1
"('984', '989', '992', '995', '984')",1
"('1233', '1231')",1
"('442', '419', '442', '416', '442', '416', '490', '490', '416')",1
"('416', '415', '416')",1
"('593', '658', '660', '658', '653', '658', '593')",1
"('483', '484', '490', '483')",1
"('472', '472', '472', '472', '472', '404', '472')",1
"('495', '514', '495')",1
"('496', '501', '496')",1
"('495', '574', '495', '499', '495')",1
"('492', '2316', '492')",1
"('500', '481', '499', '490', '500')",1
"('493', '421', '493', '521', '493')",1
"('493', '834', '493')",1
"('501', '501', '421', '354', '354', '')",1
"('497', '497', '498', '497')",1
"('498', '499', '498')",1
"('500', '505', '500', '511', '490', '500')",1
"('500', '2630', '500')",1
"('614', '613', '624', '712', '614')",1
"('690', '617', '690', '684', '690')",1
"('619', '630', '617', '619')",1
"('619', '684', '641', '711', '619', '625', '619')",1
"('682', '25', '189', '682')",1
"('594', '589', '594')",1
"('440', '885', '440', '420', '440')",1
"('446', '740', '446')",1
"('446', '460', '460', '460', '446')",1
"('456', '481', '456')",1
"('456', '360', '456', '458', '456')",1
"('455', '440', '455')",1
"('770', '744', '770', '834', '770')",1
"('771', '737', '771', '779', '771')",1
"('771', '775', '771', '1207', '771')",1
"('674', '674', '674')",1
"('611', '674', '611', '674', '611')",1
"('602', '603', '219', '603', '801', '602')",1
"('608', '641', '608')",1
"('609', '')",1
"('702', '807', '702', '')",1
"('689', '689', '688', '695', '689')",1
"('597', '628', '597')",1
"('598', '641', '598')",1
"('630', '630', '630', '627', '628', '630')",1
"('618', '630', '618')",1
"('473', '499', '473')",1
"('392', '469', '2614', '392')",1
"('391', '391', '391', '391', '391')",1
"('473', '415', '473')",1
"('391', '469', '391')",1
"('394', '1301', '394')",1
"('391', '346', '391', '404', '449', '447', '391')",1
"('437', '427', '437', '430', '437')",1
"('437', '429', '437', '432', '437')",1
"('436', '514', '436', '424', '432', '436')",1
"('1083', '674', '1083')",1
"('1084', '1220', '1084')",1
"('1087', '1086', '1087', '1124', '1087')",1
"('595', '595', '601', '595', '595')",1
"('1017', '1018', '1017', '1018', '1017')",1
"('1030', '1003', '1013', '1030')",1
"('1026', '1002', '1002', '1026')",1
"('1029', '1029', '1036', '1029', '1036', '1029', '1029')",1
"('1004', '712', '983', '1003', '1004', '1003', '1004')",1
"('1003', '1003', '1003')",1
"('1002', '1011', '1003', '1003', '1003', '1002')",1
"('1011', '1011', '1011', '1251', '1011', '1002', '1011')",1
"('974', '1011', '974', '1014', '974')",1
"('1001', '628', '721', '1001')",1
"('777', '134', '777')",1
"('1234', '1231', '1234', '1252', '1301', '1234')",1
"('272', '276', '276', '276', '276', '272')",1
"('135', '64', '28', '135', '834', '135')",1
"('144', '343', '211', '144')",1
"('831', '202', '139', '145', '140', '831')",1
"('829', '654', '829')",1
"('827', '108', '75', '69', '827')",1
"('84', '180', '84', '293', '872', '293', '84')",1
"('80', '656', '700', '823', '80')",1
"('80', '79', '823', '80')",1
"('801', '11', '1342', '801')",1
"('811', '811', '625', '811')",1
"('696', '624', '696')",1
"('803', '824', '803')",1
"('4', '6', '4', '7', '4')",1
"('708', '707', '708')",1
"('17', '22', '17')",1
"('23', '23', '25')",1
"('26', '25', '25', '25', '26')",1
"('26', '25', '106', '25', '26')",1
"('104', '106', '653', '104')",1
"('104', '656', '656', '658', '656', '104')",1
"('21', '23', '21', '21')",1
"('728', '729', '728')",1
"('743', '839', '731', '743', '727', '743')",1
"('251', '251', '251')",1
"('247', '148', '247')",1
"('127', '75')",1
"('63', '905', '751', '63')",1
"('73', '96', '73')",1
"('77', '79', '77')",1
"('2', '624', '2')",1
"('2', '703', '2')",1
"('93', '75', '93')",1
"('165', '354', '165')",1
"('182', '740', '182')",1
"('38', '111', '107', '111', '38')",1
"('121', '641', '121', '649', '121')",1
"('844', '834', '844')",1
"('911', '733', '911')",1
"('918', '918', '918')",1
"('918', '918', '918', '918', '918')",1
"('918', '911', '918', '280', '918')",1
"('926', '907', '933', '921', '907', '926')",1
"('930', '772', '918', '921', '928', '930', '930')",1
"('922', '909', '922')",1
"('955', '934', '955')",1
"('956', '839', '956', '839', '910', '956')",1
"('950', '949', '941', '420', '950')",1
"('950', '958', '918', '950')",1
"('958', '949', '918', '919', '918', '958')",1
"('947', '241', '947')",1
"('262', '259', '262')",1
"('274', '266', '19', '266', '274', '274', '274')",1
"('937', '952', '937')",1
"('324', '379', '324')",1
"('315', '198', '194', '198', '315')",1
"('332', '332', '332')",1
"('450', '433', '522', '450')",1
"('895', '894', '895')",1
"('894', '432', '894')",1
"('888', '487', '888')",1
"('887', '378', '377', '887')",1
"('868', '879', '868', '1259', '868')",1
"('884', '875', '883', '884', '219', '312', '884')",1
"('869', '885', '869')",1
"('869', '869', '869')",1
"('874', '877', '874')",1
"('871', '876', '871', '872', '880', '871')",1
"('878', '868', '878', '876', '878')",1
"('880', '874', '880')",1
"('877', '883', '877', '1358', '877')",1
"('160', '193', '160')",1
"('163', '159', '163')",1
"('159', '68', '135', '237', '159', '159', '159', '399', '159')",1
"('879', '880', '879', '745', '879')",1
"('899', '891', '899')",1
"('319', '1362', '887', '319')",1
"('307', '469', '471', '354', '307', '286', '312', '307', '306', '307')",1
"('310', '1101', '216', '310')",1
"('311', '312', '311')",1
"('309', '309', '309')",1
"('66', '733', '766', '59', '832', '763', '66')",1
"('790', '789', '790')",1
"('787', '780', '787')",1
"('781', '762', '781')",1
"('766', '908', '834', '908', '766')",1
"('752', '745', '752')",1
"('773', '673', '773')",1
"('783', '780', '783', '766', '783')",1
"('794', '742', '784', '794')",1
"('795', '655', '795')",1
"('784', '746', '784')",1
"('784', '963', '832', '793', '784')",1
"('759', '136', '835', '737', '759')",1
"('828', '650', '650', '828', '833', '759', '828')",1
"('759', '757', '759')",1
"('268', '902')",1
"('836', '842', '907', '842', '836')",1
"('830', '829', '830')",1
"('838', '777', '838')",1
"('922', '921', '30')",1
"('42', '42', '65', '272', '221', '42')",1
"('30', '200', '224', '30', '746', '751', '30')",1
"('33', '733', '740', '33')",1
"('861', '861', '861')",1
"('805', '854', '712', '805')",1
"('913', '744', '721', '741', '913', '721')",1
"('738', '746', '738', '654', '725', '738')",1
"('739', '723', '745', '739')",1
"('537', '537', '513', '513', '539', '537', '513', '537', '537')",1
"('549', '549', '549')",1
"('546', '', '546')",1
"('546', '546', '546', '513', '546')",1
"('566', '505', '1424', '505', '566', '566', '566')",1
"('531', '531', '531', '535', '531', '529', '531')",1
"('531', '519', '531')",1
"('533', '506', '533')",1
"('', '', '', '1388', '')",1
"('1394', '522', '1394', '1393', '1393', '1394')",1
"('1395', '1388', '1390', '1395')",1
"('1389', '1389', '1389')",1
"('', '2886', '')",1
"('1230', '1238', '1230')",1
"('1229', '1301', '1229')",1
"('', '2919', '2915', '', '')",1
"('', '', '', '1222', '1222', '1222', '1222')",1
"('1222', '1224', '1224', '1224', '1222')",1
"('1038', '1039', '1038')",1
"('1051', '2886', '1051')",1
"('1056', '1054', '1062', '1056', '1231', '1056')",1
"('1052', '353', '1052')",1
"('1054', '839', '1054', '1252', '1054')",1
"('1054', '1053', '1054')",1
"('1062', '1053', '1054', '1053', '1057', '1062')",1
"('1062', '1322', '1336', '1335', '1322', '1062')",1
"('1055', '465', '1055', '1057', '1054', '1055')",1
"('1062', '1053', '1056', '1062')",1
"('1238', '1278', '1280', '1229', '1230', '1238', '1230', '1238')",1
"('1046', '1899', '1941', '1899', '1899', '1046', '1041', '1046', '1018', '1002', '1050', '1046')",1
"('', '', '1190', '', '')",1
"('', '', '', '', '', '', '1219', '', '', '', '', '', '', '')",1
"('', '', '', '1152', '')",1
"('', '', '', '', '1128', '1186', '')",1
"('496', '494', '496')",1
"('493', '493', '493')",1
"('498', '497', '499', '498', '504', '498')",1
"('498', '501', '498')",1
"('499', '493', '499')",1
"('554', '554', '554')",1
"('559', '429', '542', '559')",1
"('382', '382', '382', '449', '382')",1
"('384', '277', '379', '384')",1
"('384', '419', '384')",1
"('384', '359', '384')",1
"('386', '372', '386', '949', '386')",1
"('414', '415', '414')",1
"('412', '378', '372', '412')",1
"('412', '412', '412')",1
"('456', '460', '456', '522', '456', '459', '456', '446', '460', '446', '460')",1
"('396', '1372', '396', '399', '396', '1372', '396', '399', '396')",1
"('490', '481', '490', '490', '490')",1
"('332', '335', '332')",1
"('332', '378', '332', '332')",1
"('332', '332', '335', '367', '332')",1
"('336', '336', '335', '336', '336')",1
"('338', '338', '338')",1
"('374', '403', '374')",1
"('875', '1262', '875')",1
"('875', '883', '875')",1
"('883', '883', '884', '880', '883', '876', '883')",1
"('852', '776', '852')",1
"('884', '885', '884')",1
"('865', '854', '865', '816', '864', '865', '867', '865')",1
"('865', '865', '865')",1
"('865', '41', '861', '865')",1
"('864', '1259', '882', '864', '864', '864')",1
"('864', '656', '864')",1
"('810', '854', '810')",1
"('807', '654', '807')",1
"('802', '1177', '802')",1
"('804', '871', '804', '804')",1
"('803', '694', '803')",1
"('803', '627', '803')",1
"('818', '206', '816', '818')",1
"('685', '745', '746', '685', '685')",1
"('696', '96', '696', '712', '696')",1
"('696', '616', '696')",1
"('1', '1', '696')",1
"('712', '704', '839', '712', '712')",1
"('712', '715', '712')",1
"('614', '624', '614')",1
"('621', '312', '621')",1
"('631', '627', '631', '624', '631')",1
"('642', '651', '642')",1
"('674', '611', '736', '674')",1
"('795', '835', '835', '795')",1
"('795', '671', '667', '795', '779', '772', '795')",1
"('780', '780', '780', '780')",1
"('950', '950', '950', '950', '950')",1
"('591', '601', '591')",1
"('955', '934', '955', '955', '955')",1
"('955', '958', '955', '956', '952', '286', '286', '258', '955', '938', '955')",1
"('947', '942', '281', '942', '942', '947')",1
"('287', '886', '287')",1
"('894', '297', '894', '894', '894', '297', '894')",1
"('757', '921', '757')",1
"('828', '259', '828')",1
"('838', '1984', '838')",1
"('838', '757', '838')",1
"('838', '839', '838', '910', '910', '838')",1
"('838', '916', '885', '916', '911', '838')",1
"('830', '733', '740', '733', '830')",1
"('831', '937', '831', '826', '831')",1
"('831', '800', '831')",1
"('831', '910', '908', '831')",1
"('904', '737', '904')",1
"('918', '949', '287', '918', '773', '918')",1
"('924', '841', '911', '924')",1
"('923', '932', '923')",1
"('923', '224', '221', '921', '923')",1
"('923', '933', '940', '923')",1
"('928', '921', '757', '928', '928')",1
"('914', '268', '909', '911', '914')",1
"('916', '1114', '916', '842', '916', '295', '916')",1
"('962', '376', '375', '376', '962')",1
"('743', '96', '743')",1
"('743', '742', '743', '740', '743')",1
"('743', '717', '743')",1
"('743', '742', '743')",1
"('743', '709', '743', '709', '709', '743')",1
"('743', '653', '743')",1
"('926', '834', '926')",1
"('', '1392', '', '', '')",1
"('', '421', '')",1
"('1023', '1028', '1023')",1
"('1053', '1050', '1054', '1053')",1
"('1054', '1062', '1054')",1
"('1062', '1061', '1062', '1061', '1062')",1
"('1061', '1058', '641', '1058', '1061')",1
"('989', '986', '989', '1003', '989')",1
"('988', '816', '988')",1
"('1058', '1000', '1003', '1000')",1
"('1003', '1007', '1003')",1
"('', '1192', '1121', '')",1
"('', '1092', '')",1
"('3064', '', '3064')",1
"('', '1394', '')",1
"('1188', '1135', '1188')",1
"('1177', '1154')",1
"('1175', '1076', '1175')",1
"('1210', '1197', '1210')",1
"('1202', '1203', '1204', '1203', '1204', '1202')",1
"('1212', '1126', '1174', '1212')",1
"('1216', '920', '1216')",1
"('1216', '1157', '1216')",1
"('1192', '1085', '1192')",1
"('1192', '1199', '1192')",1
"('1195', '1081', '1195', '1128', '1195')",1
"('1191', '1085', '1191')",1
"('1197', '728', '1197', '1177', '1197')",1
"('1198', '779', '1198', '1216', '1198')",1
"('1198', '602', '1198', '1107', '1198')",1
"('1198', '1141', '1198')",1
"('1199', '1192', '1199')",1
"('1156', '1192', '1156', '1164', '1156')",1
"('1162', '1162', '1159', '1162', '1167', '1157', '1162')",1
"('1108', '826', '772', '1108')",1
"('1108', '1123', '1128', '1111', '1108')",1
"('1114', '1110', '1114', '1114', '1114')",1
"('1114', '1110', '1114')",1
"('1128', '1128', '1128', '1174', '1128')",1
"('1123', '1123', '1174', '1123')",1
"('1137', '1127', '1137', '1123', '1137', '1137')",1
"('1077', '1108', '1077')",1
"('1076', '673', '1076')",1
"('1152', '1152', '1152')",1
"('1154', '792', '1154')",1
"('1154', '1152', '1154', '1149', '1154')",1
"('1318', '885', '1318')",1
"('1365', '1304', '', '1304', '1365')",1
"('', '', '', '', '', '', '', '', '', '', '', '', '', '', '')",1
"('', '2920', '', '', '')",1
"('', '2825', '2907', '2906', '')",1
"('938', '938', '938')",1
"('', '2894', '2916', '')",1
"('', '', '', '', '', '2864', '')",1
"('1281', '', '', '')",1
"('', '2894', '2885', '2894', '')",1
"('259', '220', '220', '220', '259')",1
"('262', '616', '616', '613', '616', '262', '275', '262')",1
"('117', '119', '117', '119', '117')",1
"('265', '204', '1381', '1015', '265')",1
"('263', '230', '263')",1
"('232', '241', '232', '232', '232')",1
"('208', '916', '208')",1
"('268', '291', '268')",1
"('240', '959', '240')",1
"('966', '271', '966')",1
"('127', '254', '131', '127')",1
"('723', '128')",1
"('41', '38', '41')",1
"('113', '113', '113')",1
"('220', '35', '220')",1
"('222', '238', '222')",1
"('221', '222', '221')",1
"('117', '235', '117')",1
"('126', '238', '126')",1
"('104', '106', '104')",1
"('889', '184', '183', '184', '889')",1
"('101', '111', '101')",1
"('165', '168', '165')",1
"('69', '74', '69')",1
"('75', '47', '75')",1
"('187', '128', '131', '187')",1
"('169', '', '169', '106', '169')",1
"('158', '100', '880', '158')",1
"('157', '158', '157')",1
"('189', '854', '189')",1
"('197', '142', '197', '195', '197')",1
"('172', '310', '172')",1
"('306', '839', '306')",1
"('309', '310', '309')",1
"('311', '111', '40', '105', '106', '311')",1
"('312', '312', '312', '312', '312', '312', '312', '312', '312')",1
"('312', '339', '312')",1
"('315', '511', '315')",1
"('142', '132', '142')",1
"('142', '141', '156', '242', '142')",1
"('148', '148', '148', '148')",1
"('283', '32', '832', '283')",1
"('288', '938', '288', '938', '288')",1
"('288', '746', '288')",1
"('276', '275', '276')",1
"('275', '257', '275', '257', '275')",1
"('52', '626', '52')",1
"('53', '107', '53')",1
"('53', '1419', '53')",1
"('53', '127', '53')",1
"('56', '743', '56')",1
"('60', '60', '832')",1
"('773', '773', '773')",1
"('62', '766', '757', '62')",1
"('65', '25', '25', '65')",1
"('64', '839', '55', '767', '64')",1
"('30', '102', '30')",1
"('31', '751', '31')",1
"('29', '616', '29', '242', '832', '906', '242', '854', '29')",1
"('30', '13', '77', '30')",1
"('30', '745', '754', '30', '31', '30')",1
"('33', '32', '33')",1
"('36', '35', '36')",1
"('42', '745', '42')",1
"('49', '46', '49')",1
"('20', '740', '17', '20', '17', '737', '20')",1
"('23', '23', '23')",1
"('25', '108', '25')",1
"('26', '15', '350', '26', '718', '26')",1
"('26', '23', '119', '26')",1
"('26', '25', '26')",1
"('11', '11', '11')",1
"('8', '12', '81', '8')",1
"('2', '703', '703', '2', '703', '2')",1
"('1', '77', '1')",1
"('152', '256', '152')",1
"('151', '857', '151')",1
"('151', '869', '879', '151')",1
"('878', '2982', '867', '878')",1
"('2702', '1438', '1425', '2666', '2702')",1
"('', '2805', '', '', '')",1
"('1621', '1611', '1621')",1
"('2062', '1995', '2062', '2037', '2062')",1
"('2161', '2119', '2161', '2280', '2334', '2161')",1
"('1446', '1443', '1446')",1
"('1891', '1893', '1891', '1982', '1891')",1
"('2036', '2026', '2036', '2036')",1
"('', '2244', '', '', '')",1
"('2176', '', '')",1
"('408', '513', '408')",1
"('2168', '2107', '2051')",1
"('384', '352', '413', '384')",1
"('2065', '2065', '2060', '2057', '2065')",1
"('2019', '1521', '2019', '1796', '2057', '', '2018', '2015', '2019')",1
"('491', '484', '491', '484', '491')",1
"('993', '855', '993')",1
"('1622', '2904', '2903', '2904')",1
"('1926', '1923', '1926', '1844', '1926')",1
"('1825', '1827', '1825', '1827', '1825')",1
"('1967', '1938', '1967')",1
"('2103', '2038', '2103')",1
"('1937', '2100', '2088', '2090', '1937')",1
"('557', '', '', '', '')",1
"('2159', '2159', '2159')",1
"('2024', '2018', '2024')",1
"('1831', '1817', '1831')",1
"('561', '572', '569', '572', '561')",1
"('1230', '1227', '1230')",1
"('1310', '1373', '1293', '1310', '1310', '1250', '1253', '1310')",1
"('1701', '1751', '1701')",1
"('2518', '2413', '2502', '2518')",1
"('1649', '2039', '1538', '1649', '1626', '1648', '1649', '2001', '2028', '1649', '2023', '2024', '1649')",1
"('1764', '1764', '1764')",1
"('2108', '2111', '1454', '1448', '1454', '1419', '2108')",1
"('2021', '2244', '2021', '')",1
"('1567', '1454', '1426', '1567')",1
"('1551', '1547', '1551', '1549', '1551')",1
"('530', '219', '530')",1
"('1695', '1695', '1699', '1695')",1
"('1810', '2150', '1810')",1
"('2377', '2304', '2293', '2377')",1
"('2059', '1677', '1684')",1
"('2003', '2023', '2024', '2003', '2000', '2003')",1
"('2070', '2064', '2070', '')",1
"('1922', '1926', '1922', '1926', '1922')",1
"('2115', '1932', '2114', '2115')",1
"('2278', '2283', '2278')",1
"('460', '444', '460')",1
"('2159', '2155', '2159')",1
"('1952', '2146', '1952')",1
"('1648', '2020', '1648')",1
"('1523', '1621', '1523')",1
"('2067', '1995', '2067')",1
"('2019', '2021', '2019')",1
"('2126', '2018', '2126')",1
"('2239', '1622', '2239')",1
"('', '2063', '2062', '1599', '', '', '', '')",1
"('2512', '2512', '2512')",1
"('2552', '2623', '2552')",1
"('494', '494', '494')",1
"('2621', '2546', '2621')",1
"('1994', '1301', '1994', '1978', '1994')",1
"('1269', '1301', '1269', '1301', '1269')",1
"('2512', '2518', '2511', '2511', '2512')",1
"('1724', '1602')",1
"('418', '1996', '')",1
"('1966', '1996', '1966', '1945', '1966')",1
"('1273', '1304', '1292', '1273')",1
"('410', '481')",1
"('1939', '1944', '1939')",1
"('447', '435', '447')",1
"('1873', '1871', '1873')",1
"('1579', '1578', '1579', '1553', '1579')",1
"('', '', '1432', '')",1
"('2024', '2024', '2003', '2024')",1
"('1057', '1057')",1
"('2119', '2119', '2119', '2119', '2119')",1
"('2182', '', '2182', '1425', '2528', '2525', '1687', '2212', '2182', '1453', '1988', '2182', '2182', '2182')",1
"('2100', '2099', '2100')",1
"('1512', '', '')",1
"('', '533', '')",1
"('1543', '1479', '1543', '2038', '1543')",1
"('1055', '1028', '1055')",1
"('1479', '1478', '1479', '1782', '1479')",1
"('2281', '1362', '2281')",1
"('1893', '2143', '1883', '2143', '1893')",1
"('2084', '2077', '2084')",1
"('2826', '2828', '2826', '2822', '2903', '2826')",1
"('1547', '1545', '1547')",1
"('1987', '1987', '1920', '1987')",1
"('2600', '2595', '2600')",1
"('567', '522', '567')",1
"('2176', '', '2176')",1
"('1810', '1439', '1810')",1
"('2158', '1807', '1806', '2158', '2146', '1806', '2158')",1
"('1505', '1534', '1505', '1505', '1505', '1504', '1505', '1505', '1505', '1534', '1505')",1
"('2119', '1921', '1465', '2119')",1
"('2871', '2872', '2871', '2871', '2871')",1
"('1515', '1624', '1515')",1
"('2850', '1812', '2850', '2906', '2921', '2920', '2949', '2854', '2850')",1
"('1900', '1902', '1900')",1
"('', '1494', '1464', '1461', '')",1
"('2537', '2518', '2537')",1
"('2009', '1999', '2009')",1
"('1640', '1645', '1640')",1
"('1897', '1897')",1
"('2060', '2067', '2060')",1
"('2918', '2878', '2918')",1
"('1724', '1664', '1698', '1724')",1
"('2324', '2316', '2317', '2316', '2324')",1
"('1261', '1259', '1261', '1253', '1261')",1
"('2238', '2239', '2238')",1
"('2367', '2386', '2367')",1
"('985', '')",1
"('1503', '1494', '1503')",1
"('2293', '2118', '2117', '2062', '2063', '2062', '2141', '2141', '2118', '1881', '2118')",1
"('1590', '1442', '1445', '1442', '1590')",1
"('2027', '2026', '2027', '2025', '2027')",1
"('2561', '2552', '2551', '2552', '2561')",1
"('2473', '2464', '2473', '2446', '2473', '2750', '2721', '2441', '2473')",1
"('2518', '2451', '2518')",1
"('492', '490', '492')",1
"('2073', '2081', '2304', '2072', '2073')",1
"('2103', '2055', '2103', '1907', '2103')",1
"('2344', '1680', '2344', '1455', '1455', '1455', '1455', '2344')",1
"('577', '580', '577', '574', '577')",1
"('1956', '2086', '1956')",1
"('2403', '2398', '2403')",1
"('565', '512', '437')",1
"('', '2176', '', '', '', '2176', '')",1
"('2109', '2160', '2109')",1
"('1488', '1490', '1488')",1
"('1651', '1659', '1651')",1
"('2022', '2022', '2022', '2018')",1
"('', '2175', '2175', '')",1
"('1673', '1672', '1673')",1
"('425', '430', '425')",1
"('2006', '2025', '2006')",1
"('2374', '', '2374')",1
"('2719', '2667', '2697', '2697', '2667')",1
"('2894', '2903', '2894')",1
"('2121', '2112', '2121')",1
"('2560', '2560', '2560')",1
"('391', '475', '475', '391')",1
"('1308', '1336', '1308', '1336', '1308', '1286', '1330', '1333', '1333', '1308', '1230', '1308')",1
"('1818', '1818', '1818')",1
"('1974', '891', '399', '399', '891', '1986', '1974')",1
"('2062', '2069', '2062')",1
"('', '1449', '')",1
"('1569', '1590', '1583', '1569', '1782', '1569')",1
"('1811', '1812', '1812', '1811')",1
"('1873', '1840', '1873')",1
"('499', '493', '499', '504', '499')",1
"('2363', '2380', '2363')",1
"('557', '536', '540', '557')",1
"('2915', '2894', '2915')",1
"('2901', '2911', '2921', '2920', '2911', '2901')",1
"('2022', '1417', '2022')",1
"('2023', '2025', '2024', '2023')",1
"('2099', '2107', '2099', '2141', '2103', '2099')",1
"('2519', '2518', '2519')",1
"('2507', '2558', '2507')",1
"('567', '555', '567')",1
"('408', '408', '406', '404', '359', '408')",1
"('1265', '881', '1265')",1
"('', '1548', '')",1
"('2159', '1801', '2159', '1797', '2159')",1
"('2901', '2062', '2901')",1
"('1261', '1259', '1261')",1
"('1555', '1565', '1566', '1565', '1555', '1555', '1572', '1555')",1
"('460', '460', '460', '425', '460')",1
"('425', '415', '425')",1
"('2064', '2065', '2064', '2039', '2064', '2037', '2064')",1
"('1930', '1320', '2114', '1930')",1
"('2560', '2553', '2560')",1
"('1973', '2081', '1973')",1
"('1852', '2099', '1852')",1
"('2904', '2863', '2904')",1
"('1610', '1560', '1610')",1
"('492', '504', '492', '490', '492')",1
"('1284', '1301', '1281', '1284', '1274', '1284')",1
"('1904', '430', '430', '430', '1904')",1
"('1937', '1978', '1937')",1
"('1355', '1354', '1355')",1
"('2365', '1560', '1558', '1623', '1564', '2365')",1
"('2380', '2385', '2380')",1
"('2058', '2052', '2058')",1
"('1768', '', '1768', '1777', '1768', '3022')",1
"('2380', '2302', '2380', '2381', '2380')",1
"('2757', '')",1
"('1950', '2086', '2098', '1950')",1
"('1820', '1826', '1825', '1885', '2147', '1817', '1820')",1
"('2018', '2031', '2018')",1
"('424', '')",1
"('2465', '', '2465')",1
"('521', '309', '404', '521')",1
"('2002', '2002', '2002', '2030', '2002')",1
"('1250', '1249', '1250', '1315', '1316', '1250')",1
"('2013', '2018', '2018', '1649', '2013')",1
"('2045', '2045', '2045', '2030', '2045', '2045', '2045')",1
"('2182', '2747', '2182')",1
"('2590', '2613', '2300', '2590')",1
"('2623', '2551', '2621', '2623')",1
"('1565', '1643', '1531', '1560', '1560', '1560', '1565')",1
"('2381', '2381', '2381')",1
"('', '', '', '1766', '1699', '')",1
"('2501', '1682', '2484', '2501')",1
"('2823', '2919', '2823', '2919', '2905', '2823')",1
"('1958', '2075', '1958')",1
"('2823', '2902', '2919', '2902', '2823')",1
"('1667', '1691', '1699', '1667')",1
"('', '', '', '1435', '', '', '')",1
"('2066', '2046', '2102', '2066')",1
"('2501', '402', '2501', '2502', '2501')",1
"('2849', '976', '2849', '976', '2849')",1
"('2410', '2265', '2610', '2280', '2372', '2410')",1
"('2064', '2062', '2062', '2062', '2064')",1
"('1590', '1440', '1587', '1590')",1
"('1441', '', '')",1
"('2338', '2379', '2338')",1
"('2008', '1995', '2008')",1
"('1609', '1596', '1598', '1597', '1609')",1
"('2022', '2022', '2022')",1
"('2028', '2028', '2028')",1
"('2512', '2618', '2535', '2512')",1
"('', '1440', '', '', '')",1
"('2744', '2227', '2744')",1
"('515', '2949', '2937', '2937', '2949')",1
"('2863', '2845', '2863', '2903', '2863')",1
"('1943', '2062', '1465', '2062', '1943')",1
"('1584', '1578', '1445')",1
"('384', '384', '384', '384')",1
"('2238', '2247', '2238')",1
"('', '', '', '', '', '', '', '1901')",1
"('2034', '1593', '2034')",1
"('2047', '1478', '2063', '2047')",1
"('1555', '1425', '1555', '1571', '1555')",1
"('1925', '1935', '1925', '2117', '1925')",1
"('2590', '2064', '2590')",1
"('1528', '1644', '1528')",1
"('1981', '1281', '1986', '1981')",1
"('1515', '1429', '1515')",1
"('1944', '1944', '1944')",1
"('2118', '2135', '2118')",1
"('1334', '1312', '1334')",1
"('1891', '2143', '1891')",1
"('475', '399', '475')",1
"('2085', '2134', '2085')",1
"('2659', '2297', '2659')",1
"('1785', '1774', '1770', '1785')",1
"('2646', '2519', '2646', '2645', '2646', '2646')",1
"('2622', '572', '2622')",1
"('433', '524', '433')",1
"('2826', '2827', '2827', '2908', '2826')",1
"('1695', '1697', '1691', '1688', '1695')",1
"('432', '432', '432')",1
"('1987', '2316', '1987')",1
"('528', '482', '574', '482', '528')",1
"('1552', '1548', '1538', '1534')",1
"('214', '365', '214')",1
"('485', '484', '484', '483', '484', '472', '485')",1
"('2403', '2408', '2527', '2300', '2526', '2403')",1
"('437', '522', '432', '437', '430', '437', '430', '437')",1
"('482', '482', '514', '482')",1
"('', '', '1414', '', '', '', '')",1
"('1844', '1852', '1844')",1
"('2022', '2011', '1422', '2022')",1
"('1830', '1830', '1830')",1
"('2042', '1478', '2050', '1478', '2042')",1
"('1547', '1479', '1547', '1504', '1547')",1
"('434', '523', '434')",1
"('1522', '1682', '1423', '1617', '1522')",1
"('1817', '1815', '1817')",1
"('482', '490', '482')",1
"('2404', '2638', '2404')",1
"('2366', '2088', '2366', '2107', '2366')",1
"('', '1779', '')",1
"('2923', '2923', '2921', '2923')",1
"('2303', '2300', '2303')",1
"('1943', '1937', '1943')",1
"('1365', '1365', '1325', '1365')",1
"('2003', '1958', '2003', '2021', '2003', '2079', '2003')",1
"('1544', '1544', '1544', '1544', '1478', '1544')",1
"('2367', '2354', '2367')",1
"('2087', '2086', '2023', '2087')",1
"('2018', '', '', '', '2018', '2293', '2012', '2018')",1
"('1937', '1937', '1937', '2141', '1906', '1937')",1
"('2107', '2099', '2107')",1
"('2168', '2165', '2168')",1
"('1892', '2524', '1892', '1419', '1892')",1
"('2026', '2030', '2026')",1
"('2083', '2135', '2102', '2083', '2103', '2083')",1
"('1698', '1772', '1698', '1412', '1698', '1698', '1699', '1698')",1
"('1751', '2181', '2183', '1733')",1
"('1539', '1541', '1419', '1541', '1539')",1
"('420', '415', '420')",1
"('498', '482', '498', '499', '498')",1
"('2022', '2010', '2022')",1
"('1943', '1894', '1897', '1894', '1943', '1946', '1976', '1943', '1943', '1946', '1943')",1
"('1483', '1482', '1483')",1
"('1897', '2872', '2880', '1897')",1
"('2089', '2114', '2089')",1
"('585', '575', '585', '494', '585')",1
"('2365', '2373', '2365')",1
"('1639', '', '1639')",1
"('1449', '1450', '1462', '1460', '1463', '1450', '1449', '1449', '1449')",1
"('2038', '2062', '2038')",1
"('216', '483')",1
"('1965', '1966', '1946', '1966', '1965')",1
"('421', '427', '421', '504', '421')",1
"('1579', '1469', '1480', '1480', '1480')",1
"('437', '437', '437')",1
"('400', '469', '400', '2317', '400')",1
"('2097', '2084', '2097', '2097', '2097')",1
"('1269', '1269', '1269')",1
"('2359', '2396', '1637', '2359')",1
"('2903', '2864', '2905', '2903', '2864', '2905', '2903')",1
"('2914', '174', '2914')",1
"('1902', '1903', '1902')",1
"('1323', '1318', '1323', '1311', '1323')",1
"('1368', '1368', '1368')",1
"('1499', '1503', '1499')",1
"('2915', '2913', '2915')",1
"('2047', '1913', '2047')",1
"('1888', '1810', '1888', '2069', '1888', '1921', '1810', '1888')",1
"('1999', '1958', '1999', '1956', '1999')",1
"('2642', '2649', '2642')",1
"('2144', '1878', '2144', '1812', '1881', '2144')",1
"('1948', '2011', '1948')",1
"('1589', '1437', '1589', '1584', '1589')",1
"('1556', '1531', '1556')",1
"('2037', '2038', '2038', '2037')",1
"('1274', '1274', '1274', '1250', '1274')",1
"('1618', '1689', '1618')",1
"('1896', '1897', '1896')",1
"('2484', '2491', '1687', '2484')",1
"('2066', '2069', '2066')",1
"('1629', '1578', '1623', '1629')",1
"('1269', '1301', '1269', '1269', '1269', '1250', '1269')",1
"('', '1789', '')",1
"('2107', '2062', '2107')",1
"('1843', '1897', '1843', '1843', '1843')",1
"('1519', '1524', '1524', '1519')",1
"('1924', '1909', '1924')",1
"('1652', '1729', '1652')",1
"('2823', '2814', '2825', '2825', '2823')",1
"('2016', '1995', '2024', '2016')",1
"('', '2176', '')",1
"('2017', '2004', '2018', '2017', '2024', '2017')",1
"('2925', '2922', '2925', '2920', '2920', '2925')",1
"('2143', '2057', '2143')",1
"('1008', '1011', '1008')",1
"('499', '501', '499', '490', '490', '499')",1
"('2390', '2314', '2390', '2403', '2404', '2390', '2392', '2390')",1
"('2587', '2300', '2587')",1
"('1994', '885', '1994')",1
"('2031', '2062', '2031', '2031', '2031')",1
"('2019', '2018', '2020', '2019')",1
"('1944', '2110')",1
"('1288', '1290', '1288', '1301', '1288')",1
"('1687', '1687', '1687', '1782', '1687')",1
"('2043', '2057', '2043', '', '2043')",1
"('', '1413', '')",1
"('1365', '1365', '1365')",1
"('', '', '', '', '', '1461', '')",1
"('1673', '1612', '1578', '1583', '1679', '1673')",1
"('2380', '2410', '2304', '2380')",1
"('364', '360', '364')",1
"('1585', '1549', '1585')",1
"('2251', '', '2251')",1
"('1875', '1803', '1875', '1867', '1875')",1
"('1248', '733', '1248')",1
"('2017', '2280', '', '2280', '2017', '1523', '2017')",1
"('2010', '1972', '2010')",1
"('1602', '', '1602')",1
"('2081', '2068', '2081')",1
"('2113', '2118', '2113', '2088', '2113')",1
"('2095', '2094', '2091', '2095', '2137', '2095')",1
"('1480', '1548', '1479', '1480')",1
"('2118', '2117', '2117', '2117', '2118')",1
"('2022', '1995', '2022', '1523', '2022')",1
"('1246', '1326', '1057', '1326', '1246')",1
"('2380', '2378', '2380')",1
"('2176', '2193', '1773', '2193', '2176')",1
"('', '2374', '', '')",1
"('474', '564', '513', '474')",1
"('2914', '2902', '2914', '2908', '2914')",1
"('2919', '2903', '2919')",1
"('1273', '1328', '1273')",1
"('2814', '2814', '2818', '2814')",1
"('1925', '2125', '1925')",1
"('2120', '2119', '2120')",1
"('1905', '1937', '1905')",1
"('2084', '2095', '2090', '2091', '2113', '2084')",1
"('1632', '1621', '1632')",1
"('2118', '2118', '2117', '2118', '2117', '2086', '2118')",1
"('1808', '2146', '1808')",1
"('1711', '1455', '1455', '1711')",1
"('2822', '2913', '2822')",1
"('2750', '', '2750')",1
"('459', '441', '459', '522', '459', '459', '459')",1
"('1476', '1500', '1476', '1508', '1476')",1
"('1904', '1978', '1904')",1
"('2159', '2150', '2159', '2150', '2159')",1
"('581', '585', '581')",1
"('535', '535', '535', '535')",1
"('1566', '1421', '1566')",1
"('2739', '2742', '2742', '2739')",1
"('1911', '1911', '1911', '1943', '1911')",1
"('1937', '1899', '1937', '1937', '1937')",1
"('415', '414', '399', '415')",1
"('', '1494', '')",1
"('529', '531', '531', '531', '531', '506', '531', '529', '898', '529')",1
"('2016', '2019', '2016', '2019', '2016', '1646', '2016', '1649', '2016')",1
"('2303', '1774', '1422', '1684', '2303', '1272', '2303')",1
"('463', '466', '463', '1274', '463')",1
"('625', '624', '712', '625')",1
"('1940', '1950', '1940')",1
"('2916', '2913', '2916', '2913', '2916')",1
"('1966', '2005', '2030')",1
"('1985', '2316', '1985')",1
"('2406', '2584', '2406')",1
"('1499', '1500', '1499')",1
"('447', '452', '447')",1
"('2832', '2818', '2821', '2832')",1
"('1687', '1682', '1687')",1
"('535', '354', '')",1
"('2074', '1958', '2074', '2079', '2074')",1
"('2827', '2914', '2908', '2827')",1
"('469', '1324', '399', '469')",1
"('1546', '1419', '', '1546')",1
"('2915', '2916', '2915')",1
"('1583', '1441', '1583')",1
"('', '', '2924', '')",1
"('', '', '1266')",1
"('1612', '1623', '1612')",1
"('2110', '2125', '2110')",1
"('2007', '2006', '2007')",1
"('1995', '1948', '1995')",1
"('1965', '1965', '1965')",1
"('', '1788', '')",1
"('1828', '1815', '1828')",1
"('2065', '2060', '2065')",1
"('1980', '1976', '1980', '1980', '1980', '1990', '1980')",1
"('2380', '2315', '2309', '2315', '2380')",1
"('1012', '1003', '1002', '', '1012')",1
"('1636', '1416', '1636')",1
"('2059', '2057', '2059')",1
"('2069', '2067', '2069')",1
"('1946', '1933', '1946')",1
"('1958', '1443', '2037', '1958')",1
"('1995', '1972', '1987', '1995', '2079', '1995')",1
"('2492', '2039', '2242', '2492')",1
"('2417', '2413', '2417')",1
"('1466', '1465', '1466')",1
"('1556', '1556', '1556')",1
"('1751', '1751', '1751', '1671', '1671')",1
"('2546', '2623', '2546', '488', '481', '2546', '2676', '2546')",1
"('1610', '1421', '1610', '1610')",1
"('2017', '2018', '2018', '2018', '2017')",1
"('368', '354')",1
"('2051', '2107', '2051', '2102', '2051')",1
"('1806', '1807', '1806', '1867', '1827', '1826', '1806')",1
"('2039', '265', '2039')",1
"('1544', '', '', '1454', '1544')",1
"('1323', '1323', '1323')",1
"('1842', '1897', '1843', '1842', '1897', '1842')",1
"('464', '466', '464')",1
"('1549', '1579', '', '1579', '1549', '')",1
"('', '1448', '')",1
"('1053', '1053', '1053', '1054', '1053', '1053')",1
"('1579', '1424', '1579')",1
"('1675', '1678', '1671', '1675')",1
"('971', '971', '971')",1
"('2100', '2084', '2100', '2090', '2091', '2100')",1
"('2063', '2063', '2063', '1622', '2063')",1
"('2060', '2102', '2102', '2037', '2060')",1
"('514', '2673', '2513', '482', '514')",1
"('2880', '1042', '1042', '2880', '2880')",1
"('574', '542', '531', '542', '574')",1
"('2896', '2896', '2896', '2920', '2896')",1
"('1814', '1908', '1907', '1814')",1
"('2022', '2006', '2022')",1
"('1334', '1333', '1334')",1
"('2890', '2889', '2890', '1042', '2890')",1
"('2132', '2132', '2140', '2132', '2132')",1
"('1550', '1473', '1550')",1
"('2823', '1899', '2823')",1
"('2019', '2020', '2019')",1
"('1579', '1547', '1579')",1
"('1674', '', '1674')",1
"('499', '485', '499')",1
"('2003', '2028', '2027', '2003')",1
"('1550', '1432', '1550')",1
"('1694', '1696', '1695', '1696', '1694')",1
"('365', '365', '345', '365')",1
"('2647', '1419', '2647')",1
"('1615', '1629', '1615')",1
"('', '427', '', '546', '')",1
"('437', '427', '437', '424', '437')",1
"('2590', '2317', '2595', '2605', '2590')",1
"('498', '478', '498')",1
"('499', '499', '499')",1
"('2576', '2560', '2576')",1
"('2671', '2733', '2671', '2247')",1
"('1264', '1242', '1264')",1
"('1043', '2920', '1043', '1043')",1
"('1499', '1494', '1451', '', '1499')",1
"('2002', '1424', '2002')",1
"('1945', '2314')",1
"('463', '531', '463')",1
"('2032', '1429', '2032')",1
"('1040', '1043', '1040')",1
"('1909', '1886', '1909')",1
"('2010', '1625', '2010')",1
"('1260', '1252', '1231', '1260')",1
"('1269', '1257', '1269')",1
"('1556', '1436', '1436', '1556')",1
"('1771', '1688', '1437', '1436', '1771')",1
"('2358', '', '1670', '2358', '2361', '2358')",1
"('1278', '1229', '1278')",1
"('1900', '1252', '1900')",1
"('1828', '2062', '1828')",1
"('1274', '1274', '1274')",1
"('526', '430', '526')",1
"('1255', '1994', '1255')",1
"('2084', '2103', '2084')",1
"('410', '367', '410')",1
"('1562', '1565', '1562')",1
"('2376', '2317', '2376')",1
"('2189', '', '2189', '2189', '', '2190', '2189', '2752', '2189')",1
"('2581', '2524', '2581')",1
"('2521', '2512', '2521', '2301', '2521')",1
"('1940', '2090', '2119', '2103', '1940')",1
"('2384', '2398', '2384')",1
"('394', '469', '394')",1
"('2626', '2551', '2626')",1
"('2908', '2827', '2908')",1
"('2908', '2909', '2909', '2908')",1
"('2826', '2914', '2826', '2908')",1
"('1005', '1008', '1005')",1
"('1830', '1830')",1
"('1974', '1994', '1995', '1974')",1
"('1676', '1703', '1676')",1
"('2919', '2906', '2919')",1
"('2116', '2127', '2116')",1
"('1860', '1859', '1860', '1858', '1860')",1
"('2922', '2918', '2922')",1
"('1477', '1475', '1477')",1
"('2587', '2293', '2587', '2300', '2300', '2587')",1
"('505', '501', '499', '499', '2558', '2619', '505')",1
"('1501', '1425', '1609', '1501')",1
"('2568', '501', '2568', '482', '2568')",1
"('2448', '1437', '1427', '1437', '2448')",1
"('1964', '2024', '1964')",1
"('1985', '1903', '1981', '1988', '1985')",1
"('1930', '2114', '2120', '1930', '1930', '1930')",1
"('1962', '2037', '1962')",1
"('2006', '2022', '2006')",1
"('1494', '1500', '1494')",1
"('1052', '1052', '1052', '1053', '1052')",1
"('2516', '2505', '2511', '2516')",1
"('1592', '1587', '1592')",1
"('2344', '2378', '2349', '2374', '2344')",1
"('1999', '2094', '1999')",1
"('1834', '1815', '1834', '1765', '1834')",1
"('1977', '1977', '1977', '2000', '1953', '1977')",1
"('1372', '1386', '1372', '1381', '1372')",1
"('', '1549', '', '')",1
"('1885', '1871', '1885')",1
"('1937', '1941', '1937')",1
"('2155', '2139', '2155', '2139', '2155')",1
"('', '2799', '', '2799', '')",1
"('2361', '2386', '2363', '2386', '2361')",1
"('1252', '1269', '1252', '1319', '1252')",1
"('1445', '1419', '1775', '1445')",1
"('1895', '2143', '1895')",1
"('2119', '2106', '2114', '2123', '2119', '2119')",1
"('1226', '1279', '1226')",1
"('461', '502', '440', '461')",1
"('1888', '1891', '1890', '2159', '2150', '2159', '1888')",1
"('1964', '1565', '1964')",1
"('2827', '2129', '2827')",1
"('1368', '1335', '1335', '1274', '1367', '1245', '1368')",1
"('2281', '2282', '2384', '2281')",1
"('2605', '2602', '2607', '2605')",1
"('1834', '1799', '1834')",1
"('1253', '1304', '1253')",1
"('', '1767', '')",1
"('', '2938')",1
"('1705', '1705', '1692', '1705', '1705')",1
"('1940', '119', '1940', '1986', '1940')",1
"('1994', '2143', '1994')",1
"('2004', '2002', '2084', '2004')",1
"('', '2227', '', '')",1
"('', '2563', '')",1
"('1815', '1013', '1815', '2129', '1881', '1866', '1866', '1803', '1831', '1811', '6', '1815')",1
"('1226', '1227', '1226')",1
"('1904', '1881', '1904', '1899', '1904')",1
"('2895', '2920', '2865', '2895', '2903', '2895')",1
"('2017', '2018', '2019', '2017')",1
"('1947', '1948', '1947')",1
"('2063', '2063', '2063')",1
"('2077', '2058', '2057', '2077')",1
"('1619', '1503', '1619')",1
"('', '', '1775', '', '', '')",1
"('1705', '1687', '1688', '1705')",1
"('2073', '1958', '2073')",1
"('1234', '1231', '1234', '1235', '1234')",1
"('1477', '1476', '1477')",1
"('1844', '1859', '1858', '1844')",1
"('', '', '', '1459', '')",1
"('2155', '2125', '2155', '1806', '2155')",1
"('1817', '1840', '1817', '1806', '2150', '1817')",1
"('2354', '1630', '2354', '1630', '2380', '2354', '1589', '2354')",1
"('1551', '1578', '1553', '1551')",1
"('1966', '2102', '703', '1966')",1
"('1559', '1532', '1559')",1
"('1770', '1577', '1770')",1
"('2331', '1301', '1993', '2331')",1
"('1764', '1764', '1765', '1764')",1
"('1646', '1642', '1525', '1646')",1
"('1860', '1860', '1860')",1
"('1820', '1830', '1820')",1
"('1582', '1582', '1636', '1582')",1
"('2298', '1899', '2298', '2587', '2298', '2298', '2300', '2298')",1
"('2155', '', '2155')",1
"('', '1465', '', '')",1
"('1414', '1767', '', '', '', '', '')",1
"('1953', '1950', '2064', '1948', '1953')",1
"('2918', '', '', '', '2920', '2920', '2918', '2911', '2918')",1
"('560', '2524', '2525', '2524', '560')",1
"('2079', '2102', '2079', '2088', '2150', '2079')",1
"('524', '525', '524')",1
"('', '', '', '', '', '2347')",1
"('2363', '2363', '2363')",1
"('2007', '')",1
"('2171', '2785', '2171')",1
"('2087', '2088', '2088', '2087')",1
"('1815', '1820', '1815')",1
"('1815', '1877', '1815', '1823', '1815')",1
"('1958', '1910', '1894', '1910', '2119', '1958')",1
"('426', '885', '420', '426')",1
"('1002', '1003', '1002')",1
"('1339', '1365', '1339', '1339', '1339')",1
"('1973', '1990', '1973', '1960', '1973', '1953', '1973')",1
"('2929', '2884', '2929')",1
"('1946', '1945', '1945', '2090', '1946', '1939', '1946')",1
"('1582', '1763', '1582')",1
"('1348', '1605', '1348')",1
"('2380', '2484', '2380')",1
"('1999', '1996', '2005', '1999')",1
"('2187', '1568', '2187')",1
"('2553', '2551', '2553')",1
"('465', '465', '465', '465', '1372', '465')",1
"('1465', '1976', '1438', '1976')",1
"('2634', '2676', '2634')",1
"('1875', '1875')",1
"('447', '447', '447')",1
"('536', '536', '536')",1
"('1494', '2104', '1494')",1
"('2574', '490', '2529', '2574')",1
"('1940', '1998', '1940')",1
"('1532', '1523', '1532')",1
"('1472', '1886')",1
"('1542', '1486', '1542')",1
"('454', '2316', '454')",1
"('1998', '2024', '1770')",1
"('2019', '2018', '2018', '2019')",1
"('2094', '2118', '2097', '2094')",1
"('1918', '2140', '1918')",1
"('2176', '2176', '2176', '', '2176')",1
"('1704', '1636', '1704')",1
"('1507', '1505', '1505', '1505', '1507')",1
"('501', '510', '501')",1
"('2405', '2401', '2405')",1
"('2841', '2837', '2836', '2841')",1
"('2038', '2038', '2038', '2038')",1
"('487', '490', '487')",1
"('2916', '2919', '2916')",1
"('1249', '1257', '1249')",1
"('1932', '1455', '1456', '1456', '1455', '1455', '1456', '2086', '2088', '2088', '2088')",1
"('2552', '2623', '2623', '2623', '2623', '2552')",1
"('1905', '1849', '1905')",1
"('1886', '1885', '2150', '1886')",1
"('1285', '1423', '1285')",1
"('2150', '2159', '2150')",1
"('542', '541', '542')",1
"('2049', '', '2049')",1
"('1501', '1505', '1505', '1501')",1
"('1911', '1909', '1911')",1
"('1234', '1356', '1304', '1234')",1
"('1498', '1494', '1500', '1498')",1
"('2021', '2018', '2021')",1
"('2481', '2482', '2481')",1
"('1577', '1442', '1577')",1
"('1644', '1619', '1644')",1
"('2380', '2372', '2380')",1
"('535', '525', '535', '535')",1
"('2896', '2885', '2886', '2896')",1
"('1923', '1935', '1923', '2090', '1923')",1
"('2055', '2062', '2055')",1
"('2298', '2511', '2511', '2298')",1
"('447', '447', '436', '449', '447')",1
"('482', '482', '482')",1
"('500', '499', '500', '499', '500')",1
"('2882', '2884', '2882', '2884', '2899', '2882')",1
"('2822', '2918', '2822', '2923', '2822')",1
"('1965', '885', '1939', '1960', '1965')",1
"('2038', '2042', '2038')",1
"('1501', '1537', '1501', '2072', '1501')",1
"('2560', '2548', '2560')",1
"('2898', '2900', '2894', '2900', '2898')",1
"('1019', '2921', '2921', '2921', '1019')",1
"('2252', '2189', '2252', '2249', '', '2252')",1
"('2037', '2037', '2033', '2025', '2037')",1
"('2248', '1457', '2248')",1
"('2087', '2102', '2087')",1
"('1745', '1671', '1745')",1
"('475', '476', '475')",1
"('2301', '1436', '2301')",1
"('1057', '', '')",1
"('1729', '1614', '1622', '1655', '1729')",1
"('499', '558', '499')",1
"('2094', '1886', '2094')",1
"('1584', '1478', '1584')",1
"('2896', '2885', '2896', '2914', '2896')",1
"('1911', '1915', '1911')",1
"('2873', '2876', '2873')",1
"('2161', '2107', '2161')",1
"('1324', '1253', '216', '1324')",1
"('1813', '2159', '2158', '2159', '1813', '2143', '2143', '1813')",1
"('332', '332', '368', '378', '332')",1
"('2357', '2352', '2357', '2352', '2357')",1
"('2519', '2568', '2548', '2519')",1
"('2379', '2379', '2379', '2379', '2379', '2378', '2379')",1
"('', '', '', '', '', '', '', '', '', '', '', '', '', '', '', '', '')",1
"('2151', '2069', '2151', '2086', '2151')",1
"('395', '415', '395')",1
"('2205', '2220', '', '', '2205')",1
"('2380', '2379', '2380', '2310', '2380')",1
"('1525', '2025', '1525')",1
"('1498', '1500', '2062', '1498')",1
"('1552', '1550', '1552', '1598', '1552')",1
"('1557', '1436', '1557')",1
"('2914', '2906', '2914')",1
"('', '2304', '')",1
"('1497', '1506', '1500', '1497')",1
"('1347', '1346', '1347')",1
"('565', '513', '507', '430', '565')",1
"('570', '504', '570')",1
"('1826', '1823', '1827')",1
"('1372', '1301', '1372')",1
"('2038', '1496', '2038', '1541', '2038', '2038', '2038')",1
"('2908', '2896', '2896', '2885', '2896', '2913', '2906', '2908')",1
"('', '', '', '', '2587', '2316', '2316', '2317', '')",1
"('2375', '2584', '2301', '2306', '2375')",1
"('1006', '628', '733', '628', '1006')",1
"('1057', '', '1057')",1
"('2155', '2155', '2158', '2155')",1
"('2210', '1671')",1
"('1498', '1496', '1463', '1498')",1
"('2552', '1437', '2552')",1
"('2021', '1682', '1682', '1682', '1682', '2023', '2021')",1
"('1878', '2156', '1878')",1
"('2476', '1626', '2476')",1
"('2718', '2742', '2718')",1
"('2402', '2530', '2531', '2402')",1
"('395', '499', '404', '395')",1
"('2119', '2137', '2114', '2119', '2141', '2141', '2135', '2119')",1
"('1709', '2425', '1709')",1
"('304', '399', '2484', '2735')",1
"('2540', '2602', '2540')",1
"('395', '705', '395')",1
"('1852', '2103', '1827', '1852')",1
"('2925', '2923', '2923', '2925')",1
"('1943', '1944', '1943')",1
"('1918', '1794', '1918')",1
"('1740', '1643', '1740')",1
"('1313', '1310', '1313')",1
"('1731', '1763', '1731', '1698', '1731')",1
"('1807', '1918', '1807')",1
"('2896', '2895', '2905', '2905', '2895', '2896')",1
"('2380', '2495', '2535', '2380')",1
"('2234', '2486', '2234')",1
"('2123', '2118', '2123')",1
"('', '', '', '1436', '')",1
"('393', '399', '393')",1
"('464', '462', '464')",1
"('545', '540', '545')",1
"('1499', '1548', '1478', '1499')",1
"('1940', '1977', '1940')",1
"('', '', '1486', '')",1
"('2642', '2561', '2642')",1
"('1007', '1001', '1007')",1
"('2924', '2924', '2927', '2924', '2924')",1
"('2512', '1413', '2511', '2512')",1
"('1044', '1050', '1044')",1
"('2847', '518', '545')",1
"('2382', '2381', '2385')",1
"('2659', '2665', '2659')",1
"('2226', '2225', '', '2226')",1
"('969', '980', '969', '1003', '969')",1
"('2823', '1897', '2923', '2823')",1
"('1006', '1008', '1006')",1
"('2298', '2300', '2327', '2298')",1
"('1899', '1978', '1899', '1899', '1899')",1
"('994', '995', '994', '984', '994')",1
"('1560', '2130', '1560')",1
"('2118', '2114', '2112', '2118', '2117', '2118')",1
"('1904', '1903', '1904', '1903', '1904')",1
"('', '', '2698', '', '', '', '', '', '', '')",1
"('462', '2615', '462')",1
"('417', '535', '417', '425', '417')",1
"('2417', '1612', '223', '2417')",1
"('459', '415', '459')",1
"('1964', '1958', '2073', '1964')",1
"('2919', '2919', '2919')",1
"('2214', '2185', '2214', '2216')",1
"('2649', '2502', '2649')",1
"('1731', '1650', '1731')",1
"('994', '989', '994')",1
"('2914', '2913', '2913', '2914')",1
"('1878', '1880', '1878')",1
"('2243', '2243', '2243')",1
"('1944', '1930', '1944', '2090', '1944')",1
"('2744', '2757', '2744')",1
"('1813', '1840', '1799', '1813')",1
"('2744', '', '2744')",1
"('2061', '2042', '2061')",1
"('1730', '1665', '1721', '1730')",1
"('1537', '1541', '1501', '1537')",1
"('2186', '', '', '1572', '1588', '2211', '2186')",1
"('2426', '508', '2426')",1
"('2907', '2915', '2825', '2907')",1
"('463', '1986', '463', '1986', '463')",1
"('1500', '1544', '1500')",1
"('2417', '2499', '2513', '2513', '2499', '2513', '2417')",1
"('994', '592', '994')",1
"('2226', '2484', '2226')",1
"('2881', '2885', '1039', '1043', '1043', '1042', '2881')",1
"('969', '1018', '969')",1
"('1372', '1372', '875', '875', '1372', '1372', '1372')",1
"('1966', '1945', '1966', '2027', '1966')",1
"('1292', '1299', '1292')",1
"('1057', '1054', '1320', '1056', '1057')",1
"('', '2079')",1
"('1603', '1697', '1605', '1605')",1
"('1057', '2851', '1062', '1057')",1
"('488', '399', '488')",1
"('2598', '462', '2598')",1
"('1057', '1057', '1057', '1054', '1057')",1
"('2642', '2491', '2642')",1
"('982', '641', '982', '986', '982')",1
"('415', '361', '442', '442', '415')",1
"('2009', '2011', '1995', '2034', '2005', '1986', '1995', '2009', '1998', '2009')",1
"('', '', '', '1697', '1687', '1697', '')",1
"('2088', '2102', '2090', '2088')",1
"('1971', '1932', '2088', '1971', '1999', '1996', '1971')",1
"('2343', '2016', '2343')",1
"('', '2064', '')",1
"('', '', '', '', '', '2210', '')",1
"('2005', '2007', '2007', '2005')",1
"('1065', '1018', '1065')",1
"('1716', '1461', '1716')",1
"('', '1436', '')",1
"('986', '986', '986')",1
"('2901', '2894', '2901', '2903', '2901')",1
"('2507', '2641', '2507')",1
"('2338', '2316', '2380', '2378', '2338')",1
"('2178', '2190', '2178', '2171', '2178')",1
"('2298', '2586', '2298')",1
"('1990', '2034', '1990')",1
"('2552', '2562', '2552')",1
"('1930', '2112', '1930')",1
"('1515', '2134', '2024', '2024', '1515')",1
"('1964', '2052', '1964')",1
"('2031', '2031', '2031')",1
"('2115', '2119', '2115', '2133', '2115')",1
"('1961', '1958', '2075', '1958', '1961')",1
"('1828', '1481', '1828', '1867', '1828')",1
"('1511', '2068', '1682', '2068', '1511')",1
"('2924', '1851', '2924')",1
"('1807', '1807', '1807')",1
"('1006', '1011', '1006')",1
"('1039', '1039', '1039', '1039', '1039')",1
"('1987', '1987', '1987', '1438', '1987', '1987', '1987')",1
"('1336', '1301', '1336')",1
"('1375', '1376', '1375')",1
"('1941', '2119', '1941')",1
"('484', '499', '484')",1
"('2016', '1663', '1660', '1605', '2016', '1995', '1481', '1649', '2016', '2016', '2016')",1
"('2767', '1584', '2767')",1
"('2172', '2205', '2172')",1
"('1513', '1945')",1
"('982', '986', '982')",1
"('', '1765', '', '', '')",1
"('1809', '2146', '1809', '1855', '1823', '1809', '1811', '1809')",1
"('2918', '2925', '2920', '2902', '2918')",1
"('2199', '2197', '2199')",1
"('1894', '1907', '1894', '1842', '1894')",1
"('2933', '2805', '2933', '2927', '2933')",1
"('2237', '2217', '2237')",1
"('2199', '2410', '2199')",1
"('2094', '2097', '2094')",1
"('2097', '2088', '2090', '2097', '2090', '2097')",1
"('2027', '1945', '2027')",1
"('1528', '1527', '1528')",1
"('2837', '1931', '2837')",1
"('2192', '2243', '2192')",1
"('1293', '469', '', '', '')",1
"('', '', '1461', '', '', '')",1
"('2632', '2499', '2632')",1
"('1505', '1500', '1505', '1505', '1505', '1505', '1505', '1505')",1
"('331', '380', '331')",1
"('408', '442', '1253', '1322', '408')",1
"('1818', '1919', '1818')",1
"('', '', '', '', '', '354', '1244')",1
"('1588', '1587', '1588')",1
"('2794', '2776', '2736', '2751', '2794')",1
"('2174', '2499', '2174')",1
"('2151', '2088', '2151', '1913', '2151')",1
"('', '', '1771', '2244', '', '', '', '', '', '', '', '')",1
"('2914', '2921', '2920', '2921', '2914')",1
"('2870', '2876', '2870')",1
"('2625', '2625', '2625')",1
"('1692', '1630', '1692', '1688', '1692', '1630', '1692')",1
"('1331', '1337', '1331')",1
"('2235', '2237', '2235')",1
"('2364', '2390', '2364')",1
"('2247', '2239', '2247')",1
"('1058', '1018', '1053', '1058')",1
"('2553', '2560', '483', '2553')",1
"('2550', '2477', '2550')",1
"('2018', '1995', '2018', '2021', '2018')",1
"('2915', '2919', '2915', '2919', '2915')",1
"('1687', '1772', '1687', '1687', '1687')",1
"('2415', '2434', '2434', '2511', '2415')",1
"('2693', '2716', '', '2693')",1
"('1770', '1705', '1770')",1
"('2348', '1418', '1417', '2348')",1
"('2117', '', '2117', '2117', '1932', '2117')",1
"('', '', '', '1428', '', '')",1
"('1744', '2464', '1744')",1
"('', '1418', '', '', '')",1
"('405', '372', '405')",1
"('1899', '1938', '1899')",1
"('488', '490', '488', '399', '488')",1
"('481', '2556')",1
"('475', '350', '475')",1
"('2363', '2374', '2363')",1
"('645', '1008', '1007', '1006', '1013', '1006')",1
"('1523', '2024', '1523')",1
"('2316', '2499', '2316')",1
"('1652', '1637', '1659', '1659', '1652')",1
"('2151', '1806', '2151', '1932', '2151', '2151')",1
"('2359', '2406', '2359')",1
"('1955', '1960', '1955', '2090', '1955')",1
"('1818', '1831', '1831', '1818')",1
"('1733', '1705', '1733')",1
"('1499', '2052', '1499', '1500', '1499')",1
"('2105', '2102', '2122', '2105')",1
"('', '', '2805', '2805', '')",1
"('1533', '1435', '1558', '1533')",1
"('1820', '1891', '1820')",1
"('2187', '2189', '2187')",1
"('1732', '1643', '2374', '1732', '1643', '1659', '1732')",1
"('2165', '2107', '2099', '2054', '2165')",1
"('2115', '2052', '2115')",1
"('1904', '1937', '1904', '1904', '1904')",1
"('', '', '', '2753', '')",1
"('2294', '1993', '2294')",1
"('1037', '1037', '1037')",1
"('2298', '1289', '1284', '1289')",1
"('2916', '2914', '2916')",1
"('2101', '2057', '2101')",1
"('1690', '1689', '1690', '1686', '1690')",1
"('466', '2602', '462')",1
"('524', '530', '524', '524', '430', '529', '524')",1
"('2914', '2920', '2916', '1820', '1820', '1873', '1823', '1820')",1
"('969', '969', '969', '969', '969', '971', '977', '969')",1
"('', '2728', '')",1
"('2488', '1676', '2515', '1676', '2488')",1
"('1900', '1322', '1900')",1
"('1503', '1481', '1663', '1481', '1503')",1
"('2506', '2241', '2506')",1
"('', '1410', '')",1
"('2148', '1840', '2148')",1
"('2716', '2747', '1617', '1525', '1518', '1525', '1660', '1659', '2716')",1
"('2562', '2560', '2562')",1
"('2237', '2618', '2499', '2237')",1
"('1544', '1457', '1439', '1544')",1
"('1522', '1622', '1619', '1522')",1
"('2425', '2425', '2425')",1
"('1902', '1682', '1902')",1
"('2362', '2374', '2387', '2362')",1
"('488', '490', '488')",1
"('1738', '1765', '1738')",1
"('2898', '2130', '2117', '2117', '2117', '2130', '2898')",1
"('359', '358', '442', '359', '442', '413', '359')",1
"('1448', '2062', '2063', '1439', '1443', '1448')",1
"('2369', '2374', '2369')",1
"('469', '350', '469', '350', '1293', '469')",1
"('2201', '2480', '1615', '2484', '2480', '2201')",1
"('1810', '2069', '1810')",1
"('', '', '', '', '2802', '2733', '')",1
"('2145', '2147', '2145')",1
"('', '', '2077', '')",1
"('1897', '2087', '2111', '1843', '1897')",1
"('2716', '', '2716')",1
"('459', '365', '459', '404', '403', '439', '459')",1
"('2819', '2826', '2819')",1
"('1984', '2513', '1984')",1
"('2022', '2008', '2022')",1
"('2667', '1549', '2472', '2667')",1
"('2226', '1660', '2226')",1
"('1006', '1013', '993', '992', '1006')",1
"('2905', '2150', '2905')",1
"('987', '989', '987')",1
"('2598', '2591', '2598')",1
"('421', '426', '421', '864', '421')",1
"('2553', '2552', '2560', '2646', '2553')",1
"('1306', '397', '1310', '1322', '397', '1306')",1
"('2854', '2838', '2853', '2854', '2850', '2854')",1
"('454', '384', '454', '420', '454')",1
"('2896', '2884', '2896')",1
"('1939', '1979', '1939')",1
"('2593', '2591', '2593', '516', '')",1
"('2144', '1883', '2144')",1
"('2087', '1541', '1546', '2087')",1
"('1894', '1843', '1894')",1
"('1561', '1644', '1561')",1
"('2874', '2889', '2902', '2874')",1
"('2826', '2909', '2826')",1
"('1734', '1618', '1734')",1
"('1937', '1306', '1937', '2541', '1937')",1
"('1661', '1517', '1661')",1
"('1332', '1310', '1332', '1339', '1332')",1
"('2484', '2407', '2428', '2480', '2484', '2453', '2484')",1
"('433', '426', '433', '433', '478', '416', '480', '433')",1
"('2488', '1709', '2193', '', '', '2193', '2484', '2488')",1
"('2257', '2487', '2662', '2257')",1
"('1973', '1976', '1973', '1976', '1973')",1
"('2255', '1719', '2255', '2484', '2233', '2241', '1718', '2255')",1
"('2417', '2418', '2417')",1
"('2880', '1042', '2880', '2880', '2880')",1
"('2182', '', '2182')",1
"('1045', '1061', '1045', '1050', '1045')",1
"('1532', '1552', '1532')",1
"('2225', '2651', '2225', '2225', '2225')",1
"('2004', '1978', '2004', '2004', '2004')",1
"('', '', '', '1682', '', '', '')",1
"('2251', '2250', '2251')",1
"('2894', '2894', '2894', '2826', '2894')",1
"('1831', '1831', '1831')",1
"('1807', '2159', '1807', '2112', '1807')",1
"('1346', '1345', '1346')",1
"('2784', '2192', '2784')",1
"('', '2721', '')",1
"('', '1443', '', '')",1
"('1960', '2113', '2079', '1960')",1
"('504', '490', '504')",1
"('535', '519', '519', '535')",1
"('2891', '2885', '2891')",1
"('1534', '1436', '1534', '1436', '1589', '1440', '1534')",1
"('1372', '1386', '1401', '1386', '1372')",1
"('1514', '1638', '1523', '1638', '1514')",1
"('2005', '2005', '2005', '2005', '2005', '1996', '2005')",1
"('2158', '2159', '2158')",1
"('1469', '1467', '1469')",1
"('2490', '1672', '1605', '1672', '2490')",1
"('1980', '1902', '1980', '2133', '2095', '1980')",1
"('2605', '2069', '2605')",1
"('2094', '2119', '1944', '2094')",1
"('2561', '2551', '2561')",1
"('1878', '1883', '1878')",1
"('1676', '1678', '1691', '1676')",1
"('2421', '2586', '2421', '2499', '2421')",1
"('2719', '2702', '2063', '2253', '2719')",1
"('2034', '2037', '')",1
"('2822', '2822', '2822')",1
"('2096', '2102', '2090', '2096')",1
"('1968', '1995', '1968')",1
"('476', '481', '1381', '476')",1
"('2896', '', '2896', '1827', '1931', '2896')",1
"('2896', '2919', '2896')",1
"('469', '472', '404', '469')",1
"('1807', '2114', '1807')",1
"('2828', '2902', '2828', '2064', '2902', '2828')",1
"('451', '885', '451')",1
"('1807', '2158', '2143', '2143', '2143')",1
"('1692', '1527', '1692')",1
"('1319', '1314', '1319', '1320', '1319')",1
"('1518', '1500', '1518', '2025', '1518', '1469', '1450', '1518')",1
"('1637', '1541', '1637')",1
"('2203', '2223', '2203')",1
"('365', '440', '365')",1
"('1991', '1986', '1991')",1
"('2361', '2021', '2361')",1
"('1899', '2131', '1899')",1
"('1006', '1002', '1006')",1
"('2827', '2827', '2827')",1
"('982', '986', '982', '986', '982')",1
"('2465', '1774', '2486', '2484', '2486', '2465')",1
"('2823', '2899', '2823')",1
"('2334', '2381', '2318', '2334')",1
"('2537', '2618', '2537', '2537')",1
"('2852', '2836', '2852', '2850', '2852')",1
"('499', '2627', '499')",1
"('465', '510', '512', '465', '481', '465')",1
"('1060', '1023', '1060')",1
"('2263', '287', '2263')",1
"('1065', '1062', '1065')",1
"('2605', '2595', '2605')",1
"('1612', '1421', '1612', '')",1
"('1984', '1987', '1984')",1
"('2353', '2355', '2353', '2082', '2102', '2082', '2353', '1637', '2350', '2353')",1
"('1664', '1428', '1554', '1574', '1597', '1419', '1657')",1
"('1681', '1678', '1681')",1
"('415', '885', '415')",1
"('1749', '1717', '1749')",1
"('1244', '1242', '1244')",1
"('2556', '490', '2560', '2556')",1
"('1966', '1966', '1960', '1964', '1963', '1966', '1960', '1966')",1
"('2126', '2023', '2126')",1
"('2924', '2814', '2924')",1
"('494', '2546', '2618', '2546', '1424', '1419', '494')",1
"('1581', '', '1581')",1
"('2903', '2823', '2903')",1
"('1899', '2133', '1899')",1
"('1711', '1457', '1711')",1
"('', '', '1429', '')",1
"('2787', '1412', '2787')",1
"('2300', '2316', '2300')",1
"('1922', '1926', '1922', '2132', '2132', '2132', '1922')",1
"('2266', '2285', '2266')",1
"('1607', '', '1607')",1
"('', '1468', '1546', '', '', '')",1
"('2097', '1946', '2097')",1
"('1676', '', '1676')",1
"('2380', '2316', '2380', '2317', '2380')",1
"('2051', '2133', '2150', '2051')",1
"('450', '365', '450')",1
"('', '2805', '')",1
"('1656', '1449', '1656')",1
"('520', '506', '520', '520', '520')",1
"('1729', '1619', '1619', '1617', '1729')",1
"('1709', '1725', '1709', '1709')",1
"('1057', '346', '1054', '1054', '1054', '1057')",1
"('996', '1018', '1011', '996')",1
"('1012', '1011', '1012', '1065', '1012')",1
"('', '', '2491', '')",1
"('2305', '2582', '2305')",1
"('1022', '1018', '1022')",1
"('1975', '1996', '1975')",1
"('1336', '1346', '1383', '1331', '1332', '1336')",1
"('1745', '2248', '2216', '2216', '1745')",1
"('2320', '2316', '2320')",1
"('2550', '2562', '2550')",1
"('2774', '2239', '2666', '2666', '2774')",1
"('982', '1018', '995', '982')",1
"('542', '430', '542')",1
"('2475', '2243', '2463', '2475')",1
"('1581', '1468', '1456', '1456', '1454', '1581')",1
"('1635', '2512', '1635')",1
"('2373', '2374', '2373', '2374', '2378', '2374', '2373')",1
"('2841', '2841', '2841')",1
"('2026', '1558', '2026')",1
"('1532', '1526', '1532')",1
"('2476', '1625', '2476')",1
"('2078', '2079', '2078', '2055', '2078')",1
"('1971', '1873', '1971')",1
"('1810', '1625', '1810')",1
"('2371', '2374', '2344', '2371')",1
"('2274', '2265', '2274', '2264', '2274')",1
"('1945', '1932', '1518', '1958', '1932', '1964')",1
"('2623', '2546', '2623', '2623', '1677', '1687', '2623')",1
"('1323', '2119', '2090', '1323')",1
"('1981', '1981', '1981')",1
"('2915', '2915', '2913', '2905', '2914', '2915')",1
"('1989', '2006', '1989')",1
"('1565', '1426', '1565', '1571', '1565')",1
"('2243', '2244', '2480', '2241', '2243')",1
"('1875', '1877', '1322', '1823', '1866', '1866', '1875')",1
"('1626', '1624', '1626')",1
"('1915', '2140', '1915')",1
"('1634', '1437', '1634')",1
"('2355', '1682', '1623', '2349', '2355', '1520', '2355')",1
"('1733', '1733', '1423', '1600', '1733')",1
"('1807', '1911', '1807')",1
"('2002', '2005', '2002', '2315', '397', '2315', '2002')",1
"('2618', '2495', '2618')",1
"('1809', '2149', '2158', '2149', '1809')",1
"('1994', '2010', '1993', '1994')",1
"('2914', '2909', '2914')",1
"('1044', '2880', '2902', '1044')",1
"('2863', '2864', '2864', '2864', '2864', '2863')",1
"('', '1684', '1688', '')",1
"('1742', '1607', '1742')",1
"('2021', '1443', '2021')",1
"('1522', '1565', '1522', '1555', '1522')",1
"('', '', '', '', '', '', '', '', '', '', '', '', '')",1
"('1984', '1984', '1984')",1
"('1522', '1503', '1522')",1
"('1711', '1464', '1453', '1443', '1464', '1711')",1
"('2462', '2194', '2424', '2462')",1
"('542', '544', '519', '542')",1
"('1282', '1326', '1282')",1
"('2118', '2052', '2118')",1
"('2119', '2112', '2119', '1984', '2119')",1
"('2632', '2541', '2632')",1
"('339', '340', '339')",1
"('1023', '1024', '1025', '')",1
"('1716', '2253', '1716')",1
"('2913', '2913', '2913')",1
"('1014', '1018', '1014', '633', '1014')",1
"('2552', '2559', '2552', '', '', '', '2552')",1
"('2245', '2236', '2245')",1
"('550', '484', '550')",1
"('2799', '', '', '2799', '', '2799')",1
"('2767', '2225', '2744', '2751', '2767')",1
"('2417', '2516', '2427', '2417')",1
"('1016', '1011', '1016')",1
"('1945', '2092', '1945')",1
"('1582', '1636', '1582')",1
"('1525', '1523', '1525')",1
"('2652', '', '2652', '2176')",1
"('1852', '1859', '1852')",1
"('1997', '1976', '1997')",1
"('2448', '2604', '2610', '2441', '2448')",1
"('1966', '', '', '', '')",1
"('', '1698', '1765', '1698', '2408', '2528', '2172', '')",1
"('2445', '', '', '', '2445')",1
"('1562', '1562', '1562')",1
"('1747', '1523', '1747')",1
"('1280', '1280', '1326', '1336', '1280', '1280')",1
"('2100', '2100', '1549', '2100', '2100')",1
"('', '1481', '1543', '1903', '1938')",1
"('2875', '510', '2875')",1
"('1941', '2102', '1941')",1
"('2188', '2190', '2188', '2190', '2183', '2188')",1
"('2490', '1568', '2490')",1
"('', '580')",1
"('2186', '2247', '2186')",1
"('2582', '2304', '2582')",1
"('1375', '2601', '1372')",1
"('1820', '2094', '1820')",1
"('2030', '2062', '2030')",1
"('1375', '354', '354', '399', '1375')",1
"('1556', '1534', '1556')",1
"('2560', '2558', '2552', '2560', '2560', '2550', '2560')",1
"('1630', '1522', '2344', '1630')",1
"('2006', '1995', '2006', '2006')",1
"('2120', '2112', '2120')",1
"('1014', '1013', '1014', '995', '1014')",1
"('2591', '2605', '2591', '2605', '462', '2591')",1
"('2505', '2505', '2505')",1
"('2089', '2102', '2102', '2102', '2090', '2089', '2088', '2080', '2089')",1
"('1534', '', '', '1534')",1
"('1324', '1353', '1324')",1
"('1223', '1043', '1043', '1223')",1
"('1971', '1976', '1939', '2104', '2103', '1971', '1971')",1
"('2552', '1685', '2552')",1
"('462', '2103', '462')",1
"('499', '501', '493', '490', '499')",1
"('1809', '1809', '1809', '1809', '1809')",1
"('2622', '2560', '2623', '2622')",1
"('', '1821', '')",1
"('', '2069', '')",1
"('2043', '2056', '2043', '')",1
"('1704', '1695', '1704')",1
"('2312', '2308', '1644', '2312')",1
"('2581', '2581', '2525', '2581')",1
"('1827', '1849', '1827', '2104', '2114', '2107', '1849', '1827')",1
"('2188', '2253', '2188')",1
"('2434', '', '1674', '1691', '2434')",1
"('1946', '1948', '1949', '1946')",1
"('2341', '2013', '2341')",1
"('2848', '2864', '2903', '2848')",1
"('2776', '2234', '2776')",1
"('2034', '2070', '2034')",1
"('994', '656', '', '994')",1
"('1720', '1554', '1720')",1
"('488', '503', '488')",1
"('2003', '1995', '1998', '2003', '1962')",1
"('', '1018', '')",1
"('462', '1285', '462')",1
"('1905', '2911', '1043', '1905')",1
"('2896', '2873', '2896')",1
"('1878', '1885', '1878')",1
"('2913', '2914', '2915', '2913', '1302', '2913')",1
"('469', '465', '1474', '469')",1
"('1228', '1228', '1224', '1228', '1938', '1228', '1278', '1280', '1278', '1228')",1
"('2190', '519', '2189', '2190', '2190')",1
"('1350', '1355', '876', '1350')",1
"('1442', '1449', '1442')",1
"('1751', '1751', '1751', '1751', '1751')",1
"('2598', '1498', '1483', '2598')",1
"('1582', '1622', '1582')",1
"('1007', '1011', '1003', '1007')",1
"('2191', '2764', '2191', '', '2191')",1
"('1059', '1057', '1059')",1
"('2525', '2490')",1
"('2254', '2245', '1989')",1
"('1729', '2240', '', '1729')",1
"('1852', '1859', '1852', '1852', '1852')",1
"('1366', '1274', '1366')",1
"('415', '524', '415', '427', '415')",1
"('1556', '1587', '1554', '1556')",1
"('1858', '1856', '1858')",1
"('2223', '2716', '2223')",1
"('1057', '616', '1057')",1
"('1584', '2032', '1584')",1
"('488', '415', '384', '415', '472', '488')",1
"('1602', '1610', '1602')",1
"('1555', '2244', '1555')",1
"('1295', '1279', '1295', '1292', '1295')",1
"('1527', '1523', '1527', '1483', '1527')",1
"('2554', '2553', '2554', '2554', '2554', '2623', '2554')",1
"('1494', '1543', '1494')",1
"('476', '469', '399', '476')",1
"('2077', '2083', '2077')",1
"('1513', '2115', '1513')",1
"('454', '459', '440', '459', '454')",1
"('2178', '', '', '', '2172', '1584', '1738')",1
"('2027', '2028', '2027')",1
"('2285', '2614', '2613', '1982', '2285')",1
"('1332', '1349', '1332')",1
"('', '1674', '', '', '')",1
"('2132', '2381', '2380', '2381')",1
"('2019', '2024', '2019')",1
"('1680', '1587', '1680', '1587', '1600', '1605', '1680')",1
"('1556', '1599', '1465', '1556')",1
"('1630', '1517', '1630')",1
"('2176', '2174', '2176')",1
"('2738', '2488', '2487', '2742', '2738')",1
"('1689', '1682', '1411', '1689')",1
"('214', '1820')",1
"('2415', '2414', '2415')",1
"('2872', '2876', '2872', '2876', '2872')",1
"('2143', '2143', '2143')",1
"('2363', '2379', '2363', '1414', '2374', '2363')",1
"('2314', '99', '2314', '2303', '2314')",1
"('1709', '1612', '1593', '1679', '1709')",1
"('1772', '1548', '1772')",1
"('2357', '2582', '2357', '2354', '2367', '2357')",1
"('1655', '1705', '1655')",1
"('1825', '1816', '1825')",1
"('2722', '2195', '2722')",1
"('1269', '1269', '1269', '1279', '1269')",1
"('2430', '2351', '2430', '1701', '2429', '2429', '2430')",1
"('1866', '1944', '1827', '1867', '1866')",1
"('1472', '1478', '1478', '1472')",1
"('982', '989', '982')",1
"('1007', '1003', '1003', '1015', '1007')",1
"('', '1622', '', '', '')",1
"('733', '1285', '1346', '1346')",1
"('535', '535', '535')",1
"('2374', '2361', '2374', '2294', '2374', '2002', '2317', '2374')",1
"('', '2865', '')",1
"('2491', '2496', '2491', '2496', '2491')",1
"('1828', '1828', '1829', '1828')",1
"('1522', '1522', '1522', '2112', '1522')",1
"('2176', '2174', '2176', '2175', '2176')",1
"('1754', '1752', '1754')",1
"('2549', '2676', '2549')",1
"('', '2192', '', '')",1
"('1673', '1619', '1632', '1673')",1
"('2889', '2889', '2889', '1896', '2889')",1
"('2097', '2084', '2097', '2091', '2095', '2086', '2097')",1
"('1646', '1525', '1646')",1
"('1566', '1493', '1568', '1566')",1
"('1676', '1665', '1676')",1
"('1528', '1577', '1528')",1
"('1007', '1008', '1007', '1031', '1007')",1
"('2174', '2568', '2174', '2172', '')",1
"('1965', '1956', '1965')",1
"('2084', '2084', '2084', '2084', '2084')",1
"('1807', '2117', '1807')",1
"('2040', '1599', '2040')",1
"('1902', '2104', '1902')",1
"('1258', '1336', '1320', '1258')",1
"('', '', '', '2244', '2241', '2244', '')",1
"('295', '364')",1
"('2647', '2499', '2647')",1
"('2298', '1999', '2298')",1
"('2081', '2067', '2081', '2089', '2081')",1
"('1694', '1705', '1694', '1688', '1687', '1694')",1
"('1859', '1866', '1866', '1827', '1859')",1
"('2355', '2354', '2355')",1
"('2549', '2551', '2552', '2560', '2549')",1
"('', '1411', '', '')",1
"('2348', '1635')",1
"('2149', '2149', '2149')",1
"('2624', '2619', '2624')",1
"('1065', '1053', '1013', '1065')",1
"('2430', '1659', '2430')",1
"('2239', '2464', '2239')",1
"('1650', '1729', '1650')",1
"('1501', '1473', '1467', '1473', '1546', '1501')",1
"('1947', '1960', '1947')",1
"('2863', '2864', '2863', '2905', '2919', '2863', '1882', '2863')",1
"('1857', '1797', '1857', '2107', '1908')",1
"('1962', '2118', '1962')",1
"('462', '462', '1235', '462', '462', '462')",1
"('1319', '1319', '1319')",1
"('1372', '1339', '1372', '1372')",1
"('2429', '2429', '2429')",1
"('1622', '', '', '', '')",1
"('1598', '1531', '1598', '1598')",1
"('1007', '1008', '1007', '1007')",1
"('1963', '2031', '1963')",1
"('2084', '2055', '2084')",1
"('1960', '1958', '1960')",1
"('2151', '2125', '2151')",1
"('2510', '2304', '2510')",1
"('1741', '1741', '1741')",1
"('2115', '2117', '2115', '2115', '1879', '2115', '2115', '2113', '2089', '2115')",1
"('1910', '1807', '1811', '1910')",1
"('', '', '', '', '2697', '')",1
"('2243', '2250', '2243')",1
"('2159', '266', '2159')",1
"('1670', '1680', '1670', '1618', '1670')",1
"('1912', '', '1912')",1
"('1303', '1310', '1303')",1
"('1583', '1435', '1583')",1
"('462', '462', '462', '2611', '462')",1
"('1753', '1473', '1753')",1
"('1006', '1018', '1002', '1002', '1006')",1
"('2079', '2079', '2079', '2081', '2079')",1
"('1704', '1418', '1704')",1
"('1676', '1434', '1457', '1434', '1777', '1676')",1
"('2156', '2155', '2156')",1
"('2673', '2534', '2673', '2486', '2189', '2673')",1
"('', '', '', '1900')",1
"('1971', '1990', '1971', '1971', '1971')",1
"('1903', '1937', '1903')",1
"('2485', '2500', '2485')",1
"('2070', '2063', '2063', '2062', '2063', '2062', '2063')",1
"('1689', '1441', '1445', '1689')",1
"('1808', '1191')",1
"('2548', '2562', '2548')",1
"('1279', '1238', '1257', '1238', '1279')",1
"('2337', '203', '2337')",1
"('', '2169', '', '')",1
"('2150', '2150', '1840', '1840', '1840', '2150')",1
"('1511', '1776', '1402', '1409', '1511', '2026', '1511')",1
"('2215', '2250', '2215')",1
"('2243', '2495', '2374', '2176', '2014', '2243')",1
"('2552', '2537', '2552')",1
"('1827', '1816', '1827')",1
"('1355', '1346', '1253', '1346', '1355')",1
"('2018', '1996', '2018', '1419', '2018')",1
"('', '', '2117', '', '', '')",1
"('1679', '1681', '1679')",1
"('364', '371', '364', '427', '364')",1
"('2029', '2030', '2029', '2029', '2029', '2001', '2029')",1
"('2418', '2512', '2418', '2304', '2418')",1
"('1911', '1897', '1897', '2140', '1892', '1911')",1
"('2253', '', '2253')",1
"('2150', '2146', '2146', '2150', '2150', '2150')",1
"('2901', '2894', '2901')",1
"('1894', '1938', '1894')",1
"('', '2787', '', '')",1
"('1704', '1412', '1704', '1684', '1704')",1
"('469', '1320', '469')",1
"('2237', '2237', '2237')",1
"('486', '481', '486')",1
"('1529', '1636', '2030', '1529')",1
"('2822', '2901', '2822')",1
"('2355', '2586', '2355', '1636', '2355')",1
"('1529', '1626', '1529', '1585', '1529')",1
"('2003', '2018', '2003')",1
"('1562', '1414', '1562')",1
"('1735', '2254', '1568', '1735', '2181', '1735')",1
"('2252', '2216', '2252')",1
"('2928', '1840', '1840', '2928')",1
"('2863', '2864', '2863')",1
"('2241', '1446', '2241')",1
"('1555', '1465', '1555', '', '1555')",1
"('1539', '1500', '1539')",1
"('1376', '342', '1376', '714', '1376', '465', '465', '463', '1379', '1376')",1
"('475', '453', '475')",1
"('1990', '1985', '1990')",1
"('2548', '', '2548')",1
"('2636', '2651', '2636')",1
"('2119', '2124', '2122', '2116', '2118', '2117', '2114', '2119')",1
"('2315', '2316', '2315')",1
"('2454', '2654')",1
"('2178', '2174', '2178')",1
"('2823', '2131', '2823', '2822', '2916', '2823')",1
"('1513', '1510', '1508')",1
"('1938', '1938', '1938')",1
"('469', '469', '469', '404', '358', '469')",1
"('499', '2030', '499')",1
"('', '1411', '')",1
"('2343', '2378', '2372', '2343')",1
"('2922', '2921', '2922')",1
"('331', '360', '331', '335', '331')",1
"('2187', '', '', '')",1
"('499', '484', '497', '490', '497', '499')",1
"('2382', '1989', '1986', '2382', '2379', '2382', '2381', '2382')",1
"('2150', '2155', '2150')",1
"('2362', '2539')",1
"('2426', '2618', '2623', '2380', '2385', '2380', '2384', '513', '2426')",1
"('2492', '2490', '2492')",1
"('1933', '2099', '2103', '2103', '2103', '2095', '1933')",1
"('2279', '2406', '519', '2619', '2622')",1
"('', '', '', '1414', '')",1
"('2379', '2378', '2317', '2317', '2378', '2379')",1
"('1797', '1801', '1797')",1
"('2182', '2175', '2182')",1
"('2711', '2557', '2711')",1
"('1945', '1945', '2039', '2086', '2090', '1945')",1
"('2094', '1988', '2094', '2117', '2094')",1
"('2188', '2776', '2188', '2187', '2188')",1
"('2772', '2641', '2225', '2772')",1
"('', '2715', '2431', '')",1
"('2163', '2125', '2163', '2110', '1419', '2163')",1
"('2556', '2586', '2556', '2552', '2556')",1
"('2159', '2159', '2159', '1797', '2100', '2150', '1797', '2159')",1
"('1899', '398', '1899')",1
"('1820', '2921', '1820')",1
"('2266', '2283', '2266')",1
"('488', '492', '474', '488', '474', '488')",1
"('2136', '2134', '2136')",1
"('2856', '2141', '2856')",1
"('1521', '1646', '1569', '1646', '1521')",1
"('', '', '2250', '2744', '2247', '2743', '2225', '', '')",1
"('529', '530', '529')",1
"('1258', '1269', '1258')",1
"('1855', '1856', '1855')",1
"('1520', '1526', '1529', '2087', '1520')",1
"('1695', '1788', '1688', '1697', '1695')",1
"('', '', '1460', '')",1
"('2150', '2096', '1487', '2430', '2150')",1
"('2308', '2308', '2294', '2308', '2293', '2308', '2307', '2308', '2308', '', '2308')",1
"('2382', '2395', '2382')",1
"('2379', '2317', '2379')",1
"('2163', '2107', '2163', '2107', '2163')",1
"('462', '', '462')",1
"('2344', '2646', '2740', '2344')",1
"('517', '510', '517')",1
"('1801', '2052', '1801')",1
"('2364', '2374', '2364')",1
"('356', '359', '356')",1
"('', '1473', '1473')",1
"('2016', '1578', '1553', '1578', '2016', '1549', '1475', '2016')",1
"('1658', '1652', '1658')",1
"('2914', '2903', '2822', '2914')",1
"('2647', '2502', '2647')",1
"('2474', '2465', '2474')",1
"('2750', '2752', '2750')",1
"('2467', '2469', '2467')",1
"('2110', '2111', '2110')",1
"('2362', '2362', '2362')",1
"('1691', '1691', '1691')",1
"('1922', '1935', '1922', '1921', '2134', '1919', '1922')",1
"('2006', '2024', '2006')",1
"('2563', '541', '2563')",1
"('2625', '2542', '2625')",1
"('969', '980', '969')",1
"('', '2697', '')",1
"('2870', '2911', '2903', '2909', '2870', '2915', '2870')",1
"('2150', '1840', '2150', '2150', '', '', '2150')",1
"('1553', '1551', '1553')",1
"('', '', '', '1767', '')",1
"('1550', '1438', '1550')",1
"('2223', '1622', '2223')",1
"('1750', '1659', '', '')",1
"('359', '364', '368', '416', '359')",1
"('2315', '2315', '2315', '2315')",1
"('520', '510', '520')",1
"('465', '1899', '465')",1
"('2660', '2205', '2660')",1
"('1227', '1938', '1227', '1318', '1227')",1
"('2547', '2618', '2622', '2547', '2539', '2547')",1
"('535', '518', '535')",1
"('2176', '2182', '2189', '2176')",1
"('2811', '2902', '2920', '2811', '2811', '2920', '2811')",1
"('2150', '2153', '2150')",1
"('', '1456', '')",1
"('2918', '2921', '1900')",1
"('1886', '2316', '1886')",1
"('1499', '1499', '1487', '1499')",1
"('2028', '2107', '2028')",1
"('', '', '2122', '2090', '2122', '', '')",1
"('1565', '1414', '1418', '', '1565')",1
"('1975', '1974', '2063', '1974', '1975')",1
"('2874', '2583', '2874', '2816', '')",1
"('1975', '1899', '2602', '462', '1899', '1866', '1975')",1
"('1366', '1274', '1366', '1365', '1366')",1
"('415', '460', '386', '519', '384', '399', '415', '386', '415')",1
"('499', '2395', '499')",1
"('1057', '1057', '1057', '2288', '1059', '1057')",1
"('2899', '2919', '2899', '2899')",1
"('2680', '2651', '2680')",1
"('1496', '2062', '1496')",1
"('2380', '2317', '2380', '2316', '2316', '2380')",1
"('462', '466', '1371', '1253', '462', '1371', '462', '391', '462')",1
"('969', '1007', '969')",1
"('1377', '1376', '1377')",1
"('', '', '1414', '1440', '', '1585', '1440', '1585')",1
"('1483', '2052', '2041', '1483')",1
"('2834', '2818', '2834')",1
"('1715', '1665', '1715')",1
"('1639', '1624')",1
"('1519', '1624', '1519')",1
"('2583', '2584', '2583')",1
"('2632', '2618', '2618', '2632', '2622', '2632')",1
"('986', '', '986')",1
"('1441', '1469', '1441')",1
"('2806', '2916', '2806')",1
"('2373', '2551', '2552', '2372', '2373')",1
"('2384', '2107', '2099', '2107', '2384')",1
"('1555', '1417', '1555')",1
"('1718', '1527', '1697', '1665', '1718')",1
"('439', '451', '439')",1
"('1065', '1062', '1065', '1054', '1065')",1
"('2499', '2501', '2499', '2498', '2499')",1
"('2630', '2682', '2630')",1
"('', '1414', '', '')",1
"('2151', '1930', '2151', '2132', '2151')",1
"('1262', '1249', '1262')",1
"('1051', '1057', '1051')",1
"('2805', '2805', '2805', '', '2805')",1
"('2896', '2885', '2896')",1
"('1746', '1743', '1746', '1743', '1746')",1
"('', '', '', '1434', '')",1
"('2826', '1827', '1891', '2906', '2826')",1
"('2380', '1436', '1436', '1436', '2380')",1
"('1915', '2135', '1915', '1932', '1915')",1
"('1902', '1937', '1902')",1
"('1527', '', '1527')",1
"('1333', '1336', '1381', '1333')",1
"('2277', '1422', '2277')",1
"('2813', '2822', '2813')",1
"('1519', '1517', '1521', '1519', '1517', '1521', '1622', '1519')",1
"('2361', '2361', '2361', '2361', '2361')",1
"('523', '2618', '523')",1
"('1301', '1304', '1304', '1292', '1301')",1
"('2899', '2921', '2893', '2899')",1
"('1745', '1741', '1745')",1
"('1952', '2094', '1952')",1
"('1292', '1284', '2023', '1266', '1292')",1
"('996', '1010', '2913', '996')",1
"('2364', '2393', '2393', '2393', '2372', '2364')",1
"('2154', '2104', '2154')",1
"('2632', '2024', '2632')",1
"('2808', '2913', '2913', '2899', '2911', '2808')",1
"('2612', '2595', '2612')",1
"('1840', '1840', '1840')",1
"('1065', '1054', '1065')",1
"('475', '472', '475')",1
"('1370', '1274', '1370')",1
"('2519', '2532', '2519')",1
"('2102', '2102', '2102')",1
"('1903', '2119', '2090', '1903')",1
"('535', '411', '535', '522', '535')",1
"('2221', '2189', '2221')",1
"('462', '463', '1336', '463', '462')",1
"('374', '341', '374')",1
"('2341', '1524', '2341')",1
"('2772', '2697', '2772')",1
"('2110', '2139', '2110', '2150', '1944', '2150', '2110')",1
"('1721', '2524', '1721')",1
"('2201', '2591', '2201')",1
"('2489', '2512', '2511', '2489')",1
"('1372', '469', '1372')",1
"('469', '483', '469')",1
"('2040', '2056', '2062', '2040')",1
"('1677', '1691', '1677')",1
"('2190', '1451', '2614', '2190')",1
"('1590', '1454', '1590')",1
"('2298', '2300', '2300', '2298')",1
"('2039', '1467', '1463', '2062', '2062', '2037', '2039')",1
"('2435', '1723', '2435')",1
"('2016', '1526', '2016')",1
"('2622', '2516', '2622', '2516', '2622', '')",1
"('2107', '1461', '1461', '1461', '1462', '1461', '1461', '1461', '2107')",1
"('1346', '1346', '1346')",1
"('1554', '1649', '1554')",1
"('374', '868', '374')",1
"('2830', '2818', '2906', '2905', '2830')",1
"('2136', '1546', '2136')",1
"('2151', '2157', '2122', '2122', '2151')",1
"('1789', '1759', '1789')",1
"('1967', '2069', '1967')",1
"('2759', '2716', '2697', '2716', '2759')",1
"('2727', '2802', '2802', '2727')",1
"('1732', '1722', '1732')",1
"('2283', '2293', '2283')",1
"('2825', '2826', '2826', '2825', '', '2825', '2826', '2826', '2825')",1
"('2136', '1816', '2136', '1921', '2136')",1
"('2927', '', '', '2927')",1
"('1673', '1418', '1673')",1
"('2113', '2114', '2114', '2112', '2113')",1
"('', '1631', '1681', '', '', '')",1
"('1892', '2097', '2093', '2097', '1892')",1
"('1756', '1467', '1756')",1
"('2728', '2742', '2728')",1
"('1489', '2041', '2042', '1489')",1
"('1295', '1301', '1295')",1
"('1530', '1526', '1530')",1
"('1772', '1772', '1772', '1685', '1772')",1
"('', '2057', '')",1
"('1569', '1453', '1583', '1569')",1
"('1923', '1925', '1924', '1923')",1
"('2234', '2316', '2234', '2244', '2234')",1
"('2622', '2501', '2622')",1
"('340', '2085', '340')",1
"('2889', '2888', '2881', '733', '2889', '2885', '2889')",1
"('2769', '2052', '1985', '2052', '2606', '2316', '', '2769')",1
"('2691', '2716', '2691')",1
"('2181', '2745')",1
"('1674', '1598', '1424', '1419', '1598', '1674')",1
"('1859', '1851', '1859')",1
"('1687', '1695', '1687')",1
"('1976', '1976', '1976')",1
"('2583', '2586', '2583')",1
"('2260', '1253', '2260')",1
"('2682', '2737', '2666', '2682')",1
"('1708', '1705', '1708')",1
