epoch,train_contrastive,train_kl,train_loss,train_reconstruction,val_kl,val_loss,val_reconstruction
1.0,0.0,24.186044974760577,73.32330816442317,72.59772673520175,13.619413375854492,66.61166381835938,66.20307922363281
2.0,0.0,19.427534623579547,62.97190631519664,62.389080394398086,23.281402587890625,62.496421813964844,61.79798126220703
3.0,0.0,27.35419797897339,59.920626466924496,59.10000072826039,31.206933975219727,58.68717575073242,57.75096893310547
4.0,0.0,36.33012650229714,56.18038689006459,55.09048366546631,39.49916458129883,54.987144470214844,53.80216979980469
5.0,0.0,42.195335301485926,53.62417654557662,52.35831659490412,44.486026763916016,53.01420593261719,51.67962646484375
6.0,0.0,47.4829795143821,51.57443384690718,50.14994456551292,49.30082702636719,50.571990966796875,49.09296798706055
7.0,0.0,52.364932493730024,49.54178021170876,47.97083247791637,54.10723876953125,48.64239501953125,47.0191764831543
8.0,0.0,56.44610370289195,47.735048120672054,46.041664990511805,57.336151123046875,47.367122650146484,45.647037506103516
9.0,0.0,59.145694732666016,46.382497267289594,44.60812638022683,60.39915466308594,46.44672775268555,44.6347541809082
10.0,0.0,60.59682837399569,45.16939839449796,43.35149357535622,60.86758041381836,45.581356048583984,43.75532913208008
11.0,0.0,60.5491607839411,44.148006265813656,42.33153169805353,59.154579162597656,44.91851043701172,43.14387130737305
12.0,0.0,60.11237257177179,43.04558537223122,41.24221420288086,59.10134506225586,43.97203063964844,42.19898986816406
13.0,0.0,59.91575674577193,42.015609394420274,40.21813678741455,59.21430587768555,43.32950210571289,41.55307388305664
14.0,0.0,59.627592433582656,40.978180625221945,39.18935290249911,58.577518463134766,42.45317840576172,40.69585418701172
15.0,0.0,59.14497678930109,40.0443642356179,38.270015022971414,57.08824157714844,41.850948333740234,40.138301849365234
16.0,0.0,58.65236395055597,39.12525255029852,37.36568173495206,57.256507873535156,41.149147033691406,39.43144989013672
17.0,0.0,58.56203261288729,38.326337640935726,36.569476561112836,56.93867492675781,40.40497589111328,38.696815490722656
18.0,0.0,58.406651583584875,37.50203817540949,35.74983856894753,58.285789489746094,40.137657165527344,38.38908386230469
19.0,0.0,58.303453185341574,36.71104214408181,34.96193859793923,57.580604553222656,39.34829330444336,37.62087631225586
20.0,0.0,57.78442816300826,36.0262428630482,34.29271004416726,57.02138900756836,39.10191345214844,37.391273498535156
21.0,0.0,57.53768825531006,35.32170867919922,33.59557810696688,57.04535675048828,38.712589263916016,37.00122833251953
22.0,0.0,57.23943337527189,35.22790865464644,33.51072549819946,56.625614166259766,38.04766845703125,36.348899841308594
23.0,0.0,57.331169388510965,34.14260335402055,32.42266845703125,56.737030029296875,37.67827224731445,35.97616195678711
24.0,0.0,57.17565415122292,33.47689229791815,31.761622602289375,56.74630355834961,37.35546112060547,35.653072357177734
25.0,0.0,57.066353277726606,32.95538460124623,31.243393941359088,56.47026062011719,36.79203796386719,35.097930908203125
26.0,0.0,56.575032927773215,32.36758279800415,30.670331608165394,55.69374465942383,36.72364044189453,35.05282974243164
27.0,0.0,55.896808884360574,31.803195216438986,30.12629088488492,54.79487228393555,36.12958526611328,34.485740661621094
28.0,0.0,55.517286734147504,31.306222655556418,29.640704024921764,54.59935760498047,35.95446014404297,34.31647872924805
29.0,0.0,55.17188488353383,30.79574090784246,29.140584208748557,54.44338607788086,35.54359436035156,33.91029357910156
30.0,0.0,54.68986719304865,30.36173781481656,28.721041852777656,53.45247268676758,35.1663703918457,33.56279754638672
31.0,0.0,54.58308480002663,29.982921383597635,28.345428986982867,53.886314392089844,35.11528015136719,33.49869155883789
32.0,0.0,54.20370023900812,29.48332691192627,27.857216054742988,54.005775451660156,34.9310188293457,33.31084442138672
33.0,0.0,54.416444691744715,29.16059147227894,27.528098106384277,53.47380447387695,34.424678802490234,32.820465087890625
34.0,0.0,54.17700481414795,28.83207589929754,27.206765738400545,53.503639221191406,34.24061965942383,32.6355094909668
35.0,0.0,54.336579236117274,28.399875337427314,26.769777818159625,54.14240646362305,34.038856506347656,32.41458511352539
36.0,0.0,54.47018337249756,28.062066771767356,26.42796130613847,53.648868560791016,33.87744140625,32.267974853515625
37.0,0.0,54.185352152044125,27.644576332785867,26.019015832380816,53.20556640625,33.69336700439453,32.097198486328125
38.0,0.0,53.97684530778365,27.337696248834785,25.718391028317537,53.08767318725586,33.379032135009766,31.78640365600586
39.0,0.0,53.807235891168766,26.978688976981424,25.36447204243053,53.04555892944336,33.24066162109375,31.649295806884766
40.0,0.0,53.429055734114215,26.68650531768799,25.08363368294456,52.91017150878906,32.942298889160156,31.354995727539062
41.0,0.0,53.030789375305176,26.259878158569336,24.668954589150168,52.51822280883789,32.784732818603516,31.209184646606445
42.0,0.0,52.67004091089422,25.935895919799805,24.355794603174385,51.55659866333008,32.64087677001953,31.094179153442383
43.0,0.0,52.41903287714178,25.676652041348543,24.104081240567293,51.969947814941406,32.4830322265625,30.923934936523438
44.0,0.0,52.34251247752797,25.39713647148826,23.826861078088935,51.761478424072266,32.19260787963867,30.63976287841797
45.0,0.0,52.089214671741836,25.065105394883588,23.502428921786223,51.52709197998047,32.1252326965332,30.579418182373047
46.0,0.0,52.136515617370605,24.77635687047785,23.212261373346504,51.73514938354492,31.957706451416016,30.405651092529297
47.0,0.0,52.057394461198285,24.499873248013582,22.9381516196511,51.60791015625,31.76984977722168,30.22161293029785
48.0,0.0,51.987664916298606,24.283918380737305,22.724288593639027,51.72149658203125,31.636219024658203,30.08457374572754
49.0,0.0,51.87660260633989,24.002539894797586,22.446241985667836,51.40007781982422,31.471464157104492,29.929462432861328
50.0,0.0,51.81019835038619,23.74526275287975,22.190956939350475,51.28321075439453,31.319448471069336,29.78095245361328
51.0,0.0,51.610055056485265,23.543072440407492,21.994770700281318,50.747047424316406,31.165311813354492,29.642900466918945
52.0,0.0,51.592793291265316,23.260360674424604,21.712576909498736,51.41773223876953,31.099308013916016,29.55677604675293
53.0,0.0,51.513062477111816,23.053992401469838,21.508600538427178,51.20366668701172,30.994037628173828,29.457927703857422
54.0,0.0,51.467656569047406,22.751802097667348,21.20777242833918,51.04822540283203,30.706680297851562,29.175233840942383
55.0,0.0,51.339805603027344,22.51698329231956,20.97678904099898,51.00180435180664,30.63909149169922,29.109037399291992
56.0,0.0,51.41707645763051,22.335238933563232,20.79272677681663,50.640533447265625,30.40155792236328,28.882341384887695
57.0,0.0,51.337983738292344,22.11612983183427,20.575990416786887,51.037986755371094,30.294065475463867,28.76292610168457
58.0,0.0,51.336818348277696,21.850212357260965,20.31010779467496,51.00224304199219,30.16227149963379,28.632204055786133
59.0,0.0,51.2059930454601,21.596520944075152,20.060341141440652,50.697792053222656,29.938745498657227,28.41781234741211
60.0,0.0,51.42341856522994,21.34308082407171,19.800378409298983,50.6282844543457,29.816791534423828,28.297943115234375
61.0,0.0,51.308640306646176,21.1932148066434,19.65395563299006,50.859619140625,29.75296401977539,28.227174758911133
62.0,0.0,51.407167347994715,20.99493546919389,19.45272042534568,50.96552276611328,29.59774398803711,28.06877899169922
63.0,0.0,51.34693197770552,20.766858447681773,19.226450529965486,50.74676513671875,29.53957176208496,28.017168045043945
64.0,0.0,51.258505907925695,20.532865784384988,18.995110641826283,50.622684478759766,29.339630126953125,27.82094955444336
65.0,0.0,51.22914210232821,20.425085067749023,18.888210903514516,51.15980529785156,29.35125160217285,27.816457748413086
66.0,0.0,51.31852436065674,20.26055214621804,18.720996509898793,51.0001335144043,29.14295196533203,27.612947463989258
67.0,0.0,51.275978955355555,20.022351915186103,18.4840725551952,50.82476806640625,29.072219848632812,27.54747772216797
68.0,0.0,51.325369748202235,19.84525832262906,18.30549716949463,51.1163330078125,28.957151412963867,27.423662185668945
69.0,0.0,51.318547075445004,19.623512268066406,18.083955764770508,50.84246063232422,28.869028091430664,27.343753814697266
70.0,0.0,51.31351184844971,19.50521573153409,17.96581047231501,51.164886474609375,28.83277702331543,27.29783058166504
71.0,0.0,51.33586389368231,19.377074675126508,17.836998852816496,50.89267349243164,28.778953552246094,27.252174377441406
72.0,0.0,51.18277801166881,19.17835062200373,17.642867261713203,50.91097640991211,28.677824020385742,27.150495529174805
73.0,0.0,51.181073448874734,19.01525241678411,17.47982020811601,51.040855407714844,28.57951545715332,27.048290252685547
74.0,0.0,51.2178597016768,18.86725798520175,17.3307222886519,50.894805908203125,28.500911712646484,26.97406768798828
75.0,0.0,51.129127502441406,18.694598154588178,17.160724293101918,50.91060256958008,28.46277618408203,26.935457229614258
76.0,0.0,51.02391294999556,18.57792936671864,17.04721212387085,50.740169525146484,28.240381240844727,26.718175888061523
77.0,0.0,50.68385410308838,18.403647075999867,16.88313154740767,50.294532775878906,28.299692153930664,26.790855407714844
78.0,0.0,50.48583264784379,18.222317175431684,16.707742300900545,50.06228256225586,28.132266998291016,26.63039779663086
79.0,0.0,50.32916970686479,18.096032576127485,16.586157473650847,49.74493408203125,28.039718627929688,26.54737091064453
80.0,0.0,50.167308200489394,17.94506697221236,16.440047697587445,49.7464714050293,28.043779373168945,26.5513858795166
81.0,0.0,49.981625296852805,17.764794306321576,16.26534553007646,49.43271255493164,27.828311920166016,26.3453311920166
82.0,0.0,49.95628400282426,17.614949009635232,16.116260615262117,49.523868560791016,27.811172485351562,26.325456619262695
83.0,0.0,49.949885628440164,17.51409456946633,16.015598037026145,49.53024673461914,27.684661865234375,26.198755264282227
84.0,0.0,50.072867220098324,17.380551771684125,15.87836590680209,49.82194137573242,27.756196975708008,26.261539459228516
85.0,0.0,49.912769230929285,17.214895855296742,15.717512780969793,49.610740661621094,27.677547454833984,26.189226150512695
86.0,0.0,50.00780218297785,17.15855836868286,15.658324415033514,49.73231506347656,27.686561584472656,26.194591522216797
87.0,0.0,50.04243157126687,17.024471152912486,15.523198041048916,49.591514587402344,27.5835018157959,26.09575653076172
88.0,0.0,49.89367372339422,16.890484398061577,15.393674286929043,49.74364471435547,27.66303253173828,26.17072296142578
89.0,0.0,49.922818964177914,16.7595598264174,15.261875260959972,49.5474967956543,27.426132202148438,25.939706802368164
90.0,0.0,49.97699338739569,16.70250851457769,15.203198844736272,50.06077194213867,27.493005752563477,25.991182327270508
91.0,0.0,50.0183649930087,16.531599153171886,15.031048276207663,49.831329345703125,27.36908531188965,25.8741455078125
92.0,0.0,50.023710077459164,16.4455397345803,14.944828445261175,49.96434020996094,27.356243133544922,25.85731315612793
93.0,0.0,49.940157716924496,16.34891334446994,14.850708636370571,49.850608825683594,27.356277465820312,25.860759735107422
94.0,0.0,49.980107914317735,16.262390461834993,14.762987223538486,49.893959045410156,27.199167251586914,25.702348709106445
95.0,0.0,49.93476113406095,16.12084098295732,14.62279818274758,49.58974075317383,27.22873878479004,25.741046905517578
96.0,0.0,50.01039574363015,16.035172722556375,14.534860892729325,49.70512008666992,27.16417121887207,25.673017501831055
97.0,0.0,49.90173062411222,15.89249155738137,14.395439624786377,49.79111862182617,27.124753952026367,25.631019592285156
98.0,0.0,49.8836274580522,15.772057143124668,14.2755483714017,49.617584228515625,27.034950256347656,25.546422958374023
99.0,0.0,49.834060582247645,15.666726697574962,14.17170489918102,49.65910339355469,27.010677337646484,25.520904541015625
100.0,0.0,49.64164022965865,15.58698186007413,14.097732717340643,49.290855407714844,26.909337997436523,25.430612564086914
101.0,0.0,49.73933280598033,15.567369504408402,14.07518954710527,49.7019157409668,26.889999389648438,25.398942947387695
102.0,0.0,49.633081609552555,15.409033125097102,13.920040780847723,49.461734771728516,26.841188430786133,25.357336044311523
103.0,0.0,49.63485882499001,15.323842373761265,13.834796580401333,49.32691955566406,26.773109436035156,25.293302536010742
104.0,0.0,49.45058813962069,15.210003657774491,13.726486032659357,49.387847900390625,26.794898986816406,25.313262939453125
105.0,0.0,49.3200477253307,15.111743385141546,13.632142001932317,49.161617279052734,26.819067001342773,25.344219207763672
106.0,0.0,49.42562424052846,15.046404990282925,13.563636216250332,49.15486145019531,26.798616409301758,25.323970794677734
107.0,0.0,49.192706714976914,14.906430092724888,13.430648998780685,49.01772689819336,26.681676864624023,25.211145401000977
108.0,0.0,49.26477241516113,14.825268983840942,13.347325801849365,49.013572692871094,26.70583152770996,25.235424041748047
109.0,0.0,49.34740023179488,14.759572982788086,13.279150984504007,49.09931182861328,26.649377822875977,25.17639923095703
110.0,0.0,49.249327572909266,14.645864291624589,13.168384486978704,48.91452407836914,26.647968292236328,25.180532455444336
111.0,0.0,49.2003211108121,14.543025450272994,13.067015886306763,48.94088363647461,26.708587646484375,25.240360260009766
112.0,0.0,49.38493078405207,14.542686505751176,13.061138673262162,49.251319885253906,26.599414825439453,25.121875762939453
113.0,0.0,49.34883247722279,14.472853942350907,12.992389007048173,48.861820220947266,26.576190948486328,25.110336303710938
114.0,0.0,49.35551305250688,14.379728772423483,12.899063370444559,49.28179931640625,26.479524612426758,25.001070022583008
115.0,0.0,49.31139425797896,14.28955975445834,12.810217922384089,49.1912727355957,26.538557052612305,25.06281852722168
116.0,0.0,49.39235227758234,14.238537051460959,12.756766405972568,49.50135803222656,26.53313636779785,25.048095703125
117.0,0.0,49.40033323114569,14.145089799707586,12.663079890337857,49.16462707519531,26.563623428344727,25.08868408203125
118.0,0.0,49.382311300797895,14.080140568993308,12.598671241240067,49.09775924682617,26.49028778076172,25.01735496520996
119.0,0.0,49.393691236322574,13.986027240753174,12.504216584292324,49.426910400390625,26.46834945678711,24.98554229736328
120.0,0.0,49.37518301877108,13.953456206755204,12.47220078381625,49.05683517456055,26.411808013916016,24.94010353088379
121.0,0.0,49.29901747270064,13.891936215487393,12.412965709512884,49.0917854309082,26.41397476196289,24.941221237182617
122.0,0.0,49.41819269006903,13.85768747329712,12.375141685659235,49.61497497558594,26.382171630859375,24.893722534179688
123.0,0.0,49.46139751781117,13.759265054355968,12.275423179973256,49.2724494934082,26.360490798950195,24.88231658935547
124.0,0.0,49.444704575972125,13.678322878750889,12.194981770081954,49.003482818603516,26.320154190063477,24.85004997253418
125.0,0.0,49.47196379574862,13.593426877802068,12.109268058430064,49.10579299926758,26.269380569458008,24.796207427978516
126.0,0.0,49.463060639121316,13.546156709844416,12.062264897606589,49.025657653808594,26.292287826538086,24.821517944335938
127.0,0.0,49.44469304518266,13.502093076705933,12.018752379850907,49.28966522216797,26.253570556640625,24.77488136291504
128.0,0.0,49.439974004572086,13.395075342871927,11.911876093257558,49.496192932128906,26.270557403564453,24.78567123413086
129.0,0.0,49.55240041559393,13.362984223799272,11.876412174918435,49.26140594482422,26.151824951171875,24.673982620239258
130.0,0.0,49.519244714216754,13.354775168678977,11.869197867133401,49.73078536987305,26.271665573120117,24.779741287231445
131.0,0.0,49.56122259660201,13.253448768095536,11.766612139615146,49.253517150878906,26.28668212890625,24.8090763092041
132.0,0.0,49.548701373013586,13.16651795127175,11.680057005448775,49.298736572265625,26.20402717590332,24.725065231323242
133.0,0.0,49.53421133214777,13.155134677886963,11.669108347459273,49.532161712646484,26.24736785888672,24.761404037475586
134.0,0.0,49.52267091924494,13.031934543089433,11.546254353089767,49.368064880371094,26.321556091308594,24.84051513671875
135.0,0.0,49.482960961081766,12.953714023936879,11.469225189902566,49.37363052368164,26.093599319458008,24.612390518188477
136.0,0.0,49.72995948791504,12.94467678937045,11.452777992595326,49.660396575927734,26.11994171142578,24.630130767822266
137.0,0.0,49.462718356739394,12.843742782419378,11.35986135222695,49.37177276611328,26.10515594482422,24.62400245666504
138.0,0.0,49.68729149211537,12.840255628932606,11.349636879834263,49.324127197265625,26.079498291015625,24.599775314331055
139.0,0.0,49.503699042580344,12.740148826078935,11.255037892948497,49.154563903808594,26.102294921875,24.62765884399414
140.0,0.0,49.44987817244096,12.669445623051036,11.185949282212691,49.186824798583984,26.127660751342773,24.652055740356445
141.0,0.0,49.576228922063656,12.70198544588956,11.21469859643416,49.69117736816406,26.068513870239258,24.577777862548828
142.0,0.0,49.61160538413308,12.58403195034374,11.09568376974626,49.656463623046875,26.050622940063477,24.560928344726562
143.0,0.0,49.52276307886297,12.524262796748769,11.038579919121482,49.63272476196289,26.173564910888672,24.68458366394043
144.0,0.0,49.61981851404364,12.475720578973943,10.987126003612172,49.494014739990234,26.200088500976562,24.715267181396484
145.0,0.0,49.59409375624223,12.42273980920965,10.934917038137263,49.311607360839844,26.056888580322266,24.57754135131836
146.0,0.0,49.678166909651324,12.407062205401333,10.916717247529464,49.61971664428711,26.07408905029297,24.58549690246582
147.0,0.0,49.63833141326904,12.342839999632401,10.853690017353404,49.26570129394531,26.14446258544922,24.666492462158203
148.0,0.0,49.60702453960072,12.287349527532404,10.799138806082986,49.487335205078125,26.060169219970703,24.575550079345703
149.0,0.0,49.5518778887662,12.220252839001743,10.733696395700628,49.605525970458984,26.07105255126953,24.582887649536133
150.0,0.0,49.640520095825195,12.185091929002242,10.695876381613992,49.75785446166992,26.112810134887695,24.620075225830078
151.0,0.0,49.68876673958518,12.170442667874424,10.679779637943614,49.278289794921875,26.10588264465332,24.627534866333008
152.0,0.0,49.58234266801314,12.07833667234941,10.590866392309016,49.4788703918457,26.099319458007812,24.614953994750977
153.0,0.0,49.609060981056906,12.031910527836192,10.543638706207275,49.803531646728516,26.13968276977539,24.64557647705078
154.0,0.0,49.67296080155806,11.996388153596358,10.506199359893799,49.46126937866211,26.068687438964844,24.584848403930664
155.0,0.0,49.58502613414418,11.968706412748856,10.481155612251975,49.50688552856445,25.979434967041016,24.49422836303711
156.0,0.0,49.60966222936457,11.864798069000244,10.37650821425698,49.66299819946289,25.99349594116211,24.50360679626465
157.0,0.0,49.52616864984686,11.862954486500133,10.377169479023326,49.27727508544922,26.00611114501953,24.527793884277344
158.0,0.0,49.60929567163641,11.786448673768477,10.298169807954269,49.6180419921875,26.10527992248535,24.61673927307129
159.0,0.0,49.67069790580056,11.731773203069514,10.241652336987583,49.52888870239258,26.07420539855957,24.58833885192871
160.0,0.0,49.565074313770644,11.720569827339865,10.233617587523026,49.55625534057617,26.072162628173828,24.585474014282227
161.0,0.0,49.61554379896684,11.884053447029807,10.395587119189175,49.15562438964844,25.992721557617188,24.51805305480957
162.0,0.0,49.55470007116144,11.613656130704014,10.12701509215615,49.508399963378906,26.0026798248291,24.517427444458008
163.0,0.0,49.5506425337358,11.589237018065019,10.10271778973666,49.10324478149414,25.9998779296875,24.52678108215332
164.0,0.0,49.61828734657981,11.543879920786077,10.05533131686124,49.53901290893555,26.04922103881836,24.563051223754883
165.0,0.0,49.648409670049496,11.52181753245267,10.032365278764205,49.559600830078125,26.124637603759766,24.637849807739258
166.0,0.0,49.580638365312055,11.507416356693614,10.019997184926813,49.676910400390625,26.005657196044922,24.515350341796875
167.0,0.0,49.60304008830678,11.420103918422353,9.932012731378729,49.34477233886719,25.959444046020508,24.479101181030273
168.0,0.0,49.59091411937367,11.399353504180908,9.911626122214578,49.451725006103516,26.000499725341797,24.516948699951172
169.0,0.0,49.50705458901145,11.34566662528298,9.860454992814498,49.54926300048828,26.032825469970703,24.546348571777344
170.0,0.0,49.52457904815674,11.33374617316506,9.848008719357578,49.469032287597656,25.9039306640625,24.419858932495117
171.0,0.0,49.566149018027566,11.301653298464688,9.814668828790838,49.27031326293945,26.188705444335938,24.710596084594727
172.0,0.0,49.60533948378129,11.274560581554066,9.786400383169001,49.46842575073242,26.07083511352539,24.586782455444336
173.0,0.0,49.5822642066262,11.225358356129039,9.737890460274436,49.35639572143555,25.960935592651367,24.480243682861328
174.0,0.0,49.48816533522172,11.168366345492275,9.683721499009566,48.94331741333008,25.935304641723633,24.467004776000977
175.0,0.0,49.45990293676203,11.129769520326095,9.64597242528742,49.62127685546875,25.99581527709961,24.507177352905273
176.0,0.0,49.35742066123269,11.058091878890991,9.577369343150746,49.52094268798828,25.954111099243164,24.468482971191406
177.0,0.0,49.43595027923584,11.021245219490744,9.538166631351817,49.307289123535156,25.936664581298828,24.45744514465332
178.0,0.0,49.43633469668302,11.006583907387473,9.523493896831166,49.219417572021484,25.970687866210938,24.49410629272461
179.0,0.0,49.380125219171696,10.991244381124323,9.509840640154751,49.28030014038086,25.98670196533203,24.50829315185547
180.0,0.0,49.277697649869054,10.891749512065541,9.41341850974343,49.15913772583008,25.964969635009766,24.490196228027344
181.0,0.0,49.217459591952235,10.865693612532182,9.38916977969083,49.10520553588867,26.037338256835938,24.56418228149414
182.0,0.0,49.1614388552579,10.888120651245117,9.413277539339932,49.384315490722656,25.929092407226562,24.44756317138672
183.0,0.0,49.24350287697532,10.811682939529419,9.334377874027599,49.44380187988281,26.023160934448242,24.539846420288086
184.0,0.0,49.09862578998912,10.747742782939564,9.2747840014371,49.15715408325195,25.934551239013672,24.459836959838867
185.0,0.0,49.10101249001243,10.778231339021163,9.305200966921719,49.10952377319336,26.0084171295166,24.535131454467773
186.0,0.0,49.03083549846303,10.71496267752214,9.244037584824996,48.77177047729492,26.051326751708984,24.588172912597656
187.0,0.0,48.83331108093262,10.694198565049605,9.229199236089533,48.88103485107422,26.11604118347168,24.64961051940918
188.0,0.0,48.950318423184484,10.651999560269443,9.183490016243674,48.89445495605469,26.037906646728516,24.571073532104492
189.0,0.0,48.71912097930908,10.585691647096114,9.124118024652654,48.62479019165039,26.019216537475586,24.56047248840332
190.0,0.0,48.647540525956586,10.538501631129872,9.07907544482838,48.470481872558594,25.997652053833008,24.543537139892578
191.0,0.0,48.61719825051048,10.575478358702226,9.116962432861328,48.395931243896484,25.9450740814209,24.493196487426758
192.0,0.0,48.51780319213867,10.490864992141724,9.035330945795232,48.6041145324707,26.119274139404297,24.661149978637695
193.0,0.0,48.4820745641535,10.485544356432827,9.031082131645896,48.133216857910156,25.969581604003906,24.525585174560547
194.0,0.0,48.308073564009234,10.428704912012273,8.979462796991522,48.34400939941406,25.958728790283203,24.50840950012207
195.0,0.0,48.34625972401012,10.420163371346213,8.969775590029629,48.07207107543945,25.88988494873047,24.447723388671875
196.0,0.0,48.317054921930485,10.348261941562999,8.89875026182695,48.12147903442383,25.960662841796875,24.517019271850586
197.0,0.0,48.26450625332919,10.30161300572482,8.853677879680287,47.9155158996582,26.015439987182617,24.577974319458008
198.0,0.0,48.242666417902164,10.30702718821439,8.859747171401978,48.35363006591797,25.974567413330078,24.523958206176758
199.0,0.0,48.252647313204676,10.269203467802567,8.821624062278055,48.20486831665039,25.96146583557129,24.51531982421875
200.0,0.0,48.21722282062877,10.228120543740012,8.781603856520219,48.6214714050293,25.978151321411133,24.519506454467773
201.0,0.0,48.20966573195024,10.2291016145186,8.782811663367532,48.139366149902344,26.051740646362305,24.607559204101562
202.0,0.0,48.12690110640092,10.162008849057285,8.718201832337813,48.1380615234375,25.90411376953125,24.459972381591797
203.0,0.0,48.12391307137229,10.153963674198497,8.710246281190352,48.08271408081055,25.958480834960938,24.51599884033203
204.0,0.0,47.96338540857489,10.112377578561956,8.673476002433084,47.86045837402344,26.0574893951416,24.621675491333008
205.0,0.0,47.93918219479647,10.014726877212524,8.576551415703513,47.87503433227539,26.005796432495117,24.56954574584961
206.0,0.0,47.82308023626154,10.063208666714756,8.628516305576671,47.95186996459961,26.06709861755371,24.628541946411133
207.0,0.0,47.6400877345692,9.997103582728993,8.56790087439797,47.69056701660156,25.998626708984375,24.567909240722656
208.0,0.0,47.762670343572445,10.017286669124257,8.58440654928034,47.94906997680664,26.028358459472656,24.589885711669922
209.0,0.0,47.71110950816762,9.983775854110718,8.552442507310348,47.78596878051758,26.042367935180664,24.608789443969727
210.0,0.0,47.53893704847856,9.92131874778054,8.495150674473155,47.396732330322266,26.004924774169922,24.583023071289062
211.0,0.0,47.54440706426447,9.889823219992898,8.463491028005427,47.61769104003906,26.07270050048828,24.644168853759766
212.0,0.0,47.48468295010653,9.89596059105613,8.471420168876648,47.21884536743164,26.03766632080078,24.62110137939453
213.0,0.0,47.46698717637496,9.838353265415538,8.414343682202427,47.39217758178711,25.999874114990234,24.578109741210938
214.0,0.0,47.43456823175604,9.805016799406571,8.381979725577615,47.64329528808594,25.99146842956543,24.562170028686523
215.0,0.0,47.446406624533914,9.790874784643,8.367482597177679,47.422279357910156,26.068195343017578,24.645526885986328
216.0,0.0,47.54149133508856,9.805807568810202,8.379562865604054,47.55644607543945,25.998455047607422,24.571762084960938
217.0,0.0,47.42308816042814,9.707358381964944,8.284665714610707,47.269893646240234,26.079286575317383,24.661190032958984
218.0,0.0,47.332914959300645,9.656786268407648,8.236798839135604,46.876075744628906,26.081829071044922,24.675546646118164
219.0,0.0,47.26439033855092,9.64389157295227,8.225959918715738,47.4561653137207,26.146329879760742,24.722644805908203
220.0,0.0,47.46177864074707,9.687940099022605,8.264086745002054,47.19084167480469,26.097183227539062,24.68145751953125
221.0,0.0,47.32378404790705,9.621608582409946,8.201895117759705,47.686832427978516,26.011051177978516,24.580446243286133
222.0,0.0,47.326618454673074,9.577236500653354,8.15743794224479,47.559627532958984,26.23009490966797,24.803306579589844
223.0,0.0,47.460610909895465,9.61361796205694,8.189799709753556,47.58123779296875,26.05706024169922,24.629623413085938
224.0,0.0,47.428460121154785,9.577563155781139,8.154709317467429,47.28684997558594,26.0355167388916,24.616910934448242
225.0,0.0,47.345603942871094,9.491260940378362,8.070892843333157,47.28887939453125,26.044240951538086,24.625574111938477
226.0,0.0,47.319621259515934,9.479609641161831,8.06002093445171,47.13863754272461,26.012813568115234,24.59865379333496
227.0,0.0,47.437172022732824,9.514732165770097,8.091617042368108,47.6195182800293,26.11063575744629,24.682050704956055
228.0,0.0,47.495910384438254,9.478897679935802,8.054020328955216,47.06618118286133,26.031864166259766,24.6198787689209
229.0,0.0,47.37472594868053,9.49253808368336,8.07129641012712,47.38862991333008,26.024206161499023,24.60254669189453
230.0,0.0,47.41878812963312,9.426388935609298,8.003825285217978,47.4060173034668,26.212190628051758,24.790010452270508
231.0,0.0,47.49027945778587,9.396626060659235,7.9719177376140244,47.33576202392578,26.070539474487305,24.650466918945312
232.0,0.0,47.32747962258079,9.356010588732632,7.936186270280317,47.10201644897461,26.20921516418457,24.796154022216797
233.0,0.0,47.47743251106956,9.35714316368103,7.932820244268938,46.985591888427734,26.222238540649414,24.812671661376953
234.0,0.0,47.41489705172452,9.308906880292026,7.886460065841675,47.514102935791016,26.14402961730957,24.71860694885254
235.0,0.0,47.36920296062123,9.289057146419179,7.867981043728915,47.459285736083984,26.091501235961914,24.667722702026367
236.0,0.0,47.431913202459164,9.270411989905618,7.847454580393705,47.4569091796875,26.171640396118164,24.74793243408203
237.0,0.0,47.466815514998004,9.279578122225674,7.855573654174805,47.37528610229492,26.240001678466797,24.818742752075195
238.0,0.0,47.45703142339533,9.245643442327326,7.821932532570579,47.58040237426758,26.17403221130371,24.746620178222656
239.0,0.0,47.43241154063832,9.210829106244175,7.78785677389665,47.363704681396484,26.097579956054688,24.676668167114258
240.0,0.0,47.30238411643288,9.152918252077969,7.7338467619635844,47.14979934692383,26.12457847595215,24.710084915161133
241.0,0.0,47.41746408289129,9.157720522447066,7.7351966879584575,47.30946731567383,26.159778594970703,24.740493774414062
242.0,0.0,47.40861892700195,9.17309418591586,7.750835657119751,47.48708724975586,26.127119064331055,24.70250701904297
243.0,0.0,47.534438219937414,9.178203821182251,7.752170714465055,47.67739486694336,26.120349884033203,24.690027236938477
244.0,0.0,47.444311055270106,9.107807137749411,7.684477827765725,47.43346405029297,26.070621490478516,24.64761734008789
245.0,0.0,47.50703577561812,9.072183847427368,7.646972807970914,47.47068786621094,26.21047019958496,24.78635025024414
246.0,0.0,47.414245171980426,9.05835071477023,7.635923396457326,47.634056091308594,26.25145721435547,24.82243537902832
247.0,0.0,47.367354826493695,9.043536923148416,7.622516252777793,47.0675163269043,26.146800994873047,24.73477554321289
248.0,0.0,47.30157886851918,8.979677287015049,7.560629985549233,47.35359573364258,26.190492630004883,24.76988410949707
249.0,0.0,47.470138203014024,9.006221684542568,7.582117503339594,47.6453857421875,26.2471981048584,24.81783676147461
250.0,0.0,47.5323712609031,9.00441533868963,7.5784442533146255,47.33430862426758,26.19809913635254,24.7780704498291
251.0,0.0,47.477333068847656,8.982304052873092,7.557984081181613,47.443790435791016,26.155349731445312,24.732036590576172
252.0,0.0,47.38732051849365,8.938907753337514,7.517288175496188,47.28013229370117,26.22035789489746,24.80195426940918
253.0,0.0,47.46720600128174,8.94260304624384,7.51858686317097,47.67866897583008,26.26592445373535,24.83556365966797
254.0,0.0,47.57460256056352,8.936661200089889,7.50942320173437,47.37933349609375,26.363811492919922,24.942432403564453
255.0,0.0,47.38408435474742,8.865635893561624,7.444113373756409,47.47914123535156,26.304370880126953,24.87999725341797
256.0,0.0,47.54837313565341,8.881806720386852,7.455355568365618,47.45848083496094,26.273927688598633,24.850173950195312
257.0,0.0,47.50373380834406,8.871159293434836,7.446047327735207,47.71086883544922,26.2402286529541,24.808902740478516
258.0,0.0,47.51643588326194,8.857117479497736,7.431624455885454,47.31943130493164,26.334848403930664,24.915266036987305
259.0,0.0,47.47055660594594,8.839872511950405,7.415755770423195,47.69377517700195,26.412776947021484,24.981964111328125
260.0,0.0,47.44233937696977,8.820053469051015,7.396783384409818,47.58611297607422,26.28964614868164,24.862062454223633
261.0,0.0,47.55233175104315,8.781386808915572,7.354816859418696,47.51051330566406,26.31395149230957,24.888635635375977
262.0,0.0,47.55449875918302,8.76133942604065,7.334704464132136,47.39109802246094,26.325519561767578,24.903785705566406
263.0,0.0,47.50660168040883,8.761446714401245,7.336248712106184,47.348876953125,26.342445373535156,24.921979904174805
264.0,0.0,47.49973479184237,8.728621461174704,7.303629485043612,47.35591506958008,26.34801483154297,24.927337646484375
265.0,0.0,47.49134063720703,8.718630097129129,7.293889836831526,47.67170333862305,26.25126838684082,24.821117401123047
266.0,0.0,47.416720390319824,8.671339251778342,7.248837698589671,47.30841064453125,26.357141494750977,24.937889099121094
267.0,0.0,47.37421365217729,8.661549784920432,7.240323435176503,47.34210205078125,26.381521224975586,24.961257934570312
268.0,0.0,47.323159824718125,8.616994641043924,7.197299816391685,47.26972198486328,26.412952423095703,24.994861602783203
269.0,0.0,47.480008905584164,8.629883267662741,7.205483057282188,47.317989349365234,26.414560317993164,24.995019912719727
270.0,0.0,47.49245869029652,8.641342986713756,7.2165691960941665,47.3629035949707,26.333528518676758,24.912641525268555
271.0,0.0,47.54851549321955,8.579872391440652,7.153417002071034,47.579193115234375,26.313142776489258,24.885766983032227
272.0,0.0,47.52544264359908,8.605621229518544,7.179858001795682,47.53197479248047,26.373180389404297,24.947221755981445
273.0,0.0,47.552143877202816,8.570789033716375,7.144224773753773,47.55976867675781,26.505094528198242,25.07830238342285
274.0,0.0,47.50384174693715,8.547448548403652,7.122333244843916,47.45098114013672,26.547683715820312,25.124155044555664
275.0,0.0,47.54433675245805,8.628955017436635,7.202624895355918,47.523597717285156,26.375333786010742,24.94962501525879
276.0,0.0,47.57134775681929,8.558238137852062,7.1310977068814365,47.8504524230957,26.521163940429688,25.085651397705078
277.0,0.0,47.47760503942316,8.471976778723977,7.047648689963601,47.352779388427734,26.377840042114258,24.957256317138672
278.0,0.0,47.50266898762096,8.507919766686179,7.082839759913358,47.762577056884766,26.398849487304688,24.965972900390625
279.0,0.0,47.59248352050781,8.448434547944503,7.020660096948797,47.79189682006836,26.474567413330078,25.040809631347656
280.0,0.0,47.50152926011519,8.439339724454014,7.01429388739846,47.38083267211914,26.46063232421875,25.039207458496094
281.0,0.0,47.49421830610795,8.38615083694458,6.961324344981801,47.144134521484375,26.31591796875,24.901594161987305
282.0,0.0,47.41363542730158,8.39932370185852,6.976914622566917,47.64814758300781,26.417917251586914,24.98847198486328
283.0,0.0,47.61201607097279,8.43275750767101,7.00439698045904,47.77141189575195,26.469161987304688,25.036020278930664
284.0,0.0,47.50222197445956,8.36416727846319,6.939100623130798,47.46091842651367,26.47553253173828,25.05170440673828
285.0,0.0,47.46453666687012,8.351493510332974,6.927557446739891,47.42362976074219,26.47466278076172,25.05195426940918
286.0,0.0,47.49284198067405,8.377011255784469,6.952225988561457,47.466217041015625,26.407190322875977,24.983203887939453
287.0,0.0,47.47179282795299,8.329646966674112,6.905493226918307,47.550777435302734,26.478670120239258,25.052146911621094
288.0,0.0,47.52512333609841,8.355022051117636,6.9292683601379395,47.55089569091797,26.397323608398438,24.970796585083008
289.0,0.0,47.42609839005904,8.29412882978266,6.871345866810191,47.60841751098633,26.438631057739258,25.010377883911133
290.0,0.0,47.56637807325883,8.433196869763462,7.0062055587768555,47.67486572265625,26.73746681213379,25.307220458984375
291.0,0.0,47.60227316076105,8.330640814521097,6.9025726318359375,47.57445526123047,26.446643829345703,25.019411087036133
292.0,0.0,47.59177736802535,8.282416126944803,6.854662797667763,47.69277572631836,26.725250244140625,25.29446792602539
293.0,0.0,47.56983947753906,8.27055363221602,6.843458479101008,47.572818756103516,26.50259017944336,25.07540512084961
294.0,0.0,47.631986444646664,8.260472579435868,6.831512938846242,47.39019775390625,26.517147064208984,25.095441818237305
295.0,0.0,47.55238220908425,8.259178215807134,6.832606727426702,47.52741622924805,26.59105682373047,25.165233612060547
296.0,0.0,47.57764452153986,8.241879224777222,6.814549890431491,47.526390075683594,26.61139488220215,25.185604095458984
297.0,0.0,47.67205446416681,8.222485293041576,6.792323751883074,47.673011779785156,26.60782241821289,25.177631378173828
298.0,0.0,47.65108437971635,8.216477838429538,6.786945343017578,47.595401763916016,26.630905151367188,25.20304298400879
299.0,0.0,47.611909259449355,8.174631443890659,6.746274189515547,47.41871643066406,26.611141204833984,25.188579559326172
300.0,0.0,47.61448652094061,8.198300470005382,6.769865935499018,47.54080581665039,26.73778533935547,25.311561584472656
301.0,0.0,47.55223135514693,8.16033661365509,6.733769731088118,47.40241241455078,26.59293556213379,25.17086410522461
302.0,0.0,47.56337486613881,8.137176210230047,6.710274945605885,47.3375244140625,26.61644744873047,25.196321487426758
303.0,0.0,47.494597001509234,8.103582739830017,6.6787448146126485,47.366615295410156,26.749908447265625,25.32891082763672
304.0,0.0,47.67140275781805,8.148492921482433,6.718350822275335,47.425376892089844,26.664287567138672,25.241525650024414
305.0,0.0,47.572790839455344,8.13229128447446,6.705107613043352,47.35873794555664,26.52521514892578,25.10445213317871
306.0,0.0,47.57301850752397,8.081185026602311,6.653994527730075,47.203060150146484,26.633514404296875,25.217422485351562
307.0,0.0,47.454875772649594,8.049396493218161,6.625750227407976,47.35410690307617,26.62908172607422,25.208457946777344
308.0,0.0,47.64262866973877,8.080688379027627,6.651409517634999,47.593204498291016,26.791799545288086,25.364004135131836
309.0,0.0,47.63972845944491,8.059673992070286,6.630482185970653,47.59165954589844,26.722599029541016,25.294849395751953
310.0,0.0,47.60856697776101,8.043795011260293,6.615538044409319,47.403053283691406,26.664886474609375,25.242794036865234
311.0,0.0,47.52827106822621,8.0255916335366,6.599743463776329,47.935577392578125,26.681747436523438,25.243680953979492
312.0,0.0,47.68513904918324,8.018868619745428,6.588314457373186,47.50076675415039,26.799531936645508,25.374509811401367
313.0,0.0,47.54875096407804,7.996656407009471,6.5701938542452725,47.65013122558594,26.725557327270508,25.296052932739258
314.0,0.0,47.52972776239569,7.97473436052149,6.548842495137995,47.743896484375,26.635643005371094,25.203325271606445
315.0,0.0,47.53714067285711,7.9407498403029,6.514635660431602,47.57310104370117,26.832189559936523,25.404996871948242
316.0,0.0,47.55316786332564,7.938954006541859,6.512359001419761,47.70890426635742,26.675024032592773,25.243757247924805
317.0,0.0,47.5948540947654,7.990442048419606,6.562596461989663,47.706886291503906,26.847888946533203,25.416683197021484
318.0,0.0,47.54234851490367,7.945711038329384,6.519440640102733,47.58843231201172,26.749637603759766,25.321985244750977
319.0,0.0,47.61481285095215,7.930700009519404,6.502255699851296,47.78341293334961,26.80234718322754,25.368844985961914
320.0,0.0,47.59744860909202,7.919786203991283,6.491862784732472,47.83405303955078,26.717708587646484,25.282686233520508
321.0,0.0,47.58808161995628,7.8864053379405625,6.458762949163264,47.33829116821289,26.891767501831055,25.47161865234375
322.0,0.0,47.54751664941961,7.885355548425154,6.45893010226163,47.476810455322266,26.742279052734375,25.317974090576172
323.0,0.0,47.5945612300526,7.886803713711825,6.458966937932101,47.557743072509766,26.768259048461914,25.34152603149414
324.0,0.0,47.665658257224344,7.873875683004206,6.443905927918174,47.397125244140625,26.80558967590332,25.383676528930664
325.0,0.0,47.550130584023215,7.813312086192044,6.386808189478788,47.860008239746094,26.78013801574707,25.344337463378906
326.0,0.0,47.59060694954612,7.843541860580444,6.415823719718239,47.650360107421875,26.788936614990234,25.359426498413086
327.0,0.0,47.624901424754746,7.813680616292086,6.384933612563393,47.8316650390625,26.883878707885742,25.448928833007812
328.0,0.0,47.52331707694314,7.817637671123851,6.391938177022067,47.12394714355469,26.934171676635742,25.52045249938965
329.0,0.0,47.563191413879395,7.790968223051592,6.364072452891957,47.2959098815918,26.76670265197754,25.34782600402832
330.0,0.0,47.46962148492987,7.756461891261014,6.332373283126137,47.727413177490234,26.851051330566406,25.41922950744629
331.0,0.0,47.57952872189608,7.779699141328985,6.352313301780007,47.47225570678711,26.85736656188965,25.433198928833008
332.0,0.0,47.6314829046076,7.7627456404946065,6.3338011719963765,47.841068267822266,26.944656372070312,25.509424209594727
333.0,0.0,47.5452654578469,7.707195596261458,6.280837665904652,47.58926010131836,26.72165870666504,25.293981552124023
334.0,0.0,47.62088550220836,7.7380300326780835,6.309403506192294,47.5473518371582,26.871810913085938,25.445390701293945
335.0,0.0,47.63143998926336,7.704010551626032,6.275067437778819,47.447879791259766,26.882186889648438,25.458749771118164
336.0,0.0,47.51556743275035,7.695940928025679,6.270473913712935,47.234657287597656,26.883546829223633,25.466506958007812
337.0,0.0,47.620914459228516,7.699093753641302,6.270466338504445,47.49190902709961,26.92047119140625,25.49571418762207
338.0,0.0,47.641495964743875,7.685047377239574,6.255802523006093,47.94134521484375,26.923978805541992,25.48573875427246
339.0,0.0,47.60823596607555,7.634487878192555,6.206240838224238,47.5656852722168,26.820701599121094,25.39373207092285
340.0,0.0,47.53720188140869,7.613313620740717,6.187197631055659,47.25542449951172,26.844635009765625,25.426971435546875
341.0,0.0,47.570630767128684,7.632286494428461,6.205167575315996,47.55679702758789,26.87624740600586,25.449542999267578
342.0,0.0,47.54238293387673,7.5980356173081836,6.171764124523509,47.556007385253906,26.879085540771484,25.45240592956543
343.0,0.0,47.587875452908605,7.604591402140531,6.176955190571872,47.60309982299805,26.938142776489258,25.51004981994629
344.0,0.0,47.59192614121871,7.586645711552013,6.158887971531261,47.45677185058594,26.978883743286133,25.5551815032959
345.0,0.0,47.55613985928622,7.595086845484647,6.168402650139549,47.77315902709961,26.951902389526367,25.518707275390625
346.0,0.0,47.467108032920144,7.57294948534532,6.148936260830272,47.43928146362305,26.829242706298828,25.406064987182617
347.0,0.0,47.64870279485529,7.552019628611478,6.12255859375,47.68231201171875,26.84906578063965,25.418596267700195
348.0,0.0,47.526838996193625,7.526486700231379,6.100681565024636,47.862300872802734,27.02058219909668,25.584712982177734
349.0,0.0,47.50678409229625,7.552547216415405,6.1273437630046494,47.58924865722656,27.066810607910156,25.63913345336914
350.0,0.0,47.54362513802268,7.509852084246549,6.083543365651911,47.40456008911133,26.902114868164062,25.479978561401367
351.0,0.0,47.65670178153298,7.515540112148631,6.085839087312872,47.58000946044922,26.970428466796875,25.543027877807617
352.0,0.0,47.54406452178955,7.5401047034697095,6.113782795992765,47.62810516357422,26.936105728149414,25.50726318359375
353.0,0.0,47.55110185796564,7.495639183304527,6.069106177850203,47.4854736328125,26.894947052001953,25.470382690429688
354.0,0.0,47.618017890236594,7.474779909307307,6.046239376068115,47.741188049316406,27.01481056213379,25.58257484436035
355.0,0.0,47.73235034942627,7.4948594678532,6.06288900158622,47.567256927490234,26.896648406982422,25.46963119506836
356.0,0.0,47.650623234835535,7.474235924807462,6.044717246835882,47.77457809448242,27.003808975219727,25.570571899414062
357.0,0.0,47.6268273266879,7.458187894387678,6.029383084990761,47.59280014038086,26.947532653808594,25.51974868774414
358.0,0.0,47.55880269137296,7.411945830691945,5.985181765122847,47.5425910949707,26.982563018798828,25.556285858154297
359.0,0.0,47.66467129100453,7.457564397291704,6.02762432531877,47.72035598754883,27.044879913330078,25.613269805908203
360.0,0.0,47.65088367462158,7.421134840358388,5.991608392108571,47.901123046875,26.972354888916016,25.535322189331055
361.0,0.0,47.60640421780673,7.403190992095253,5.974998864260587,47.57444763183594,26.91767692565918,25.49044418334961
362.0,0.0,47.52631109411066,7.377391500906511,5.951602242209694,47.63597106933594,26.959346771240234,25.5302677154541
363.0,0.0,47.50850504094904,7.38183471289548,5.956579587676308,47.677101135253906,27.001708984375,25.571395874023438
364.0,0.0,47.61878975954923,7.396349310874939,5.967785629359159,47.281715393066406,26.991806030273438,25.573354721069336
365.0,0.0,47.57343881780451,7.343720685351979,5.916517593643882,47.88505935668945,27.064781188964844,25.62822914123535
366.0,0.0,47.634413719177246,7.334903467785228,5.905871087854559,47.13087844848633,26.953306198120117,25.539379119873047
367.0,0.0,47.49321582100608,7.348775375973094,5.92397893558849,47.09794998168945,27.00320816040039,25.590269088745117
368.0,0.0,47.5178637938066,7.338505983352661,5.912970087744973,47.715545654296875,27.12836456298828,25.696897506713867
369.0,0.0,47.62855113636363,7.303681839596141,5.874825304204768,47.6811637878418,27.04191780090332,25.611482620239258
370.0,0.0,47.52476484125311,7.313043865290555,5.887300968170166,47.619930267333984,27.113571166992188,25.684972763061523
371.0,0.0,47.6169826334173,7.275926340710033,5.8474168885837905,47.45530700683594,27.06059455871582,25.63693618774414
372.0,0.0,47.57470009543679,7.284731994975697,5.85749107057398,47.56797790527344,27.009105682373047,25.58206558227539
373.0,0.0,47.63019223646684,7.288718353618275,5.859812584790316,47.6351203918457,27.000259399414062,25.571205139160156
374.0,0.0,47.63092691248114,7.249828815460205,5.820901036262512,47.775203704833984,27.122703552246094,25.6894474029541
375.0,0.0,47.61047302592885,7.271474079652266,5.843159914016724,48.01423263549805,27.07423973083496,25.633811950683594
376.0,0.0,47.73126541484486,7.239318923516707,5.807381001385775,47.577056884765625,27.06009864807129,25.632787704467773
377.0,0.0,47.588712432167746,7.236955187537453,5.809293866157532,47.50885772705078,27.146900177001953,25.721633911132812
378.0,0.0,47.654192144220524,7.231171185320074,5.8015454682436856,48.025390625,27.149295806884766,25.708534240722656
379.0,0.0,47.686481562527746,7.245769403197548,5.815175013108687,48.048152923583984,27.152921676635742,25.711477279663086
380.0,0.0,47.715683763677426,7.238760005344044,5.807289492000233,47.71232223510742,26.945636749267578,25.514266967773438
381.0,0.0,47.56798952276056,7.187279072674838,5.760239406065508,47.751319885253906,27.129915237426758,25.697376251220703
382.0,0.0,47.770045107061215,7.218583930622447,5.7854826125231655,47.6226692199707,27.158300399780273,25.7296199798584
383.0,0.0,47.585749279369004,7.176393693143671,5.748821215196089,47.65557098388672,27.233604431152344,25.803937911987305
384.0,0.0,47.65609056299383,7.18253353509036,5.752850835973566,47.46672439575195,27.05853271484375,25.634531021118164
385.0,0.0,47.51444591175426,7.171084772456776,5.745651451024142,47.57664108276367,27.1306209564209,25.70332145690918
386.0,0.0,47.61960766532204,7.147354602813721,5.7187663966959175,47.702659606933594,27.104564666748047,25.673484802246094
387.0,0.0,47.685224533081055,7.162526488304138,5.731969779187983,47.77500534057617,27.095121383666992,25.6618709564209
388.0,0.0,47.66222312233665,7.145960536870089,5.7160938653078945,47.59804916381836,27.08203887939453,25.654096603393555
389.0,0.0,47.59952571175315,7.081308798356489,5.653323075988076,47.47624969482422,27.053434371948242,25.629146575927734
390.0,0.0,47.56347846984863,7.109313433820551,5.682409113103693,47.70972442626953,27.116031646728516,25.68474006652832
391.0,0.0,47.578979145396836,7.072021571072665,5.644652247428894,47.419395446777344,27.14472007751465,25.722137451171875
392.0,0.0,47.59179349379106,7.076667135412043,5.648913383483887,47.55525207519531,27.15204620361328,25.72538948059082
393.0,0.0,47.51119847731157,7.068542697212913,5.643206769769842,47.46873474121094,27.139141082763672,25.715078353881836
394.0,0.0,47.5248250094327,7.06010639667511,5.634361700578169,47.576866149902344,27.170915603637695,25.743610382080078
395.0,0.0,47.597655816511676,7.066325816241178,5.6383961764248935,47.565223693847656,27.144929885864258,25.717973709106445
396.0,0.0,47.57621895183217,7.045488400892778,5.618201895193621,47.65176773071289,27.293834686279297,25.864282608032227
397.0,0.0,47.565732435746625,6.9954610737887295,5.568489161404696,47.52557373046875,27.253551483154297,25.827783584594727
398.0,0.0,47.56344708529386,7.022709066217596,5.595805688337847,47.71866226196289,27.211000442504883,25.77943992614746
399.0,0.0,47.68453320589933,7.036656683141535,5.606120716441762,47.40971374511719,27.230024337768555,25.8077335357666
400.0,0.0,47.69872856140137,7.049226446585222,5.618264631791548,47.677799224853516,27.198335647583008,25.768001556396484
401.0,0.0,47.51297239823775,6.9866848750547925,5.561295747756958,47.59541320800781,27.208772659301758,25.78091049194336
402.0,0.0,47.605989542874426,7.011478413235057,5.5832987590269605,47.637020111083984,27.273773193359375,25.844663619995117
403.0,0.0,47.6337853345004,6.989744544029236,5.560731053352356,47.45152282714844,27.280431747436523,25.85688591003418
404.0,0.0,47.65106825395064,6.961046793244102,5.531514796343717,47.80494689941406,27.267192840576172,25.833044052124023
405.0,0.0,47.652075420726426,6.967132373289629,5.537570151415738,47.56010437011719,27.270835876464844,25.844032287597656
406.0,0.0,47.57693360068581,6.996268229051069,5.5689602440053765,47.68575668334961,27.285409927368164,25.85483741760254
407.0,0.0,47.58595301888206,6.968304146419872,5.540725588798523,47.49209976196289,27.28270721435547,25.85794448852539
408.0,0.0,47.59989487041127,6.959438161416487,5.531441374258562,47.48981475830078,27.30821418762207,25.883520126342773
409.0,0.0,47.66680292649703,6.961063525893471,5.531059503555298,47.992774963378906,27.325878143310547,25.88609504699707
410.0,0.0,47.754244804382324,6.9596826596693555,5.527055328542536,47.64931106567383,27.243183135986328,25.813703536987305
411.0,0.0,47.61249100078236,6.9318015358664775,5.50342683358626,47.8142204284668,27.281003952026367,25.846576690673828
412.0,0.0,47.61526740681041,6.92656223340468,5.4981042688543145,47.53847122192383,27.287368774414062,25.861215591430664
413.0,0.0,47.66426389867609,6.925617423924533,5.495689565485174,47.78218460083008,27.271549224853516,25.838083267211914
414.0,0.0,47.488819642500445,6.891689723188227,5.467025149952281,47.76423263549805,27.25975799560547,25.826831817626953
415.0,0.0,47.62290911241011,6.931139122356068,5.502451907504689,47.650665283203125,27.407241821289062,25.97772216796875
416.0,0.0,47.63620506633412,6.87193087014285,5.442844781008634,47.48264694213867,27.2789249420166,25.854446411132812
417.0,0.0,47.52174524827437,6.863241000608965,5.437588691711426,47.17857360839844,27.297693252563477,25.882335662841797
418.0,0.0,47.563622127879746,6.83431618863886,5.407407598061995,47.70368576049805,27.34376335144043,25.91265296936035
419.0,0.0,47.65532901070335,6.840343908830122,5.410684087059715,47.54962158203125,27.2619686126709,25.835479736328125
420.0,0.0,47.61666150526567,6.864954666657881,5.436454848809675,47.75056457519531,27.35672378540039,25.92420768737793
421.0,0.0,47.69610387628729,6.868285699324175,5.437402606010437,47.77381134033203,27.280553817749023,25.847339630126953
422.0,0.0,47.72617236050692,6.836752067912709,5.404966896230524,47.602142333984375,27.267566680908203,25.839502334594727
423.0,0.0,47.46514658494429,6.796010938557711,5.372056581757286,47.68971633911133,27.357995986938477,25.927305221557617
424.0,0.0,47.649506482211024,6.814678029580549,5.3851929252797905,47.677486419677734,27.27974510192871,25.84942054748535
425.0,0.0,47.64319740642201,6.810266830704429,5.380970965732228,47.73947525024414,27.307947158813477,25.875762939453125
426.0,0.0,47.652910405939274,6.784639770334417,5.355052525346929,47.56525802612305,27.354459762573242,25.927501678466797
427.0,0.0,47.48475846377286,6.802083752372048,5.377541011030024,47.612667083740234,27.377166748046875,25.948787689208984
428.0,0.0,47.7370717308738,6.829311728477478,5.397199619900096,47.973602294921875,27.386322021484375,25.947114944458008
429.0,0.0,47.589095722545274,6.785858002575961,5.358185150406578,47.66694259643555,27.479337692260742,26.04932975769043
430.0,0.0,47.57329819419167,6.752101854844526,5.3249029679731885,47.81584930419922,27.358095169067383,25.923620223999023
431.0,0.0,47.578887939453125,6.76243624903939,5.33506965637207,47.715179443359375,27.463871002197266,26.03241539001465
432.0,0.0,47.568192135203965,6.726919488473372,5.299873753027483,47.5139045715332,27.414892196655273,25.98947525024414
433.0,0.0,47.59981753609397,6.7642775340513746,5.336283087730408,47.5714225769043,27.399658203125,25.972515106201172
434.0,0.0,47.529141599481754,6.727467179298401,5.301592978564176,47.87656784057617,27.332752227783203,25.896455764770508
435.0,0.0,47.60428021170876,6.725576823407954,5.297448461705988,47.77685546875,27.410314559936523,25.977008819580078
436.0,0.0,47.7305326461792,6.763682029464028,5.331766106865623,47.88538360595703,27.462406158447266,26.02584457397461
437.0,0.0,47.618722135370426,6.738934430209073,5.310372818600047,47.45000076293945,27.347713470458984,25.924213409423828
438.0,0.0,47.606992114673965,6.711107156493447,5.282897429032759,47.804134368896484,27.39851951599121,25.96439552307129
439.0,0.0,47.56179428100586,6.696142792701721,5.269289038398049,47.41227340698242,27.48628807067871,26.063919067382812
440.0,0.0,47.568988453258164,6.682442914355885,5.255373304540461,47.49640655517578,27.514034271240234,26.089141845703125
441.0,0.0,47.623144756663926,6.689224828373302,5.260530525987798,47.52434158325195,27.46048927307129,26.034759521484375
442.0,0.0,47.59892585060813,6.685691779310053,5.257724025032737,47.51505661010742,27.390405654907227,25.964954376220703
443.0,0.0,47.60403962568803,6.686166015538302,5.258044871416959,47.56241989135742,27.389677047729492,25.962804794311523
444.0,0.0,47.65409582311457,6.665062795985829,5.23543993993239,47.578556060791016,27.512619018554688,26.085262298583984
445.0,0.0,47.64555046775124,6.682037028399381,5.25267056985335,47.5349235534668,27.470943450927734,26.04489517211914
446.0,0.0,47.52559817921031,6.635915138504722,5.210147229107943,47.60504913330078,27.429357528686523,26.001205444335938
447.0,0.0,47.62557411193848,6.642407298088074,5.213640104640614,47.722660064697266,27.483715057373047,26.052034378051758
448.0,0.0,47.61212175542658,6.641675504771146,5.213311921466481,47.55155563354492,27.532344818115234,26.105798721313477
449.0,0.0,47.6593934839422,6.667825373736295,5.238043611699885,47.60591125488281,27.50252342224121,26.0743465423584
450.0,0.0,47.736628185619004,6.626410852779042,5.194312052293257,47.614501953125,27.539207458496094,26.11077308654785
451.0,0.0,47.56008815765381,6.611175688830289,5.1843730861490425,47.57773208618164,27.567487716674805,26.140155792236328
452.0,0.0,47.51248160275546,6.589439803903753,5.164065371860158,47.638710021972656,27.663127899169922,26.233966827392578
453.0,0.0,47.639419382268734,6.7916189432144165,5.362436348741705,47.72736740112305,27.50075912475586,26.068937301635742
454.0,0.0,47.7127011906017,6.633158109404824,5.201777068051425,47.75601577758789,27.62143325805664,26.188753128051758
455.0,0.0,47.54140203649347,6.580919374119151,5.15467736937783,47.226741790771484,27.559785842895508,26.14298439025879
456.0,0.0,47.46656842665239,6.560007377104326,5.136010365052656,47.67388916015625,27.452434539794922,26.022218704223633
457.0,0.0,47.60989848050204,6.568477002057162,5.1401800892569804,47.54916000366211,27.56647491455078,26.139999389648438
458.0,0.0,47.54131715947931,6.533753026615489,5.1075135469436646,47.47690963745117,27.521331787109375,26.09702491760254
459.0,0.0,47.57606436989524,6.537446748126637,5.110164891589772,47.72782897949219,27.5759334564209,26.14409828186035
460.0,0.0,47.562430208379574,6.531301010738719,5.104428128762678,47.878814697265625,27.651958465576172,26.215593338012695
461.0,0.0,47.635218533602625,6.538559198379517,5.109502673149109,47.815895080566406,27.591516494750977,26.157039642333984
462.0,0.0,47.62827283685858,6.563146298581904,5.134298205375671,47.61179733276367,27.6138858795166,26.185531616210938
463.0,0.0,47.66467978737571,6.563679099082947,5.13373875617981,47.866634368896484,27.57424545288086,26.138246536254883
464.0,0.0,47.728406472639605,6.535308816216209,5.103456692262129,47.67103958129883,27.5851993560791,26.155067443847656
465.0,0.0,47.60363136638295,6.535792979327115,5.107684102925387,48.13619613647461,27.629966735839844,26.185880661010742
466.0,0.0,47.69510693983598,6.517123991792852,5.086270830848,47.60972595214844,27.554101943969727,26.125810623168945
467.0,0.0,47.56016661904075,6.4951724789359355,5.068367524580522,47.889312744140625,27.67804718017578,26.24136734008789
468.0,0.0,47.58674664930864,6.499009024013173,5.071406678719954,47.75508117675781,27.632658004760742,26.20000648498535
469.0,0.0,47.56658744812012,6.507896412502635,5.080898815935308,47.59099578857422,27.655500411987305,26.22776985168457
470.0,0.0,47.65948963165283,6.701162945140492,5.271378289569508,47.82988357543945,27.722368240356445,26.287471771240234
471.0,0.0,47.6796427640048,6.518980318849737,5.088591022924944,47.59623718261719,27.692113876342773,26.26422691345215
472.0,0.0,47.641976616599344,6.453938245773315,5.024678999727422,47.742488861083984,27.666276931762695,26.2340030670166
473.0,0.0,47.62180874564431,6.50596255605871,5.077308351343328,47.61574935913086,27.709989547729492,26.281517028808594
474.0,0.0,47.62266037680886,6.490191362120888,5.0615115924315015,47.74357604980469,27.686080932617188,26.253774642944336
475.0,0.0,47.58132821863348,6.450762922113592,5.02332312410528,47.55452346801758,27.648210525512695,26.221574783325195
476.0,0.0,47.63903721896085,6.418325911868703,4.989154848185453,47.747779846191406,27.708030700683594,26.275596618652344
477.0,0.0,47.50592405145819,6.417153325947848,4.991975621743635,47.53704071044922,27.666513442993164,26.240402221679688
478.0,0.0,47.648550727150656,6.426925886761058,4.997469381852583,47.68901824951172,27.673254013061523,26.242584228515625
479.0,0.0,47.54586965387518,6.430083329027349,5.00370728969574,47.67087936401367,27.6645450592041,26.234418869018555
480.0,0.0,47.61299549449574,6.455133589831266,5.026743726296858,47.52181625366211,27.681915283203125,26.25625991821289
481.0,0.0,47.645327221263535,6.4400857578624375,5.010726007548246,47.7772102355957,27.694133758544922,26.260818481445312
482.0,0.0,47.62102482535622,6.400852387601679,4.972221721302379,47.77486038208008,27.66222381591797,26.22897720336914
483.0,0.0,47.59481464732777,6.4177163297479805,4.989871967922557,47.634605407714844,27.62596321105957,26.196924209594727
484.0,0.0,47.43674217570912,6.3912610032341695,4.968158776109869,47.62039566040039,27.73029327392578,26.301681518554688
485.0,0.0,47.59366035461426,6.420165603811091,4.992355823516846,47.61025619506836,27.660598754882812,26.232290267944336
486.0,0.0,47.549035505814985,6.391387072476474,4.964916023341092,47.74681091308594,27.667747497558594,26.23534393310547
487.0,0.0,47.614859407598324,6.384188381108371,4.9557426084171645,47.757537841796875,27.690141677856445,26.257415771484375
488.0,0.0,47.6110332662409,6.372007467529991,4.943676493384621,47.6180534362793,27.782217025756836,26.353675842285156
489.0,0.0,47.556051687760785,6.375088626688177,4.948407075621865,47.74619674682617,27.674278259277344,26.241891860961914
490.0,0.0,47.57999966361306,6.558579965071245,5.131180026314476,47.49337387084961,27.749691009521484,26.32489013671875
491.0,0.0,47.49640880931508,6.36795361475511,4.943061340938915,47.976131439208984,27.76285171508789,26.32356834411621
492.0,0.0,47.703702146356754,6.367686076597734,4.936575065959584,47.94102478027344,27.800148010253906,26.36191749572754
493.0,0.0,47.62418348138983,6.372945763848045,4.944220347837969,47.40907669067383,27.744842529296875,26.32257080078125
494.0,0.0,47.59956507249312,6.352285905317827,4.924299001693726,47.550743103027344,27.724384307861328,26.297861099243164
495.0,0.0,47.72233971682462,6.348884344100952,4.91721417687156,47.5626106262207,27.697736740112305,26.270858764648438
496.0,0.0,47.593346162275836,6.333771347999573,4.905971017750827,47.54843521118164,27.783056259155273,26.356603622436523
497.0,0.0,47.43587736649947,6.327747312459079,4.904670997099443,47.63942337036133,27.778860092163086,26.34967803955078
498.0,0.0,47.621171951293945,6.332998882640492,4.9043637839230625,47.79261779785156,27.822431564331055,26.388652801513672
499.0,0.0,47.6918796192516,6.330982121554288,4.900225758552551,47.87117385864258,27.77198600769043,26.335851669311523
500.0,0.0,47.58441951058128,6.338021451776678,4.910488898103887,47.25653076171875,27.846843719482422,26.429147720336914
501.0,0.0,47.573643077503554,6.326248992573131,4.899039756168019,47.718502044677734,27.818397521972656,26.386842727661133
502.0,0.0,47.640953670848496,6.294803955338218,4.86557540026578,47.57529830932617,27.87067222595215,26.44341278076172
503.0,0.0,47.59001697193492,6.2898841446096245,4.862183711745522,47.382911682128906,27.755577087402344,26.334089279174805
504.0,0.0,47.62492778084495,6.302652749148282,4.8739050084894355,47.750244140625,27.802387237548828,26.36988067626953
505.0,0.0,47.5482326854359,6.284103642810475,4.857656695625999,47.68437194824219,27.8671817779541,26.4366512298584
506.0,0.0,47.594691796736285,6.267668377269398,4.839827656745911,47.641136169433594,27.95261573791504,26.52338218688965
507.0,0.0,47.53302686864679,6.256186095151034,4.830195307731628,47.39931106567383,27.795982360839844,26.37400245666504
508.0,0.0,47.5659254247492,6.450082648884166,5.023104895244945,47.687469482421875,27.777328491210938,26.346704483032227
509.0,0.0,47.67060652646151,6.282029195265337,4.8519110246138135,47.62556838989258,27.84296989440918,26.414203643798828
510.0,0.0,47.58170422640714,6.280176672068509,4.8527255925265225,47.753204345703125,27.95707130432129,26.52447509765625
511.0,0.0,47.59174268895929,6.251519181511619,4.823766914280978,47.72993087768555,28.01166534423828,26.57976722717285
512.0,0.0,47.51244675029408,6.256895184516907,4.831521814519709,47.33246612548828,27.825218200683594,26.405244827270508
513.0,0.0,47.601578278975055,6.242050311782143,4.814003012397072,47.48590850830078,27.83214569091797,26.407567977905273
514.0,0.0,47.50747073780406,6.215474898164922,4.790250789035451,47.59571838378906,27.8426570892334,26.414785385131836
515.0,0.0,47.536862806840375,6.215311212973162,4.789205356077715,47.75963592529297,27.930557250976562,26.49776840209961
516.0,0.0,47.629563244906336,6.217361439358104,4.78847459229556,47.67536544799805,27.91579246520996,26.485530853271484
517.0,0.0,47.651020830327816,6.233943408185786,4.8044128092852505,47.72380065917969,27.881752014160156,26.45003890991211
518.0,0.0,47.63953122225675,6.2528263547203755,4.823640487410805,47.45643997192383,27.914627075195312,26.490934371948242
519.0,0.0,47.507966475053266,6.1626998511227695,4.7374608950181445,47.55010223388672,27.880046844482422,26.45354461669922
520.0,0.0,47.4518269625577,6.170184157111428,4.746629422361201,47.81884765625,27.84625244140625,26.41168785095215
521.0,0.0,47.48383964191783,6.15278283032504,4.728267626328901,47.84942626953125,27.953794479370117,26.518312454223633
522.0,0.0,47.56699510054155,6.181066946549849,4.754057136448947,47.743812561035156,27.926719665527344,26.49440574645996
523.0,0.0,47.56874153830788,6.213212457570163,4.7861502387306905,47.58855056762695,28.110572814941406,26.68291664123535
524.0,0.0,47.58312797546387,6.177292823791504,4.74979905648665,47.3676643371582,28.06282615661621,26.641796112060547
525.0,0.0,47.496059677817605,6.16328379240903,4.7384020631963555,47.419742584228516,27.93131446838379,26.50872230529785
526.0,0.0,47.55486011505127,6.176342097195712,4.749696319753474,47.774261474609375,28.068864822387695,26.635637283325195
527.0,0.0,47.57172558524392,6.164255608211864,4.737103884870356,47.47560119628906,27.885189056396484,26.460920333862305
528.0,0.0,47.67958380959251,6.199691566553983,4.769304091280157,47.755836486816406,27.99883460998535,26.566160202026367
529.0,0.0,47.605297868902035,6.177144798365506,4.7489859082482075,47.68640899658203,27.929039001464844,26.49844741821289
530.0,0.0,47.46790729869496,6.112812573259527,4.688775420188904,47.4168701171875,27.902462005615234,26.479955673217773
531.0,0.0,47.58750109239058,6.155063531615517,4.727438569068909,47.57456588745117,28.007387161254883,26.580150604248047
532.0,0.0,47.43945121765137,6.30117649381811,4.877993030981584,47.70449447631836,27.99818992614746,26.567054748535156
533.0,0.0,47.6899583122947,6.150706562128934,4.720007842237299,47.69297409057617,28.055435180664062,26.624645233154297
534.0,0.0,47.5755053433505,6.155904726548628,4.7286395593123,47.75690841674805,28.136369705200195,26.703662872314453
535.0,0.0,47.55457453294234,6.107615210793235,4.680978048931468,47.4010124206543,27.90890121459961,26.48687171936035
536.0,0.0,47.57596371390603,6.118868838657033,4.691589951515198,47.76812744140625,27.97871208190918,26.54566764831543
537.0,0.0,47.57835526899858,6.1156580664894795,4.6883074695413764,47.550079345703125,27.99364471435547,26.567142486572266
538.0,0.0,47.65971729972146,6.127846804532138,4.698055354031649,47.750179290771484,27.96599006652832,26.533485412597656
539.0,0.0,47.57220155542547,6.130443302067843,4.703277273611589,47.793739318847656,27.943740844726562,26.50992774963379
540.0,0.0,47.57617490941828,6.134918429634788,4.707633246075023,47.95094680786133,28.07663345336914,26.638105392456055
541.0,0.0,47.64435403997248,6.118940916928378,4.689610340378501,47.89949417114258,28.070920944213867,26.633935928344727
542.0,0.0,47.6184248490767,6.115419951352206,4.6868672370910645,47.79386520385742,28.12508773803711,26.691272735595703
543.0,0.0,47.62235095284202,6.046690171415156,4.618019678375938,47.48686218261719,28.019872665405273,26.595266342163086
544.0,0.0,47.49952507019043,6.117247722365639,4.692262010140852,47.62086868286133,28.045146942138672,26.616519927978516
545.0,0.0,47.554341316223145,6.264290582049977,4.837660377675837,47.58354568481445,28.041833877563477,26.614328384399414
546.0,0.0,47.4938683943315,6.045463562011719,4.62064756046642,47.6719856262207,27.969905853271484,26.53974723815918
547.0,0.0,47.580884586681016,6.085836984894493,4.658410494977778,47.50006866455078,28.055627822875977,26.630626678466797
548.0,0.0,47.55620418895375,6.071657050739635,4.644970937208696,47.66345977783203,28.125629425048828,26.69572639465332
549.0,0.0,47.65636782212691,6.07102463462136,4.641333645040339,47.53459548950195,28.137920379638672,26.711883544921875
550.0,0.0,47.52678940512917,6.065156438133934,4.639352776787498,47.78434753417969,28.088054656982422,26.654523849487305
551.0,0.0,47.64899071780118,6.098117145625028,4.668647495183078,47.8166389465332,28.114429473876953,26.679929733276367
552.0,0.0,47.62780891765248,6.046459187160838,4.617624954743818,47.463443756103516,28.035093307495117,26.611190795898438
553.0,0.0,47.52794135700572,6.042797619646246,4.616959441791881,47.587459564208984,28.038497924804688,26.61087417602539
554.0,0.0,47.44325126301158,6.0189645615491,4.595667069608515,47.30788803100586,28.005393981933594,26.586156845092773
555.0,0.0,47.52798132462935,6.051722320643338,4.625882918184454,47.723968505859375,28.15398597717285,26.722267150878906
556.0,0.0,47.40829693187367,5.984483111988414,4.562234239144758,47.34102249145508,28.06757354736328,26.647342681884766
557.0,0.0,47.45101113752885,6.0078947218981655,4.584364392540672,47.23337173461914,28.1594295501709,26.742427825927734
558.0,0.0,47.49802693453702,6.0172589150342075,4.592318123037165,47.80153274536133,28.20218276977539,26.768136978149414
559.0,0.0,47.61017270521684,6.038447520949624,4.61014233935963,47.69300842285156,28.260303497314453,26.829513549804688
560.0,0.0,47.5475661537864,6.0282531868327744,4.601826245134527,47.55525207519531,28.17926025390625,26.75260353088379
561.0,0.0,47.49377311359752,5.981500094587153,4.556686932390386,47.237571716308594,28.11273193359375,26.69560432434082
562.0,0.0,47.4889328696511,6.000972693616694,4.576304739171809,47.49175262451172,28.222883224487305,26.79813003540039
563.0,0.0,47.614956855773926,5.983018940145319,4.554570252245123,47.65371322631836,28.123245239257812,26.693634033203125
564.0,0.0,47.67190230976451,6.029523892836138,4.599366881630638,47.88752365112305,28.20333480834961,26.766708374023438
565.0,0.0,47.34395790100098,5.963348692113703,4.543029980225996,47.656822204589844,28.18478775024414,26.755083084106445
566.0,0.0,47.576416015625,5.976342862302607,4.549050439487804,47.70073318481445,28.20327377319336,26.77225112915039
567.0,0.0,47.53963574496183,5.991232557730242,4.565043546936729,47.659889221191406,28.23528480529785,26.80548858642578
568.0,0.0,47.50529688054865,5.977699583226984,4.552540681578896,47.70669937133789,28.18292999267578,26.75172996520996
569.0,0.0,47.5672160061923,5.976081458005038,4.549064983021129,47.480560302734375,28.169109344482422,26.744691848754883
570.0,0.0,47.44358513571999,5.943122582002119,4.519815076481212,47.78020477294922,28.19659996032715,26.763193130493164
571.0,0.0,47.44591782309792,5.939297166737643,4.515919652852145,47.59822082519531,28.23773956298828,26.80979347229004
572.0,0.0,47.408528154546566,5.930705969983881,4.508450172164223,47.42230224609375,28.29210090637207,26.86943244934082
573.0,0.0,47.44658773595636,5.937051285396922,4.513653701001948,47.58507537841797,28.24340057373047,26.815847396850586
574.0,0.0,47.61412161046808,5.949163686145436,4.520740140568126,47.780311584472656,28.164804458618164,26.731395721435547
575.0,0.0,47.600505568764426,6.109717000614513,4.681701876900413,47.420711517333984,28.272497177124023,26.849876403808594
576.0,0.0,47.623358032920144,5.969256671992215,4.540555921467868,47.416046142578125,28.27103042602539,26.848548889160156
577.0,0.0,47.255179231817074,5.9106490503657945,4.492993690750816,47.47467803955078,28.183740615844727,26.75950050354004
578.0,0.0,47.42707365209406,5.85448880629106,4.431676615368236,47.77493667602539,28.182947158813477,26.749698638916016
579.0,0.0,47.492918968200684,5.92981493473053,4.505027370019392,47.939300537109375,28.303565979003906,26.865386962890625
580.0,0.0,47.646460186351426,5.913822130723433,4.484428351575678,47.470008850097656,28.289466857910156,26.865365982055664
581.0,0.0,47.4784179167314,5.917495120655406,4.493142593990672,47.59027099609375,28.199716567993164,26.772008895874023
582.0,0.0,47.55428192832253,5.874406305226413,4.447777813131159,47.42752456665039,28.385587692260742,26.9627628326416
583.0,0.0,47.51134889776056,5.903834234584462,4.478493820537221,47.62754821777344,28.219772338867188,26.790945053100586
584.0,0.0,47.520459781993516,5.936565453355962,4.510951670733365,47.865665435791016,28.359827041625977,26.923856735229492
585.0,0.0,47.70536838878285,5.9195452169938525,4.488384203477339,47.37575912475586,28.196012496948242,26.77474021911621
586.0,0.0,47.561295075850055,5.897510333494707,4.470671556212685,47.689735412597656,28.25531578063965,26.824623107910156
587.0,0.0,47.61917209625244,5.906636433167891,4.4780612858858975,47.61735534667969,28.231422424316406,26.802902221679688
588.0,0.0,47.44422019611705,5.888662067326632,4.4653354774821885,47.601566314697266,28.32798194885254,26.899934768676758
589.0,0.0,47.52080683274703,5.867111639543013,4.441487474875017,47.618186950683594,28.311763763427734,26.88321876525879
590.0,0.0,47.43065010417592,5.853585622527382,4.430666175755587,47.58981704711914,28.2955322265625,26.86783790588379
591.0,0.0,47.415528384121984,5.88541305065155,4.462947260249745,47.68647766113281,28.29939079284668,26.868797302246094
592.0,0.0,47.535011291503906,5.867779146541249,4.441728819500316,47.429141998291016,28.27520751953125,26.852333068847656
593.0,0.0,47.49375629425049,5.896726835857738,4.471914204684171,47.73424530029297,28.37409210205078,26.94206428527832
594.0,0.0,47.46462137048895,5.877163052558899,4.453224398873069,47.50199508666992,28.292613983154297,26.8675537109375
595.0,0.0,47.53094317696311,5.861179720271718,4.435251463543285,47.60593795776367,28.370309829711914,26.94213104248047
596.0,0.0,47.56283274563876,5.8831296075474135,4.4562446962703355,47.602962493896484,28.399185180664062,26.97109603881836
597.0,0.0,47.60760194605047,5.869927742264488,4.4416997107592495,47.5841064453125,28.30538558959961,26.87786293029785
598.0,0.0,47.53809504075484,5.836137544025075,4.409994732249867,47.35365295410156,28.347930908203125,26.92732048034668
599.0,0.0,47.4576000733809,5.841903057965365,4.418175101280212,47.52205276489258,28.308734893798828,26.883073806762695
600.0,0.0,47.48081042549827,5.836508024822582,4.412083755839955,47.531490325927734,28.331798553466797,26.905853271484375
601.0,0.0,47.57731134241278,5.838488470424306,4.4111692255193535,47.928550720214844,28.33655548095703,26.898698806762695
602.0,0.0,47.528655312278055,5.809393189170144,4.383533607829701,47.62090301513672,28.351682662963867,26.92305564880371
603.0,0.0,47.391261620955035,5.807649352333763,4.385911562226036,47.530818939208984,28.405176162719727,26.979251861572266
604.0,0.0,47.4491571079601,5.849713130430742,4.426238450137052,47.84819030761719,28.38638687133789,26.95094108581543
605.0,0.0,47.330570394342594,5.811525344848633,4.391608270731839,47.35130310058594,28.3901424407959,26.969602584838867
606.0,0.0,47.44868538596413,5.804436932910573,4.380976395173506,47.30596160888672,28.449338912963867,27.030160903930664
607.0,0.0,47.51865681734952,5.781334898688576,4.355775237083435,47.48131561279297,28.32543182373047,26.900991439819336
608.0,0.0,47.436661113392226,5.831698677756569,4.408598899841309,47.55643844604492,28.39716911315918,26.970476150512695
609.0,0.0,47.46958325125954,5.804425510493192,4.380338051102378,47.586578369140625,28.409326553344727,26.98172950744629
610.0,0.0,47.406048341230914,5.755117871544578,4.332936481996016,47.641761779785156,28.416236877441406,26.986984252929688
611.0,0.0,47.35291940515692,5.748160264708779,4.327572746710344,47.209686279296875,28.32394790649414,26.907657623291016
612.0,0.0,47.339148087935015,5.78285539150238,4.362680933692238,47.66330337524414,28.404569625854492,26.97467041015625
613.0,0.0,47.37931086800315,5.759154948321256,4.3377756530588325,47.47721481323242,28.41988754272461,26.99557113647461
614.0,0.0,47.49841464649547,5.810667937452143,4.385715527967974,47.17686080932617,28.39593505859375,26.980628967285156
615.0,0.0,47.46105523542924,5.807123357599432,4.38329174301841,47.85295867919922,28.373626708984375,26.938037872314453
616.0,0.0,47.6100942438299,5.774251341819763,4.345948555252769,47.518943786621094,28.472789764404297,27.047222137451172
617.0,0.0,47.441760843450375,5.765065745873884,4.341812935742465,47.449485778808594,28.41452980041504,26.991044998168945
618.0,0.0,47.43304989554665,5.749815908345309,4.3268245241858745,47.429744720458984,28.48333740234375,27.06044578552246
619.0,0.0,47.579656687649816,5.790126150304621,4.362736496058377,47.50425338745117,28.489919662475586,27.06479263305664
620.0,0.0,47.592070232738145,5.765933069315824,4.338170983574607,47.28097152709961,28.44293212890625,27.024503707885742
621.0,0.0,47.38069664348256,5.911024299534884,4.489603421904824,47.45750427246094,28.594619750976562,27.170894622802734
622.0,0.0,47.51130771636963,5.777968460863287,4.352629238908941,47.60832214355469,28.53098487854004,27.10273551940918
623.0,0.0,47.442927620627664,5.745184551585805,4.321896769783714,47.503448486328125,28.45387840270996,27.02877426147461
624.0,0.0,47.414143388921566,5.728992798111656,4.306568535891446,47.64204406738281,28.49104881286621,27.061786651611328
625.0,0.0,47.418691721829504,5.715619314800609,4.293058568781072,47.43212890625,28.509525299072266,27.08656120300293
626.0,0.0,47.4449689171531,5.744541699236089,4.32119269804521,47.35309982299805,28.40863609313965,26.9880428314209
627.0,0.0,47.448698564009234,5.731418956409801,4.30795803937045,47.42736053466797,28.51093292236328,27.088111877441406
628.0,0.0,47.51102516867898,5.742862831462514,4.317532149228183,47.378623962402344,28.54525375366211,27.1238956451416
629.0,0.0,47.459060582247645,5.7281448949467055,4.304373090917414,47.256778717041016,28.4368839263916,27.019180297851562
630.0,0.0,47.4054405039007,5.6891396045684814,4.266976421529597,47.195030212402344,28.443212509155273,27.027360916137695
631.0,0.0,47.40266487815163,5.714874245903709,4.292794368483803,47.629432678222656,28.556705474853516,27.127822875976562
632.0,0.0,47.407962105490945,5.718192068013278,4.29595323042436,47.63210678100586,28.490163803100586,27.061201095581055
633.0,0.0,47.40221136266535,5.7012281309474595,4.279161832549355,47.56510543823242,28.562782287597656,27.13582992553711
634.0,0.0,47.366500247608535,5.687997915528038,4.267002929340709,47.52528762817383,28.54193687438965,27.116178512573242
635.0,0.0,47.47653579711914,5.719841631976041,4.29554557800293,47.62509536743164,28.504859924316406,27.076107025146484
636.0,0.0,47.50468479503285,5.704325502569025,4.279185035011985,47.613460540771484,28.491304397583008,27.06290054321289
637.0,0.0,47.446926550431684,5.705290859395808,4.281883109699596,47.74299240112305,28.68560218811035,27.253313064575195
638.0,0.0,47.493409156799316,5.723344737833196,4.298542456193403,47.76008605957031,28.561227798461914,27.12842559814453
639.0,0.0,47.44447924874046,5.685209458524531,4.261875109239058,47.678340911865234,28.59276008605957,27.162410736083984
640.0,0.0,47.46852701360529,5.662719228050926,4.238663467493924,47.53733444213867,28.610177993774414,27.184057235717773
641.0,0.0,47.44199986891313,5.689629804004323,4.266369830478322,47.52519607543945,28.723373413085938,27.297616958618164
642.0,0.0,47.448409687389024,5.655408241532066,4.231956026770852,47.47031784057617,28.542404174804688,27.118295669555664
643.0,0.0,47.43030634793368,5.694290475411848,4.2713813023133715,47.49884033203125,28.606929779052734,27.181964874267578
644.0,0.0,47.483641451055355,5.689461805603721,4.2649526379325176,47.703590393066406,28.561513900756836,27.13040542602539
645.0,0.0,47.30404368313876,5.659307729114186,4.240186452865601,47.49038314819336,28.57060432434082,27.145893096923828
646.0,0.0,47.48220174962824,5.658599322492426,4.234133319421248,47.24879455566406,28.64706039428711,27.229597091674805
647.0,0.0,47.368925441395156,5.654654882170937,4.233587124130943,47.73514175415039,28.619478225708008,27.187423706054688
648.0,0.0,47.45491808111017,5.702916492115367,4.279268980026245,47.6646614074707,28.6424560546875,27.21251678466797
649.0,0.0,47.496528972278945,5.635737354105169,4.210841536521912,47.50974655151367,28.5003662109375,27.0750732421875
650.0,0.0,47.47274199399081,5.6316398707303135,4.207457683303139,47.67435073852539,28.665019989013672,27.23478889465332
651.0,0.0,47.45509338378906,5.638077432459051,4.21442466432398,47.4814567565918,28.637493133544922,27.213048934936523
652.0,0.0,47.459457050670274,5.631674679842862,4.207891009070656,47.485137939453125,28.642139434814453,27.21758460998535
653.0,0.0,47.330770232460715,5.656361384825273,4.236438306895169,47.677433013916016,28.785987854003906,27.35566520690918
654.0,0.0,47.50117848136208,5.649150913411921,4.224115588448265,47.533721923828125,28.592304229736328,27.166292190551758
655.0,0.0,47.47584733096036,5.618382388895208,4.194107039408251,47.54704284667969,28.6116886138916,27.185277938842773
656.0,0.0,47.3375095020641,5.611708153377879,4.191582896492698,47.33356475830078,28.64320945739746,27.223201751708984
657.0,0.0,47.43788736516779,5.610005454583601,4.186868906021118,47.36699295043945,28.592132568359375,27.171123504638672
658.0,0.0,47.43929126045921,5.804752534086054,4.381573855876923,47.330787658691406,28.645549774169922,27.22562599182129
659.0,0.0,47.4427567395297,5.635819911956787,4.2125372886657715,47.62377166748047,28.69193458557129,27.263221740722656
660.0,0.0,47.41277850757945,5.62513110854409,4.202747789296237,47.4853630065918,28.66363525390625,27.23907470703125
661.0,0.0,47.440371946855024,5.588042345913974,4.1648312265222724,47.43377685546875,28.597900390625,27.17488670349121
662.0,0.0,47.43732252987948,5.59182485667142,4.168705246665261,47.17774963378906,28.57547950744629,27.160146713256836
663.0,0.0,47.35041098161177,5.609241431409663,4.188729107379913,47.450111389160156,28.58624267578125,27.162738800048828
664.0,0.0,47.45048228177157,5.633225180886009,4.209710760550066,47.58946228027344,28.619823455810547,27.192140579223633
665.0,0.0,47.5298433303833,5.631943041628057,4.206047800454226,47.530517578125,28.686681747436523,27.260766983032227
666.0,0.0,47.524551304903895,5.5865301869132304,4.160793662071228,47.34122085571289,28.693279266357422,27.273042678833008
667.0,0.0,47.37396162206476,5.609841671856967,4.188622881065715,47.63155746459961,28.70011329650879,27.27116584777832
668.0,0.0,47.51134239543568,5.565993720834905,4.140653469345787,47.42100143432617,28.615074157714844,27.19244384765625
669.0,0.0,47.318335966630414,5.568297071890398,4.148747054013339,47.709476470947266,28.74054718017578,27.309263229370117
670.0,0.0,47.44873731786554,5.585070761767301,4.161608674309471,47.85319519042969,28.718454360961914,27.28285789489746
671.0,0.0,47.45015222376043,5.571339401331815,4.147834886204112,47.206851959228516,28.7457275390625,27.32952117919922
672.0,0.0,47.39677281813188,5.5830726406791,4.161169469356537,47.38969039916992,28.72210121154785,27.300411224365234
673.0,0.0,47.31940000707453,5.552649270404469,4.133067293600603,47.346378326416016,28.739826202392578,27.319435119628906
674.0,0.0,47.376063260165125,5.5714546116915615,4.150172770023346,47.317996978759766,28.73325538635254,27.3137149810791
675.0,0.0,47.3761063489047,5.569696079600941,4.148412937467748,47.41434097290039,28.83199119567871,27.409561157226562
676.0,0.0,47.39141152121804,5.568262360312722,4.146520105275241,47.368919372558594,28.699594497680664,27.278526306152344
677.0,0.0,47.40660520033403,5.550610780715942,4.128412663936615,47.49382019042969,28.788658142089844,27.36384391784668
678.0,0.0,47.34603084217418,5.560969937931407,4.140589063817805,47.428260803222656,28.715816497802734,27.29296875
679.0,0.0,47.270723602988504,5.521930369463834,4.103808722712777,47.4919319152832,28.625614166259766,27.200857162475586
680.0,0.0,47.35851573944092,5.5557872598821465,4.135031851855191,47.49942398071289,28.677297592163086,27.252315521240234
681.0,0.0,47.42512598904696,5.722834402864629,4.300080694935539,47.430538177490234,28.7495174407959,27.326601028442383
682.0,0.0,47.461719339544125,5.571492932059548,4.147641360759735,47.62159729003906,28.790424346923828,27.36177635192871
683.0,0.0,47.49722584811124,5.554802992127159,4.129886209964752,47.31169128417969,28.69999122619629,27.2806396484375
684.0,0.0,47.54099039597945,5.592500599947843,4.166270890019157,47.306541442871094,28.771940231323242,27.35274314880371
685.0,0.0,47.47830607674339,5.549031214280562,4.124682090499184,47.53496551513672,28.72058868408203,27.294540405273438
686.0,0.0,47.352914116599344,5.514128338206898,4.0935409610921685,47.1056022644043,28.77245330810547,27.359285354614258
687.0,0.0,47.41990930383856,5.527136293324557,4.1045390367507935,47.43758010864258,28.765674591064453,27.342546463012695
688.0,0.0,47.462376681241125,5.525509129871022,4.101637872782621,47.9190673828125,28.74416732788086,27.306594848632812
689.0,0.0,47.50599687749689,5.55825377594341,4.133073888041756,47.37337112426758,28.904653549194336,27.48345184326172
690.0,0.0,47.451802253723145,5.530937053940513,4.107383023608815,47.741947174072266,28.948450088500977,27.516191482543945
691.0,0.0,47.46638098630038,5.5216571200977675,4.097665727138519,47.54889678955078,28.807973861694336,27.381507873535156
692.0,0.0,47.47904430736195,5.517348939722234,4.0929775996641675,47.580223083496094,28.841289520263672,27.413883209228516
693.0,0.0,47.325353535738856,5.509570100090721,4.0898095260966905,47.31467056274414,28.800048828125,27.3806095123291
694.0,0.0,47.29255416176536,5.496298551559448,4.077521979808807,47.32596969604492,28.756132125854492,27.336353302001953
695.0,0.0,47.23284131830389,5.49580425565893,4.07881903106516,47.335845947265625,28.7850284576416,27.364953994750977
696.0,0.0,47.24929636174982,5.551999742334539,4.134520861235532,47.3966178894043,28.866561889648438,27.444664001464844
697.0,0.0,47.4250095540827,5.510090665383772,4.08734043077989,47.449886322021484,28.755353927612305,27.331857681274414
698.0,0.0,47.48739806088534,5.500415563583374,4.075793640180067,47.65145492553711,28.812698364257812,27.383153915405273
699.0,0.0,47.38148923353715,5.507525368170305,4.086080729961395,47.54775619506836,28.876991271972656,27.450557708740234
700.0,0.0,47.37756555730646,5.508377898823131,4.087050952694633,47.551578521728516,28.90264320373535,27.47609519958496
701.0,0.0,47.31777355887673,5.506968379020691,4.0874352130022915,47.04988479614258,28.8059139251709,27.39441680908203
702.0,0.0,47.28661918640137,5.4810708436098965,4.062472283840179,47.55315399169922,28.789485931396484,27.362892150878906
703.0,0.0,47.39077351310036,5.478261871771379,4.05653869563883,47.3010368347168,28.775432586669922,27.356401443481445
704.0,0.0,47.31285944851962,5.436639959161932,4.017254195430062,47.584903717041016,28.832494735717773,27.40494728088379
705.0,0.0,47.378917087208144,5.48407693342729,4.062709450721741,47.61848831176758,28.759498596191406,27.330944061279297
706.0,0.0,47.325636343522504,5.459767753427679,4.0399987209926955,47.336692810058594,28.772884368896484,27.352783203125
707.0,0.0,47.42265207117254,5.475112362341448,4.052432867613706,47.45889663696289,28.893341064453125,27.469573974609375
708.0,0.0,47.306064345619895,5.453073848377574,4.033891948786649,47.45329666137695,28.74911117553711,27.325511932373047
709.0,0.0,47.34319305419922,5.4702687805349175,4.0499730272726575,47.43907928466797,28.89846420288086,27.475292205810547
710.0,0.0,47.35934439572421,5.455713694745844,4.034933420744809,47.219966888427734,28.818920135498047,27.402320861816406
711.0,0.0,47.36625255237926,5.479286399754611,4.058298853310672,47.356075286865234,28.784130096435547,27.363447189331055
712.0,0.0,47.37491226196289,5.4746165600689976,4.0533692403273145,47.48555374145508,28.951980590820312,27.527414321899414
713.0,0.0,47.45936272361062,5.688113635236567,4.26433282548731,47.47846603393555,28.997238159179688,27.57288360595703
714.0,0.0,47.29453442313454,5.4201308055357496,4.00129482421008,47.24896240234375,28.883197784423828,27.465728759765625
715.0,0.0,47.281178734519266,5.439265608787537,4.020830279046839,47.377838134765625,28.83401870727539,27.412683486938477
716.0,0.0,47.39389402216131,5.43219670382413,4.010379910469055,47.322662353515625,28.88633155822754,27.466651916503906
717.0,0.0,47.37944230166349,5.452049504626881,4.030666253783486,47.50235366821289,28.92632293701172,27.501253128051758
718.0,0.0,47.39505741812966,5.459709199992093,4.037857554175637,47.73049545288086,28.929452896118164,27.49753761291504
719.0,0.0,47.44493233073842,5.442336418411949,4.018988528034904,47.5431022644043,28.88277816772461,27.456485748291016
720.0,0.0,47.34570945392955,5.453657692128962,4.0332864631306045,47.36427688598633,28.878793716430664,27.45786476135254
721.0,0.0,47.36124385486949,5.425992196256464,4.005154940215024,47.43976974487305,28.95026397705078,27.527070999145508
722.0,0.0,47.44075254960494,5.600880178538236,4.177657625891945,47.56636428833008,28.858837127685547,27.431846618652344
723.0,0.0,47.3850005756725,5.417834661223671,3.996284685351632,47.480464935302734,28.946918487548828,27.522504806518555
724.0,0.0,47.36891659823331,5.418662493879145,3.99759502844377,47.656402587890625,28.91132926940918,27.481637954711914
725.0,0.0,47.321270595897325,5.410890037363226,3.9912519725886257,47.616580963134766,28.92531967163086,27.496822357177734
726.0,0.0,47.3616267117587,5.4162680235776035,3.995419269258326,47.2266731262207,28.928316116333008,27.511516571044922
727.0,0.0,47.26747729561546,5.42254224690524,4.00451794537631,47.54232406616211,29.045753479003906,27.619483947753906
728.0,0.0,47.447482629255816,5.404367631131953,3.9809431867166,47.5842399597168,28.984132766723633,27.55660629272461
729.0,0.0,47.32797839424827,5.399621638384732,3.9797823049805383,47.46849060058594,29.005842208862305,27.581787109375
730.0,0.0,47.305759169838645,5.396219166842374,3.9770464409481394,47.352455139160156,28.959096908569336,27.538522720336914
731.0,0.0,47.42524181712758,5.3781714114275845,3.9554141759872437,47.4007568359375,28.960887908935547,27.53886604309082
732.0,0.0,47.325577389110215,5.533506306734952,4.113739013671875,47.52220916748047,28.95534324645996,27.52967643737793
733.0,0.0,47.35897029529918,5.424813530661843,4.00404444065961,47.55681610107422,28.936166763305664,27.509462356567383
734.0,0.0,47.34966806931929,5.368173252452504,3.9476832043040884,47.272457122802734,29.002796173095703,27.584623336791992
735.0,0.0,47.33078861236572,5.419695258140564,3.9997716600244697,47.52922058105469,28.941286087036133,27.515409469604492
736.0,0.0,47.28334470228715,5.357936924154108,3.9394365603273567,47.42811965942383,28.98215675354004,27.55931282043457
737.0,0.0,47.30729735981334,5.394585143436085,3.9753662781281904,47.462852478027344,28.9003849029541,27.476499557495117
738.0,0.0,47.27035140991211,5.383105505596507,3.9649950049140235,47.32747268676758,29.01019287109375,27.590368270874023
739.0,0.0,47.35787868499756,5.382884784178301,3.962148438800465,47.36383819580078,29.000057220458984,27.57914161682129
740.0,0.0,47.27048631147905,5.371719544584101,3.953604985367168,47.545589447021484,28.94256591796875,27.516199111938477
741.0,0.0,47.40345443378795,5.411319743503224,3.9892161976207388,47.088157653808594,28.928171157836914,27.515525817871094
742.0,0.0,47.20339688387784,5.38269148089669,3.9665896242315117,47.17681884765625,28.973344802856445,27.558040618896484
743.0,0.0,47.276612368496984,5.370474175973372,3.952175861055201,47.239112854003906,29.050342559814453,27.633169174194336
744.0,0.0,47.25815825028853,5.346946651285345,3.9292019443078474,47.30499267578125,28.969940185546875,27.550790786743164
745.0,0.0,47.31631218303334,5.370847030119463,3.9513577114452016,47.48385238647461,29.00371742248535,27.57920265197754
746.0,0.0,47.324440782720394,5.341489770195701,3.9217565764080393,47.56508255004883,28.913148880004883,27.486196517944336
747.0,0.0,47.25798546184193,5.341898441314697,3.9241589199412954,47.31864547729492,28.95240592956543,27.532846450805664
748.0,0.0,47.343821872364394,5.402293931354176,3.981979315931147,47.484920501708984,28.98952865600586,27.56498146057129
749.0,0.0,47.27069299871271,5.365966265851801,3.9478454860773953,47.25257110595703,28.986785888671875,27.5692081451416
750.0,0.0,47.33257718519731,5.384550094604492,3.9645728306336836,47.48567199707031,28.984222412109375,27.55965232849121
751.0,0.0,47.45561573722146,5.360526366667314,3.936857900836251,47.59843444824219,28.98811912536621,27.560165405273438
752.0,0.0,47.344968275590375,5.341626134785739,3.921277116645466,47.74732971191406,29.034082412719727,27.601661682128906
753.0,0.0,47.40461323478005,5.4036971222270616,3.98155878348784,47.62180709838867,29.051061630249023,27.622407913208008
754.0,0.0,47.431344292380594,5.349257924339988,3.9263176647099582,47.458187103271484,29.007478713989258,27.58373260498047
755.0,0.0,47.30887204950506,5.364511988379738,3.9452458674257453,47.372657775878906,29.115741729736328,27.694562911987305
756.0,0.0,47.45284002477472,5.341180324554443,3.917595153505152,47.18921661376953,29.051647186279297,27.635971069335938
757.0,0.0,47.2535703832453,5.335344672203064,3.917737592350353,47.1814079284668,29.046977996826172,27.63153648376465
758.0,0.0,47.35350426760587,5.363120870156721,3.9425157633694736,47.47077941894531,29.094202041625977,27.67007827758789
759.0,0.0,47.26944515921853,5.4800519509748975,4.061968662522056,47.27711868286133,29.077987670898438,27.6596736907959
760.0,0.0,47.388436577536844,5.493990757248619,4.072337697852742,47.644290924072266,29.179033279418945,27.749704360961914
761.0,0.0,47.42827103354714,5.341258233243769,3.9184101169759575,47.403053283691406,29.07533836364746,27.65324592590332
762.0,0.0,47.35208606719971,5.313024553385648,3.8924620043147695,47.3300895690918,29.099702835083008,27.679800033569336
763.0,0.0,47.201513897288926,5.3036627552726054,3.887617376717654,47.134422302246094,29.02062225341797,27.606590270996094
764.0,0.0,47.316744630986996,5.324841661886736,3.9053393439813093,47.16728210449219,29.0552921295166,27.640274047851562
765.0,0.0,47.34439260309393,5.322943470694802,3.902611727064306,47.184303283691406,29.092931747436523,27.67740249633789
766.0,0.0,47.251093517650254,5.294934554533525,3.8774017799984324,47.442806243896484,29.12425422668457,27.700969696044922
767.0,0.0,47.35859948938543,5.411352796988054,3.9905948530543935,47.5670166015625,29.044971466064453,27.617961883544922
768.0,0.0,47.22461596402255,5.278897079554471,3.8621586940505286,47.31968688964844,29.122764587402344,27.703174591064453
769.0,0.0,47.336670875549316,5.307239337400957,3.8871392499316824,47.2327880859375,29.169586181640625,27.75260353088379
770.0,0.0,47.24231563914906,5.306820685213262,3.8895512873476203,47.39216232299805,29.145288467407227,27.72352409362793
771.0,0.0,47.359456062316895,5.326456373388117,3.905672761526975,47.54005432128906,29.123374938964844,27.697174072265625
772.0,0.0,47.30081350153143,5.305487242611972,3.8864628564227712,47.08985900878906,29.073198318481445,27.660503387451172
773.0,0.0,47.18130458484996,5.279064807024869,3.8636257323351773,47.4985237121582,29.107494354248047,27.682538986206055
774.0,0.0,47.45575315302069,5.3333974426442925,3.909724858674136,47.35942459106445,29.12804412841797,27.70726203918457
775.0,0.0,47.28620459816673,5.293445056135004,3.8748589158058167,47.346561431884766,29.05293083190918,27.63253402709961
776.0,0.0,47.32125594399192,5.320724346420982,3.9010867205533115,47.488746643066406,29.124216079711914,27.699554443359375
777.0,0.0,47.24596448378129,5.272778521884572,3.855399614030665,47.41053771972656,29.164093017578125,27.741777420043945
778.0,0.0,47.312987327575684,5.286473686044866,3.867084102197127,47.42062759399414,29.157472610473633,27.734853744506836
779.0,0.0,47.37241528250954,5.304490544579246,3.8833181207830254,47.46916961669922,29.111799240112305,27.687725067138672
780.0,0.0,47.389431259848855,5.277088783004067,3.855405883355574,47.23051834106445,29.13805389404297,27.72113800048828
781.0,0.0,47.41131375052712,5.379859837618741,3.9575204849243164,47.110443115234375,29.259113311767578,27.845800399780273
782.0,0.0,47.26905467293479,5.265969970009544,3.8478983532298696,47.19606399536133,29.126300811767578,27.710418701171875
783.0,0.0,47.249018842523746,5.256016427820379,3.838545875115828,47.14181900024414,29.15317153930664,27.738916397094727
784.0,0.0,47.33558611436324,5.294998093084856,3.8749305334958164,47.59461212158203,29.087787628173828,27.659950256347656
785.0,0.0,47.277806455438785,5.2512114373120395,3.8328773216767744,47.06987380981445,29.171314239501953,27.759218215942383
786.0,0.0,47.27830410003662,5.3299994035200635,3.9116502729329197,47.3115234375,29.10813331604004,27.68878746032715
787.0,0.0,47.216022057966754,5.2355301488529555,3.8190494884144175,47.35622024536133,29.15178871154785,27.731101989746094
788.0,0.0,47.234698035500266,5.263530882922086,3.846489982171492,47.32174301147461,29.13072395324707,27.711071014404297
789.0,0.0,47.24298641898415,5.2443837035786025,3.827094143087214,47.28908157348633,29.212175369262695,27.793502807617188
790.0,0.0,47.10784756053578,5.208236531777815,3.7950011491775513,46.92523193359375,29.154460906982422,27.7467041015625
791.0,0.0,47.31403264132413,5.321692195805636,3.902271265333349,47.43406677246094,29.193395614624023,27.770374298095703
792.0,0.0,47.382649421691895,5.258184877308932,3.836705408313058,47.50183868408203,29.09745216369629,27.67239761352539
793.0,0.0,47.381455248052426,5.26472789591009,3.8432842276313086,47.52210998535156,29.178667068481445,27.75300407409668
794.0,0.0,47.287768537347965,5.240736722946167,3.8221037171103736,47.32057571411133,29.130319595336914,27.710702896118164
795.0,0.0,47.359385923905805,5.272270365194841,3.8514888124032454,47.43085861206055,29.218345642089844,27.795419692993164
796.0,0.0,47.27987592870539,5.2500070983713325,3.8316108855334194,47.23963928222656,29.1407527923584,27.72356414794922
797.0,0.0,47.274493824351914,5.240650372071699,3.8224155577746304,47.35480499267578,29.24765968322754,27.827014923095703
798.0,0.0,47.26373906569047,5.246843966570768,3.8289317922158674,47.416873931884766,29.174467086791992,27.75196075439453
799.0,0.0,47.26289636438543,5.249978498979048,3.832091613249345,47.451114654541016,29.27560043334961,27.852067947387695
800.0,0.0,47.340842420404606,5.3099048354408955,3.889679567380385,47.16311264038086,29.10659408569336,27.691699981689453
801.0,0.0,47.329374833540484,5.240989435802806,3.8211082111705434,47.223907470703125,29.264074325561523,27.84735679626465
802.0,0.0,47.30757730657404,5.245022611184553,3.8257953307845374,47.614070892333984,29.21347999572754,27.785057067871094
803.0,0.0,47.27323254671964,5.224734783172607,3.8065378232435747,47.30044937133789,29.17509651184082,27.75608253479004
804.0,0.0,47.2773288380016,5.228776649995283,3.8104568286375566,47.51049041748047,29.264902114868164,27.839588165283203
805.0,0.0,47.34402517838912,5.24947464466095,3.8291538791223005,47.44757080078125,29.280309677124023,27.856882095336914
806.0,0.0,47.32367758317427,5.210296479138461,3.790586146441373,47.12681579589844,29.06951332092285,27.65570831298828
807.0,0.0,47.2165773565119,5.2039371728897095,3.7874398773366753,47.354007720947266,29.22346305847168,27.80284309387207
808.0,0.0,47.24721787192605,5.208483143286272,3.7910666357387197,47.385799407958984,29.115055084228516,27.6934814453125
809.0,0.0,47.33188724517822,5.212710077112371,3.792753490534696,47.21052551269531,29.23187255859375,27.8155574798584
810.0,0.0,47.200527451255105,5.202698696743358,3.7866829308596524,47.4195556640625,29.286718368530273,27.864131927490234
811.0,0.0,47.2225886258212,5.218155416575345,3.8014777952974494,47.3046760559082,29.249210357666016,27.83007049560547
812.0,0.0,47.305275830355555,5.232565728100863,3.813407464460893,47.34028625488281,29.220951080322266,27.800743103027344
813.0,0.0,47.238486463373356,5.181467316367409,3.764312733303417,47.090179443359375,29.226043701171875,27.813339233398438
814.0,0.0,47.221958507191054,5.263923395763744,3.8472647070884705,47.53567886352539,29.22039222717285,27.794321060180664
815.0,0.0,47.42712965878573,5.2924888567491015,3.8696749968962236,47.442893981933594,29.287633895874023,27.864347457885742
816.0,0.0,47.348932006142356,5.2054056254300205,3.7849376526745884,47.84138107299805,29.196645736694336,27.761404037475586
817.0,0.0,47.3336897763339,5.20951766317541,3.789507058533755,47.29690170288086,29.31105613708496,27.892148971557617
818.0,0.0,47.2627569545399,5.169353149153969,3.7514705007726494,47.18320846557617,29.246196746826172,27.830699920654297
819.0,0.0,47.25743354450572,5.164704420349815,3.7469814365560357,47.57061767578125,29.272842407226562,27.84572410583496
820.0,0.0,47.249185128645465,5.177456855773926,3.7599813125350257,47.20053482055664,29.24173927307129,27.82572364807129
821.0,0.0,47.26455220309171,5.19906228238886,3.781125756827268,47.235652923583984,29.282148361206055,27.86507797241211
822.0,0.0,47.28289144689386,5.2029784159226855,3.7844917232340034,47.332218170166016,29.30998420715332,27.890018463134766
823.0,0.0,47.27280382676558,5.2086332711306484,3.790449180386283,47.36168670654297,29.334165573120117,27.913314819335938
824.0,0.0,47.356620441783555,5.20678879997947,3.786090222272006,47.430843353271484,29.314767837524414,27.891841888427734
825.0,0.0,47.311100006103516,5.166067654436285,3.7467347112568943,47.58177185058594,29.417497634887695,27.99004364013672
826.0,0.0,47.23841363733465,5.172876433892683,3.755724083293568,47.45390319824219,29.363265991210938,27.93964958190918
827.0,0.0,47.30856175856157,5.176188273863359,3.756931418722326,47.461769104003906,29.366071701049805,27.942218780517578
828.0,0.0,47.28228144212203,5.165616468949751,3.7471480423753913,47.21846008300781,29.337480545043945,27.920927047729492
829.0,0.0,47.25410218672319,5.159551349553195,3.741928279399872,47.49318313598633,29.33954620361328,27.914751052856445
830.0,0.0,47.23000803860751,5.211555361747742,3.7946551767262546,47.204769134521484,29.30503273010254,27.88888931274414
831.0,0.0,47.17039533094926,5.172440984032371,3.7573291821913286,47.458492279052734,29.372821807861328,27.949068069458008
832.0,0.0,47.29674278606068,5.141080260276794,3.7221779931675303,47.088348388671875,29.25857162475586,27.84592056274414
833.0,0.0,47.229599779302426,5.137931368567727,3.721043435010043,47.51692581176758,29.35833740234375,27.932828903198242
834.0,0.0,47.12512813914906,5.180823564529419,3.7670697461475027,47.33440399169922,29.394187927246094,27.97415542602539
835.0,0.0,47.20578193664551,5.157436934384433,3.7412634925408796,47.144893646240234,29.29007339477539,27.8757266998291
836.0,0.0,47.14743423461914,5.147293285890059,3.732870324091478,47.3041877746582,29.403518676757812,27.984392166137695
837.0,0.0,47.160050652243875,5.162588596343994,3.747787128795277,47.327247619628906,29.380491256713867,27.960674285888672
838.0,0.0,47.226481611078434,5.146129662340337,3.729335243051702,47.292991638183594,29.37924575805664,27.96045684814453
839.0,0.0,47.18588265505704,5.161038496277549,3.74546203288165,47.373538970947266,29.281728744506836,27.860523223876953
840.0,0.0,47.2042310888117,5.105286359786987,3.6891594637523997,47.27629089355469,29.337221145629883,27.91893196105957
841.0,0.0,47.17155994068492,5.123095425692472,3.707948635924946,47.18434143066406,29.41790771484375,28.002378463745117
842.0,0.0,47.245631824840196,5.139025395566767,3.721656468781558,47.2860221862793,29.315584182739258,27.897003173828125
843.0,0.0,47.187071626836605,5.148283275690946,3.7326711253686384,47.4005241394043,29.383275985717773,27.961259841918945
844.0,0.0,47.16147379441695,5.113085129044273,3.698240941221064,47.37532043457031,29.361703872680664,27.940444946289062
845.0,0.0,47.22843092138117,5.1175067533146255,3.700653845613653,47.073055267333984,29.358118057250977,27.945926666259766
846.0,0.0,46.957774595780805,5.07831854170019,3.669585347175598,47.08399963378906,29.332353591918945,27.91983413696289
847.0,0.0,47.108572873202235,5.146246888420799,3.732989728450775,47.194026947021484,29.358903884887695,27.943082809448242
848.0,0.0,47.25744967027144,5.13117824901234,3.713454782962799,47.24715042114258,29.401626586914062,27.98421287536621
849.0,0.0,47.273531220176004,5.1316190199418505,3.7134130868044766,47.129337310791016,29.4522647857666,28.03838539123535
850.0,0.0,47.123122995549984,5.111859971826727,3.6981662782755764,47.331451416015625,29.35649871826172,27.936555862426758
851.0,0.0,47.15874654596502,5.102834853259,3.688072480938651,47.08216857910156,29.37732696533203,27.964862823486328
852.0,0.0,47.14898803017356,5.103835669430819,3.6893660480325874,47.5181770324707,29.442262649536133,28.0167179107666
853.0,0.0,47.21643499894576,5.115123055197976,3.6986300240863454,47.37955856323242,29.359086990356445,27.937700271606445
854.0,0.0,47.03469597209584,5.0876486193050035,3.6766077930277046,47.24542999267578,29.311994552612305,27.89463233947754
855.0,0.0,47.195043477145106,5.085393818941983,3.669542523947629,47.22444152832031,29.391721725463867,27.97498893737793
856.0,0.0,47.132384993813254,5.098306363279169,3.6843348308043047,47.10367202758789,29.351661682128906,27.93855094909668
857.0,0.0,47.11818183552135,5.072489554231817,3.6589441299438477,47.21359634399414,29.52092170715332,28.10451316833496
858.0,0.0,47.21963648362593,5.126044988632202,3.7094559452750464,47.29385757446289,29.455230712890625,28.036415100097656
859.0,0.0,47.18992519378662,5.1107789061286235,3.6950812177224592,47.380409240722656,29.470117568969727,28.0487060546875
860.0,0.0,47.06656941500577,5.079500165852633,3.6675031293522227,47.2234001159668,29.355619430541992,27.93891716003418
861.0,0.0,47.22404653375799,5.118928529999473,3.702207158912312,47.342872619628906,29.389747619628906,27.96946144104004
862.0,0.0,47.27002187208696,5.099179376255382,3.6810787482695146,47.246028900146484,29.34478187561035,27.927400588989258
863.0,0.0,47.16818991574374,5.110492142764005,3.6954464695670386,47.17798614501953,29.416889190673828,28.001548767089844
864.0,0.0,47.27261274511164,5.112252224575389,3.694073861295527,47.24823760986328,29.34014129638672,27.92269515991211
865.0,0.0,47.18957380814986,5.075115463950417,3.659428282217546,47.22624969482422,29.334569931030273,27.917781829833984
866.0,0.0,47.1350398497148,5.080563274296847,3.6665120991793545,47.353275299072266,29.40497398376465,27.984375
867.0,0.0,47.1908878846602,5.087927157228643,3.6722005388953467,47.083248138427734,29.456907272338867,28.044410705566406
868.0,0.0,47.13969958912242,5.078016725453463,3.6638257936997847,47.40282440185547,29.437379837036133,28.015295028686523
869.0,0.0,47.22090643102472,5.092556834220886,3.6759296601468865,47.3426513671875,29.45108413696289,28.030803680419922
870.0,0.0,47.143347393382676,5.05884605104273,3.6445456580682234,46.89064025878906,29.463916778564453,28.05719757080078
871.0,0.0,47.204324982383035,5.080372051759199,3.6642423380504954,47.37159729003906,29.4639949798584,28.0428466796875
872.0,0.0,47.20786978981712,5.066365621306679,3.6501295891675083,47.30778121948242,29.44499969482422,28.025766372680664
873.0,0.0,47.21410968086936,5.074519970200279,3.658096719871868,47.21704864501953,29.435470581054688,28.018959045410156
874.0,0.0,47.19726969979026,5.071856206113642,3.6559381539171394,46.86429214477539,29.424100875854492,28.018171310424805
875.0,0.0,46.979060953313656,5.046547326174649,3.637175576253371,47.373958587646484,29.43341827392578,28.01219940185547
876.0,0.0,47.08683837543834,5.144451824101535,3.7318466901779175,46.84579849243164,29.390403747558594,27.985029220581055
877.0,0.0,47.02371094443581,5.076168970628218,3.6654576659202576,47.13829040527344,29.476837158203125,28.06268882751465
878.0,0.0,47.15954503146085,5.053066264499318,3.6382799961350183,47.363460540771484,29.526161193847656,28.105257034301758
879.0,0.0,47.17806148529053,5.067327044226906,3.6519852605733005,47.20447540283203,29.539730072021484,28.12359619140625
880.0,0.0,47.16836149042303,5.045680663802407,3.6306298591873865,47.50783157348633,29.459611892700195,28.03437614440918
881.0,0.0,47.1616812619296,5.063222787596962,3.648372406309301,47.22529602050781,29.539663314819336,28.12290382385254
882.0,0.0,47.22738630121405,5.063752694563433,3.646931144324216,47.7022819519043,29.484634399414062,28.053565979003906
883.0,0.0,47.257336443120785,5.068031419407237,3.6503113616596568,47.06276321411133,29.49549102783203,28.083608627319336
884.0,0.0,47.20628131519664,5.089605233886025,3.6734168150208215,47.52710723876953,29.561283111572266,28.135469436645508
885.0,0.0,47.205133351412684,5.06455257805911,3.64839861609719,47.150428771972656,29.490201950073242,28.0756893157959
886.0,0.0,47.15767392245206,5.065235300497576,3.6505051255226135,47.24263000488281,29.581159591674805,28.163881301879883
887.0,0.0,47.19239000840621,5.0328403386202725,3.6170687025243584,47.52837371826172,29.51775550842285,28.091903686523438
888.0,0.0,47.23183822631836,5.042479049075734,3.625523951920596,46.94872283935547,29.592544555664062,28.18408203125
889.0,0.0,47.09330316023393,5.034749453718012,3.6219503825361077,47.110137939453125,29.44472885131836,28.03142547607422
890.0,0.0,47.10404031926935,5.019692312587392,3.606571143323725,47.097042083740234,29.561767578125,28.14885711669922
891.0,0.0,47.193999550559305,5.034679781306874,3.6188598491928796,47.328487396240234,29.527332305908203,28.10747718811035
892.0,0.0,47.274539947509766,5.048135150562633,3.6298989816145464,46.96970748901367,29.491092681884766,28.082000732421875
893.0,0.0,47.16757887059992,5.037572394717824,3.6225450851700525,47.228763580322266,29.656301498413086,28.239439010620117
894.0,0.0,47.03925574909557,5.013528455387462,3.6023508364504035,47.2391471862793,29.42483901977539,28.007665634155273
895.0,0.0,47.266874053261496,5.10023709860715,3.682230895215815,47.56059265136719,29.511091232299805,28.084274291992188
896.0,0.0,47.19509948383678,5.0089955004778774,3.5931425419720737,47.13479995727539,29.523941040039062,28.10989761352539
897.0,0.0,47.1136663610285,5.0413068316199565,3.627896883270957,47.30718994140625,29.572851181030273,28.153635025024414
898.0,0.0,47.077005646445535,5.035585620186546,3.6232754425569014,46.93360900878906,29.587032318115234,28.17902374267578
899.0,0.0,47.21212577819824,5.065774614160711,3.6494108980352227,47.47707748413086,29.532108306884766,28.10779571533203
900.0,0.0,47.19529862837358,5.0243201580914585,3.6084611849351362,46.97114562988281,29.551101684570312,28.1419677734375
901.0,0.0,47.117205533114344,5.00276628407565,3.589250174435702,47.30110549926758,29.48291015625,28.06387710571289
902.0,0.0,47.12334771589799,5.003427917307073,3.5897275371985002,47.38572311401367,29.548828125,28.127256393432617
903.0,0.0,47.13613146001642,5.007857127623125,3.5937731970440256,47.16401290893555,29.581880569458008,28.166959762573242
904.0,0.0,47.21686198494651,5.022768584164706,3.6062627380544487,47.149471282958984,29.513931274414062,28.09944725036621
905.0,0.0,47.162391749295324,5.018702593716708,3.6038308468731968,47.11920166015625,29.56830406188965,28.154727935791016
906.0,0.0,47.24976600300182,5.0403689037669785,3.6228759505532007,47.389530181884766,29.636436462402344,28.214750289916992
907.0,0.0,47.10571419108998,4.986496686935425,3.5733253359794617,47.098873138427734,29.6116943359375,28.198728561401367
908.0,0.0,47.23651729930531,5.014939882538536,3.5978444056077437,47.44465255737305,29.54091453552246,28.11757469177246
909.0,0.0,47.13505181399259,4.997998118400574,3.5839465693994,47.27370834350586,29.57713508605957,28.158924102783203
910.0,0.0,47.145691871643066,5.023640285838734,3.609269591895017,47.23842239379883,29.575538635253906,28.15838623046875
911.0,0.0,47.14125980030406,5.004395799203352,3.590158023617484,46.91940689086914,29.749101638793945,28.341520309448242
912.0,0.0,47.10434324091131,5.009936083446849,3.596805848858573,47.09608459472656,29.51093292236328,28.098051071166992
913.0,0.0,47.11240482330322,4.988332444971258,3.574960329315879,47.010746002197266,29.560409545898438,28.150087356567383
914.0,0.0,47.15300325913863,4.976464878429066,3.5618747906251387,47.099178314208984,29.695249557495117,28.28227424621582
915.0,0.0,46.97405598380349,4.9733134724877095,3.5640918504108083,47.2944450378418,29.60080909729004,28.181976318359375
916.0,0.0,47.26846365495162,5.035263841802424,3.6172099709510803,47.50559997558594,29.64274024963379,28.217573165893555
917.0,0.0,47.05065103010698,4.988124283877286,3.576604810628024,47.002471923828125,29.59724998474121,28.187175750732422
918.0,0.0,47.25819422981956,5.046297214247963,3.6285513747822153,47.19611740112305,29.478015899658203,28.062131881713867
919.0,0.0,47.075752865184434,4.9838105115023525,3.5715379173105415,47.224571228027344,29.64580535888672,28.229068756103516
920.0,0.0,47.239351792769,4.999221454967152,3.582040938464078,47.437225341796875,29.59821891784668,28.17510223388672
921.0,0.0,47.11232696879994,4.976198879155246,3.5628291368484497,47.155555725097656,29.5539608001709,28.139293670654297
922.0,0.0,47.222973736849696,4.984862782738426,3.5681736144152554,47.19438171386719,29.63034439086914,28.214513778686523
923.0,0.0,47.098224726590246,4.969083612615412,3.5561369278214197,47.319358825683594,29.629728317260742,28.210147857666016
924.0,0.0,47.046824888749555,4.972900282252919,3.561495526270433,47.10028076171875,29.55657958984375,28.143571853637695
925.0,0.0,47.0018459666859,4.960125207901001,3.5500698468901892,47.227088928222656,29.623336791992188,28.206523895263672
926.0,0.0,47.223139936273746,4.952557043595747,3.5358628739010203,47.16259765625,29.648902893066406,28.234025955200195
927.0,0.0,47.10236384651878,4.9473394697362725,3.5342685959555884,46.732879638671875,29.589672088623047,28.187685012817383
928.0,0.0,46.992981390519574,5.082704088904641,3.6729146404699846,46.932559967041016,29.607168197631836,28.19919204711914
929.0,0.0,47.073046164079145,4.964647195555947,3.552455847913569,47.1680908203125,29.66283416748047,28.247791290283203
930.0,0.0,47.04154057936235,4.9748464389280835,3.563600231300701,47.16643524169922,29.648775100708008,28.233781814575195
931.0,0.0,47.122970234264024,4.962817018682307,3.5491279580376367,47.19316864013672,29.595014572143555,28.17922019958496
932.0,0.0,47.0798944126476,4.988043936816129,3.5756471211260017,47.113258361816406,29.55567741394043,28.14228057861328
933.0,0.0,47.028030308810145,4.956028548153964,3.5451876792040737,47.04560089111328,29.697975158691406,28.28660774230957
934.0,0.0,47.11949790607799,4.975860574028709,3.562275702303106,47.210853576660156,29.662010192871094,28.245683670043945
935.0,0.0,47.11665309559215,5.147034005685286,3.7335344552993774,47.4350700378418,29.6707706451416,28.247718811035156
936.0,0.0,47.06489719044078,4.967861338095232,3.5559144887057217,47.17116165161133,29.687204360961914,28.272069931030273
937.0,0.0,47.16653849861839,4.970815474336797,3.555819338018244,47.12318420410156,29.587806701660156,28.174110412597656
938.0,0.0,47.096033876592465,4.944126009941101,3.531245031140067,47.218013763427734,29.661090850830078,28.244550704956055
939.0,0.0,47.069280190901324,4.939768195152283,3.5276897820559414,47.279869079589844,29.67986297607422,28.26146697998047
940.0,0.0,47.2412131916393,4.967644994909113,3.5504086125980723,47.38099670410156,29.538097381591797,28.116666793823242
941.0,0.0,47.04487185044722,4.977611151608554,3.5662650628523394,47.11380386352539,29.681734085083008,28.268320083618164
942.0,0.0,47.12683400240812,4.975037444721568,3.561232404275374,46.98563766479492,29.708019256591797,28.298450469970703
943.0,0.0,47.098520192232996,4.9215005311098965,3.5085449489680203,47.22966003417969,29.690120697021484,28.273231506347656
944.0,0.0,47.157963579351254,4.919149713082747,3.5044108629226685,47.0593376159668,29.69166374206543,28.279884338378906
945.0,0.0,47.07128767533736,4.94471118666909,3.532572578300129,47.638938903808594,29.742229461669922,28.313060760498047
946.0,0.0,47.22350172563033,4.949549815871499,3.532844776457006,47.18456268310547,29.610307693481445,28.19477081298828
947.0,0.0,47.011456056074664,4.960163094780662,3.5498194748705085,47.428009033203125,29.60970687866211,28.186866760253906
948.0,0.0,47.09626431898637,4.92687084458091,3.513982967896895,47.417049407958984,29.644044876098633,28.221532821655273
949.0,0.0,47.233897555958144,4.97123769196597,3.554220763119784,47.35587692260742,29.739017486572266,28.318340301513672
950.0,0.0,47.04793583263051,4.9430931373076,3.531655127351934,47.09446716308594,29.686532974243164,28.273698806762695
951.0,0.0,47.19635859402743,5.06858952478929,3.6526987552642822,47.15980911254883,29.660478591918945,28.245683670043945
952.0,0.0,47.10173286091197,4.950620607896284,3.537568677555431,47.323822021484375,29.681901931762695,28.262187957763672
953.0,0.0,47.12449533289129,4.94469247081063,3.5309576283801687,47.368255615234375,29.650514602661133,28.229467391967773
954.0,0.0,47.238713177767664,4.999619527296587,3.5824581655589016,47.18338394165039,29.577613830566406,28.162113189697266
955.0,0.0,47.120541139082476,4.9416139776056465,3.5279978080229326,47.24095916748047,29.64391326904297,28.2266845703125
956.0,0.0,47.05267654765736,4.940523277629506,3.528943023898385,46.98265838623047,29.687435150146484,28.277956008911133
957.0,0.0,47.02104594490745,4.953625353899869,3.5429939790205522,47.10129165649414,29.713489532470703,28.300451278686523
958.0,0.0,47.07097738439386,4.9199501926248725,3.507820887999101,47.208168029785156,29.689266204833984,28.273021697998047
959.0,0.0,47.08649227835915,4.907277714122426,3.4946829839186235,47.2933349609375,29.77107048034668,28.352270126342773
960.0,0.0,47.105154124173254,4.910460472106934,3.49730585380034,46.99281311035156,29.72133445739746,28.31155014038086
961.0,0.0,46.981328530745074,4.9209502068432895,3.5115103829990733,47.0875244140625,29.623620986938477,28.210994720458984
962.0,0.0,47.129343553022906,4.914972597902471,3.501092320138758,47.481529235839844,29.780807495117188,28.356361389160156
963.0,0.0,47.09258183566007,4.9153314287012275,3.502554004842585,47.448097229003906,29.804338455200195,28.380895614624023
964.0,0.0,47.10940699143843,4.909492156722329,3.4962100007317285,47.05398941040039,29.644615173339844,28.232995986938477
965.0,0.0,46.98464662378485,4.919256123629483,3.5097167654470964,47.1147575378418,29.7268009185791,28.313358306884766
966.0,0.0,46.990849841724746,4.894011497497559,3.4842860102653503,47.110164642333984,29.665403366088867,28.252098083496094
967.0,0.0,47.00192607532848,4.899111357602206,3.4890536178242075,47.28331756591797,29.78021812438965,28.361719131469727
968.0,0.0,47.071254296736285,4.889048337936401,3.476910748265006,47.08527755737305,29.688589096069336,28.276031494140625
969.0,0.0,47.047334150834516,4.9000009081580425,3.4885809258981184,47.11518859863281,29.7408447265625,28.327388763427734
970.0,0.0,46.9377553246238,4.88749518177726,3.4793625203045933,47.152225494384766,29.693561553955078,28.278995513916016
971.0,0.0,46.959342523054644,4.907366904345426,3.4985866329886695,47.1002311706543,29.73233985900879,28.319332122802734
972.0,0.0,47.14881281419234,4.905771298841997,3.491306949745525,47.25376510620117,29.768096923828125,28.35048484802246
973.0,0.0,47.02880928733132,4.889911770820618,3.47904754226858,47.26144027709961,29.78659439086914,28.368751525878906
974.0,0.0,47.139015284451574,4.912791447205977,3.4986209761012685,47.06708526611328,29.732542037963867,28.32052993774414
975.0,0.0,47.12180787866766,4.8878229748119,3.474168772047216,47.146793365478516,29.76180648803711,28.347402572631836
976.0,0.0,47.12112799557772,4.888018337163058,3.4743845679543237,47.28546142578125,29.75918197631836,28.340618133544922
977.0,0.0,46.9703145460649,4.875370047309182,3.4662606336853723,47.291847229003906,29.807817459106445,28.389062881469727
978.0,0.0,47.08234362168746,4.905830079858953,3.4933597933162344,47.39198684692383,29.729896545410156,28.308135986328125
979.0,0.0,47.009263038635254,4.85517121445049,3.4448933655565437,47.08946990966797,29.779491424560547,28.36680793762207
980.0,0.0,46.94456906752153,4.8663003553043715,3.4579633474349976,47.18645095825195,29.79987907409668,28.38428497314453
981.0,0.0,47.109127738259055,4.975060993974859,3.5617871934717353,47.14596176147461,29.786855697631836,28.37247657775879
982.0,0.0,46.925176707181066,4.87481135671789,3.4670560630885037,46.956146240234375,29.693405151367188,28.28472137451172
983.0,0.0,46.895509546453304,4.852634343233976,3.445769093253396,47.136932373046875,29.75705909729004,28.34295082092285
984.0,0.0,47.10531590201638,4.868639100681651,3.455479686910456,47.08040237426758,29.87889289855957,28.466480255126953
985.0,0.0,47.005123658613726,4.847282182086598,3.4371284625746985,47.09965515136719,29.755950927734375,28.34296226501465
986.0,0.0,46.9558460929177,4.850317824970592,3.4416425065560774,47.1679573059082,29.801748275756836,28.386709213256836
987.0,0.0,47.16019335660067,4.887247042222456,3.472441266883503,47.50272750854492,29.783357620239258,28.3582763671875
988.0,0.0,47.16594895449552,4.904728586023504,3.4897501143542202,47.24216079711914,29.843143463134766,28.425878524780273
989.0,0.0,47.143599943681195,4.854179469021884,3.4398715062574907,47.263267517089844,29.859941482543945,28.44204330444336
990.0,0.0,47.01410458304665,4.899560050530867,3.4891369180245833,47.18727111816406,29.82123565673828,28.405616760253906
991.0,0.0,47.00108970295299,4.861555738882585,3.451523081822829,47.26655578613281,29.833972930908203,28.41597557067871
992.0,0.0,47.14359734275124,4.968904180960222,3.554596283219077,47.04269027709961,29.765289306640625,28.3540096282959
993.0,0.0,46.99285099723122,4.873713124882091,3.4639276320284065,47.099098205566406,29.862714767456055,28.44974136352539
994.0,0.0,47.137135158885606,4.874439987269315,3.460325999693437,47.02008819580078,29.80332374572754,28.39272117614746
995.0,0.0,46.9664060419256,4.8699585957960645,3.4609664624387566,47.110679626464844,29.85552215576172,28.442201614379883
996.0,0.0,47.082597038962625,4.864172501997515,3.4516946456649085,47.25713348388672,29.884977340698242,28.46726417541504
997.0,0.0,47.108725721185856,4.873609336939725,3.460347603667866,47.36880874633789,29.822641372680664,28.40157699584961
998.0,0.0,47.0265305259011,4.848389354619113,3.4375934438271956,47.34929656982422,29.798898696899414,28.378419876098633
999.0,0.0,47.106534784490414,4.84816405989907,3.4349680813876065,46.94660949707031,29.82172393798828,28.413326263427734
1000.0,0.0,47.02170840176669,4.850609129125422,3.4399578842249783,46.94745635986328,29.868568420410156,28.46014404296875
1001.0,0.0,46.989496837962754,4.875203154303811,3.465518257834695,47.31112289428711,29.827978134155273,28.40864372253418
1002.0,0.0,47.06788392500444,4.8573045838962905,3.4452680837024343,47.21124267578125,29.77467155456543,28.358333587646484
1003.0,0.0,46.9753398028287,4.84101973880421,3.431759574196555,47.118247985839844,29.847810745239258,28.434263229370117
1004.0,0.0,46.916507027365945,4.844704898920926,3.437209736217152,47.34581756591797,29.888158798217773,28.467784881591797
1005.0,0.0,46.939894849603824,4.828366680578752,3.420169857415286,47.529693603515625,29.89931869506836,28.47342872619629
1006.0,0.0,47.072349374944515,4.853987216949463,3.4418167742815884,46.98333740234375,29.906862258911133,28.49736213684082
1007.0,0.0,46.95016470822421,4.876978115601973,3.4684732177040796,47.370025634765625,29.825374603271484,28.404273986816406
1008.0,0.0,47.21452201496471,4.88689835505052,3.4704627340490166,47.08159637451172,29.843008041381836,28.430561065673828
1009.0,0.0,47.10542514107444,4.851851593364369,3.4386889067563144,47.05873489379883,29.836627960205078,28.42486572265625
1010.0,0.0,47.03654904799028,4.840677001259544,3.4295805475928565,46.886512756347656,29.882858276367188,28.47626304626465
1011.0,0.0,46.976959922096945,4.845683628862554,3.4363748756321995,47.435306549072266,29.920963287353516,28.49790382385254
1012.0,0.0,47.09827154332941,4.854904770851135,3.441956650127064,46.96122360229492,29.854162216186523,28.44532585144043
1013.0,0.0,46.85228928652677,4.820940592072227,3.415371932766654,47.235443115234375,29.884431838989258,28.467369079589844
1014.0,0.0,47.13797603953969,4.831240469759161,3.4171012423255225,47.17240524291992,29.803789138793945,28.38861656188965
1015.0,0.0,47.119759733026676,4.8372836979952725,3.4236909367821435,47.260841369628906,29.887399673461914,28.469573974609375
1016.0,0.0,47.00305956060236,4.820301034233787,3.4102092656222256,47.1392822265625,29.845481872558594,28.431303024291992
1017.0,0.0,47.058982849121094,4.8689234473488545,3.4571539705449883,46.98424530029297,29.885669708251953,28.47614288330078
1018.0,0.0,47.02186298370361,4.872660257599571,3.4620044231414795,47.08823013305664,29.88216781616211,28.469520568847656
1019.0,0.0,47.01872296766801,4.805031852288679,3.3944701769135217,46.77250671386719,29.897056579589844,28.493881225585938
1020.0,0.0,46.779894915494054,4.794897415421226,3.3915005813945425,47.04880142211914,29.871463775634766,28.459999084472656
1021.0,0.0,46.852712631225586,4.803176576440984,3.397595243020491,46.84324264526367,29.94204330444336,28.536746978759766
1022.0,0.0,47.137795795093886,4.828400243412364,3.4142664020711724,46.968414306640625,29.914342880249023,28.505290985107422
1023.0,0.0,46.94261221452193,4.838869658383456,3.430591355670582,46.71115493774414,29.881420135498047,28.480085372924805
1024.0,0.0,46.92349893396551,4.7978842800313775,3.3901793740012427,47.20670700073242,29.85403060913086,28.437829971313477
1025.0,0.0,47.12620032917369,4.825587912039324,3.411801950498061,47.05882263183594,29.99968910217285,28.58792495727539
1026.0,0.0,46.87620171633634,4.820134553042325,3.4138485572554846,47.04148483276367,29.87232208251953,28.461076736450195
1027.0,0.0,46.95692391829057,4.781219829212535,3.3725121454759077,47.032257080078125,29.915306091308594,28.50433921813965
1028.0,0.0,47.07002232291482,4.925064379518682,3.5129637718200684,46.86823272705078,29.89037322998047,28.484325408935547
1029.0,0.0,46.93118008700284,4.9235910177230835,3.515655680136247,47.21675109863281,29.894363403320312,28.477861404418945
1030.0,0.0,47.114649599248715,4.831555355678905,3.41811585968191,47.261165618896484,29.93696403503418,28.519128799438477
1031.0,0.0,47.12146654996005,4.832819472659718,3.419175532731143,46.88666915893555,29.99774932861328,28.591148376464844
1032.0,0.0,47.08841167796742,4.81308464570479,3.4004323482513428,47.21110153198242,29.873977661132812,28.457645416259766
1033.0,0.0,46.990754734386094,4.7909064509651875,3.381183857267553,46.793907165527344,29.9454345703125,28.541616439819336
1034.0,0.0,47.009519056840375,4.813738812099803,3.403453241695057,46.98639678955078,29.9110107421875,28.501419067382812
1035.0,0.0,46.98203442313454,4.8671803799542515,3.4577193693681196,46.9413948059082,29.9487247467041,28.540483474731445
1036.0,0.0,47.06239873712713,4.8116526928814976,3.3997807611118662,46.97618865966797,29.950042724609375,28.540756225585938
1037.0,0.0,46.91310475089333,4.813784144141457,3.406391046263955,46.8101921081543,29.93874740600586,28.534440994262695
1038.0,0.0,46.98735653270375,4.78394569050182,3.374325004490939,47.164215087890625,29.997005462646484,28.58207893371582
1039.0,0.0,46.98418712615967,4.795908277684992,3.3863827044313606,47.00098419189453,30.01126480102539,28.601234436035156
1040.0,0.0,46.82285291498358,4.794273127209056,3.38958757573908,47.16801834106445,29.885047912597656,28.470006942749023
1041.0,0.0,47.171967419711024,4.810126694765958,3.3949677131392737,47.18933868408203,29.936201095581055,28.52052116394043
1042.0,0.0,47.01727901805531,4.788662672042847,3.3781443455002527,47.05540466308594,29.957298278808594,28.545635223388672
1043.0,0.0,47.033127784729004,4.854161750186574,3.4431679519740017,47.02909469604492,30.018136978149414,28.607263565063477
1044.0,0.0,47.11177158355713,4.785911419174888,3.3725582469593394,47.358829498291016,29.921283721923828,28.500518798828125
1045.0,0.0,46.94035191969438,4.785782835700295,3.3775722926313225,46.910789489746094,29.959346771240234,28.55202293395996
1046.0,0.0,47.022058660333805,4.822630752216686,3.411969011480158,47.063262939453125,29.890962600708008,28.47906494140625
1047.0,0.0,46.9553861618042,4.7835718176581645,3.374910295009613,46.9594612121582,29.97060203552246,28.561819076538086
1048.0,0.0,46.99842522361062,4.777726791121743,3.3677740801464426,46.91695785522461,29.964658737182617,28.55714988708496
1049.0,0.0,46.92381173914129,4.7645837610418145,3.3568694428964094,46.819923400878906,29.960660934448242,28.556062698364258
1050.0,0.0,47.065583575855605,4.8219641555439345,3.40999666669152,46.94163513183594,29.899036407470703,28.490787506103516
1051.0,0.0,47.00109724564986,4.771252556280657,3.3612196987325493,47.396095275878906,29.950454711914062,28.52857208251953
1052.0,0.0,47.02537579969926,4.790142666209828,3.3793814073909414,47.17609786987305,30.01137351989746,28.59609031677246
1053.0,0.0,46.97577259757302,4.797294194048101,3.388021078976718,47.476173400878906,29.99201202392578,28.567726135253906
1054.0,0.0,47.08459455316717,4.806174711747603,3.393636876886541,47.28117370605469,30.05325698852539,28.63482093811035
1055.0,0.0,47.03644509748979,4.78738015348261,3.376286815513264,47.30961608886719,29.987911224365234,28.568622589111328
1056.0,0.0,47.04647679762407,4.787823709574613,3.3764294548468157,47.12804412841797,29.92285919189453,28.509017944335938
1057.0,0.0,46.85087758844549,4.75911913134835,3.3535928455266086,47.00339889526367,29.94794464111328,28.537841796875
1058.0,0.0,46.921733682805844,4.787523984909058,3.3798720078034834,47.26845169067383,29.92946434020996,28.511411666870117
1059.0,0.0,46.94850340756503,4.759805029088801,3.351349960673939,47.36920928955078,29.96281623840332,28.54174041748047
1060.0,0.0,47.014873417941004,4.7448942336169155,3.3344480828805403,47.174198150634766,29.89142608642578,28.476200103759766
1061.0,0.0,46.9424275484952,4.735192136331038,3.3269193389199,47.000396728515625,30.001007080078125,28.59099578857422
1062.0,0.0,46.89005184173584,4.758011904629794,3.351310383189808,46.62913513183594,29.93547821044922,28.536603927612305
1063.0,0.0,46.83715144070712,4.757599657232111,3.3524851257150825,47.063087463378906,30.053003311157227,28.641111373901367
1064.0,0.0,46.974587353793055,4.76617985421961,3.3569422743537207,46.900516510009766,29.945531845092773,28.538516998291016
1065.0,0.0,46.976083755493164,4.757381070743907,3.348098641092127,47.22748947143555,29.990934371948242,28.57411003112793
1066.0,0.0,46.91427005421031,4.72999352758581,3.3225654472004282,47.09236145019531,29.994651794433594,28.581880569458008
1067.0,0.0,46.88369646939364,4.739186449484392,3.332675565372814,47.01401138305664,29.974403381347656,28.563983917236328
1068.0,0.0,46.884564052928575,4.7517442811619155,3.3452073714949866,47.0261344909668,29.961780548095703,28.550996780395508
1069.0,0.0,46.93600576574152,4.737919764085249,3.329839625141837,47.07789611816406,30.029329299926758,28.616992950439453
1070.0,0.0,46.8020153912631,4.722069328481501,3.318008915944533,47.080318450927734,29.954904556274414,28.542495727539062
1071.0,0.0,47.09561304612593,4.761070793325251,3.3482024561275137,47.03371810913086,29.987335205078125,28.576324462890625
1072.0,0.0,46.87964508750222,4.745637340979143,3.3392480340870945,47.13178253173828,29.947397232055664,28.533443450927734
1073.0,0.0,47.013304710388184,4.743570891293612,3.3331717523661526,47.05260467529297,30.06718635559082,28.655609130859375
1074.0,0.0,46.89291902021928,4.7668069492686875,3.3600193749774587,47.33429718017578,30.088701248168945,28.668672561645508
1075.0,0.0,46.97089966860685,4.753615758635781,3.344488810409199,47.044647216796875,30.072505950927734,28.66116714477539
1076.0,0.0,46.9241117997603,4.739519888704473,3.3317965756763113,47.12651824951172,30.017702102661133,28.603906631469727
1077.0,0.0,47.093646656383164,4.754266110333529,3.341456749222495,47.05612564086914,29.995344161987305,28.583660125732422
1078.0,0.0,47.07953799854625,4.735329042781483,3.3229429450902073,47.03110885620117,30.005252838134766,28.59432029724121
1079.0,0.0,46.86313923922452,4.720588510686701,3.3146943829276343,47.0403938293457,30.000423431396484,28.58921241760254
1080.0,0.0,46.804177891124375,4.750548308545893,3.346423013643785,46.67936325073242,30.00044822692871,28.600067138671875
1081.0,0.0,46.84899286790328,4.76030217517506,3.35483242706819,46.81138610839844,29.942424774169922,28.538084030151367
1082.0,0.0,46.97475112568248,4.73827623237263,3.329033759507266,46.935665130615234,29.956974029541016,28.548904418945312
1083.0,0.0,46.87392780997536,4.727977871894836,3.321760031309995,46.92403030395508,30.000272750854492,28.592552185058594
1084.0,0.0,46.80561637878418,4.711042165756226,3.3068737170913,46.96738815307617,29.99837875366211,28.589357376098633
1085.0,0.0,46.9284332448786,4.724111221053383,3.316258257085627,47.24740219116211,30.02579689025879,28.608375549316406
1086.0,0.0,46.886899341236465,4.695199131965637,3.288592181422494,47.139339447021484,29.959766387939453,28.54558563232422
1087.0,0.0,46.93084127252752,4.722801132635637,3.314875906163996,47.08277893066406,30.089174270629883,28.67669105529785
1088.0,0.0,46.80286840959029,4.702441844073209,3.2983558665622366,47.09815216064453,30.0063533782959,28.593408584594727
1089.0,0.0,46.94333787397905,4.722671844742515,3.3143717646598816,46.744991302490234,30.10457420349121,28.702224731445312
1090.0,0.0,46.85408600893888,4.747875061902133,3.3422525362534956,47.050689697265625,30.135826110839844,28.724306106567383
1091.0,0.0,46.83596255562522,4.695815693248402,3.2907368378205732,46.839881896972656,30.052043914794922,28.646846771240234
1092.0,0.0,46.84594596516002,4.725107106295499,3.319728797132319,47.31536102294922,30.06900405883789,28.64954376220703
1093.0,0.0,46.90010712363503,4.716033751314336,3.3090305653485386,47.48735809326172,29.980506896972656,28.555885314941406
1094.0,0.0,46.98722613941539,4.747198733416471,3.3375819975679573,46.891937255859375,30.07331085205078,28.666553497314453
1095.0,0.0,46.98321195082231,4.778701511296359,3.3692051876674998,47.147029876708984,30.086515426635742,28.672103881835938
1096.0,0.0,47.05540050159801,4.749449263919484,3.3377872813831675,46.8840446472168,30.018587112426758,28.6120662689209
1097.0,0.0,46.832887562838465,4.701095884496516,3.296109313314611,46.931861877441406,30.069686889648438,28.661731719970703
1098.0,0.0,46.865403695539996,4.809081381017512,3.4031193148006094,47.038272857666016,30.067182540893555,28.656034469604492
1099.0,0.0,46.95517713373358,4.724113431843844,3.3154581026597456,47.05571746826172,30.05957794189453,28.647907257080078
1100.0,0.0,46.79523988203569,4.700514728372747,3.296657546000047,47.021968841552734,30.01531410217285,28.60465431213379
1101.0,0.0,46.95429212396795,4.714534456079656,3.3059057159857317,46.91603469848633,30.029132843017578,28.621652603149414
1102.0,0.0,46.9190129366788,4.733182647011497,3.3256123065948486,47.06288528442383,30.015661239624023,28.603775024414062
1103.0,0.0,46.843285300514914,4.690755291418596,3.285456754944541,47.001708984375,30.003965377807617,28.593914031982422
1104.0,0.0,46.852585792541504,4.693029121919111,3.2874515815214678,47.0787467956543,30.031044006347656,28.618680953979492
1105.0,0.0,46.932130640203304,4.701391653581099,3.29342782497406,47.205833435058594,30.09099006652832,28.674814224243164
1106.0,0.0,46.89696294611151,4.707685568115928,3.300776682116769,46.68520736694336,30.09654998779297,28.695993423461914
1107.0,0.0,46.88821575858376,4.705043077468872,3.2983965927904304,47.126548767089844,30.04812240600586,28.63432502746582
1108.0,0.0,46.95210820978338,4.6999490369449965,3.2913858131928877,46.64255905151367,30.02496910095215,28.62569236755371
1109.0,0.0,46.82723634893244,4.705452257936651,3.3006351698528635,46.832801818847656,30.032175064086914,28.6271915435791
1110.0,0.0,46.811513900756836,4.694586385380138,3.2902410084551033,47.2072868347168,30.1755313873291,28.759313583374023
1111.0,0.0,47.0293833992698,4.718658761544661,3.30777726390145,47.05088424682617,30.067543029785156,28.656017303466797
1112.0,0.0,46.87360174005682,4.696180256930265,3.2899722240187903,47.1000862121582,30.071414947509766,28.65841293334961
1113.0,0.0,46.82238977605646,4.673888412388888,3.2692167488011448,46.74098587036133,30.024795532226562,28.62256622314453
1114.0,0.0,46.86573800173673,4.807249210097573,3.4012771303003486,47.12633514404297,30.0936222076416,28.679832458496094
1115.0,0.0,46.993014162236996,4.712834715843201,3.3030443354086443,47.06718063354492,30.115591049194336,28.703575134277344
1116.0,0.0,46.95606431094083,4.746565103530884,3.3378831960938196,47.25065231323242,30.042858123779297,28.625337600708008
1117.0,0.0,46.959778959100895,4.6876808404922485,3.2788874940438704,46.8056640625,30.098390579223633,28.69422149658203
1118.0,0.0,46.841913656754926,4.685980254953558,3.280722851103002,46.74348831176758,30.152870178222656,28.750566482543945
1119.0,0.0,46.959711595015094,4.692461739886891,3.2836704308336433,47.14430236816406,30.155664443969727,28.741334915161133
1120.0,0.0,47.043302449313074,4.710473266514865,3.2991742112419824,47.12021255493164,30.127239227294922,28.713632583618164
1121.0,0.0,46.954536177895285,4.685041503472761,3.27640545910055,47.254852294921875,30.185096740722656,28.7674503326416
1122.0,0.0,46.909503329883925,4.704275001179088,3.2969899014993147,46.861900329589844,30.16577911376953,28.75992202758789
1123.0,0.0,46.97214776819403,4.708238829265941,3.2990743951363997,47.217159271240234,30.13815689086914,28.721641540527344
1124.0,0.0,47.01428170637651,4.721415118737654,3.3109866814179854,47.052188873291016,30.113588333129883,28.702022552490234
1125.0,0.0,46.87131396206942,4.699781981381503,3.2936426238580183,46.91621017456055,30.158021926879883,28.75053596496582
1126.0,0.0,46.96861293099143,4.692431363192472,3.28337299823761,47.12561798095703,30.186418533325195,28.77264976501465
1127.0,0.0,46.8057861328125,4.670870022340254,3.266696501861919,46.890296936035156,30.213685989379883,28.806976318359375
1128.0,0.0,47.00353353673761,4.7826982303099195,3.372592264955694,47.33442687988281,30.174236297607422,28.75420379638672
1129.0,0.0,46.83723597093062,4.691293293779546,3.28617618300698,47.187965393066406,30.058956146240234,28.64331817626953
1130.0,0.0,47.02785925431685,4.674286506392739,3.263450774279508,47.08875274658203,30.107107162475586,28.69444465637207
1131.0,0.0,46.81013558127663,4.648309328339317,3.2440052953633396,46.883453369140625,30.080991744995117,28.674488067626953
1132.0,0.0,46.87517721002752,4.676876696673307,3.2706213864413174,47.054771423339844,30.163009643554688,28.751365661621094
1133.0,0.0,46.964741013266824,4.6892407157204365,3.280298514799638,47.07083511352539,30.10421371459961,28.692089080810547
1134.0,0.0,47.001896077936344,4.65034328807484,3.240286447785117,46.96575927734375,30.086894989013672,28.677921295166016
1135.0,0.0,46.82820831645619,4.677230303937739,3.2723840691826562,46.86127853393555,30.140962600708008,28.735124588012695
1136.0,0.0,46.90999577262185,4.8941405252976855,3.4868407357822764,46.8278923034668,30.124404907226562,28.719568252563477
1137.0,0.0,46.80085884441029,4.6491664973172275,3.245140763846311,46.685604095458984,30.133596420288086,28.733028411865234
1138.0,0.0,46.73874915729869,4.653065204620361,3.250902755693956,47.0526237487793,30.159658432006836,28.748079299926758
1139.0,0.0,46.83084418556907,4.6500221924348315,3.245096905664964,46.90949249267578,30.184978485107422,28.777692794799805
1140.0,0.0,46.8534760908647,4.64900727705522,3.2434030012650923,46.66542053222656,30.154281616210938,28.754318237304688
1141.0,0.0,46.81502923098478,4.65083389932459,3.2463830655271355,47.0302848815918,30.10868263244629,28.69777488708496
1142.0,0.0,46.790293260054156,4.646166595545682,3.2424578179012644,46.79544448852539,30.241512298583984,28.837648391723633
1143.0,0.0,46.85579221898859,4.653715794736689,3.2480420741167935,46.597511291503906,30.161272048950195,28.763347625732422
1144.0,0.0,46.77625560760498,4.669045459140431,3.26575782624158,46.937564849853516,30.2084903717041,28.800363540649414
1145.0,0.0,46.789212920448996,4.645046981898221,3.241370612924749,46.962947845458984,30.15642547607422,28.74753761291504
1146.0,0.0,46.77330303192139,4.631844791499051,3.2286457311023367,46.9601936340332,30.114974975585938,28.70616912841797
1147.0,0.0,46.91027675975453,4.658137299797752,3.250829030166973,46.983673095703125,30.215961456298828,28.80645179748535
1148.0,0.0,46.89275368777189,4.649507576769048,3.242724987593564,46.76305389404297,30.194475173950195,28.791584014892578
1149.0,0.0,46.901422934098676,4.79249953139912,3.3854568763212725,47.222171783447266,30.250385284423828,28.833721160888672
1150.0,0.0,46.90540053627708,4.6804208972237324,3.2732588702982124,46.827781677246094,30.186269760131836,28.781436920166016
1151.0,0.0,46.98865023526278,4.678535710681569,3.2688762924887915,47.17848587036133,30.332550048828125,28.91719627380371
1152.0,0.0,46.72315380790017,4.6151897582140835,3.2134951678189365,46.938480377197266,30.176616668701172,28.768463134765625
1153.0,0.0,46.82361498746005,4.627254464409568,3.2225460410118103,46.84873962402344,30.24994659423828,28.844484329223633
1154.0,0.0,46.921300021084875,4.646754719994285,3.239115758375688,47.32566452026367,30.234272003173828,28.814502716064453
1155.0,0.0,46.86369375749068,4.651550574736162,3.245639779350974,47.1461181640625,30.131258010864258,28.716875076293945
1156.0,0.0,46.836243022571914,4.658259565179998,3.253172278404236,47.01506423950195,30.168519973754883,28.758068084716797
1157.0,0.0,46.99004355343905,4.663733373988759,3.254032102498141,47.0978889465332,30.1865291595459,28.773591995239258
1158.0,0.0,46.9091066013683,4.64870501648296,3.241431859406558,46.84907531738281,30.105497360229492,28.70002555847168
1159.0,0.0,46.76379091089422,4.720611897381869,3.317698218605735,46.77949523925781,30.13051414489746,28.727128982543945
1160.0,0.0,46.8790094202215,4.661021026698026,3.254650749943473,47.04651641845703,30.240684509277344,28.829288482666016
1161.0,0.0,46.96220371939919,4.6461485190825025,3.237282471223311,46.995357513427734,30.153064727783203,28.74320411682129
1162.0,0.0,46.80572943253951,4.645456465807828,3.241284630515359,46.79419708251953,30.180219650268555,28.77639389038086
1163.0,0.0,46.85936112837358,4.646208091215654,3.2404272935607215,46.97329330444336,30.149118423461914,28.739919662475586
1164.0,0.0,46.92700412056663,4.651118072596463,3.2433079806241123,46.95159912109375,30.21830177307129,28.80975341796875
1165.0,0.0,46.868227525190875,4.644074559211731,3.2380277677015825,46.799537658691406,30.205472946166992,28.80148696899414
1166.0,0.0,46.81864911859686,4.633319572968916,3.228760128671473,47.07720184326172,30.20355987548828,28.791244506835938
1167.0,0.0,46.7706903110851,4.63058252768083,3.2274618582292036,47.17298126220703,30.20166778564453,28.78647804260254
1168.0,0.0,46.80244471810081,4.624395402995023,3.220322110436179,46.96512985229492,30.198057174682617,28.78910255432129
1169.0,0.0,46.83536598899148,4.629573973742398,3.224513043056835,47.05081558227539,30.359481811523438,28.94795799255371
1170.0,0.0,46.80726562846791,4.627840432253751,3.2236224738034336,46.93518829345703,30.267662048339844,28.85960578918457
1171.0,0.0,46.88784712011164,4.6429667906327685,3.236331441185691,47.35807800292969,30.19318962097168,28.77244758605957
1172.0,0.0,46.870503425598145,4.627707839012146,3.2215927785093132,47.28364944458008,30.242969512939453,28.824459075927734
1173.0,0.0,46.96860174699263,4.63189854405143,3.2228404717011885,46.8704719543457,30.206253051757812,28.800138473510742
1174.0,0.0,46.70290617509322,4.6047093868255615,3.203622216528112,46.80742645263672,30.21136474609375,28.80714225769043
1175.0,0.0,46.78442738272927,4.61805639483712,3.2145236297087236,47.01428985595703,30.241331100463867,28.830902099609375
1176.0,0.0,46.85030651092529,4.603906761516225,3.19839763099497,46.86602020263672,30.191539764404297,28.785558700561523
1177.0,0.0,46.81399276039817,4.624073180285367,3.2196534167636526,47.110984802246094,30.20357894897461,28.79024887084961
1178.0,0.0,46.8050236268477,4.628413915634155,3.224263234571977,47.06438064575195,30.267549514770508,28.85561752319336
1179.0,0.0,46.73495934226296,4.632853583856062,3.230804806405848,46.768653869628906,30.16612434387207,28.763065338134766
1180.0,0.0,46.78494314713912,4.6034804149107496,3.1999321525747124,47.24565505981445,30.209341049194336,28.79197120666504
1181.0,0.0,46.76332109624689,4.61857719854875,3.2156775973059912,46.92835998535156,30.21047019958496,28.80261993408203
1182.0,0.0,46.84022946791215,4.67782618782737,3.2726193287155847,47.09406661987305,30.231698989868164,28.818876266479492
1183.0,0.0,46.69700241088867,4.597642421722412,3.196732358499007,46.6086540222168,30.164342880249023,28.766082763671875
1184.0,0.0,46.70250710574064,4.599225412715565,3.1981502283703196,46.99467086791992,30.23948860168457,28.829648971557617
1185.0,0.0,46.82942702553489,4.604107986796986,3.19922519272024,46.854225158691406,30.258804321289062,28.853178024291992
1186.0,0.0,46.819799336520106,4.674656412818215,3.2700624736872586,46.97447967529297,30.29328727722168,28.884052276611328
1187.0,0.0,46.790282076055355,4.605496840043501,3.2017884146083486,46.82919692993164,30.21849822998047,28.813621520996094
1188.0,0.0,46.872718897732824,4.587589610706676,3.1814081397923557,46.751251220703125,30.22980308532715,28.8272647857666
1189.0,0.0,46.70122103257613,4.605109962550077,3.204073364084417,47.049285888671875,30.241947174072266,28.830469131469727
1190.0,0.0,46.914207371798426,4.59514459696683,3.187718385999853,47.07990646362305,30.224632263183594,28.81223487854004
1191.0,0.0,46.76408897746693,4.591330907561562,3.188408250158483,46.812503814697266,30.25397491455078,28.849599838256836
1192.0,0.0,46.69814413244074,4.579160018400713,3.178215736692602,46.81621170043945,30.25830841064453,28.853822708129883
1193.0,0.0,46.81084884296764,4.588189146735451,3.1838637102733958,46.92709732055664,30.23988914489746,28.832077026367188
1194.0,0.0,46.7987567728216,4.609148686582392,3.2051860148256477,46.70832824707031,30.258769989013672,28.857521057128906
1195.0,0.0,46.78285442699086,4.584958033128218,3.181472431529652,46.980525970458984,30.300609588623047,28.891193389892578
1196.0,0.0,46.87367465279319,4.681884212927385,3.2756740396673028,47.02486038208008,30.309131622314453,28.898386001586914
1197.0,0.0,46.7083573774858,4.559788357127797,3.1585376371036875,46.783226013183594,30.280986785888672,28.877490997314453
1198.0,0.0,46.7803843238137,4.585586829618975,3.1821753599426965,46.973411560058594,30.216535568237305,28.80733299255371
1199.0,0.0,46.79801021922719,4.607303554361517,3.203363293951208,46.717369079589844,30.247915267944336,28.846393585205078
1200.0,0.0,46.887452298944645,4.597566322846846,3.190942818468267,46.82183837890625,30.25043487548828,28.845779418945312
1201.0,0.0,46.90083044225519,4.607985052195462,3.2009601538831536,47.421714782714844,30.248491287231445,28.82583999633789
1202.0,0.0,46.93227429823442,4.585173661058599,3.1772054488008674,46.8590202331543,30.274547576904297,28.868776321411133
1203.0,0.0,46.75132257288153,4.61243369362571,3.2098940394141455,46.76494598388672,30.234596252441406,28.831647872924805
1204.0,0.0,46.82167694785378,4.5784900621934375,3.173839742487127,46.90745544433594,30.281278610229492,28.874055862426758
1205.0,0.0,46.77276845411821,4.5821195082231005,3.1789364977316423,47.04341125488281,30.35155487060547,28.94025230407715
1206.0,0.0,46.84472318129106,4.570490988818082,3.165149363604459,47.056156158447266,30.34105682373047,28.929372787475586
1207.0,0.0,46.82282066345215,4.5761447819796475,3.1714602275328203,46.9051513671875,30.38992691040039,28.982772827148438
1208.0,0.0,46.87529043717818,4.579831394282254,3.1735727082599294,46.8763427734375,30.317333221435547,28.911043167114258
1209.0,0.0,46.79481887817383,4.599681583317843,3.195837004618211,47.335304260253906,30.387283325195312,28.96722412109375
1210.0,0.0,46.91688407551158,4.589900016784668,3.182393502105366,46.71360397338867,30.316720962524414,28.915313720703125
1211.0,0.0,46.79830204356801,4.58650756965984,3.1825585419481452,46.927040100097656,30.308578491210938,28.900766372680664
1212.0,0.0,46.829209847883746,4.596212257038463,3.191335965286602,46.71147918701172,30.329641342163086,28.92829704284668
1213.0,0.0,46.82660189541903,4.59467456557534,3.189876540140672,46.84398651123047,30.34327507019043,28.937955856323242
1214.0,0.0,46.76129427823153,4.563466939059171,3.160628167065707,47.07952880859375,30.268470764160156,28.8560848236084
1215.0,0.0,46.703567418185145,4.5623719692230225,3.1612650481137363,46.83407211303711,30.22397232055664,28.818950653076172
1216.0,0.0,46.687749255787246,4.594925674525174,3.1942932172255083,46.68566131591797,30.282838821411133,28.88226890563965
1217.0,0.0,46.731867183338515,4.5891643003983935,3.1872083273800937,46.98507308959961,30.375879287719727,28.966327667236328
1218.0,0.0,46.856465339660645,4.586667147549716,3.180973166769201,47.18257141113281,30.36577606201172,28.950298309326172
1219.0,0.0,46.754882465709336,4.579589388587258,3.1769429336894643,46.77334976196289,30.378171920776367,28.974971771240234
1220.0,0.0,46.714649807323106,4.56606708873402,3.1646276387301358,46.65922927856445,30.269474029541016,28.86969757080078
1221.0,0.0,46.80761423977938,4.572810942476446,3.1685825315388767,46.85749816894531,30.3813419342041,28.975616455078125
1222.0,0.0,46.77116038582542,4.549726551229304,3.1465917717326772,46.51466751098633,30.289453506469727,28.894014358520508
1223.0,0.0,46.699242245067246,4.556754155592485,3.1557769612832502,46.85508346557617,30.333194732666016,28.927541732788086
1224.0,0.0,46.79447468844327,4.571219270879572,3.1673850417137146,46.93442153930664,30.415475845336914,29.007442474365234
1225.0,0.0,46.792393077503554,4.566327766938643,3.1625559871846978,47.04167556762695,30.35521697998047,28.943965911865234
1226.0,0.0,46.80589909987016,4.552530700510198,3.148353777148507,46.69116973876953,30.279083251953125,28.878347396850586
1227.0,0.0,46.800521330399945,4.557007204402577,3.152991598302668,46.813331604003906,30.357614517211914,28.953214645385742
1228.0,0.0,46.8031063079834,4.578418211503462,3.174325043504888,46.806888580322266,30.34314727783203,28.938940048217773
1229.0,0.0,46.79568117315119,4.572010939771479,3.168140563097867,46.83985137939453,30.341041564941406,28.93584632873535
1230.0,0.0,46.76489249142733,4.546341050754894,3.1433943293311377,46.74517059326172,30.376380920410156,28.97402572631836
1231.0,0.0,46.72278933091597,4.556136846542358,3.154453207146038,46.85029602050781,30.371856689453125,28.96634864807129
1232.0,0.0,46.7152437730269,4.5535021803595805,3.152044941078533,47.043670654296875,30.3649845123291,28.95367431640625
1233.0,0.0,46.76499834927645,4.5567086935043335,3.1537588130344045,46.58570098876953,30.385440826416016,28.987869262695312
1234.0,0.0,46.774273265491836,4.553876074877652,3.150647884065455,46.69411087036133,30.42513656616211,29.02431297302246
1235.0,0.0,46.755708954551004,4.554733699018305,3.152062475681305,47.01299285888672,30.380531311035156,28.970142364501953
1236.0,0.0,46.785007823597304,4.515488429503008,3.111938238143921,46.900474548339844,30.331411361694336,28.924396514892578
1237.0,0.0,46.787226937033914,4.536442453211004,3.132825645533475,47.092063903808594,30.417055130004883,29.00429344177246
1238.0,0.0,46.70492258938876,4.526854818517512,3.1257071765986355,46.71170425415039,30.375524520874023,28.974172592163086
1239.0,0.0,46.73021359877153,4.5549797578291455,3.153073392131112,46.98036575317383,30.402435302734375,28.993024826049805
1240.0,0.0,46.80576714602384,4.5597650029442525,3.1555920243263245,46.638221740722656,30.269527435302734,28.870380401611328
1241.0,0.0,46.70742329684171,4.525250651619651,3.124027956615795,46.8035888671875,30.34539794921875,28.9412899017334
1242.0,0.0,46.76963251287287,4.548935803500089,3.1458468708125027,46.85683059692383,30.41419792175293,29.008493423461914
1243.0,0.0,46.67578740553422,4.5611370693553575,3.1608634970404883,46.590152740478516,30.337265014648438,28.939559936523438
1244.0,0.0,46.704680529507726,4.532077247446233,3.1309368935498325,46.69821548461914,30.462026596069336,29.061080932617188
1245.0,0.0,46.75307273864746,4.540086117657748,3.1374939300797204,46.53759765625,30.396495819091797,29.000368118286133
1246.0,0.0,46.56909301064231,4.518538475036621,3.1214657100764187,46.54376983642578,30.33960723876953,28.943294525146484
1247.0,0.0,46.68397183851762,4.529394951733676,3.128875802863728,46.937950134277344,30.448137283325195,29.03999900817871
1248.0,0.0,46.753840533169836,4.525559067726135,3.122943878173828,47.0197868347168,30.44178581237793,29.031192779541016
1249.0,0.0,46.758516485040836,4.553144855932756,3.1503894166512922,46.65980529785156,30.35886573791504,28.95907211303711
1250.0,0.0,46.69217846610329,4.530052445151589,3.1292871074243025,46.86381530761719,30.357582092285156,28.95166778564453
1251.0,0.0,46.80515852841464,4.550504543564537,3.1463498148051174,46.92941665649414,30.337671279907227,28.92978858947754
1252.0,0.0,46.72102355957031,4.530892057852312,3.129261379892176,46.607749938964844,30.376197814941406,28.977964401245117
1253.0,0.0,46.721223917874426,4.528438860719854,3.126802173527804,46.825523376464844,30.392990112304688,28.988224029541016
1254.0,0.0,46.77139733054421,4.553564104166898,3.1504222100431267,46.86786651611328,30.36825180053711,28.962215423583984
1255.0,0.0,46.721237962896176,4.516990835016424,3.1153537197546526,46.74325180053711,30.40726661682129,29.004968643188477
1256.0,0.0,46.67551534826105,4.533466187390414,3.133200780911879,46.74290466308594,30.355396270751953,28.953109741210938
1257.0,0.0,46.70376708290794,4.605223590677435,3.204110638661818,46.672401428222656,30.408729553222656,29.00855827331543
1258.0,0.0,46.64412082325328,4.535669532689181,3.136345912109722,46.651451110839844,30.387556076049805,28.988012313842773
1259.0,0.0,46.75536320426247,4.57557242566889,3.1729115627028723,46.789085388183594,30.488868713378906,29.085195541381836
1260.0,0.0,46.73225992376154,4.512342951514504,3.110375155102123,47.01891326904297,30.455406188964844,29.044837951660156
