[[1;34mINFO[m] Scanning for projects...
[[1;34mINFO[m] 
[[1;34mINFO[m] [1m-------------------< [0;36mtripsynth:stage1-matsim-runner[0;1m >-------------------[m
[[1;34mINFO[m] [1mBuilding stage1-matsim-runner 0.1.0[m
[[1;34mINFO[m] [1m--------------------------------[ jar ]---------------------------------[m
[[1;34mINFO[m] 
[[1;34mINFO[m] [1m--- [0;32mexec-maven-plugin:3.3.0:java[m [1m(default-cli)[m @ [36mstage1-matsim-runner[0;1m ---[m
2026-05-19T23:09:57,254  INFO IOUtils:213 Resolved 06x_stage1_md_internal/config_real.xml to 06x_stage1_md_internal/config_real.xml
2026-05-19T23:09:57,256  INFO Config:602 setting context to [file:/home/raziq/Documents/Code/umd/tripsynth/]
2026-05-19T23:09:57,277  INFO Version:21 HV000001: Hibernate Validator 8.0.0.Final
2026-05-19T23:09:57,316  INFO MatsimXmlParser:165 starting to parse xml from url file:/home/raziq/Documents/Code/umd/tripsynth/06x_stage1_md_internal/config_real.xml ...
2026-05-19T23:09:57,329  INFO ConfigReader:103 using config_v2-reader
2026-05-19T23:09:57,329  INFO MatsimXmlParser:281 Trying to load http://www.matsim.org/files/dtd/config_v2.dtd. In some cases (e.g. network interface up but no connection), this may take a bit.
2026-05-19T23:09:59,471  INFO GlobalConfigGroup:93 setting number of threads to: 8
2026-05-19T23:09:59,479  INFO PlanCalcScoreConfigGroup$ScoringParameterSet:1488 mode parameters for mode car were just overwritten.
2026-05-19T23:09:59,491  INFO Config:602 setting context to [file:/home/raziq/Documents/Code/umd/tripsynth/06x_stage1_md_internal/config_real.xml]
2026-05-19T23:09:59,503  INFO ScenarioLoaderImpl:135 loading network from file:/home/raziq/Documents/Code/umd/tripsynth/06x_stage1_osm/network.xml.gz
2026-05-19T23:09:59,504  INFO MatsimXmlParser:165 starting to parse xml from url file:/home/raziq/Documents/Code/umd/tripsynth/06x_stage1_osm/network.xml.gz ...
2026-05-19T23:09:59,547  INFO MatsimNetworkReader:121 using network_v2-reader.
2026-05-19T23:09:59,547  INFO MatsimXmlParser:281 Trying to load http://www.matsim.org/files/dtd/network_v2.dtd. In some cases (e.g. network interface up but no connection), this may take a bit.
2026-05-19T23:09:59,669  INFO NetworkImpl:165  node # 1
2026-05-19T23:09:59,669  INFO NetworkImpl:165  node # 4
2026-05-19T23:09:59,669  INFO NetworkImpl:165  node # 16
2026-05-19T23:09:59,671  INFO NetworkImpl:165  node # 64
2026-05-19T23:09:59,675  INFO NetworkImpl:165  node # 256
2026-05-19T23:09:59,682  INFO NetworkImpl:165  node # 1024
2026-05-19T23:09:59,691  INFO NetworkImpl:165  node # 4096
2026-05-19T23:09:59,712  INFO NetworkImpl:165  node # 16384
2026-05-19T23:09:59,779  INFO NetworkImpl:165  node # 65536
2026-05-19T23:09:59,969  INFO NetworkImpl:165  node # 262144
2026-05-19T23:10:00,717  INFO NetworkImpl:165  node # 1048576
2026-05-19T23:10:03,578  INFO NetworkImpl:161  link # 1
2026-05-19T23:10:03,578  INFO NetworkImpl:161  link # 4
2026-05-19T23:10:03,579  INFO NetworkImpl:161  link # 16
2026-05-19T23:10:03,580  INFO NetworkImpl:161  link # 64
2026-05-19T23:10:03,584  INFO NetworkImpl:161  link # 256
2026-05-19T23:10:03,588  INFO NetworkImpl:161  link # 1024
2026-05-19T23:10:03,601  INFO NetworkImpl:161  link # 4096
2026-05-19T23:10:03,641  INFO NetworkImpl:161  link # 16384
2026-05-19T23:10:03,802  INFO NetworkImpl:161  link # 65536
2026-05-19T23:10:04,182  INFO NetworkImpl:161  link # 262144
2026-05-19T23:10:05,941  INFO NetworkImpl:161  link # 1048576
2026-05-19T23:10:13,181  INFO NetworkImpl:161  link # 4194304
2026-05-19T23:10:23,732  INFO ScenarioLoaderImpl:172 no facilities file set in config, therefore not loading any facilities.  This is not a problem except if you are using facilities
2026-05-19T23:10:23,732  INFO ScenarioLoaderImpl:188 no facility-attributes file set in config, not loading any facility attributes
2026-05-19T23:10:23,732  INFO ScenarioLoaderImpl:196 loading population from file:/home/raziq/Documents/Code/umd/tripsynth/06x_stage1_md_internal/real_population.xml.gz
2026-05-19T23:10:23,734  INFO MatsimXmlParser:165 starting to parse xml from url file:/home/raziq/Documents/Code/umd/tripsynth/06x_stage1_md_internal/real_population.xml.gz ...
2026-05-19T23:10:23,736  INFO PopulationReader:124 using population_v6-reader.
2026-05-19T23:10:23,736  INFO MatsimXmlParser:281 Trying to load http://www.matsim.org/files/dtd/population_v6.dtd. In some cases (e.g. network interface up but no connection), this may take a bit.
2026-05-19T23:10:24,142  INFO PopulationImpl:107  person # 1
2026-05-19T23:10:24,143  INFO PopulationImpl:107  person # 4
2026-05-19T23:10:24,145  INFO PopulationImpl:107  person # 16
2026-05-19T23:10:24,149  INFO PopulationImpl:107  person # 64
2026-05-19T23:10:24,154  INFO PopulationImpl:107  person # 256
2026-05-19T23:10:24,161  INFO PopulationImpl:107  person # 1024
2026-05-19T23:10:24,180  INFO PopulationImpl:107  person # 4096
2026-05-19T23:10:24,230  INFO PopulationImpl:107  person # 16384
2026-05-19T23:10:24,368  INFO PopulationImpl:107  person # 65536
2026-05-19T23:10:24,787  INFO PopulationUtils:1078  person # 217899
2026-05-19T23:10:24,787  INFO ScenarioLoaderImpl:244 no person-attributes file set in config, not loading any person attributes
2026-05-19T23:10:24,787  INFO ScenarioLoaderImpl:258 no households file set in config, not loading households
2026-05-19T23:10:24,787  INFO ScenarioLoaderImpl:276 no household-attributes file set in config, not loading any household attributes
2026-05-19T23:10:24,788  INFO ScenarioLoaderImpl:290 no transit schedule file set in config, not loading any transit schedule
2026-05-19T23:10:24,788  INFO ScenarioLoaderImpl:331 no transit vehicles file set in config, not loading any transit vehicles
2026-05-19T23:10:24,789 ERROR PlanCalcScoreConfigGroup$ScoringParameterSet:1544 it looks like you have an activity type with opening time set to 0:00 and closing time set to 24:00. This is most probably not the same as not setting them at all.  In particular, activities which extend past midnight may not accumulate scores.
2026-05-19T23:10:24,789 ERROR PlanCalcScoreConfigGroup$ScoringParameterSet:1544 it looks like you have an activity type with opening time set to 0:00 and closing time set to 24:00. This is most probably not the same as not setting them at all.  In particular, activities which extend past midnight may not accumulate scores.
2026-05-19T23:10:24,789 ERROR PlanCalcScoreConfigGroup$ScoringParameterSet:1544 it looks like you have an activity type with opening time set to 0:00 and closing time set to 24:00. This is most probably not the same as not setting them at all.  In particular, activities which extend past midnight may not accumulate scores.
2026-05-19T23:10:24,789 ERROR PlanCalcScoreConfigGroup$ScoringParameterSet:1544 it looks like you have an activity type with opening time set to 0:00 and closing time set to 24:00. This is most probably not the same as not setting them at all.  In particular, activities which extend past midnight may not accumulate scores.
2026-05-19T23:10:24,789 ERROR PlanCalcScoreConfigGroup$ScoringParameterSet:1544 it looks like you have an activity type with opening time set to 0:00 and closing time set to 24:00. This is most probably not the same as not setting them at all.  In particular, activities which extend past midnight may not accumulate scores.
2026-05-19T23:10:24,790 ERROR PlanCalcScoreConfigGroup$ScoringParameterSet:1544 it looks like you have an activity type with opening time set to 0:00 and closing time set to 24:00. This is most probably not the same as not setting them at all.  In particular, activities which extend past midnight may not accumulate scores.
2026-05-19T23:10:24,790 ERROR PlanCalcScoreConfigGroup$ScoringParameterSet:1544 it looks like you have an activity type with opening time set to 0:00 and closing time set to 24:00. This is most probably not the same as not setting them at all.  In particular, activities which extend past midnight may not accumulate scores.
2026-05-19T23:10:24,790 ERROR PlanCalcScoreConfigGroup$ScoringParameterSet:1544 it looks like you have an activity type with opening time set to 0:00 and closing time set to 24:00. This is most probably not the same as not setting them at all.  In particular, activities which extend past midnight may not accumulate scores.
2026-05-19T23:10:24,790 ERROR PlanCalcScoreConfigGroup$ScoringParameterSet:1544 it looks like you have an activity type with opening time set to 0:00 and closing time set to 24:00. This is most probably not the same as not setting them at all.  In particular, activities which extend past midnight may not accumulate scores.
2026-05-19T23:10:24,790 ERROR PlanCalcScoreConfigGroup$ScoringParameterSet:1544 it looks like you have an activity type with opening time set to 0:00 and closing time set to 24:00. This is most probably not the same as not setting them at all.  In particular, activities which extend past midnight may not accumulate scores.
2026-05-19T23:10:24,790 ERROR PlanCalcScoreConfigGroup$ScoringParameterSet:1544 it looks like you have an activity type with opening time set to 0:00 and closing time set to 24:00. This is most probably not the same as not setting them at all.  In particular, activities which extend past midnight may not accumulate scores.
2026-05-19T23:10:24,790 ERROR PlanCalcScoreConfigGroup$ScoringParameterSet:1544 it looks like you have an activity type with opening time set to 0:00 and closing time set to 24:00. This is most probably not the same as not setting them at all.  In particular, activities which extend past midnight may not accumulate scores.
2026-05-19T23:10:24,790 ERROR PlanCalcScoreConfigGroup$ScoringParameterSet:1544 it looks like you have an activity type with opening time set to 0:00 and closing time set to 24:00. This is most probably not the same as not setting them at all.  In particular, activities which extend past midnight may not accumulate scores.
2026-05-19T23:10:24,790 ERROR PlanCalcScoreConfigGroup$ScoringParameterSet:1544 it looks like you have an activity type with opening time set to 0:00 and closing time set to 24:00. This is most probably not the same as not setting them at all.  In particular, activities which extend past midnight may not accumulate scores.
2026-05-19T23:10:24,790 ERROR PlanCalcScoreConfigGroup$ScoringParameterSet:1544 it looks like you have an activity type with opening time set to 0:00 and closing time set to 24:00. This is most probably not the same as not setting them at all.  In particular, activities which extend past midnight may not accumulate scores.
2026-05-19T23:10:24,790 ERROR PlanCalcScoreConfigGroup$ScoringParameterSet:1544 it looks like you have an activity type with opening time set to 0:00 and closing time set to 24:00. This is most probably not the same as not setting them at all.  In particular, activities which extend past midnight may not accumulate scores.
2026-05-19T23:10:24,790 ERROR PlanCalcScoreConfigGroup$ScoringParameterSet:1544 it looks like you have an activity type with opening time set to 0:00 and closing time set to 24:00. This is most probably not the same as not setting them at all.  In particular, activities which extend past midnight may not accumulate scores.
2026-05-19T23:10:24,790 ERROR PlanCalcScoreConfigGroup$ScoringParameterSet:1544 it looks like you have an activity type with opening time set to 0:00 and closing time set to 24:00. This is most probably not the same as not setting them at all.  In particular, activities which extend past midnight may not accumulate scores.
2026-05-19T23:10:24,791  INFO VspConfigConsistencyCheckerImpl:64 NOT running vsp config consistency check because vsp defaults checking level is set to IGNORE
2026-05-19T23:10:25,127  INFO SimStepParallelEventsManagerImpl:80 number of threads=1
2026-05-19T23:10:25,169  INFO EventsManagerImpl:138 adding Event-Handler: org.matsim.core.trafficmonitoring.TravelTimeCalculator
2026-05-19T23:10:25,169  INFO EventsManagerImpl:144   org.matsim.api.core.v01.events.handler.LinkEnterEventHandler
2026-05-19T23:10:25,169  INFO EventsManagerImpl:205     > org.matsim.api.core.v01.events.LinkEnterEvent
2026-05-19T23:10:25,170  INFO EventsManagerImpl:144   org.matsim.api.core.v01.events.handler.LinkLeaveEventHandler
2026-05-19T23:10:25,170  INFO EventsManagerImpl:205     > org.matsim.api.core.v01.events.LinkLeaveEvent
2026-05-19T23:10:25,170  INFO EventsManagerImpl:144   org.matsim.api.core.v01.events.handler.VehicleEntersTrafficEventHandler
2026-05-19T23:10:25,170  INFO EventsManagerImpl:205     > org.matsim.api.core.v01.events.VehicleEntersTrafficEvent
2026-05-19T23:10:25,170  INFO EventsManagerImpl:144   org.matsim.api.core.v01.events.handler.VehicleLeavesTrafficEventHandler
2026-05-19T23:10:25,170  INFO EventsManagerImpl:205     > org.matsim.api.core.v01.events.VehicleLeavesTrafficEvent
2026-05-19T23:10:25,170  INFO EventsManagerImpl:144   org.matsim.core.api.experimental.events.handler.VehicleArrivesAtFacilityEventHandler
2026-05-19T23:10:25,170  INFO EventsManagerImpl:205     > org.matsim.core.api.experimental.events.VehicleArrivesAtFacilityEvent
2026-05-19T23:10:25,170  INFO EventsManagerImpl:144   org.matsim.api.core.v01.events.handler.VehicleAbortsEventHandler
2026-05-19T23:10:25,170  INFO EventsManagerImpl:205     > org.matsim.api.core.v01.events.VehicleAbortsEvent
2026-05-19T23:10:25,170  INFO EventsManagerImpl:154 
2026-05-19T23:10:25,170  INFO EventsManagerImpl:138 adding Event-Handler: org.matsim.core.trafficmonitoring.TravelTimeCalculator
2026-05-19T23:10:25,170  INFO EventsManagerImpl:144   org.matsim.api.core.v01.events.handler.LinkEnterEventHandler
2026-05-19T23:10:25,170  INFO EventsManagerImpl:205     > org.matsim.api.core.v01.events.LinkEnterEvent
2026-05-19T23:10:25,170  INFO EventsManagerImpl:144   org.matsim.api.core.v01.events.handler.LinkLeaveEventHandler
2026-05-19T23:10:25,170  INFO EventsManagerImpl:205     > org.matsim.api.core.v01.events.LinkLeaveEvent
2026-05-19T23:10:25,170  INFO EventsManagerImpl:144   org.matsim.api.core.v01.events.handler.VehicleEntersTrafficEventHandler
2026-05-19T23:10:25,170  INFO EventsManagerImpl:205     > org.matsim.api.core.v01.events.VehicleEntersTrafficEvent
2026-05-19T23:10:25,170  INFO EventsManagerImpl:144   org.matsim.api.core.v01.events.handler.VehicleLeavesTrafficEventHandler
2026-05-19T23:10:25,170  INFO EventsManagerImpl:205     > org.matsim.api.core.v01.events.VehicleLeavesTrafficEvent
2026-05-19T23:10:25,170  INFO EventsManagerImpl:144   org.matsim.core.api.experimental.events.handler.VehicleArrivesAtFacilityEventHandler
2026-05-19T23:10:25,170  INFO EventsManagerImpl:205     > org.matsim.core.api.experimental.events.VehicleArrivesAtFacilityEvent
2026-05-19T23:10:25,170  INFO EventsManagerImpl:144   org.matsim.api.core.v01.events.handler.VehicleAbortsEventHandler
2026-05-19T23:10:25,170  INFO EventsManagerImpl:205     > org.matsim.api.core.v01.events.VehicleAbortsEvent
2026-05-19T23:10:25,170  INFO EventsManagerImpl:154 
2026-05-19T23:10:25,171  INFO OutputDirectoryHierarchy:264 ###########################################################
2026-05-19T23:10:25,171  INFO OutputDirectoryHierarchy:265 ### THE CONTROLER WILL DELETE THE EXISTING OUTPUT DIRECTORY:
2026-05-19T23:10:25,171  INFO OutputDirectoryHierarchy:266 ### /home/raziq/Documents/Code/umd/tripsynth/06x_stage1_md_internal/matsim_real
2026-05-19T23:10:25,171  WARN OutputDirectoryHierarchy:267 ### full path: /home/raziq/Documents/Code/umd/tripsynth/06x_stage1_md_internal/matsim_real
2026-05-19T23:10:25,171  INFO OutputDirectoryHierarchy:268 ###########################################################
2026-05-19T23:10:25,175  INFO StrategyManager:77 global innovation switch off after iteration: 0
2026-05-19T23:10:25,175  INFO GenericStrategyManagerImpl:362 setting PlanSelectorForRemoval to class org.matsim.core.replanning.selectors.WorstPlanForRemovalSelector
2026-05-19T23:10:25,176  INFO EventsManagerImpl:138 adding Event-Handler: org.matsim.core.scoring.ScoringFunctionsForPopulation
2026-05-19T23:10:25,176  INFO EventsManagerImpl:144   org.matsim.core.events.handler.BasicEventHandler
2026-05-19T23:10:25,176  INFO EventsManagerImpl:205     > org.matsim.api.core.v01.events.Event
2026-05-19T23:10:25,177  INFO EventsManagerImpl:154 
2026-05-19T23:10:25,177  INFO EventsManagerImpl:138 adding Event-Handler: org.matsim.core.scoring.ScoringFunctionsForPopulation
2026-05-19T23:10:25,177  INFO EventsManagerImpl:144   org.matsim.core.events.handler.BasicEventHandler
2026-05-19T23:10:25,177  INFO EventsManagerImpl:205     > org.matsim.api.core.v01.events.Event
2026-05-19T23:10:25,177  INFO EventsManagerImpl:154 
2026-05-19T23:10:25,199  INFO CalcLinkStats:151  resetting `count' to zero.  This info is here since we want to check when this is happening during normal simulation runs.  kai, jan'11
2026-05-19T23:10:27,347  INFO EventsManagerImpl:138 adding Event-Handler: org.matsim.analysis.VolumesAnalyzer
2026-05-19T23:10:27,347  INFO EventsManagerImpl:144   org.matsim.api.core.v01.events.handler.LinkLeaveEventHandler
2026-05-19T23:10:27,347  INFO EventsManagerImpl:205     > org.matsim.api.core.v01.events.LinkLeaveEvent
2026-05-19T23:10:27,347  INFO EventsManagerImpl:144   org.matsim.api.core.v01.events.handler.VehicleEntersTrafficEventHandler
2026-05-19T23:10:27,347  INFO EventsManagerImpl:205     > org.matsim.api.core.v01.events.VehicleEntersTrafficEvent
2026-05-19T23:10:27,347  INFO EventsManagerImpl:154 
2026-05-19T23:10:27,347  INFO EventsManagerImpl:138 adding Event-Handler: org.matsim.analysis.VolumesAnalyzer
2026-05-19T23:10:27,347  INFO EventsManagerImpl:144   org.matsim.api.core.v01.events.handler.LinkLeaveEventHandler
2026-05-19T23:10:27,348  INFO EventsManagerImpl:205     > org.matsim.api.core.v01.events.LinkLeaveEvent
2026-05-19T23:10:27,348  INFO EventsManagerImpl:144   org.matsim.api.core.v01.events.handler.VehicleEntersTrafficEventHandler
2026-05-19T23:10:27,348  INFO EventsManagerImpl:205     > org.matsim.api.core.v01.events.VehicleEntersTrafficEvent
2026-05-19T23:10:27,348  INFO EventsManagerImpl:154 
2026-05-19T23:10:27,348  INFO EventsManagerImpl:138 adding Event-Handler: org.matsim.analysis.LegHistogram
2026-05-19T23:10:27,348  INFO EventsManagerImpl:144   org.matsim.api.core.v01.events.handler.PersonDepartureEventHandler
2026-05-19T23:10:27,348  INFO EventsManagerImpl:205     > org.matsim.api.core.v01.events.PersonDepartureEvent
2026-05-19T23:10:27,348  INFO EventsManagerImpl:144   org.matsim.api.core.v01.events.handler.PersonArrivalEventHandler
2026-05-19T23:10:27,348  INFO EventsManagerImpl:205     > org.matsim.api.core.v01.events.PersonArrivalEvent
2026-05-19T23:10:27,348  INFO EventsManagerImpl:144   org.matsim.api.core.v01.events.handler.PersonStuckEventHandler
2026-05-19T23:10:27,348  INFO EventsManagerImpl:205     > org.matsim.api.core.v01.events.PersonStuckEvent
2026-05-19T23:10:27,348  INFO EventsManagerImpl:154 
2026-05-19T23:10:27,348  INFO EventsManagerImpl:138 adding Event-Handler: org.matsim.analysis.LegHistogram
2026-05-19T23:10:27,348  INFO EventsManagerImpl:144   org.matsim.api.core.v01.events.handler.PersonDepartureEventHandler
2026-05-19T23:10:27,348  INFO EventsManagerImpl:205     > org.matsim.api.core.v01.events.PersonDepartureEvent
2026-05-19T23:10:27,348  INFO EventsManagerImpl:144   org.matsim.api.core.v01.events.handler.PersonArrivalEventHandler
2026-05-19T23:10:27,348  INFO EventsManagerImpl:205     > org.matsim.api.core.v01.events.PersonArrivalEvent
2026-05-19T23:10:27,348  INFO EventsManagerImpl:144   org.matsim.api.core.v01.events.handler.PersonStuckEventHandler
2026-05-19T23:10:27,348  INFO EventsManagerImpl:205     > org.matsim.api.core.v01.events.PersonStuckEvent
2026-05-19T23:10:27,348  INFO EventsManagerImpl:154 
2026-05-19T23:10:27,349  INFO EventsManagerImpl:138 adding Event-Handler: org.matsim.analysis.CalcLegTimes
2026-05-19T23:10:27,350  INFO EventsManagerImpl:144   org.matsim.api.core.v01.events.handler.PersonDepartureEventHandler
2026-05-19T23:10:27,350  INFO EventsManagerImpl:205     > org.matsim.api.core.v01.events.PersonDepartureEvent
2026-05-19T23:10:27,350  INFO EventsManagerImpl:144   org.matsim.api.core.v01.events.handler.PersonArrivalEventHandler
2026-05-19T23:10:27,350  INFO EventsManagerImpl:205     > org.matsim.api.core.v01.events.PersonArrivalEvent
2026-05-19T23:10:27,350  INFO EventsManagerImpl:144   org.matsim.api.core.v01.events.handler.ActivityEndEventHandler
2026-05-19T23:10:27,350  INFO EventsManagerImpl:205     > org.matsim.api.core.v01.events.ActivityEndEvent
2026-05-19T23:10:27,350  INFO EventsManagerImpl:144   org.matsim.api.core.v01.events.handler.ActivityStartEventHandler
2026-05-19T23:10:27,350  INFO EventsManagerImpl:205     > org.matsim.api.core.v01.events.ActivityStartEvent
2026-05-19T23:10:27,350  INFO EventsManagerImpl:154 
2026-05-19T23:10:27,350  INFO EventsManagerImpl:138 adding Event-Handler: org.matsim.analysis.CalcLegTimes
2026-05-19T23:10:27,350  INFO EventsManagerImpl:144   org.matsim.api.core.v01.events.handler.PersonDepartureEventHandler
2026-05-19T23:10:27,350  INFO EventsManagerImpl:205     > org.matsim.api.core.v01.events.PersonDepartureEvent
2026-05-19T23:10:27,350  INFO EventsManagerImpl:144   org.matsim.api.core.v01.events.handler.PersonArrivalEventHandler
2026-05-19T23:10:27,350  INFO EventsManagerImpl:205     > org.matsim.api.core.v01.events.PersonArrivalEvent
2026-05-19T23:10:27,350  INFO EventsManagerImpl:144   org.matsim.api.core.v01.events.handler.ActivityEndEventHandler
2026-05-19T23:10:27,350  INFO EventsManagerImpl:205     > org.matsim.api.core.v01.events.ActivityEndEvent
2026-05-19T23:10:27,350  INFO EventsManagerImpl:144   org.matsim.api.core.v01.events.handler.ActivityStartEventHandler
2026-05-19T23:10:27,350  INFO EventsManagerImpl:205     > org.matsim.api.core.v01.events.ActivityStartEvent
2026-05-19T23:10:27,350  INFO EventsManagerImpl:154 
2026-05-19T23:10:27,366  INFO AbstractController:55 Used Controler-Class: org.matsim.core.controler.NewControler
2026-05-19T23:10:27,366  INFO Config:562 ConfigConsistencyChecker with runtime type=class org.matsim.core.config.consistency.ConfigConsistencyCheckerImpl was already added; not adding it a second time
2026-05-19T23:10:27,367  INFO Injector:81 === printInjector start ===
2026-05-19T23:10:27,367  INFO Injector:85 org.matsim.api.core.v01.Scenario 
2026-05-19T23:10:27,368  INFO Injector:86   --> provider: ConstantFactory{value=org.matsim.core.scenario.MutableScenario@227f7327}[Scopes.SINGLETON]
2026-05-19T23:10:27,368  INFO Injector:87   --> source: org.matsim.core.scenario.ScenarioByInstanceModule.install(ScenarioByInstanceModule.java:52)
2026-05-19T23:10:27,368  INFO Injector:89   --> scope: eager singleton
2026-05-19T23:10:27,368  INFO Injector:94   ==full==> InstanceBinding{key=Key[type=org.matsim.api.core.v01.Scenario, annotation=[none]], source=org.matsim.core.scenario.ScenarioByInstanceModule.install(ScenarioByInstanceModule.java:52), instance=org.matsim.core.scenario.MutableScenario@227f7327}
2026-05-19T23:10:27,368  INFO Injector:96 
2026-05-19T23:10:27,368  INFO Injector:85 org.matsim.facilities.ActivityFacilities 
2026-05-19T23:10:27,371  INFO Injector:86   --> provider: @Provides org.matsim.core.scenario.ScenarioByInstanceModule.provideActivityFacilities(ScenarioByInstanceModule.java:72)
2026-05-19T23:10:27,371  INFO Injector:87   --> source: org.matsim.facilities.ActivityFacilities org.matsim.core.scenario.ScenarioByInstanceModule.provideActivityFacilities(org.matsim.api.core.v01.Scenario)
2026-05-19T23:10:27,371  INFO Injector:89   --> scope: Scopes.NO_SCOPE
2026-05-19T23:10:27,371  INFO Injector:94   ==full==> ProviderInstanceBinding{key=Key[type=org.matsim.facilities.ActivityFacilities, annotation=[none]], source=org.matsim.facilities.ActivityFacilities org.matsim.core.scenario.ScenarioByInstanceModule.provideActivityFacilities(org.matsim.api.core.v01.Scenario), scope=Scopes.NO_SCOPE, provider=@Provides org.matsim.core.scenario.ScenarioByInstanceModule.provideActivityFacilities(ScenarioByInstanceModule.java:72)}
2026-05-19T23:10:27,371  INFO Injector:96 
2026-05-19T23:10:27,371  INFO Injector:85 org.matsim.households.Households 
2026-05-19T23:10:27,371  INFO Injector:86   --> provider: @Provides org.matsim.core.scenario.ScenarioByInstanceModule.provideHouseholds(ScenarioByInstanceModule.java:77)
2026-05-19T23:10:27,371  INFO Injector:87   --> source: org.matsim.households.Households org.matsim.core.scenario.ScenarioByInstanceModule.provideHouseholds(org.matsim.api.core.v01.Scenario)
2026-05-19T23:10:27,372  INFO Injector:89   --> scope: Scopes.NO_SCOPE
2026-05-19T23:10:27,372  INFO Injector:94   ==full==> ProviderInstanceBinding{key=Key[type=org.matsim.households.Households, annotation=[none]], source=org.matsim.households.Households org.matsim.core.scenario.ScenarioByInstanceModule.provideHouseholds(org.matsim.api.core.v01.Scenario), scope=Scopes.NO_SCOPE, provider=@Provides org.matsim.core.scenario.ScenarioByInstanceModule.provideHouseholds(ScenarioByInstanceModule.java:77)}
2026-05-19T23:10:27,372  INFO Injector:96 
2026-05-19T23:10:27,372  INFO Injector:85 org.matsim.lanes.Lanes 
2026-05-19T23:10:27,372  INFO Injector:86   --> provider: @Provides org.matsim.core.scenario.ScenarioByInstanceModule.provideLanes(ScenarioByInstanceModule.java:87)
2026-05-19T23:10:27,372  INFO Injector:87   --> source: org.matsim.lanes.Lanes org.matsim.core.scenario.ScenarioByInstanceModule.provideLanes(org.matsim.api.core.v01.Scenario)
2026-05-19T23:10:27,372  INFO Injector:89   --> scope: Scopes.NO_SCOPE
2026-05-19T23:10:27,372  INFO Injector:94   ==full==> ProviderInstanceBinding{key=Key[type=org.matsim.lanes.Lanes, annotation=[none]], source=org.matsim.lanes.Lanes org.matsim.core.scenario.ScenarioByInstanceModule.provideLanes(org.matsim.api.core.v01.Scenario), scope=Scopes.NO_SCOPE, provider=@Provides org.matsim.core.scenario.ScenarioByInstanceModule.provideLanes(ScenarioByInstanceModule.java:87)}
2026-05-19T23:10:27,372  INFO Injector:96 
2026-05-19T23:10:27,372  INFO Injector:85 org.matsim.api.core.v01.network.Network 
2026-05-19T23:10:27,372  INFO Injector:86   --> provider: @Provides org.matsim.core.scenario.ScenarioByInstanceModule.provideNetwork(ScenarioByInstanceModule.java:60)
2026-05-19T23:10:27,372  INFO Injector:87   --> source: org.matsim.api.core.v01.network.Network org.matsim.core.scenario.ScenarioByInstanceModule.provideNetwork(org.matsim.api.core.v01.Scenario)
2026-05-19T23:10:27,372  INFO Injector:89   --> scope: Scopes.NO_SCOPE
2026-05-19T23:10:27,372  INFO Injector:94   ==full==> ProviderInstanceBinding{key=Key[type=org.matsim.api.core.v01.network.Network, annotation=[none]], source=org.matsim.api.core.v01.network.Network org.matsim.core.scenario.ScenarioByInstanceModule.provideNetwork(org.matsim.api.core.v01.Scenario), scope=Scopes.NO_SCOPE, provider=@Provides org.matsim.core.scenario.ScenarioByInstanceModule.provideNetwork(ScenarioByInstanceModule.java:60)}
2026-05-19T23:10:27,372  INFO Injector:96 
2026-05-19T23:10:27,372  INFO Injector:85 org.matsim.api.core.v01.population.Population 
2026-05-19T23:10:27,372  INFO Injector:86   --> provider: @Provides org.matsim.core.scenario.ScenarioByInstanceModule.providePopulation(ScenarioByInstanceModule.java:64)
2026-05-19T23:10:27,372  INFO Injector:87   --> source: org.matsim.api.core.v01.population.Population org.matsim.core.scenario.ScenarioByInstanceModule.providePopulation(org.matsim.api.core.v01.Scenario)
2026-05-19T23:10:27,372  INFO Injector:89   --> scope: Scopes.NO_SCOPE
2026-05-19T23:10:27,372  INFO Injector:94   ==full==> ProviderInstanceBinding{key=Key[type=org.matsim.api.core.v01.population.Population, annotation=[none]], source=org.matsim.api.core.v01.population.Population org.matsim.core.scenario.ScenarioByInstanceModule.providePopulation(org.matsim.api.core.v01.Scenario), scope=Scopes.NO_SCOPE, provider=@Provides org.matsim.core.scenario.ScenarioByInstanceModule.providePopulation(ScenarioByInstanceModule.java:64)}
2026-05-19T23:10:27,372  INFO Injector:96 
2026-05-19T23:10:27,372  INFO Injector:85 org.matsim.api.core.v01.population.PopulationFactory 
2026-05-19T23:10:27,372  INFO Injector:86   --> provider: @Provides org.matsim.core.scenario.ScenarioByInstanceModule.providePopulationFactory(ScenarioByInstanceModule.java:68)
2026-05-19T23:10:27,372  INFO Injector:87   --> source: org.matsim.api.core.v01.population.PopulationFactory org.matsim.core.scenario.ScenarioByInstanceModule.providePopulationFactory(org.matsim.api.core.v01.population.Population)
2026-05-19T23:10:27,372  INFO Injector:89   --> scope: Scopes.NO_SCOPE
2026-05-19T23:10:27,372  INFO Injector:94   ==full==> ProviderInstanceBinding{key=Key[type=org.matsim.api.core.v01.population.PopulationFactory, annotation=[none]], source=org.matsim.api.core.v01.population.PopulationFactory org.matsim.core.scenario.ScenarioByInstanceModule.providePopulationFactory(org.matsim.api.core.v01.population.Population), scope=Scopes.NO_SCOPE, provider=@Provides org.matsim.core.scenario.ScenarioByInstanceModule.providePopulationFactory(ScenarioByInstanceModule.java:68)}
2026-05-19T23:10:27,372  INFO Injector:96 
2026-05-19T23:10:27,372  INFO Injector:85 org.matsim.vehicles.Vehicles 
2026-05-19T23:10:27,373  INFO Injector:86   --> provider: @Provides org.matsim.core.scenario.ScenarioByInstanceModule.provideVehicles(ScenarioByInstanceModule.java:82)
2026-05-19T23:10:27,373  INFO Injector:87   --> source: org.matsim.vehicles.Vehicles org.matsim.core.scenario.ScenarioByInstanceModule.provideVehicles(org.matsim.api.core.v01.Scenario)
2026-05-19T23:10:27,373  INFO Injector:89   --> scope: Scopes.NO_SCOPE
2026-05-19T23:10:27,373  INFO Injector:94   ==full==> ProviderInstanceBinding{key=Key[type=org.matsim.vehicles.Vehicles, annotation=[none]], source=org.matsim.vehicles.Vehicles org.matsim.core.scenario.ScenarioByInstanceModule.provideVehicles(org.matsim.api.core.v01.Scenario), scope=Scopes.NO_SCOPE, provider=@Provides org.matsim.core.scenario.ScenarioByInstanceModule.provideVehicles(ScenarioByInstanceModule.java:82)}
2026-05-19T23:10:27,373  INFO Injector:96 
2026-05-19T23:10:27,373  INFO Injector:85 org.matsim.core.controler.ControlerI 
2026-05-19T23:10:27,373  INFO Injector:86   --> provider: FactoryProxy{key=Key[type=org.matsim.core.controler.ControlerI, annotation=[none]], provider=com.google.inject.internal.ConstructorBindingImpl$Factory@24589250}[Scopes.SINGLETON]
2026-05-19T23:10:27,373  INFO Injector:87   --> source: org.matsim.core.controler.NewControlerModule.install(NewControlerModule.java:29)
2026-05-19T23:10:27,373  INFO Injector:89   --> scope: eager singleton
2026-05-19T23:10:27,373  INFO Injector:92   --> target: Key[type=org.matsim.core.controler.NewControler, annotation=[none]]
2026-05-19T23:10:27,373  INFO Injector:94   ==full==> LinkedKeyBinding{key=Key[type=org.matsim.core.controler.ControlerI, annotation=[none]], source=org.matsim.core.controler.NewControlerModule.install(NewControlerModule.java:29), scope=eager singleton, target=Key[type=org.matsim.core.controler.NewControler, annotation=[none]]}
2026-05-19T23:10:27,373  INFO Injector:96 
2026-05-19T23:10:27,373  INFO Injector:85 org.matsim.core.controler.ControlerListenerManager 
2026-05-19T23:10:27,373  INFO Injector:86   --> provider: FactoryProxy{key=Key[type=org.matsim.core.controler.ControlerListenerManager, annotation=[none]], provider=com.google.inject.internal.ConstructorBindingImpl$Factory@35787bfc[Scopes.SINGLETON]}
2026-05-19T23:10:27,373  INFO Injector:87   --> source: org.matsim.core.controler.NewControlerModule.install(NewControlerModule.java:31)
2026-05-19T23:10:27,373  INFO Injector:89   --> scope: Scopes.NO_SCOPE
2026-05-19T23:10:27,373  INFO Injector:92   --> target: Key[type=org.matsim.core.controler.ControlerListenerManagerImpl, annotation=[none]]
2026-05-19T23:10:27,373  INFO Injector:94   ==full==> LinkedKeyBinding{key=Key[type=org.matsim.core.controler.ControlerListenerManager, annotation=[none]], source=org.matsim.core.controler.NewControlerModule.install(NewControlerModule.java:31), scope=Scopes.NO_SCOPE, target=Key[type=org.matsim.core.controler.ControlerListenerManagerImpl, annotation=[none]]}
2026-05-19T23:10:27,373  INFO Injector:96 
2026-05-19T23:10:27,373  INFO Injector:85 org.matsim.core.controler.TerminationCriterion 
2026-05-19T23:10:27,373  INFO Injector:86   --> provider: FactoryProxy{key=Key[type=org.matsim.core.controler.TerminationCriterion, annotation=[none]], provider=com.google.inject.internal.ConstructorBindingImpl$Factory@7f0d46f3}
2026-05-19T23:10:27,373  INFO Injector:87   --> source: org.matsim.core.controler.NewControlerModule.install(NewControlerModule.java:35)
2026-05-19T23:10:27,373  INFO Injector:89   --> scope: Scopes.NO_SCOPE
2026-05-19T23:10:27,373  INFO Injector:92   --> target: Key[type=org.matsim.core.controler.TerminateAtFixedIterationNumber, annotation=[none]]
2026-05-19T23:10:27,373  INFO Injector:94   ==full==> LinkedKeyBinding{key=Key[type=org.matsim.core.controler.TerminationCriterion, annotation=[none]], source=org.matsim.core.controler.NewControlerModule.install(NewControlerModule.java:35), scope=Scopes.NO_SCOPE, target=Key[type=org.matsim.core.controler.TerminateAtFixedIterationNumber, annotation=[none]]}
2026-05-19T23:10:27,373  INFO Injector:96 
2026-05-19T23:10:27,373  INFO Injector:85 org.matsim.core.controler.MatsimServices 
2026-05-19T23:10:27,373  INFO Injector:86   --> provider: FactoryProxy{key=Key[type=org.matsim.core.controler.MatsimServices, annotation=[none]], provider=com.google.inject.internal.ConstructorBindingImpl$Factory@7cd0f342}
2026-05-19T23:10:27,373  INFO Injector:87   --> source: org.matsim.core.controler.NewControlerModule.install(NewControlerModule.java:36)
2026-05-19T23:10:27,373  INFO Injector:89   --> scope: Scopes.NO_SCOPE
2026-05-19T23:10:27,373  INFO Injector:92   --> target: Key[type=org.matsim.core.controler.MatsimServicesImpl, annotation=[none]]
2026-05-19T23:10:27,373  INFO Injector:94   ==full==> LinkedKeyBinding{key=Key[type=org.matsim.core.controler.MatsimServices, annotation=[none]], source=org.matsim.core.controler.NewControlerModule.install(NewControlerModule.java:36), scope=Scopes.NO_SCOPE, target=Key[type=org.matsim.core.controler.MatsimServicesImpl, annotation=[none]]}
2026-05-19T23:10:27,373  INFO Injector:96 
2026-05-19T23:10:27,373  INFO Injector:85 org.matsim.core.controler.IterationCounter 
2026-05-19T23:10:27,374  INFO Injector:86   --> provider: FactoryProxy{key=Key[type=org.matsim.core.controler.IterationCounter, annotation=[none]], provider=com.google.inject.internal.ConstructorBindingImpl$Factory@7cd0f342}
2026-05-19T23:10:27,374  INFO Injector:87   --> source: org.matsim.core.controler.NewControlerModule.install(NewControlerModule.java:38)
2026-05-19T23:10:27,374  INFO Injector:89   --> scope: Scopes.NO_SCOPE
2026-05-19T23:10:27,374  INFO Injector:92   --> target: Key[type=org.matsim.core.controler.MatsimServicesImpl, annotation=[none]]
2026-05-19T23:10:27,374  INFO Injector:94   ==full==> LinkedKeyBinding{key=Key[type=org.matsim.core.controler.IterationCounter, annotation=[none]], source=org.matsim.core.controler.NewControlerModule.install(NewControlerModule.java:38), scope=Scopes.NO_SCOPE, target=Key[type=org.matsim.core.controler.MatsimServicesImpl, annotation=[none]]}
2026-05-19T23:10:27,374  INFO Injector:96 
2026-05-19T23:10:27,374  INFO Injector:85 org.matsim.core.controler.PrepareForSim 
2026-05-19T23:10:27,374  INFO Injector:86   --> provider: FactoryProxy{key=Key[type=org.matsim.core.controler.PrepareForSim, annotation=[none]], provider=com.google.inject.internal.ConstructorBindingImpl$Factory@1cfa349a}
2026-05-19T23:10:27,374  INFO Injector:87   --> source: org.matsim.core.controler.NewControlerModule.install(NewControlerModule.java:42)
2026-05-19T23:10:27,374  INFO Injector:89   --> scope: Scopes.NO_SCOPE
2026-05-19T23:10:27,374  INFO Injector:92   --> target: Key[type=org.matsim.core.controler.PrepareForSimImpl, annotation=[none]]
2026-05-19T23:10:27,374  INFO Injector:94   ==full==> LinkedKeyBinding{key=Key[type=org.matsim.core.controler.PrepareForSim, annotation=[none]], source=org.matsim.core.controler.NewControlerModule.install(NewControlerModule.java:42), scope=Scopes.NO_SCOPE, target=Key[type=org.matsim.core.controler.PrepareForSimImpl, annotation=[none]]}
2026-05-19T23:10:27,374  INFO Injector:96 
2026-05-19T23:10:27,374  INFO Injector:85 org.matsim.core.controler.PrepareForMobsim 
2026-05-19T23:10:27,374  INFO Injector:86   --> provider: FactoryProxy{key=Key[type=org.matsim.core.controler.PrepareForMobsim, annotation=[none]], provider=com.google.inject.internal.ConstructorBindingImpl$Factory@6a2b0b62}
2026-05-19T23:10:27,374  INFO Injector:87   --> source: org.matsim.core.controler.NewControlerModule.install(NewControlerModule.java:43)
2026-05-19T23:10:27,374  INFO Injector:89   --> scope: Scopes.NO_SCOPE
2026-05-19T23:10:27,374  INFO Injector:92   --> target: Key[type=org.matsim.core.controler.PrepareForMobsimImpl, annotation=[none]]
2026-05-19T23:10:27,374  INFO Injector:94   ==full==> LinkedKeyBinding{key=Key[type=org.matsim.core.controler.PrepareForMobsim, annotation=[none]], source=org.matsim.core.controler.NewControlerModule.install(NewControlerModule.java:43), scope=Scopes.NO_SCOPE, target=Key[type=org.matsim.core.controler.PrepareForMobsimImpl, annotation=[none]]}
2026-05-19T23:10:27,374  INFO Injector:96 
2026-05-19T23:10:27,374  INFO Injector:85 org.matsim.core.controler.corelisteners.PlansScoring 
2026-05-19T23:10:27,374  INFO Injector:86   --> provider: FactoryProxy{key=Key[type=org.matsim.core.controler.corelisteners.PlansScoring, annotation=[none]], provider=com.google.inject.internal.ConstructorBindingImpl$Factory@7f04e20a[Scopes.SINGLETON]}
2026-05-19T23:10:27,374  INFO Injector:87   --> source: org.matsim.core.scoring.PlansScoringModule.install(PlansScoringModule.java:33)
2026-05-19T23:10:27,374  INFO Injector:89   --> scope: Scopes.NO_SCOPE
2026-05-19T23:10:27,374  INFO Injector:92   --> target: Key[type=org.matsim.core.scoring.PlansScoringImpl, annotation=[none]]
2026-05-19T23:10:27,374  INFO Injector:94   ==full==> LinkedKeyBinding{key=Key[type=org.matsim.core.controler.corelisteners.PlansScoring, annotation=[none]], source=org.matsim.core.scoring.PlansScoringModule.install(PlansScoringModule.java:33), scope=Scopes.NO_SCOPE, target=Key[type=org.matsim.core.scoring.PlansScoringImpl, annotation=[none]]}
2026-05-19T23:10:27,374  INFO Injector:96 
2026-05-19T23:10:27,374  INFO Injector:85 org.matsim.core.scoring.ExperiencedPlansService 
2026-05-19T23:10:27,374  INFO Injector:86   --> provider: FactoryProxy{key=Key[type=org.matsim.core.scoring.ExperiencedPlansService, annotation=[none]], provider=com.google.inject.internal.ConstructorBindingImpl$Factory@435444b}[Scopes.SINGLETON]
2026-05-19T23:10:27,374  INFO Injector:87   --> source: org.matsim.core.scoring.PlansScoringModule.install(PlansScoringModule.java:34)
2026-05-19T23:10:27,374  INFO Injector:89   --> scope: eager singleton
2026-05-19T23:10:27,374  INFO Injector:92   --> target: Key[type=org.matsim.core.scoring.ExperiencedPlansServiceImpl, annotation=[none]]
2026-05-19T23:10:27,374  INFO Injector:94   ==full==> LinkedKeyBinding{key=Key[type=org.matsim.core.scoring.ExperiencedPlansService, annotation=[none]], source=org.matsim.core.scoring.PlansScoringModule.install(PlansScoringModule.java:34), scope=eager singleton, target=Key[type=org.matsim.core.scoring.ExperiencedPlansServiceImpl, annotation=[none]]}
2026-05-19T23:10:27,374  INFO Injector:96 
2026-05-19T23:10:27,374  INFO Injector:85 org.matsim.core.controler.corelisteners.PlansReplanning 
2026-05-19T23:10:27,374  INFO Injector:86   --> provider: FactoryProxy{key=Key[type=org.matsim.core.controler.corelisteners.PlansReplanning, annotation=[none]], provider=com.google.inject.internal.ConstructorBindingImpl$Factory@49a6feb3[Scopes.SINGLETON]}
2026-05-19T23:10:27,374  INFO Injector:87   --> source: org.matsim.core.controler.corelisteners.ControlerDefaultCoreListenersModule.install(ControlerDefaultCoreListenersModule.java:38)
2026-05-19T23:10:27,374  INFO Injector:89   --> scope: Scopes.NO_SCOPE
2026-05-19T23:10:27,374  INFO Injector:92   --> target: Key[type=org.matsim.core.controler.corelisteners.PlansReplanningImpl, annotation=[none]]
2026-05-19T23:10:27,374  INFO Injector:94   ==full==> LinkedKeyBinding{key=Key[type=org.matsim.core.controler.corelisteners.PlansReplanning, annotation=[none]], source=org.matsim.core.controler.corelisteners.ControlerDefaultCoreListenersModule.install(ControlerDefaultCoreListenersModule.java:38), scope=Scopes.NO_SCOPE, target=Key[type=org.matsim.core.controler.corelisteners.PlansReplanningImpl, annotation=[none]]}
2026-05-19T23:10:27,375  INFO Injector:96 
2026-05-19T23:10:27,375  INFO Injector:85 org.matsim.core.controler.corelisteners.PlansDumping 
2026-05-19T23:10:27,375  INFO Injector:86   --> provider: FactoryProxy{key=Key[type=org.matsim.core.controler.corelisteners.PlansDumping, annotation=[none]], provider=com.google.inject.internal.ConstructorBindingImpl$Factory@7be48cfe[Scopes.SINGLETON]}
2026-05-19T23:10:27,375  INFO Injector:87   --> source: org.matsim.core.controler.corelisteners.ControlerDefaultCoreListenersModule.install(ControlerDefaultCoreListenersModule.java:39)
2026-05-19T23:10:27,375  INFO Injector:89   --> scope: Scopes.NO_SCOPE
2026-05-19T23:10:27,375  INFO Injector:92   --> target: Key[type=org.matsim.core.controler.corelisteners.PlansDumpingImpl, annotation=[none]]
2026-05-19T23:10:27,375  INFO Injector:94   ==full==> LinkedKeyBinding{key=Key[type=org.matsim.core.controler.corelisteners.PlansDumping, annotation=[none]], source=org.matsim.core.controler.corelisteners.ControlerDefaultCoreListenersModule.install(ControlerDefaultCoreListenersModule.java:39), scope=Scopes.NO_SCOPE, target=Key[type=org.matsim.core.controler.corelisteners.PlansDumpingImpl, annotation=[none]]}
2026-05-19T23:10:27,375  INFO Injector:96 
2026-05-19T23:10:27,375  INFO Injector:85 org.matsim.core.controler.corelisteners.EventsHandling 
2026-05-19T23:10:27,375  INFO Injector:86   --> provider: FactoryProxy{key=Key[type=org.matsim.core.controler.corelisteners.EventsHandling, annotation=[none]], provider=com.google.inject.internal.ConstructorBindingImpl$Factory@23a8353a[Scopes.SINGLETON]}
2026-05-19T23:10:27,375  INFO Injector:87   --> source: org.matsim.core.controler.corelisteners.ControlerDefaultCoreListenersModule.install(ControlerDefaultCoreListenersModule.java:40)
2026-05-19T23:10:27,375  INFO Injector:89   --> scope: Scopes.NO_SCOPE
2026-05-19T23:10:27,375  INFO Injector:92   --> target: Key[type=org.matsim.core.controler.corelisteners.EventsHandlingImpl, annotation=[none]]
2026-05-19T23:10:27,375  INFO Injector:94   ==full==> LinkedKeyBinding{key=Key[type=org.matsim.core.controler.corelisteners.EventsHandling, annotation=[none]], source=org.matsim.core.controler.corelisteners.ControlerDefaultCoreListenersModule.install(ControlerDefaultCoreListenersModule.java:40), scope=Scopes.NO_SCOPE, target=Key[type=org.matsim.core.controler.corelisteners.EventsHandlingImpl, annotation=[none]]}
2026-05-19T23:10:27,375  INFO Injector:96 
2026-05-19T23:10:27,375  INFO Injector:85 org.matsim.core.controler.corelisteners.DumpDataAtEnd 
2026-05-19T23:10:27,375  INFO Injector:86   --> provider: FactoryProxy{key=Key[type=org.matsim.core.controler.corelisteners.DumpDataAtEnd, annotation=[none]], provider=com.google.inject.internal.ConstructorBindingImpl$Factory@d112a18[Scopes.SINGLETON]}
2026-05-19T23:10:27,375  INFO Injector:87   --> source: org.matsim.core.controler.corelisteners.ControlerDefaultCoreListenersModule.install(ControlerDefaultCoreListenersModule.java:41)
2026-05-19T23:10:27,375  INFO Injector:89   --> scope: Scopes.NO_SCOPE
2026-05-19T23:10:27,375  INFO Injector:92   --> target: Key[type=org.matsim.core.controler.corelisteners.DumpDataAtEndImpl, annotation=[none]]
2026-05-19T23:10:27,375  INFO Injector:94   ==full==> LinkedKeyBinding{key=Key[type=org.matsim.core.controler.corelisteners.DumpDataAtEnd, annotation=[none]], source=org.matsim.core.controler.corelisteners.ControlerDefaultCoreListenersModule.install(ControlerDefaultCoreListenersModule.java:41), scope=Scopes.NO_SCOPE, target=Key[type=org.matsim.core.controler.corelisteners.DumpDataAtEndImpl, annotation=[none]]}
2026-05-19T23:10:27,375  INFO Injector:96 
2026-05-19T23:10:27,375  INFO Injector:85 org.matsim.core.api.experimental.events.EventsManager 
2026-05-19T23:10:27,375  INFO Injector:86   --> provider: FactoryProxy{key=Key[type=org.matsim.core.api.experimental.events.EventsManager, annotation=[none]], provider=com.google.inject.internal.ConstructorBindingImpl$Factory@73bc1e6f}[Scopes.SINGLETON]
2026-05-19T23:10:27,375  INFO Injector:87   --> source: org.matsim.core.events.EventsManagerModule.install(EventsManagerModule.java:46)
2026-05-19T23:10:27,375  INFO Injector:89   --> scope: Scopes.SINGLETON
2026-05-19T23:10:27,375  INFO Injector:92   --> target: Key[type=org.matsim.core.events.SimStepParallelEventsManagerImpl, annotation=[none]]
2026-05-19T23:10:27,375  INFO Injector:94   ==full==> LinkedKeyBinding{key=Key[type=org.matsim.core.api.experimental.events.EventsManager, annotation=[none]], source=org.matsim.core.events.EventsManagerModule.install(EventsManagerModule.java:46), scope=Scopes.SINGLETON, target=Key[type=org.matsim.core.events.SimStepParallelEventsManagerImpl, annotation=[none]]}
2026-05-19T23:10:27,375  INFO Injector:96 
2026-05-19T23:10:27,375  INFO Injector:85 org.matsim.core.mobsim.qsim.components.QSimComponentsConfig 
2026-05-19T23:10:27,375  INFO Injector:86   --> provider: @Provides org.matsim.core.mobsim.qsim.components.QSimComponentsModule.provideDefaultQSimComponentsConfig(QSimComponentsModule.java:34)[Scopes.SINGLETON]
2026-05-19T23:10:27,375  INFO Injector:87   --> source: public org.matsim.core.mobsim.qsim.components.QSimComponentsConfig org.matsim.core.mobsim.qsim.components.QSimComponentsModule.provideDefaultQSimComponentsConfig(org.matsim.core.config.Config)
2026-05-19T23:10:27,375  INFO Injector:89   --> scope: Scopes.SINGLETON
2026-05-19T23:10:27,375  INFO Injector:94   ==full==> ProviderInstanceBinding{key=Key[type=org.matsim.core.mobsim.qsim.components.QSimComponentsConfig, annotation=[none]], source=public org.matsim.core.mobsim.qsim.components.QSimComponentsConfig org.matsim.core.mobsim.qsim.components.QSimComponentsModule.provideDefaultQSimComponentsConfig(org.matsim.core.config.Config), scope=Scopes.SINGLETON, provider=@Provides org.matsim.core.mobsim.qsim.components.QSimComponentsModule.provideDefaultQSimComponentsConfig(QSimComponentsModule.java:34)}
2026-05-19T23:10:27,375  INFO Injector:96 
2026-05-19T23:10:27,375  INFO Injector:85 org.matsim.core.mobsim.qsim.AbstractQSimModule @com.google.inject.internal.Element(setName=,uniqueId=62, type=MULTIBINDER, keyType=)
2026-05-19T23:10:27,376  INFO Injector:86   --> provider: ConstantFactory{value=org.matsim.core.mobsim.qsim.messagequeueengine.MessageQueueModule@40fb7e2a}[Scopes.SINGLETON]
2026-05-19T23:10:27,376  INFO Injector:87   --> source: org.matsim.core.mobsim.qsim.QSimModule.lambda$install$0(QSimModule.java:96)
2026-05-19T23:10:27,376  INFO Injector:89   --> scope: eager singleton
2026-05-19T23:10:27,376  INFO Injector:94   ==full==> InstanceBinding{key=Key[type=org.matsim.core.mobsim.qsim.AbstractQSimModule, annotation=@com.google.inject.internal.Element(setName=,uniqueId=62, type=MULTIBINDER, keyType=)], source=org.matsim.core.mobsim.qsim.QSimModule.lambda$install$0(QSimModule.java:96), instance=org.matsim.core.mobsim.qsim.messagequeueengine.MessageQueueModule@40fb7e2a}
2026-05-19T23:10:27,376  INFO Injector:96 
2026-05-19T23:10:27,376  INFO Injector:85 org.matsim.core.mobsim.qsim.AbstractQSimModule @com.google.inject.internal.Element(setName=,uniqueId=63, type=MULTIBINDER, keyType=)
2026-05-19T23:10:27,376  INFO Injector:86   --> provider: ConstantFactory{value=org.matsim.core.mobsim.qsim.ActivityEngineModule@3bccdabd}[Scopes.SINGLETON]
2026-05-19T23:10:27,376  INFO Injector:87   --> source: org.matsim.core.mobsim.qsim.QSimModule.lambda$install$0(QSimModule.java:96)
2026-05-19T23:10:27,376  INFO Injector:89   --> scope: eager singleton
2026-05-19T23:10:27,376  INFO Injector:94   ==full==> InstanceBinding{key=Key[type=org.matsim.core.mobsim.qsim.AbstractQSimModule, annotation=@com.google.inject.internal.Element(setName=,uniqueId=63, type=MULTIBINDER, keyType=)], source=org.matsim.core.mobsim.qsim.QSimModule.lambda$install$0(QSimModule.java:96), instance=org.matsim.core.mobsim.qsim.ActivityEngineModule@3bccdabd}
2026-05-19T23:10:27,376  INFO Injector:96 
2026-05-19T23:10:27,376  INFO Injector:85 org.matsim.core.mobsim.qsim.AbstractQSimModule @com.google.inject.internal.Element(setName=,uniqueId=64, type=MULTIBINDER, keyType=)
2026-05-19T23:10:27,376  INFO Injector:86   --> provider: ConstantFactory{value=org.matsim.core.mobsim.qsim.qnetsimengine.QNetsimEngineModule@4a343f51}[Scopes.SINGLETON]
2026-05-19T23:10:27,376  INFO Injector:87   --> source: org.matsim.core.mobsim.qsim.QSimModule.lambda$install$0(QSimModule.java:96)
2026-05-19T23:10:27,376  INFO Injector:89   --> scope: eager singleton
2026-05-19T23:10:27,376  INFO Injector:94   ==full==> InstanceBinding{key=Key[type=org.matsim.core.mobsim.qsim.AbstractQSimModule, annotation=@com.google.inject.internal.Element(setName=,uniqueId=64, type=MULTIBINDER, keyType=)], source=org.matsim.core.mobsim.qsim.QSimModule.lambda$install$0(QSimModule.java:96), instance=org.matsim.core.mobsim.qsim.qnetsimengine.QNetsimEngineModule@4a343f51}
2026-05-19T23:10:27,376  INFO Injector:96 
2026-05-19T23:10:27,376  INFO Injector:85 org.matsim.core.mobsim.qsim.AbstractQSimModule @com.google.inject.internal.Element(setName=,uniqueId=65, type=MULTIBINDER, keyType=)
2026-05-19T23:10:27,376  INFO Injector:86   --> provider: ConstantFactory{value=org.matsim.core.mobsim.qsim.TeleportationModule@34628415}[Scopes.SINGLETON]
2026-05-19T23:10:27,376  INFO Injector:87   --> source: org.matsim.core.mobsim.qsim.QSimModule.lambda$install$0(QSimModule.java:96)
2026-05-19T23:10:27,376  INFO Injector:89   --> scope: eager singleton
2026-05-19T23:10:27,376  INFO Injector:94   ==full==> InstanceBinding{key=Key[type=org.matsim.core.mobsim.qsim.AbstractQSimModule, annotation=@com.google.inject.internal.Element(setName=,uniqueId=65, type=MULTIBINDER, keyType=)], source=org.matsim.core.mobsim.qsim.QSimModule.lambda$install$0(QSimModule.java:96), instance=org.matsim.core.mobsim.qsim.TeleportationModule@34628415}
2026-05-19T23:10:27,376  INFO Injector:96 
2026-05-19T23:10:27,376  INFO Injector:85 org.matsim.core.mobsim.qsim.AbstractQSimModule @com.google.inject.internal.Element(setName=,uniqueId=66, type=MULTIBINDER, keyType=)
2026-05-19T23:10:27,376  INFO Injector:86   --> provider: ConstantFactory{value=org.matsim.core.mobsim.qsim.PopulationModule@2f73a69d}[Scopes.SINGLETON]
2026-05-19T23:10:27,376  INFO Injector:87   --> source: org.matsim.core.mobsim.qsim.QSimModule.lambda$install$0(QSimModule.java:96)
2026-05-19T23:10:27,376  INFO Injector:89   --> scope: eager singleton
2026-05-19T23:10:27,376  INFO Injector:94   ==full==> InstanceBinding{key=Key[type=org.matsim.core.mobsim.qsim.AbstractQSimModule, annotation=@com.google.inject.internal.Element(setName=,uniqueId=66, type=MULTIBINDER, keyType=)], source=org.matsim.core.mobsim.qsim.QSimModule.lambda$install$0(QSimModule.java:96), instance=org.matsim.core.mobsim.qsim.PopulationModule@2f73a69d}
2026-05-19T23:10:27,376  INFO Injector:96 
2026-05-19T23:10:27,376  INFO Injector:85 org.matsim.core.mobsim.qsim.AbstractQSimModule @com.google.inject.internal.Element(setName=,uniqueId=67, type=MULTIBINDER, keyType=)
2026-05-19T23:10:27,376  INFO Injector:86   --> provider: ConstantFactory{value=org.matsim.core.mobsim.qsim.changeeventsengine.NetworkChangeEventsModule@72b788fc}[Scopes.SINGLETON]
2026-05-19T23:10:27,376  INFO Injector:87   --> source: org.matsim.core.mobsim.qsim.QSimModule.lambda$install$0(QSimModule.java:96)
2026-05-19T23:10:27,376  INFO Injector:89   --> scope: eager singleton
2026-05-19T23:10:27,376  INFO Injector:94   ==full==> InstanceBinding{key=Key[type=org.matsim.core.mobsim.qsim.AbstractQSimModule, annotation=@com.google.inject.internal.Element(setName=,uniqueId=67, type=MULTIBINDER, keyType=)], source=org.matsim.core.mobsim.qsim.QSimModule.lambda$install$0(QSimModule.java:96), instance=org.matsim.core.mobsim.qsim.changeeventsengine.NetworkChangeEventsModule@72b788fc}
2026-05-19T23:10:27,376  INFO Injector:96 
2026-05-19T23:10:27,376  INFO Injector:85 org.matsim.core.mobsim.qsim.AbstractQSimModule @com.google.inject.internal.Element(setName=,uniqueId=68, type=MULTIBINDER, keyType=)
2026-05-19T23:10:27,376  INFO Injector:86   --> provider: ConstantFactory{value=org.matsim.core.mobsim.qsim.pt.TransitEngineModule@1912ef4c}[Scopes.SINGLETON]
2026-05-19T23:10:27,376  INFO Injector:87   --> source: org.matsim.core.mobsim.qsim.QSimModule.lambda$install$0(QSimModule.java:96)
2026-05-19T23:10:27,376  INFO Injector:89   --> scope: eager singleton
2026-05-19T23:10:27,376  INFO Injector:94   ==full==> InstanceBinding{key=Key[type=org.matsim.core.mobsim.qsim.AbstractQSimModule, annotation=@com.google.inject.internal.Element(setName=,uniqueId=68, type=MULTIBINDER, keyType=)], source=org.matsim.core.mobsim.qsim.QSimModule.lambda$install$0(QSimModule.java:96), instance=org.matsim.core.mobsim.qsim.pt.TransitEngineModule@1912ef4c}
2026-05-19T23:10:27,376  INFO Injector:96 
2026-05-19T23:10:27,377  INFO Injector:85 org.matsim.core.mobsim.framework.Mobsim 
2026-05-19T23:10:27,377  INFO Injector:86   --> provider: Key[type=org.matsim.core.mobsim.qsim.QSimProvider, annotation=[none]]
2026-05-19T23:10:27,377  INFO Injector:87   --> source: org.matsim.core.mobsim.qsim.QSimModule.install(QSimModule.java:112)
2026-05-19T23:10:27,377  INFO Injector:89   --> scope: Scopes.NO_SCOPE
2026-05-19T23:10:27,377  INFO Injector:94   ==full==> ProviderKeyBinding{key=Key[type=org.matsim.core.mobsim.framework.Mobsim, annotation=[none]], source=org.matsim.core.mobsim.qsim.QSimModule.install(QSimModule.java:112), scope=Scopes.NO_SCOPE, provider=Key[type=org.matsim.core.mobsim.qsim.QSimProvider, annotation=[none]]}
2026-05-19T23:10:27,377  INFO Injector:96 
2026-05-19T23:10:27,377  INFO Injector:85 org.matsim.core.controler.listener.ControlerListener @com.google.inject.internal.Element(setName=,uniqueId=69, type=MULTIBINDER, keyType=)
2026-05-19T23:10:27,377  INFO Injector:86   --> provider: FactoryProxy{key=Key[type=org.matsim.core.controler.listener.ControlerListener, annotation=@com.google.inject.internal.Element(setName=,uniqueId=69, type=MULTIBINDER, keyType=)], provider=com.google.inject.internal.ConstructorBindingImpl$Factory@4ac6aceb[Scopes.SINGLETON]}
2026-05-19T23:10:27,377  INFO Injector:87   --> source: org.matsim.core.events.MobsimScopeEventHandlingModule.install(MobsimScopeEventHandlingModule.java:39)
2026-05-19T23:10:27,377  INFO Injector:89   --> scope: Scopes.NO_SCOPE
2026-05-19T23:10:27,377  INFO Injector:92   --> target: Key[type=org.matsim.core.events.MobsimScopeEventHandling, annotation=[none]]
2026-05-19T23:10:27,377  INFO Injector:94   ==full==> LinkedKeyBinding{key=Key[type=org.matsim.core.controler.listener.ControlerListener, annotation=@com.google.inject.internal.Element(setName=,uniqueId=69, type=MULTIBINDER, keyType=)], source=org.matsim.core.events.MobsimScopeEventHandlingModule.install(MobsimScopeEventHandlingModule.java:39), scope=Scopes.NO_SCOPE, target=Key[type=org.matsim.core.events.MobsimScopeEventHandling, annotation=[none]]}
2026-05-19T23:10:27,377  INFO Injector:96 
2026-05-19T23:10:27,377  INFO Injector:85 org.matsim.core.mobsim.qsim.AbstractQSimModule @com.google.inject.internal.Element(setName=,uniqueId=70, type=MULTIBINDER, keyType=)
2026-05-19T23:10:27,377  INFO Injector:86   --> provider: ConstantFactory{value=org.matsim.core.events.MobsimScopeEventHandlingModule$1@39709257}[Scopes.SINGLETON]
2026-05-19T23:10:27,377  INFO Injector:87   --> source: org.matsim.core.events.MobsimScopeEventHandlingModule.install(MobsimScopeEventHandlingModule.java:41)
2026-05-19T23:10:27,377  INFO Injector:89   --> scope: eager singleton
2026-05-19T23:10:27,377  INFO Injector:94   ==full==> InstanceBinding{key=Key[type=org.matsim.core.mobsim.qsim.AbstractQSimModule, annotation=@com.google.inject.internal.Element(setName=,uniqueId=70, type=MULTIBINDER, keyType=)], source=org.matsim.core.events.MobsimScopeEventHandlingModule.install(MobsimScopeEventHandlingModule.java:41), instance=org.matsim.core.events.MobsimScopeEventHandlingModule$1@39709257}
2026-05-19T23:10:27,377  INFO Injector:96 
2026-05-19T23:10:27,377  INFO Injector:85 org.matsim.core.trafficmonitoring.TravelTimeCalculator @com.google.inject.name.Named("car")
2026-05-19T23:10:27,377  INFO Injector:86   --> provider: org.matsim.core.trafficmonitoring.TravelTimeCalculatorModule$SingleModeTravelTimeCalculatorProvider@3b50dc62[Scopes.SINGLETON]
2026-05-19T23:10:27,377  INFO Injector:87   --> source: org.matsim.core.trafficmonitoring.TravelTimeCalculatorModule.install(TravelTimeCalculatorModule.java:66)
2026-05-19T23:10:27,377  INFO Injector:89   --> scope: Scopes.SINGLETON
2026-05-19T23:10:27,377  INFO Injector:94   ==full==> ProviderInstanceBinding{key=Key[type=org.matsim.core.trafficmonitoring.TravelTimeCalculator, annotation=@com.google.inject.name.Named("car")], source=org.matsim.core.trafficmonitoring.TravelTimeCalculatorModule.install(TravelTimeCalculatorModule.java:66), scope=Scopes.SINGLETON, provider=org.matsim.core.trafficmonitoring.TravelTimeCalculatorModule$SingleModeTravelTimeCalculatorProvider@3b50dc62}
2026-05-19T23:10:27,377  INFO Injector:96 
2026-05-19T23:10:27,377  INFO Injector:85 org.matsim.core.router.util.TravelTime @com.google.inject.name.Named("car")
2026-05-19T23:10:27,377  INFO Injector:86   --> provider: org.matsim.core.trafficmonitoring.TravelTimeCalculatorModule$1@462cfa3f[Scopes.SINGLETON]
2026-05-19T23:10:27,377  INFO Injector:87   --> source: org.matsim.core.trafficmonitoring.TravelTimeCalculatorModule.install(TravelTimeCalculatorModule.java:69)
2026-05-19T23:10:27,377  INFO Injector:89   --> scope: Scopes.SINGLETON
2026-05-19T23:10:27,377  INFO Injector:94   ==full==> ProviderInstanceBinding{key=Key[type=org.matsim.core.router.util.TravelTime, annotation=@com.google.inject.name.Named("car")], source=org.matsim.core.trafficmonitoring.TravelTimeCalculatorModule.install(TravelTimeCalculatorModule.java:69), scope=Scopes.SINGLETON, provider=org.matsim.core.trafficmonitoring.TravelTimeCalculatorModule$1@462cfa3f}
2026-05-19T23:10:27,377  INFO Injector:96 
2026-05-19T23:10:27,377  INFO Injector:85 org.matsim.core.router.costcalculators.TravelDisutilityFactory @com.google.inject.name.Named("car")
2026-05-19T23:10:27,377  INFO Injector:86   --> provider: ConstantFactory{value=org.matsim.core.router.costcalculators.RandomizingTimeDistanceTravelDisutilityFactory@599a8cba}[Scopes.SINGLETON]
2026-05-19T23:10:27,377  INFO Injector:87   --> source: org.matsim.core.router.costcalculators.TravelDisutilityModule.install(TravelDisutilityModule.java:37)
2026-05-19T23:10:27,377  INFO Injector:89   --> scope: eager singleton
2026-05-19T23:10:27,377  INFO Injector:94   ==full==> InstanceBinding{key=Key[type=org.matsim.core.router.costcalculators.TravelDisutilityFactory, annotation=@com.google.inject.name.Named("car")], source=org.matsim.core.router.costcalculators.TravelDisutilityModule.install(TravelDisutilityModule.java:37), instance=org.matsim.core.router.costcalculators.RandomizingTimeDistanceTravelDisutilityFactory@599a8cba}
2026-05-19T23:10:27,377  INFO Injector:96 
2026-05-19T23:10:27,377  INFO Injector:85 org.matsim.core.scoring.ScoringFunctionFactory 
2026-05-19T23:10:27,377  INFO Injector:86   --> provider: FactoryProxy{key=Key[type=org.matsim.core.scoring.ScoringFunctionFactory, annotation=[none]], provider=com.google.inject.internal.ConstructorBindingImpl$Factory@72adb43c}
2026-05-19T23:10:27,377  INFO Injector:87   --> source: org.matsim.core.scoring.functions.CharyparNagelScoringFunctionModule.install(CharyparNagelScoringFunctionModule.java:37)
2026-05-19T23:10:27,377  INFO Injector:89   --> scope: Scopes.NO_SCOPE
2026-05-19T23:10:27,377  INFO Injector:92   --> target: Key[type=org.matsim.core.scoring.functions.CharyparNagelScoringFunctionFactory, annotation=[none]]
2026-05-19T23:10:27,377  INFO Injector:94   ==full==> LinkedKeyBinding{key=Key[type=org.matsim.core.scoring.ScoringFunctionFactory, annotation=[none]], source=org.matsim.core.scoring.functions.CharyparNagelScoringFunctionModule.install(CharyparNagelScoringFunctionModule.java:37), scope=Scopes.NO_SCOPE, target=Key[type=org.matsim.core.scoring.functions.CharyparNagelScoringFunctionFactory, annotation=[none]]}
2026-05-19T23:10:27,377  INFO Injector:96 
2026-05-19T23:10:27,377  INFO Injector:85 org.matsim.core.scoring.functions.ScoringParametersForPerson 
2026-05-19T23:10:27,377  INFO Injector:86   --> provider: FactoryProxy{key=Key[type=org.matsim.core.scoring.functions.ScoringParametersForPerson, annotation=[none]], provider=com.google.inject.internal.ConstructorBindingImpl$Factory@248e9966}
2026-05-19T23:10:27,377  INFO Injector:87   --> source: org.matsim.core.scoring.functions.CharyparNagelScoringFunctionModule.install(CharyparNagelScoringFunctionModule.java:38)
2026-05-19T23:10:27,377  INFO Injector:89   --> scope: Scopes.NO_SCOPE
2026-05-19T23:10:27,378  INFO Injector:92   --> target: Key[type=org.matsim.core.scoring.functions.SubpopulationScoringParameters, annotation=[none]]
2026-05-19T23:10:27,378  INFO Injector:94   ==full==> LinkedKeyBinding{key=Key[type=org.matsim.core.scoring.functions.ScoringParametersForPerson, annotation=[none]], source=org.matsim.core.scoring.functions.CharyparNagelScoringFunctionModule.install(CharyparNagelScoringFunctionModule.java:38), scope=Scopes.NO_SCOPE, target=Key[type=org.matsim.core.scoring.functions.SubpopulationScoringParameters, annotation=[none]]}
2026-05-19T23:10:27,378  INFO Injector:96 
2026-05-19T23:10:27,378  INFO Injector:85 org.matsim.core.router.MainModeIdentifier 
2026-05-19T23:10:27,378  INFO Injector:86   --> provider: FactoryProxy{key=Key[type=org.matsim.core.router.MainModeIdentifier, annotation=[none]], provider=com.google.inject.internal.ConstructorBindingImpl$Factory@5b50d8e8}
2026-05-19T23:10:27,378  INFO Injector:87   --> source: org.matsim.core.router.TripRouterModule.install(TripRouterModule.java:42)
2026-05-19T23:10:27,378  INFO Injector:89   --> scope: Scopes.NO_SCOPE
2026-05-19T23:10:27,378  INFO Injector:92   --> target: Key[type=org.matsim.core.router.MainModeIdentifierImpl, annotation=[none]]
2026-05-19T23:10:27,378  INFO Injector:94   ==full==> LinkedKeyBinding{key=Key[type=org.matsim.core.router.MainModeIdentifier, annotation=[none]], source=org.matsim.core.router.TripRouterModule.install(TripRouterModule.java:42), scope=Scopes.NO_SCOPE, target=Key[type=org.matsim.core.router.MainModeIdentifierImpl, annotation=[none]]}
2026-05-19T23:10:27,378  INFO Injector:96 
2026-05-19T23:10:27,378  INFO Injector:85 org.matsim.core.router.AnalysisMainModeIdentifier 
2026-05-19T23:10:27,378  INFO Injector:86   --> provider: FactoryProxy{key=Key[type=org.matsim.core.router.AnalysisMainModeIdentifier, annotation=[none]], provider=com.google.inject.internal.ConstructorBindingImpl$Factory@56226064}
2026-05-19T23:10:27,378  INFO Injector:87   --> source: org.matsim.core.router.TripRouterModule.install(TripRouterModule.java:43)
2026-05-19T23:10:27,378  INFO Injector:89   --> scope: Scopes.NO_SCOPE
2026-05-19T23:10:27,378  INFO Injector:92   --> target: Key[type=org.matsim.core.router.RoutingModeMainModeIdentifier, annotation=[none]]
2026-05-19T23:10:27,378  INFO Injector:94   ==full==> LinkedKeyBinding{key=Key[type=org.matsim.core.router.AnalysisMainModeIdentifier, annotation=[none]], source=org.matsim.core.router.TripRouterModule.install(TripRouterModule.java:43), scope=Scopes.NO_SCOPE, target=Key[type=org.matsim.core.router.RoutingModeMainModeIdentifier, annotation=[none]]}
2026-05-19T23:10:27,378  INFO Injector:96 
2026-05-19T23:10:27,378  INFO Injector:85 org.matsim.core.router.MultimodalLinkChooser 
2026-05-19T23:10:27,378  INFO Injector:86   --> provider: FactoryProxy{key=Key[type=org.matsim.core.router.MultimodalLinkChooser, annotation=[none]], provider=com.google.inject.internal.ConstructorBindingImpl$Factory@493132c8}
2026-05-19T23:10:27,378  INFO Injector:87   --> source: org.matsim.core.router.TripRouterModule.install(TripRouterModule.java:45)
2026-05-19T23:10:27,378  INFO Injector:89   --> scope: Scopes.NO_SCOPE
2026-05-19T23:10:27,378  INFO Injector:92   --> target: Key[type=org.matsim.core.router.MultimodalLinkChooserDefaultImpl, annotation=[none]]
2026-05-19T23:10:27,378  INFO Injector:94   ==full==> LinkedKeyBinding{key=Key[type=org.matsim.core.router.MultimodalLinkChooser, annotation=[none]], source=org.matsim.core.router.TripRouterModule.install(TripRouterModule.java:45), scope=Scopes.NO_SCOPE, target=Key[type=org.matsim.core.router.MultimodalLinkChooserDefaultImpl, annotation=[none]]}
2026-05-19T23:10:27,378  INFO Injector:96 
2026-05-19T23:10:27,378  INFO Injector:85 org.matsim.core.router.util.LeastCostPathCalculatorFactory 
2026-05-19T23:10:27,378  INFO Injector:86   --> provider: FactoryProxy{key=Key[type=org.matsim.core.router.util.LeastCostPathCalculatorFactory, annotation=[none]], provider=com.google.inject.internal.ConstructorBindingImpl$Factory@19a4d721[Scopes.SINGLETON]}
2026-05-19T23:10:27,378  INFO Injector:87   --> source: org.matsim.core.router.LeastCostPathCalculatorModule.install(LeastCostPathCalculatorModule.java:43)
2026-05-19T23:10:27,378  INFO Injector:89   --> scope: Scopes.NO_SCOPE
2026-05-19T23:10:27,378  INFO Injector:92   --> target: Key[type=org.matsim.core.router.AStarLandmarksFactory, annotation=[none]]
2026-05-19T23:10:27,378  INFO Injector:94   ==full==> LinkedKeyBinding{key=Key[type=org.matsim.core.router.util.LeastCostPathCalculatorFactory, annotation=[none]], source=org.matsim.core.router.LeastCostPathCalculatorModule.install(LeastCostPathCalculatorModule.java:43), scope=Scopes.NO_SCOPE, target=Key[type=org.matsim.core.router.AStarLandmarksFactory, annotation=[none]]}
2026-05-19T23:10:27,378  INFO Injector:96 
2026-05-19T23:10:27,378  INFO Injector:85 org.matsim.core.router.RoutingModule @com.google.inject.name.Named("ride")
2026-05-19T23:10:27,378  INFO Injector:86   --> provider: org.matsim.core.router.FreespeedFactorRouting@67f401c8
2026-05-19T23:10:27,378  INFO Injector:87   --> source: org.matsim.core.router.TripRouterModule.install(TripRouterModule.java:57)
2026-05-19T23:10:27,378  INFO Injector:89   --> scope: Scopes.NO_SCOPE
2026-05-19T23:10:27,378  INFO Injector:94   ==full==> ProviderInstanceBinding{key=Key[type=org.matsim.core.router.RoutingModule, annotation=@com.google.inject.name.Named("ride")], source=org.matsim.core.router.TripRouterModule.install(TripRouterModule.java:57), scope=Scopes.NO_SCOPE, provider=org.matsim.core.router.FreespeedFactorRouting@67f401c8}
2026-05-19T23:10:27,378  INFO Injector:96 
2026-05-19T23:10:27,378  INFO Injector:85 org.matsim.core.router.RoutingModule @com.google.inject.name.Named("pt")
2026-05-19T23:10:27,378  INFO Injector:86   --> provider: org.matsim.core.router.FreespeedFactorRouting@385f87e2
2026-05-19T23:10:27,378  INFO Injector:87   --> source: org.matsim.core.router.TripRouterModule.install(TripRouterModule.java:57)
2026-05-19T23:10:27,378  INFO Injector:89   --> scope: Scopes.NO_SCOPE
2026-05-19T23:10:27,378  INFO Injector:94   ==full==> ProviderInstanceBinding{key=Key[type=org.matsim.core.router.RoutingModule, annotation=@com.google.inject.name.Named("pt")], source=org.matsim.core.router.TripRouterModule.install(TripRouterModule.java:57), scope=Scopes.NO_SCOPE, provider=org.matsim.core.router.FreespeedFactorRouting@385f87e2}
2026-05-19T23:10:27,378  INFO Injector:96 
2026-05-19T23:10:27,378  INFO Injector:85 org.matsim.core.router.RoutingModule @com.google.inject.name.Named("bike")
2026-05-19T23:10:27,378  INFO Injector:86   --> provider: org.matsim.core.router.BeelineTeleportationRouting@65204603
2026-05-19T23:10:27,378  INFO Injector:87   --> source: org.matsim.core.router.TripRouterModule.install(TripRouterModule.java:60)
2026-05-19T23:10:27,378  INFO Injector:89   --> scope: Scopes.NO_SCOPE
2026-05-19T23:10:27,378  INFO Injector:94   ==full==> ProviderInstanceBinding{key=Key[type=org.matsim.core.router.RoutingModule, annotation=@com.google.inject.name.Named("bike")], source=org.matsim.core.router.TripRouterModule.install(TripRouterModule.java:60), scope=Scopes.NO_SCOPE, provider=org.matsim.core.router.BeelineTeleportationRouting@65204603}
2026-05-19T23:10:27,378  INFO Injector:96 
2026-05-19T23:10:27,378  INFO Injector:85 org.matsim.core.router.RoutingModule @com.google.inject.name.Named("walk")
2026-05-19T23:10:27,378  INFO Injector:86   --> provider: org.matsim.core.router.BeelineTeleportationRouting@44fca59a
2026-05-19T23:10:27,378  INFO Injector:87   --> source: org.matsim.core.router.TripRouterModule.install(TripRouterModule.java:60)
2026-05-19T23:10:27,378  INFO Injector:89   --> scope: Scopes.NO_SCOPE
2026-05-19T23:10:27,378  INFO Injector:94   ==full==> ProviderInstanceBinding{key=Key[type=org.matsim.core.router.RoutingModule, annotation=@com.google.inject.name.Named("walk")], source=org.matsim.core.router.TripRouterModule.install(TripRouterModule.java:60), scope=Scopes.NO_SCOPE, provider=org.matsim.core.router.BeelineTeleportationRouting@44fca59a}
2026-05-19T23:10:27,378  INFO Injector:96 
2026-05-19T23:10:27,378  INFO Injector:85 org.matsim.core.router.RoutingModule @com.google.inject.name.Named("non_network_walk")
2026-05-19T23:10:27,378  INFO Injector:86   --> provider: org.matsim.core.router.BeelineTeleportationRouting@341068c
2026-05-19T23:10:27,378  INFO Injector:87   --> source: org.matsim.core.router.TripRouterModule.install(TripRouterModule.java:60)
2026-05-19T23:10:27,378  INFO Injector:89   --> scope: Scopes.NO_SCOPE
2026-05-19T23:10:27,378  INFO Injector:94   ==full==> ProviderInstanceBinding{key=Key[type=org.matsim.core.router.RoutingModule, annotation=@com.google.inject.name.Named("non_network_walk")], source=org.matsim.core.router.TripRouterModule.install(TripRouterModule.java:60), scope=Scopes.NO_SCOPE, provider=org.matsim.core.router.BeelineTeleportationRouting@341068c}
2026-05-19T23:10:27,378  INFO Injector:96 
2026-05-19T23:10:27,378  INFO Injector:85 org.matsim.core.router.RoutingModule @com.google.inject.name.Named("car")
2026-05-19T23:10:27,378  INFO Injector:86   --> provider: org.matsim.core.router.NetworkRoutingProvider@47e5e191
2026-05-19T23:10:27,378  INFO Injector:87   --> source: org.matsim.core.router.TripRouterModule.install(TripRouterModule.java:68)
2026-05-19T23:10:27,378  INFO Injector:89   --> scope: Scopes.NO_SCOPE
2026-05-19T23:10:27,378  INFO Injector:94   ==full==> ProviderInstanceBinding{key=Key[type=org.matsim.core.router.RoutingModule, annotation=@com.google.inject.name.Named("car")], source=org.matsim.core.router.TripRouterModule.install(TripRouterModule.java:68), scope=Scopes.NO_SCOPE, provider=org.matsim.core.router.NetworkRoutingProvider@47e5e191}
2026-05-19T23:10:27,378  INFO Injector:96 
2026-05-19T23:10:27,378  INFO Injector:85 org.matsim.core.router.FallbackRoutingModule 
2026-05-19T23:10:27,378  INFO Injector:86   --> provider: FactoryProxy{key=Key[type=org.matsim.core.router.FallbackRoutingModule, annotation=[none]], provider=com.google.inject.internal.ConstructorBindingImpl$Factory@446ecb65}
2026-05-19T23:10:27,378  INFO Injector:87   --> source: org.matsim.core.router.TripRouterModule.install(TripRouterModule.java:80)
2026-05-19T23:10:27,378  INFO Injector:89   --> scope: Scopes.NO_SCOPE
2026-05-19T23:10:27,379  INFO Injector:92   --> target: Key[type=org.matsim.core.router.FallbackRoutingModuleDefaultImpl, annotation=[none]]
2026-05-19T23:10:27,379  INFO Injector:94   ==full==> LinkedKeyBinding{key=Key[type=org.matsim.core.router.FallbackRoutingModule, annotation=[none]], source=org.matsim.core.router.TripRouterModule.install(TripRouterModule.java:80), scope=Scopes.NO_SCOPE, target=Key[type=org.matsim.core.router.FallbackRoutingModuleDefaultImpl, annotation=[none]]}
2026-05-19T23:10:27,379  INFO Injector:96 
2026-05-19T23:10:27,379  INFO Injector:85 org.matsim.core.replanning.selectors.PlanSelector<org.matsim.api.core.v01.population.Plan, org.matsim.api.core.v01.population.Person> 
2026-05-19T23:10:27,379  INFO Injector:86   --> provider: FactoryProxy{key=Key[type=org.matsim.core.replanning.selectors.PlanSelector<org.matsim.api.core.v01.population.Plan, org.matsim.api.core.v01.population.Person>, annotation=[none]], provider=com.google.inject.internal.ConstructorBindingImpl$Factory@10ab2cc}
2026-05-19T23:10:27,379  INFO Injector:87   --> source: org.matsim.core.replanning.strategies.DefaultPlanStrategiesModule.install(DefaultPlanStrategiesModule.java:55)
2026-05-19T23:10:27,379  INFO Injector:89   --> scope: Scopes.NO_SCOPE
2026-05-19T23:10:27,379  INFO Injector:92   --> target: Key[type=org.matsim.core.replanning.selectors.WorstPlanForRemovalSelector, annotation=[none]]
2026-05-19T23:10:27,379  INFO Injector:94   ==full==> LinkedKeyBinding{key=Key[type=org.matsim.core.replanning.selectors.PlanSelector<org.matsim.api.core.v01.population.Plan, org.matsim.api.core.v01.population.Person>, annotation=[none]], source=org.matsim.core.replanning.strategies.DefaultPlanStrategiesModule.install(DefaultPlanStrategiesModule.java:55), scope=Scopes.NO_SCOPE, target=Key[type=org.matsim.core.replanning.selectors.WorstPlanForRemovalSelector, annotation=[none]]}
2026-05-19T23:10:27,379  INFO Injector:96 
2026-05-19T23:10:27,379  INFO Injector:85 org.matsim.core.replanning.choosers.StrategyChooser<org.matsim.api.core.v01.population.Plan, org.matsim.api.core.v01.population.Person> 
2026-05-19T23:10:27,379  INFO Injector:86   --> provider: FactoryProxy{key=Key[type=org.matsim.core.replanning.choosers.StrategyChooser<org.matsim.api.core.v01.population.Plan, org.matsim.api.core.v01.population.Person>, annotation=[none]], provider=com.google.inject.internal.ConstructorBindingImpl$Factory@416d7757}[Scopes.SINGLETON]
2026-05-19T23:10:27,379  INFO Injector:87   --> source: org.matsim.core.replanning.StrategyManagerModule.install(StrategyManagerModule.java:55)
2026-05-19T23:10:27,379  INFO Injector:89   --> scope: eager singleton
2026-05-19T23:10:27,379  INFO Injector:92   --> target: Key[type=org.matsim.core.replanning.choosers.WeightedStrategyChooser<org.matsim.api.core.v01.population.Plan, org.matsim.api.core.v01.population.Person>, annotation=[none]]
2026-05-19T23:10:27,379  INFO Injector:94   ==full==> LinkedKeyBinding{key=Key[type=org.matsim.core.replanning.choosers.StrategyChooser<org.matsim.api.core.v01.population.Plan, org.matsim.api.core.v01.population.Person>, annotation=[none]], source=org.matsim.core.replanning.StrategyManagerModule.install(StrategyManagerModule.java:55), scope=eager singleton, target=Key[type=org.matsim.core.replanning.choosers.WeightedStrategyChooser<org.matsim.api.core.v01.population.Plan, org.matsim.api.core.v01.population.Person>, annotation=[none]]}
2026-05-19T23:10:27,379  INFO Injector:96 
2026-05-19T23:10:27,379  INFO Injector:85 org.matsim.core.replanning.ReplanningContext 
2026-05-19T23:10:27,379  INFO Injector:86   --> provider: FactoryProxy{key=Key[type=org.matsim.core.replanning.ReplanningContext, annotation=[none]], provider=com.google.inject.internal.ConstructorBindingImpl$Factory@7ecfbd84[Scopes.SINGLETON]}[Scopes.SINGLETON]
2026-05-19T23:10:27,379  INFO Injector:87   --> source: org.matsim.core.replanning.StrategyManagerModule.install(StrategyManagerModule.java:56)
2026-05-19T23:10:27,379  INFO Injector:89   --> scope: eager singleton
2026-05-19T23:10:27,379  INFO Injector:92   --> target: Key[type=org.matsim.core.replanning.ReplanningContextImpl, annotation=[none]]
2026-05-19T23:10:27,379  INFO Injector:94   ==full==> LinkedKeyBinding{key=Key[type=org.matsim.core.replanning.ReplanningContext, annotation=[none]], source=org.matsim.core.replanning.StrategyManagerModule.install(StrategyManagerModule.java:56), scope=eager singleton, target=Key[type=org.matsim.core.replanning.ReplanningContextImpl, annotation=[none]]}
2026-05-19T23:10:27,379  INFO Injector:96 
2026-05-19T23:10:27,379  INFO Injector:85 org.matsim.core.utils.timing.TimeInterpretation 
2026-05-19T23:10:27,379  INFO Injector:86   --> provider: @Provides org.matsim.core.utils.timing.TimeInterpretationModule.provideTimeInterpretation(TimeInterpretationModule.java:16)[Scopes.SINGLETON]
2026-05-19T23:10:27,379  INFO Injector:87   --> source: public org.matsim.core.utils.timing.TimeInterpretation org.matsim.core.utils.timing.TimeInterpretationModule.provideTimeInterpretation()
2026-05-19T23:10:27,379  INFO Injector:89   --> scope: Scopes.SINGLETON
2026-05-19T23:10:27,379  INFO Injector:94   ==full==> ProviderInstanceBinding{key=Key[type=org.matsim.core.utils.timing.TimeInterpretation, annotation=[none]], source=public org.matsim.core.utils.timing.TimeInterpretation org.matsim.core.utils.timing.TimeInterpretationModule.provideTimeInterpretation(), scope=Scopes.SINGLETON, provider=@Provides org.matsim.core.utils.timing.TimeInterpretationModule.provideTimeInterpretation(TimeInterpretationModule.java:16)}
2026-05-19T23:10:27,379  INFO Injector:96 
2026-05-19T23:10:27,379  INFO Injector:85 org.matsim.core.controler.listener.ControlerListener @com.google.inject.internal.Element(setName=,uniqueId=71, type=MULTIBINDER, keyType=)
2026-05-19T23:10:27,379  INFO Injector:86   --> provider: FactoryProxy{key=Key[type=org.matsim.core.controler.listener.ControlerListener, annotation=@com.google.inject.internal.Element(setName=,uniqueId=71, type=MULTIBINDER, keyType=)], provider=com.google.inject.internal.ConstructorBindingImpl$Factory@32fd38d4[Scopes.SINGLETON]}
2026-05-19T23:10:27,379  INFO Injector:87   --> source: org.matsim.analysis.LinkStatsModule.install(LinkStatsModule.java:47)
2026-05-19T23:10:27,379  INFO Injector:89   --> scope: Scopes.NO_SCOPE
2026-05-19T23:10:27,379  INFO Injector:92   --> target: Key[type=org.matsim.analysis.LinkStatsControlerListener, annotation=[none]]
2026-05-19T23:10:27,379  INFO Injector:94   ==full==> LinkedKeyBinding{key=Key[type=org.matsim.core.controler.listener.ControlerListener, annotation=@com.google.inject.internal.Element(setName=,uniqueId=71, type=MULTIBINDER, keyType=)], source=org.matsim.analysis.LinkStatsModule.install(LinkStatsModule.java:47), scope=Scopes.NO_SCOPE, target=Key[type=org.matsim.analysis.LinkStatsControlerListener, annotation=[none]]}
2026-05-19T23:10:27,379  INFO Injector:96 
2026-05-19T23:10:27,379  INFO Injector:85 org.matsim.core.controler.listener.ControlerListener @com.google.inject.internal.Element(setName=,uniqueId=72, type=MULTIBINDER, keyType=)
2026-05-19T23:10:27,379  INFO Injector:86   --> provider: FactoryProxy{key=Key[type=org.matsim.core.controler.listener.ControlerListener, annotation=@com.google.inject.internal.Element(setName=,uniqueId=72, type=MULTIBINDER, keyType=)], provider=com.google.inject.internal.ConstructorBindingImpl$Factory@315d9092}
2026-05-19T23:10:27,379  INFO Injector:87   --> source: org.matsim.analysis.LegHistogramModule.install(LegHistogramModule.java:31)
2026-05-19T23:10:27,379  INFO Injector:89   --> scope: Scopes.NO_SCOPE
2026-05-19T23:10:27,379  INFO Injector:92   --> target: Key[type=org.matsim.analysis.LegHistogramListener, annotation=[none]]
2026-05-19T23:10:27,379  INFO Injector:94   ==full==> LinkedKeyBinding{key=Key[type=org.matsim.core.controler.listener.ControlerListener, annotation=@com.google.inject.internal.Element(setName=,uniqueId=72, type=MULTIBINDER, keyType=)], source=org.matsim.analysis.LegHistogramModule.install(LegHistogramModule.java:31), scope=Scopes.NO_SCOPE, target=Key[type=org.matsim.analysis.LegHistogramListener, annotation=[none]]}
2026-05-19T23:10:27,379  INFO Injector:96 
2026-05-19T23:10:27,379  INFO Injector:85 org.matsim.core.controler.listener.ControlerListener @com.google.inject.internal.Element(setName=,uniqueId=73, type=MULTIBINDER, keyType=)
2026-05-19T23:10:27,379  INFO Injector:86   --> provider: FactoryProxy{key=Key[type=org.matsim.core.controler.listener.ControlerListener, annotation=@com.google.inject.internal.Element(setName=,uniqueId=73, type=MULTIBINDER, keyType=)], provider=com.google.inject.internal.ConstructorBindingImpl$Factory@3ebcd4ce}
2026-05-19T23:10:27,379  INFO Injector:87   --> source: org.matsim.analysis.LegTimesModule.install(LegTimesModule.java:32)
2026-05-19T23:10:27,380  INFO Injector:89   --> scope: Scopes.NO_SCOPE
2026-05-19T23:10:27,380  INFO Injector:92   --> target: Key[type=org.matsim.analysis.LegTimesControlerListener, annotation=[none]]
2026-05-19T23:10:27,380  INFO Injector:94   ==full==> LinkedKeyBinding{key=Key[type=org.matsim.core.controler.listener.ControlerListener, annotation=@com.google.inject.internal.Element(setName=,uniqueId=73, type=MULTIBINDER, keyType=)], source=org.matsim.analysis.LegTimesModule.install(LegTimesModule.java:32), scope=Scopes.NO_SCOPE, target=Key[type=org.matsim.analysis.LegTimesControlerListener, annotation=[none]]}
2026-05-19T23:10:27,380  INFO Injector:96 
2026-05-19T23:10:27,380  INFO Injector:85 org.matsim.analysis.TripsAndLegsCSVWriter$CustomTripsWriterExtension 
2026-05-19T23:10:27,380  INFO Injector:86   --> provider: FactoryProxy{key=Key[type=org.matsim.analysis.TripsAndLegsCSVWriter$CustomTripsWriterExtension, annotation=[none]], provider=com.google.inject.internal.ConstructorBindingImpl$Factory@27bf1a06}[Scopes.SINGLETON]
2026-05-19T23:10:27,380  INFO Injector:87   --> source: org.matsim.analysis.IterationTravelStatsModule.install(IterationTravelStatsModule.java:34)
2026-05-19T23:10:27,380  INFO Injector:89   --> scope: eager singleton
2026-05-19T23:10:27,380  INFO Injector:92   --> target: Key[type=org.matsim.analysis.TripsAndLegsCSVWriter$NoTripWriterExtension, annotation=[none]]
2026-05-19T23:10:27,380  INFO Injector:94   ==full==> LinkedKeyBinding{key=Key[type=org.matsim.analysis.TripsAndLegsCSVWriter$CustomTripsWriterExtension, annotation=[none]], source=org.matsim.analysis.IterationTravelStatsModule.install(IterationTravelStatsModule.java:34), scope=eager singleton, target=Key[type=org.matsim.analysis.TripsAndLegsCSVWriter$NoTripWriterExtension, annotation=[none]]}
2026-05-19T23:10:27,380  INFO Injector:96 
2026-05-19T23:10:27,380  INFO Injector:85 org.matsim.analysis.TripsAndLegsCSVWriter$CustomLegsWriterExtension 
2026-05-19T23:10:27,380  INFO Injector:86   --> provider: FactoryProxy{key=Key[type=org.matsim.analysis.TripsAndLegsCSVWriter$CustomLegsWriterExtension, annotation=[none]], provider=com.google.inject.internal.ConstructorBindingImpl$Factory@7cdfadbd}[Scopes.SINGLETON]
2026-05-19T23:10:27,380  INFO Injector:87   --> source: org.matsim.analysis.IterationTravelStatsModule.install(IterationTravelStatsModule.java:35)
2026-05-19T23:10:27,380  INFO Injector:89   --> scope: eager singleton
2026-05-19T23:10:27,380  INFO Injector:92   --> target: Key[type=org.matsim.analysis.TripsAndLegsCSVWriter$NoLegsWriterExtension, annotation=[none]]
2026-05-19T23:10:27,380  INFO Injector:94   ==full==> LinkedKeyBinding{key=Key[type=org.matsim.analysis.TripsAndLegsCSVWriter$CustomLegsWriterExtension, annotation=[none]], source=org.matsim.analysis.IterationTravelStatsModule.install(IterationTravelStatsModule.java:35), scope=eager singleton, target=Key[type=org.matsim.analysis.TripsAndLegsCSVWriter$NoLegsWriterExtension, annotation=[none]]}
2026-05-19T23:10:27,380  INFO Injector:96 
2026-05-19T23:10:27,380  INFO Injector:85 org.matsim.analysis.TripsAndLegsCSVWriter$CustomTimeWriter 
2026-05-19T23:10:27,380  INFO Injector:86   --> provider: FactoryProxy{key=Key[type=org.matsim.analysis.TripsAndLegsCSVWriter$CustomTimeWriter, annotation=[none]], provider=com.google.inject.internal.ConstructorBindingImpl$Factory@21db6bb4}[Scopes.SINGLETON]
2026-05-19T23:10:27,380  INFO Injector:87   --> source: org.matsim.analysis.IterationTravelStatsModule.install(IterationTravelStatsModule.java:36)
2026-05-19T23:10:27,380  INFO Injector:89   --> scope: eager singleton
2026-05-19T23:10:27,380  INFO Injector:92   --> target: Key[type=org.matsim.analysis.TripsAndLegsCSVWriter$DefaultTimeWriter, annotation=[none]]
2026-05-19T23:10:27,380  INFO Injector:94   ==full==> LinkedKeyBinding{key=Key[type=org.matsim.analysis.TripsAndLegsCSVWriter$CustomTimeWriter, annotation=[none]], source=org.matsim.analysis.IterationTravelStatsModule.install(IterationTravelStatsModule.java:36), scope=eager singleton, target=Key[type=org.matsim.analysis.TripsAndLegsCSVWriter$DefaultTimeWriter, annotation=[none]]}
2026-05-19T23:10:27,380  INFO Injector:96 
2026-05-19T23:10:27,380  INFO Injector:85 org.matsim.core.controler.listener.ControlerListener @com.google.inject.internal.Element(setName=,uniqueId=74, type=MULTIBINDER, keyType=)
2026-05-19T23:10:27,380  INFO Injector:86   --> provider: FactoryProxy{key=Key[type=org.matsim.core.controler.listener.ControlerListener, annotation=@com.google.inject.internal.Element(setName=,uniqueId=74, type=MULTIBINDER, keyType=)], provider=com.google.inject.internal.ConstructorBindingImpl$Factory@7919d1e5}
2026-05-19T23:10:27,380  INFO Injector:87   --> source: org.matsim.analysis.IterationTravelStatsModule.install(IterationTravelStatsModule.java:37)
2026-05-19T23:10:27,380  INFO Injector:89   --> scope: Scopes.NO_SCOPE
2026-05-19T23:10:27,380  INFO Injector:92   --> target: Key[type=org.matsim.analysis.IterationTravelStatsControlerListener, annotation=[none]]
2026-05-19T23:10:27,380  INFO Injector:94   ==full==> LinkedKeyBinding{key=Key[type=org.matsim.core.controler.listener.ControlerListener, annotation=@com.google.inject.internal.Element(setName=,uniqueId=74, type=MULTIBINDER, keyType=)], source=org.matsim.analysis.IterationTravelStatsModule.install(IterationTravelStatsModule.java:37), scope=Scopes.NO_SCOPE, target=Key[type=org.matsim.analysis.IterationTravelStatsControlerListener, annotation=[none]]}
2026-05-19T23:10:27,380  INFO Injector:96 
2026-05-19T23:10:27,380  INFO Injector:85 org.matsim.core.controler.listener.ControlerListener @com.google.inject.internal.Element(setName=,uniqueId=75, type=MULTIBINDER, keyType=)
2026-05-19T23:10:27,380  INFO Injector:86   --> provider: FactoryProxy{key=Key[type=org.matsim.core.controler.listener.ControlerListener, annotation=@com.google.inject.internal.Element(setName=,uniqueId=75, type=MULTIBINDER, keyType=)], provider=com.google.inject.internal.ConstructorBindingImpl$Factory@26298bea[Scopes.SINGLETON]}
2026-05-19T23:10:27,380  INFO Injector:87   --> source: org.matsim.analysis.ScoreStatsModule.install(ScoreStatsModule.java:32)
2026-05-19T23:10:27,380  INFO Injector:89   --> scope: Scopes.NO_SCOPE
2026-05-19T23:10:27,380  INFO Injector:92   --> target: Key[type=org.matsim.analysis.ScoreStatsControlerListener, annotation=[none]]
2026-05-19T23:10:27,380  INFO Injector:94   ==full==> LinkedKeyBinding{key=Key[type=org.matsim.core.controler.listener.ControlerListener, annotation=@com.google.inject.internal.Element(setName=,uniqueId=75, type=MULTIBINDER, keyType=)], source=org.matsim.analysis.ScoreStatsModule.install(ScoreStatsModule.java:32), scope=Scopes.NO_SCOPE, target=Key[type=org.matsim.analysis.ScoreStatsControlerListener, annotation=[none]]}
2026-05-19T23:10:27,380  INFO Injector:96 
2026-05-19T23:10:27,380  INFO Injector:85 org.matsim.analysis.ScoreStats 
2026-05-19T23:10:27,380  INFO Injector:86   --> provider: FactoryProxy{key=Key[type=org.matsim.analysis.ScoreStats, annotation=[none]], provider=com.google.inject.internal.ConstructorBindingImpl$Factory@26298bea[Scopes.SINGLETON]}
2026-05-19T23:10:27,380  INFO Injector:87   --> source: org.matsim.analysis.ScoreStatsModule.install(ScoreStatsModule.java:33)
2026-05-19T23:10:27,380  INFO Injector:89   --> scope: Scopes.NO_SCOPE
2026-05-19T23:10:27,380  INFO Injector:92   --> target: Key[type=org.matsim.analysis.ScoreStatsControlerListener, annotation=[none]]
2026-05-19T23:10:27,380  INFO Injector:94   ==full==> LinkedKeyBinding{key=Key[type=org.matsim.analysis.ScoreStats, annotation=[none]], source=org.matsim.analysis.ScoreStatsModule.install(ScoreStatsModule.java:33), scope=Scopes.NO_SCOPE, target=Key[type=org.matsim.analysis.ScoreStatsControlerListener, annotation=[none]]}
2026-05-19T23:10:27,380  INFO Injector:96 
2026-05-19T23:10:27,380  INFO Injector:85 org.matsim.core.controler.listener.ControlerListener @com.google.inject.internal.Element(setName=,uniqueId=76, type=MULTIBINDER, keyType=)
2026-05-19T23:10:27,380  INFO Injector:86   --> provider: FactoryProxy{key=Key[type=org.matsim.core.controler.listener.ControlerListener, annotation=@com.google.inject.internal.Element(setName=,uniqueId=76, type=MULTIBINDER, keyType=)], provider=com.google.inject.internal.ConstructorBindingImpl$Factory@279a68d7[Scopes.SINGLETON]}
2026-05-19T23:10:27,380  INFO Injector:87   --> source: org.matsim.analysis.ModeStatsModule.install(ModeStatsModule.java:32)
2026-05-19T23:10:27,380  INFO Injector:89   --> scope: Scopes.NO_SCOPE
2026-05-19T23:10:27,380  INFO Injector:92   --> target: Key[type=org.matsim.analysis.ModeStatsControlerListener, annotation=[none]]
2026-05-19T23:10:27,380  INFO Injector:94   ==full==> LinkedKeyBinding{key=Key[type=org.matsim.core.controler.listener.ControlerListener, annotation=@com.google.inject.internal.Element(setName=,uniqueId=76, type=MULTIBINDER, keyType=)], source=org.matsim.analysis.ModeStatsModule.install(ModeStatsModule.java:32), scope=Scopes.NO_SCOPE, target=Key[type=org.matsim.analysis.ModeStatsControlerListener, annotation=[none]]}
2026-05-19T23:10:27,380  INFO Injector:96 
2026-05-19T23:10:27,380  INFO Injector:85 org.matsim.core.controler.listener.ControlerListener @com.google.inject.internal.Element(setName=,uniqueId=77, type=MULTIBINDER, keyType=)
2026-05-19T23:10:27,380  INFO Injector:86   --> provider: FactoryProxy{key=Key[type=org.matsim.core.controler.listener.ControlerListener, annotation=@com.google.inject.internal.Element(setName=,uniqueId=77, type=MULTIBINDER, keyType=)], provider=com.google.inject.internal.ConstructorBindingImpl$Factory@5de6315b}
2026-05-19T23:10:27,380  INFO Injector:87   --> source: org.matsim.counts.CountsModule.install(CountsModule.java:43)
2026-05-19T23:10:27,380  INFO Injector:89   --> scope: Scopes.NO_SCOPE
2026-05-19T23:10:27,380  INFO Injector:92   --> target: Key[type=org.matsim.counts.CountsControlerListener, annotation=[none]]
2026-05-19T23:10:27,380  INFO Injector:94   ==full==> LinkedKeyBinding{key=Key[type=org.matsim.core.controler.listener.ControlerListener, annotation=@com.google.inject.internal.Element(setName=,uniqueId=77, type=MULTIBINDER, keyType=)], source=org.matsim.counts.CountsModule.install(CountsModule.java:43), scope=Scopes.NO_SCOPE, target=Key[type=org.matsim.counts.CountsControlerListener, annotation=[none]]}
2026-05-19T23:10:27,380  INFO Injector:96 
2026-05-19T23:10:27,380  INFO Injector:85 org.matsim.counts.Counts<org.matsim.api.core.v01.network.Link> 
2026-05-19T23:10:27,381  INFO Injector:86   --> provider: @Provides org.matsim.counts.CountsModule.provideLinkCounts(CountsModule.java:64)[Scopes.SINGLETON]
2026-05-19T23:10:27,381  INFO Injector:87   --> source: org.matsim.counts.Counts org.matsim.counts.CountsModule.provideLinkCounts(org.matsim.api.core.v01.Scenario,org.matsim.core.config.groups.CountsConfigGroup)
2026-05-19T23:10:27,381  INFO Injector:89   --> scope: Scopes.SINGLETON
2026-05-19T23:10:27,381  INFO Injector:94   ==full==> ProviderInstanceBinding{key=Key[type=org.matsim.counts.Counts<org.matsim.api.core.v01.network.Link>, annotation=[none]], source=org.matsim.counts.Counts org.matsim.counts.CountsModule.provideLinkCounts(org.matsim.api.core.v01.Scenario,org.matsim.core.config.groups.CountsConfigGroup), scope=Scopes.SINGLETON, provider=@Provides org.matsim.counts.CountsModule.provideLinkCounts(CountsModule.java:64)}
2026-05-19T23:10:27,381  INFO Injector:96 
2026-05-19T23:10:27,381  INFO Injector:85 org.matsim.core.controler.listener.ControlerListener @com.google.inject.internal.Element(setName=,uniqueId=78, type=MULTIBINDER, keyType=)
2026-05-19T23:10:27,381  INFO Injector:86   --> provider: FactoryProxy{key=Key[type=org.matsim.core.controler.listener.ControlerListener, annotation=@com.google.inject.internal.Element(setName=,uniqueId=78, type=MULTIBINDER, keyType=)], provider=com.google.inject.internal.ConstructorBindingImpl$Factory@7473e99e}
2026-05-19T23:10:27,381  INFO Injector:87   --> source: org.matsim.core.population.VspPlansCleanerModule.install(VspPlansCleanerModule.java:34)
2026-05-19T23:10:27,381  INFO Injector:89   --> scope: Scopes.NO_SCOPE
2026-05-19T23:10:27,381  INFO Injector:92   --> target: Key[type=org.matsim.core.population.VspPlansCleaner, annotation=[none]]
2026-05-19T23:10:27,381  INFO Injector:94   ==full==> LinkedKeyBinding{key=Key[type=org.matsim.core.controler.listener.ControlerListener, annotation=@com.google.inject.internal.Element(setName=,uniqueId=78, type=MULTIBINDER, keyType=)], source=org.matsim.core.population.VspPlansCleanerModule.install(VspPlansCleanerModule.java:34), scope=Scopes.NO_SCOPE, target=Key[type=org.matsim.core.population.VspPlansCleaner, annotation=[none]]}
2026-05-19T23:10:27,381  INFO Injector:96 
2026-05-19T23:10:27,381  INFO Injector:85 org.matsim.core.mobsim.framework.listeners.MobsimListener @com.google.inject.internal.Element(setName=,uniqueId=79, type=MULTIBINDER, keyType=)
2026-05-19T23:10:27,381  INFO Injector:86   --> provider: Key[type=org.matsim.vis.snapshotwriters.SnapshotWritersModule$SnapshotWriterManagerProvider, annotation=[none]]
2026-05-19T23:10:27,381  INFO Injector:87   --> source: org.matsim.vis.snapshotwriters.SnapshotWritersModule.install(SnapshotWritersModule.java:50)
2026-05-19T23:10:27,381  INFO Injector:89   --> scope: Scopes.NO_SCOPE
2026-05-19T23:10:27,381  INFO Injector:94   ==full==> ProviderKeyBinding{key=Key[type=org.matsim.core.mobsim.framework.listeners.MobsimListener, annotation=@com.google.inject.internal.Element(setName=,uniqueId=79, type=MULTIBINDER, keyType=)], source=org.matsim.vis.snapshotwriters.SnapshotWritersModule.install(SnapshotWritersModule.java:50), scope=Scopes.NO_SCOPE, provider=Key[type=org.matsim.vis.snapshotwriters.SnapshotWritersModule$SnapshotWriterManagerProvider, annotation=[none]]}
2026-05-19T23:10:27,381  INFO Injector:96 
2026-05-19T23:10:27,381  INFO Injector:85 org.matsim.core.controler.listener.ControlerListener @com.google.inject.internal.Element(setName=,uniqueId=80, type=MULTIBINDER, keyType=)
2026-05-19T23:10:27,381  INFO Injector:86   --> provider: FactoryProxy{key=Key[type=org.matsim.core.controler.listener.ControlerListener, annotation=@com.google.inject.internal.Element(setName=,uniqueId=80, type=MULTIBINDER, keyType=)], provider=com.google.inject.internal.ConstructorBindingImpl$Factory@187372a2}
2026-05-19T23:10:27,381  INFO Injector:87   --> source: org.matsim.guice.DependencyGraphModule.install(DependencyGraphModule.java:8)
2026-05-19T23:10:27,381  INFO Injector:89   --> scope: Scopes.NO_SCOPE
2026-05-19T23:10:27,381  INFO Injector:92   --> target: Key[type=org.matsim.guice.DependencyGraphControlerListener, annotation=[none]]
2026-05-19T23:10:27,381  INFO Injector:94   ==full==> LinkedKeyBinding{key=Key[type=org.matsim.core.controler.listener.ControlerListener, annotation=@com.google.inject.internal.Element(setName=,uniqueId=80, type=MULTIBINDER, keyType=)], source=org.matsim.guice.DependencyGraphModule.install(DependencyGraphModule.java:8), scope=Scopes.NO_SCOPE, target=Key[type=org.matsim.guice.DependencyGraphControlerListener, annotation=[none]]}
2026-05-19T23:10:27,381  INFO Injector:96 
2026-05-19T23:10:27,381  INFO Injector:85 org.matsim.core.controler.listener.ControlerListener @com.google.inject.internal.Element(setName=,uniqueId=81, type=MULTIBINDER, keyType=)
2026-05-19T23:10:27,381  INFO Injector:86   --> provider: ConstantFactory{value=org.matsim.core.controler.ControlerDefaultsModule$1@2012a730}[Scopes.SINGLETON]
2026-05-19T23:10:27,381  INFO Injector:87   --> source: org.matsim.core.controler.ControlerDefaultsModule.install(ControlerDefaultsModule.java:87)
2026-05-19T23:10:27,381  INFO Injector:89   --> scope: eager singleton
2026-05-19T23:10:27,381  INFO Injector:94   ==full==> InstanceBinding{key=Key[type=org.matsim.core.controler.listener.ControlerListener, annotation=@com.google.inject.internal.Element(setName=,uniqueId=81, type=MULTIBINDER, keyType=)], source=org.matsim.core.controler.ControlerDefaultsModule.install(ControlerDefaultsModule.java:87), instance=org.matsim.core.controler.ControlerDefaultsModule$1@2012a730}
2026-05-19T23:10:27,381  INFO Injector:96 
2026-05-19T23:10:27,381  INFO Injector:85 org.matsim.core.router.RoutingModule @com.google.inject.internal.Element(setName=,uniqueId=82, type=MAPBINDER, keyType=java.lang.String)
2026-05-19T23:10:27,381  INFO Injector:86   --> provider: FactoryProxy{key=Key[type=org.matsim.core.router.RoutingModule, annotation=@com.google.inject.internal.Element(setName=,uniqueId=82, type=MAPBINDER, keyType=java.lang.String)], provider=org.matsim.core.router.FreespeedFactorRouting@385f87e2}
2026-05-19T23:10:27,381  INFO Injector:87   --> source: org.matsim.core.controler.Injector$3.configure(Injector.java:129)
2026-05-19T23:10:27,381  INFO Injector:89   --> scope: Scopes.NO_SCOPE
2026-05-19T23:10:27,381  INFO Injector:92   --> target: Key[type=org.matsim.core.router.RoutingModule, annotation=@com.google.inject.name.Named("pt")]
2026-05-19T23:10:27,381  INFO Injector:94   ==full==> LinkedKeyBinding{key=Key[type=org.matsim.core.router.RoutingModule, annotation=@com.google.inject.internal.Element(setName=,uniqueId=82, type=MAPBINDER, keyType=java.lang.String)], source=org.matsim.core.controler.Injector$3.configure(Injector.java:129), scope=Scopes.NO_SCOPE, target=Key[type=org.matsim.core.router.RoutingModule, annotation=@com.google.inject.name.Named("pt")]}
2026-05-19T23:10:27,381  INFO Injector:96 
2026-05-19T23:10:27,381  INFO Injector:85 org.matsim.core.router.RoutingModule @com.google.inject.internal.Element(setName=,uniqueId=84, type=MAPBINDER, keyType=java.lang.String)
2026-05-19T23:10:27,381  INFO Injector:86   --> provider: FactoryProxy{key=Key[type=org.matsim.core.router.RoutingModule, annotation=@com.google.inject.internal.Element(setName=,uniqueId=84, type=MAPBINDER, keyType=java.lang.String)], provider=org.matsim.core.router.NetworkRoutingProvider@47e5e191}
2026-05-19T23:10:27,381  INFO Injector:87   --> source: org.matsim.core.controler.Injector$3.configure(Injector.java:129)
2026-05-19T23:10:27,381  INFO Injector:89   --> scope: Scopes.NO_SCOPE
2026-05-19T23:10:27,381  INFO Injector:92   --> target: Key[type=org.matsim.core.router.RoutingModule, annotation=@com.google.inject.name.Named("car")]
2026-05-19T23:10:27,381  INFO Injector:94   ==full==> LinkedKeyBinding{key=Key[type=org.matsim.core.router.RoutingModule, annotation=@com.google.inject.internal.Element(setName=,uniqueId=84, type=MAPBINDER, keyType=java.lang.String)], source=org.matsim.core.controler.Injector$3.configure(Injector.java:129), scope=Scopes.NO_SCOPE, target=Key[type=org.matsim.core.router.RoutingModule, annotation=@com.google.inject.name.Named("car")]}
2026-05-19T23:10:27,381  INFO Injector:96 
2026-05-19T23:10:27,381  INFO Injector:85 org.matsim.core.router.RoutingModule @com.google.inject.internal.Element(setName=,uniqueId=86, type=MAPBINDER, keyType=java.lang.String)
2026-05-19T23:10:27,381  INFO Injector:86   --> provider: FactoryProxy{key=Key[type=org.matsim.core.router.RoutingModule, annotation=@com.google.inject.internal.Element(setName=,uniqueId=86, type=MAPBINDER, keyType=java.lang.String)], provider=org.matsim.core.router.BeelineTeleportationRouting@341068c}
2026-05-19T23:10:27,381  INFO Injector:87   --> source: org.matsim.core.controler.Injector$3.configure(Injector.java:129)
2026-05-19T23:10:27,381  INFO Injector:89   --> scope: Scopes.NO_SCOPE
2026-05-19T23:10:27,381  INFO Injector:92   --> target: Key[type=org.matsim.core.router.RoutingModule, annotation=@com.google.inject.name.Named("non_network_walk")]
2026-05-19T23:10:27,381  INFO Injector:94   ==full==> LinkedKeyBinding{key=Key[type=org.matsim.core.router.RoutingModule, annotation=@com.google.inject.internal.Element(setName=,uniqueId=86, type=MAPBINDER, keyType=java.lang.String)], source=org.matsim.core.controler.Injector$3.configure(Injector.java:129), scope=Scopes.NO_SCOPE, target=Key[type=org.matsim.core.router.RoutingModule, annotation=@com.google.inject.name.Named("non_network_walk")]}
2026-05-19T23:10:27,381  INFO Injector:96 
2026-05-19T23:10:27,381  INFO Injector:85 org.matsim.core.router.RoutingModule @com.google.inject.internal.Element(setName=,uniqueId=88, type=MAPBINDER, keyType=java.lang.String)
2026-05-19T23:10:27,381  INFO Injector:86   --> provider: FactoryProxy{key=Key[type=org.matsim.core.router.RoutingModule, annotation=@com.google.inject.internal.Element(setName=,uniqueId=88, type=MAPBINDER, keyType=java.lang.String)], provider=org.matsim.core.router.FreespeedFactorRouting@67f401c8}
2026-05-19T23:10:27,381  INFO Injector:87   --> source: org.matsim.core.controler.Injector$3.configure(Injector.java:129)
2026-05-19T23:10:27,381  INFO Injector:89   --> scope: Scopes.NO_SCOPE
2026-05-19T23:10:27,381  INFO Injector:92   --> target: Key[type=org.matsim.core.router.RoutingModule, annotation=@com.google.inject.name.Named("ride")]
2026-05-19T23:10:27,381  INFO Injector:94   ==full==> LinkedKeyBinding{key=Key[type=org.matsim.core.router.RoutingModule, annotation=@com.google.inject.internal.Element(setName=,uniqueId=88, type=MAPBINDER, keyType=java.lang.String)], source=org.matsim.core.controler.Injector$3.configure(Injector.java:129), scope=Scopes.NO_SCOPE, target=Key[type=org.matsim.core.router.RoutingModule, annotation=@com.google.inject.name.Named("ride")]}
2026-05-19T23:10:27,381  INFO Injector:96 
2026-05-19T23:10:27,381  INFO Injector:85 org.matsim.core.router.RoutingModule @com.google.inject.internal.Element(setName=,uniqueId=90, type=MAPBINDER, keyType=java.lang.String)
2026-05-19T23:10:27,381  INFO Injector:86   --> provider: FactoryProxy{key=Key[type=org.matsim.core.router.RoutingModule, annotation=@com.google.inject.internal.Element(setName=,uniqueId=90, type=MAPBINDER, keyType=java.lang.String)], provider=org.matsim.core.router.BeelineTeleportationRouting@44fca59a}
2026-05-19T23:10:27,381  INFO Injector:87   --> source: org.matsim.core.controler.Injector$3.configure(Injector.java:129)
2026-05-19T23:10:27,381  INFO Injector:89   --> scope: Scopes.NO_SCOPE
2026-05-19T23:10:27,381  INFO Injector:92   --> target: Key[type=org.matsim.core.router.RoutingModule, annotation=@com.google.inject.name.Named("walk")]
2026-05-19T23:10:27,381  INFO Injector:94   ==full==> LinkedKeyBinding{key=Key[type=org.matsim.core.router.RoutingModule, annotation=@com.google.inject.internal.Element(setName=,uniqueId=90, type=MAPBINDER, keyType=java.lang.String)], source=org.matsim.core.controler.Injector$3.configure(Injector.java:129), scope=Scopes.NO_SCOPE, target=Key[type=org.matsim.core.router.RoutingModule, annotation=@com.google.inject.name.Named("walk")]}
2026-05-19T23:10:27,381  INFO Injector:96 
2026-05-19T23:10:27,381  INFO Injector:85 org.matsim.core.router.RoutingModule @com.google.inject.internal.Element(setName=,uniqueId=92, type=MAPBINDER, keyType=java.lang.String)
2026-05-19T23:10:27,381  INFO Injector:86   --> provider: FactoryProxy{key=Key[type=org.matsim.core.router.RoutingModule, annotation=@com.google.inject.internal.Element(setName=,uniqueId=92, type=MAPBINDER, keyType=java.lang.String)], provider=org.matsim.core.router.BeelineTeleportationRouting@65204603}
2026-05-19T23:10:27,381  INFO Injector:87   --> source: org.matsim.core.controler.Injector$3.configure(Injector.java:129)
2026-05-19T23:10:27,381  INFO Injector:89   --> scope: Scopes.NO_SCOPE
2026-05-19T23:10:27,381  INFO Injector:92   --> target: Key[type=org.matsim.core.router.RoutingModule, annotation=@com.google.inject.name.Named("bike")]
2026-05-19T23:10:27,381  INFO Injector:94   ==full==> LinkedKeyBinding{key=Key[type=org.matsim.core.router.RoutingModule, annotation=@com.google.inject.internal.Element(setName=,uniqueId=92, type=MAPBINDER, keyType=java.lang.String)], source=org.matsim.core.controler.Injector$3.configure(Injector.java:129), scope=Scopes.NO_SCOPE, target=Key[type=org.matsim.core.router.RoutingModule, annotation=@com.google.inject.name.Named("bike")]}
2026-05-19T23:10:27,381  INFO Injector:96 
2026-05-19T23:10:27,381  INFO Injector:85 org.matsim.core.router.util.TravelTime @com.google.inject.internal.Element(setName=,uniqueId=94, type=MAPBINDER, keyType=java.lang.String)
2026-05-19T23:10:27,381  INFO Injector:86   --> provider: FactoryProxy{key=Key[type=org.matsim.core.router.util.TravelTime, annotation=@com.google.inject.internal.Element(setName=,uniqueId=94, type=MAPBINDER, keyType=java.lang.String)], provider=org.matsim.core.trafficmonitoring.TravelTimeCalculatorModule$1@462cfa3f[Scopes.SINGLETON]}
2026-05-19T23:10:27,381  INFO Injector:87   --> source: org.matsim.core.controler.Injector$3.configure(Injector.java:129)
2026-05-19T23:10:27,381  INFO Injector:89   --> scope: Scopes.NO_SCOPE
2026-05-19T23:10:27,381  INFO Injector:92   --> target: Key[type=org.matsim.core.router.util.TravelTime, annotation=@com.google.inject.name.Named("car")]
2026-05-19T23:10:27,381  INFO Injector:94   ==full==> LinkedKeyBinding{key=Key[type=org.matsim.core.router.util.TravelTime, annotation=@com.google.inject.internal.Element(setName=,uniqueId=94, type=MAPBINDER, keyType=java.lang.String)], source=org.matsim.core.controler.Injector$3.configure(Injector.java:129), scope=Scopes.NO_SCOPE, target=Key[type=org.matsim.core.router.util.TravelTime, annotation=@com.google.inject.name.Named("car")]}
2026-05-19T23:10:27,381  INFO Injector:96 
2026-05-19T23:10:27,381  INFO Injector:85 org.matsim.core.router.costcalculators.TravelDisutilityFactory @com.google.inject.internal.Element(setName=,uniqueId=96, type=MAPBINDER, keyType=java.lang.String)
2026-05-19T23:10:27,381  INFO Injector:86   --> provider: FactoryProxy{key=Key[type=org.matsim.core.router.costcalculators.TravelDisutilityFactory, annotation=@com.google.inject.internal.Element(setName=,uniqueId=96, type=MAPBINDER, keyType=java.lang.String)], provider=ConstantFactory{value=org.matsim.core.router.costcalculators.RandomizingTimeDistanceTravelDisutilityFactory@599a8cba}[Scopes.SINGLETON]}
2026-05-19T23:10:27,381  INFO Injector:87   --> source: org.matsim.core.controler.Injector$3.configure(Injector.java:129)
2026-05-19T23:10:27,381  INFO Injector:89   --> scope: Scopes.NO_SCOPE
2026-05-19T23:10:27,381  INFO Injector:92   --> target: Key[type=org.matsim.core.router.costcalculators.TravelDisutilityFactory, annotation=@com.google.inject.name.Named("car")]
2026-05-19T23:10:27,381  INFO Injector:94   ==full==> LinkedKeyBinding{key=Key[type=org.matsim.core.router.costcalculators.TravelDisutilityFactory, annotation=@com.google.inject.internal.Element(setName=,uniqueId=96, type=MAPBINDER, keyType=java.lang.String)], source=org.matsim.core.controler.Injector$3.configure(Injector.java:129), scope=Scopes.NO_SCOPE, target=Key[type=org.matsim.core.router.costcalculators.TravelDisutilityFactory, annotation=@com.google.inject.name.Named("car")]}
2026-05-19T23:10:27,381  INFO Injector:96 
2026-05-19T23:10:27,381  INFO Injector:85 org.matsim.core.controler.ControlerListenerManagerImpl 
2026-05-19T23:10:27,381  INFO Injector:86   --> provider: com.google.inject.internal.ConstructorBindingImpl$Factory@35787bfc[Scopes.SINGLETON]
2026-05-19T23:10:27,381  INFO Injector:87   --> source: org.matsim.core.controler.NewControlerModule.install(NewControlerModule.java:30)
2026-05-19T23:10:27,381  INFO Injector:89   --> scope: eager singleton
2026-05-19T23:10:27,381  INFO Injector:94   ==full==> ConstructorBinding{key=Key[type=org.matsim.core.controler.ControlerListenerManagerImpl, annotation=[none]], source=org.matsim.core.controler.NewControlerModule.install(NewControlerModule.java:30), scope=eager singleton}
2026-05-19T23:10:27,381  INFO Injector:96 
2026-05-19T23:10:27,381  INFO Injector:85 org.matsim.analysis.IterationStopWatch 
2026-05-19T23:10:27,381  INFO Injector:86   --> provider: com.google.inject.internal.ConstructorBindingImpl$Factory@48cb04da[Scopes.SINGLETON]
2026-05-19T23:10:27,382  INFO Injector:87   --> source: org.matsim.core.controler.NewControlerModule.install(NewControlerModule.java:33)
2026-05-19T23:10:27,382  INFO Injector:89   --> scope: eager singleton
2026-05-19T23:10:27,382  INFO Injector:94   ==full==> ConstructorBinding{key=Key[type=org.matsim.analysis.IterationStopWatch, annotation=[none]], source=org.matsim.core.controler.NewControlerModule.install(NewControlerModule.java:33), scope=eager singleton}
2026-05-19T23:10:27,382  INFO Injector:96 
2026-05-19T23:10:27,382  INFO Injector:85 org.matsim.core.controler.OutputDirectoryHierarchy 
2026-05-19T23:10:27,382  INFO Injector:86   --> provider: com.google.inject.internal.ConstructorBindingImpl$Factory@17e38fa4[Scopes.SINGLETON]
2026-05-19T23:10:27,382  INFO Injector:87   --> source: org.matsim.core.controler.NewControlerModule.install(NewControlerModule.java:34)
2026-05-19T23:10:27,382  INFO Injector:89   --> scope: eager singleton
2026-05-19T23:10:27,382  INFO Injector:94   ==full==> ConstructorBinding{key=Key[type=org.matsim.core.controler.OutputDirectoryHierarchy, annotation=[none]], source=org.matsim.core.controler.NewControlerModule.install(NewControlerModule.java:34), scope=eager singleton}
2026-05-19T23:10:27,382  INFO Injector:96 
2026-05-19T23:10:27,382  INFO Injector:85 org.matsim.core.scoring.EventsToActivities 
2026-05-19T23:10:27,382  INFO Injector:86   --> provider: com.google.inject.internal.ConstructorBindingImpl$Factory@7cb7bbdf[Scopes.SINGLETON]
2026-05-19T23:10:27,382  INFO Injector:87   --> source: org.matsim.core.scoring.PlansScoringModule.install(PlansScoringModule.java:29)
2026-05-19T23:10:27,382  INFO Injector:89   --> scope: eager singleton
2026-05-19T23:10:27,382  INFO Injector:94   ==full==> ConstructorBinding{key=Key[type=org.matsim.core.scoring.EventsToActivities, annotation=[none]], source=org.matsim.core.scoring.PlansScoringModule.install(PlansScoringModule.java:29), scope=eager singleton}
2026-05-19T23:10:27,382  INFO Injector:96 
2026-05-19T23:10:27,382  INFO Injector:85 org.matsim.core.scoring.EventsToLegs 
2026-05-19T23:10:27,382  INFO Injector:86   --> provider: com.google.inject.internal.ConstructorBindingImpl$Factory@7f522089[Scopes.SINGLETON]
2026-05-19T23:10:27,382  INFO Injector:87   --> source: org.matsim.core.scoring.PlansScoringModule.install(PlansScoringModule.java:30)
2026-05-19T23:10:27,382  INFO Injector:89   --> scope: eager singleton
2026-05-19T23:10:27,382  INFO Injector:94   ==full==> ConstructorBinding{key=Key[type=org.matsim.core.scoring.EventsToLegs, annotation=[none]], source=org.matsim.core.scoring.PlansScoringModule.install(PlansScoringModule.java:30), scope=eager singleton}
2026-05-19T23:10:27,382  INFO Injector:96 
2026-05-19T23:10:27,382  INFO Injector:85 org.matsim.core.scoring.EventsToLegsAndActivities 
2026-05-19T23:10:27,382  INFO Injector:86   --> provider: com.google.inject.internal.ConstructorBindingImpl$Factory@6f2f066d[Scopes.SINGLETON]
2026-05-19T23:10:27,382  INFO Injector:87   --> source: org.matsim.core.scoring.PlansScoringModule.install(PlansScoringModule.java:31)
2026-05-19T23:10:27,382  INFO Injector:89   --> scope: eager singleton
2026-05-19T23:10:27,382  INFO Injector:94   ==full==> ConstructorBinding{key=Key[type=org.matsim.core.scoring.EventsToLegsAndActivities, annotation=[none]], source=org.matsim.core.scoring.PlansScoringModule.install(PlansScoringModule.java:31), scope=eager singleton}
2026-05-19T23:10:27,382  INFO Injector:96 
2026-05-19T23:10:27,382  INFO Injector:85 org.matsim.core.scoring.ScoringFunctionsForPopulation 
2026-05-19T23:10:27,382  INFO Injector:86   --> provider: com.google.inject.internal.ConstructorBindingImpl$Factory@643a3a83[Scopes.SINGLETON]
2026-05-19T23:10:27,382  INFO Injector:87   --> source: org.matsim.core.scoring.PlansScoringModule.install(PlansScoringModule.java:32)
2026-05-19T23:10:27,382  INFO Injector:89   --> scope: eager singleton
2026-05-19T23:10:27,382  INFO Injector:94   ==full==> ConstructorBinding{key=Key[type=org.matsim.core.scoring.ScoringFunctionsForPopulation, annotation=[none]], source=org.matsim.core.scoring.PlansScoringModule.install(PlansScoringModule.java:32), scope=eager singleton}
2026-05-19T23:10:27,382  INFO Injector:96 
2026-05-19T23:10:27,382  INFO Injector:85 org.matsim.core.events.EventsManagerModule$EventHandlerRegistrator 
2026-05-19T23:10:27,382  INFO Injector:86   --> provider: com.google.inject.internal.ConstructorBindingImpl$Factory@25120c98[Scopes.SINGLETON]
2026-05-19T23:10:27,382  INFO Injector:87   --> source: org.matsim.core.events.EventsManagerModule.install(EventsManagerModule.java:48)
2026-05-19T23:10:27,382  INFO Injector:89   --> scope: eager singleton
2026-05-19T23:10:27,382  INFO Injector:94   ==full==> ConstructorBinding{key=Key[type=org.matsim.core.events.EventsManagerModule$EventHandlerRegistrator, annotation=[none]], source=org.matsim.core.events.EventsManagerModule.install(EventsManagerModule.java:48), scope=eager singleton}
2026-05-19T23:10:27,382  INFO Injector:96 
2026-05-19T23:10:27,382  INFO Injector:85 org.matsim.core.events.MobsimScopeEventHandling 
2026-05-19T23:10:27,382  INFO Injector:86   --> provider: com.google.inject.internal.ConstructorBindingImpl$Factory@4ac6aceb[Scopes.SINGLETON]
2026-05-19T23:10:27,382  INFO Injector:87   --> source: org.matsim.core.events.MobsimScopeEventHandlingModule.install(MobsimScopeEventHandlingModule.java:38)
2026-05-19T23:10:27,382  INFO Injector:89   --> scope: eager singleton
2026-05-19T23:10:27,382  INFO Injector:94   ==full==> ConstructorBinding{key=Key[type=org.matsim.core.events.MobsimScopeEventHandling, annotation=[none]], source=org.matsim.core.events.MobsimScopeEventHandlingModule.install(MobsimScopeEventHandlingModule.java:38), scope=eager singleton}
2026-05-19T23:10:27,382  INFO Injector:96 
2026-05-19T23:10:27,382  INFO Injector:85 org.matsim.core.router.TripRouter 
2026-05-19T23:10:27,382  INFO Injector:86   --> provider: com.google.inject.internal.ConstructorBindingImpl$Factory@4b2a26db
2026-05-19T23:10:27,382  INFO Injector:87   --> source: org.matsim.core.router.TripRouterModule.install(TripRouterModule.java:41)
2026-05-19T23:10:27,382  INFO Injector:89   --> scope: Scopes.NO_SCOPE
2026-05-19T23:10:27,382  INFO Injector:94   ==full==> ConstructorBinding{key=Key[type=org.matsim.core.router.TripRouter, annotation=[none]], source=org.matsim.core.router.TripRouterModule.install(TripRouterModule.java:41), scope=Scopes.NO_SCOPE}
2026-05-19T23:10:27,382  INFO Injector:96 
2026-05-19T23:10:27,382  INFO Injector:85 org.matsim.core.router.SingleModeNetworksCache 
2026-05-19T23:10:27,382  INFO Injector:86   --> provider: com.google.inject.internal.ConstructorBindingImpl$Factory@5c214dbd[Scopes.SINGLETON]
2026-05-19T23:10:27,382  INFO Injector:87   --> source: org.matsim.core.router.TripRouterModule.install(TripRouterModule.java:49)
2026-05-19T23:10:27,382  INFO Injector:89   --> scope: eager singleton
2026-05-19T23:10:27,382  INFO Injector:94   ==full==> ConstructorBinding{key=Key[type=org.matsim.core.router.SingleModeNetworksCache, annotation=[none]], source=org.matsim.core.router.TripRouterModule.install(TripRouterModule.java:49), scope=eager singleton}
2026-05-19T23:10:27,382  INFO Injector:96 
2026-05-19T23:10:27,382  INFO Injector:85 org.matsim.core.replanning.StrategyManager 
2026-05-19T23:10:27,382  INFO Injector:86   --> provider: com.google.inject.internal.ConstructorBindingImpl$Factory@69fa9a98[Scopes.SINGLETON]
2026-05-19T23:10:27,382  INFO Injector:87   --> source: org.matsim.core.replanning.StrategyManagerModule.install(StrategyManagerModule.java:54)
2026-05-19T23:10:27,382  INFO Injector:89   --> scope: Scopes.SINGLETON
2026-05-19T23:10:27,382  INFO Injector:94   ==full==> ConstructorBinding{key=Key[type=org.matsim.core.replanning.StrategyManager, annotation=[none]], source=org.matsim.core.replanning.StrategyManagerModule.install(StrategyManagerModule.java:54), scope=Scopes.SINGLETON}
2026-05-19T23:10:27,382  INFO Injector:96 
2026-05-19T23:10:27,382  INFO Injector:85 org.matsim.analysis.CalcLinkStats 
2026-05-19T23:10:27,382  INFO Injector:86   --> provider: com.google.inject.internal.ConstructorBindingImpl$Factory@5cb93df3[Scopes.SINGLETON]
2026-05-19T23:10:27,382  INFO Injector:87   --> source: org.matsim.analysis.LinkStatsModule.install(LinkStatsModule.java:37)
2026-05-19T23:10:27,382  INFO Injector:89   --> scope: eager singleton
2026-05-19T23:10:27,382  INFO Injector:94   ==full==> ConstructorBinding{key=Key[type=org.matsim.analysis.CalcLinkStats, annotation=[none]], source=org.matsim.analysis.LinkStatsModule.install(LinkStatsModule.java:37), scope=eager singleton}
2026-05-19T23:10:27,382  INFO Injector:96 
2026-05-19T23:10:27,382  INFO Injector:85 org.matsim.analysis.LinkStatsControlerListener 
2026-05-19T23:10:27,382  INFO Injector:86   --> provider: com.google.inject.internal.ConstructorBindingImpl$Factory@32fd38d4[Scopes.SINGLETON]
2026-05-19T23:10:27,382  INFO Injector:87   --> source: org.matsim.analysis.LinkStatsModule.install(LinkStatsModule.java:46)
2026-05-19T23:10:27,382  INFO Injector:89   --> scope: eager singleton
2026-05-19T23:10:27,382  INFO Injector:94   ==full==> ConstructorBinding{key=Key[type=org.matsim.analysis.LinkStatsControlerListener, annotation=[none]], source=org.matsim.analysis.LinkStatsModule.install(LinkStatsModule.java:46), scope=eager singleton}
2026-05-19T23:10:27,382  INFO Injector:96 
2026-05-19T23:10:27,382  INFO Injector:85 org.matsim.analysis.VolumesAnalyzer 
2026-05-19T23:10:27,382  INFO Injector:86   --> provider: com.google.inject.internal.ConstructorBindingImpl$Factory@463fc441[Scopes.SINGLETON]
2026-05-19T23:10:27,382  INFO Injector:87   --> source: org.matsim.analysis.VolumesAnalyzerModule.install(VolumesAnalyzerModule.java:31)
2026-05-19T23:10:27,382  INFO Injector:89   --> scope: eager singleton
2026-05-19T23:10:27,382  INFO Injector:94   ==full==> ConstructorBinding{key=Key[type=org.matsim.analysis.VolumesAnalyzer, annotation=[none]], source=org.matsim.analysis.VolumesAnalyzerModule.install(VolumesAnalyzerModule.java:31), scope=eager singleton}
2026-05-19T23:10:27,382  INFO Injector:96 
2026-05-19T23:10:27,382  INFO Injector:85 org.matsim.analysis.LegHistogram 
2026-05-19T23:10:27,382  INFO Injector:86   --> provider: com.google.inject.internal.ConstructorBindingImpl$Factory@10a5259e
2026-05-19T23:10:27,382  INFO Injector:87   --> source: org.matsim.analysis.LegHistogramModule.install(LegHistogramModule.java:30)
2026-05-19T23:10:27,382  INFO Injector:89   --> scope: Scopes.NO_SCOPE
2026-05-19T23:10:27,382  INFO Injector:94   ==full==> ConstructorBinding{key=Key[type=org.matsim.analysis.LegHistogram, annotation=[none]], source=org.matsim.analysis.LegHistogramModule.install(LegHistogramModule.java:30), scope=Scopes.NO_SCOPE}
2026-05-19T23:10:27,382  INFO Injector:96 
2026-05-19T23:10:27,382  INFO Injector:85 org.matsim.analysis.CalcLegTimes 
2026-05-19T23:10:27,382  INFO Injector:86   --> provider: com.google.inject.internal.ConstructorBindingImpl$Factory@2db64348[Scopes.SINGLETON]
2026-05-19T23:10:27,382  INFO Injector:87   --> source: org.matsim.analysis.LegTimesModule.install(LegTimesModule.java:31)
2026-05-19T23:10:27,382  INFO Injector:89   --> scope: Scopes.SINGLETON
2026-05-19T23:10:27,382  INFO Injector:94   ==full==> ConstructorBinding{key=Key[type=org.matsim.analysis.CalcLegTimes, annotation=[none]], source=org.matsim.analysis.LegTimesModule.install(LegTimesModule.java:31), scope=Scopes.SINGLETON}
2026-05-19T23:10:27,382  INFO Injector:96 
2026-05-19T23:10:27,382  INFO Injector:85 org.matsim.analysis.TravelDistanceStats 
2026-05-19T23:10:27,382  INFO Injector:86   --> provider: com.google.inject.internal.ConstructorBindingImpl$Factory@38f5a5a8[Scopes.SINGLETON]
2026-05-19T23:10:27,382  INFO Injector:87   --> source: org.matsim.analysis.IterationTravelStatsModule.install(IterationTravelStatsModule.java:31)
2026-05-19T23:10:27,382  INFO Injector:89   --> scope: eager singleton
2026-05-19T23:10:27,382  INFO Injector:94   ==full==> ConstructorBinding{key=Key[type=org.matsim.analysis.TravelDistanceStats, annotation=[none]], source=org.matsim.analysis.IterationTravelStatsModule.install(IterationTravelStatsModule.java:31), scope=eager singleton}
2026-05-19T23:10:27,382  INFO Injector:96 
2026-05-19T23:10:27,382  INFO Injector:85 org.matsim.analysis.PKMbyModeCalculator 
2026-05-19T23:10:27,382  INFO Injector:86   --> provider: com.google.inject.internal.ConstructorBindingImpl$Factory@50633b[Scopes.SINGLETON]
2026-05-19T23:10:27,382  INFO Injector:87   --> source: org.matsim.analysis.IterationTravelStatsModule.install(IterationTravelStatsModule.java:32)
2026-05-19T23:10:27,382  INFO Injector:89   --> scope: eager singleton
2026-05-19T23:10:27,382  INFO Injector:94   ==full==> ConstructorBinding{key=Key[type=org.matsim.analysis.PKMbyModeCalculator, annotation=[none]], source=org.matsim.analysis.IterationTravelStatsModule.install(IterationTravelStatsModule.java:32), scope=eager singleton}
2026-05-19T23:10:27,382  INFO Injector:96 
2026-05-19T23:10:27,382  INFO Injector:85 org.matsim.analysis.PHbyModeCalculator 
2026-05-19T23:10:27,382  INFO Injector:86   --> provider: com.google.inject.internal.ConstructorBindingImpl$Factory@39603f7a[Scopes.SINGLETON]
2026-05-19T23:10:27,382  INFO Injector:87   --> source: org.matsim.analysis.IterationTravelStatsModule.install(IterationTravelStatsModule.java:33)
2026-05-19T23:10:27,382  INFO Injector:89   --> scope: eager singleton
2026-05-19T23:10:27,382  INFO Injector:94   ==full==> ConstructorBinding{key=Key[type=org.matsim.analysis.PHbyModeCalculator, annotation=[none]], source=org.matsim.analysis.IterationTravelStatsModule.install(IterationTravelStatsModule.java:33), scope=eager singleton}
2026-05-19T23:10:27,382  INFO Injector:96 
2026-05-19T23:10:27,382  INFO Injector:85 org.matsim.analysis.ScoreStatsControlerListener 
2026-05-19T23:10:27,382  INFO Injector:86   --> provider: com.google.inject.internal.ConstructorBindingImpl$Factory@26298bea[Scopes.SINGLETON]
2026-05-19T23:10:27,382  INFO Injector:87   --> source: org.matsim.analysis.ScoreStatsModule.install(ScoreStatsModule.java:31)
2026-05-19T23:10:27,382  INFO Injector:89   --> scope: Scopes.SINGLETON
2026-05-19T23:10:27,382  INFO Injector:94   ==full==> ConstructorBinding{key=Key[type=org.matsim.analysis.ScoreStatsControlerListener, annotation=[none]], source=org.matsim.analysis.ScoreStatsModule.install(ScoreStatsModule.java:31), scope=Scopes.SINGLETON}
2026-05-19T23:10:27,382  INFO Injector:96 
2026-05-19T23:10:27,382  INFO Injector:85 org.matsim.analysis.ModeStatsControlerListener 
2026-05-19T23:10:27,382  INFO Injector:86   --> provider: com.google.inject.internal.ConstructorBindingImpl$Factory@279a68d7[Scopes.SINGLETON]
2026-05-19T23:10:27,382  INFO Injector:87   --> source: org.matsim.analysis.ModeStatsModule.install(ModeStatsModule.java:31)
2026-05-19T23:10:27,382  INFO Injector:89   --> scope: Scopes.SINGLETON
2026-05-19T23:10:27,382  INFO Injector:94   ==full==> ConstructorBinding{key=Key[type=org.matsim.analysis.ModeStatsControlerListener, annotation=[none]], source=org.matsim.analysis.ModeStatsModule.install(ModeStatsModule.java:31), scope=Scopes.SINGLETON}
2026-05-19T23:10:27,383  INFO Injector:96 
2026-05-19T23:10:27,383  INFO Injector:85 org.matsim.counts.CountsModule$CountsInitializer 
2026-05-19T23:10:27,383  INFO Injector:86   --> provider: com.google.inject.internal.ConstructorBindingImpl$Factory@26d3871d[Scopes.SINGLETON]
2026-05-19T23:10:27,383  INFO Injector:87   --> source: org.matsim.counts.CountsModule.install(CountsModule.java:44)
2026-05-19T23:10:27,383  INFO Injector:89   --> scope: eager singleton
2026-05-19T23:10:27,383  INFO Injector:94   ==full==> ConstructorBinding{key=Key[type=org.matsim.counts.CountsModule$CountsInitializer, annotation=[none]], source=org.matsim.counts.CountsModule.install(CountsModule.java:44), scope=eager singleton}
2026-05-19T23:10:27,383  INFO Injector:96 
2026-05-19T23:10:27,383  INFO Injector:99 === printInjector end ===
2026-05-19T23:10:27,389  INFO Gbl:64 JVM: 17.0.18; Ubuntu; mixed mode, sharing; 64-bit
2026-05-19T23:10:27,389  INFO Gbl:68 OS: Linux; 6.17.0-19-generic; amd64
2026-05-19T23:10:27,389  INFO Gbl:71 CPU cores: 32
2026-05-19T23:10:27,390  INFO Gbl:72 max. Memory: 98304.0MB (103079215104B)
2026-05-19T23:10:27,390  INFO Gbl:110 MATSim-Build: ra76d70e12c1ca93f702007bdf2cc365001d5f50e (2023-04-12 08:36:22)
2026-05-19T23:10:27,391  INFO ControlerListenerManagerImpl:108 calling notifyStartup on org.matsim.core.controler.ControlerDefaultsModule$1
2026-05-19T23:10:27,392  INFO MemoryObserver:42 used RAM: 18417 MB  free: 14446 MB  total: 32864 MB
2026-05-19T23:10:27,401  INFO ControlerListenerManagerImpl:108 calling notifyStartup on org.matsim.guice.DependencyGraphControlerListener
2026-05-19T23:10:27,401  INFO ControlerListenerManagerImpl:108 calling notifyStartup on org.matsim.counts.CountsControlerListener
2026-05-19T23:10:27,401  INFO ControlerListenerManagerImpl:108 calling notifyStartup on org.matsim.analysis.ModeStatsControlerListener
2026-05-19T23:10:27,401  INFO ControlerListenerManagerImpl:108 calling notifyStartup on org.matsim.analysis.ScoreStatsControlerListener
2026-05-19T23:10:27,401  INFO ControlerListenerManagerImpl:111 all ControlerStartupListeners called.
2026-05-19T23:10:27,401  INFO ControlerUtils:80 config dump before iterations start
2026-05-19T23:10:27,406  INFO ControlerUtils:84 

<?xml version="1.0" encoding="UTF-8"?>
<!DOCTYPE config SYSTEM "http://www.matsim.org/files/dtd/config_v2.dtd">
<config>
	<module name="JDEQSim" >
		<param name="carSize" value="7.5" />
		<param name="endTime" value="undefined" />
		<param name="flowCapacityFactor" value="1.0" />
		<param name="gapTravelSpeed" value="15.0" />
		<param name="minimumInFlowCapacity" value="1800.0" />
		<param name="squeezeTime" value="1800.0" />
		<param name="storageCapacityFactor" value="1.0" />
	</module>
	<module name="ReplanningAnnealer" >
		<!-- Activate the scaling of replanning modules using an annealing approach rather than fixed rates. -->
		<param name="activateAnnealingModule" value="false" />
	</module>
	<module name="TimeAllocationMutator" >
		<!-- Default:true; Defines whether time mutation changes an activity's duration. -->
		<param name="mutationAffectsDuration" value="true" />
		<!-- Default:1800.0; Defines how many seconds a time mutation can maximally shift a time. -->
		<param name="mutationRange" value="1800.0" />
	</module>
	<module name="changeMode" >
		<!-- Defines whether car availability is considered be considered or not. An agent has no car only if it has no license, or never access to a car. Default: true -->
		<param name="ignoreCarAvailability" value="true" />
		<!-- Defines the mode switch behavior. Possible values [fromAllModesToSpecifiedModes, fromSpecifiedModesToSpecifiedModes] Default: fromSpecifiedModesToSpecifiedModes. -->
		<param name="modeSwitchBehavior" value="fromSpecifiedModesToSpecifiedModes" />
		<!-- Defines all the modes available, including chain-based modes, seperated by commas -->
		<param name="modes" value="car,pt" />
	</module>
	<module name="controler" >
		<!-- Defines what should be done with the ITERS directory when a simulation finished successfully -->
		<param name="cleanItersAtEnd" value="keep" />
		<!-- Compression algorithm to use when writing out data to files. Possible values: [none, gzip, lz4, zst] -->
		<param name="compressionType" value="gzip" />
		<!-- Sets whether graphs showing some analyses should automatically be generated during the simulation. The generation of graphs usually takes a small amount of time that does not have any weight in big simulations, but add a significant overhead in smaller runs or in test cases where the graphical output is not even requested. -->
		<param name="createGraphs" value="false" />
		<!-- Defines when the scoring functions for the population are created. Default=IterationStarts. Possible values: [IterationStarts, BeforeMobsim] -->
		<param name="createScoringFunctionType" value="IterationStarts" />
		<!-- true if at the end of a run, plans, network, config etc should be dumped to a file -->
		<param name="dumpDataAtEnd" value="true" />
		<!-- Default=false. If enabled, the router takes travel times needed for turning moves into account. Cannot be used if the (Fast)AStarLandmarks routing or TravelTimeCalculator.separateModes is enabled. -->
		<param name="enableLinkToLinkRouting" value="false" />
		<!-- Default=xml; Specifies the file format for writing events. Currently supported: [xml, pb, json]
		Multiple values can be specified separated by commas (','). -->
		<param name="eventsFileFormat" value="xml" />
		<!-- Default=0. First Iteration of a simulation. -->
		<param name="firstIteration" value="0" />
		<!-- Default=1000. Last Iteration of a simulation. -->
		<param name="lastIteration" value="0" />
		<!-- Defines which mobility simulation will be used. Currently supported: qsim JDEQSim hermes 
		Depending on the chosen mobsim, you'll have to add additional config modules to configure the corresponding mobsim.
		For 'qsim', add a module 'qsim' to the config. -->
		<param name="mobsim" value="qsim" />
		<param name="outputDirectory" value="/home/raziq/Documents/Code/umd/tripsynth/06x_stage1_md_internal/matsim_real" />
		<!-- Possible values: failIfDirectoryExists,overwriteExistingFiles,deleteDirectoryIfExists -->
		<param name="overwriteFiles" value="deleteDirectoryIfExists" />
		<!-- The type of routing (least cost path) algorithm used, may have the values: [Dijkstra, AStarLandmarks, FastDijkstra, FastAStarLandmarks, SpeedyALT] -->
		<param name="routingAlgorithmType" value="AStarLandmarks" />
		<!-- An identifier for the current run which is used as prefix for output files and mentioned in output xml files etc. -->
		<param name="runId" value="null" />
		<!-- Comma-separated list of visualizer output file formats. `transims' and `otfvis'. -->
		<param name="snapshotFormat" value="" />
		<!-- iterationNumber % writeEventsInterval == 0 defines in which iterations events are written to a file. `0' disables events writing completely. -->
		<param name="writeEventsInterval" value="1" />
		<!-- iterationNumber % writePlansInterval == 0 defines (hopefully) in which iterations plans are written to a file. `0' disables plans writing completely.  Some plans in early iterations are always written -->
		<param name="writePlansInterval" value="1" />
		<!-- iterationNumber % writeSnapshotsInterval == 0 defines in which iterations snapshots are written to a file. `0' disables snapshots writing completely -->
		<param name="writeSnapshotsInterval" value="1" />
		<!-- iterationNumber % writeEventsInterval == 0 defines in which iterations trips CSV are written to a file. `0' disables trips writing completely. -->
		<param name="writeTripsInterval" value="50" />
	</module>
	<module name="counts" >
		<!-- Transport modes that will be respected for the counts comparison. 'car' is default, which includes also bussed from the pt simulation module. Use this parameter in combination with 'filterModes' = true! -->
		<param name="analyzedModes" value="car" />
		<!-- Specifies over how many iterations the link volumes should be averaged that are used for the counts comparison. Use 1 or 0 to only use the link volumes of a single iteration. This values cannot be larger than the value specified for writeCountsInterval -->
		<param name="averageCountsOverIterations" value="5" />
		<!-- factor by which to re-scale the simulated values.  necessary when simulation runs with something different from 100%.  needs to be adapted manually -->
		<param name="countsScaleFactor" value="1.0" />
		<!-- distance to distanceFilterCenterNode to include counting stations. The unit of distance is the Euclidean distance implied by the coordinate system -->
		<param name="distanceFilter" value="null" />
		<!-- node id for center node of distance filter -->
		<param name="distanceFilterCenterNode" value="null" />
		<!-- If true, link counts from legs performed on modes not included in the 'analyzedModes' parameter are ignored. -->
		<param name="filterModes" value="false" />
		<!-- The Coordinates Reference System in which the coordinates are expressed in the input file. At import, the coordinates will be converted to the coordinate system defined in "global", and willbe converted back at export. If not specified, no conversion happens. -->
		<param name="inputCRS" value="null" />
		<!-- input file name to counts package -->
		<param name="inputCountsFile" value="null" />
		<!-- possible values: `html', `txt', `all' -->
		<param name="outputformat" value="txt" />
		<!-- Specifies how often the counts comparison should be calculated and written. -->
		<param name="writeCountsInterval" value="10" />
	</module>
	<module name="facilities" >
		<!-- This defines how facilities should be created. Possible values: none fromFile setInScenario onePerActivityLinkInPlansFile onePerActivityLinkInPlansFileExceptWhenCoordinatesAreGiven onePerActivityLocationInPlansFile  -->
		<param name="facilitiesSource" value="none" />
		<!-- A prefix to be used for auto-generated IDs. -->
		<param name="idPrefix" value="f_auto_" />
		<!-- The Coordinates Reference System in which the coordinates are expressed in the input file. At import, the coordinates will be converted to the coordinate system defined in "global", and willbe converted back at export. If not specified, no conversion happens. -->
		<param name="inputCRS" value="null" />
		<param name="inputFacilitiesFile" value="null" />
		<param name="inputFacilityAttributesFile" value="null" />
		<param name="insistingOnUsingDeprecatedFacilitiesAttributeFile" value="false" />
	</module>
	<module name="global" >
		<param name="coordinateSystem" value="EPSG:4326" />
		<param name="defaultDelimiter" value=";" />
		<param name="insistingOnDeprecatedConfigVersion" value="true" />
		<!-- "global" number of threads.  This number is used, e.g., for replanning, but NOT in QSim.  This can typically be set to as many cores as you have available, or possibly even slightly more. -->
		<param name="numberOfThreads" value="8" />
		<param name="randomSeed" value="20260519" />
	</module>
	<module name="hermes" >
		<!-- Simulation End Time -->
		<param name="endTime" value="30:00:00" />
		<param name="flowCapacityFactor" value="1.0" />
		<param name="mainMode" value="car" />
		<param name="storageCapacityFactor" value="1.0" />
		<!-- time in seconds.  Time after which the frontmost vehicle on a link is called `stuck' if it does not move. Set to Integer.MAX_VALUE to disable this behavior -->
		<param name="stuckTime" value="10" />
		<!-- treats PT as deterministic. PT vehicles will run with a steady speed. Should be used with separate network layers for PT and other network modes. -->
		<param name="useDeterministicPt" value="false" />
	</module>
	<module name="households" >
		<param name="inputFile" value="null" />
		<param name="inputHouseholdAttributesFile" value="null" />
		<param name="insistingOnUsingDeprecatedHouseholdsAttributeFile" value="false" />
	</module>
	<module name="linkStats" >
		<!-- Specifies over how many iterations the link volumes should be averaged that are used for the link statistics. Use 1 or 0 to only use the link volumes of a single iteration. This values cannot be larger than the value specified for writeLinkStatsInterval -->
		<param name="averageLinkStatsOverIterations" value="5" />
		<!-- Specifies how often the link stats should be calculated and written. Use 0 to disable the generation of link stats. -->
		<param name="writeLinkStatsInterval" value="50" />
	</module>
	<module name="network" >
		<!-- The Coordinates Reference System in which the coordinates are expressed in the input file. At import, the coordinates will be converted to the coordinate system defined in "global", and willbe converted back at export. If not specified, no conversion happens. -->
		<param name="inputCRS" value="null" />
		<param name="inputChangeEventsFile" value="null" />
		<param name="inputNetworkFile" value="/home/raziq/Documents/Code/umd/tripsynth/06x_stage1_osm/network.xml.gz" />
		<param name="laneDefinitionsFile" value="null" />
		<param name="timeVariantNetwork" value="false" />
	</module>
	<module name="parallelEventHandling" >
		<!-- Estimated number of events during mobsim run. An optional optimization hint for the framework. -->
		<param name="estimatedNumberOfEvents" value="null" />
		<!-- Size of the events Queue. Increase for very large scenarios -->
		<param name="eventsQueueSize" value="131072" />
		<!-- Number of threads for parallel events handler. _null_ means the framework decides by itself. 0 is currently not possible. -->
		<param name="numberOfThreads" value="null" />
		<!-- If enabled, each event handler is assigned to its own thread. Note that enabling this feature disabled the numberOfThreads option! This feature is still experimental! -->
		<param name="oneThreadPerHandler" value="false" />
		<!-- If enabled, it is ensured that all events that are created during a time step of the mobility simulation are processed before the next time step is simulated. E.g. neccessary when within-day replanning is used. -->
		<param name="synchronizeOnSimSteps" value="true" />
	</module>
	<module name="planCalcScore" >
		<!-- logit model scale parameter. default: 1.  Has name and default value for historical reasons (see Bryan Raney's phd thesis). -->
		<param name="BrainExpBeta" value="1.0" />
		<param name="PathSizeLogitBeta" value="1.0" />
		<!-- fraction of iterations at which MSA score averaging is started. The matsim theory department suggests to use this together with switching off choice set innovation (where a similar switch exists), but it has not been tested yet. -->
		<param name="fractionOfIterationsToStartScoreMSA" value="null" />
		<!-- new_score = (1-learningRate)*old_score + learningRate * score_from_mobsim.  learning rates close to zero emulate score averaging, but slow down initial convergence -->
		<param name="learningRate" value="1.0" />
		<!-- There used to be a plateau between duration=0 and duration=zeroUtilityDuration. This caused durations to evolve to zero once they were below zeroUtilityDuration, causing problems.  Only use this switch if you need to be backwards compatible with some old results.  (changed nov'13) -->
		<param name="usingOldScoringBelowZeroUtilityDuration" value="false" />
		<!-- write a plans file in each iteration directory which contains what each agent actually did, and the score it received. -->
		<param name="writeExperiencedPlans" value="false" />
		<parameterset type="scoringParameters" >
			<param name="earlyDeparture" value="-0.0" />
			<param name="lateArrival" value="-18.0" />
			<param name="marginalUtilityOfMoney" value="1.0" />
			<param name="performing" value="6.0" />
			<param name="subpopulation" value="null" />
			<param name="utilityOfLineSwitch" value="-1.0" />
			<param name="waiting" value="-0.0" />
			<param name="waitingPt" value="-6.0" />
			<parameterset type="activityParams" >
				<param name="activityType" value="dummy" />
				<param name="closingTime" value="undefined" />
				<param name="earliestEndTime" value="undefined" />
				<param name="latestStartTime" value="undefined" />
				<param name="minimalDuration" value="undefined" />
				<param name="openingTime" value="undefined" />
				<param name="priority" value="1.0" />
				<param name="scoringThisActivityAtAll" value="true" />
				<!-- typical duration of activity.  needs to be defined and non-zero.  in sec. -->
				<param name="typicalDuration" value="02:00:00" />
				<!-- method to compute score at typical duration.  Options: | uniform | relative | Use uniform for backwards compatibility (all activities same score; higher proba to drop long acts). -->
				<param name="typicalDurationScoreComputation" value="relative" />
			</parameterset>
			<parameterset type="activityParams" >
				<param name="activityType" value="car interaction" />
				<param name="closingTime" value="undefined" />
				<param name="earliestEndTime" value="undefined" />
				<param name="latestStartTime" value="undefined" />
				<param name="minimalDuration" value="undefined" />
				<param name="openingTime" value="undefined" />
				<param name="priority" value="1.0" />
				<param name="scoringThisActivityAtAll" value="false" />
				<param name="typicalDuration" value="undefined" />
				<param name="typicalDurationScoreComputation" value="relative" />
			</parameterset>
			<parameterset type="activityParams" >
				<param name="activityType" value="pt interaction" />
				<param name="closingTime" value="undefined" />
				<param name="earliestEndTime" value="undefined" />
				<param name="latestStartTime" value="undefined" />
				<param name="minimalDuration" value="undefined" />
				<param name="openingTime" value="undefined" />
				<param name="priority" value="1.0" />
				<param name="scoringThisActivityAtAll" value="false" />
				<param name="typicalDuration" value="undefined" />
				<param name="typicalDurationScoreComputation" value="relative" />
			</parameterset>
			<parameterset type="activityParams" >
				<param name="activityType" value="bike interaction" />
				<param name="closingTime" value="undefined" />
				<param name="earliestEndTime" value="undefined" />
				<param name="latestStartTime" value="undefined" />
				<param name="minimalDuration" value="undefined" />
				<param name="openingTime" value="undefined" />
				<param name="priority" value="1.0" />
				<param name="scoringThisActivityAtAll" value="false" />
				<param name="typicalDuration" value="undefined" />
				<param name="typicalDurationScoreComputation" value="relative" />
			</parameterset>
			<parameterset type="activityParams" >
				<param name="activityType" value="drt interaction" />
				<param name="closingTime" value="undefined" />
				<param name="earliestEndTime" value="undefined" />
				<param name="latestStartTime" value="undefined" />
				<param name="minimalDuration" value="undefined" />
				<param name="openingTime" value="undefined" />
				<param name="priority" value="1.0" />
				<param name="scoringThisActivityAtAll" value="false" />
				<param name="typicalDuration" value="undefined" />
				<param name="typicalDurationScoreComputation" value="relative" />
			</parameterset>
			<parameterset type="activityParams" >
				<param name="activityType" value="taxi interaction" />
				<param name="closingTime" value="undefined" />
				<param name="earliestEndTime" value="undefined" />
				<param name="latestStartTime" value="undefined" />
				<param name="minimalDuration" value="undefined" />
				<param name="openingTime" value="undefined" />
				<param name="priority" value="1.0" />
				<param name="scoringThisActivityAtAll" value="false" />
				<param name="typicalDuration" value="undefined" />
				<param name="typicalDurationScoreComputation" value="relative" />
			</parameterset>
			<parameterset type="activityParams" >
				<param name="activityType" value="other interaction" />
				<param name="closingTime" value="undefined" />
				<param name="earliestEndTime" value="undefined" />
				<param name="latestStartTime" value="undefined" />
				<param name="minimalDuration" value="undefined" />
				<param name="openingTime" value="undefined" />
				<param name="priority" value="1.0" />
				<param name="scoringThisActivityAtAll" value="false" />
				<param name="typicalDuration" value="undefined" />
				<param name="typicalDurationScoreComputation" value="relative" />
			</parameterset>
			<parameterset type="activityParams" >
				<param name="activityType" value="walk interaction" />
				<param name="closingTime" value="undefined" />
				<param name="earliestEndTime" value="undefined" />
				<param name="latestStartTime" value="undefined" />
				<param name="minimalDuration" value="undefined" />
				<param name="openingTime" value="undefined" />
				<param name="priority" value="1.0" />
				<param name="scoringThisActivityAtAll" value="false" />
				<param name="typicalDuration" value="undefined" />
				<param name="typicalDurationScoreComputation" value="relative" />
			</parameterset>
			<parameterset type="activityParams" >
				<param name="activityType" value="act_1" />
				<param name="closingTime" value="30:00:00" />
				<param name="earliestEndTime" value="undefined" />
				<param name="latestStartTime" value="undefined" />
				<param name="minimalDuration" value="undefined" />
				<param name="openingTime" value="00:00:00" />
				<param name="priority" value="1.0" />
				<param name="scoringThisActivityAtAll" value="true" />
				<param name="typicalDuration" value="12:00:00" />
				<param name="typicalDurationScoreComputation" value="relative" />
			</parameterset>
			<parameterset type="activityParams" >
				<param name="activityType" value="act_10" />
				<param name="closingTime" value="30:00:00" />
				<param name="earliestEndTime" value="undefined" />
				<param name="latestStartTime" value="undefined" />
				<param name="minimalDuration" value="undefined" />
				<param name="openingTime" value="00:00:00" />
				<param name="priority" value="1.0" />
				<param name="scoringThisActivityAtAll" value="true" />
				<param name="typicalDuration" value="12:00:00" />
				<param name="typicalDurationScoreComputation" value="relative" />
			</parameterset>
			<parameterset type="activityParams" >
				<param name="activityType" value="act_11" />
				<param name="closingTime" value="30:00:00" />
				<param name="earliestEndTime" value="undefined" />
				<param name="latestStartTime" value="undefined" />
				<param name="minimalDuration" value="undefined" />
				<param name="openingTime" value="00:00:00" />
				<param name="priority" value="1.0" />
				<param name="scoringThisActivityAtAll" value="true" />
				<param name="typicalDuration" value="12:00:00" />
				<param name="typicalDurationScoreComputation" value="relative" />
			</parameterset>
			<parameterset type="activityParams" >
				<param name="activityType" value="act_12" />
				<param name="closingTime" value="30:00:00" />
				<param name="earliestEndTime" value="undefined" />
				<param name="latestStartTime" value="undefined" />
				<param name="minimalDuration" value="undefined" />
				<param name="openingTime" value="00:00:00" />
				<param name="priority" value="1.0" />
				<param name="scoringThisActivityAtAll" value="true" />
				<param name="typicalDuration" value="12:00:00" />
				<param name="typicalDurationScoreComputation" value="relative" />
			</parameterset>
			<parameterset type="activityParams" >
				<param name="activityType" value="act_13" />
				<param name="closingTime" value="30:00:00" />
				<param name="earliestEndTime" value="undefined" />
				<param name="latestStartTime" value="undefined" />
				<param name="minimalDuration" value="undefined" />
				<param name="openingTime" value="00:00:00" />
				<param name="priority" value="1.0" />
				<param name="scoringThisActivityAtAll" value="true" />
				<param name="typicalDuration" value="12:00:00" />
				<param name="typicalDurationScoreComputation" value="relative" />
			</parameterset>
			<parameterset type="activityParams" >
				<param name="activityType" value="act_14" />
				<param name="closingTime" value="30:00:00" />
				<param name="earliestEndTime" value="undefined" />
				<param name="latestStartTime" value="undefined" />
				<param name="minimalDuration" value="undefined" />
				<param name="openingTime" value="00:00:00" />
				<param name="priority" value="1.0" />
				<param name="scoringThisActivityAtAll" value="true" />
				<param name="typicalDuration" value="12:00:00" />
				<param name="typicalDurationScoreComputation" value="relative" />
			</parameterset>
			<parameterset type="activityParams" >
				<param name="activityType" value="act_15" />
				<param name="closingTime" value="30:00:00" />
				<param name="earliestEndTime" value="undefined" />
				<param name="latestStartTime" value="undefined" />
				<param name="minimalDuration" value="undefined" />
				<param name="openingTime" value="00:00:00" />
				<param name="priority" value="1.0" />
				<param name="scoringThisActivityAtAll" value="true" />
				<param name="typicalDuration" value="12:00:00" />
				<param name="typicalDurationScoreComputation" value="relative" />
			</parameterset>
			<parameterset type="activityParams" >
				<param name="activityType" value="act_16" />
				<param name="closingTime" value="30:00:00" />
				<param name="earliestEndTime" value="undefined" />
				<param name="latestStartTime" value="undefined" />
				<param name="minimalDuration" value="undefined" />
				<param name="openingTime" value="00:00:00" />
				<param name="priority" value="1.0" />
				<param name="scoringThisActivityAtAll" value="true" />
				<param name="typicalDuration" value="12:00:00" />
				<param name="typicalDurationScoreComputation" value="relative" />
			</parameterset>
			<parameterset type="activityParams" >
				<param name="activityType" value="act_17" />
				<param name="closingTime" value="30:00:00" />
				<param name="earliestEndTime" value="undefined" />
				<param name="latestStartTime" value="undefined" />
				<param name="minimalDuration" value="undefined" />
				<param name="openingTime" value="00:00:00" />
				<param name="priority" value="1.0" />
				<param name="scoringThisActivityAtAll" value="true" />
				<param name="typicalDuration" value="12:00:00" />
				<param name="typicalDurationScoreComputation" value="relative" />
			</parameterset>
			<parameterset type="activityParams" >
				<param name="activityType" value="act_18" />
				<param name="closingTime" value="30:00:00" />
				<param name="earliestEndTime" value="undefined" />
				<param name="latestStartTime" value="undefined" />
				<param name="minimalDuration" value="undefined" />
				<param name="openingTime" value="00:00:00" />
				<param name="priority" value="1.0" />
				<param name="scoringThisActivityAtAll" value="true" />
				<param name="typicalDuration" value="12:00:00" />
				<param name="typicalDurationScoreComputation" value="relative" />
			</parameterset>
			<parameterset type="activityParams" >
				<param name="activityType" value="act_2" />
				<param name="closingTime" value="30:00:00" />
				<param name="earliestEndTime" value="undefined" />
				<param name="latestStartTime" value="undefined" />
				<param name="minimalDuration" value="undefined" />
				<param name="openingTime" value="00:00:00" />
				<param name="priority" value="1.0" />
				<param name="scoringThisActivityAtAll" value="true" />
				<param name="typicalDuration" value="12:00:00" />
				<param name="typicalDurationScoreComputation" value="relative" />
			</parameterset>
			<parameterset type="activityParams" >
				<param name="activityType" value="act_3" />
				<param name="closingTime" value="30:00:00" />
				<param name="earliestEndTime" value="undefined" />
				<param name="latestStartTime" value="undefined" />
				<param name="minimalDuration" value="undefined" />
				<param name="openingTime" value="00:00:00" />
				<param name="priority" value="1.0" />
				<param name="scoringThisActivityAtAll" value="true" />
				<param name="typicalDuration" value="12:00:00" />
				<param name="typicalDurationScoreComputation" value="relative" />
			</parameterset>
			<parameterset type="activityParams" >
				<param name="activityType" value="act_4" />
				<param name="closingTime" value="30:00:00" />
				<param name="earliestEndTime" value="undefined" />
				<param name="latestStartTime" value="undefined" />
				<param name="minimalDuration" value="undefined" />
				<param name="openingTime" value="00:00:00" />
				<param name="priority" value="1.0" />
				<param name="scoringThisActivityAtAll" value="true" />
				<param name="typicalDuration" value="12:00:00" />
				<param name="typicalDurationScoreComputation" value="relative" />
			</parameterset>
			<parameterset type="activityParams" >
				<param name="activityType" value="act_5" />
				<param name="closingTime" value="30:00:00" />
				<param name="earliestEndTime" value="undefined" />
				<param name="latestStartTime" value="undefined" />
				<param name="minimalDuration" value="undefined" />
				<param name="openingTime" value="00:00:00" />
				<param name="priority" value="1.0" />
				<param name="scoringThisActivityAtAll" value="true" />
				<param name="typicalDuration" value="12:00:00" />
				<param name="typicalDurationScoreComputation" value="relative" />
			</parameterset>
			<parameterset type="activityParams" >
				<param name="activityType" value="act_6" />
				<param name="closingTime" value="30:00:00" />
				<param name="earliestEndTime" value="undefined" />
				<param name="latestStartTime" value="undefined" />
				<param name="minimalDuration" value="undefined" />
				<param name="openingTime" value="00:00:00" />
				<param name="priority" value="1.0" />
				<param name="scoringThisActivityAtAll" value="true" />
				<param name="typicalDuration" value="12:00:00" />
				<param name="typicalDurationScoreComputation" value="relative" />
			</parameterset>
			<parameterset type="activityParams" >
				<param name="activityType" value="act_7" />
				<param name="closingTime" value="30:00:00" />
				<param name="earliestEndTime" value="undefined" />
				<param name="latestStartTime" value="undefined" />
				<param name="minimalDuration" value="undefined" />
				<param name="openingTime" value="00:00:00" />
				<param name="priority" value="1.0" />
				<param name="scoringThisActivityAtAll" value="true" />
				<param name="typicalDuration" value="12:00:00" />
				<param name="typicalDurationScoreComputation" value="relative" />
			</parameterset>
			<parameterset type="activityParams" >
				<param name="activityType" value="act_8" />
				<param name="closingTime" value="30:00:00" />
				<param name="earliestEndTime" value="undefined" />
				<param name="latestStartTime" value="undefined" />
				<param name="minimalDuration" value="undefined" />
				<param name="openingTime" value="00:00:00" />
				<param name="priority" value="1.0" />
				<param name="scoringThisActivityAtAll" value="true" />
				<param name="typicalDuration" value="12:00:00" />
				<param name="typicalDurationScoreComputation" value="relative" />
			</parameterset>
			<parameterset type="activityParams" >
				<param name="activityType" value="act_9" />
				<param name="closingTime" value="30:00:00" />
				<param name="earliestEndTime" value="undefined" />
				<param name="latestStartTime" value="undefined" />
				<param name="minimalDuration" value="undefined" />
				<param name="openingTime" value="00:00:00" />
				<param name="priority" value="1.0" />
				<param name="scoringThisActivityAtAll" value="true" />
				<param name="typicalDuration" value="12:00:00" />
				<param name="typicalDurationScoreComputation" value="relative" />
			</parameterset>
			<parameterset type="activityParams" >
				<param name="activityType" value="ride interaction" />
				<param name="closingTime" value="undefined" />
				<param name="earliestEndTime" value="undefined" />
				<param name="latestStartTime" value="undefined" />
				<param name="minimalDuration" value="undefined" />
				<param name="openingTime" value="undefined" />
				<param name="priority" value="1.0" />
				<param name="scoringThisActivityAtAll" value="false" />
				<param name="typicalDuration" value="undefined" />
				<param name="typicalDurationScoreComputation" value="relative" />
			</parameterset>
			<parameterset type="modeParams" >
				<!-- [utils] alternative-specific constant.  Normally per trip, but that is probably buggy for multi-leg trips. -->
				<param name="constant" value="0.0" />
				<!-- [unit_of_money/day] Fixed cost of mode, per day. -->
				<param name="dailyMonetaryConstant" value="0.0" />
				<!-- [utils] daily utility constant. default=0 to be backwards compatible -->
				<param name="dailyUtilityConstant" value="0.0" />
				<!-- [utils/m] utility of traveling (e.g. walking or driving) per m, normally negative.  this is on top of the time (dis)utility. -->
				<param name="marginalUtilityOfDistance_util_m" value="0.0" />
				<!-- [utils/hr] additional marginal utility of traveling.  normally negative.  this comes on top of the opportunity cost of time -->
				<param name="marginalUtilityOfTraveling_util_hr" value="-6.0" />
				<param name="mode" value="pt" />
				<!-- [unit_of_money/m] conversion of distance into money. Normally negative. -->
				<param name="monetaryDistanceRate" value="0.0" />
			</parameterset>
			<parameterset type="modeParams" >
				<param name="constant" value="0.0" />
				<param name="dailyMonetaryConstant" value="0.0" />
				<param name="dailyUtilityConstant" value="0.0" />
				<param name="marginalUtilityOfDistance_util_m" value="0.0" />
				<param name="marginalUtilityOfTraveling_util_hr" value="-6.0" />
				<param name="mode" value="walk" />
				<param name="monetaryDistanceRate" value="0.0" />
			</parameterset>
			<parameterset type="modeParams" >
				<param name="constant" value="0.0" />
				<param name="dailyMonetaryConstant" value="0.0" />
				<param name="dailyUtilityConstant" value="0.0" />
				<param name="marginalUtilityOfDistance_util_m" value="0.0" />
				<param name="marginalUtilityOfTraveling_util_hr" value="-6.0" />
				<param name="mode" value="bike" />
				<param name="monetaryDistanceRate" value="0.0" />
			</parameterset>
			<parameterset type="modeParams" >
				<param name="constant" value="0.0" />
				<param name="dailyMonetaryConstant" value="0.0" />
				<param name="dailyUtilityConstant" value="0.0" />
				<param name="marginalUtilityOfDistance_util_m" value="0.0" />
				<param name="marginalUtilityOfTraveling_util_hr" value="-6.0" />
				<param name="mode" value="ride" />
				<param name="monetaryDistanceRate" value="0.0" />
			</parameterset>
			<parameterset type="modeParams" >
				<param name="constant" value="0.0" />
				<param name="dailyMonetaryConstant" value="0.0" />
				<param name="dailyUtilityConstant" value="0.0" />
				<param name="marginalUtilityOfDistance_util_m" value="0.0" />
				<param name="marginalUtilityOfTraveling_util_hr" value="-6.0" />
				<param name="mode" value="other" />
				<param name="monetaryDistanceRate" value="0.0" />
			</parameterset>
			<parameterset type="modeParams" >
				<param name="constant" value="0.0" />
				<param name="dailyMonetaryConstant" value="0.0" />
				<param name="dailyUtilityConstant" value="0.0" />
				<param name="marginalUtilityOfDistance_util_m" value="0.0" />
				<param name="marginalUtilityOfTraveling_util_hr" value="-6.0" />
				<param name="mode" value="car" />
				<param name="monetaryDistanceRate" value="0.0" />
			</parameterset>
		</parameterset>
	</module>
	<module name="plans" >
		<!-- String: minOfDurationAndEndTime tryEndTimeThenDuration endTimeOnly. Anything besides minOfDurationAndEndTime will internally use a different (simpler) version of the TimeAllocationMutator. -->
		<param name="activityDurationInterpretation" value="tryEndTimeThenDuration" />
		<!-- Possible values: reject,useMainModeIdentifier -->
		<param name="handlingOfPlansWithoutRoutingMode" value="reject" />
		<!-- The Coordinates Reference System in which the coordinates are expressed in the input file. At import, the coordinates will be converted to the coordinate system defined in "global", and willbe converted back at export. If not specified, no conversion happens. -->
		<param name="inputCRS" value="null" />
		<param name="inputPersonAttributesFile" value="null" />
		<param name="inputPlansFile" value="/home/raziq/Documents/Code/umd/tripsynth/06x_stage1_md_internal/real_population.xml.gz" />
		<param name="insistingOnUsingDeprecatedPersonAttributeFile" value="false" />
		<!-- Defines how routes are stored in memory. Currently supported: LinkNetworkRoute, MediumCompressedNetworkRoute, HeavyCompressedNetworkRoute. -->
		<param name="networkRouteType" value="LinkNetworkRoute" />
		<!-- (not tested) will remove plan attributes that are presumably not used, such as activityStartTime. default=false. Use with Caution! -->
		<param name="removingUnnecessaryPlanAttributes" value="false" />
		<!-- Defines how departure times are interpreted in rerouting applications. If set to 'ignoreDelays', the departure time of a trip when routing along a plan will always be the nominal (plan-based) activity end time. If set to 'shiftActivityEndTimes', routing along a plan will accumulate travel times and shift activity end times if necessary -->
		<param name="tripDurationHandling" value="ignoreDelays" />
	</module>
	<module name="planscalcroute" >
		<!-- Defines how access and egress to main mode is simulated. Either of [none, accessEgressModeToLink, walkConstantTimeToLink, accessEgressModeToLinkPlusTimeConstant], Current default=none which means no access or egress trips are simulated. -->
		<param name="accessEgressType" value="none" />
		<!-- Some typical teleportation routing params are set by default, such as for walk and bike.  Setting this switch to "true" will clear them.  Note that this will also clear settings for helper modes such as for non_network_walk -->
		<param name="clearDefaultTeleportedModeParams" value="false" />
		<!-- All the modes for which the router is supposed to generate network routes (like car) -->
		<param name="networkModes" value="car" />
		<!-- strength of the randomness for the utility of money in routing under toll.  Leads to Pareto-optimal route with randomly drawn money-vs-other-attributes tradeoff. Technically the width parameter of a log-normal distribution. 3.0 seems to be a good value.  -->
		<param name="routingRandomness" value="3.0" />
		<parameterset type="teleportedModeParameters" >
			<param name="beelineDistanceFactor" value="1.3" />
			<param name="mode" value="bike" />
			<!-- Free-speed factor for a teleported mode. Travel time = teleportedModeFreespeedFactor * <freespeed car travel time>. Insert a line like this for every such mode. Please do not set teleportedModeFreespeedFactor as well as teleportedModeSpeed for the same mode, but if you do, +teleportedModeFreespeedFactor wins over teleportedModeSpeed. -->
			<param name="teleportedModeFreespeedFactor" value="null" />
			<!-- Speed for a teleported mode. Travel time = (<beeline distance> * beelineDistanceFactor) / teleportedModeSpeed. Insert a line like this for every such mode. -->
			<param name="teleportedModeSpeed" value="4.166666666666667" />
		</parameterset>
		<parameterset type="teleportedModeParameters" >
			<param name="beelineDistanceFactor" value="1.3" />
			<param name="mode" value="walk" />
			<param name="teleportedModeFreespeedFactor" value="null" />
			<param name="teleportedModeSpeed" value="0.8333333333333333" />
		</parameterset>
		<parameterset type="teleportedModeParameters" >
			<param name="beelineDistanceFactor" value="1.3" />
			<param name="mode" value="non_network_walk" />
			<param name="teleportedModeFreespeedFactor" value="null" />
			<param name="teleportedModeSpeed" value="0.8333333333333333" />
		</parameterset>
		<parameterset type="teleportedModeParameters" >
			<param name="beelineDistanceFactor" value="1.3" />
			<param name="mode" value="ride" />
			<param name="teleportedModeFreespeedFactor" value="1.0" />
			<param name="teleportedModeSpeed" value="null" />
		</parameterset>
		<parameterset type="teleportedModeParameters" >
			<param name="beelineDistanceFactor" value="1.3" />
			<param name="mode" value="pt" />
			<param name="teleportedModeFreespeedFactor" value="2.0" />
			<param name="teleportedModeSpeed" value="null" />
		</parameterset>
	</module>
	<module name="ptCounts" >
		<!-- factor by which to re-scale the simulated values.  necessary when simulation runs with something different from 100%.  needs to be adapted manually -->
		<param name="countsScaleFactor" value="1.0" />
		<!-- distance to distanceFilterCenterNode to include counting stations. The unit of distance is the Euclidean distance implied by the coordinate system -->
		<param name="distanceFilter" value="null" />
		<!-- node id for center node of distance filter -->
		<param name="distanceFilterCenterNode" value="null" />
		<!-- input file containing the alighting (getting off) counts for pt -->
		<param name="inputAlightCountsFile" value="null" />
		<!-- input file containing the boarding (getting on) counts for pt -->
		<param name="inputBoardCountsFile" value="null" />
		<!-- input file containing the occupancy counts for pt -->
		<param name="inputOccupancyCountsFile" value="null" />
		<!-- possible values: `html', `txt', `all' -->
		<param name="outputformat" value="null" />
		<!-- every how many iterations (starting with 0) counts comparisons are generated -->
		<param name="ptCountsInterval" value="10" />
	</module>
	<module name="qsim" >
		<param name="endTime" value="30:00:00" />
		<!-- If set to withLinkAttributes snapshots will only be generated for links which include generateSnapshotForLink as attribute key. Default is no filtering. -->
		<param name="filterSnapshots" value="no" />
		<param name="flowCapacityFactor" value="1.0" />
		<!-- decides if waiting vehicles enter the network after or before the already driving vehicles were moved. Default: false -->
		<param name="insertingWaitingVehiclesBeforeDrivingVehicles" value="true" />
		<!-- If link dynamics is set as SeepageQ, set to false if all seep modes should perform seepage. Default is true (better option). -->
		<param name="isRestrictingSeepage" value="true" />
		<!-- If link dynamics is set as SeepageQ, set to true if seep mode do not consumes any space on the link. Default is false. -->
		<param name="isSeepModeStorageFree" value="false" />
		<!-- default: FIFO; options: FIFO PassingQ SeepageQ -->
		<param name="linkDynamics" value="FIFO" />
		<!-- The (initial) width of the links of the network. Use positive floating point values. This is used only for visualisation. -->
		<param name="linkWidth" value="30.0" />
		<!-- [comma-separated list] Defines which modes are congested modes. Technically, these are the modes that the departure handler of the netsimengine handles.  Effective cell size, effective lane width, flow capacity factor, and storage capacity factor need to be set with diligence.  Need to be vehicular modes to make sense. -->
		<param name="mainMode" value="car" />
		<!-- Shortens a link in the visualization, i.e. its start and end point are moved into towards the center. Does not affect traffic flow.  -->
		<param name="nodeOffset" value="0.0" />
		<!-- Number of threads used for the QSim.  Note that this setting is independent from the "global" threads setting.  In contrast to earlier versions, the non-parallel special version is no longer there. -->
		<param name="numberOfThreads" value="8" />
		<!-- Boolean. `true': stuck vehicles are removed, aborting the plan; `false': stuck vehicles are forced into the next link. `false' is probably the better choice. -->
		<param name="removeStuckVehicles" value="true" />
		<!-- If link dynamics is set as SeepageQ, set a seep mode. Default is bike. -->
		<param name="seepMode" value="bike" />
		<!-- Possible values: minOfEndtimeAndMobsimFinished,onlyUseEndtime -->
		<param name="simEndtimeInterpretation" value="null" />
		<!-- Options: maxOfStarttimeAndEarliestActivityEnd onlyUseStarttime  -->
		<param name="simStarttimeInterpretation" value="maxOfStarttimeAndEarliestActivityEnd" />
		<!-- snapshotStyle. One of: equiDist queue withHoles withHolesAndShowHoles kinematicWaves  -->
		<param name="snapshotStyle" value="queue" />
		<param name="snapshotperiod" value="00:00:00" />
		<param name="startTime" value="00:00:00" />
		<param name="storageCapacityFactor" value="1.0" />
		<!-- time in seconds.  Time after which the frontmost vehicle on a link is called `stuck' if it does not move. -->
		<param name="stuckTime" value="1800.0" />
		<param name="timeStepSize" value="00:00:01" />
		<!-- options: queue withHoles kinematicWaves  -->
		<param name="trafficDynamics" value="queue" />
		<!-- Set this parameter to true if lanes should be used, false if not. -->
		<param name="useLanes" value="false" />
		<!-- If a route does not reference a vehicle, agents will use the vehicle with the same id as their own. -->
		<param name="usePersonIdForMissingVehicleId" value="true" />
		<!-- If false, the qsim accumulates fractional flows up to one flow unit in every time step.  If true, flows are updated only if an agent wants to enter the link or an agent is added to buffer. Default is true. -->
		<param name="usingFastCapacityUpdate" value="true" />
		<!-- Defines what happens if an agent wants to depart, but the specified vehicle is not available. One of: teleport wait exception  -->
		<param name="vehicleBehavior" value="teleport" />
		<!-- If vehicles should all be the same default vehicle, or come from the vehicles file, or something else.  Possible values:  defaultVehicle modeVehicleTypesFromVehiclesData fromVehiclesData -->
		<param name="vehiclesSource" value="defaultVehicle" />
	</module>
	<module name="strategy" >
		<!-- the external executable will be called with a config file as argument.  This is the pathname to a possible skeleton config, to which additional information will be added.  Can be null. -->
		<param name="ExternalExeConfigTemplate" value="null" />
		<!-- time out value (in seconds) after which matsim will consider the external strategy as failed -->
		<param name="ExternalExeTimeOut" value="3600" />
		<!-- root directory for temporary files generated by the external executable. Provided as a service; I don't think this is used by MATSim. -->
		<param name="ExternalExeTmpFileRootDir" value="null" />
		<!-- fraction of iterations where innovative strategies are switched off.  Something like 0.8 should be good.  E.g. if you run from iteration 400 to iteration 500, innovation is switched off at iteration 480 -->
		<param name="fractionOfIterationsToDisableInnovation" value="Infinity" />
		<!-- maximum number of plans per agent.  ``0'' means ``infinity''.  Currently (2010), ``5'' is a good number -->
		<param name="maxAgentPlanMemorySize" value="5" />
		<!-- strategyName of PlanSelector for plans removal.  Possible defaults: WorstPlanSelector SelectRandom SelectExpBetaForRemoval ChangeExpBetaForRemoval PathSizeLogitSelectorForRemoval . The current default, WorstPlanSelector is not a good choice from a discrete choice theoretical perspective. Alternatives, however, have not been systematically tested. kai, feb'12 -->
		<param name="planSelectorForRemoval" value="WorstPlanSelector" />
	</module>
	<module name="subtourModeChoice" >
		<!-- Only for backwards compatibility.  Defines if only trips from modes list should change mode, or all trips.  Options: fromAllModesToSpecifiedModes fromSpecifiedModesToSpecifiedModes betweenAllAndFewerConstraints  -->
		<param name="behavior" value="fromSpecifiedModesToSpecifiedModes" />
		<!-- Defines the chain-based modes, seperated by commas -->
		<param name="chainBasedModes" value="car,bike" />
		<!-- Defines whether car availability must be considered or not. A agent has no car only if it has no license, or never access to a car -->
		<param name="considerCarAvailability" value="false" />
		<!-- If greater than 0, subtours will also consider coordinates to be at the same location when smaller than set distance. -->
		<param name="coordDistance" value="0.0" />
		<!-- Defines all the modes available, including chain-based modes, seperated by commas -->
		<param name="modes" value="car,pt,bike,walk" />
		<!-- Defines the probability of changing a single trip for a unchained mode instead of subtour. -->
		<param name="probaForRandomSingleTripMode" value="0.0" />
	</module>
	<module name="transit" >
		<!-- The Coordinates Reference System in which the coordinates are expressed in the input file. At import, the coordinates will be converted to the coordinate system defined in "global", and willbe converted back at export. If not specified, no conversion happens. -->
		<param name="inputScheduleCRS" value="null" />
		<param name="insistingOnUsingDeprecatedAttributeFiles" value="false" />
		<!-- The type of transit routing algorithm used, may have the values: [DijkstraBased, SwissRailRaptor] -->
		<param name="routingAlgorithmType" value="SwissRailRaptor" />
		<!-- Optional input file containing additional attributes for transit lines, stored as ObjectAttributes. -->
		<param name="transitLinesAttributesFile" value="null" />
		<!-- Comma-separated list of transportation modes that are handled as transit. Defaults to 'pt'. -->
		<param name="transitModes" value="pt" />
		<!-- Input file containing the transit schedule to be simulated. -->
		<param name="transitScheduleFile" value="null" />
		<!-- Optional input file containing additional attributes for transit stop facilities, stored as ObjectAttributes. -->
		<param name="transitStopsAttributesFile" value="null" />
		<!-- Set this parameter to true if transit should be simulated, false if not. -->
		<param name="useTransit" value="false" />
		<param name="usingTransitInMobsim" value="true" />
		<!-- Input file containing the vehicles used by the departures in the transit schedule. -->
		<param name="vehiclesFile" value="null" />
	</module>
	<module name="transitRouter" >
		<!-- additional time the router allocates when a line switch happens. Can be interpreted as a 'safety' time that agents need to safely transfer from one line to another -->
		<param name="additionalTransferTime" value="0.0" />
		<!-- Factor with which direct walk generalized cost is multiplied before it is compared to the pt generalized cost.  Set to a very high value to reduce direct walk results. -->
		<param name="directWalkFactor" value="1.0" />
		<!-- step size to increase searchRadius if no stops are found -->
		<param name="extensionRadius" value="200.0" />
		<!-- maximum beeline distance between stops that agents could transfer to by walking -->
		<param name="maxBeelineWalkConnectionDistance" value="100.0" />
		<!-- the radius in which stop locations are searched, given a start or target coordinate -->
		<param name="searchRadius" value="1000.0" />
	</module>
	<module name="travelTimeCalculator" >
		<!-- (only for backwards compatibility; only used if separateModes==false && + filterModes==true)  Transport modes that will be respected by the travel time collector. 'car' is default which includes also buses from the pt simulation module. -->
		<param name="analyzedModes" value="car" />
		<param name="calculateLinkToLinkTravelTimes" value="false" />
		<param name="calculateLinkTravelTimes" value="true" />
		<!-- (only for backwards compatiblity; only used if separateModes==false)  Only modes included in analyzedModes are included. -->
		<param name="filterModes" value="false" />
		<!-- The lenght (in sec) of the time period that is splited into time bins; an additional time bin is created to aggregate all travel times collected after maxTime -->
		<param name="maxTime" value="108000" />
		<!-- (only for backwards compatibility) If false, link travel times are measured and aggregated over all vehicles using the link. -->
		<param name="separateModes" value="true" />
		<!-- How to deal with congested time bins that have no link entry events. `optimistic' assumes free speed (too optimistic); 'experimental_LastMile' is experimental and probably too pessimistic. -->
		<param name="travelTimeAggregator" value="optimistic" />
		<!-- The size of the time bin (in sec) into which the link travel times are aggregated for the router -->
		<param name="travelTimeBinSize" value="900" />
		<!-- possible values: TravelTimeCalculatorArray TravelTimeCalculatorHashMap  -->
		<param name="travelTimeCalculator" value="TravelTimeCalculatorArray" />
		<!-- How to deal with link entry times at different positions during the time bin. Currently supported: average, linearinterpolation -->
		<param name="travelTimeGetter" value="average" />
	</module>
	<module name="vehicles" >
		<param name="vehiclesFile" value="null" />
	</module>
	<module name="vspExperimental" >
		<!-- (do not use except of you have to) There was a problem with pt interaction scoring.  Some people solved it by overwriting the parameters of the pt interaction activity type.  Doing this now throws an Exception.  If you still insist on doing this, set the following to true. -->
		<param name="isAbleToOverwritePtInteractionParams" value="false" />
		<param name="isGeneratingBoardingDeniedEvent" value="false" />
		<!-- if an approximation of the opportunity cost of time is included into the radius calculation for location choice.`true' will be faster, but it is an approximation.  Default is `true'; `false' is available for backwards compatibility. -->
		<param name="isUsingOpportunityCostOfTimeForLocationChoice" value="true" />
		<param name="logitScaleParamForPlansRemoval" value="1.0" />
		<!-- Options: | ignore | info | warn | abort | .  When violating VSP defaults, this results in nothing, logfile infos, logfile warnings, or aborts.  Members of VSP should use `abort' or talk to kai. -->
		<param name="vspDefaultsCheckingLevel" value="ignore" />
		<!-- if true then writes output_events in output directory.  default is `false'. Will only work when lastIteration is multiple of events writing interval -->
		<param name="writingOutputEvents" value="true" />
	</module>

</config>

2026-05-19T23:10:27,407  INFO ControlerUtils:85 Complete config dump done.
2026-05-19T23:10:27,407  INFO ControlerUtils:86 Checking consistency of config...
2026-05-19T23:10:27,407 ERROR PlanCalcScoreConfigGroup$ScoringParameterSet:1544 it looks like you have an activity type with opening time set to 0:00 and closing time set to 24:00. This is most probably not the same as not setting them at all.  In particular, activities which extend past midnight may not accumulate scores.
2026-05-19T23:10:27,407 ERROR PlanCalcScoreConfigGroup$ScoringParameterSet:1544 it looks like you have an activity type with opening time set to 0:00 and closing time set to 24:00. This is most probably not the same as not setting them at all.  In particular, activities which extend past midnight may not accumulate scores.
2026-05-19T23:10:27,407 ERROR PlanCalcScoreConfigGroup$ScoringParameterSet:1544 it looks like you have an activity type with opening time set to 0:00 and closing time set to 24:00. This is most probably not the same as not setting them at all.  In particular, activities which extend past midnight may not accumulate scores.
2026-05-19T23:10:27,407 ERROR PlanCalcScoreConfigGroup$ScoringParameterSet:1544 it looks like you have an activity type with opening time set to 0:00 and closing time set to 24:00. This is most probably not the same as not setting them at all.  In particular, activities which extend past midnight may not accumulate scores.
2026-05-19T23:10:27,407 ERROR PlanCalcScoreConfigGroup$ScoringParameterSet:1544 it looks like you have an activity type with opening time set to 0:00 and closing time set to 24:00. This is most probably not the same as not setting them at all.  In particular, activities which extend past midnight may not accumulate scores.
2026-05-19T23:10:27,407 ERROR PlanCalcScoreConfigGroup$ScoringParameterSet:1544 it looks like you have an activity type with opening time set to 0:00 and closing time set to 24:00. This is most probably not the same as not setting them at all.  In particular, activities which extend past midnight may not accumulate scores.
2026-05-19T23:10:27,407 ERROR PlanCalcScoreConfigGroup$ScoringParameterSet:1544 it looks like you have an activity type with opening time set to 0:00 and closing time set to 24:00. This is most probably not the same as not setting them at all.  In particular, activities which extend past midnight may not accumulate scores.
2026-05-19T23:10:27,407 ERROR PlanCalcScoreConfigGroup$ScoringParameterSet:1544 it looks like you have an activity type with opening time set to 0:00 and closing time set to 24:00. This is most probably not the same as not setting them at all.  In particular, activities which extend past midnight may not accumulate scores.
2026-05-19T23:10:27,407 ERROR PlanCalcScoreConfigGroup$ScoringParameterSet:1544 it looks like you have an activity type with opening time set to 0:00 and closing time set to 24:00. This is most probably not the same as not setting them at all.  In particular, activities which extend past midnight may not accumulate scores.
2026-05-19T23:10:27,407 ERROR PlanCalcScoreConfigGroup$ScoringParameterSet:1544 it looks like you have an activity type with opening time set to 0:00 and closing time set to 24:00. This is most probably not the same as not setting them at all.  In particular, activities which extend past midnight may not accumulate scores.
2026-05-19T23:10:27,407 ERROR PlanCalcScoreConfigGroup$ScoringParameterSet:1544 it looks like you have an activity type with opening time set to 0:00 and closing time set to 24:00. This is most probably not the same as not setting them at all.  In particular, activities which extend past midnight may not accumulate scores.
2026-05-19T23:10:27,407 ERROR PlanCalcScoreConfigGroup$ScoringParameterSet:1544 it looks like you have an activity type with opening time set to 0:00 and closing time set to 24:00. This is most probably not the same as not setting them at all.  In particular, activities which extend past midnight may not accumulate scores.
2026-05-19T23:10:27,407 ERROR PlanCalcScoreConfigGroup$ScoringParameterSet:1544 it looks like you have an activity type with opening time set to 0:00 and closing time set to 24:00. This is most probably not the same as not setting them at all.  In particular, activities which extend past midnight may not accumulate scores.
2026-05-19T23:10:27,407 ERROR PlanCalcScoreConfigGroup$ScoringParameterSet:1544 it looks like you have an activity type with opening time set to 0:00 and closing time set to 24:00. This is most probably not the same as not setting them at all.  In particular, activities which extend past midnight may not accumulate scores.
2026-05-19T23:10:27,407 ERROR PlanCalcScoreConfigGroup$ScoringParameterSet:1544 it looks like you have an activity type with opening time set to 0:00 and closing time set to 24:00. This is most probably not the same as not setting them at all.  In particular, activities which extend past midnight may not accumulate scores.
2026-05-19T23:10:27,407 ERROR PlanCalcScoreConfigGroup$ScoringParameterSet:1544 it looks like you have an activity type with opening time set to 0:00 and closing time set to 24:00. This is most probably not the same as not setting them at all.  In particular, activities which extend past midnight may not accumulate scores.
2026-05-19T23:10:27,407 ERROR PlanCalcScoreConfigGroup$ScoringParameterSet:1544 it looks like you have an activity type with opening time set to 0:00 and closing time set to 24:00. This is most probably not the same as not setting them at all.  In particular, activities which extend past midnight may not accumulate scores.
2026-05-19T23:10:27,407 ERROR PlanCalcScoreConfigGroup$ScoringParameterSet:1544 it looks like you have an activity type with opening time set to 0:00 and closing time set to 24:00. This is most probably not the same as not setting them at all.  In particular, activities which extend past midnight may not accumulate scores.
2026-05-19T23:10:27,407  INFO VspConfigConsistencyCheckerImpl:64 NOT running vsp config consistency check because vsp defaults checking level is set to IGNORE
2026-05-19T23:10:27,409  INFO ControlerUtils:88 Checking consistency of config done.
2026-05-19T23:10:27,511  WARN PrepareForSimImpl:229 'usePersonIdForMissingVehicleId' is deprecated. It will be removed soon.
2026-05-19T23:10:27,512  INFO Counter:70 [VehiclesImpl] added vehicle # 1
2026-05-19T23:10:27,512  INFO Counter:70 [VehiclesImpl] added vehicle # 2
2026-05-19T23:10:27,512  INFO Counter:70 [VehiclesImpl] added vehicle # 4
2026-05-19T23:10:27,512  INFO Counter:70 [VehiclesImpl] added vehicle # 8
2026-05-19T23:10:27,512  INFO Counter:70 [VehiclesImpl] added vehicle # 16
2026-05-19T23:10:27,513  INFO Counter:70 [VehiclesImpl] added vehicle # 32
2026-05-19T23:10:27,513  INFO Counter:70 [VehiclesImpl] added vehicle # 64
2026-05-19T23:10:27,513  INFO Counter:70 [VehiclesImpl] added vehicle # 128
2026-05-19T23:10:27,514  INFO Counter:70 [VehiclesImpl] added vehicle # 256
2026-05-19T23:10:27,514  INFO Counter:70 [VehiclesImpl] added vehicle # 512
2026-05-19T23:10:27,515  INFO Counter:70 [VehiclesImpl] added vehicle # 1024
2026-05-19T23:10:27,516  INFO Counter:70 [VehiclesImpl] added vehicle # 2048
2026-05-19T23:10:27,518  INFO Counter:70 [VehiclesImpl] added vehicle # 4096
2026-05-19T23:10:27,523  INFO Counter:70 [VehiclesImpl] added vehicle # 8192
2026-05-19T23:10:27,530  INFO Counter:70 [VehiclesImpl] added vehicle # 16384
2026-05-19T23:10:27,542  INFO Counter:70 [VehiclesImpl] added vehicle # 32768
2026-05-19T23:10:27,564  INFO Counter:70 [VehiclesImpl] added vehicle # 65536
2026-05-19T23:10:27,610  INFO Counter:70 [VehiclesImpl] added vehicle # 131072
2026-05-19T23:10:31,463  INFO PreProcessDijkstra:119 nodes in dead ends: 1431600 (total nodes: 4124160). Done in 3663 ms
2026-05-19T23:10:31,874  INFO PreProcessLandmarks:113 Putting landmarks on network...
2026-05-19T23:10:31,944  INFO LandmarkerPieSlices:97 Filling sectors...
2026-05-19T23:10:34,923  INFO LandmarkerPieSlices:108 Refining landmarks...
2026-05-19T23:10:35,685  INFO LandmarkerPieSlices:110 done
2026-05-19T23:10:35,686  INFO PreProcessLandmarks:116 done in 3811 ms
2026-05-19T23:10:35,686  INFO PreProcessLandmarks:118 Initializing landmarks data
2026-05-19T23:10:36,745  INFO PreProcessLandmarks:130 Calculating distance from each node to each of the 16 landmarks using 8 threads...
2026-05-19T23:10:36,908  INFO PreProcessLandmarks:140 wait for landmarks Calculator to finish...
2026-05-19T23:10:59,382  INFO PreProcessLandmarks:164 done in 22636 ms
2026-05-19T23:10:59,393  INFO NetworkImpl:165  node # 1
2026-05-19T23:10:59,393  INFO NetworkImpl:165  node # 4
2026-05-19T23:10:59,393  INFO NetworkImpl:165  node # 16
2026-05-19T23:10:59,393  INFO NetworkImpl:165  node # 64
2026-05-19T23:10:59,394  INFO NetworkImpl:165  node # 256
2026-05-19T23:10:59,394  INFO NetworkImpl:165  node # 1024
2026-05-19T23:10:59,395  INFO NetworkImpl:165  node # 4096
2026-05-19T23:10:59,395  INFO NetworkImpl:165  node # 16384
2026-05-19T23:10:59,398  INFO NetworkImpl:165  node # 65536
2026-05-19T23:10:59,407  INFO NetworkImpl:165  node # 262144
2026-05-19T23:10:59,428  INFO NetworkImpl:165  node # 1048576
2026-05-19T23:10:59,510  INFO NetworkImpl:161  link # 1
2026-05-19T23:10:59,510  INFO NetworkImpl:161  link # 4
2026-05-19T23:10:59,510  INFO NetworkImpl:161  link # 16
2026-05-19T23:10:59,510  INFO NetworkImpl:161  link # 64
2026-05-19T23:10:59,511  INFO NetworkImpl:161  link # 256
2026-05-19T23:10:59,511  INFO NetworkImpl:161  link # 1024
2026-05-19T23:10:59,513  INFO NetworkImpl:161  link # 4096
2026-05-19T23:10:59,516  INFO NetworkImpl:161  link # 16384
2026-05-19T23:10:59,530  INFO NetworkImpl:161  link # 65536
2026-05-19T23:10:59,579  INFO NetworkImpl:161  link # 262144
2026-05-19T23:10:59,773  INFO NetworkImpl:161  link # 1048576
2026-05-19T23:11:00,684  INFO NetworkImpl:161  link # 4194304
2026-05-19T23:11:02,235  WARN RandomizingTimeDistanceTravelDisutilityFactory:113 There will be no routing randomness. The randomization of the travel disutility requires the monetary distance rate to be different than zero. Continuing anyway.
2026-05-19T23:11:02,235  WARN RandomizingTimeDistanceTravelDisutilityFactory:118 There will be no routing randomness. The randomization of the travel disutility requires the travel time cost rate to be different than zero. Continuing anyway.
2026-05-19T23:11:02,235  INFO RandomizingTimeDistanceTravelDisutilityFactory:86  sigma: 3.0; resulting normalization: 0.011108996538242306
2026-05-19T23:11:04,977  INFO PreProcessDijkstra:119 nodes in dead ends: 1431600 (total nodes: 4124160). Done in 2740 ms
2026-05-19T23:11:05,341  INFO PreProcessLandmarks:113 Putting landmarks on network...
2026-05-19T23:11:05,428  INFO LandmarkerPieSlices:97 Filling sectors...
2026-05-19T23:11:08,491  INFO LandmarkerPieSlices:108 Refining landmarks...
2026-05-19T23:11:09,257  INFO LandmarkerPieSlices:110 done
2026-05-19T23:11:09,257  INFO PreProcessLandmarks:116 done in 3916 ms
2026-05-19T23:11:09,257  INFO PreProcessLandmarks:118 Initializing landmarks data
2026-05-19T23:11:10,236  INFO PreProcessLandmarks:130 Calculating distance from each node to each of the 16 landmarks using 8 threads...
2026-05-19T23:11:10,238  INFO PreProcessLandmarks:140 wait for landmarks Calculator to finish...
2026-05-19T23:11:27,393  INFO MemoryObserver:42 used RAM: 27382 MB  free: 28681 MB  total: 56064 MB
2026-05-19T23:11:32,466  INFO PreProcessLandmarks:164 done in 22230 ms
2026-05-19T23:11:32,602  INFO RandomizingTimeDistanceTravelDisutilityFactory:86  sigma: 3.0; resulting normalization: 0.011108996538242306
2026-05-19T23:11:32,732  INFO RandomizingTimeDistanceTravelDisutilityFactory:86  sigma: 3.0; resulting normalization: 0.011108996538242306
2026-05-19T23:11:32,864  INFO RandomizingTimeDistanceTravelDisutilityFactory:86  sigma: 3.0; resulting normalization: 0.011108996538242306
2026-05-19T23:11:32,996  INFO RandomizingTimeDistanceTravelDisutilityFactory:86  sigma: 3.0; resulting normalization: 0.011108996538242306
2026-05-19T23:11:33,129  INFO RandomizingTimeDistanceTravelDisutilityFactory:86  sigma: 3.0; resulting normalization: 0.011108996538242306
2026-05-19T23:11:33,260  INFO RandomizingTimeDistanceTravelDisutilityFactory:86  sigma: 3.0; resulting normalization: 0.011108996538242306
2026-05-19T23:11:33,391  INFO RandomizingTimeDistanceTravelDisutilityFactory:86  sigma: 3.0; resulting normalization: 0.011108996538242306
2026-05-19T23:11:33,596  INFO NetworkImpl:419 building QuadTree for nodes: xrange(-80.5145164,-74.049959); yrange(36.956046,40.9031226)
2026-05-19T23:11:34,271  INFO NetworkImpl:428 Building QuadTree took 0.737 seconds.
2026-05-19T23:11:34,928  INFO Counter:70 [PersonPrepareForSim] handled person # 1
2026-05-19T23:11:34,942  INFO Counter:70 [PersonPrepareForSim] handled person # 2
2026-05-19T23:11:34,986  INFO Counter:70 [PersonPrepareForSim] handled person # 4
2026-05-19T23:11:35,537  INFO Counter:70 [PersonPrepareForSim] handled person # 8
2026-05-19T23:11:35,627  INFO Counter:70 [PersonPrepareForSim] handled person # 16
2026-05-19T23:11:35,676  INFO Counter:70 [PersonPrepareForSim] handled person # 32
2026-05-19T23:11:35,824  INFO Counter:70 [PersonPrepareForSim] handled person # 64
2026-05-19T23:11:36,082  INFO Counter:70 [PersonPrepareForSim] handled person # 128
2026-05-19T23:11:36,442  INFO Counter:70 [PersonPrepareForSim] handled person # 256
2026-05-19T23:11:36,995  INFO Counter:70 [PersonPrepareForSim] handled person # 512
2026-05-19T23:11:38,136  INFO Counter:70 [PersonPrepareForSim] handled person # 1024
2026-05-19T23:11:41,160  INFO Counter:70 [PersonPrepareForSim] handled person # 2048
2026-05-19T23:11:48,254  INFO Counter:70 [PersonPrepareForSim] handled person # 4096
2026-05-19T23:12:02,309  INFO Counter:70 [PersonPrepareForSim] handled person # 8192
2026-05-19T23:12:27,393  INFO MemoryObserver:42 used RAM: 37793 MB  free: 22814 MB  total: 60608 MB
2026-05-19T23:12:32,944  INFO Counter:70 [PersonPrepareForSim] handled person # 16384
2026-05-19T23:13:27,394  INFO MemoryObserver:42 used RAM: 46028 MB  free: 14579 MB  total: 60608 MB
2026-05-19T23:13:28,123  INFO Counter:70 [PersonPrepareForSim] handled person # 32768
2026-05-19T23:14:27,394  INFO MemoryObserver:42 used RAM: 42985 MB  free: 18614 MB  total: 61600 MB
2026-05-19T23:15:27,395  INFO MemoryObserver:42 used RAM: 37363 MB  free: 24236 MB  total: 61600 MB
2026-05-19T23:15:36,686  INFO Counter:70 [PersonPrepareForSim] handled person # 65536
2026-05-19T23:16:27,395  INFO MemoryObserver:42 used RAM: 47471 MB  free: 14128 MB  total: 61600 MB
2026-05-19T23:17:27,395  INFO MemoryObserver:42 used RAM: 37169 MB  free: 24430 MB  total: 61600 MB
2026-05-19T23:18:27,396  INFO MemoryObserver:42 used RAM: 47782 MB  free: 13817 MB  total: 61600 MB
2026-05-19T23:19:20,446  INFO Counter:70 [PersonPrepareForSim] handled person # 131072
2026-05-19T23:19:27,396  INFO MemoryObserver:42 used RAM: 36174 MB  free: 25425 MB  total: 61600 MB
2026-05-19T23:20:27,397  INFO MemoryObserver:42 used RAM: 43137 MB  free: 18462 MB  total: 61600 MB
2026-05-19T23:21:27,397  INFO MemoryObserver:42 used RAM: 53332 MB  free: 8267 MB  total: 61600 MB
2026-05-19T23:22:27,398  INFO MemoryObserver:42 used RAM: 40245 MB  free: 21354 MB  total: 61600 MB
2026-05-19T23:23:27,398  INFO MemoryObserver:42 used RAM: 48274 MB  free: 13325 MB  total: 61600 MB
2026-05-19T23:24:27,399  INFO MemoryObserver:42 used RAM: 34948 MB  free: 26651 MB  total: 61600 MB
2026-05-19T23:25:04,640  INFO Counter:75 [PersonPrepareForSim] handled person # 217899
2026-05-19T23:25:05,238  INFO AbstractController:134 ###################################################
2026-05-19T23:25:05,238  INFO AbstractController:135 ### ITERATION 0 BEGINS
2026-05-19T23:25:05,239  INFO ControlerListenerManagerImpl:146 calling notifyIterationStarts on org.matsim.analysis.LegHistogramListener
2026-05-19T23:25:05,239  INFO ControlerListenerManagerImpl:146 calling notifyIterationStarts on org.matsim.analysis.LinkStatsControlerListener
2026-05-19T23:25:05,239  INFO ControlerListenerManagerImpl:146 calling notifyIterationStarts on org.matsim.core.replanning.ReplanningContextImpl
2026-05-19T23:25:05,239  INFO ControlerListenerManagerImpl:146 calling notifyIterationStarts on org.matsim.core.scoring.ScoringFunctionsForPopulation$$Lambda$242/0x0000703c544a8688
2026-05-19T23:25:05,346  INFO ControlerListenerManagerImpl:146 calling notifyIterationStarts on org.matsim.core.scoring.ExperiencedPlansServiceImpl$1
2026-05-19T23:25:05,353  INFO ControlerListenerManagerImpl:149 [it.0] all ControlerIterationStartsListeners called.
2026-05-19T23:25:05,353  INFO ControlerListenerManagerImpl:225 calling notifyBeforeMobsim on org.matsim.core.controler.corelisteners.EventsHandlingImpl
2026-05-19T23:25:05,353  INFO EventsManagerImpl:168 resetting Event-Handlers
2026-05-19T23:25:05,353  INFO EventsManagerImpl:175   org.matsim.core.trafficmonitoring.TravelTimeCalculator
2026-05-19T23:25:05,627  INFO EventsManagerImpl:175   org.matsim.analysis.VolumesAnalyzer
2026-05-19T23:25:05,635  INFO EventsManagerImpl:175   org.matsim.core.scoring.ScoringFunctionsForPopulation
2026-05-19T23:25:05,635  INFO EventsManagerImpl:175   org.matsim.analysis.LegHistogram
2026-05-19T23:25:05,635  INFO EventsManagerImpl:175   org.matsim.analysis.CalcLegTimes
2026-05-19T23:25:05,636  INFO EventsManagerImpl:138 adding Event-Handler: org.matsim.core.events.algorithms.EventWriterXML
2026-05-19T23:25:05,636  INFO EventsManagerImpl:144   org.matsim.core.events.algorithms.EventWriter
2026-05-19T23:25:05,637  INFO EventsManagerImpl:144   org.matsim.core.events.handler.BasicEventHandler
2026-05-19T23:25:05,637  INFO EventsManagerImpl:205     > org.matsim.api.core.v01.events.Event
2026-05-19T23:25:05,637  INFO EventsManagerImpl:154 
2026-05-19T23:25:05,637  INFO EventsManagerImpl:138 adding Event-Handler: org.matsim.core.events.algorithms.EventWriterXML
2026-05-19T23:25:05,637  INFO EventsManagerImpl:144   org.matsim.core.events.algorithms.EventWriter
2026-05-19T23:25:05,637  INFO EventsManagerImpl:144   org.matsim.core.events.handler.BasicEventHandler
2026-05-19T23:25:05,637  INFO EventsManagerImpl:205     > org.matsim.api.core.v01.events.Event
2026-05-19T23:25:05,637  INFO EventsManagerImpl:154 
2026-05-19T23:25:05,637  INFO ControlerListenerManagerImpl:225 calling notifyBeforeMobsim on org.matsim.core.controler.corelisteners.PlansDumpingImpl
2026-05-19T23:25:05,637  INFO PlansDumpingImpl:77 dumping plans...
2026-05-19T23:25:05,678  INFO Counter:70 [PopulationWriter] dumped person # 1
2026-05-19T23:25:05,678  INFO Counter:70 [PopulationWriter] dumped person # 2
2026-05-19T23:25:05,679  INFO Counter:70 [PopulationWriter] dumped person # 4
2026-05-19T23:25:05,679  INFO Counter:70 [PopulationWriter] dumped person # 8
2026-05-19T23:25:05,680  INFO Counter:70 [PopulationWriter] dumped person # 16
2026-05-19T23:25:05,682  INFO Counter:70 [PopulationWriter] dumped person # 32
2026-05-19T23:25:05,685  INFO Counter:70 [PopulationWriter] dumped person # 64
2026-05-19T23:25:05,689  INFO Counter:70 [PopulationWriter] dumped person # 128
2026-05-19T23:25:05,696  INFO Counter:70 [PopulationWriter] dumped person # 256
2026-05-19T23:25:05,710  INFO Counter:70 [PopulationWriter] dumped person # 512
2026-05-19T23:25:05,728  INFO Counter:70 [PopulationWriter] dumped person # 1024
2026-05-19T23:25:05,783  INFO Counter:70 [PopulationWriter] dumped person # 2048
2026-05-19T23:25:05,854  INFO Counter:70 [PopulationWriter] dumped person # 4096
2026-05-19T23:25:05,993  INFO Counter:70 [PopulationWriter] dumped person # 8192
2026-05-19T23:25:06,270  INFO Counter:70 [PopulationWriter] dumped person # 16384
2026-05-19T23:25:06,752  INFO Counter:70 [PopulationWriter] dumped person # 32768
2026-05-19T23:25:07,765  INFO Counter:70 [PopulationWriter] dumped person # 65536
2026-05-19T23:25:09,719  INFO Counter:70 [PopulationWriter] dumped person # 131072
2026-05-19T23:25:12,563  INFO PopulationWriter:145 Population written to: /home/raziq/Documents/Code/umd/tripsynth/06x_stage1_md_internal/matsim_real/ITERS/it.0/0.plans.xml.gz
2026-05-19T23:25:12,563  INFO Counter:75 [PopulationWriter] dumped person # 217899
2026-05-19T23:25:12,564  INFO PlansDumpingImpl:94 finished plans dump.
2026-05-19T23:25:12,564  INFO ControlerListenerManagerImpl:230 calling notifyBeforeMobsim on org.matsim.core.population.VspPlansCleaner
2026-05-19T23:25:12,609  INFO ControlerListenerManagerImpl:233 [it.0] all ControlerBeforeMobsimListeners called.
2026-05-19T23:25:12,697  INFO RandomizingTimeDistanceTravelDisutilityFactory:86  sigma: 3.0; resulting normalization: 0.011108996538242306
2026-05-19T23:25:12,832  INFO RandomizingTimeDistanceTravelDisutilityFactory:86  sigma: 3.0; resulting normalization: 0.011108996538242306
2026-05-19T23:25:13,782  INFO Counter:70 [PersonPrepareForSim] handled person # 1
2026-05-19T23:25:13,782  INFO Counter:70 [PersonPrepareForSim] handled person # 4
2026-05-19T23:25:13,782  INFO Counter:70 [PersonPrepareForSim] handled person # 2
2026-05-19T23:25:13,782  INFO Counter:70 [PersonPrepareForSim] handled person # 8
2026-05-19T23:25:13,782  INFO Counter:70 [PersonPrepareForSim] handled person # 16
2026-05-19T23:25:13,782  INFO Counter:70 [PersonPrepareForSim] handled person # 32
2026-05-19T23:25:13,782  INFO Counter:70 [PersonPrepareForSim] handled person # 64
2026-05-19T23:25:13,782  INFO Counter:70 [PersonPrepareForSim] handled person # 128
2026-05-19T23:25:13,782  INFO Counter:70 [PersonPrepareForSim] handled person # 256
2026-05-19T23:25:13,783  INFO Counter:70 [PersonPrepareForSim] handled person # 512
2026-05-19T23:25:13,783  INFO Counter:70 [PersonPrepareForSim] handled person # 1024
2026-05-19T23:25:13,783  INFO Counter:70 [PersonPrepareForSim] handled person # 2048
2026-05-19T23:25:13,784  INFO Counter:70 [PersonPrepareForSim] handled person # 4096
2026-05-19T23:25:13,786  INFO Counter:70 [PersonPrepareForSim] handled person # 8192
2026-05-19T23:25:13,790  INFO Counter:70 [PersonPrepareForSim] handled person # 16384
2026-05-19T23:25:13,797  INFO Counter:70 [PersonPrepareForSim] handled person # 32768
2026-05-19T23:25:13,810  INFO Counter:70 [PersonPrepareForSim] handled person # 65536
2026-05-19T23:25:13,837  INFO Counter:70 [PersonPrepareForSim] handled person # 131072
2026-05-19T23:25:13,874  INFO Counter:75 [PersonPrepareForSim] handled person # 217899
2026-05-19T23:25:13,898  INFO MobsimListenerManager:50 calling addQueueSimulationListener
2026-05-19T23:25:13,899  INFO MobsimListenerManager:54   assigned class org.matsim.core.mobsim.framework.listeners.MobsimListener to interface org.matsim.core.mobsim.framework.listeners.MobsimBeforeCleanupListener
2026-05-19T23:25:13,899  INFO MobsimListenerManager:54   assigned class org.matsim.core.mobsim.framework.listeners.MobsimListener to interface org.matsim.core.mobsim.framework.listeners.MobsimInitializedListener
2026-05-19T23:25:13,899  INFO MobsimListenerManager:54   assigned class org.matsim.core.mobsim.framework.listeners.MobsimListener to interface org.matsim.vis.snapshotwriters.SnapshotWriterManager
2026-05-19T23:25:13,899  INFO MobsimListenerManager:54   assigned class org.matsim.core.mobsim.framework.listeners.MobsimListener to interface org.matsim.core.mobsim.framework.listeners.MobsimAfterSimStepListener
2026-05-19T23:25:13,899  INFO MobsimListenerManager:54   assigned class org.matsim.core.mobsim.framework.listeners.MobsimListener to interface org.matsim.core.mobsim.framework.listeners.MobsimListener
2026-05-19T23:25:24,936  INFO QSimProvider:131 Added MobsimEngine class org.matsim.core.mobsim.qsim.ActivityEngineDefaultImpl
2026-05-19T23:25:24,936  INFO QSimProvider:137 Added Activityhandler class org.matsim.core.mobsim.qsim.ActivityEngineDefaultImpl
2026-05-19T23:25:24,936  INFO QSimProvider:143 Added DepartureHandler class org.matsim.core.mobsim.qsim.qnetsimengine.VehicularDepartureHandler
2026-05-19T23:25:24,936  INFO QSimProvider:131 Added MobsimEngine class org.matsim.core.mobsim.qsim.qnetsimengine.QNetsimEngineWithThreadpool
2026-05-19T23:25:24,937  INFO QSimProvider:131 Added MobsimEngine class org.matsim.core.mobsim.qsim.DefaultTeleportationEngine
2026-05-19T23:25:24,937  INFO QSimProvider:143 Added DepartureHandler class org.matsim.core.mobsim.qsim.DefaultTeleportationEngine
2026-05-19T23:25:24,937  INFO QSimProvider:149 Added AgentSource class org.matsim.core.mobsim.qsim.agents.PopulationAgentSource
2026-05-19T23:25:24,937  INFO MobsimListenerManager:50 calling addQueueSimulationListener
2026-05-19T23:25:24,937  INFO MobsimListenerManager:54   assigned class org.matsim.core.mobsim.framework.listeners.MobsimListener to interface org.matsim.core.mobsim.framework.listeners.MobsimBeforeSimStepListener
2026-05-19T23:25:24,937  INFO MobsimListenerManager:54   assigned class org.matsim.core.mobsim.framework.listeners.MobsimListener to interface org.matsim.core.mobsim.qsim.messagequeueengine.MessageQueueEngine
2026-05-19T23:25:24,937  INFO MobsimListenerManager:54   assigned class org.matsim.core.mobsim.framework.listeners.MobsimListener to interface org.matsim.core.mobsim.framework.listeners.MobsimListener
2026-05-19T23:25:24,937  INFO QSimProvider:155 Added MobsimListener class org.matsim.core.mobsim.qsim.messagequeueengine.MessageQueueEngine
2026-05-19T23:25:24,940  INFO PopulationUtils:1202 adding scenario element for allpersons container
2026-05-19T23:25:24,940  INFO PopulationImpl:107  person # 1
2026-05-19T23:25:24,940  INFO PopulationImpl:107  person # 4
2026-05-19T23:25:24,940  INFO PopulationImpl:107  person # 16
2026-05-19T23:25:24,940  INFO PopulationImpl:107  person # 64
2026-05-19T23:25:24,941  INFO PopulationImpl:107  person # 256
2026-05-19T23:25:24,942  INFO PopulationImpl:107  person # 1024
2026-05-19T23:25:24,944  INFO PopulationImpl:107  person # 4096
2026-05-19T23:25:24,951  INFO PopulationImpl:107  person # 16384
2026-05-19T23:25:24,973  INFO PopulationImpl:107  person # 65536
2026-05-19T23:25:25,035  INFO VehicleUtils:328 adding scenario element for allvehicles container
2026-05-19T23:25:25,036  INFO Counter:70 [VehiclesImpl] added vehicle # 1
2026-05-19T23:25:25,036  INFO Counter:70 [VehiclesImpl] added vehicle # 2
2026-05-19T23:25:25,036  INFO Counter:70 [VehiclesImpl] added vehicle # 4
2026-05-19T23:25:25,036  INFO Counter:70 [VehiclesImpl] added vehicle # 8
2026-05-19T23:25:25,036  INFO Counter:70 [VehiclesImpl] added vehicle # 16
2026-05-19T23:25:25,036  INFO Counter:70 [VehiclesImpl] added vehicle # 32
2026-05-19T23:25:25,036  INFO Counter:70 [VehiclesImpl] added vehicle # 64
2026-05-19T23:25:25,036  INFO Counter:70 [VehiclesImpl] added vehicle # 128
2026-05-19T23:25:25,037  INFO Counter:70 [VehiclesImpl] added vehicle # 256
2026-05-19T23:25:25,038  INFO Counter:70 [VehiclesImpl] added vehicle # 512
2026-05-19T23:25:25,039  INFO Counter:70 [VehiclesImpl] added vehicle # 1024
2026-05-19T23:25:25,040  INFO Counter:70 [VehiclesImpl] added vehicle # 2048
2026-05-19T23:25:25,041  INFO Counter:70 [VehiclesImpl] added vehicle # 4096
2026-05-19T23:25:25,044  INFO Counter:70 [VehiclesImpl] added vehicle # 8192
2026-05-19T23:25:25,050  INFO Counter:70 [VehiclesImpl] added vehicle # 16384
2026-05-19T23:25:25,060  INFO Counter:70 [VehiclesImpl] added vehicle # 32768
2026-05-19T23:25:25,081  INFO Counter:70 [VehiclesImpl] added vehicle # 65536
2026-05-19T23:25:25,126  INFO Counter:70 [VehiclesImpl] added vehicle # 131072
2026-05-19T23:25:26,130  INFO AbstractQNetsimEngine:428 Assigned 515520 nodes and 1085326 links to QSimEngineRunner #0
2026-05-19T23:25:26,130  INFO AbstractQNetsimEngine:428 Assigned 515520 nodes and 1085268 links to QSimEngineRunner #1
2026-05-19T23:25:26,130  INFO AbstractQNetsimEngine:428 Assigned 515520 nodes and 1085288 links to QSimEngineRunner #2
2026-05-19T23:25:26,130  INFO AbstractQNetsimEngine:428 Assigned 515520 nodes and 1084931 links to QSimEngineRunner #3
2026-05-19T23:25:26,130  INFO AbstractQNetsimEngine:428 Assigned 515520 nodes and 1084287 links to QSimEngineRunner #4
2026-05-19T23:25:26,130  INFO AbstractQNetsimEngine:428 Assigned 515520 nodes and 1085321 links to QSimEngineRunner #5
2026-05-19T23:25:26,130  INFO AbstractQNetsimEngine:428 Assigned 515520 nodes and 1085372 links to QSimEngineRunner #6
2026-05-19T23:25:26,130  INFO AbstractQNetsimEngine:428 Assigned 515520 nodes and 1085319 links to QSimEngineRunner #7
2026-05-19T23:25:26,187  INFO EventsManagerImpl:115  event # 1
2026-05-19T23:25:26,188  INFO EventsManagerImpl:115  event # 4
2026-05-19T23:25:26,188  INFO EventsManagerImpl:115  event # 16
2026-05-19T23:25:26,190  INFO EventsManagerImpl:115  event # 64
2026-05-19T23:25:26,192  INFO AbstractQNetsimEngine:366 SIMULATION (QNetsimEngine) AT 00:00:00 : #links=11 #nodes=11
2026-05-19T23:25:26,193  INFO EventsManagerImpl:115  event # 256
2026-05-19T23:25:26,194  INFO QSim:566 SIMULATION (NEW QSim) AT 00:00:00 : #Veh=217894 lost=0 simT=0.0s realT=12s; (s/r): 0.0
2026-05-19T23:25:26,203  INFO EventsManagerImpl:115  event # 1024
2026-05-19T23:25:26,214  INFO EventsManagerImpl:115  event # 4096
2026-05-19T23:25:26,242  INFO EventsManagerImpl:115  event # 16384
2026-05-19T23:25:26,337  INFO EventsManagerImpl:115  event # 65536
2026-05-19T23:25:26,578  INFO AbstractQNetsimEngine:366 SIMULATION (QNetsimEngine) AT 01:00:00 : #links=43 #nodes=66
2026-05-19T23:25:26,578  INFO QSim:566 SIMULATION (NEW QSim) AT 01:00:00 : #Veh=217500 lost=0 simT=3600.0s realT=12s; (s/r): 300.0
2026-05-19T23:25:26,583  INFO EventsManagerImpl:115  event # 262144
2026-05-19T23:25:26,747  INFO AbstractQNetsimEngine:366 SIMULATION (QNetsimEngine) AT 02:00:00 : #links=10 #nodes=14
2026-05-19T23:25:26,747  INFO QSim:566 SIMULATION (NEW QSim) AT 02:00:00 : #Veh=217303 lost=0 simT=7200.0s realT=12s; (s/r): 600.0
2026-05-19T23:25:26,930  INFO AbstractQNetsimEngine:366 SIMULATION (QNetsimEngine) AT 03:00:00 : #links=32 #nodes=42
2026-05-19T23:25:26,930  INFO QSim:566 SIMULATION (NEW QSim) AT 03:00:00 : #Veh=217131 lost=0 simT=10800.0s realT=13s; (s/r): 830.7692307692307
2026-05-19T23:25:27,286  INFO AbstractQNetsimEngine:366 SIMULATION (QNetsimEngine) AT 04:00:00 : #links=78 #nodes=114
2026-05-19T23:25:27,286  INFO QSim:566 SIMULATION (NEW QSim) AT 04:00:00 : #Veh=216825 lost=0 simT=14400.0s realT=13s; (s/r): 1107.6923076923076
2026-05-19T23:25:27,399  INFO MemoryObserver:42 used RAM: 49519 MB  free: 12080 MB  total: 61600 MB
2026-05-19T23:25:27,554  INFO EventsManagerImpl:115  event # 1048576
2026-05-19T23:25:28,179  INFO AbstractQNetsimEngine:366 SIMULATION (QNetsimEngine) AT 05:00:00 : #links=306 #nodes=380
2026-05-19T23:25:28,180  INFO QSim:566 SIMULATION (NEW QSim) AT 05:00:00 : #Veh=216200 lost=0 simT=18000.0s realT=14s; (s/r): 1285.7142857142858
2026-05-19T23:25:31,493  INFO EventsManagerImpl:115  event # 4194304
2026-05-19T23:25:33,480  INFO AbstractQNetsimEngine:366 SIMULATION (QNetsimEngine) AT 06:00:00 : #links=876 #nodes=1095
2026-05-19T23:25:33,480  INFO QSim:566 SIMULATION (NEW QSim) AT 06:00:00 : #Veh=213473 lost=0 simT=21600.0s realT=19s; (s/r): 1136.842105263158
2026-05-19T23:25:44,031  INFO AbstractQNetsimEngine:366 SIMULATION (QNetsimEngine) AT 07:00:00 : #links=1657 #nodes=2059
2026-05-19T23:25:44,031  INFO QSim:566 SIMULATION (NEW QSim) AT 07:00:00 : #Veh=206966 lost=0 simT=25200.0s realT=30s; (s/r): 840.0
2026-05-19T23:25:52,593  INFO EventsManagerImpl:115  event # 16777216
2026-05-19T23:26:01,083  INFO AbstractQNetsimEngine:366 SIMULATION (QNetsimEngine) AT 08:00:00 : #links=1942 #nodes=2543
2026-05-19T23:26:01,083  INFO QSim:566 SIMULATION (NEW QSim) AT 08:00:00 : #Veh=192120 lost=0 simT=28800.0s realT=47s; (s/r): 612.7659574468086
2026-05-19T23:26:17,653  INFO AbstractQNetsimEngine:366 SIMULATION (QNetsimEngine) AT 09:00:00 : #links=1497 #nodes=1867
2026-05-19T23:26:17,653  INFO QSim:566 SIMULATION (NEW QSim) AT 09:00:00 : #Veh=175831 lost=0 simT=32400.0s realT=63s; (s/r): 514.2857142857143
2026-05-19T23:26:27,399  INFO MemoryObserver:42 used RAM: 48886 MB  free: 29897 MB  total: 78784 MB
2026-05-19T23:26:30,110  INFO AbstractQNetsimEngine:366 SIMULATION (QNetsimEngine) AT 10:00:00 : #links=1157 #nodes=1554
2026-05-19T23:26:30,110  INFO QSim:566 SIMULATION (NEW QSim) AT 10:00:00 : #Veh=161219 lost=0 simT=36000.0s realT=76s; (s/r): 473.6842105263158
2026-05-19T23:26:40,217  INFO AbstractQNetsimEngine:366 SIMULATION (QNetsimEngine) AT 11:00:00 : #links=1026 #nodes=1253
2026-05-19T23:26:40,217  INFO QSim:566 SIMULATION (NEW QSim) AT 11:00:00 : #Veh=148829 lost=0 simT=39600.0s realT=86s; (s/r): 460.4651162790698
2026-05-19T23:26:51,624  INFO AbstractQNetsimEngine:366 SIMULATION (QNetsimEngine) AT 12:00:00 : #links=1072 #nodes=1368
2026-05-19T23:26:51,624  INFO QSim:566 SIMULATION (NEW QSim) AT 12:00:00 : #Veh=134865 lost=0 simT=43200.0s realT=97s; (s/r): 445.36082474226805
2026-05-19T23:27:01,750  INFO AbstractQNetsimEngine:366 SIMULATION (QNetsimEngine) AT 13:00:00 : #links=996 #nodes=1246
2026-05-19T23:27:01,750  INFO QSim:566 SIMULATION (NEW QSim) AT 13:00:00 : #Veh=120601 lost=0 simT=46800.0s realT=107s; (s/r): 437.38317757009344
2026-05-19T23:27:11,149  INFO EventsManagerImpl:115  event # 67108864
2026-05-19T23:27:11,698  INFO AbstractQNetsimEngine:366 SIMULATION (QNetsimEngine) AT 14:00:00 : #links=1041 #nodes=1289
2026-05-19T23:27:11,698  INFO QSim:566 SIMULATION (NEW QSim) AT 14:00:00 : #Veh=107117 lost=0 simT=50400.0s realT=117s; (s/r): 430.7692307692308
2026-05-19T23:27:22,558  INFO AbstractQNetsimEngine:366 SIMULATION (QNetsimEngine) AT 15:00:00 : #links=1372 #nodes=1687
2026-05-19T23:27:22,558  INFO QSim:566 SIMULATION (NEW QSim) AT 15:00:00 : #Veh=93585 lost=0 simT=54000.0s realT=128s; (s/r): 421.875
2026-05-19T23:27:27,400  INFO MemoryObserver:42 used RAM: 48649 MB  free: 30134 MB  total: 78784 MB
2026-05-19T23:27:37,104  INFO AbstractQNetsimEngine:366 SIMULATION (QNetsimEngine) AT 16:00:00 : #links=1778 #nodes=2184
2026-05-19T23:27:37,104  INFO QSim:566 SIMULATION (NEW QSim) AT 16:00:00 : #Veh=77850 lost=0 simT=57600.0s realT=143s; (s/r): 402.7972027972028
2026-05-19T23:27:55,941  INFO AbstractQNetsimEngine:366 SIMULATION (QNetsimEngine) AT 17:00:00 : #links=1966 #nodes=2446
2026-05-19T23:27:55,941  INFO QSim:566 SIMULATION (NEW QSim) AT 17:00:00 : #Veh=59482 lost=0 simT=61200.0s realT=162s; (s/r): 377.77777777777777
2026-05-19T23:28:15,723  INFO AbstractQNetsimEngine:366 SIMULATION (QNetsimEngine) AT 18:00:00 : #links=1638 #nodes=2103
2026-05-19T23:28:15,723  INFO QSim:566 SIMULATION (NEW QSim) AT 18:00:00 : #Veh=39619 lost=0 simT=64800.0s realT=181s; (s/r): 358.0110497237569
2026-05-19T23:28:27,400  INFO MemoryObserver:42 used RAM: 62031 MB  free: 17392 MB  total: 79424 MB
2026-05-19T23:28:28,395  INFO AbstractQNetsimEngine:366 SIMULATION (QNetsimEngine) AT 19:00:00 : #links=1101 #nodes=1355
2026-05-19T23:28:28,395  INFO QSim:566 SIMULATION (NEW QSim) AT 19:00:00 : #Veh=24191 lost=0 simT=68400.0s realT=194s; (s/r): 352.5773195876289
2026-05-19T23:28:35,535  INFO AbstractQNetsimEngine:366 SIMULATION (QNetsimEngine) AT 20:00:00 : #links=702 #nodes=934
2026-05-19T23:28:35,535  INFO QSim:566 SIMULATION (NEW QSim) AT 20:00:00 : #Veh=14710 lost=0 simT=72000.0s realT=201s; (s/r): 358.2089552238806
2026-05-19T23:28:40,842  INFO AbstractQNetsimEngine:366 SIMULATION (QNetsimEngine) AT 21:00:00 : #links=529 #nodes=669
2026-05-19T23:28:40,842  INFO QSim:566 SIMULATION (NEW QSim) AT 21:00:00 : #Veh=7516 lost=0 simT=75600.0s realT=206s; (s/r): 366.99029126213594
2026-05-19T23:28:44,312  INFO AbstractQNetsimEngine:366 SIMULATION (QNetsimEngine) AT 22:00:00 : #links=326 #nodes=440
2026-05-19T23:28:44,312  INFO QSim:566 SIMULATION (NEW QSim) AT 22:00:00 : #Veh=3459 lost=0 simT=79200.0s realT=210s; (s/r): 377.14285714285717
2026-05-19T23:28:46,154  INFO AbstractQNetsimEngine:366 SIMULATION (QNetsimEngine) AT 23:00:00 : #links=209 #nodes=224
2026-05-19T23:28:46,154  INFO QSim:566 SIMULATION (NEW QSim) AT 23:00:00 : #Veh=1291 lost=0 simT=82800.0s realT=212s; (s/r): 390.5660377358491
2026-05-19T23:28:47,076  INFO AbstractQNetsimEngine:366 SIMULATION (QNetsimEngine) AT 24:00:00 : #links=45 #nodes=48
2026-05-19T23:28:47,077  INFO QSim:566 SIMULATION (NEW QSim) AT 24:00:00 : #Veh=90 lost=0 simT=86400.0s realT=213s; (s/r): 405.63380281690144
2026-05-19T23:28:47,163  INFO AbstractQNetsimEngine:366 SIMULATION (QNetsimEngine) AT 25:00:00 : #links=2 #nodes=3
2026-05-19T23:28:47,163  INFO QSim:566 SIMULATION (NEW QSim) AT 25:00:00 : #Veh=4 lost=0 simT=90000.0s realT=213s; (s/r): 422.53521126760563
2026-05-19T23:28:49,137  INFO AbstractController$9:235 ### ITERATION 0 fires after mobsim event
2026-05-19T23:28:49,137  INFO ControlerListenerManagerImpl:249 calling notifyAfterMobsim on org.matsim.analysis.LegTimesControlerListener
2026-05-19T23:28:49,138  INFO Gbl:192 Thread performance: Thread=class org.matsim.core.events.SimStepParallelEventsManagerImpl$ProcessEventsRunnable0  cpu-time=194.506190734sec
2026-05-19T23:28:49,140  INFO LegTimesControlerListener:51 [0] average trip (probably: leg) duration is: 840 seconds = 00:14:00
2026-05-19T23:28:49,140  INFO ControlerListenerManagerImpl:249 calling notifyAfterMobsim on org.matsim.core.events.MobsimScopeEventHandling
2026-05-19T23:28:49,140  INFO ControlerListenerManagerImpl:249 calling notifyAfterMobsim on org.matsim.core.scoring.EventsToActivities$1
2026-05-19T23:28:49,140  WARN CharyparNagelActivityScoring:247 The first and the last activity do not have the same type. 
2026-05-19T23:28:49,140  WARN CharyparNagelActivityScoring:248 Will score the first activity from midnight to its end, and the last activity from its start to midnight.
2026-05-19T23:28:49,140  WARN CharyparNagelActivityScoring:249 Because of the nonlinear function, this is not the same as scoring from start to end.
2026-05-19T23:28:49,142  WARN CharyparNagelActivityScoring:250 first activity: act [type=act_1][coord=[x=-76.581429 | y=38.939425]][linkId=osm_733589816_9_fwd][startTime=undefined][endTime=09:15:00][duration=undefined][facilityId=null]
2026-05-19T23:28:49,142  WARN CharyparNagelActivityScoring:251 last activity: act [type=act_2][coord=[x=-76.530334 | y=38.96121]][linkId=osm_11517064_5_fwd][startTime=09:30:27][endTime=undefined][duration=undefined][facilityId=null]
2026-05-19T23:28:49,142  WARN CharyparNagelActivityScoring:252 This may also happen when plans are not completed when the simulation ends.
2026-05-19T23:28:49,142  WARN CharyparNagelActivityScoring:254 Additional warnings of this type are suppressed.
2026-05-19T23:28:49,142  WARN CharyparNagelActivityScoring:229 There are opening or closing times defined for the first and last activity. The correctness of the scoring function can thus not be guaranteed.
2026-05-19T23:28:49,142  WARN CharyparNagelActivityScoring:230 first activity: act [type=act_5][coord=[x=-76.554484 | y=38.967819]][linkId=osm_11511647_15_fwd][startTime=undefined][endTime=12:20:00][duration=undefined][facilityId=null]
2026-05-19T23:28:49,142  WARN CharyparNagelActivityScoring:231 last activity: act [type=act_5][coord=[x=-76.530334 | y=38.96121]][linkId=osm_11517064_5_fwd][startTime=12:28:45][endTime=undefined][duration=undefined][facilityId=null]
2026-05-19T23:28:49,142  WARN CharyparNagelActivityScoring:229 There are opening or closing times defined for the first and last activity. The correctness of the scoring function can thus not be guaranteed.
2026-05-19T23:28:49,142  WARN CharyparNagelActivityScoring:230 first activity: act [type=act_5][coord=[x=-76.554484 | y=38.967819]][linkId=osm_11511647_15_fwd][startTime=undefined][endTime=12:20:00][duration=undefined][facilityId=null]
2026-05-19T23:28:49,142  WARN CharyparNagelActivityScoring:231 last activity: act [type=act_5][coord=[x=-76.530334 | y=38.96121]][linkId=osm_11517064_5_fwd][startTime=12:28:37][endTime=undefined][duration=undefined][facilityId=null]
2026-05-19T23:28:49,142  WARN CharyparNagelActivityScoring:229 There are opening or closing times defined for the first and last activity. The correctness of the scoring function can thus not be guaranteed.
2026-05-19T23:28:49,142  WARN CharyparNagelActivityScoring:230 first activity: act [type=act_5][coord=[x=-76.554484 | y=38.967819]][linkId=osm_11511647_15_fwd][startTime=undefined][endTime=12:20:00][duration=undefined][facilityId=null]
2026-05-19T23:28:49,142  WARN CharyparNagelActivityScoring:231 last activity: act [type=act_5][coord=[x=-76.530334 | y=38.96121]][linkId=osm_11517064_5_fwd][startTime=12:28:30][endTime=undefined][duration=undefined][facilityId=null]
2026-05-19T23:28:49,142  WARN CharyparNagelActivityScoring:229 There are opening or closing times defined for the first and last activity. The correctness of the scoring function can thus not be guaranteed.
2026-05-19T23:28:49,142  WARN CharyparNagelActivityScoring:230 first activity: act [type=act_5][coord=[x=-76.554484 | y=38.967819]][linkId=osm_11511647_15_fwd][startTime=undefined][endTime=12:20:00][duration=undefined][facilityId=null]
2026-05-19T23:28:49,142  WARN CharyparNagelActivityScoring:231 last activity: act [type=act_5][coord=[x=-76.530334 | y=38.96121]][linkId=osm_11517064_5_fwd][startTime=12:28:23][endTime=undefined][duration=undefined][facilityId=null]
2026-05-19T23:28:49,142  WARN CharyparNagelActivityScoring:229 There are opening or closing times defined for the first and last activity. The correctness of the scoring function can thus not be guaranteed.
2026-05-19T23:28:49,142  WARN CharyparNagelActivityScoring:230 first activity: act [type=act_5][coord=[x=-76.554484 | y=38.967819]][linkId=osm_11511647_15_fwd][startTime=undefined][endTime=12:20:00][duration=undefined][facilityId=null]
2026-05-19T23:28:49,142  WARN CharyparNagelActivityScoring:231 last activity: act [type=act_5][coord=[x=-76.530334 | y=38.96121]][linkId=osm_11517064_5_fwd][startTime=12:28:16][endTime=undefined][duration=undefined][facilityId=null]
2026-05-19T23:28:49,142  WARN CharyparNagelActivityScoring:229 There are opening or closing times defined for the first and last activity. The correctness of the scoring function can thus not be guaranteed.
2026-05-19T23:28:49,142  WARN CharyparNagelActivityScoring:230 first activity: act [type=act_5][coord=[x=-76.554484 | y=38.967819]][linkId=osm_11511647_15_fwd][startTime=undefined][endTime=12:20:00][duration=undefined][facilityId=null]
2026-05-19T23:28:49,142  WARN CharyparNagelActivityScoring:231 last activity: act [type=act_5][coord=[x=-76.530334 | y=38.96121]][linkId=osm_11517064_5_fwd][startTime=12:28:09][endTime=undefined][duration=undefined][facilityId=null]
2026-05-19T23:28:49,142  WARN CharyparNagelActivityScoring:229 There are opening or closing times defined for the first and last activity. The correctness of the scoring function can thus not be guaranteed.
2026-05-19T23:28:49,142  WARN CharyparNagelActivityScoring:230 first activity: act [type=act_13][coord=[x=-76.644672 | y=38.88218]][linkId=osm_311049316_1_fwd][startTime=undefined][endTime=09:45:00][duration=undefined][facilityId=null]
2026-05-19T23:28:49,142  WARN CharyparNagelActivityScoring:231 last activity: act [type=act_13][coord=[x=-76.55349 | y=38.934091]][linkId=osm_11513014_3_fwd][startTime=10:00:33][endTime=undefined][duration=undefined][facilityId=null]
2026-05-19T23:28:49,142  WARN CharyparNagelActivityScoring:229 There are opening or closing times defined for the first and last activity. The correctness of the scoring function can thus not be guaranteed.
2026-05-19T23:28:49,142  WARN CharyparNagelActivityScoring:230 first activity: act [type=act_13][coord=[x=-76.644672 | y=38.88218]][linkId=osm_311049316_1_fwd][startTime=undefined][endTime=09:45:00][duration=undefined][facilityId=null]
2026-05-19T23:28:49,142  WARN CharyparNagelActivityScoring:231 last activity: act [type=act_13][coord=[x=-76.55349 | y=38.934091]][linkId=osm_11513014_3_fwd][startTime=10:00:28][endTime=undefined][duration=undefined][facilityId=null]
2026-05-19T23:28:49,142  WARN CharyparNagelActivityScoring:229 There are opening or closing times defined for the first and last activity. The correctness of the scoring function can thus not be guaranteed.
2026-05-19T23:28:49,142  WARN CharyparNagelActivityScoring:230 first activity: act [type=act_13][coord=[x=-76.644672 | y=38.88218]][linkId=osm_311049316_1_fwd][startTime=undefined][endTime=09:45:00][duration=undefined][facilityId=null]
2026-05-19T23:28:49,142  WARN CharyparNagelActivityScoring:231 last activity: act [type=act_13][coord=[x=-76.55349 | y=38.934091]][linkId=osm_11513014_3_fwd][startTime=10:00:23][endTime=undefined][duration=undefined][facilityId=null]
2026-05-19T23:28:49,142  WARN CharyparNagelActivityScoring:229 There are opening or closing times defined for the first and last activity. The correctness of the scoring function can thus not be guaranteed.
2026-05-19T23:28:49,142  WARN CharyparNagelActivityScoring:230 first activity: act [type=act_13][coord=[x=-76.644672 | y=38.88218]][linkId=osm_311049316_1_fwd][startTime=undefined][endTime=09:45:00][duration=undefined][facilityId=null]
2026-05-19T23:28:49,142  WARN CharyparNagelActivityScoring:231 last activity: act [type=act_13][coord=[x=-76.55349 | y=38.934091]][linkId=osm_11513014_3_fwd][startTime=10:00:18][endTime=undefined][duration=undefined][facilityId=null]
2026-05-19T23:28:49,142  WARN CharyparNagelActivityScoring:229 There are opening or closing times defined for the first and last activity. The correctness of the scoring function can thus not be guaranteed.
2026-05-19T23:28:49,142  WARN CharyparNagelActivityScoring:230 first activity: act [type=act_10][coord=[x=-76.525304 | y=38.812626]][linkId=osm_11508513_5_fwd][startTime=undefined][endTime=10:33:00][duration=undefined][facilityId=null]
2026-05-19T23:28:49,142  WARN CharyparNagelActivityScoring:231 last activity: act [type=act_10][coord=[x=-76.525304 | y=38.812626]][linkId=osm_11508513_5_fwd][startTime=10:33:00][endTime=undefined][duration=undefined][facilityId=null]
2026-05-19T23:28:49,142  WARN CharyparNagelActivityScoring:233 Additional warnings of this type are suppressed.
2026-05-19T23:28:49,238  INFO ControlerListenerManagerImpl:252 [it.0] all ControlerAfterMobsimListeners called.
2026-05-19T23:28:49,239  INFO AbstractController$4:160 ### ITERATION 0 fires scoring event
2026-05-19T23:28:49,239  INFO ControlerListenerManagerImpl:184 calling notifyScoring on org.matsim.core.scoring.PlansScoringImpl
2026-05-19T23:28:49,326  INFO NewScoreAssignerImpl:58 it: 0 msaStart: null
2026-05-19T23:28:49,391  INFO ControlerListenerManagerImpl:195 [it.0] all ControlerScoringListeners called.
2026-05-19T23:28:49,391  INFO AbstractController$5:168 ### ITERATION 0 fires iteration end event
2026-05-19T23:28:49,391  INFO ControlerListenerManagerImpl:161 calling notifyIterationEnds on org.matsim.core.controler.corelisteners.EventsHandlingImpl
2026-05-19T23:28:49,391  INFO EventsManagerImpl:159 removing Event-Handler: org.matsim.core.events.algorithms.EventWriterXML
2026-05-19T23:28:49,391  INFO EventsManagerImpl:159 removing Event-Handler: org.matsim.core.events.algorithms.EventWriterXML
2026-05-19T23:28:49,391  INFO ControlerListenerManagerImpl:161 calling notifyIterationEnds on org.matsim.core.scoring.PlansScoringImpl
2026-05-19T23:28:49,443  INFO ControlerListenerManagerImpl:168 calling notifyIterationEnds on org.matsim.counts.CountsControlerListener
2026-05-19T23:28:49,444  INFO ControlerListenerManagerImpl:168 calling notifyIterationEnds on org.matsim.analysis.ModeStatsControlerListener
2026-05-19T23:28:49,524  INFO ModeStatsControlerListener:145 Mode shares over all 217899.0 trips found. MainModeIdentifier: class org.matsim.core.router.RoutingModeMainModeIdentifier
2026-05-19T23:28:49,524  INFO ModeStatsControlerListener:152 -- mode share of mode car = 1.0
2026-05-19T23:28:49,525  INFO ControlerListenerManagerImpl:168 calling notifyIterationEnds on org.matsim.analysis.ScoreStatsControlerListener
2026-05-19T23:28:49,555  INFO ScoreStatsControlerListener:182 -- avg. score of the executed plan of each agent: 125.41006544339871
2026-05-19T23:28:49,555  INFO ScoreStatsControlerListener:183 -- avg. score of the worst plan of each agent: 125.41006544339871
2026-05-19T23:28:49,555  INFO ScoreStatsControlerListener:184 -- avg. of the avg. plan score per agent: 125.41006544339871
2026-05-19T23:28:49,555  INFO ScoreStatsControlerListener:185 -- avg. score of the best plan of each agent: 125.41006544339871
2026-05-19T23:28:49,556  INFO ControlerListenerManagerImpl:168 calling notifyIterationEnds on org.matsim.analysis.IterationTravelStatsControlerListener
2026-05-19T23:28:49,613  INFO TravelDistanceStats:144 -- average leg distance per plan (executed plans only): 12687.352766382588 meters
2026-05-19T23:28:49,613  INFO TravelDistanceStats:145 average leg distance per Person (executed plans only): 12687.352766382588 meters (statistic on all 217899 legs which have a finite distance)
2026-05-19T23:28:49,613  INFO TravelDistanceStats:146 -- average trip distance per plan (executed plans only): 12687.352766382588 meters
2026-05-19T23:28:49,614  INFO TravelDistanceStats:147 average trip distance per Person (executed plans only): 12687.352766382588 meters (statistic on all 217899 trips which have a finite distance)
2026-05-19T23:28:49,614  INFO TravelDistanceStats:148 (TravelDistanceStats takes an average over all legs where the simulation reports travelled (network) distances
2026-05-19T23:28:49,614  INFO TravelDistanceStats:149 (and teleported legs whose route contains a distance.)
2026-05-19T23:28:50,911  INFO ControlerListenerManagerImpl:168 calling notifyIterationEnds on org.matsim.analysis.LegHistogramListener
2026-05-19T23:28:50,914  INFO LegHistogramListener:73 number of legs:	217899	100%
2026-05-19T23:28:50,915  INFO LegHistogramListener:80 number of car legs:	217899	100.0%
2026-05-19T23:28:50,915  INFO ControlerListenerManagerImpl:168 calling notifyIterationEnds on org.matsim.analysis.LinkStatsControlerListener
2026-05-19T23:28:50,915  INFO ControlerListenerManagerImpl:172 [it.0] all ControlerIterationEndsListeners called.
2026-05-19T23:28:50,915  INFO AbstractController:182 ### ITERATION 0 ENDS
2026-05-19T23:28:50,915  INFO AbstractController:183 ###################################################
2026-05-19T23:28:50,915  INFO MatsimRuntimeModifications:80 S H U T D O W N   ---   start shutdown.
2026-05-19T23:28:50,915  INFO ControlerListenerManagerImpl:122 calling notifyShutdown on org.matsim.core.controler.corelisteners.EventsHandlingImpl
2026-05-19T23:28:50,915  INFO ControlerListenerManagerImpl:122 calling notifyShutdown on org.matsim.core.controler.corelisteners.DumpDataAtEndImpl
2026-05-19T23:28:50,961  INFO Counter:70 [PopulationWriter] dumped person # 1
2026-05-19T23:28:50,962  INFO Counter:70 [PopulationWriter] dumped person # 2
2026-05-19T23:28:50,962  INFO Counter:70 [PopulationWriter] dumped person # 4
2026-05-19T23:28:50,962  INFO Counter:70 [PopulationWriter] dumped person # 8
2026-05-19T23:28:50,962  INFO Counter:70 [PopulationWriter] dumped person # 16
2026-05-19T23:28:50,963  INFO Counter:70 [PopulationWriter] dumped person # 32
2026-05-19T23:28:50,964  INFO Counter:70 [PopulationWriter] dumped person # 64
2026-05-19T23:28:50,967  INFO Counter:70 [PopulationWriter] dumped person # 128
2026-05-19T23:28:50,971  INFO Counter:70 [PopulationWriter] dumped person # 256
2026-05-19T23:28:50,982  INFO Counter:70 [PopulationWriter] dumped person # 512
2026-05-19T23:28:50,998  INFO Counter:70 [PopulationWriter] dumped person # 1024
2026-05-19T23:28:51,047  INFO Counter:70 [PopulationWriter] dumped person # 2048
2026-05-19T23:28:51,120  INFO Counter:70 [PopulationWriter] dumped person # 4096
2026-05-19T23:28:51,262  INFO Counter:70 [PopulationWriter] dumped person # 8192
2026-05-19T23:28:51,572  INFO Counter:70 [PopulationWriter] dumped person # 16384
2026-05-19T23:28:52,647  INFO Counter:70 [PopulationWriter] dumped person # 32768
2026-05-19T23:28:53,732  INFO Counter:70 [PopulationWriter] dumped person # 65536
2026-05-19T23:28:55,777  INFO Counter:70 [PopulationWriter] dumped person # 131072
2026-05-19T23:28:58,814  INFO PopulationWriter:145 Population written to: /home/raziq/Documents/Code/umd/tripsynth/06x_stage1_md_internal/matsim_real/output_plans.xml.gz
2026-05-19T23:28:58,814  INFO Counter:75 [PopulationWriter] dumped person # 217899
2026-05-19T23:28:58,815  INFO NetworkWriter:70 Writing network to file: /home/raziq/Documents/Code/umd/tripsynth/06x_stage1_md_internal/matsim_real/output_network.xml.gz...
2026-05-19T23:29:14,370  INFO NetworkWriter:73 done.
2026-05-19T23:29:14,371  INFO Config:602 setting context to [file:/home/raziq/Documents/Code/umd/tripsynth/]
2026-05-19T23:29:14,372  INFO Config:602 setting context to [file:/home/raziq/Documents/Code/umd/tripsynth/]
2026-05-19T23:29:14,373  INFO Config:602 setting context to [file:/home/raziq/Documents/Code/umd/tripsynth/]
2026-05-19T23:29:14,373  INFO Config:602 setting context to [file:/home/raziq/Documents/Code/umd/tripsynth/]
2026-05-19T23:29:14,374  INFO Config:602 setting context to [file:/home/raziq/Documents/Code/umd/tripsynth/]
2026-05-19T23:29:14,375  INFO Config:602 setting context to [file:/home/raziq/Documents/Code/umd/tripsynth/]
2026-05-19T23:29:14,375  INFO Config:602 setting context to [file:/home/raziq/Documents/Code/umd/tripsynth/]
2026-05-19T23:29:14,376  INFO Config:602 setting context to [file:/home/raziq/Documents/Code/umd/tripsynth/]
2026-05-19T23:29:14,376  INFO Config:602 setting context to [file:/home/raziq/Documents/Code/umd/tripsynth/]
2026-05-19T23:29:14,376  INFO Config:602 setting context to [file:/home/raziq/Documents/Code/umd/tripsynth/]
2026-05-19T23:29:14,377  INFO Config:602 setting context to [file:/home/raziq/Documents/Code/umd/tripsynth/]
2026-05-19T23:29:14,377  INFO Config:602 setting context to [file:/home/raziq/Documents/Code/umd/tripsynth/]
2026-05-19T23:29:14,377  INFO Config:602 setting context to [file:/home/raziq/Documents/Code/umd/tripsynth/]
2026-05-19T23:29:14,378  INFO Config:602 setting context to [file:/home/raziq/Documents/Code/umd/tripsynth/]
2026-05-19T23:29:14,380  INFO Config:602 setting context to [file:/home/raziq/Documents/Code/umd/tripsynth/]
2026-05-19T23:29:14,380  INFO Config:602 setting context to [file:/home/raziq/Documents/Code/umd/tripsynth/]
2026-05-19T23:29:14,381  INFO Config:602 setting context to [file:/home/raziq/Documents/Code/umd/tripsynth/]
2026-05-19T23:29:14,381  INFO Config:602 setting context to [file:/home/raziq/Documents/Code/umd/tripsynth/]
2026-05-19T23:29:14,383  INFO Config:602 setting context to [file:/home/raziq/Documents/Code/umd/tripsynth/]
2026-05-19T23:29:14,383  INFO Config:602 setting context to [file:/home/raziq/Documents/Code/umd/tripsynth/]
2026-05-19T23:29:14,383  INFO Config:602 setting context to [file:/home/raziq/Documents/Code/umd/tripsynth/]
2026-05-19T23:29:14,383  INFO Config:602 setting context to [file:/home/raziq/Documents/Code/umd/tripsynth/]
2026-05-19T23:29:14,384  INFO Config:602 setting context to [file:/home/raziq/Documents/Code/umd/tripsynth/]
2026-05-19T23:29:14,384  INFO Config:602 setting context to [file:/home/raziq/Documents/Code/umd/tripsynth/]
2026-05-19T23:29:14,384  INFO Config:602 setting context to [file:/home/raziq/Documents/Code/umd/tripsynth/]
2026-05-19T23:29:14,385  INFO Config:602 setting context to [file:/home/raziq/Documents/Code/umd/tripsynth/]
2026-05-19T23:29:14,386  INFO MatsimVehicleWriter:55 about to write vehicles to: /home/raziq/Documents/Code/umd/tripsynth/06x_stage1_md_internal/matsim_real/output_vehicles.xml.gz
2026-05-19T23:29:14,386  INFO VehicleWriterV2:64 about to write vehicles to: /home/raziq/Documents/Code/umd/tripsynth/06x_stage1_md_internal/matsim_real/output_vehicles.xml.gz
2026-05-19T23:29:14,486  INFO MatsimVehicleWriter:55 about to write vehicles to: /home/raziq/Documents/Code/umd/tripsynth/06x_stage1_md_internal/matsim_real/output_allVehicles.xml.gz
2026-05-19T23:29:14,486  INFO VehicleWriterV2:64 about to write vehicles to: /home/raziq/Documents/Code/umd/tripsynth/06x_stage1_md_internal/matsim_real/output_allVehicles.xml.gz
2026-05-19T23:29:14,579  INFO HouseholdsWriterV10:67 about to write  households to: /home/raziq/Documents/Code/umd/tripsynth/06x_stage1_md_internal/matsim_real/output_households.xml.gz
2026-05-19T23:29:14,579  INFO Counter:75 [HouseholdsWriter] wrote household # 0
2026-05-19T23:29:14,777  INFO ControlerListenerManagerImpl:127 calling notifyShutdown on org.matsim.analysis.ScoreStatsControlerListener
2026-05-19T23:29:14,777  INFO ControlerListenerManagerImpl:127 calling notifyShutdown on org.matsim.analysis.IterationTravelStatsControlerListener
2026-05-19T23:29:14,777  INFO IterationTravelStatsControlerListener:109 Writing all Person and Attributes to personscsv
2026-05-19T23:29:15,153  INFO IterationTravelStatsControlerListener:153 ...done
2026-05-19T23:29:15,153  INFO ControlerListenerManagerImpl:130 all ControlerShutdownListeners called.
2026-05-19T23:29:15,154  INFO MatsimRuntimeModifications:103 S H U T D O W N   ---   shutdown completed.
2026-05-19T23:29:15,154  INFO OutputDirectoryLogging:171 closing the logfile, i.e. messages sent to the logger after this message are not written to the logfile.
2026-05-19T23:29:15,154  INFO OutputDirectoryLogging:171 closing the logfile, i.e. messages sent to the logger after this message are not written to the logfile.
[[1;33mWARNING[m] thread Thread[Log4j2-TF-1-Scheduled-1,5,tripsynth.RunMatsim] was interrupted but is still alive after waiting at least 15000msecs
[[1;33mWARNING[m] thread Thread[Log4j2-TF-1-Scheduled-1,5,tripsynth.RunMatsim] will linger despite being asked to die via interruption
[[1;33mWARNING[m] thread Thread[ForkJoinPool.commonPool-worker-4,5,tripsynth.RunMatsim] will linger despite being asked to die via interruption
[[1;33mWARNING[m] thread Thread[ForkJoinPool.commonPool-worker-5,5,tripsynth.RunMatsim] will linger despite being asked to die via interruption
[[1;33mWARNING[m] thread Thread[ForkJoinPool.commonPool-worker-6,5,tripsynth.RunMatsim] will linger despite being asked to die via interruption
[[1;33mWARNING[m] thread Thread[ForkJoinPool.commonPool-worker-7,5,tripsynth.RunMatsim] will linger despite being asked to die via interruption
[[1;33mWARNING[m] thread Thread[ForkJoinPool.commonPool-worker-8,5,tripsynth.RunMatsim] will linger despite being asked to die via interruption
[[1;33mWARNING[m] thread Thread[ForkJoinPool.commonPool-worker-9,5,tripsynth.RunMatsim] will linger despite being asked to die via interruption
[[1;33mWARNING[m] thread Thread[ForkJoinPool.commonPool-worker-10,5,tripsynth.RunMatsim] will linger despite being asked to die via interruption
[[1;33mWARNING[m] thread Thread[ForkJoinPool.commonPool-worker-11,5,tripsynth.RunMatsim] will linger despite being asked to die via interruption
[[1;33mWARNING[m] thread Thread[ForkJoinPool.commonPool-worker-12,5,tripsynth.RunMatsim] will linger despite being asked to die via interruption
[[1;33mWARNING[m] thread Thread[ForkJoinPool.commonPool-worker-13,5,tripsynth.RunMatsim] will linger despite being asked to die via interruption
[[1;33mWARNING[m] thread Thread[ForkJoinPool.commonPool-worker-14,5,tripsynth.RunMatsim] will linger despite being asked to die via interruption
[[1;33mWARNING[m] thread Thread[ForkJoinPool.commonPool-worker-15,5,tripsynth.RunMatsim] will linger despite being asked to die via interruption
[[1;33mWARNING[m] thread Thread[ForkJoinPool.commonPool-worker-16,5,tripsynth.RunMatsim] will linger despite being asked to die via interruption
[[1;33mWARNING[m] thread Thread[ForkJoinPool.commonPool-worker-17,5,tripsynth.RunMatsim] will linger despite being asked to die via interruption
[[1;33mWARNING[m] thread Thread[ForkJoinPool.commonPool-worker-18,5,tripsynth.RunMatsim] will linger despite being asked to die via interruption
[[1;33mWARNING[m] thread Thread[ForkJoinPool.commonPool-worker-19,5,tripsynth.RunMatsim] will linger despite being asked to die via interruption
[[1;33mWARNING[m] thread Thread[ForkJoinPool.commonPool-worker-20,5,tripsynth.RunMatsim] will linger despite being asked to die via interruption
[[1;33mWARNING[m] thread Thread[ForkJoinPool.commonPool-worker-21,5,tripsynth.RunMatsim] will linger despite being asked to die via interruption
[[1;33mWARNING[m] thread Thread[ForkJoinPool.commonPool-worker-22,5,tripsynth.RunMatsim] will linger despite being asked to die via interruption
[[1;33mWARNING[m] thread Thread[ForkJoinPool.commonPool-worker-23,5,tripsynth.RunMatsim] will linger despite being asked to die via interruption
[[1;33mWARNING[m] thread Thread[ForkJoinPool.commonPool-worker-24,5,tripsynth.RunMatsim] will linger despite being asked to die via interruption
[[1;33mWARNING[m] thread Thread[ForkJoinPool.commonPool-worker-25,5,tripsynth.RunMatsim] will linger despite being asked to die via interruption
[[1;33mWARNING[m] thread Thread[ForkJoinPool.commonPool-worker-26,5,tripsynth.RunMatsim] will linger despite being asked to die via interruption
[[1;33mWARNING[m] thread Thread[ForkJoinPool.commonPool-worker-27,5,tripsynth.RunMatsim] will linger despite being asked to die via interruption
[[1;33mWARNING[m] thread Thread[ForkJoinPool.commonPool-worker-28,5,tripsynth.RunMatsim] will linger despite being asked to die via interruption
[[1;33mWARNING[m] thread Thread[ForkJoinPool.commonPool-worker-29,5,tripsynth.RunMatsim] will linger despite being asked to die via interruption
[[1;33mWARNING[m] thread Thread[ForkJoinPool.commonPool-worker-30,5,tripsynth.RunMatsim] will linger despite being asked to die via interruption
[[1;33mWARNING[m] thread Thread[ForkJoinPool.commonPool-worker-31,5,tripsynth.RunMatsim] will linger despite being asked to die via interruption
[[1;33mWARNING[m] thread Thread[ForkJoinPool.commonPool-worker-32,5,tripsynth.RunMatsim] will linger despite being asked to die via interruption
[[1;33mWARNING[m] thread Thread[ForkJoinPool.commonPool-worker-33,5,tripsynth.RunMatsim] will linger despite being asked to die via interruption
[[1;33mWARNING[m] thread Thread[ForkJoinPool.commonPool-worker-34,5,tripsynth.RunMatsim] will linger despite being asked to die via interruption
[[1;33mWARNING[m] NOTE: 32 thread(s) did not finish despite being asked to via interruption. This is not a problem with exec:java, it is a problem with the running code. Although not serious, it should be remedied.
[[1;33mWARNING[m] Couldn't destroy threadgroup org.codehaus.mojo.exec.ExecJavaMojo$IsolatedThreadGroup[name=tripsynth.RunMatsim,maxpri=10]
[1;31mjava.lang.IllegalThreadStateException[m
    [1mat[m java.lang.ThreadGroup.destroy ([1mThreadGroup.java:803[m)
    [1mat[m org.codehaus.mojo.exec.ExecJavaMojo.execute ([1mExecJavaMojo.java:340[m)
    [1mat[m org.apache.maven.plugin.DefaultBuildPluginManager.executeMojo ([1mDefaultBuildPluginManager.java:137[m)
    [1mat[m org.apache.maven.lifecycle.internal.MojoExecutor.doExecute2 ([1mMojoExecutor.java:370[m)
    [1mat[m org.apache.maven.lifecycle.internal.MojoExecutor.doExecute ([1mMojoExecutor.java:351[m)
    [1mat[m org.apache.maven.lifecycle.internal.MojoExecutor.execute ([1mMojoExecutor.java:215[m)
    [1mat[m org.apache.maven.lifecycle.internal.MojoExecutor.execute ([1mMojoExecutor.java:171[m)
    [1mat[m org.apache.maven.lifecycle.internal.MojoExecutor.execute ([1mMojoExecutor.java:163[m)
    [1mat[m org.apache.maven.lifecycle.internal.LifecycleModuleBuilder.buildProject ([1mLifecycleModuleBuilder.java:117[m)
    [1mat[m org.apache.maven.lifecycle.internal.LifecycleModuleBuilder.buildProject ([1mLifecycleModuleBuilder.java:81[m)
    [1mat[m org.apache.maven.lifecycle.internal.builder.singlethreaded.SingleThreadedBuilder.build ([1mSingleThreadedBuilder.java:56[m)
    [1mat[m org.apache.maven.lifecycle.internal.LifecycleStarter.execute ([1mLifecycleStarter.java:128[m)
    [1mat[m org.apache.maven.DefaultMaven.doExecute ([1mDefaultMaven.java:298[m)
    [1mat[m org.apache.maven.DefaultMaven.doExecute ([1mDefaultMaven.java:192[m)
    [1mat[m org.apache.maven.DefaultMaven.execute ([1mDefaultMaven.java:105[m)
    [1mat[m org.apache.maven.cli.MavenCli.execute ([1mMavenCli.java:960[m)
    [1mat[m org.apache.maven.cli.MavenCli.doMain ([1mMavenCli.java:293[m)
    [1mat[m org.apache.maven.cli.MavenCli.main ([1mMavenCli.java:196[m)
    [1mat[m jdk.internal.reflect.NativeMethodAccessorImpl.invoke0 ([1mNative Method[m)
    [1mat[m jdk.internal.reflect.NativeMethodAccessorImpl.invoke ([1mNativeMethodAccessorImpl.java:77[m)
    [1mat[m jdk.internal.reflect.DelegatingMethodAccessorImpl.invoke ([1mDelegatingMethodAccessorImpl.java:43[m)
    [1mat[m java.lang.reflect.Method.invoke ([1mMethod.java:569[m)
    [1mat[m org.codehaus.plexus.classworlds.launcher.Launcher.launchEnhanced ([1mLauncher.java:283[m)
    [1mat[m org.codehaus.plexus.classworlds.launcher.Launcher.launch ([1mLauncher.java:226[m)
    [1mat[m org.codehaus.plexus.classworlds.launcher.Launcher.mainWithExitCode ([1mLauncher.java:407[m)
    [1mat[m org.codehaus.plexus.classworlds.launcher.Launcher.main ([1mLauncher.java:348[m)
[[1;34mINFO[m] [1m------------------------------------------------------------------------[m
[[1;34mINFO[m] [1;32mBUILD SUCCESS[m
[[1;34mINFO[m] [1m------------------------------------------------------------------------[m
[[1;34mINFO[m] Total time:  19:33 min
[[1;34mINFO[m] Finished at: 2026-05-19T23:29:30-04:00
[[1;34mINFO[m] [1m------------------------------------------------------------------------[m
matsim elapsed: 19:35.11
