example_id,o_tract_fips,d_tract_fips,path_order,first_raw_position,path_occurrences,screenline_id,tract_a,tract_b,screenline_color,shared_boundary_m,is_validation_candidate,is_in_cached_validation_path,mapped_mdot_station_ids,mapped_fhwa_station_ids
1,24005430101,24005430400,1,1,1,24005430101__24005430300,24005430101,24005430300,#1f77b4,1748.1595806331381,True,True,B1167;S2008030085,
1,24005430101,24005430400,2,2,1,24005430200__24005430300,24005430200,24005430300,#ff7f0e,1701.4941314070895,True,True,S2008030085;S2017030302,
1,24005430101,24005430400,3,3,1,24005430200__24005430400,24005430200,24005430400,#2ca02c,1593.50372617091,True,True,B240127,
2,24033802901,24033806602,1,1,2,24033802901__24033803001,24033802901,24033803001,#1f77b4,1910.458726412936,True,True,,
2,24033802901,24033806602,2,4,1,24033803100__24033803300,24033803100,24033803300,#ff7f0e,1352.332134994908,True,True,B160015,
2,24033802901,24033806602,3,5,1,24033803200__24033803300,24033803200,24033803300,#2ca02c,2996.166360642267,True,True,S2012161177,
2,24033802901,24033806602,4,6,1,24033803200__24033804101,24033803200,24033804101,#d62728,2226.064625220377,True,True,B160039;P0061;S2010160077,P0061
2,24033802901,24033806602,5,7,1,24033804101__24033804102,24033804101,24033804102,#9467bd,1565.1798798725843,True,True,B3195;B3196;S1999160170;S1999160173;S1999160174;S1999160176;S2010160078;S2012161243,
2,24033802901,24033806602,6,8,1,24033803801__24033804102,24033803801,24033804102,#8c564b,1729.6411563562224,True,True,B3279;S2010160113;S2010160114;S2010160115;S2010160116;S2010160117;S2010160118,
2,24033802901,24033806602,7,9,1,24033803801__24033804001,24033803801,24033804001,#e377c2,1666.3126316648834,True,True,B3236;S2010160115;S2010160117;S2010160118,
2,24033802901,24033806602,8,10,1,24033804001__24033806601,24033804001,24033806601,#7f7f7f,609.309493815668,False,False,,
2,24033802901,24033806602,9,11,1,24033806601__24033806602,24033806601,24033806602,#bcbd22,1260.2059063658244,True,True,B3267,
3,24033801209,24033801207,1,1,2,24033801208__24033801209,24033801208,24033801209,#1f77b4,2729.866705182191,True,True,S2012161078,
4,24510270805,24005440300,1,1,1,24510270802__24510270805,24510270802,24510270805,#1f77b4,1448.6348295051394,True,True,S2012240274;S2012240275,
4,24510270805,24005440300,2,2,1,24510270802__24510270803,24510270802,24510270803,#ff7f0e,1241.854597197904,True,True,B240091;S2012240273,
4,24510270805,24005440300,3,3,1,24510270702__24510270803,24510270702,24510270803,#2ca02c,399.97974028159206,True,True,S2009240032,
4,24510270805,24005440300,4,4,1,24510270701__24510270702,24510270701,24510270702,#d62728,991.7171323802719,True,True,S2009240032,
4,24510270805,24005440300,5,5,1,24510270701__24510270703,24510270701,24510270703,#9467bd,611.5107161907606,True,True,S2012030149,
4,24510270805,24005440300,6,6,1,24510270501__24510270703,24510270501,24510270703,#8c564b,1176.3732203024106,True,True,S2012240147;S2012240148,
4,24510270805,24005440300,7,7,1,24005440100__24510270501,24005440100,24510270501,#e377c2,1296.4193480039735,True,True,B1050;S2012240147;S2012240148,
4,24510270805,24005440300,8,8,1,24005440100__24005440200,24005440100,24005440200,#7f7f7f,1696.4146873682312,True,True,S2010030024,
4,24510270805,24005440300,9,9,1,24005440200__24005440300,24005440200,24005440300,#bcbd22,1218.4357850357467,True,True,B1098;S2002030044;S2002030045;S2010030024,
5,24005490602,24005491100,1,1,1,24005490602__24005491000,24005490602,24005491000,#1f77b4,621.714548439517,True,True,S2012030154;S2017030294,
5,24005490602,24005491100,2,2,1,24005491000__24005491100,24005491000,24005491100,#ff7f0e,2144.711860078659,True,True,S2012030154,
6,11001010300,11001009501,1,1,1,11001001702__11001010300,11001001702,11001010300,#1f77b4,1115.989715385278,True,True,B150102;B2854,
6,11001010300,11001009501,2,2,1,11001001702__11001001901,11001001702,11001001901,#ff7f0e,477.59453629108793,False,False,,
6,11001010300,11001009501,3,3,1,11001001901__11001001902,11001001901,11001001902,#2ca02c,1242.2120931348632,False,False,,
6,11001010300,11001009501,4,4,1,11001001902__11001002102,11001001902,11001002102,#d62728,1016.9431734031895,False,False,,
6,11001010300,11001009501,5,5,1,11001002102__11001002202,11001002102,11001002202,#9467bd,925.959264783744,False,False,,
6,11001010300,11001009501,6,6,1,11001002202__11001009501,11001002202,11001009501,#8c564b,950.0858013584046,False,False,,
7,51059420503,24033801311,1,1,2,51059420501__51059420503,51059420501,51059420503,#1f77b4,937.07986480171,False,False,,
7,51059420503,24033801311,2,4,1,51059415100__51059415200,51059415100,51059415200,#ff7f0e,1777.910590616958,False,False,,
7,51059420503,24033801311,3,6,1,24033801404__24033801410,24033801404,24033801410,#2ca02c,3374.327954399081,False,False,,
7,51059420503,24033801311,4,7,1,24033801307__24033801410,24033801307,24033801410,#d62728,4523.358476098442,True,True,S2012161040,
7,51059420503,24033801311,5,8,1,24033801307__24033801313,24033801307,24033801313,#9467bd,2667.845545171711,True,True,B160063,
7,51059420503,24033801311,6,9,1,24033801312__24033801313,24033801312,24033801313,#8c564b,2508.456934953694,False,False,,
7,51059420503,24033801311,7,10,1,24033801311__24033801312,24033801311,24033801312,#e377c2,5831.899488572429,True,True,B3227;S2017160355,
8,24017851100,24033801217,1,1,2,24017851002__24017851100,24017851002,24017851100,#1f77b4,6468.619208567044,True,True,B080103,
8,24017851100,24033801217,2,4,1,24017850711__24017851500,24017850711,24017851500,#ff7f0e,2878.6543401731774,True,True,B1776,
8,24017851100,24033801217,3,5,1,24017850706__24017850711,24017850706,24017850711,#2ca02c,4199.269760920114,True,True,B1748,
8,24017851100,24033801217,4,6,1,24017850706__24017850708,24017850706,24017850708,#d62728,6316.7933126093985,True,True,B080080,
8,24017851100,24033801217,5,7,1,24017850708__24033801310,24017850708,24033801310,#9467bd,5327.198225557037,True,True,B080108,
8,24017851100,24033801217,6,8,1,24033801003__24033801310,24033801003,24033801310,#8c564b,4264.161232786063,True,True,B080108,
8,24017851100,24033801217,7,9,1,24033801003__24033801004,24033801003,24033801004,#e377c2,13755.204525514357,True,True,B3255,
8,24017851100,24033801217,8,10,1,24033801004__24033801209,24033801004,24033801209,#7f7f7f,1594.659421392268,False,False,,
8,24017851100,24033801217,9,11,1,24033801208__24033801209,24033801208,24033801209,#bcbd22,2729.866705182191,True,True,S2012161078,
8,24017851100,24033801217,10,12,1,24033801208__24033801217,24033801208,24033801217,#17becf,1569.1623586207313,True,True,S2012161069;S2012161070,
9,24003740305,24003751200,1,1,1,24003740105__24003740305,24003740105,24003740305,#1f77b4,1852.3160966450132,True,True,B0747,
9,24003740305,24003751200,2,2,1,24003740104__24003740105,24003740104,24003740105,#ff7f0e,2218.9050082215504,True,True,S2008020010,
9,24003740305,24003751200,3,3,1,24003740103__24003740104,24003740103,24003740104,#2ca02c,4343.95228419912,True,True,S2011020800;S2011020801,
9,24003740305,24003751200,4,4,1,24003740103__24003751200,24003740103,24003751200,#d62728,1754.7470082028633,True,True,B020093,
10,24003740203,24003730203,1,2,1,24003730505__24003740201,24003730505,24003740201,#1f77b4,1022.0422463001731,True,True,B0630;S2010020091;S2010020092;S2010020093,
10,24003740203,24003730203,2,3,1,24003730506__24003740201,24003730506,24003740201,#ff7f0e,1019.5950372967009,True,True,B0631;S2012021518,
10,24003740203,24003730203,3,4,1,24003730502__24003730506,24003730502,24003730506,#2ca02c,1658.3112463072187,True,True,P0038;S2011020865,P0038
10,24003740203,24003730203,4,5,1,24003730402__24003730502,24003730402,24003730502,#d62728,2620.0137992290834,True,True,B0650;P0038;S2010020139;S2010020140;S2010020141;S2010020142;S2010020143;S2010020148,P0038
10,24003740203,24003730203,5,6,1,24003730203__24003730402,24003730203,24003730402,#9467bd,605.2439768107093,True,True,B020078,
10,24003740203,24003730203,6,7,2,24003730203__24003730300,24003730203,24003730300,#8c564b,2147.4822061323443,True,True,B020078;B0755;S2011020871;S2011020872,
11,24005401503,24005411302,1,2,1,24005401504__24005401505,24005401504,24005401505,#1f77b4,2706.9205436223447,True,True,B030091,
11,24005401503,24005411302,2,4,1,24005401101__24005401301,24005401101,24005401301,#ff7f0e,2171.4650033750304,True,True,S2010030117;S2010030118;S2010030119;S2011031020,
11,24005401503,24005411302,3,5,1,24005401301__24005401302,24005401301,24005401302,#2ca02c,1549.337968098634,True,True,B1211;S2010030120;S2010030121;S2010030122;S2011031021;S2012031546,
11,24005401503,24005411302,4,6,1,24005401302__24510280401,24005401302,24510280401,#d62728,830.5981686349653,True,True,S2010030120;S2010030121;S2010030122,
11,24005401503,24005411302,5,7,1,24510280401__24510280402,24510280401,24510280402,#9467bd,1263.721322699547,True,True,S2006240059,
11,24005401503,24005411302,6,8,1,24510160802__24510280402,24510160802,24510280402,#8c564b,863.8286190268046,True,True,,
11,24005401503,24005411302,7,9,1,24510150900__24510160802,24510150900,24510160802,#e377c2,1245.1864011653563,True,True,B240112,
11,24005401503,24005411302,8,10,1,24510150600__24510150900,24510150600,24510150900,#7f7f7f,960.4880168478143,True,True,B240112,
11,24005401503,24005411302,9,11,1,24510150600__24510150702,24510150600,24510150702,#bcbd22,1481.857902930525,True,True,S2012240456,
11,24005401503,24005411302,10,13,1,24510130400__24510150400,24510130400,24510150400,#17becf,526.428857728259,True,True,B240020;B240219;B240220,
11,24005401503,24005411302,11,14,1,24510120700__24510130400,24510120700,24510130400,#aec7e8,197.8967455458707,True,True,S2010240117;S2010240118;S2010240120;S2010240121;S2010240122,
11,24005401503,24005411302,12,15,1,24510120700__24510130600,24510120700,24510130600,#ffbb78,1075.7950604668752,True,True,S2010240120;S2010240121;S2010240122,
11,24005401503,24005411302,13,16,1,24510120202__24510130600,24510120202,24510130600,#98df8a,566.7791628469844,True,True,,
11,24005401503,24005411302,14,17,1,24510120201__24510120202,24510120201,24510120202,#ff9896,1012.0171984012525,True,True,B240194;S2012241377,
11,24005401503,24005411302,15,18,1,24510090500__24510120201,24510090500,24510120201,#c5b0d5,323.54275801473307,True,True,,
11,24005401503,24005411302,16,19,1,24510090300__24510090500,24510090300,24510090500,#c49c94,1231.5975013911614,True,True,B240087;S2010240011;S2012241358,
11,24005401503,24005411302,17,20,1,24510090200__24510090300,24510090200,24510090300,#f7b6d2,744.7217037971825,True,True,B240031;S2012240296,
11,24005401503,24005411302,18,21,1,24510090200__24510270200,24510090200,24510270200,#c7c7c7,657.3204341876575,True,True,S2012240262,
11,24005401503,24005411302,19,22,1,24510270200__24510270302,24510270200,24510270302,#dbdb8d,420.7005128408032,True,True,B240155;B240156;B240158;B240159,
11,24005401503,24005411302,20,23,1,24510270102__24510270302,24510270102,24510270302,#9edae5,1017.1967517213031,True,True,B240156,
11,24005401503,24005411302,21,24,1,24510270102__24510270401,24510270102,24510270401,#393b79,976.789882067473,True,True,S2012240242,
11,24005401503,24005411302,22,25,1,24510260101__24510270401,24510260101,24510270401,#6b6ecf,1355.176853040999,True,True,B240082,
11,24005401503,24005411302,23,26,1,24005440400__24510260101,24005440400,24510260101,#637939,2163.3171720401915,True,True,S2009030053,
11,24005401503,24005411302,24,27,1,24005440400__24005440500,24005440400,24005440500,#b5cf6b,2940.249931361765,True,True,B030125;S2012030079,
11,24005401503,24005411302,25,28,1,24005440500__24005440800,24005440500,24005440800,#8c6d31,2684.702980509858,True,True,P0034;S1998030122;S1998030128;S2002030040;S2002030041,P0034
11,24005401503,24005411302,26,30,1,24005440600__24005440702,24005440600,24005440702,#e7ba52,2760.835614893927,True,True,S2009030073,
12,24003751103,24003740201,1,1,1,24003751000__24003751103,24003751000,24003751103,#1f77b4,1633.8947556694363,True,True,B0713;B0756;S2006020017;S2010020062,
12,24003751103,24003740201,2,2,1,24003730300__24003751000,24003730300,24003751000,#ff7f0e,1778.013476724651,True,True,B0713;B0756;S2006020017;S2006020018;S2010020061;S2010020062;S2010020064;S2010020065;S2011020890;S2011020891,
12,24003751103,24003740201,3,3,1,24003730300__24003730402,24003730300,24003730402,#2ca02c,1757.510687484223,True,True,B020078;B0802,
12,24003751103,24003740201,4,4,1,24003730401__24003730402,24003730401,24003730402,#d62728,2494.664468257779,True,True,B0632;S2011020888,
12,24003751103,24003740201,5,5,1,24003730401__24003740201,24003730401,24003740201,#9467bd,2198.6168978000355,True,True,B020110;S2000020151;S2010020106;S2011020903;S2012021517,
13,24045000200,24045010605,1,1,1,24045000100__24045000200,24045000100,24045000200,#1f77b4,2181.4712711322823,True,True,B220021;B220035;B4166;S2011220608;S2011220612,
13,24045000200,24045010605,2,2,1,24045000100__24045000500,24045000100,24045000500,#ff7f0e,1552.896433650342,True,True,B220035;S2011220608,
13,24045000200,24045010605,3,3,1,24045000500__24045010502,24045000500,24045010502,#2ca02c,2887.4940473783367,True,True,B220031,
13,24045000200,24045010605,4,4,1,24045010502__24045010605,24045010502,24045010605,#d62728,2995.554073039753,True,True,B4158;B4171,
14,24005490701,24005410100,1,1,1,24005490301__24005490701,24005490301,24005490701,#1f77b4,1183.9971796273383,True,True,S2012030176;S2012030193,
14,24005490701,24005410100,2,2,1,24005490200__24005490301,24005490200,24005490301,#ff7f0e,2610.328173343349,True,True,B030152;B1103;B1104;S2000030147;S2000030149;S2001030145;S2006030057;S2006030058;S2006030059;S2006030061,
14,24005490701,24005410100,3,3,1,24005408602__24005490200,24005408602,24005490200,#2ca02c,1815.4750043535287,True,True,S2012030118;S2012030119,
14,24005490701,24005410100,4,4,1,24005408602__24005408800,24005408602,24005408800,#d62728,1155.1385596627008,True,True,B0964;S2012030116;S2012030120,
14,24005490701,24005410100,5,5,1,24005408601__24005408800,24005408601,24005408800,#9467bd,1261.9315212245895,True,True,B0965;S2012030116;S2012030160,
14,24005490701,24005410100,6,6,1,24005408505__24005408601,24005408505,24005408601,#8c564b,1910.6770478160138,True,True,B0965,
14,24005490701,24005410100,7,7,1,24005408505__24005408507,24005408505,24005408507,#e377c2,879.0013070136044,True,True,S2017030286,
14,24005490701,24005410100,8,8,1,24005408506__24005408507,24005408506,24005408507,#7f7f7f,3042.243586206394,True,True,S2011030933;S2011030935,
14,24005490701,24005410100,9,9,1,24005408502__24005408506,24005408502,24005408506,#bcbd22,3524.714604005052,True,True,B030115;S2009030141;S2011030939,
14,24005490701,24005410100,10,10,1,24005408502__24005410100,24005408502,24005410100,#17becf,4884.838872885522,False,False,,
15,24033802301,11001007709,1,1,1,24033802301__24033802404,24033802301,24033802404,#1f77b4,1674.7560543040115,True,True,S2012161248;S2012161249,
15,24033802301,11001007709,2,3,1,24033802407__24033802408,24033802407,24033802408,#ff7f0e,1123.2966909997006,True,True,S2012161164;S2012161170,
15,24033802301,11001007709,3,5,1,24033802501__24033802502,24033802501,24033802502,#2ca02c,823.215109259595,True,True,S2012161015;S2012161183,
15,24033802301,11001007709,4,6,1,11001009902__24033802502,11001009902,24033802502,#d62728,556.4819818977957,True,True,S2012161169,
15,24033802301,11001007709,5,7,1,11001009901__11001009902,11001009901,11001009902,#9467bd,1963.5464847208766,False,False,,
15,24033802301,11001007709,6,8,1,11001007709__11001009901,11001007709,11001009901,#8c564b,1405.743603457285,False,False,,
16,51510200107,24031702102,1,1,1,51013102901__51510200107,51013102901,51510200107,#1f77b4,1427.9861118157073,False,False,,
16,51510200107,24031702102,2,2,1,51013102802__51013102901,51013102802,51013102901,#ff7f0e,1165.7422271025048,False,False,,
16,51510200107,24031702102,3,3,1,51013102702__51013102802,51013102702,51013102802,#2ca02c,892.194571861632,False,False,,
16,51510200107,24031702102,4,4,1,51013102600__51013102702,51013102600,51013102702,#d62728,861.9118822550239,False,False,,
16,51510200107,24031702102,5,5,1,51013102600__51013103200,51013102600,51013103200,#9467bd,748.3904896794133,False,False,,
16,51510200107,24031702102,6,6,1,51013102500__51013103200,51013102500,51013103200,#8c564b,1314.2862984058618,False,False,,
16,51510200107,24031702102,7,7,1,51013102400__51013102500,51013102400,51013102500,#e377c2,1198.7133997950605,False,False,,
16,51510200107,24031702102,8,8,1,51013101803__51013102400,51013101803,51013102400,#7f7f7f,983.4071429053942,False,False,,
16,51510200107,24031702102,9,9,1,51013101803__51013103401,51013101803,51013103401,#bcbd22,860.6509907205299,False,False,,
16,51510200107,24031702102,10,10,1,51013101703__51013103401,51013101703,51013103401,#17becf,813.9750128884007,False,False,,
16,51510200107,24031702102,11,11,1,51013101702__51013101703,51013101702,51013101703,#aec7e8,635.6083700719657,False,False,,
16,51510200107,24031702102,12,12,1,51013101603__51013101702,51013101603,51013101702,#ffbb78,1121.1988960634876,False,False,,
16,51510200107,24031702102,13,13,1,51013101603__51013980100,51013101603,51013980100,#98df8a,782.7994849752049,False,False,,
16,51510200107,24031702102,14,14,1,51013101601__51013980100,51013101601,51013980100,#ff9896,324.8744596245147,False,False,,
16,51510200107,24031702102,15,15,1,11001000202__51013101601,11001000202,51013101601,#c5b0d5,801.6385797227368,False,False,,
16,51510200107,24031702102,16,16,1,11001000100__11001000202,11001000100,11001000202,#c49c94,2394.7681192626815,False,False,,
16,51510200107,24031702102,17,17,1,11001000100__11001000400,11001000100,11001000400,#f7b6d2,967.0107158997539,False,False,,
16,51510200107,24031702102,18,18,1,11001000400__11001000502,11001000400,11001000502,#c7c7c7,1386.7768067215134,False,False,,
16,51510200107,24031702102,19,19,1,11001000501__11001000502,11001000501,11001000502,#dbdb8d,1402.3681184181964,False,False,,
16,51510200107,24031702102,20,20,1,11001000501__11001001302,11001000501,11001001302,#9edae5,756.9823464321977,False,False,,
16,51510200107,24031702102,21,21,1,11001001302__11001002600,11001001302,11001002600,#393b79,1618.0420691746351,False,False,,
16,51510200107,24031702102,22,22,1,11001001301__11001002600,11001001301,11001002600,#6b6ecf,2812.315309328122,False,False,,
16,51510200107,24031702102,23,23,1,11001001301__11001002001,11001001301,11001002001,#637939,157.40664619392433,False,False,,
16,51510200107,24031702102,24,24,1,11001001803__11001002001,11001001803,11001002001,#b5cf6b,947.4376346776298,False,False,,
16,51510200107,24031702102,25,25,1,11001001803__11001001804,11001001803,11001001804,#8c6d31,1135.36805541861,False,False,,
16,51510200107,24031702102,26,26,1,11001001804__11001010300,11001001804,11001010300,#e7ba52,828.0174897409303,False,False,,
16,51510200107,24031702102,27,27,1,11001001600__11001010300,11001001600,11001010300,#843c39,2038.3629433714375,True,True,B150055,
16,51510200107,24031702102,28,28,1,11001001600__24031702500,11001001600,24031702500,#d6616b,552.7527423571343,True,True,B150055,
16,51510200107,24031702102,29,29,1,24031702402__24031702500,24031702402,24031702500,#7b4173,1489.4671468407425,True,True,B2896;B2962;S2012150761;S2012150763;S2012150981,
16,51510200107,24031702102,30,30,1,24031702401__24031702402,24031702401,24031702402,#ce6dbd,2783.1424033303233,True,True,B2857;B2886,
16,51510200107,24031702102,31,31,1,24031702401__24031702900,24031702401,24031702900,#5254a3,1055.007472689915,True,True,S2012150761,
16,51510200107,24031702102,32,32,1,24031702302__24031702900,24031702302,24031702900,#9c9ede,2857.9750015956283,True,True,B150078,
16,51510200107,24031702102,33,33,1,24031702200__24031702302,24031702200,24031702302,#8ca252,2516.90901442963,True,True,B2903;B2923;B2947;S2000150178;S2000150180;S2012150760,
16,51510200107,24031702102,34,34,1,24031702200__24031703000,24031702200,24031703000,#cedb9c,1030.399026724495,True,True,B2902;S2000150178;S2000150179;S2000150185;S2000150186;S2000150188;S2000150189;S2013150136,
16,51510200107,24031702102,35,35,1,24031702102__24031703000,24031702102,24031703000,#bd9e39,917.6069188659261,True,True,B2834;S2000150185;S2000150186;S2013150136,
17,24017850901,24033801207,1,1,1,24017850802__24017850901,24017850802,24017850901,#1f77b4,2898.189046735878,True,True,B080084,
17,24017850901,24033801207,2,2,1,24017850802__24033801003,24017850802,24033801003,#ff7f0e,2429.366633413589,False,False,,
17,24017850901,24033801207,3,3,1,24017850709__24033801003,24017850709,24033801003,#2ca02c,3991.1963988115676,True,True,B080088;B080108;B3123,
17,24017850901,24033801207,4,5,1,24033801004__24033801207,24033801004,24033801207,#d62728,3935.4756773155345,False,False,,
18,11001001401,24033807407,1,1,1,11001001401__11001001500,11001001401,11001001500,#1f77b4,1274.4893024082305,True,True,B2800;S2012150916,
18,11001001401,24033807407,2,2,1,11001001500__11001001600,11001001500,11001001600,#ff7f0e,2957.5926168783967,False,False,,
18,11001001401,24033807407,3,3,1,11001001600__24031702601,11001001600,24031702601,#2ca02c,675.6075891632998,True,True,B2878,
18,11001001401,24033807407,4,4,1,24031702500__24031702601,24031702500,24031702601,#d62728,1198.2556040295992,True,True,B150049,
18,11001001401,24033807407,5,5,1,24031702500__24031702900,24031702500,24031702900,#9467bd,1022.8774387465795,True,True,S2012150756;S2012150757;S2012150758;S2012150761,
18,11001001401,24033807407,6,6,1,24031702302__24031702900,24031702302,24031702900,#8c564b,2857.9750015956283,True,True,B150078,
18,11001001401,24033807407,7,7,1,24031702200__24031702302,24031702200,24031702302,#e377c2,2516.90901442963,True,True,B2903;B2923;B2947;S2000150178;S2000150180;S2012150760,
18,11001001401,24033807407,8,8,1,24031702101__24031702200,24031702101,24031702200,#7f7f7f,1973.525848698601,True,True,B2835;B2836;S2000150185;S2000150186;S2000150188;S2013150136,
18,11001001401,24033807407,9,9,1,24031702101__24031702102,24031702101,24031702102,#bcbd22,984.3815623931772,True,True,S2000150185;S2000150186;S2000150187;S2013150136,
18,11001001401,24033807407,10,10,1,24031701505__24031702102,24031701505,24031702102,#17becf,1934.0540047698062,True,True,P0041,P0041
18,11001001401,24033807407,11,11,1,24031701505__24031701509,24031701505,24031701509,#aec7e8,3056.6225823080053,True,True,B2912;B2913;B2914;S2000150199;S2001150029;S2001150030;S2001150034,
18,11001001401,24033807407,12,12,1,24031701421__24031701509,24031701421,24031701509,#ffbb78,1514.5009368089056,False,False,,
18,11001001401,24033807407,13,13,1,24031701420__24031701421,24031701420,24031701421,#98df8a,2322.161205055963,True,True,B150074;S2006150069;S2006150070;S2006150071;S2006150072;S2006150073;S2006150074;S2006150075;S2006150076,
18,11001001401,24033807407,14,14,1,24031701420__24033807410,24031701420,24033807410,#ff9896,921.3373574103144,False,False,,
18,11001001401,24033807407,15,15,1,24033807407__24033807410,24033807407,24033807410,#c5b0d5,1581.6916675875982,True,True,B160022;S2012161182,
19,24027606803,24031700901,1,1,1,24027606803__24027606806,24027606803,24027606806,#1f77b4,4884.074735093533,False,False,,
19,24027606803,24031700901,2,3,1,24027605102__24031701408,24027605102,24031701408,#ff7f0e,7120.51302699599,True,True,S2005130040,
19,24027606803,24031700901,3,5,1,24031701407__24031703221,24031701407,24031703221,#2ca02c,3944.1535748315046,True,True,B2787,
19,24027606803,24031700901,4,6,1,24031701308__24031703221,24031701308,24031703221,#d62728,2464.218623349982,True,True,B2788;S2012150896,
19,24027606803,24031700901,5,7,1,24031701308__24031703218,24031701308,24031703218,#9467bd,670.5254401082223,True,True,B2975,
19,24027606803,24031700901,6,8,1,24031703218__24031703219,24031703218,24031703219,#8c564b,1497.8665562969177,True,True,,
19,24027606803,24031700901,7,10,1,24031701303__24031703202,24031701303,24031703202,#e377c2,3869.144064972122,True,True,B150081;S2012150828,
19,24027606803,24031700901,8,12,1,24031700902__24031700903,24031700902,24031700903,#7f7f7f,1388.5900498608646,True,True,B2715,
20,24510100300,24005402306,1,1,1,24510100300__24510110100,24510100300,24510110100,#1f77b4,391.13288397514134,True,True,S2010240003;S2010240004;S2010240092;S2010240093,
20,24510100300,24005402306,2,3,1,24510110200__24510170200,24510110200,24510170200,#ff7f0e,290.82896711841687,True,True,B240135;B240188;B240190,
20,24510100300,24005402306,3,5,1,24510140100__24510140300,24510140100,24510140300,#2ca02c,364.7941182345139,True,True,S2013240279,
20,24510100300,24005402306,4,7,1,24510130300__24510150400,24510130300,24510150400,#d62728,480.16768296369696,True,True,B240019,
20,24510100300,24005402306,5,8,1,24510130400__24510150400,24510130400,24510150400,#9467bd,526.428857728259,True,True,B240020;B240219;B240220,
20,24510100300,24005402306,6,9,1,24510130400__24510150500,24510130400,24510150500,#8c564b,1149.8048472348944,True,True,B240021;B240219,
20,24510100300,24005402306,7,10,1,24510150500__24510150701,24510150500,24510150701,#e377c2,902.3379259814124,True,True,S2005240049;S2012240455;S2012241427,
20,24510100300,24005402306,8,11,1,24510150701__24510150800,24510150701,24510150800,#7f7f7f,1348.5302943605732,True,True,S2012240468,
20,24510100300,24005402306,9,12,1,24510150800__24510151100,24510150800,24510151100,#bcbd22,885.0320991513177,True,True,S2012240415,
20,24510100300,24005402306,10,13,1,24510151000__24510151100,24510151000,24510151100,#17becf,1511.3313418134467,True,True,S2005240059;S2012240413;S2012240415,
20,24510100300,24005402306,11,14,1,24510151000__24510280102,24510151000,24510280102,#aec7e8,2041.6572745403264,True,True,S2012240303;S2012240412;S2012240414,
20,24510100300,24005402306,12,15,1,24005403202__24510280102,24005403202,24510280102,#ffbb78,1462.1209945401574,True,True,S2011031023,
20,24510100300,24005402306,13,16,1,24005403100__24005403202,24005403100,24005403202,#98df8a,714.7917217421948,True,True,B0941;S2012030202,
20,24510100300,24005402306,14,17,1,24005402305__24005403100,24005402305,24005403100,#ff9896,3647.2092209439656,True,True,S2011031026,
20,24510100300,24005402306,15,18,1,24005402305__24005402307,24005402305,24005402307,#c5b0d5,2261.322812121405,True,True,P0078;S1999030054;S2012031540,P0078
20,24510100300,24005402306,16,19,1,24005402306__24005402307,24005402306,24005402307,#c49c94,1333.832582756873,True,True,S2013030189,
21,11001007803,24031705602,1,1,1,11001007803__11001009602,11001007803,11001009602,#1f77b4,911.7600087063729,False,False,,
21,11001007803,24031705602,2,2,1,11001009602__11001011100,11001009602,11001011100,#ff7f0e,1109.2071011676744,False,False,,
21,11001007803,24031705602,3,4,1,11001008803__11001008804,11001008803,11001008804,#2ca02c,1403.6868434124735,False,False,,
21,11001007803,24031705602,4,6,1,11001008702__11001009102,11001008702,11001009102,#d62728,1359.1832716400997,False,False,,
21,11001007803,24031705602,5,7,1,11001008702__11001009203,11001008702,11001009203,#9467bd,279.96715001328414,False,False,,
21,11001007803,24031705602,6,8,1,11001009203__11001009204,11001009203,11001009204,#8c564b,936.5719845399643,False,False,,
21,11001007803,24031705602,7,10,1,11001003301__11001003400,11001003301,11001003400,#e377c2,1433.9147637091278,False,False,,
21,11001007803,24031705602,8,11,1,11001002302__11001003400,11001002302,11001003400,#7f7f7f,591.0629514716351,False,False,,
21,11001007803,24031705602,9,13,1,11001003100__11001003200,11001003100,11001003200,#bcbd22,1027.4062312757553,False,False,,
21,11001007803,24031705602,10,15,1,11001002801__11001002900,11001002801,11001002900,#17becf,578.3585710110202,False,False,,
21,11001007803,24031705602,11,16,1,11001002701__11001002801,11001002701,11001002801,#aec7e8,459.4677698250076,False,False,,
21,11001007803,24031705602,12,17,1,11001002600__11001002701,11001002600,11001002701,#ffbb78,1386.9459609934595,False,False,,
21,11001007803,24031705602,13,18,1,11001001302__11001002600,11001001302,11001002600,#98df8a,1618.0420691746351,False,False,,
21,11001007803,24031705602,14,19,1,11001001301__11001001302,11001001301,11001001302,#ff9896,1857.9671783867298,False,False,,
21,11001007803,24031705602,15,20,1,11001001200__11001001301,11001001200,11001001301,#c5b0d5,785.3273296469141,False,False,,
21,11001007803,24031705602,16,21,1,11001001100__11001001200,11001001100,11001001200,#c49c94,1374.698177866576,False,False,,
21,11001007803,24031705602,17,22,1,11001001001__11001001100,11001001001,11001001100,#f7b6d2,1695.933311331038,True,True,S2012150750,
21,11001007803,24031705602,18,23,1,11001001001__24031705602,11001001001,24031705602,#c7c7c7,675.7277536938199,True,True,,
22,24031703301,24031701218,1,1,1,24031703301__24031703501,24031703301,24031703501,#1f77b4,1441.1056287574866,True,True,S2012150799,
22,24031703301,24031701218,2,2,1,24031701219__24031703501,24031701219,24031703501,#ff7f0e,1981.8452941575777,True,True,B150098,
22,24031703301,24031701218,3,3,1,24031701218__24031701219,24031701218,24031701219,#2ca02c,911.8424533686348,True,True,B150023;S2012150856,
23,24005491300,24003730401,1,1,1,24005491000__24005491300,24005491000,24005491300,#1f77b4,1749.9777401483957,True,True,S2009030143,
23,24005491300,24003730401,2,3,1,24005491100__24510270801,24005491100,24510270801,#ff7f0e,1178.126902049423,True,True,S2009030050,
23,24005491300,24003730401,3,5,1,24510270802__24510270901,24510270802,24510270901,#2ca02c,475.3760146367288,True,True,S2012240273,
23,24005491300,24003730401,4,8,1,24510090200__24510090300,24510090200,24510090300,#d62728,744.7217037971825,True,True,B240031;S2012240296,
23,24005491300,24003730401,5,10,1,24510090500__24510090700,24510090500,24510090700,#9467bd,1051.9280899647483,True,True,S2012240280,
23,24005491300,24003730401,6,12,1,24510090800__24510090900,24510090800,24510090900,#8c564b,875.4749930616297,True,True,S2013240278,
23,24005491300,24003730401,7,14,1,24510100100__24510100200,24510100100,24510100200,#e377c2,815.5182277204841,True,True,S2005240050,
23,24005491300,24003730401,8,16,1,24510030200__24510280500,24510030200,24510280500,#7f7f7f,642.7552934227688,True,True,S2010240005,
23,24005491300,24003730401,9,18,1,24510220100__24510240200,24510220100,24510240200,#bcbd22,581.2056187530136,True,True,B240221,
23,24005491300,24003730401,10,20,1,24510230300__24510240400,24510230300,24510240400,#17becf,2605.582668135807,True,True,B240234;S1998240012;S2002240015,
23,24005491300,24003730401,11,21,1,24510240400__24510250203,24510240400,24510250203,#aec7e8,189.88754643642534,False,False,,
23,24005491300,24003730401,12,22,1,24510250203__24510250600,24510250203,24510250600,#ffbb78,1646.5219363952292,True,True,B240202,
23,24005491300,24003730401,13,23,1,24510250401__24510250600,24510250401,24510250600,#98df8a,1786.177093322996,True,True,BC044;S2003240013;S2012240500;S2012241344,
23,24005491300,24003730401,14,24,1,24003750102__24510250401,24003750102,24510250401,#ff9896,680.8472009682237,True,True,B0667;B0787,
23,24005491300,24003730401,15,26,1,24003750202__24003750803,24003750202,24003750803,#c5b0d5,1550.2008927349127,True,True,B0774;S2008020028;S2010020171;S2010020172,
23,24005491300,24003730401,16,28,1,24003750804__24003750900,24003750804,24003750900,#c49c94,2704.192753549598,True,True,B0617;S2011020893,
23,24005491300,24003730401,17,29,1,24003730401__24003750900,24003730401,24003750900,#f7b6d2,2284.429907447213,True,True,S2011020903;S2011020904;S2011020905,
24,24005402603,24005492402,1,1,1,24005402509__24005402603,24005402509,24005402603,#1f77b4,2814.5314087509264,True,True,B030014;B030031,
24,24005402603,24005492402,2,2,1,24005402509__24005492402,24005402509,24005492402,#ff7f0e,1549.5683466962757,True,True,,
25,24003707002,24003740800,1,1,1,24003707001__24003707002,24003707001,24003707002,#1f77b4,9427.511575287337,True,True,B0707;B0743,
25,24003707002,24003740800,2,2,1,24003701400__24003707001,24003701400,24003707001,#ff7f0e,9867.224623102393,False,False,,
25,24003707002,24003740800,3,3,1,24003701300__24003701400,24003701300,24003701400,#2ca02c,13105.154736507764,True,True,B0603;B0800,
25,24003707002,24003740800,4,4,1,24003701300__24003702300,24003701300,24003702300,#d62728,9082.91869746354,True,True,S2011020764,
25,24003707002,24003740800,5,5,1,24003702300__24003751700,24003702300,24003751700,#9467bd,6050.884580015543,True,True,B0734,
25,24003707002,24003740800,6,6,1,24003740800__24003751700,24003740800,24003751700,#8c564b,4248.06286379997,True,True,B0641,
26,24033802407,51013101100,1,1,1,24033802406__24033802407,24033802406,24033802407,#1f77b4,1079.951185914224,True,True,B3331,
26,24033802407,51013101100,2,2,1,24033802405__24033802406,24033802405,24033802406,#ff7f0e,1724.4491444086275,True,True,B160100;S2012161016,
26,24033802407,51013101100,3,3,1,24033802405__24033802501,24033802405,24033802501,#2ca02c,2586.236909545365,True,True,B160056;B3225;S2010160138;S2012161015;S2012161183,
26,24033802407,51013101100,4,4,1,11001007603__24033802501,11001007603,24033802501,#d62728,1383.8003596832054,True,True,B160056;B3225,
26,24033802407,51013101100,5,5,1,11001007603__11001007604,11001007603,11001007604,#9467bd,1705.6221697594744,False,False,,
26,24033802407,51013101100,6,6,1,11001007604__11001007605,11001007604,11001007605,#8c564b,896.9319033908243,False,False,,
26,24033802407,51013101100,7,7,1,11001007601__11001007605,11001007601,11001007605,#e377c2,1240.0646786359005,False,False,,
26,24033802407,51013101100,8,8,1,11001007503__11001007601,11001007503,11001007601,#7f7f7f,510.33699378272695,False,False,,
26,24033802407,51013101100,9,9,1,11001007401__11001007503,11001007401,11001007503,#bcbd22,722.2313991825209,False,False,,
26,24033802407,51013101100,10,11,1,11001006400__11001007200,11001006400,11001007200,#17becf,1021.460463347991,False,False,,
26,24033802407,51013101100,11,13,1,11001006202__11001011000,11001006202,11001011000,#aec7e8,2180.4529352291943,False,False,,
26,24033802407,51013101100,12,14,1,11001006202__51013980100,11001006202,51013980100,#ffbb78,4419.757309329653,False,False,,
26,24033802407,51013101100,13,16,1,51013102400__51013103401,51013102400,51013103401,#98df8a,1280.3351828396417,False,False,,
26,24033802407,51013101100,14,17,1,51013101803__51013103401,51013101803,51013103401,#ff9896,860.6509907205299,False,False,,
26,24033802407,51013101100,15,19,1,51013101900__51013102002,51013101900,51013102002,#c5b0d5,770.7596301731816,False,False,,
26,24033802407,51013101100,16,20,1,51013101404__51013101900,51013101404,51013101900,#c49c94,385.86589138747024,False,False,,
26,24033802407,51013101100,17,21,1,51013101403__51013101404,51013101403,51013101404,#f7b6d2,754.8317276379203,False,False,,
26,24033802407,51013101100,18,22,1,51013101300__51013101403,51013101300,51013101403,#c7c7c7,308.4901899909922,False,False,,
26,24033802407,51013101100,19,23,1,51013101300__51013101401,51013101300,51013101401,#dbdb8d,1168.3410506141076,False,False,,
26,24033802407,51013101100,20,24,1,51013100700__51013101401,51013100700,51013101401,#9edae5,644.7646565544926,False,False,,
26,24033802407,51013101100,21,25,1,51013100700__51013100900,51013100700,51013100900,#393b79,1454.63548237385,False,False,,
26,24033802407,51013101100,22,26,1,51013100900__51013101000,51013100900,51013101000,#6b6ecf,2051.3103553058318,False,False,,
26,24033802407,51013101100,23,27,1,51013101000__51013101100,51013101000,51013101100,#637939,1519.558751808609,False,False,,
27,24045010603,24047950800,1,1,1,24045010603__24045010604,24045010603,24045010604,#1f77b4,15817.07673886119,True,True,B220039,
27,24045010603,24047950800,2,2,1,24045010604__24045010606,24045010604,24045010606,#ff7f0e,15677.319110441964,True,True,B4117;P0017,P0017
27,24045010603,24047950800,3,3,1,24045010606__24047950800,24045010606,24047950800,#2ca02c,13432.755975359161,True,True,B4144,
28,24031700206,51059480202,1,1,1,24031700205__24031700206,24031700205,24031700206,#1f77b4,5406.8390881858595,False,False,,
28,24031700206,51059480202,2,2,1,24031700101__24031700205,24031700101,24031700205,#ff7f0e,6326.204641861728,False,False,,
28,24031700206,51059480202,3,3,1,24031700101__24031700810,24031700101,24031700810,#2ca02c,603.5212651419456,False,False,,
28,24031700206,51059480202,4,4,1,24031700104__24031700810,24031700104,24031700810,#d62728,1038.583474096456,True,True,S2012150859;S2012150860,
28,24031700206,51059480202,5,5,1,24031700104__24031700811,24031700104,24031700811,#9467bd,576.7508417173212,True,True,S2012150860,
28,24031700206,51059480202,6,7,1,24031700713__24031700812,24031700713,24031700812,#8c564b,3308.0723490926343,True,True,B150003;S2012150443,
28,24031700206,51059480202,7,9,1,24031700717__24031700723,24031700717,24031700723,#e377c2,507.14340578405444,True,True,B150123;S2012150929,
28,24031700206,51059480202,8,10,1,24031700717__24031700724,24031700717,24031700724,#7f7f7f,1405.8240446488649,True,True,B150123,
28,24031700206,51059480202,9,12,1,24031700816__24031700817,24031700816,24031700817,#bcbd22,3695.4961490249725,True,True,B150005;B150030;B150084;S2005150077;S2005150080;S2005150081;S2009150001;S2009150002;S2009150003;S2009150004;S2015150152,
28,24031700206,51059480202,10,13,1,24031700817__24031701221,24031700817,24031701221,#17becf,748.6643947872981,True,True,S2012150765,
28,24031700206,51059480202,11,14,1,24031701220__24031701221,24031701220,24031701221,#aec7e8,1801.290515498542,True,True,S2012150722;S2012150976,
28,24031700206,51059480202,12,15,1,24031701220__24031706007,24031701220,24031706007,#ffbb78,2714.5372675580797,False,False,,
28,24031700206,51059480202,13,16,1,24031706005__24031706007,24031706005,24031706007,#98df8a,3181.265194372943,True,True,S2012150720,
28,24031700206,51059480202,14,17,1,24031706005__24031706009,24031706005,24031706009,#ff9896,4190.749850423012,True,True,B150094;B2976,
28,24031700206,51059480202,15,18,1,24031706008__24031706009,24031706008,24031706009,#c5b0d5,9308.826878775926,True,True,B2811;S2012150883,
28,24031700206,51059480202,16,19,1,24031706008__51059480100,24031706008,51059480100,#c49c94,13057.548467880017,True,True,S2000150118;S2002150054;S2009150009;S2009150010;S2009150011;S2009150012,
28,24031700206,51059480202,17,21,2,51059480201__51059480202,51059480201,51059480202,#f7b6d2,2040.9942812693378,False,False,,
29,24009861004,24037875802,1,1,2,24009861003__24009861004,24009861003,24009861004,#1f77b4,13113.541924574456,True,True,B1329;S2013040571;S2017040320,
29,24009861004,24037875802,2,4,1,24009860900__24037875802,24009860900,24037875802,#ff7f0e,5446.331768538222,False,False,,
30,24031701408,24031701410,1,1,1,24031701408__24031701409,24031701408,24031701409,#1f77b4,5643.991928523113,True,True,B2842;S2012150650,
30,24031701408,24031701410,2,2,1,24031701409__24031701410,24031701409,24031701410,#ff7f0e,1883.5468901763184,True,True,B2728;S2010150032;S2010150033;S2010150038,
31,24027602700,24031700817,1,1,1,24027602302__24027602700,24027602302,24027602700,#1f77b4,416.8826750621642,True,True,B2544,
31,24027602700,24031700817,2,2,1,24027602302__24027602800,24027602302,24027602800,#ff7f0e,2770.5023698004347,True,True,B2545;B2546;S1999130062;S2010130046,
31,24027602700,24031700817,3,4,1,24027605401__24027606601,24027605401,24027606601,#2ca02c,1760.0578551508856,True,True,B2509;S2008130028;S2010130005,
31,24027602700,24031700817,4,5,1,24027605401__24027605402,24027605401,24027605402,#d62728,2366.000102937604,True,True,B2589,
31,24027602700,24031700817,5,6,1,24027605402__24027605602,24027605402,24027605602,#9467bd,2538.7571374491217,True,True,B130095;S2000130001;S2011130728,
31,24027602700,24031700817,6,7,1,24027605601__24027605602,24027605601,24027605602,#8c564b,3338.5815913768556,True,True,S2017130243,
31,24027602700,24031700817,7,8,1,24027605502__24027605601,24027605502,24027605601,#e377c2,4108.465007865971,True,True,S2011130729,
31,24027602700,24031700817,8,10,1,24027605504__24027605505,24027605504,24027605505,#7f7f7f,4753.962135223262,True,True,B130051;B130056;S1998130132;S1998130133;S1998130134;S1998130135;S2010130077;S2010130078;S2010130079;S2010130081;S2010130083;S2010130084,
31,24027602700,24031700817,9,12,1,24027605102__24027605103,24027605102,24027605103,#bcbd22,8808.218005298077,True,True,B2548;B2576,
31,24027602700,24031700817,10,13,1,24027605103__24031701316,24027605103,24031701316,#17becf,5596.1308385689035,True,True,B2753;S2012150648,
31,24027602700,24031700817,11,14,1,24031701315__24031701316,24031701315,24031701316,#aec7e8,2940.787831350443,True,True,S2012150671,
31,24027602700,24031700817,12,15,1,24031701314__24031701315,24031701314,24031701315,#ffbb78,1308.675280763651,True,True,B2750;B2751;S2012150867,
31,24027602700,24031700817,13,16,1,24031701312__24031701314,24031701312,24031701314,#98df8a,1176.1772829406868,True,True,B2743;B2750,
31,24027602700,24031700817,14,17,1,24031701312__24031701313,24031701312,24031701313,#ff9896,2362.339354893824,True,True,B150038,
31,24027602700,24031700817,15,18,1,24031701306__24031701313,24031701306,24031701313,#c5b0d5,2856.801114340644,True,True,S2012150674,
31,24027602700,24031700817,16,19,1,24031701306__24031701307,24031701306,24031701307,#c49c94,5587.558774072418,False,False,,
31,24027602700,24031700817,17,21,1,24031701211__24031701212,24031701211,24031701212,#f7b6d2,4335.583437436981,True,True,S2012150881,
31,24027602700,24031700817,18,22,1,24031700711__24031701212,24031700711,24031701212,#c7c7c7,1420.6507352889425,True,True,S2012150677,
31,24027602700,24031700817,19,23,1,24031700704__24031700711,24031700704,24031700711,#dbdb8d,2689.384814285888,True,True,S2012150771;S2012150815,
31,24027602700,24031700817,20,24,1,24031700704__24031700718,24031700704,24031700718,#9edae5,1374.988109713122,True,True,S2001150153;S2012150968;S2018150234,
31,24027602700,24031700817,21,25,1,24031700718__24031700817,24031700718,24031700817,#393b79,1507.0494126940248,True,True,B2965;S2000150030;S2005150077,
32,24009861004,24009860701,1,1,1,24009861003__24009861004,24009861003,24009861004,#1f77b4,13113.541924574456,True,True,B1329;S2013040571;S2017040320,
32,24009861004,24009860701,2,3,1,24009860801__24009860900,24009860801,24009860900,#ff7f0e,8810.361613049145,False,False,,
32,24009861004,24009860701,3,5,1,24009860701__24009860703,24009860701,24009860703,#2ca02c,8874.119012976584,True,True,B1312;B1344,
33,24005420900,24005421000,1,1,3,24005420900__24005421000,24005420900,24005421000,#1f77b4,1600.2319216321198,True,True,S2012030168;S2013030244,
34,24510220100,24027602900,1,1,1,24510210100__24510220100,24510210100,24510220100,#1f77b4,1161.2948411631573,True,True,B240054;BC055;S2009240031;S2009240041;S2009240042;S2012241425,
34,24510220100,24027602900,2,2,1,24510210100__24510210200,24510210100,24510210200,#ff7f0e,2848.897765860104,True,True,B240030;S1998240010;S2003240025;S2009240037;S2009240038;S2012240506;S2012241335;S2012241341,
34,24510220100,24027602900,3,3,1,24510190200__24510210200,24510190200,24510210200,#2ca02c,560.8025938122307,True,True,S2012241404,
34,24510220100,24027602900,4,4,1,24510190200__24510190300,24510190200,24510190300,#d62728,1500.2269537213567,True,True,S2012241402,
34,24510220100,24027602900,5,5,1,24510190300__24510200300,24510190300,24510200300,#9467bd,917.3011887656946,True,True,B240167,
34,24510220100,24027602900,6,6,1,24510200300__24510200500,24510200300,24510200500,#8c564b,901.2727175292933,True,True,B240034;B240167;S2012241363;S2012241414;S2013240313,
34,24510220100,24027602900,7,7,1,24510200400__24510200500,24510200400,24510200500,#e377c2,930.125465746679,True,True,B240209;B240210;S2009240009,
34,24510220100,24027602900,8,8,1,24510200400__24510200600,24510200400,24510200600,#7f7f7f,914.430962109965,True,True,,
34,24510220100,24027602900,9,9,1,24510200600__24510200702,24510200600,24510200702,#bcbd22,527.4273587525751,True,True,S2012241395;S2012241421,
34,24510220100,24027602900,10,10,1,24510200702__24510200800,24510200702,24510200800,#17becf,829.6931458278389,True,True,S2012241388;S2012241395,
34,24510220100,24027602900,11,12,1,24510280403__24510280404,24510280403,24510280404,#aec7e8,1433.6932383001774,True,True,BC015;S2006240053;S2011241014;S2012241433,
34,24510220100,24027602900,12,14,1,24005400600__24005400701,24005400600,24005400701,#ffbb78,1142.5937888480044,True,True,S1999030137;S1999030140;S2011030463;S2011031018,
34,24510220100,24027602900,13,15,1,24005400701__24005400702,24005400701,24005400702,#98df8a,1188.425936382049,True,True,S2011031018,
34,24510220100,24027602900,14,17,1,24005400800__24005400900,24005400800,24005400900,#ff9896,1145.072402032912,True,True,S2011030985,
34,24510220100,24027602900,15,18,1,24005400900__24005401503,24005400900,24005401503,#c5b0d5,1134.1079449562653,True,True,B030016;B030090;S2011030989,
34,24510220100,24027602900,16,19,1,24005401503__24027602900,24005401503,24027602900,#c49c94,3058.9448275303425,False,False,,
35,24033807102,11001002302,1,1,1,24033806400__24033807102,24033806400,24033807102,#1f77b4,1460.376926608868,True,True,B3103,
35,24033807102,11001002302,2,2,1,24033806400__24033806501,24033806400,24033806501,#ff7f0e,353.62693797375863,True,True,B3103;B3265,
35,24033807102,11001002302,3,3,1,24033806200__24033806501,24033806200,24033806501,#2ca02c,1012.0826781376952,True,True,B3265,
35,24033807102,11001002302,4,4,1,24033806100__24033806200,24033806100,24033806200,#d62728,2585.190780665075,True,True,B3199;B3264;B3348;S2012161253,
35,24033807102,11001002302,5,5,1,24033805101__24033806100,24033805101,24033806100,#9467bd,536.0695233838162,True,True,B3292;S2012161145;S2012161152,
35,24033807102,11001002302,6,6,1,24033805101__24033806000,24033805101,24033806000,#8c564b,1287.3449785744929,True,True,S2012161145,
35,24033807102,11001002302,7,8,1,24033804900__24033805000,24033804900,24033805000,#e377c2,2447.83902536062,True,True,B3208;B3296,
35,24033807102,11001002302,8,9,1,11001009503__24033804900,11001009503,24033804900,#7f7f7f,981.1113123878075,True,True,B3291,
35,24033807102,11001002302,9,10,1,11001009503__11001009504,11001009503,11001009504,#bcbd22,1301.213363312107,False,False,,
35,24033807102,11001002302,10,11,1,11001009501__11001009504,11001009501,11001009504,#17becf,1458.7488272249986,False,False,,
35,24033807102,11001002302,11,12,1,11001002302__11001009501,11001002302,11001009501,#aec7e8,1988.024041745249,False,False,,
36,24045010101,24039930500,1,1,1,24045000100__24045010101,24045000100,24045010101,#1f77b4,4691.215439404813,True,True,B220026;S2011220613;S2017220190,
36,24045010101,24039930500,2,2,1,24045000100__24045000500,24045000100,24045000500,#ff7f0e,1552.896433650342,True,True,B220035;S2011220608,
36,24045010101,24039930500,3,3,1,24045000500__24045010502,24045000500,24045010502,#2ca02c,2887.4940473783367,True,True,B220031,
36,24045010101,24039930500,4,4,1,24045010501__24045010502,24045010501,24045010502,#d62728,3208.648781378122,True,True,B220054,
36,24045010101,24039930500,5,5,1,24045010501__24045010605,24045010501,24045010605,#9467bd,6576.9070281499335,True,True,B4170;S2011220130;S2011220131;S2011220133;S2011220135,
36,24045010101,24039930500,6,6,1,24039930101__24045010605,24039930101,24045010605,#8c564b,3256.6360202558626,False,False,,
36,24045010101,24039930500,7,7,1,24039930101__24039930300,24039930101,24039930300,#e377c2,15566.58987424875,False,False,,
36,24045010101,24039930500,8,8,1,24039930300__24039980400,24039930300,24039980400,#7f7f7f,10546.74519546564,True,True,B3702;B3703;S2014190603,
37,24033807000,24033806000,1,2,1,24033806400__24033807200,24033806400,24033807200,#1f77b4,1964.2624420531586,True,True,S2012161093;S2012161217;S2013160355,
37,24033807000,24033806000,2,4,1,24033805908__24033806000,24033805908,24033806000,#ff7f0e,1204.2293990798455,True,True,B3264;S2012161094,
38,24510220100,24005404101,1,1,1,24510040200__24510220100,24510040200,24510220100,#1f77b4,467.277929007628,True,True,B240055;B240211;B240212,
38,24510220100,24005404101,2,2,1,24510040100__24510040200,24510040100,24510040200,#ff7f0e,951.0056721267778,True,True,B240055;B240073;B240131;B240211;B240216,
38,24510220100,24005404101,3,4,1,24510170300__24510180100,24510170300,24510180100,#2ca02c,365.77137141777825,True,True,S2009240049;S2009240050,
38,24510220100,24005404101,4,5,1,24510160100__24510170300,24510160100,24510170300,#d62728,564.7481111310444,True,True,S2009240050,
38,24510220100,24005404101,5,6,1,24510160100__24510160200,24510160100,24510160200,#9467bd,1021.1615648521288,True,True,B240040;S2006240012;S2012240475,
38,24510220100,24005404101,6,7,1,24510160200__24510160300,24510160200,24510160300,#8c564b,1022.6769472074188,True,True,S2012240473,
38,24510220100,24005404101,7,8,1,24510150200__24510160300,24510150200,24510160300,#e377c2,127.44103561510076,True,True,B240035,
38,24510220100,24005404101,8,9,1,24510150200__24510150300,24510150200,24510150300,#7f7f7f,759.5272487803342,True,True,S2013240310,
38,24510220100,24005404101,9,10,1,24510150300__24510150400,24510150300,24510150400,#bcbd22,746.5569604436744,True,True,,
38,24510220100,24005404101,10,11,1,24510150400__24510150600,24510150400,24510150600,#17becf,652.2716589192129,True,True,S2012240455;S2012240456,
38,24510220100,24005404101,11,12,1,24510150600__24510150701,24510150600,24510150701,#aec7e8,177.31883972913602,True,True,S2012240455;S2012240456,
38,24510220100,24005404101,12,13,1,24510150701__24510150800,24510150701,24510150800,#ffbb78,1348.5302943605732,True,True,S2012240468,
38,24510220100,24005404101,13,14,1,24510150800__24510151100,24510150800,24510151100,#98df8a,885.0320991513177,True,True,S2012240415,
38,24510220100,24005404101,14,15,1,24510151000__24510151100,24510151000,24510151100,#ff9896,1511.3313418134467,True,True,S2005240059;S2012240413;S2012240415,
38,24510220100,24005404101,15,16,1,24510151000__24510280102,24510151000,24510280102,#c5b0d5,2041.6572745403264,True,True,S2012240303;S2012240412;S2012240414,
38,24510220100,24005404101,16,17,1,24005403202__24510280102,24005403202,24510280102,#c49c94,1462.1209945401574,True,True,S2011031023,
38,24510220100,24005404101,17,18,1,24005403201__24005403202,24005403201,24005403202,#f7b6d2,1389.6788377608211,True,True,S2011031033,
38,24510220100,24005404101,18,19,1,24005403201__24005403300,24005403201,24005403300,#c7c7c7,1075.6877462587663,True,True,S2011031029,
38,24510220100,24005404101,19,20,1,24005402305__24005403300,24005402305,24005403300,#dbdb8d,2460.042551177422,True,True,P0078;S1999030097,P0078
38,24510220100,24005404101,20,21,1,24005402305__24005402604,24005402305,24005402604,#9edae5,807.6267980248297,True,True,S1999030097;S1999030098,
38,24510220100,24005404101,21,22,1,24005402604__24005403702,24005402604,24005403702,#393b79,1139.523701427264,True,True,S1999030095;S1999030097,
38,24510220100,24005404101,22,23,1,24005402603__24005403702,24005402603,24005403702,#6b6ecf,4472.884379946147,True,True,B030066,
38,24510220100,24005404101,23,24,1,24005402509__24005402603,24005402509,24005402603,#637939,2814.5314087509264,True,True,B030014;B030031,
38,24510220100,24005404101,24,25,1,24005402509__24005492402,24005402509,24005492402,#b5cf6b,1549.5683466962757,True,True,,
38,24510220100,24005404101,25,26,1,24005404101__24005492402,24005404101,24005492402,#8c6d31,4990.174888633231,True,True,S2011030966,
39,24013508200,24013508102,1,1,1,24013508102__24013508200,24013508102,24013508200,#1f77b4,3648.2770417474417,True,True,B060087;B1514,
40,51153900100,24033802104,1,1,1,51059416300__51153900100,51059416300,51153900100,#1f77b4,7657.986120883582,False,False,,
40,51153900100,24033802104,2,2,1,51059416200__51059416300,51059416200,51059416300,#ff7f0e,8241.292727361666,False,False,,
40,51153900100,24033802104,3,3,1,51059416100__51059416200,51059416100,51059416200,#2ca02c,4656.4833131046435,False,False,,
40,51153900100,24033802104,4,4,1,51059415900__51059416100,51059415900,51059416100,#d62728,1514.123885384777,False,False,,
40,51153900100,24033802104,5,5,1,51059415900__51059416000,51059415900,51059416000,#9467bd,3003.8990434130133,False,False,,
40,51153900100,24033802104,6,7,1,51059415500__51059415800,51059415500,51059415800,#8c564b,3296.3455729734014,False,False,,
40,51153900100,24033802104,7,8,1,51059415500__51059415600,51059415500,51059415600,#e377c2,2261.8895137025706,False,False,,
40,51153900100,24033802104,8,9,1,24033801307__51059415600,24033801307,51059415600,#7f7f7f,1978.2952290377084,False,False,,
40,51153900100,24033802104,9,10,1,24033801307__24033801410,24033801307,24033801410,#bcbd22,4523.358476098442,True,True,S2012161040,
40,51153900100,24033802104,10,11,1,24033801410__24033801411,24033801410,24033801411,#17becf,2923.770005129725,True,True,S2012161040,
40,51153900100,24033802104,11,12,1,24033801409__24033801411,24033801409,24033801411,#aec7e8,1486.5934278027903,True,True,S2012161124,
40,51153900100,24033802104,12,13,1,24033801406__24033801409,24033801406,24033801409,#ffbb78,3682.0494124407833,True,True,S2012161184,
40,51153900100,24033802104,13,14,1,24033801406__24033801407,24033801406,24033801407,#98df8a,2098.1954942271886,True,True,S2012161082,
40,51153900100,24033802104,14,15,1,24033801407__24033801408,24033801407,24033801408,#ff9896,2875.458092341548,False,False,,
40,51153900100,24033802104,15,17,1,24033801701__24033801901,24033801701,24033801901,#c5b0d5,2325.958701073806,True,True,S2012161057;S2012161062,
40,51153900100,24033802104,16,19,1,24033801904__24033801905,24033801904,24033801905,#c49c94,2910.345778808637,True,True,B3152,
40,51153900100,24033802104,17,20,1,24033801905__24033801906,24033801905,24033801906,#f7b6d2,1998.5381021908452,True,True,S2000160228;S2007160077,
40,51153900100,24033802104,18,21,1,24033801906__24033802104,24033801906,24033802104,#c7c7c7,1512.0370826613973,True,True,B160128;S2000160226;S2015160241,
41,24003706301,24003706600,1,1,1,24003706301__24003706302,24003706301,24003706302,#1f77b4,2931.4959177048822,True,True,B0695,
41,24003706301,24003706600,2,2,1,24003706302__24003706402,24003706302,24003706402,#ff7f0e,1579.9127489512707,True,True,S2011020767,
41,24003706301,24003706600,3,3,1,24003706402__24003706500,24003706402,24003706500,#2ca02c,555.862973797648,False,False,,
41,24003706301,24003706600,4,4,1,24003706101__24003706500,24003706101,24003706500,#d62728,1996.4729055189293,True,True,B0739,
41,24003706301,24003706600,5,5,1,24003706101__24003706600,24003706101,24003706600,#9467bd,791.1474683852641,True,True,,
42,24021772200,24021751902,1,1,1,24021772200__24021775600,24021772200,24021775600,#1f77b4,4816.920690284373,True,True,P0067,P0067
42,24021772200,24021751902,2,2,1,24021751902__24021775600,24021751902,24021775600,#ff7f0e,6159.03537812811,True,True,P0067,P0067
43,24031704805,24031706010,1,1,1,24031704805__24031704806,24031704805,24031704806,#1f77b4,561.3856244575446,True,True,,
43,24031704805,24031706010,2,2,1,24031704600__24031704806,24031704600,24031704806,#ff7f0e,605.569234842525,True,True,S2012150745,
43,24031704805,24031706010,3,3,1,24031704503__24031704600,24031704503,24031704600,#2ca02c,1723.562431059987,True,True,S2012150712,
43,24031704805,24031706010,4,4,1,24031704502__24031704503,24031704502,24031704503,#d62728,1757.9068088153347,True,True,B2899;S2000150136;S2000150137;S2000150138;S2000150139;S2000150140;S2000150141;S2000150142;S2000150143,
43,24031704805,24031706010,5,5,1,24031704502__24031706013,24031704502,24031706013,#9467bd,160.54099009801803,False,False,,
43,24031704805,24031706010,6,6,1,24031704501__24031706013,24031704501,24031706013,#8c564b,1462.3641776968734,True,True,B2963;S2001150170;S2004150048,
44,24033801307,24033801312,1,1,1,24033801307__24033801308,24033801307,24033801308,#1f77b4,1342.559642407445,True,True,S2012161114;S2012161126,
44,24033801307,24033801312,2,2,1,24033801308__24033801312,24033801308,24033801312,#ff7f0e,1434.1171994180258,True,True,B3203,
45,24031701202,24031701314,1,1,1,24031701201__24031701202,24031701201,24031701202,#1f77b4,2211.17806012112,True,True,B150079,
45,24031701202,24031701314,2,2,1,24031701201__24031703501,24031701201,24031703501,#ff7f0e,2799.543145770821,True,True,S2012150913,
45,24031701202,24031701314,3,3,1,24031703301__24031703501,24031703301,24031703501,#2ca02c,1441.1056287574866,True,True,S2012150799,
45,24031701202,24031701314,4,4,1,24031703301__24031703302,24031703301,24031703302,#d62728,2083.6696459367145,True,True,S2012150683;S2012150798;S2012150799,
45,24031701202,24031701314,5,5,1,24031703201__24031703302,24031703201,24031703302,#9467bd,1102.6418016038401,True,True,S2012150683;S2012150685;S2012150686;S2012150798,
45,24031701202,24031701314,6,6,1,24031703201__24031703202,24031703201,24031703202,#8c564b,4143.699592297286,True,True,S2012150829,
45,24031701202,24031701314,7,7,1,24031703202__24031703216,24031703202,24031703216,#e377c2,930.684696415116,True,True,B150087,
45,24031701202,24031701314,8,8,1,24031703216__24031703218,24031703216,24031703218,#7f7f7f,470.806786831104,True,True,,
45,24031701202,24031701314,9,9,1,24031701308__24031703218,24031701308,24031703218,#bcbd22,670.5254401082223,True,True,B2975,
45,24031701202,24031701314,10,10,1,24031701308__24031701314,24031701308,24031701314,#17becf,2002.9798252992105,True,True,S2017150267,
46,24510120100,24510120201,1,1,1,24510120100__24510120201,24510120100,24510120201,#1f77b4,698.5986015457727,True,True,B240194,
47,24021751701,24031700818,1,1,2,24021751701__24021775600,24021751701,24021775600,#1f77b4,8746.657956355853,False,False,,
47,24021751701,24031700818,2,4,1,24021751901__24021751903,24021751901,24021751903,#ff7f0e,1017.8128862851331,True,True,B1947;S2017100227,
47,24021751701,24031700818,3,5,1,24021751903__24021752102,24021751903,24021752102,#2ca02c,12700.632210170821,True,True,B100082,
47,24021751701,24031700818,4,6,1,24021752101__24021752102,24021752101,24021752102,#d62728,10026.049057504599,True,True,B2002;S2011100683,
47,24021751701,24031700818,5,7,1,24021752101__24031700312,24021752101,24031700312,#9467bd,3027.721374693041,False,False,,
47,24021751701,24031700818,6,8,1,24031700311__24031700312,24031700311,24031700312,#8c564b,8899.470558445275,True,True,B150116;S2007150045;S2007150046;S2007150047;S2007150048,
47,24021751701,24031700818,7,9,1,24031700304__24031700311,24031700304,24031700311,#e377c2,3099.446007795988,True,True,B2875,
47,24021751701,24031700818,8,10,1,24031700304__24031700308,24031700304,24031700308,#7f7f7f,1314.7919887535263,True,True,P0004,P0004
47,24021751701,24031700818,9,11,1,24031700308__24031700309,24031700308,24031700309,#bcbd22,1459.0503126938975,True,True,B150058;S1997150018;S1997150020;S1997150021,
47,24021751701,24031700818,10,12,1,24031700309__24031700818,24031700309,24031700818,#17becf,1607.9527417502127,True,True,B2769;S2009150027;S2009150030,
48,24003730901,24003741000,1,2,1,24003702702__24003730800,24003702702,24003730800,#1f77b4,4414.893557706248,False,False,,
48,24003730901,24003741000,2,3,1,24003702100__24003730800,24003702100,24003730800,#ff7f0e,2.6904183092550005,False,False,,
48,24003730901,24003741000,3,4,1,24003702100__24003730601,24003702100,24003730601,#2ca02c,3134.7241868295373,False,False,,
48,24003730901,24003741000,4,6,1,24003740800__24003741000,24003740800,24003741000,#d62728,5519.761071153941,True,True,S2011020793,
49,24003740603,24005401400,1,1,1,24003740603__24003751500,24003740603,24003751500,#1f77b4,10564.708428286287,True,True,S2007020021;S2010020039;S2010020040;S2010020042;S2010020043;S2010020044;S2010020045,
49,24003740603,24005401400,2,2,1,24003740601__24003751500,24003740601,24003751500,#ff7f0e,566.2456376333492,True,True,S2007020014;S2007020015;S2007020021;S2010020039;S2010020041;S2010020042,
49,24003740603,24005401400,3,4,1,24003740102__24003740400,24003740102,24003740400,#2ca02c,7930.926548571738,True,True,S2006020036,
49,24003740603,24005401400,4,5,1,24003740102__24027601203,24003740102,24027601203,#d62728,4023.771316333673,True,True,B0813,
49,24003740603,24005401400,5,6,1,24027601103__24027601203,24027601103,24027601203,#9467bd,801.3479729412488,True,True,S1998130101;S1998130102,
49,24003740603,24005401400,6,7,1,24027601103__24027601104,24027601103,24027601104,#8c564b,4018.877687967858,True,True,S2010130008,
49,24003740603,24005401400,7,8,1,24027601104__24027602700,24027601104,24027602700,#e377c2,3966.0757847321356,True,True,B130076,
49,24003740603,24005401400,8,9,1,24005401400__24027602700,24005401400,24027602700,#7f7f7f,3438.8676059261634,True,True,S2005130028;S2011030983,
50,24025301301,24025301602,1,1,1,24025301301__24025301601,24025301301,24025301601,#1f77b4,967.5415689412686,False,False,,
50,24025301301,24025301602,2,2,1,24025301302__24025301601,24025301302,24025301601,#ff7f0e,2587.940628658489,True,True,B2332,
50,24025301301,24025301602,3,3,1,24025301302__24025301602,24025301302,24025301602,#2ca02c,162.19021968517933,True,True,B2333,
50,24025301301,24025301602,4,4,2,24025301602__24025301702,24025301602,24025301702,#d62728,6970.147605844399,True,True,B2333,
51,24510060400,24005490400,1,1,1,24510060400__24510070400,24510060400,24510070400,#1f77b4,564.9611264171081,True,True,,
51,24510060400,24005490400,2,2,1,24510070400__24510080800,24510070400,24510080800,#ff7f0e,842.17037267112,True,True,,
51,24510060400,24005490400,3,3,1,24510080700__24510080800,24510080700,24510080800,#2ca02c,845.3530962878748,True,True,,
51,24510060400,24005490400,4,4,1,24510080700__24510090900,24510080700,24510090900,#d62728,356.0919494902712,True,True,,
51,24510060400,24005490400,5,5,1,24510090800__24510090900,24510090800,24510090900,#9467bd,875.4749930616297,True,True,S2013240278,
51,24510060400,24005490400,6,6,1,24510090400__24510090800,24510090400,24510090800,#8c564b,319.2441195312569,True,True,,
51,24510060400,24005490400,7,7,1,24510090400__24510120201,24510090400,24510120201,#e377c2,217.29498400205983,True,True,,
51,24510060400,24005490400,8,8,1,24510120100__24510120201,24510120100,24510120201,#7f7f7f,698.5986015457727,True,True,B240194,
51,24510060400,24005490400,9,9,1,24510120100__24510271102,24510120100,24510271102,#bcbd22,1762.6813733191482,True,True,B240226;B240227;B240228,
51,24510060400,24005490400,10,10,1,24510271102__24510271200,24510271102,24510271200,#17becf,554.4632148695807,True,True,S2012241432,
51,24510060400,24005490400,11,11,1,24510271200__24510271300,24510271200,24510271300,#aec7e8,2724.904331295425,True,True,B240096;B240098,
51,24510060400,24005490400,12,12,1,24005490500__24510271300,24005490500,24510271300,#ffbb78,1305.1892572699564,True,True,B030044;S2009030049,
51,24510060400,24005490400,13,13,1,24005490400__24005490500,24005490400,24005490500,#98df8a,4171.628339603302,True,True,S2009030044;S2012030175,
52,24027602800,24027602700,1,1,3,24027602700__24027602800,24027602700,24027602800,#1f77b4,3709.1416420463484,True,True,S2005130028,
53,24031700604,24031700816,1,1,1,24031700604__24031700615,24031700604,24031700615,#1f77b4,3945.894996069178,True,True,B2710,
53,24031700604,24031700816,2,2,1,24031700615__24031700616,24031700615,24031700616,#ff7f0e,3290.216412434013,True,True,S2017150200,
53,24031700604,24031700816,3,3,1,24031700606__24031700616,24031700606,24031700616,#2ca02c,4212.335647684799,False,False,,
53,24031700604,24031700816,4,4,1,24031700606__24031700826,24031700606,24031700826,#d62728,93.90125096546056,False,False,,
53,24031700604,24031700816,5,5,1,24031700826__24031700828,24031700826,24031700828,#9467bd,2250.3076691794677,False,False,,
53,24031700604,24031700816,6,6,1,24031700816__24031700828,24031700816,24031700828,#8c564b,867.0355361829712,True,True,B150007;B150012,
53,24031700604,24031700816,7,7,2,24031700816__24031700829,24031700816,24031700829,#e377c2,2731.6356676669234,True,True,B150012,
54,11001007301,24017850101,1,1,1,11001007301__11001010900,11001007301,11001010900,#1f77b4,2158.554244090934,False,False,,
54,11001007301,24017850101,2,2,1,11001010900__51510202002,11001010900,51510202002,#ff7f0e,593.4263404071855,False,False,,
54,11001007301,24017850101,3,3,1,51059415200__51510202002,51059415200,51510202002,#2ca02c,1003.7375199244409,False,False,,
54,11001007301,24017850101,4,4,1,51059415200__51059415600,51059415200,51059415600,#d62728,2879.4263534576066,False,False,,
54,11001007301,24017850101,5,5,1,51059415500__51059415600,51059415500,51059415600,#9467bd,2261.8895137025706,False,False,,
54,11001007301,24017850101,6,7,1,24033801309__51059415800,24033801309,51059415800,#8c564b,1263.2557350481104,False,False,,
54,11001007301,24017850101,7,9,1,24017850101__24033801302,24017850101,24033801302,#e377c2,6774.296104953506,True,True,B1763,
55,24005490602,24510271200,1,1,2,24005490601__24005490602,24005490601,24005490602,#1f77b4,1032.3811599739072,True,True,S2012030154,
56,24003731202,24027605102,1,1,1,24003731202__24003731203,24003731202,24003731203,#1f77b4,2665.3759119531505,True,True,S2011020813,
56,24003731202,24027605102,2,2,1,24003730603__24003731203,24003730603,24003731203,#ff7f0e,1370.5088247313352,True,True,S2011020712;S2011020713,
56,24003731202,24027605102,3,3,1,24003730601__24003730603,24003730601,24003730603,#2ca02c,1519.2672801375936,False,False,,
56,24003731202,24027605102,4,4,1,24003730504__24003730601,24003730504,24003730601,#d62728,2831.9498884374266,True,True,B020067,
56,24003731202,24027605102,5,5,1,24003730504__24003741000,24003730504,24003741000,#9467bd,787.698102724411,True,True,S2009020037,
56,24003731202,24027605102,6,6,1,24003740203__24003741000,24003740203,24003741000,#8c564b,6173.768382856647,True,True,B020100,
56,24003731202,24027605102,7,7,1,24003740203__24003740303,24003740203,24003740303,#e377c2,3734.7521210100763,True,True,S2011020798,
56,24003731202,24027605102,8,8,1,24003740105__24003740303,24003740105,24003740303,#7f7f7f,3020.442384120114,True,True,S2008020010,
56,24003731202,24027605102,9,9,1,24003740104__24003740105,24003740104,24003740105,#bcbd22,2218.9050082215504,True,True,S2008020010,
56,24003731202,24027605102,10,10,1,24003740103__24003740104,24003740103,24003740104,#17becf,4343.95228419912,True,True,S2011020800;S2011020801,
56,24003731202,24027605102,11,12,1,24003740102__24003740601,24003740102,24003740601,#aec7e8,5334.365465982339,True,True,B0677;B0716;S2001020082;S2006020025;S2007020013;S2010020004;S2010020005;S2010020116;S2015020233;S2015020234,
56,24003731202,24027605102,12,13,1,24003740102__24003740400,24003740102,24003740400,#ffbb78,7930.926548571738,True,True,S2006020036,
56,24003731202,24027605102,13,15,1,24027606901__24027606905,24027606901,24027606905,#98df8a,5140.640714054911,True,True,B2580;B2586;S2000130035;S2001130021;S2001130024,
56,24003731202,24027605102,14,17,1,24027606804__24027606806,24027606804,24027606806,#ff9896,1709.5764902723686,True,True,S2008130002,
57,24027606707,24027601201,1,2,1,24027601107__24027606706,24027601107,24027606706,#1f77b4,2086.282846117291,True,True,S2001130045;S2001130048;S2001130050;S2005130030,
57,24027606707,24027601201,2,3,1,24027601108__24027606706,24027601108,24027606706,#ff7f0e,1160.08756954615,True,True,S2008130012,
57,24027606707,24027601201,3,4,1,24027601108__24027601203,24027601108,24027601203,#2ca02c,873.71270498423,True,True,P0039,P0039
57,24027606707,24027601201,4,5,1,24027601203__24027601204,24027601203,24027601204,#d62728,3032.953265423916,True,True,B130057;B2542;S1998130101;S2001130013;S2001130016;S2004130002;S2004130003;S2004130004;S2004130005,
57,24027606707,24027601201,5,6,1,24027601201__24027601204,24027601201,24027601204,#9467bd,4004.6759279345115,True,True,B130088;B130091;B130092;S2012130616,
58,24003730604,24003731102,1,1,1,24003730604__24003730700,24003730604,24003730700,#1f77b4,5239.065731572902,True,True,B020021,
58,24003730604,24003731102,2,2,1,24003730700__24003731201,24003730700,24003731201,#ff7f0e,3041.936932761612,True,True,B020081;B0609;B0610;B0751;S2011020820;S2011020830;S2011020832,
58,24003730604,24003731102,3,3,1,24003731105__24003731201,24003731105,24003731201,#2ca02c,3619.965233463001,True,True,B020081,
58,24003730604,24003731102,4,4,1,24003731104__24003731105,24003731104,24003731105,#d62728,3719.7719878206067,True,True,S2011020836,
58,24003730604,24003731102,5,5,1,24003731102__24003731104,24003731102,24003731104,#9467bd,3412.9710040206965,True,True,S2011020841,
59,24027605503,24033800504,1,1,2,24027605402__24027605503,24027605402,24027605503,#1f77b4,2364.333113346513,True,True,S2011130730,
59,24027605503,24033800504,2,3,1,24027605503__24027605602,24027605503,24027605602,#ff7f0e,700.1456249029667,True,True,S2011130729;S2011130730,
59,24027605503,24033800504,3,5,1,24027606701__24027606707,24027606701,24027606707,#2ca02c,1364.6086128927193,True,True,S2010130069;S2010130070;S2010130075;S2010130076,
59,24027605503,24033800504,4,7,1,24027606804__24027606905,24027606804,24027606905,#d62728,1717.46377687049,True,True,S2000130035;S2000130037,
59,24027605503,24033800504,5,9,1,24003740500__24027606904,24003740500,24027606904,#9467bd,1718.1889527598312,True,True,S2005130037;S2011020810,
59,24027605503,24033800504,6,10,1,24003740500__24003751500,24003740500,24003751500,#8c564b,6150.968788040384,True,True,B0715;B0815;S2006020048;S2006020049;S2006020050;S2006020051;S2007020018;S2011020808,
59,24027605503,24033800504,7,12,1,24003740603__24033800411,24003740603,24033800411,#e377c2,7217.903835122511,False,False,,
59,24027605503,24033800504,8,13,1,24003740603__24033800410,24003740603,24033800410,#7f7f7f,1161.0793571174468,False,False,,
59,24027605503,24033800504,9,14,1,24033800403__24033800410,24033800403,24033800410,#bcbd22,1625.545615131544,False,False,,
59,24027605503,24033800504,10,15,1,24033800401__24033800403,24033800401,24033800403,#17becf,1386.484298210051,True,True,B160005,
59,24027605503,24033800504,11,16,1,24033800401__24033800402,24033800401,24033800402,#aec7e8,2144.7012583867695,True,True,B160005;S2012161226,
59,24027605503,24033800504,12,17,1,24033800402__24033800504,24033800402,24033800504,#ffbb78,1285.4284948314066,True,True,S2012161225;S2012161231;S2012161235,
60,24017850706,24017851400,1,1,2,24017850706__24017850901,24017850706,24017850901,#1f77b4,1132.3803643138192,True,True,B1748,
60,24017850706,24017851400,2,4,1,24017850904__24017850905,24017850904,24017850905,#ff7f0e,2998.5852856313945,True,True,B080102;S1998080053,
60,24017850706,24017851400,3,5,1,24017850802__24017850904,24017850802,24017850904,#2ca02c,6126.475473938291,True,True,B080093;B1759;P0080;S1998080053,P0080
60,24017850706,24017851400,4,6,1,24017850802__24017851400,24017850802,24017851400,#d62728,10762.27767221272,True,True,B1702,
61,24003730100,24025301202,1,2,1,24005421300__24005980000,24005421300,24005980000,#1f77b4,4050.0470231870186,False,False,,
61,24003730100,24025301202,2,3,1,24005421200__24005421300,24005421200,24005421300,#ff7f0e,1413.6200905676958,True,True,S2012030163;S2012030167;S2012030172,
61,24003730100,24025301202,3,4,1,24005420200__24005421200,24005420200,24005421200,#2ca02c,2505.4319831873513,True,True,B030023,
61,24003730100,24025301202,4,5,1,24005420200__24005420401,24005420200,24005420401,#d62728,2547.789014059277,True,True,B030004;S2006030041;S2012030018;S2017030314,
61,24003730100,24025301202,5,6,1,24005420401__24005420402,24005420401,24005420402,#9467bd,2861.155087388434,True,True,S2012030018;S2017030314,
61,24003730100,24025301202,6,7,1,24005420303__24005420402,24005420303,24005420402,#8c564b,2076.7333729630236,True,True,S2012030018,
61,24003730100,24025301202,7,8,1,24005420302__24005420303,24005420302,24005420303,#e377c2,1825.469830531375,True,True,S2012030017,
61,24003730100,24025301202,8,9,1,24005420301__24005420302,24005420301,24005420302,#7f7f7f,1260.849306636073,True,True,S2012030017,
61,24003730100,24025301202,9,10,1,24005420301__24005452400,24005420301,24005452400,#bcbd22,714.7348323726333,True,True,B0919;S2012030014,
61,24003730100,24025301202,10,11,1,24005450400__24005452400,24005450400,24005452400,#17becf,2536.4293354457445,True,True,S2017030282,
61,24003730100,24025301202,11,12,1,24005450400__24005450501,24005450400,24005450501,#aec7e8,2244.4278297599462,True,True,B1059,
61,24003730100,24025301202,12,13,1,24005450501__24005450800,24005450501,24005450800,#ffbb78,948.6854461228775,True,True,B030021;S2001030127;S2012030059;S2012030060,
61,24003730100,24025301202,13,14,1,24005450800__24005492300,24005450800,24005492300,#98df8a,1298.5575592225453,True,True,B030021;S2001030127;S2001030128;S2012030078;S2012030205,
61,24003730100,24025301202,14,15,1,24005451200__24005492300,24005451200,24005492300,#ff9896,2781.562393603258,True,True,S2009030015;S2009030016;S2009030019;S2012030039;S2012030040;S2012030204,
61,24003730100,24025301202,15,16,1,24005451200__24005451402,24005451200,24005451402,#c5b0d5,480.4954510966264,True,True,S2012030039,
61,24003730100,24025301202,16,17,1,24005451402__24005451701,24005451402,24005451701,#c49c94,4465.277840898902,True,True,S2012030185,
61,24003730100,24025301202,17,18,1,24005451701__24005451702,24005451701,24005451702,#f7b6d2,5593.768612056308,True,True,S1997030009,
61,24003730100,24025301202,18,19,1,24005411302__24005451702,24005411302,24005451702,#c7c7c7,6969.712976659587,True,True,S2012030044,
61,24003730100,24025301202,19,20,1,24005411102__24005411302,24005411102,24005411302,#dbdb8d,5250.6895804998485,True,True,B0954,
61,24003730100,24025301202,20,21,1,24005411102__24025301301,24005411102,24025301301,#9edae5,2199.3723238015054,True,True,S2011120698,
61,24003730100,24025301202,21,22,1,24025301201__24025301301,24025301201,24025301301,#393b79,5337.983534139615,True,True,S2011120486;S2011120487;S2011120489,
61,24003730100,24025301202,22,23,1,24025301201__24025301202,24025301201,24025301202,#6b6ecf,2601.7286546536297,False,False,,
62,24031701314,24031701409,1,1,1,24031701308__24031701314,24031701308,24031701314,#1f77b4,2002.9798252992105,True,True,S2017150267,
62,24031701314,24031701409,2,2,1,24031701308__24031701316,24031701308,24031701316,#ff7f0e,3320.093681990371,True,True,B2789,
62,24031701314,24031701409,3,3,1,24031701316__24031701408,24031701316,24031701408,#2ca02c,6311.626978118238,True,True,S2002150179;S2012150687,
62,24031701314,24031701409,4,4,1,24031701408__24031701409,24031701408,24031701409,#d62728,5643.991928523113,True,True,B2842;S2012150650,
63,24510040200,24510170300,1,1,1,24510040200__24510180100,24510040200,24510180100,#1f77b4,631.0109105281517,True,True,S2003240021;S2009240019;S2009240020;S2012240488,
63,24510040200,24510170300,2,2,1,24510170300__24510180100,24510170300,24510180100,#ff7f0e,365.77137141777825,True,True,S2009240049;S2009240050,
64,24510130806,24005402305,1,1,1,24510130806__24510151300,24510130806,24510151300,#1f77b4,530.8333449774232,True,True,S2006240025,
64,24510130806,24005402305,2,2,1,24510151300__24510271600,24510151300,24510271600,#ff7f0e,1469.1896327508505,True,True,S2006240025;S2006240045,
64,24510130806,24005402305,3,3,1,24510271600__24510271802,24510271600,24510271802,#2ca02c,525.8848992729447,True,True,,
64,24510130806,24005402305,4,4,1,24510271801__24510271802,24510271801,24510271802,#d62728,949.0919418448624,True,True,S2012240303,
64,24510130806,24005402305,5,6,1,24510280101__24510280102,24510280101,24510280102,#9467bd,2993.2584188196092,True,True,S2012240303;S2012240310;S2012241362,
64,24510130806,24005402305,6,7,1,24005403201__24510280101,24005403201,24510280101,#8c564b,545.2033469744233,True,True,S2011031033,
64,24510130806,24005402305,7,8,1,24005403100__24005403201,24005403100,24005403201,#e377c2,1984.5197322173676,True,True,S2011031035,
64,24510130806,24005402305,8,9,1,24005402305__24005403100,24005402305,24005403100,#7f7f7f,3647.2092209439656,True,True,S2011031026,
65,24025301602,24025301202,1,2,1,24025301702__24025301703,24025301702,24025301703,#1f77b4,5184.94171157833,True,True,P0012,P0012
65,24025301602,24025301202,2,4,1,24025301107__24025301205,24025301107,24025301205,#ff7f0e,1687.9989817703572,True,True,S2013120359;S2013120360;S2013120361;S2013120362;S2017120202;S2017120332,
65,24025301602,24025301202,3,5,1,24025301202__24025301205,24025301202,24025301205,#2ca02c,1504.0056845496963,True,True,S2011120706;S2011120707,
66,24510080800,24510100300,1,1,1,24510080800__24510100100,24510080800,24510100100,#1f77b4,386.69169769073864,True,True,,
66,24510080800,24510100300,2,2,1,24510100100__24510100200,24510100100,24510100200,#ff7f0e,815.5182277204841,True,True,S2005240050,
66,24510080800,24510100300,3,3,1,24510100200__24510100300,24510100200,24510100300,#2ca02c,391.5223517256901,True,True,B240140,
67,24005491201,24005491600,1,1,1,24005491201__24005491600,24005491201,24005491600,#1f77b4,1206.5602000879692,True,True,B030063;B1088;S2003030032;S2003030033,
68,24025304201,24005490800,1,2,1,24005408502__24005410200,24005408502,24005410200,#1f77b4,3202.175310605395,False,False,,
68,24025304201,24005490800,2,4,1,24005490100__24005490302,24005490100,24005490302,#ff7f0e,3235.247651683771,True,True,B1102;P0054;S1998030068;S1998030089;S2007030024,P0054
68,24025304201,24005490800,3,6,1,24005490800__24005490900,24005490800,24005490900,#2ca02c,1295.4003883794478,True,True,S2012030137;S2012030140;S2012030141;S2017030292,
69,24021751003,11001001302,1,1,1,24021751003__24021752204,24021751003,24021752204,#1f77b4,1386.5346354188132,False,False,,
69,24021751003,11001001302,2,2,1,24021752201__24021752204,24021752201,24021752204,#ff7f0e,9817.496876425448,True,True,B1998;S2007100081;S2007100084,
69,24021751003,11001001302,3,3,1,24021752102__24021752201,24021752102,24021752201,#2ca02c,1838.5765494810587,True,True,B2844,
69,24021751003,11001001302,4,4,1,24021752102__24031700312,24021752102,24031700312,#d62728,1126.5547225636765,True,True,B2844,
69,24021751003,11001001302,5,5,1,24031700311__24031700312,24031700311,24031700312,#9467bd,8899.470558445275,True,True,B150116;S2007150045;S2007150046;S2007150047;S2007150048,
69,24021751003,11001001302,6,6,1,24031700304__24031700311,24031700304,24031700311,#8c564b,3099.446007795988,True,True,B2875,
69,24021751003,11001001302,7,7,1,24031700304__24031700830,24031700304,24031700830,#e377c2,1567.483947107641,True,True,B2770;S2009150024;S2009150025,
69,24021751003,11001001302,8,9,1,24031700722__24031700832,24031700722,24031700832,#7f7f7f,785.3744019273247,True,True,B2872,
69,24021751003,11001001302,9,11,1,24031700706__24031700724,24031700706,24031700724,#bcbd22,608.615525784679,True,True,B2967,
69,24021751003,11001001302,10,12,1,24031700717__24031700724,24031700717,24031700724,#17becf,1405.8240446488649,True,True,B150123,
69,24021751003,11001001302,11,13,1,24031700717__24031700718,24031700717,24031700718,#aec7e8,1890.6699188735395,True,True,B2961;S2001150152;S2001150153;S2005150074;S2005150076;S2005150077;S2005150078;S2018150234,
69,24021751003,11001001302,12,14,1,24031700718__24031701007,24031700718,24031701007,#ffbb78,471.36747180664827,True,True,S2000150033;S2000150034;S2006150038,
69,24021751003,11001001302,13,15,1,24031700817__24031701007,24031700817,24031701007,#98df8a,2170.8636325168486,True,True,B150060;B150061;S2000150028;S2000150029;S2000150031,
69,24021751003,11001001302,14,17,1,24031701004__24031701005,24031701004,24031701005,#ff9896,1489.3359149439066,True,True,S2012150936;S2012150950,
69,24021751003,11001001302,15,18,1,24031701001__24031701005,24031701001,24031701005,#c5b0d5,1249.967724521657,True,True,S2005150084;S2005150085;S2005150086;S2005150087;S2005150088;S2012150960,
69,24021751003,11001001302,16,20,1,24031701205__24031704401,24031701205,24031704401,#c49c94,652.1506217090885,True,True,S2002150035;S2002150037;S2005150058;S2005150059;S2005150061;S2005150063;S2005150064;S2005150065,
69,24021751003,11001001302,17,22,1,24031704404__24031705000,24031704404,24031705000,#f7b6d2,3240.2461703570793,True,True,S2000150164;S2008150026;S2009150066,
69,24021751003,11001001302,18,23,1,24031704806__24031705000,24031704806,24031705000,#c7c7c7,1062.955954264903,True,True,S2012150743;S2012150745,
69,24021751003,11001001302,19,24,1,24031704805__24031704806,24031704805,24031704806,#dbdb8d,561.3856244575446,True,True,,
69,24021751003,11001001302,20,25,1,24031704804__24031704805,24031704804,24031704805,#9edae5,1064.0530441302672,True,True,B150085;B150124;B2864,
69,24021751003,11001001302,21,27,1,24031705300__24031705400,24031705300,24031705400,#393b79,1861.1794203131644,True,True,S2012150917;S2012150980,
69,24021751003,11001001302,22,29,1,11001001100__11001001401,11001001100,11001001401,#6b6ecf,793.2061726653945,True,True,B150125,
69,24021751003,11001001302,23,30,1,11001001100__11001001402,11001001100,11001001402,#637939,814.4864141721501,False,False,,
69,24021751003,11001001302,24,32,2,11001001301__11001001302,11001001301,11001001302,#b5cf6b,1857.9671783867298,False,False,,
70,24005404402,24005408303,1,1,1,24005404402__24005404900,24005404402,24005404900,#1f77b4,3786.414284882154,True,True,S2011030948,
70,24005404402,24005408303,2,2,1,24005404900__24005408303,24005404900,24005408303,#ff7f0e,5694.349516976052,True,True,S2011030942,
71,24003750801,24003730601,1,2,1,24003730401__24003750900,24003730401,24003750900,#1f77b4,2284.429907447213,True,True,S2011020903;S2011020904;S2011020905,
71,24003750801,24003730601,2,4,1,24003730402__24003730502,24003730402,24003730502,#ff7f0e,2620.0137992290834,True,True,B0650;P0038;S2010020139;S2010020140;S2010020141;S2010020142;S2010020143;S2010020148,P0038
71,24003750801,24003730601,3,5,1,24003730502__24003730506,24003730502,24003730506,#2ca02c,1658.3112463072187,True,True,P0038;S2011020865,P0038
71,24003750801,24003730601,4,6,1,24003730504__24003730506,24003730504,24003730506,#d62728,1212.5911363114594,False,False,,
71,24003750801,24003730601,5,7,1,24003730504__24003730601,24003730504,24003730601,#9467bd,2831.9498884374266,True,True,B020067,
72,24033805700,24033805601,1,1,1,24033805602__24033805700,24033805602,24033805700,#1f77b4,1235.6061883910668,True,True,B3214,
72,24033805700,24033805601,2,2,1,24033805601__24033805602,24033805601,24033805602,#ff7f0e,1450.9790287446688,True,True,B3214,
73,24510260102,24005491701,1,1,1,24510260102__24510270401,24510260102,24510270401,#1f77b4,705.2275215442975,True,True,B240038;S2012240242,
73,24510260102,24005491701,2,2,1,24510260101__24510270401,24510260101,24510270401,#ff7f0e,1355.176853040999,True,True,B240082,
73,24510260102,24005491701,3,3,1,24510260101__24510270502,24510260101,24510270502,#2ca02c,649.2558630154921,True,True,S2012240233,
73,24510260102,24005491701,4,4,1,24510270501__24510270502,24510270501,24510270502,#d62728,2062.272756821395,True,True,B240102;B240199;S2009030052,
73,24510260102,24005491701,5,5,1,24005440100__24510270501,24005440100,24510270501,#9467bd,1296.4193480039735,True,True,B1050;S2012240147;S2012240148,
73,24510260102,24005491701,6,6,1,24005440100__24005492102,24005440100,24005492102,#8c564b,221.13819961773524,True,True,B1050,
73,24510260102,24005491701,7,7,1,24005492101__24005492102,24005492101,24005492102,#e377c2,399.4700202070246,True,True,B1050,
73,24510260102,24005491701,8,8,1,24005492002__24005492101,24005492002,24005492101,#7f7f7f,2051.3819722891476,True,True,S2010030023;S2012030131,
73,24510260102,24005491701,9,9,1,24005491900__24005492002,24005491900,24005492002,#bcbd22,640.4432263578698,True,True,S2004030017;S2010030023,
73,24510260102,24005491701,10,10,1,24005491701__24005491900,24005491701,24005491900,#17becf,1510.3394392373448,True,True,B030089;B0958;S2012030133,
74,24510270102,24510010400,1,1,2,24510270101__24510270102,24510270101,24510270102,#1f77b4,1077.5062158309793,True,True,B240159,
74,24510270102,24510010400,2,4,1,24510260202__24510260301,24510260202,24510260301,#ff7f0e,1005.1669719799512,True,True,S2012240244;S2012240245,
74,24510270102,24510010400,3,5,1,24510260301__24510260302,24510260301,24510260302,#2ca02c,1307.5754176768867,True,True,S2012240250,
74,24510270102,24510010400,4,7,1,24510260303__24510260404,24510260303,24510260404,#d62728,659.8490210428145,True,True,S2012241354,
74,24510270102,24510010400,5,9,1,24510060100__24510070100,24510060100,24510070100,#9467bd,462.7730980102732,True,True,S2012241398,
74,24510270102,24510010400,6,11,2,24510010300__24510010400,24510010300,24510010400,#8c564b,873.6209829314035,True,True,S2005240058;S2012241410,
75,24005402407,24005404101,1,1,1,24005402407__24005402503,24005402407,24005402503,#1f77b4,81.9280483274398,False,False,,
75,24005402407,24005404101,2,2,1,24005402302__24005402503,24005402302,24005402503,#ff7f0e,1730.5479461869286,False,False,,
75,24005402407,24005404101,3,4,1,24005402602__24005402604,24005402602,24005402604,#2ca02c,2512.8729016176476,True,True,B030013;B0936;S2011030971,
75,24005402407,24005404101,4,5,1,24005402506__24005402604,24005402506,24005402604,#d62728,912.373585668292,True,True,S2011030973;S2017030298,
75,24005402407,24005404101,5,6,1,24005402506__24005402509,24005402506,24005402509,#9467bd,1271.560774205542,True,True,S2011030394;S2011030974,
75,24005402407,24005404101,6,7,1,24005402509__24005492402,24005402509,24005492402,#8c564b,1549.5683466962757,True,True,,
75,24005402407,24005404101,7,8,1,24005404101__24005492402,24005404101,24005492402,#e377c2,4990.174888633231,True,True,S2011030966,
76,24025303204,24005408100,1,3,1,24005410100__24025304201,24005410100,24025304201,#1f77b4,11986.818501243446,True,True,S2010120014,
77,24005440900,24005441000,1,1,2,24005440900__24005441101,24005440900,24005441101,#1f77b4,1827.1704571337723,True,True,B030101;S2009030071;S2012030027;S2012030028,
77,24005440900,24005441000,2,4,1,24005441000__24005441102,24005441000,24005441102,#ff7f0e,2297.9903983175363,True,True,S2010030033;S2012030032,
78,24045010605,51001980200,1,1,1,24045010605__24047951400,24045010605,24047951400,#1f77b4,14247.662532196719,True,True,B4100,
78,24045010605,51001980200,2,2,1,24047951400__51001090200,24047951400,51001090200,#ff7f0e,14755.579832363663,False,False,,
78,24045010605,51001980200,3,3,1,51001090200__51001980200,51001090200,51001980200,#2ca02c,27190.94383884508,False,False,,
79,24031700813,24031700304,1,1,1,24031700810__24031700813,24031700810,24031700813,#1f77b4,2363.2538929382836,True,True,,
79,24031700813,24031700304,2,2,1,24031700810__24031700833,24031700810,24031700833,#ff7f0e,1469.5231365801212,False,False,,
79,24031700813,24031700304,3,3,1,24031700833__24031700834,24031700833,24031700834,#2ca02c,2078.511345921254,True,True,S2012150681,
79,24031700813,24031700304,4,4,1,24031700834__24031700835,24031700834,24031700835,#d62728,2523.887795057513,True,True,B150106;S2012150891,
79,24031700813,24031700304,5,5,1,24031700830__24031700835,24031700830,24031700835,#9467bd,397.32251546099474,True,True,B150106,
79,24031700813,24031700304,6,6,1,24031700304__24031700830,24031700304,24031700830,#8c564b,1567.483947107641,True,True,B2770;S2009150024;S2009150025,
80,24031701421,24003740102,1,1,1,24031701420__24031701421,24031701420,24031701421,#1f77b4,2322.161205055963,True,True,B150074;S2006150069;S2006150070;S2006150071;S2006150072;S2006150073;S2006150074;S2006150075;S2006150076,
80,24031701421,24003740102,2,2,1,24031701420__24033807407,24031701420,24033807407,#ff7f0e,1600.1264350447764,True,True,S2012150843,
80,24031701421,24003740102,3,3,1,24033807407__24033807408,24033807407,24033807408,#2ca02c,4988.84242948247,True,True,B3350;S1999160066;S2012160373;S2012161301;S2012161303,
80,24031701421,24003740102,4,4,1,24033800212__24033807408,24033800212,24033807408,#d62728,3444.3706787948986,True,True,S2009160055;S2015160248;S2015160250;S2015160254;S2015160255;S2017160148,
80,24031701421,24003740102,5,5,1,24033800212__24033800213,24033800212,24033800213,#9467bd,3792.3627194802234,True,True,B160131;B3110,
80,24031701421,24003740102,6,6,1,24033800106__24033800213,24033800106,24033800213,#8c564b,1796.2119291778984,True,True,S2012161256,
80,24031701421,24003740102,7,7,1,24033800106__24033800108,24033800106,24033800108,#e377c2,1163.3660945634585,True,True,S2012161256,
80,24031701421,24003740102,8,8,1,24033800108__24033800109,24033800108,24033800109,#7f7f7f,2171.9611058003043,True,True,B160032,
80,24031701421,24003740102,9,9,1,24033800103__24033800109,24033800103,24033800109,#bcbd22,506.1049174626346,True,True,B160083,
80,24031701421,24003740102,10,10,1,24027606906__24033800103,24027606906,24033800103,#17becf,824.4896090737934,True,True,B130089;B2585,
80,24031701421,24003740102,11,11,1,24027606906__24027606907,24027606906,24027606907,#aec7e8,4515.256883910373,True,True,B130089;B2563;S2006130010;S2009130020;S2009130021,
80,24031701421,24003740102,12,12,1,24027606904__24027606907,24027606904,24027606907,#ffbb78,3114.619499020709,True,True,B130075;S2005130037,
80,24031701421,24003740102,13,13,1,24003740500__24027606904,24003740500,24027606904,#98df8a,1718.1889527598312,True,True,S2005130037;S2011020810,
80,24031701421,24003740102,14,14,1,24003740500__24027606905,24003740500,24027606905,#ff9896,2351.4925667782786,True,True,B130061,
80,24031701421,24003740102,15,15,1,24027606901__24027606905,24027606901,24027606905,#c5b0d5,5140.640714054911,True,True,B2580;B2586;S2000130035;S2001130021;S2001130024,
80,24031701421,24003740102,16,16,1,24003740400__24027606901,24003740400,24027606901,#c49c94,2277.571118791354,True,True,B0813,
80,24031701421,24003740102,17,17,1,24003740102__24003740400,24003740102,24003740400,#f7b6d2,7930.926548571738,True,True,S2006020036,
81,24003740500,24005401102,1,1,1,24003740500__24027606905,24003740500,24027606905,#1f77b4,2351.4925667782786,True,True,B130061,
81,24003740500,24005401102,2,2,1,24027606901__24027606905,24027606901,24027606905,#ff7f0e,5140.640714054911,True,True,B2580;B2586;S2000130035;S2001130021;S2001130024,
81,24003740500,24005401102,3,3,1,24027601203__24027606901,24027601203,24027606901,#2ca02c,3373.4095991827962,True,True,B2561;B2562,
81,24003740500,24005401102,4,4,1,24027601108__24027601203,24027601108,24027601203,#d62728,873.71270498423,True,True,P0039,P0039
81,24003740500,24005401102,5,5,1,24027601103__24027601108,24027601103,24027601108,#9467bd,2773.0634729787375,True,True,S2005130101;S2005130102;S2005130103;S2005130104;S2005130105;S2005130106;S2005130107;S2005130108,
81,24003740500,24005401102,6,6,1,24027601103__24027601104,24027601103,24027601104,#8c564b,4018.877687967858,True,True,S2010130008,
81,24003740500,24005401102,7,7,1,24005400500__24027601104,24005400500,24027601104,#e377c2,3228.2565566256635,True,True,B130076,
81,24003740500,24005401102,8,8,1,24005400500__24005401000,24005400500,24005401000,#7f7f7f,922.2099069232195,True,True,B1034,
81,24003740500,24005401102,9,9,1,24005400900__24005401000,24005400900,24005401000,#bcbd22,1349.2117340999005,True,True,B030016;B030090,
81,24003740500,24005401102,10,10,1,24005400800__24005400900,24005400800,24005400900,#17becf,1145.072402032912,True,True,S2011030985,
81,24003740500,24005401102,11,11,1,24005400800__24005401505,24005400800,24005401505,#aec7e8,494.45959775011244,True,True,S1999030134;S2007030059;S2010030179;S2011030458,
81,24003740500,24005401102,12,12,1,24005401101__24005401505,24005401101,24005401505,#ffbb78,2268.685724803367,True,True,B1110;B1111;S2001030060,
81,24003740500,24005401102,13,13,1,24005401101__24005401102,24005401101,24005401102,#98df8a,2422.8787637701535,True,True,B0973;B1110;S1999030125;S2010030117;S2010030118;S2010030119,
82,24033801404,24033801309,1,1,1,24033801404__24033801410,24033801404,24033801410,#1f77b4,3374.327954399081,False,False,,
82,24033801404,24033801309,2,2,1,24033801307__24033801410,24033801307,24033801410,#ff7f0e,4523.358476098442,True,True,S2012161040,
82,24033801404,24033801309,3,3,1,24033801307__24033801309,24033801307,24033801309,#2ca02c,3365.549091927108,True,True,S2012160625;S2012161114;S2012161125,
83,24031700834,24031700613,1,1,1,24031700830__24031700834,24031700830,24031700834,#1f77b4,1273.4126666981317,True,True,B2873,
83,24031700834,24031700613,2,3,1,24031700818__24031700819,24031700818,24031700819,#ff7f0e,3235.027633626074,True,True,S2002150145;S2002150146,
83,24031700834,24031700613,3,4,1,24031700815__24031700818,24031700815,24031700818,#2ca02c,1802.045777571526,True,True,B150047,
83,24031700834,24031700613,4,5,1,24031700614__24031700815,24031700614,24031700815,#d62728,2178.4881526851104,True,True,S2012150889,
83,24031700834,24031700613,5,6,1,24031700613__24031700614,24031700613,24031700614,#9467bd,2378.0512794431665,True,True,B150009,
84,24033805500,11001010600,1,1,1,24033805202__24033805500,24033805202,24033805500,#1f77b4,1046.0970591919877,True,True,B3212;B3261;B3263,
84,24033805500,11001010600,2,2,1,24033805000__24033805202,24033805000,24033805202,#ff7f0e,859.8594978889171,True,True,B3211,
84,24033805500,11001010600,3,3,1,24033804900__24033805000,24033804900,24033805000,#2ca02c,2447.83902536062,True,True,B3208;B3296,
84,24033805500,11001010600,4,4,1,11001009508__24033804900,11001009508,24033804900,#d62728,254.7446494237621,True,True,B3208,
84,24033805500,11001010600,5,5,1,11001009503__11001009508,11001009503,11001009508,#9467bd,360.7014862955976,True,True,B3208,
84,24033805500,11001010600,6,6,1,11001009503__11001009504,11001009503,11001009504,#8c564b,1301.213363312107,False,False,,
84,24033805500,11001010600,7,7,1,11001009504__11001009509,11001009504,11001009509,#e377c2,966.4054282093003,False,False,,
84,24033805500,11001010600,8,9,1,11001009201__11001009301,11001009201,11001009301,#7f7f7f,724.988826026391,False,False,,
84,24033805500,11001010600,9,10,1,11001009201__11001009204,11001009201,11001009204,#bcbd22,690.2505493027605,False,False,,
84,24033805500,11001010600,10,11,1,11001008702__11001009204,11001008702,11001009204,#17becf,432.72507145476806,False,False,,
84,24033805500,11001010600,11,12,1,11001008702__11001009102,11001008702,11001009102,#aec7e8,1359.1832716400997,False,False,,
84,24033805500,11001010600,12,13,1,11001008803__11001009102,11001008803,11001009102,#ffbb78,2215.60338899078,False,False,,
84,24033805500,11001010600,13,14,1,11001008803__11001010600,11001008803,11001010600,#98df8a,926.2964241672174,False,False,,
85,24005401504,24510250103,1,1,1,24005401504__24005401505,24005401504,24005401505,#1f77b4,2706.9205436223447,True,True,B030091,
85,24005401504,24510250103,2,2,1,24005401101__24005401505,24005401101,24005401505,#ff7f0e,2268.685724803367,True,True,B1110;B1111;S2001030060,
85,24005401504,24510250103,3,4,1,24005400600__24005400701,24005400600,24005400701,#2ca02c,1142.5937888480044,True,True,S1999030137;S1999030140;S2011030463;S2011031018,
85,24005401504,24510250103,4,6,1,24510250101__24510280403,24510250101,24510280403,#d62728,1612.906819218949,True,True,S2011241014;S2012241405,
85,24005401504,24510250103,5,7,1,24510250101__24510250103,24510250101,24510250103,#9467bd,549.1439101064004,True,True,B240118;S2011031013,
85,24005401504,24510250103,6,8,2,24510250102__24510250103,24510250102,24510250103,#8c564b,1029.6438438188218,True,True,B240118,
86,24033806712,24027605503,1,1,1,24033806712__24033807408,24033806712,24033807408,#1f77b4,1462.0825906543275,True,True,S2010160122,
86,24033806712,24027605503,2,2,1,24033800208__24033807408,24033800208,24033807408,#ff7f0e,6355.21323454173,True,True,B160003;B160034;B3109,
86,24033806712,24027605503,3,3,1,24033800208__24033800215,24033800208,24033800215,#2ca02c,2813.067707709451,True,True,S2015160248;S2015160250,
86,24033806712,24027605503,4,4,1,24033800212__24033800215,24033800212,24033800215,#d62728,1261.3237493737222,True,True,B160131,
86,24033806712,24027605503,5,5,1,24033800212__24033800213,24033800212,24033800213,#9467bd,3792.3627194802234,True,True,B160131;B3110,
86,24033806712,24027605503,6,6,1,24033800106__24033800213,24033800106,24033800213,#8c564b,1796.2119291778984,True,True,S2012161256,
86,24033806712,24027605503,7,7,1,24033800106__24033800108,24033800106,24033800108,#e377c2,1163.3660945634585,True,True,S2012161256,
86,24033806712,24027605503,8,8,1,24033800108__24033800109,24033800108,24033800109,#7f7f7f,2171.9611058003043,True,True,B160032,
86,24033806712,24027605503,9,9,1,24033800105__24033800109,24033800105,24033800109,#bcbd22,838.0039622602342,True,True,B160114;S2012161259,
86,24033806712,24027605503,10,10,1,24027606906__24033800105,24027606906,24033800105,#17becf,1012.5763901592434,False,False,,
86,24033806712,24027605503,11,11,1,24027606805__24027606906,24027606805,24027606906,#aec7e8,1849.1609053020034,True,True,B2529;S2006130012,
86,24033806712,24027605503,12,12,1,24027606805__24027606806,24027606805,24027606806,#ffbb78,4584.207770630129,True,True,B2564;B2565;S2006130014;S2006130016;S2006130018;S2010130035;S2010130036;S2013130220,
86,24033806712,24027605503,13,13,1,24027606803__24027606806,24027606803,24027606806,#98df8a,4884.074735093533,False,False,,
86,24033806712,24027605503,14,15,1,24027605102__24027605602,24027605102,24027605602,#ff9896,1911.9893000008797,True,True,B130055;S2005130093;S2010130077;S2010130078;S2010130081;S2010130083;S2010130084,
87,24510270502,24005492102,1,1,1,24510270501__24510270502,24510270501,24510270502,#1f77b4,2062.272756821395,True,True,B240102;B240199;S2009030052,
87,24510270502,24005492102,2,2,1,24510270501__24510270703,24510270501,24510270703,#ff7f0e,1176.3732203024106,True,True,S2012240147;S2012240148,
87,24510270502,24005492102,3,3,1,24005492102__24510270703,24005492102,24510270703,#2ca02c,1514.4355828505863,True,True,B1050;S2012030149;S2012240147;S2012240148,
88,24510160300,24510040200,1,1,1,24510160200__24510160300,24510160200,24510160300,#1f77b4,1022.6769472074188,True,True,S2012240473,
88,24510160300,24510040200,2,3,1,24510160100__24510180200,24510160100,24510180200,#ff7f0e,373.97878983414705,True,True,B240040,
88,24510160300,24510040200,3,4,1,24510160100__24510180100,24510160100,24510180100,#2ca02c,190.99564777036787,True,True,S2009240050,
88,24510160300,24510040200,4,5,1,24510040200__24510180100,24510040200,24510180100,#d62728,631.0109105281517,True,True,S2003240021;S2009240019;S2009240020;S2012240488,
89,24003740201,24025301302,1,2,1,24003730401__24003730402,24003730401,24003730402,#1f77b4,2494.664468257779,True,True,B0632;S2011020888,
89,24003740201,24025301302,2,3,1,24003730401__24003751000,24003730401,24003751000,#ff7f0e,76.59748994637854,True,True,S2011020905,
89,24003740201,24025301302,3,4,1,24003750900__24003751000,24003750900,24003751000,#2ca02c,2855.6428841893157,True,True,B0614;B0615;B0616;S2011020905,
89,24003740201,24025301302,4,5,1,24003750900__24003751102,24003750900,24003751102,#d62728,141.55493269053474,True,True,B0617,
89,24003740201,24025301302,5,6,1,24003730100__24003751102,24003730100,24003751102,#9467bd,2348.5050023519902,False,False,,
89,24003740201,24025301302,6,7,1,24003730100__24510250500,24003730100,24510250500,#8c564b,5072.208663119863,True,True,B0812;S2012241370,
89,24003740201,24025301302,7,8,1,24510250500__24510250600,24510250500,24510250600,#e377c2,7256.587925820048,True,True,B240056;B240062;S2003240011,
89,24003740201,24025301302,8,9,1,24510250600__24510260605,24510250600,24510260605,#7f7f7f,5625.204302888408,False,False,,
89,24003740201,24025301302,9,10,1,24005421102__24510260605,24005421102,24510260605,#bcbd22,2143.4648057550844,False,False,,
89,24003740201,24025301302,10,11,1,24005421101__24005421102,24005421101,24005421102,#17becf,1492.7582502122118,True,True,B030032;B030035;S2012030162;S2012030170;S2013030244,
89,24003740201,24025301302,11,12,1,24005420900__24005421101,24005420900,24005421101,#aec7e8,1090.9614956759974,True,True,S2012030169;S2012030173;S2012030174;S2013030244,
89,24003740201,24025301302,12,14,1,24005420200__24005420800,24005420200,24005420800,#ffbb78,1217.9369061579055,True,True,B030004;B030005,
89,24003740201,24025301302,13,16,1,24005420100__24005420303,24005420100,24005420303,#98df8a,831.5670182242601,True,True,B030005;S2012030016;S2012030017,
89,24003740201,24025301302,14,17,1,24005420100__24005452400,24005420100,24005452400,#ff9896,1930.0978786270366,True,True,B0918;S2012030014,
89,24003740201,24025301302,15,18,1,24005450400__24005452400,24005450400,24005452400,#c5b0d5,2536.4293354457445,True,True,S2017030282,
89,24003740201,24025301302,16,19,1,24005450400__24005450501,24005450400,24005450501,#c49c94,2244.4278297599462,True,True,B1059,
89,24003740201,24025301302,17,20,1,24005450501__24005450800,24005450501,24005450800,#f7b6d2,948.6854461228775,True,True,B030021;S2001030127;S2012030059;S2012030060,
89,24003740201,24025301302,18,21,1,24005450800__24005451500,24005450800,24005451500,#c7c7c7,1789.2745210275043,True,True,B1060;S2012030056,
89,24003740201,24025301302,19,22,1,24005451500__24005451600,24005451500,24005451600,#dbdb8d,2251.7453752672154,True,True,B1060,
89,24003740201,24025301302,20,23,1,24005451402__24005451600,24005451402,24005451600,#9edae5,2729.461534357629,True,True,B1061;S2009030015;S2009030016,
89,24003740201,24025301302,21,24,1,24005451402__24005451701,24005451402,24005451701,#393b79,4465.277840898902,True,True,S2012030185,
89,24003740201,24025301302,22,25,1,24005451701__24005451702,24005451701,24005451702,#6b6ecf,5593.768612056308,True,True,S1997030009,
89,24003740201,24025301302,23,26,1,24005411302__24005451702,24005411302,24005451702,#637939,6969.712976659587,True,True,S2012030044,
89,24003740201,24025301302,24,27,1,24005411302__24025301401,24005411302,24025301401,#b5cf6b,1857.3050120081755,False,False,,
89,24003740201,24025301302,25,29,2,24025301301__24025301302,24025301301,24025301302,#8c6d31,4350.098116164561,True,True,B120025;B2342,
90,24031706012,24031704501,1,1,1,24031701205__24031706012,24031701205,24031706012,#1f77b4,1935.9654428310334,True,True,B2851;S2010150046;S2010150047,
90,24031706012,24031704501,2,2,1,24031701205__24031704501,24031701205,24031704501,#ff7f0e,1571.9030224574562,True,True,B2931;S2001150167;S2001150171;S2001150173,
91,24510280402,24510120600,1,1,1,24510160801__24510280402,24510160801,24510280402,#1f77b4,611.9140976903933,True,True,S2012241394,
91,24510280402,24510120600,2,2,1,24510160801__24510160802,24510160801,24510160802,#ff7f0e,1775.129707091248,True,True,S2012241418,
91,24510280402,24510120600,3,3,1,24510150900__24510160802,24510150900,24510160802,#2ca02c,1245.1864011653563,True,True,B240112,
91,24510280402,24510120600,4,4,1,24510150900__24510160700,24510150900,24510160700,#d62728,454.92031888391756,True,True,B240112,
91,24510280402,24510120600,5,6,1,24510150300__24510150600,24510150300,24510150600,#9467bd,364.705327922301,True,True,,
91,24510280402,24510120600,6,8,1,24510150200__24510150400,24510150200,24510150400,#8c564b,547.0022292394789,True,True,B240019,
91,24510280402,24510120600,7,9,1,24510130300__24510150400,24510130300,24510150400,#e377c2,480.16768296369696,True,True,B240019,
91,24510280402,24510120600,8,10,1,24510130200__24510130300,24510130200,24510130300,#7f7f7f,402.7701577865739,True,True,S2013240279,
91,24510280402,24510120600,9,11,1,24510130100__24510130200,24510130100,24510130200,#bcbd22,905.368330360244,True,True,B240002,
91,24510280402,24510120600,10,13,2,24510120600__24510120700,24510120600,24510120700,#17becf,1357.0235576539894,True,True,S2005240011;S2013240574,
92,24033807408,24013514100,1,1,1,24033800208__24033807408,24033800208,24033807408,#1f77b4,6355.21323454173,True,True,B160003;B160034;B3109,
92,24033807408,24013514100,2,2,1,24033800208__24033800212,24033800208,24033800212,#ff7f0e,482.5238579092827,True,True,S2015160248;S2015160250,
92,24033807408,24013514100,3,3,1,24033800106__24033800212,24033800106,24033800212,#2ca02c,1684.2309547446075,True,True,S2015160296,
92,24033807408,24013514100,4,4,1,24033800106__24033800203,24033800106,24033800203,#d62728,1187.174426012907,True,True,S1999160090;S2015160296,
92,24033807408,24013514100,5,5,1,24027606805__24033800203,24027606805,24033800203,#9467bd,2378.6787627517942,False,False,,
92,24033807408,24013514100,6,6,1,24027606805__24031701410,24027606805,24031701410,#8c564b,2960.8435538834296,False,False,,
92,24033807408,24013514100,7,7,1,24027605102__24031701410,24027605102,24031701410,#e377c2,254.07137871273002,False,False,,
92,24033807408,24013514100,8,8,1,24027605102__24027605504,24027605102,24027605504,#7f7f7f,5713.566587791666,True,True,B2516;S2010130077;S2010130078;S2010130079;S2010130080;S2010130081;S2010130082;S2010130083;S2010130084,
92,24033807408,24013514100,9,9,1,24027605504__24027605505,24027605504,24027605505,#bcbd22,4753.962135223262,True,True,B130051;B130056;S1998130132;S1998130133;S1998130134;S1998130135;S2010130077;S2010130078;S2010130079;S2010130081;S2010130083;S2010130084,
92,24033807408,24013514100,10,11,1,24027603004__24027605104,24027603004,24027605104,#17becf,8686.40847910829,True,True,S2005130041;S2011130721;S2011130722,
92,24033807408,24013514100,11,12,1,24027603003__24027605104,24027603003,24027605104,#aec7e8,1214.1963847675552,True,True,S2005130014;S2011130722,
92,24033807408,24013514100,12,13,1,24013505208__24027603003,24013505208,24027603003,#ffbb78,2629.6915464456947,True,True,B1583,
92,24033807408,24013514100,13,14,1,24013505208__24013514202,24013505208,24013514202,#98df8a,4053.2877445035915,False,False,,
92,24033807408,24013514100,14,15,1,24013514100__24013514202,24013514100,24013514202,#ff9896,3742.388267843395,True,True,S2000060038;S2010060014,
93,24005403202,24005403402,1,1,1,24005403201__24005403202,24005403201,24005403202,#1f77b4,1389.6788377608211,True,True,S2011031033,
93,24005403202,24005403402,2,2,1,24005403201__24005403402,24005403201,24005403402,#ff7f0e,1458.1089849890955,True,True,S2012031535,
94,24027605505,11001007301,1,2,1,24027605102__24027605504,24027605102,24027605504,#1f77b4,5713.566587791666,True,True,B2516;S2010130077;S2010130078;S2010130079;S2010130080;S2010130081;S2010130082;S2010130083;S2010130084,
94,24027605505,11001007301,2,4,1,24031701408__24031701409,24031701408,24031701409,#ff7f0e,5643.991928523113,True,True,B2842;S2012150650,
94,24027605505,11001007301,3,6,1,24031701414__24031701420,24031701414,24031701420,#2ca02c,1325.920002685709,True,True,B150051;B150099;S2006150069;S2006150070;S2006150071;S2006150072;S2006150073;S2006150074;S2006150075;S2006150076;S2012150656,
94,24027605505,11001007301,4,7,1,24031701414__24031701421,24031701414,24031701421,#d62728,1947.1748477121332,True,True,B2726;S2006150069;S2006150070;S2006150071;S2006150072;S2006150073;S2006150074;S2006150075;S2006150076,
94,24027605505,11001007301,5,8,1,24031701421__24031701508,24031701421,24031701508,#9467bd,1989.249500326985,False,False,,
94,24027605505,11001007301,6,9,1,24031701508__24031701509,24031701508,24031701509,#8c564b,2375.2361810509146,True,True,S2017150247,
94,24027605505,11001007301,7,10,1,24031701509__24031701601,24031701509,24031701601,#e377c2,430.7925863913856,True,True,S2000150193;S2000150194;S2000150195,
94,24027605505,11001007301,8,11,1,24031701601__24033807305,24031701601,24033807305,#7f7f7f,945.5824459017248,True,True,S2012150872,
94,24027605505,11001007301,9,12,1,24033805906__24033807305,24033805906,24033807305,#bcbd22,997.6943170189587,True,True,S2012150872;S2012161051,
94,24027605505,11001007301,10,13,1,24033805906__24033805907,24033805906,24033805907,#17becf,937.0998632010956,True,True,,
94,24027605505,11001007301,11,14,1,24033805904__24033805907,24033805904,24033805907,#aec7e8,915.6007036407897,True,True,S2012161088,
94,24027605505,11001007301,12,16,1,24033805602__24033805700,24033805602,24033805700,#ffbb78,1235.6061883910668,True,True,B3214,
94,24027605505,11001007301,13,17,1,24033805601__24033805700,24033805601,24033805700,#98df8a,1663.850978805744,True,True,B3214;S2012161129;S2012161130,
94,24027605505,11001007301,14,19,1,24033805202__24033805500,24033805202,24033805500,#ff9896,1046.0970591919877,True,True,B3212;B3261;B3263,
94,24027605505,11001007301,15,21,1,24033805000__24033805201,24033805000,24033805201,#c5b0d5,999.7349211188213,True,True,B3209;S2012161116,
94,24027605505,11001007301,16,22,1,11001009508__24033805000,11001009508,24033805000,#c49c94,467.02430131286786,True,True,B3208,
94,24027605505,11001007301,17,23,1,11001009508__11001009509,11001009508,11001009509,#f7b6d2,1614.919232780282,True,True,B3208,
94,24027605505,11001007301,18,24,1,11001009504__11001009509,11001009504,11001009509,#c7c7c7,966.4054282093003,False,False,,
94,24027605505,11001007301,19,25,1,11001009501__11001009504,11001009501,11001009504,#dbdb8d,1458.7488272249986,False,False,,
94,24027605505,11001007301,20,26,1,11001009201__11001009501,11001009201,11001009501,#9edae5,631.04352239666,False,False,,
94,24027605505,11001007301,21,27,1,11001009201__11001009204,11001009201,11001009204,#393b79,690.2505493027605,False,False,,
94,24027605505,11001007301,22,28,1,11001009203__11001009204,11001009203,11001009204,#6b6ecf,936.5719845399643,False,False,,
94,24027605505,11001007301,23,29,1,11001008702__11001009203,11001008702,11001009203,#637939,279.96715001328414,False,False,,
94,24027605505,11001007301,24,30,1,11001008702__11001010600,11001008702,11001010600,#b5cf6b,279.4402338677815,False,False,,
94,24027605505,11001007301,25,31,1,11001006202__11001010600,11001006202,11001010600,#8c6d31,654.9793367959608,False,False,,
94,24027605505,11001007301,26,32,1,11001006202__11001010500,11001006202,11001010500,#e7ba52,909.97115411143,False,False,,
94,24027605505,11001007301,27,33,1,11001006400__11001010500,11001006400,11001010500,#843c39,413.7240613486557,False,False,,
94,24027605505,11001007301,28,34,1,11001006400__11001011000,11001006400,11001011000,#d6616b,2058.137713937565,False,False,,
94,24027605505,11001007301,29,35,1,11001007301__11001011000,11001007301,11001011000,#7b4173,480.2634405152304,False,False,,
95,24510200500,24510200300,1,1,1,24510200300__24510200500,24510200300,24510200500,#1f77b4,901.2727175292933,True,True,B240034;B240167;S2012241363;S2012241414;S2013240313,
96,24031703209,24031701214,1,1,1,24031703209__24031703902,24031703209,24031703902,#1f77b4,1685.0728041650052,True,True,S2012150790,
96,24031703209,24031701214,2,2,1,24031703800__24031703902,24031703800,24031703902,#ff7f0e,1385.4363719722924,True,True,B2737;B2832;B2909;S2012150733,
96,24031703209,24031701214,3,3,1,24031703602__24031703800,24031703602,24031703800,#2ca02c,1838.75979632045,True,True,S2012150733,
96,24031703209,24031701214,4,4,1,24031703601__24031703602,24031703601,24031703602,#d62728,1173.4292014549562,True,True,S2012150870,
96,24031703209,24031701214,5,5,1,24031703502__24031703601,24031703502,24031703601,#9467bd,1846.6904651974517,True,True,B2797;S2012150734,
96,24031703209,24031701214,6,6,1,24031703502__24031704300,24031703502,24031704300,#8c564b,681.8601187080086,True,True,B150079,
96,24031703209,24031701214,7,7,1,24031701214__24031704300,24031701214,24031704300,#e377c2,1752.394793803896,True,True,S2012150910;S2012150911,
96,24031703209,24031701214,8,8,2,24031701202__24031701214,24031701202,24031701214,#7f7f7f,2070.4622066093752,True,True,B2905,
97,24013505101,24043000500,1,1,1,24013505101__24013514100,24013505101,24013514100,#1f77b4,5012.052057892257,False,False,,
97,24013505101,24043000500,2,2,1,24013509001__24013514100,24013509001,24013514100,#ff7f0e,5884.243918278434,False,False,,
97,24013505101,24043000500,3,3,1,24013509001__24021751702,24013509001,24021751702,#2ca02c,4285.487769898251,False,False,,
97,24013505101,24043000500,4,4,1,24021751600__24021751702,24021751600,24021751702,#d62728,14771.600934167474,False,False,,
97,24013505101,24043000500,5,5,1,24021751600__24021767600,24021751600,24021767600,#9467bd,12538.041628099574,True,True,B2044,
97,24013505101,24043000500,6,6,1,24021751302__24021767600,24021751302,24021767600,#8c564b,6618.920396101273,False,False,,
97,24013505101,24043000500,7,7,1,24021751302__24021767500,24021751302,24021767500,#e377c2,8381.922115762325,False,False,,
97,24013505101,24043000500,8,9,1,24021752801__24021752802,24021752801,24021752802,#7f7f7f,12298.022703152203,False,False,,
97,24013505101,24043000500,9,10,1,24021752802__24043011302,24021752802,24043011302,#bcbd22,11055.582283013404,True,True,B3922,
97,24013505101,24043000500,10,11,1,24043011202__24043011302,24043011202,24043011302,#17becf,5496.43326965872,True,True,B210049,
97,24013505101,24043000500,11,12,1,24043011201__24043011202,24043011201,24043011202,#aec7e8,10221.168033826647,True,True,B4032;S2011210331,
97,24013505101,24043000500,12,13,1,24043000601__24043011201,24043000601,24043011201,#ffbb78,3627.506596688703,True,True,B3919,
97,24013505101,24043000500,13,14,1,24043000500__24043000601,24043000500,24043000601,#98df8a,2172.9226922364765,True,True,B3946;S2011210326,
98,24021750803,24043011302,1,1,1,24021750801__24021750803,24021750801,24021750803,#1f77b4,2919.8939637668173,True,True,B100038;B1925;B2010;B2011;S2017100237,
98,24021750803,24043011302,2,2,1,24021750701__24021750801,24021750701,24021750801,#ff7f0e,1111.168858004497,True,True,B1908,
98,24021750803,24043011302,3,3,1,24021750701__24021751201,24021750701,24021751201,#2ca02c,3401.5791140929664,True,True,B100016;B100019;S2013100204,
98,24021750803,24043011302,4,4,1,24021751201__24021751301,24021751201,24021751301,#d62728,3981.446153996171,False,False,,
98,24021750803,24043011302,5,5,1,24021751301__24021770700,24021751301,24021770700,#9467bd,9667.151039670494,False,False,,
98,24021750803,24043011302,6,6,1,24021752801__24021770700,24021752801,24021770700,#8c564b,8133.826175086182,False,False,,
98,24021750803,24043011302,7,7,1,24021752801__24021752802,24021752801,24021752802,#e377c2,12298.022703152203,False,False,,
98,24021750803,24043011302,8,8,1,24021752802__24043011302,24021752802,24043011302,#7f7f7f,11055.582283013404,True,True,B3922,
99,24510170100,24510120600,1,1,1,24510170100__24510170200,24510170100,24510170200,#1f77b4,762.9345022832576,True,True,B240188;B240190,
99,24510170100,24510120600,2,2,1,24510110200__24510170200,24510110200,24510170200,#ff7f0e,290.82896711841687,True,True,B240135;B240188;B240190,
99,24510170100,24510120600,3,3,1,24510110200__24510120500,24510110200,24510120500,#2ca02c,602.2497730641348,True,True,BC002;S2005240069;S2005240076;S2010240001;S2010240002;S2010240094;S2010240095,
99,24510170100,24510120600,4,4,1,24510120500__24510120600,24510120500,24510120600,#d62728,379.59625773273683,True,True,S2005240011,
100,24005408900,24005490900,1,1,2,24005408506__24005408900,24005408506,24005408900,#1f77b4,1339.421223893649,True,True,S2011030936;S2011030937,
100,24005408900,24005490900,2,4,1,24005408503__24005408507,24005408503,24005408507,#ff7f0e,2813.399838525656,True,True,S2011030933;S2011030935,
100,24005408900,24005490900,3,5,1,24005408503__24005408505,24005408503,24005408505,#2ca02c,1592.58704095366,True,True,S2011030397;S2017030286,
100,24005408900,24005490900,4,6,1,24005408505__24005408601,24005408505,24005408601,#d62728,1910.6770478160138,True,True,B0965,
100,24005408900,24005490900,5,7,1,24005408601__24005408602,24005408601,24005408602,#9467bd,1517.5967075898093,True,True,S2012030116,
100,24005408900,24005490900,6,8,1,24005408602__24005490200,24005408602,24005490200,#8c564b,1815.4750043535287,True,True,S2012030118;S2012030119,
100,24005408900,24005490900,7,9,1,24005490100__24005490200,24005490100,24005490200,#e377c2,1296.6885364380928,True,True,B1042;S1998030069;S2008030107;S2012030117;S2012030119,
100,24005408900,24005490900,8,10,1,24005490100__24005490302,24005490100,24005490302,#7f7f7f,3235.247651683771,True,True,B1102;P0054;S1998030068;S1998030089;S2007030024,P0054
100,24005408900,24005490900,9,11,1,24005490302__24005490900,24005490302,24005490900,#bcbd22,1243.8613551949456,True,True,B030086;S2012030189,
101,24005452000,24005421200,1,1,1,24005452000__24005452400,24005452000,24005452400,#1f77b4,1693.0699617855335,True,True,S2010030169;S2010030170,
101,24005452000,24005421200,2,2,1,24005452400__24005980000,24005452400,24005980000,#ff7f0e,3149.109548602913,True,True,S2010030169;S2010030170,
101,24005452000,24005421200,3,3,1,24005420200__24005980000,24005420200,24005980000,#2ca02c,514.2512442932695,False,False,,
101,24005452000,24005421200,4,4,1,24005420200__24005421200,24005420200,24005421200,#d62728,2505.4319831873513,True,True,B030023,
102,24033802404,24033802803,1,1,1,24033802404__24033802804,24033802404,24033802804,#1f77b4,926.4627932105981,False,False,,
102,24033802404,24033802803,2,2,1,24033802803__24033802804,24033802803,24033802804,#ff7f0e,2372.6606469219378,True,True,B160075;S2012161108,
103,24031703201,24031703702,1,1,1,24031703201__24031703301,24031703201,24031703301,#1f77b4,2017.6936492020343,True,True,S2012150682;S2012150683;S2012150684;S2012150798,
103,24031703201,24031703702,2,3,1,24031703302__24031703401,24031703302,24031703401,#ff7f0e,2170.489652689881,True,True,B150024,
103,24031703201,24031703702,3,4,1,24031703302__24031703402,24031703302,24031703402,#2ca02c,885.7334857668587,True,True,S2012150669,
103,24031703201,24031703702,4,6,1,24031703403__24031703404,24031703403,24031703404,#d62728,807.2784311046828,True,True,,
103,24031703201,24031703702,5,7,1,24031703403__24031703701,24031703403,24031703701,#9467bd,1157.2322489949754,True,True,B150068;B2740,
103,24031703201,24031703702,6,8,1,24031703701__24031703702,24031703701,24031703702,#8c564b,1914.288122546294,True,True,S2012150690;S2012150691;S2012150780,
104,24031701503,24003740500,1,1,1,24031701414__24031701503,24031701414,24031701503,#1f77b4,2054.9189308799682,True,True,B2726,
104,24031701503,24003740500,2,2,1,24031701414__24031701420,24031701414,24031701420,#ff7f0e,1325.920002685709,True,True,B150051;B150099;S2006150069;S2006150070;S2006150071;S2006150072;S2006150073;S2006150074;S2006150075;S2006150076;S2012150656,
104,24031701503,24003740500,3,3,1,24031701418__24031701420,24031701418,24031701420,#2ca02c,1950.7266529676333,True,True,B150099;S2012150656,
104,24031701503,24003740500,4,4,1,24031701417__24031701418,24031701417,24031701418,#d62728,2341.9885087224798,True,True,S2012151286;S2012151287;S2012151288,
104,24031701503,24003740500,5,5,1,24031701417__24033807407,24031701417,24033807407,#9467bd,1285.8033121824853,True,True,S2012161156,
104,24031701503,24003740500,6,6,1,24033800203__24033807407,24033800203,24033807407,#8c564b,3399.587549094468,True,True,S2012161003;S2012161011,
104,24031701503,24003740500,7,8,1,24033800212__24033807408,24033800212,24033807408,#e377c2,3444.3706787948986,True,True,S2009160055;S2015160248;S2015160250;S2015160254;S2015160255;S2017160148,
104,24031701503,24003740500,8,9,1,24033800212__24033800213,24033800212,24033800213,#7f7f7f,3792.3627194802234,True,True,B160131;B3110,
104,24031701503,24003740500,9,10,1,24033800106__24033800213,24033800106,24033800213,#bcbd22,1796.2119291778984,True,True,S2012161256,
104,24031701503,24003740500,10,11,1,24033800106__24033800108,24033800106,24033800108,#17becf,1163.3660945634585,True,True,S2012161256,
104,24031701503,24003740500,11,12,1,24033800108__24033800109,24033800108,24033800109,#aec7e8,2171.9611058003043,True,True,B160032,
104,24031701503,24003740500,12,13,1,24033800103__24033800109,24033800103,24033800109,#ffbb78,506.1049174626346,True,True,B160083,
104,24031701503,24003740500,13,14,1,24003740500__24033800103,24003740500,24033800103,#98df8a,995.8373943841095,True,True,B0815,
105,24510180200,24510190100,1,1,1,24510180200__24510190100,24510180200,24510190100,#1f77b4,624.8076101282776,True,True,B240040;S2006240012,
106,24003750804,24027602800,1,1,1,24003750803__24003750804,24003750803,24003750804,#1f77b4,4229.864715807633,True,True,B0618,
106,24003750804,24027602800,2,2,1,24003750801__24003750803,24003750801,24003750803,#ff7f0e,1479.5559061369627,True,True,B0629;S2000020125,
106,24003750804,24027602800,3,3,1,24003750400__24003750801,24003750400,24003750801,#2ca02c,2210.22371364791,True,True,S2000020125;S2010020020,
106,24003750804,24027602800,4,4,1,24003750400__24003751200,24003750400,24003751200,#d62728,3283.383294175698,True,True,B020017;B0719;B0793,
106,24003750804,24027602800,5,5,1,24003751200__24005430600,24003751200,24005430600,#9467bd,741.4984696812685,True,True,B1120,
106,24003750804,24027602800,6,6,1,24005430600__24027601201,24005430600,24027601201,#8c564b,2672.504155844749,True,True,B2581;P0051;S2004030061;S2009030116;S2010030164;S2011030999;S2011130724;S2011130725;S2013020561,P0051
106,24003750804,24027602800,7,7,1,24027601104__24027601201,24027601104,24027601201,#e377c2,2406.2942367401843,True,True,P0051;S2010130008;S2012130616,P0051
106,24003750804,24027602800,8,8,1,24027601104__24027602700,24027601104,24027602700,#7f7f7f,3966.0757847321356,True,True,B130076,
106,24003750804,24027602800,9,9,1,24027602700__24027602800,24027602700,24027602800,#bcbd22,3709.1416420463484,True,True,S2005130028,
107,24033800208,11001007503,1,2,1,24033806708__24033807408,24033806708,24033807408,#1f77b4,3430.8084880827078,True,True,B3185,
107,24033800208,11001007503,2,3,1,24033806706__24033807408,24033806706,24033807408,#ff7f0e,37.22712658836574,True,True,S1999160049;S1999160052;S1999160053;S2013160347,
107,24033800208,11001007503,3,4,1,24033806602__24033806706,24033806602,24033806706,#2ca02c,1399.9151356574105,True,True,S2012161019,
107,24033800208,11001007503,4,6,1,24033803900__24033806601,24033803900,24033806601,#d62728,650.9782311621478,True,True,S2012161173,
107,24033800208,11001007503,5,8,1,24033804002__24033804300,24033804002,24033804300,#9467bd,2412.2254238954733,True,True,B160097;B3179;B3278;S2010160120;S2012161224,
107,24033800208,11001007503,6,9,1,24033804300__24033804400,24033804300,24033804400,#8c564b,1728.5108301776736,True,True,B3135,
107,24033800208,11001007503,7,10,1,11001009000__24033804400,11001009000,24033804400,#e377c2,1925.7913893422183,True,True,B3135,
107,24033800208,11001007503,8,11,1,11001009000__11001009601,11001009000,11001009601,#7f7f7f,233.07865359739927,True,True,B3135,
107,24033800208,11001007503,9,12,1,11001009601__11001011100,11001009601,11001011100,#bcbd22,1953.4539972153625,True,True,B3135,
107,24033800208,11001007503,10,13,1,11001009602__11001011100,11001009602,11001011100,#17becf,1109.2071011676744,False,False,,
107,24033800208,11001007503,11,16,1,11001007100__11001007601,11001007100,11001007601,#aec7e8,1224.085956321175,False,False,,
108,24027606906,24033807200,1,1,1,24027606906__24033800102,24027606906,24033800102,#1f77b4,1710.497232175853,True,True,S2017130246,
108,24027606906,24033807200,2,2,1,24033800102__24033800105,24033800102,24033800105,#ff7f0e,1585.0255966329146,True,True,B160115;B3357,
108,24027606906,24033807200,3,3,1,24033800105__24033800109,24033800105,24033800109,#2ca02c,838.0039622602342,True,True,B160114;S2012161259,
108,24027606906,24033807200,4,4,1,24033800106__24033800109,24033800106,24033800109,#d62728,1522.6155923930876,True,True,S2012161257;S2012161258;S2012161259,
108,24027606906,24033807200,5,5,1,24033800106__24033800213,24033800106,24033800213,#9467bd,1796.2119291778984,True,True,S2012161256,
108,24027606906,24033807200,6,6,1,24033800212__24033800213,24033800212,24033800213,#8c564b,3792.3627194802234,True,True,B160131;B3110,
108,24027606906,24033807200,7,7,1,24033800212__24033807408,24033800212,24033807408,#e377c2,3444.3706787948986,True,True,S2009160055;S2015160248;S2015160250;S2015160254;S2015160255;S2017160148,
108,24027606906,24033807200,8,8,1,24033807404__24033807408,24033807404,24033807408,#7f7f7f,8285.234106812553,True,True,B160004;B160086;B160129;B3186;S2012161017,
108,24027606906,24033807200,9,9,1,24033807404__24033807405,24033807404,24033807405,#bcbd22,4787.704206008213,True,True,B160086;B160130;B3107;S2012161146;S2012161197,
108,24027606906,24033807200,10,11,1,24033807000__24033807301,24033807000,24033807301,#17becf,2878.6145653224685,True,True,B3105;S1997160037;S1999160262;S1999160263,
108,24027606906,24033807200,11,12,1,24033807200__24033807301,24033807200,24033807301,#aec7e8,4790.692020914675,True,True,B3162;S2012161090,
109,24005401506,24005402407,1,1,1,24005401506__24005402202,24005401506,24005402202,#1f77b4,1909.832236785925,True,True,S2009030149,
109,24005401506,24005402407,2,2,1,24005402202__24005402406,24005402202,24005402406,#ff7f0e,1007.7082783676335,True,True,S2009030149,
109,24005401506,24005402407,3,3,1,24005402406__24005402407,24005402406,24005402407,#2ca02c,4831.46285703989,True,True,S2013030563,
110,24005403803,24005441000,1,2,1,24005403601__24005403602,24005403601,24005403602,#1f77b4,2684.9352897047265,True,True,B030010;P0076,P0076
110,24005403803,24005441000,2,3,1,24005403601__24005490400,24005403601,24005490400,#ff7f0e,1189.2509858995597,True,True,B030010,
110,24005403803,24005441000,3,5,1,24005490500__24510271200,24005490500,24510271200,#2ca02c,674.4011458326839,True,True,B1019,
110,24005403803,24005441000,4,7,1,24510270802__24510270805,24510270802,24510270805,#d62728,1448.6348295051394,True,True,S2012240274;S2012240275,
110,24005403803,24005441000,5,8,1,24510270802__24510270803,24510270802,24510270803,#9467bd,1241.854597197904,True,True,B240091;S2012240273,
110,24005403803,24005441000,6,9,1,24510270803__24510270902,24510270803,24510270902,#8c564b,1493.895435644555,True,True,S2012240272;S2012240273,
110,24005403803,24005441000,7,10,1,24510270301__24510270902,24510270301,24510270902,#e377c2,1727.3456830300556,True,True,S2012241365,
110,24005403803,24005441000,8,11,1,24510270301__24510270302,24510270301,24510270302,#7f7f7f,955.0709772507013,True,True,B240024,
110,24005403803,24005441000,9,12,1,24510270302__24510270402,24510270302,24510270402,#bcbd22,715.9129723790952,True,True,S2005240052,
110,24005403803,24005441000,10,13,1,24510270401__24510270402,24510270401,24510270402,#17becf,1711.3282021235511,True,True,B240157,
110,24005403803,24005441000,11,14,1,24510260102__24510270401,24510260102,24510270401,#aec7e8,705.2275215442975,True,True,B240038;S2012240242,
110,24005403803,24005441000,12,15,1,24510260101__24510260102,24510260101,24510260102,#ffbb78,1798.3830262284746,True,True,S2012240234,
111,51153900403,24009860502,1,1,1,51153900403__51153900501,51153900403,51153900501,#1f77b4,2423.6615902372796,False,False,,
111,51153900403,24009860502,2,2,1,51153900501__51153900600,51153900501,51153900600,#ff7f0e,1565.4485393902294,False,False,,
111,51153900403,24009860502,3,4,1,51059416300__51153900100,51059416300,51153900100,#2ca02c,7657.986120883582,False,False,,
111,51153900403,24009860502,4,6,1,24017850101__24017850102,24017850101,24017850102,#d62728,6831.304247547126,True,True,B1713;B1721;B1763,
111,51153900403,24009860502,5,8,1,24017850712__24033801310,24017850712,24033801310,#9467bd,7359.671032339082,True,True,,
111,51153900403,24009860502,6,9,1,24017850712__24017850713,24017850712,24017850713,#8c564b,8973.267697923955,True,True,B080112;B1727;B1764,
111,51153900403,24009860502,7,10,1,24017850710__24017850713,24017850710,24017850713,#e377c2,2580.513664237162,False,False,,
111,51153900403,24009860502,8,11,1,24017850710__24017850711,24017850710,24017850711,#7f7f7f,2485.984272967602,False,False,,
111,51153900403,24009860502,9,12,1,24017850711__24017851500,24017850711,24017851500,#bcbd22,2878.6543401731774,True,True,B1776,
111,51153900403,24009860502,10,13,1,24017850901__24017851500,24017850901,24017851500,#17becf,947.8174324912089,True,True,B1748,
111,51153900403,24009860502,11,14,1,24017850802__24017850901,24017850802,24017850901,#aec7e8,2898.189046735878,True,True,B080084,
111,51153900403,24009860502,12,15,1,24017850802__24017851400,24017850802,24017851400,#ffbb78,10762.27767221272,True,True,B1702,
111,51153900403,24009860502,13,16,1,24017851400__24033800900,24017851400,24033800900,#98df8a,20596.833831095748,True,True,B1752;B1767,
111,51153900403,24009860502,14,17,1,24009860600__24033800900,24009860600,24033800900,#ff9896,9558.25360202671,False,False,,
111,51153900403,24009860502,15,18,1,24009860501__24009860600,24009860501,24009860600,#c5b0d5,5418.052383261515,True,True,B040007;B1309,
111,51153900403,24009860502,16,19,1,24009860501__24009860502,24009860501,24009860502,#c49c94,9982.30612168993,True,True,B1328;B1345,
112,24033806710,24033800213,1,1,1,24033806710__24033806712,24033806710,24033806712,#1f77b4,1857.599735126166,True,True,B3166;B3237;S1999160166;S2002160047;S2011160475;S2011160476;S2011160477,
112,24033806710,24033800213,2,2,1,24033806708__24033806712,24033806708,24033806712,#ff7f0e,2177.3736584386693,True,True,B3237;B3238;S1999160166;S1999160168,
112,24033806710,24033800213,3,3,1,24033806708__24033807408,24033806708,24033807408,#2ca02c,3430.8084880827078,True,True,B3185,
112,24033806710,24033800213,4,4,1,24033800208__24033807408,24033800208,24033807408,#d62728,6355.21323454173,True,True,B160003;B160034;B3109,
112,24033806710,24033800213,5,5,1,24033800208__24033800215,24033800208,24033800215,#9467bd,2813.067707709451,True,True,S2015160248;S2015160250,
112,24033806710,24033800213,6,6,1,24033800210__24033800215,24033800210,24033800215,#8c564b,953.0609261425902,True,True,B160131,
112,24033806710,24033800213,7,7,1,24033800210__24033800213,24033800210,24033800213,#e377c2,553.9718067105429,True,True,B160131,
113,24015030506,24025306100,1,1,1,24015030400__24015030506,24015030400,24015030506,#1f77b4,4465.904990246239,True,True,B1612;B1618;S2011070555,
113,24015030506,24025306100,2,2,1,24015030400__24015030503,24015030400,24015030503,#ff7f0e,7146.6376302472545,True,True,B1620;B1652;B1653;B1654,
113,24015030506,24025306100,3,3,1,24015030503__24015030903,24015030503,24015030903,#2ca02c,9169.054879752963,True,True,B070003;S2007070010;S2018070221,
113,24015030506,24025306100,4,4,1,24015030903__24015030904,24015030903,24015030904,#d62728,8907.096562315333,False,False,,
113,24015030506,24025306100,5,6,1,24015030906__24015031202,24015030906,24015031202,#9467bd,10489.605538229755,True,True,B070015;B1604,
114,24005402504,24005401504,1,1,1,24005402503__24005402504,24005402503,24005402504,#1f77b4,4551.12686233575,True,True,S2012031541,
114,24005402504,24005401504,2,2,1,24005402202__24005402503,24005402202,24005402503,#ff7f0e,2206.445775676841,False,False,,
114,24005402504,24005401504,3,3,1,24005401506__24005402202,24005401506,24005402202,#2ca02c,1909.832236785925,True,True,S2009030149,
114,24005402504,24005401504,4,4,1,24005401504__24005401506,24005401504,24005401506,#d62728,2284.8522782658283,True,True,B030150;P0053,P0053
115,51059490103,24031701214,1,1,1,51059490103__51059980200,51059490103,51059980200,#1f77b4,4707.957886177068,False,False,,
115,51059490103,24031701214,2,2,1,51059482501__51059980200,51059482501,51059980200,#ff7f0e,7510.477011809213,False,False,,
115,51059490103,24031701214,3,3,1,51059482501__51059482601,51059482501,51059482601,#2ca02c,2082.6241847034103,False,False,,
115,51059490103,24031701214,4,4,1,51059482502__51059482601,51059482502,51059482601,#d62728,1809.0040947968355,False,False,,
115,51059490103,24031701214,5,6,1,51059482503__51059482504,51059482503,51059482504,#9467bd,1727.158679802714,False,False,,
115,51059490103,24031701214,6,8,1,51059481106__51059481701,51059481106,51059481701,#8c564b,1802.9122470682707,False,False,,
115,51059490103,24031701214,7,9,1,51059481500__51059481701,51059481500,51059481701,#e377c2,2850.273346762955,False,False,,
115,51059490103,24031701214,8,10,1,51059481400__51059481500,51059481400,51059481500,#7f7f7f,5648.531312604041,False,False,,
115,51059490103,24031701214,9,11,1,51059481400__51059482302,51059481400,51059482302,#bcbd22,2359.7149967875994,False,False,,
115,51059490103,24031701214,10,12,1,51059482302__51059482303,51059482302,51059482303,#17becf,480.7324244432499,False,False,,
115,51059490103,24031701214,11,13,1,51059482301__51059482303,51059482301,51059482303,#aec7e8,2673.184905682012,False,False,,
115,51059490103,24031701214,12,14,1,51059482301__51059482400,51059482301,51059482400,#ffbb78,1261.1556955512349,False,False,,
115,51059490103,24031701214,13,16,1,51059460100__51059481900,51059460100,51059481900,#98df8a,2872.899083773514,False,False,,
115,51059490103,24031701214,14,17,1,51059480300__51059481900,51059480300,51059481900,#ff9896,343.90864045314333,False,False,,
115,51059490103,24031701214,15,18,1,51059480100__51059480300,51059480100,51059480300,#c5b0d5,6975.234579560058,False,False,,
115,51059490103,24031701214,16,19,1,24031706008__51059480100,24031706008,51059480100,#c49c94,13057.548467880017,True,True,S2000150118;S2002150054;S2009150009;S2009150010;S2009150011;S2009150012,
115,51059490103,24031701214,17,20,1,24031706008__24031706009,24031706008,24031706009,#f7b6d2,9308.826878775926,True,True,B2811;S2012150883,
115,51059490103,24031701214,18,21,1,24031706005__24031706009,24031706005,24031706009,#c7c7c7,4190.749850423012,True,True,B150094;B2976,
115,51059490103,24031701214,19,22,1,24031706005__24031706013,24031706005,24031706013,#dbdb8d,2995.820152250192,True,True,S2012150817,
115,51059490103,24031701214,20,23,1,24031705901__24031706013,24031705901,24031706013,#9edae5,2233.827079438088,True,True,B2970;S2006150042,
115,51059490103,24031701214,21,24,1,24031704502__24031705901,24031704502,24031705901,#393b79,1701.2570704543728,True,True,S2012150714,
115,51059490103,24031701214,22,26,1,24031704401__24031704501,24031704401,24031704501,#6b6ecf,1163.526013831507,True,True,B2805;S2000150136;S2000150137;S2000150138;S2000150139;S2000150140;S2000150141;S2000150142;S2000150143;S2012150795,
115,51059490103,24031701214,23,28,1,24031701214__24031701215,24031701214,24031701215,#637939,928.8826524740315,True,True,S2012150910,
116,24035810400,24035810800,1,1,1,24035810400__24035810600,24035810400,24035810600,#1f77b4,12619.73326613465,True,True,S2004170005,
117,24033807200,24033803513,1,1,1,24033807102__24033807200,24033807102,24033807200,#1f77b4,1615.651115542543,True,True,S2012161244;S2012161245,
117,24033807200,24033803513,2,2,1,24033806602__24033807102,24033806602,24033807102,#ff7f0e,1372.484768238934,True,True,B3182,
117,24033807200,24033803513,3,3,1,24033806601__24033806602,24033806601,24033806602,#2ca02c,1260.2059063658244,True,True,B3267,
117,24033807200,24033803513,4,5,1,24033803801__24033803803,24033803801,24033803803,#d62728,1691.726391682225,True,True,S2012161255,
117,24033807200,24033803513,5,6,1,24033803700__24033803803,24033803700,24033803803,#9467bd,351.0782896322071,True,True,S2012161255,
117,24033807200,24033803513,6,8,1,24033803509__24033803602,24033803509,24033803602,#8c564b,2580.7008022912273,True,True,S1999160180;S1999160181;S1999160182;S1999160183;S2018160235,
117,24033807200,24033803513,7,9,1,24033803508__24033803509,24033803508,24033803509,#e377c2,885.7501137092795,True,True,B3310;S1997160069,
117,24033807200,24033803513,8,10,1,24033803401__24033803508,24033803401,24033803508,#7f7f7f,1034.4983583539324,True,True,B3192;S1997160071,
117,24033807200,24033803513,9,12,1,24033803402__24033803525,24033803402,24033803525,#bcbd22,1962.998656833028,True,True,B160066,
117,24033807200,24033803513,10,14,1,24033803513__24033803514,24033803513,24033803514,#17becf,749.1187477439404,True,True,B3220;S2000160052,
118,24031700723,24031700706,1,1,1,24031700706__24031700723,24031700706,24031700723,#1f77b4,392.20706418722585,True,True,S1999150078,
119,24033801802,24017850709,1,1,2,24033801801__24033801802,24033801801,24033801802,#1f77b4,1718.834321373841,True,True,S2010160093;S2010160094;S2010160095;S2010160096,
119,24033801802,24017850709,2,3,1,24033801802__24033801907,24033801802,24033801907,#ff7f0e,895.2480733340236,True,True,B3132;S2010160091;S2010160093;S2010160094;S2010160095;S2010160096;S2010160097;S2010160098,
119,24033801802,24017850709,3,4,1,24033801901__24033801907,24033801901,24033801907,#2ca02c,1556.8368779542761,True,True,P0049,P0049
119,24033801802,24017850709,4,5,1,24033801701__24033801901,24033801701,24033801901,#d62728,2325.958701073806,True,True,S2012161057;S2012161062,
119,24033801802,24017850709,5,6,1,24033801407__24033801701,24033801407,24033801701,#9467bd,1501.370687129096,True,True,S2012161057;S2012161062,
119,24033801802,24017850709,6,7,1,24033801213__24033801407,24033801213,24033801407,#8c564b,2100.8044471317467,True,True,S2012161086,
119,24033801802,24017850709,7,8,1,24033801210__24033801213,24033801210,24033801213,#e377c2,3177.439765544206,True,True,S2012161060,
119,24033801802,24017850709,8,9,1,24033801210__24033801311,24033801210,24033801311,#7f7f7f,1508.1744504497442,True,True,S2012161055,
119,24033801802,24017850709,9,10,1,24033801216__24033801311,24033801216,24033801311,#bcbd22,3678.7388747648865,True,True,S2012161079,
119,24033801802,24017850709,10,12,1,24033801003__24033801004,24033801003,24033801004,#17becf,13755.204525514357,True,True,B3255,
119,24033801802,24017850709,11,13,1,24017850709__24033801003,24017850709,24033801003,#aec7e8,3991.1963988115676,True,True,B080088;B080108;B3123,
120,24027606601,24027601204,1,1,2,24027606601__24027606607,24027606601,24027606607,#1f77b4,1979.681271674088,True,True,S2011130743,
120,24027606601,24027601204,2,3,1,24027606601__24027606606,24027606601,24027606606,#ff7f0e,548.5309091402728,True,True,S2011130743,
120,24027606601,24027601204,3,4,1,24027601105__24027606606,24027601105,24027606606,#2ca02c,1487.140512308171,True,True,B130100;B2553,
120,24027606601,24027601204,4,5,1,24027601105__24027601108,24027601105,24027601108,#d62728,1460.8357737818635,True,True,B130100,
120,24027606601,24027601204,5,7,2,24027601103__24027601204,24027601103,24027601204,#9467bd,2922.5480044880933,True,True,B2532;S1998130101;S1999130041,
