screenline_id,method,absolute_error_delta_vs_direct
11001000901__11001000902,direct_survey,0.0
11001000901__11001001001,direct_survey,0.0
11001000901__24031705601,direct_survey,0.0
11001000901__24031705702,direct_survey,0.0
11001000902__24031705800,direct_survey,0.0
11001000902__51013100300,direct_survey,0.0
11001001001__11001001100,direct_survey,0.0
11001001001__24031705601,direct_survey,0.0
11001001100__11001001401,direct_survey,0.0
11001001100__24031705300,direct_survey,0.0
11001001401__11001001500,direct_survey,0.0
11001001401__24031705300,direct_survey,0.0
11001001500__24031705200,direct_survey,0.0
11001001500__24031705300,direct_survey,0.0
11001001600__11001010300,direct_survey,0.0
11001001600__24031702500,direct_survey,0.0
11001001600__24031702601,direct_survey,0.0
11001001600__24031702602,direct_survey,0.0
11001001702__11001010300,direct_survey,0.0
11001001702__24031701701,direct_survey,0.0
11001001702__24031701800,direct_survey,0.0
11001007304__24033801807,direct_survey,0.0
11001007408__11001007502,direct_survey,0.0
11001007408__24033801807,direct_survey,0.0
11001007409__24033801807,direct_survey,0.0
11001007502__11001007603,direct_survey,0.0
11001007502__24033801807,direct_survey,0.0
11001007603__11001009902,direct_survey,0.0
11001007603__24033801807,direct_survey,0.0
11001007603__24033802501,direct_survey,0.0
11001007707__11001009902,direct_survey,0.0
11001007707__24033802502,direct_survey,0.0
11001007707__24033802600,direct_survey,0.0
11001007806__11001009601,direct_survey,0.0
11001007806__24033803100,direct_survey,0.0
11001007807__11001007808,direct_survey,0.0
11001007808__11001009903,direct_survey,0.0
11001007808__24033802901,direct_survey,0.0
11001009000__11001009601,direct_survey,0.0
11001009000__11001011100,direct_survey,0.0
11001009000__24033804400,direct_survey,0.0
11001009400__11001009503,direct_survey,0.0
11001009400__11001011100,direct_survey,0.0
11001009400__24033804900,direct_survey,0.0
11001009503__11001009508,direct_survey,0.0
11001009503__11001009509,direct_survey,0.0
11001009503__24033804900,direct_survey,0.0
11001009505__11001009507,direct_survey,0.0
11001009505__24033805201,direct_survey,0.0
11001009507__11001009508,direct_survey,0.0
11001009507__24033805000,direct_survey,0.0
11001009508__11001009509,direct_survey,0.0
11001009508__24033804900,direct_survey,0.0
11001009508__24033805000,direct_survey,0.0
11001009601__11001011100,direct_survey,0.0
11001009601__24033803100,direct_survey,0.0
11001009601__24033804300,direct_survey,0.0
11001009810__11001009811,direct_survey,0.0
11001009810__11001010900,direct_survey,0.0
11001009811__11001010900,direct_survey,0.0
11001009902__24033802502,direct_survey,0.0
11001009903__11001009905,direct_survey,0.0
11001009903__24033802700,direct_survey,0.0
11001010300__24031701800,direct_survey,0.0
11001010300__24031702500,direct_survey,0.0
11001010900__24033801500,direct_survey,0.0
11001011100__24033804400,direct_survey,0.0
11001011100__24033804700,direct_survey,0.0
24001000100__24001000200,direct_survey,0.0
24001000100__24043010700,direct_survey,0.0
24001000200__24001000300,direct_survey,0.0
24001000200__24001000400,direct_survey,0.0
24001000200__24001000500,direct_survey,0.0
24001000200__24001000600,direct_survey,0.0
24001000200__24001000700,direct_survey,0.0
24001000200__24001000800,direct_survey,0.0
24001000300__24001000400,direct_survey,0.0
24001000300__24001001000,direct_survey,0.0
24001000300__24001001200,direct_survey,0.0
24001000300__24001001502,direct_survey,0.0
24001000400__24001000500,direct_survey,0.0
24001000400__24001001000,direct_survey,0.0
24001000500__24001000600,direct_survey,0.0
24001000500__24001000800,direct_survey,0.0
24001000500__24001001000,direct_survey,0.0
24001000600__24001000700,direct_survey,0.0
24001000600__24001000800,direct_survey,0.0
24001000700__24001000800,direct_survey,0.0
24001000800__24001001000,direct_survey,0.0
24001000800__24001001100,direct_survey,0.0
24001001000__24001001100,direct_survey,0.0
24001001100__24001001200,direct_survey,0.0
24001001200__24001001300,direct_survey,0.0
24001001200__24001001402,direct_survey,0.0
24001001200__24001001502,direct_survey,0.0
24001001300__24001001401,direct_survey,0.0
24001001300__24001001402,direct_survey,0.0
24001001300__24001002000,direct_survey,0.0
24001001401__24001001402,direct_survey,0.0
24001001401__24001001502,direct_survey,0.0
24001001401__24001001700,direct_survey,0.0
24001001401__24001001900,direct_survey,0.0
24001001401__24001002000,direct_survey,0.0
24001001402__24001001502,direct_survey,0.0
24001001503__24001001600,direct_survey,0.0
24001001503__24001001700,direct_survey,0.0
24001001600__24001001700,direct_survey,0.0
24001001600__24001001800,direct_survey,0.0
24001001600__24023000300,direct_survey,0.0
24001001700__24001001800,direct_survey,0.0
24001001700__24001001900,direct_survey,0.0
24001001800__24001001900,direct_survey,0.0
24001001800__24023000300,direct_survey,0.0
24001001900__24001002100,direct_survey,0.0
24001002100__24001002200,direct_survey,0.0
24001002200__24023000300,direct_survey,0.0
24003701101__24003701102,direct_survey,0.0
24003701101__24003701300,direct_survey,0.0
24003701101__24003702300,direct_survey,0.0
24003701102__24003701200,direct_survey,0.0
24003701102__24003701400,direct_survey,0.0
24003701200__24003701400,direct_survey,0.0
24003701300__24003701400,direct_survey,0.0
24003701300__24003702300,direct_survey,0.0
24003701300__24003708004,direct_survey,0.0
24003701300__24033800507,direct_survey,0.0
24003701400__24003708004,direct_survey,0.0
24003702100__24003702402,direct_survey,0.0
24003702100__24003702702,direct_survey,0.0
24003702100__24003740800,direct_survey,0.0
24003702100__24003751600,direct_survey,0.0
24003702100__24003751700,direct_survey,0.0
24003702204__24003702205,direct_survey,0.0
24003702204__24003702206,direct_survey,0.0
24003702204__24003702300,direct_survey,0.0
24003702204__24003740702,direct_survey,0.0
24003702204__24003751700,direct_survey,0.0
24003702204__24033800401,direct_survey,0.0
24003702204__24033800504,direct_survey,0.0
24003702205__24003702206,direct_survey,0.0
24003702205__24003702209,direct_survey,0.0
24003702205__24003740702,direct_survey,0.0
24003702206__24003702208,direct_survey,0.0
24003702206__24003702209,direct_survey,0.0
24003702206__24003751700,direct_survey,0.0
24003702208__24003702209,direct_survey,0.0
24003702208__24003740702,direct_survey,0.0
24003702208__24003740800,direct_survey,0.0
24003702209__24003740702,direct_survey,0.0
24003702300__24003751700,direct_survey,0.0
24003702300__24033800504,direct_survey,0.0
24003702402__24003702500,direct_survey,0.0
24003702402__24003702701,direct_survey,0.0
24003702402__24003702702,direct_survey,0.0
24003702402__24003706500,direct_survey,0.0
24003702402__24003751600,direct_survey,0.0
24003702500__24003702601,direct_survey,0.0
24003702500__24003706500,direct_survey,0.0
24003702601__24003702602,direct_survey,0.0
24003702601__24003706401,direct_survey,0.0
24003702602__24003706301,direct_survey,0.0
24003702602__24003706401,direct_survey,0.0
24003702701__24003702702,direct_survey,0.0
24003702701__24003706500,direct_survey,0.0
24003702701__24003706600,direct_survey,0.0
24003706101__24003706302,direct_survey,0.0
24003706101__24003706402,direct_survey,0.0
24003706101__24003706500,direct_survey,0.0
24003706101__24003706700,direct_survey,0.0
24003706301__24003706302,direct_survey,0.0
24003706301__24003706401,direct_survey,0.0
24003706302__24003706401,direct_survey,0.0
24003706302__24003706402,direct_survey,0.0
24003706401__24003706402,direct_survey,0.0
24003706401__24003706500,direct_survey,0.0
24003706500__24003706600,direct_survey,0.0
24003706600__24003706700,direct_survey,0.0
24003707001__24003707002,direct_survey,0.0
24003707001__24003708001,direct_survey,0.0
24003707002__24003708001,direct_survey,0.0
24003708001__24003708004,direct_survey,0.0
24003708001__24009860200,direct_survey,0.0
24003708001__24009860300,direct_survey,0.0
24003708004__24009860101,direct_survey,0.0
24003708004__24009860102,direct_survey,0.0
24003708004__24033800601,direct_survey,0.0
24003708004__24033800605,direct_survey,0.0
24003730100__24003730203,direct_survey,0.0
24003730100__24003730204,direct_survey,0.0
24003730100__24003731308,direct_survey,0.0
24003730100__24003731309,direct_survey,0.0
24003730100__24003731311,direct_survey,0.0
24003730100__24510250500,direct_survey,0.0
24003730203__24003730204,direct_survey,0.0
24003730203__24003730300,direct_survey,0.0
24003730203__24003730402,direct_survey,0.0
24003730203__24003731204,direct_survey,0.0
24003730203__24003751103,direct_survey,0.0
24003730204__24003731204,direct_survey,0.0
24003730204__24003731311,direct_survey,0.0
24003730300__24003730401,direct_survey,0.0
24003730300__24003730402,direct_survey,0.0
24003730300__24003751000,direct_survey,0.0
24003730300__24003751103,direct_survey,0.0
24003730401__24003730402,direct_survey,0.0
24003730401__24003730506,direct_survey,0.0
24003730401__24003740201,direct_survey,0.0
24003730401__24003750900,direct_survey,0.0
24003730401__24003751000,direct_survey,0.0
24003730402__24003730502,direct_survey,0.0
24003730402__24003730506,direct_survey,0.0
24003730402__24003731204,direct_survey,0.0
24003730502__24003730504,direct_survey,0.0
24003730502__24003730506,direct_survey,0.0
24003730502__24003730603,direct_survey,0.0
24003730502__24003731204,direct_survey,0.0
24003730504__24003730505,direct_survey,0.0
24003730504__24003730601,direct_survey,0.0
24003730504__24003730603,direct_survey,0.0
24003730504__24003741000,direct_survey,0.0
24003730505__24003740201,direct_survey,0.0
24003730505__24003741000,direct_survey,0.0
24003730506__24003740201,direct_survey,0.0
24003730601__24003741000,direct_survey,0.0
24003730603__24003730604,direct_survey,0.0
24003730603__24003731203,direct_survey,0.0
24003730603__24003731204,direct_survey,0.0
24003730604__24003730700,direct_survey,0.0
24003730604__24003731203,direct_survey,0.0
24003730700__24003730800,direct_survey,0.0
24003730700__24003731201,direct_survey,0.0
24003730700__24003731203,direct_survey,0.0
24003730800__24003730901,direct_survey,0.0
24003730800__24003731103,direct_survey,0.0
24003730800__24003731105,direct_survey,0.0
24003730800__24003731201,direct_survey,0.0
24003730901__24003730902,direct_survey,0.0
24003730901__24003731103,direct_survey,0.0
24003730902__24003731002,direct_survey,0.0
24003730902__24003731003,direct_survey,0.0
24003730902__24003731004,direct_survey,0.0
24003730902__24003731103,direct_survey,0.0
24003731002__24003731003,direct_survey,0.0
24003731003__24003731004,direct_survey,0.0
24003731102__24003731103,direct_survey,0.0
24003731102__24003731104,direct_survey,0.0
24003731103__24003731104,direct_survey,0.0
24003731103__24003731105,direct_survey,0.0
24003731104__24003731105,direct_survey,0.0
24003731105__24003731201,direct_survey,0.0
24003731201__24003731203,direct_survey,0.0
24003731202__24003731203,direct_survey,0.0
24003731202__24003731204,direct_survey,0.0
24003731202__24003731303,direct_survey,0.0
24003731202__24003731307,direct_survey,0.0
24003731203__24003731204,direct_survey,0.0
24003731204__24003731307,direct_survey,0.0
24003731204__24003731311,direct_survey,0.0
24003731303__24003731307,direct_survey,0.0
24003731306__24003731307,direct_survey,0.0
24003731306__24003731309,direct_survey,0.0
24003731307__24003731309,direct_survey,0.0
24003731307__24003731310,direct_survey,0.0
24003731307__24003731311,direct_survey,0.0
24003731308__24003731309,direct_survey,0.0
24003731309__24003731310,direct_survey,0.0
24003740102__24003740103,direct_survey,0.0
24003740102__24003740400,direct_survey,0.0
24003740102__24003740500,direct_survey,0.0
24003740102__24003740601,direct_survey,0.0
24003740102__24003751200,direct_survey,0.0
24003740102__24003751500,direct_survey,0.0
24003740102__24027601203,direct_survey,0.0
24003740102__24027606901,direct_survey,0.0
24003740103__24003740104,direct_survey,0.0
24003740103__24003740602,direct_survey,0.0
24003740103__24003751200,direct_survey,0.0
24003740103__24003751400,direct_survey,0.0
24003740104__24003740105,direct_survey,0.0
24003740104__24003740305,direct_survey,0.0
24003740104__24003740602,direct_survey,0.0
24003740104__24003751400,direct_survey,0.0
24003740105__24003740303,direct_survey,0.0
24003740105__24003740305,direct_survey,0.0
24003740201__24003740203,direct_survey,0.0
24003740201__24003741000,direct_survey,0.0
24003740201__24003751400,direct_survey,0.0
24003740203__24003740303,direct_survey,0.0
24003740203__24003741000,direct_survey,0.0
24003740203__24003751400,direct_survey,0.0
24003740303__24003740304,direct_survey,0.0
24003740303__24003751400,direct_survey,0.0
24003740304__24003740305,direct_survey,0.0
24003740304__24003740603,direct_survey,0.0
24003740304__24003740701,direct_survey,0.0
24003740304__24003740900,direct_survey,0.0
24003740304__24003741000,direct_survey,0.0
24003740305__24003740602,direct_survey,0.0
24003740305__24003740603,direct_survey,0.0
24003740400__24027606901,direct_survey,0.0
24003740500__24003751500,direct_survey,0.0
24003740500__24027606904,direct_survey,0.0
24003740500__24027606905,direct_survey,0.0
24003740500__24027606906,direct_survey,0.0
24003740500__24027606907,direct_survey,0.0
24003740500__24033800103,direct_survey,0.0
24003740601__24003740602,direct_survey,0.0
24003740601__24003740603,direct_survey,0.0
24003740601__24003751500,direct_survey,0.0
24003740602__24003740603,direct_survey,0.0
24003740603__24003740702,direct_survey,0.0
24003740603__24003751500,direct_survey,0.0
24003740603__24033800206,direct_survey,0.0
24003740701__24003740900,direct_survey,0.0
24003740702__24003740800,direct_survey,0.0
24003740702__24003740900,direct_survey,0.0
24003740702__24033800401,direct_survey,0.0
24003740800__24003740900,direct_survey,0.0
24003740800__24003741000,direct_survey,0.0
24003740800__24003751700,direct_survey,0.0
24003740900__24003741000,direct_survey,0.0
24003750101__24003750102,direct_survey,0.0
24003750101__24003750202,direct_survey,0.0
24003750101__24003750203,direct_survey,0.0
24003750101__24510250401,direct_survey,0.0
24003750101__24510250500,direct_survey,0.0
24003750102__24003750201,direct_survey,0.0
24003750102__24003750202,direct_survey,0.0
24003750102__24005980100,direct_survey,0.0
24003750102__24510250401,direct_survey,0.0
24003750201__24003750202,direct_survey,0.0
24003750201__24003750300,direct_survey,0.0
24003750201__24003750400,direct_survey,0.0
24003750201__24005430104,direct_survey,0.0
24003750201__24005980100,direct_survey,0.0
24003750202__24003750203,direct_survey,0.0
24003750202__24003750803,direct_survey,0.0
24003750203__24003751102,direct_survey,0.0
24003750203__24510250500,direct_survey,0.0
24003750300__24003750400,direct_survey,0.0
24003750300__24003751200,direct_survey,0.0
24003750300__24005430101,direct_survey,0.0
24003750300__24005430300,direct_survey,0.0
24003750400__24003750801,direct_survey,0.0
24003750400__24003750803,direct_survey,0.0
24003750400__24003751200,direct_survey,0.0
24003750400__24003980000,direct_survey,0.0
24003750801__24003750803,direct_survey,0.0
24003750801__24003750804,direct_survey,0.0
24003750801__24003750900,direct_survey,0.0
24003750801__24003980000,direct_survey,0.0
24003750803__24003750804,direct_survey,0.0
24003750803__24003751102,direct_survey,0.0
24003750804__24003750900,direct_survey,0.0
24003750804__24003751102,direct_survey,0.0
24003750900__24003751000,direct_survey,0.0
24003750900__24003751102,direct_survey,0.0
24003750900__24003751400,direct_survey,0.0
24003751000__24003751102,direct_survey,0.0
24003751000__24003751103,direct_survey,0.0
24003751102__24003751103,direct_survey,0.0
24003751102__24510250500,direct_survey,0.0
24003751200__24003751400,direct_survey,0.0
24003751200__24003980000,direct_survey,0.0
24003751200__24005430300,direct_survey,0.0
24003751200__24005430600,direct_survey,0.0
24003751200__24005980200,direct_survey,0.0
24003751200__24027601201,direct_survey,0.0
24003751200__24027601203,direct_survey,0.0
24003751200__24027601204,direct_survey,0.0
24003751400__24003980000,direct_survey,0.0
24003751500__24033800103,direct_survey,0.0
24003751500__24033800206,direct_survey,0.0
24003751500__24033800211,direct_survey,0.0
24005400100__24005400200,direct_survey,0.0
24005400100__24005430900,direct_survey,0.0
24005400100__24005492500,direct_survey,0.0
24005400100__24510250103,direct_survey,0.0
24005400200__24005400400,direct_survey,0.0
24005400200__24005400600,direct_survey,0.0
24005400200__24510250101,direct_survey,0.0
24005400400__24005400500,direct_survey,0.0
24005400400__24005400800,direct_survey,0.0
24005400400__24005401000,direct_survey,0.0
24005400400__24005430600,direct_survey,0.0
24005400400__24005430700,direct_survey,0.0
24005400400__24005492500,direct_survey,0.0
24005400500__24005401000,direct_survey,0.0
24005400500__24005401400,direct_survey,0.0
24005400500__24027601104,direct_survey,0.0
24005400600__24005400701,direct_survey,0.0
24005400600__24005400702,direct_survey,0.0
24005400600__24005400800,direct_survey,0.0
24005400600__24510280403,direct_survey,0.0
24005400701__24005400702,direct_survey,0.0
24005400701__24005400800,direct_survey,0.0
24005400701__24005401101,direct_survey,0.0
24005400701__24005401301,direct_survey,0.0
24005400702__24005401301,direct_survey,0.0
24005400702__24005401302,direct_survey,0.0
24005400702__24510280403,direct_survey,0.0
24005400800__24005400900,direct_survey,0.0
24005400800__24005401000,direct_survey,0.0
24005400800__24005401505,direct_survey,0.0
24005400900__24005401000,direct_survey,0.0
24005400900__24005401503,direct_survey,0.0
24005400900__24005401505,direct_survey,0.0
24005401000__24005401400,direct_survey,0.0
24005401101__24005401102,direct_survey,0.0
24005401101__24005401301,direct_survey,0.0
24005401101__24005401505,direct_survey,0.0
24005401102__24005401200,direct_survey,0.0
24005401102__24005401301,direct_survey,0.0
24005401102__24005401507,direct_survey,0.0
24005401102__24005402405,direct_survey,0.0
24005401200__24005401301,direct_survey,0.0
24005401200__24005402403,direct_survey,0.0
24005401200__24005402405,direct_survey,0.0
24005401200__24510280200,direct_survey,0.0
24005401200__24510280301,direct_survey,0.0
24005401301__24005401302,direct_survey,0.0
24005401301__24510280301,direct_survey,0.0
24005401301__24510280401,direct_survey,0.0
24005401302__24510280401,direct_survey,0.0
24005401400__24005401503,direct_survey,0.0
24005401400__24027602700,direct_survey,0.0
24005401503__24005401504,direct_survey,0.0
24005401503__24027602800,direct_survey,0.0
24005401504__24005401505,direct_survey,0.0
24005401504__24005401506,direct_survey,0.0
24005401504__24005401507,direct_survey,0.0
24005401505__24005401507,direct_survey,0.0
24005401506__24005401507,direct_survey,0.0
24005401506__24005402202,direct_survey,0.0
24005401506__24005402406,direct_survey,0.0
24005401507__24005402407,direct_survey,0.0
24005402201__24005402202,direct_survey,0.0
24005402201__24005402504,direct_survey,0.0
24005402201__24005404101,direct_survey,0.0
24005402201__24005404800,direct_survey,0.0
24005402201__24005492401,direct_survey,0.0
24005402201__24005492402,direct_survey,0.0
24005402201__24013505102,direct_survey,0.0
24005402201__24013505206,direct_survey,0.0
24005402201__24027603001,direct_survey,0.0
24005402202__24005402406,direct_survey,0.0
24005402202__24005402504,direct_survey,0.0
24005402202__24027603001,direct_survey,0.0
24005402302__24005402303,direct_survey,0.0
24005402302__24005402306,direct_survey,0.0
24005402302__24005402407,direct_survey,0.0
24005402303__24005402304,direct_survey,0.0
24005402303__24005402307,direct_survey,0.0
24005402303__24005402407,direct_survey,0.0
24005402304__24005402305,direct_survey,0.0
24005402304__24005402404,direct_survey,0.0
24005402304__24005402405,direct_survey,0.0
24005402305__24005402307,direct_survey,0.0
24005402305__24005402403,direct_survey,0.0
24005402305__24005402404,direct_survey,0.0
24005402305__24005402604,direct_survey,0.0
24005402305__24005403100,direct_survey,0.0
24005402305__24005403300,direct_survey,0.0
24005402306__24005402307,direct_survey,0.0
24005402306__24005402602,direct_survey,0.0
24005402306__24005402604,direct_survey,0.0
24005402307__24005402604,direct_survey,0.0
24005402403__24005402404,direct_survey,0.0
24005402403__24005403100,direct_survey,0.0
24005402403__24005403202,direct_survey,0.0
24005402403__24510280200,direct_survey,0.0
24005402404__24005402405,direct_survey,0.0
24005402405__24005402407,direct_survey,0.0
24005402406__24005402407,direct_survey,0.0
24005402503__24005402504,direct_survey,0.0
24005402503__24005402506,direct_survey,0.0
24005402503__24005402602,direct_survey,0.0
24005402503__24005402604,direct_survey,0.0
24005402504__24005402505,direct_survey,0.0
24005402504__24005492401,direct_survey,0.0
24005402505__24005402506,direct_survey,0.0
24005402505__24005402509,direct_survey,0.0
24005402505__24005492401,direct_survey,0.0
24005402506__24005402509,direct_survey,0.0
24005402506__24005402604,direct_survey,0.0
24005402509__24005402603,direct_survey,0.0
24005402509__24005404101,direct_survey,0.0
24005402602__24005402604,direct_survey,0.0
24005402603__24005402604,direct_survey,0.0
24005402603__24005403702,direct_survey,0.0
24005402604__24005403702,direct_survey,0.0
24005403100__24005403201,direct_survey,0.0
24005403100__24005403202,direct_survey,0.0
24005403100__24005403300,direct_survey,0.0
24005403201__24005403202,direct_survey,0.0
24005403201__24005403300,direct_survey,0.0
24005403201__24005403402,direct_survey,0.0
24005403201__24510280101,direct_survey,0.0
24005403202__24510280102,direct_survey,0.0
24005403300__24005403401,direct_survey,0.0
24005403300__24005403402,direct_survey,0.0
24005403300__24005403702,direct_survey,0.0
24005403401__24005403402,direct_survey,0.0
24005403401__24005403702,direct_survey,0.0
24005403402__24005403500,direct_survey,0.0
24005403402__24005403701,direct_survey,0.0
24005403402__24005403803,direct_survey,0.0
24005403402__24510272007,direct_survey,0.0
24005403402__24510280101,direct_survey,0.0
24005403500__24005403601,direct_survey,0.0
24005403500__24005403803,direct_survey,0.0
24005403500__24510272004,direct_survey,0.0
24005403500__24510272005,direct_survey,0.0
24005403601__24005403602,direct_survey,0.0
24005403601__24005403803,direct_survey,0.0
24005403601__24005490400,direct_survey,0.0
24005403601__24510272003,direct_survey,0.0
24005403602__24005490400,direct_survey,0.0
24005403602__24005490500,direct_survey,0.0
24005403602__24510271501,direct_survey,0.0
24005403701__24005403702,direct_survey,0.0
24005403701__24005403801,direct_survey,0.0
24005403701__24005403802,direct_survey,0.0
24005403701__24005404202,direct_survey,0.0
24005403701__24005404900,direct_survey,0.0
24005403702__24005404101,direct_survey,0.0
24005403702__24005404102,direct_survey,0.0
24005403702__24005404202,direct_survey,0.0
24005403801__24005403802,direct_survey,0.0
24005403801__24005408302,direct_survey,0.0
24005403801__24005408303,direct_survey,0.0
24005403801__24005408704,direct_survey,0.0
24005403801__24005490400,direct_survey,0.0
24005403802__24005403803,direct_survey,0.0
24005403802__24005490400,direct_survey,0.0
24005403803__24005490400,direct_survey,0.0
24005404101__24005404102,direct_survey,0.0
24005404101__24005404403,direct_survey,0.0
24005404101__24005404800,direct_survey,0.0
24005404101__24005492402,direct_survey,0.0
24005404102__24005404201,direct_survey,0.0
24005404102__24005404202,direct_survey,0.0
24005404102__24005404403,direct_survey,0.0
24005404201__24005404202,direct_survey,0.0
24005404201__24005404501,direct_survey,0.0
24005404201__24005404502,direct_survey,0.0
24005404202__24005404900,direct_survey,0.0
24005404402__24005404404,direct_survey,0.0
24005404402__24005404600,direct_survey,0.0
24005404402__24005404900,direct_survey,0.0
24005404403__24005404404,direct_survey,0.0
24005404403__24005404501,direct_survey,0.0
24005404403__24005404502,direct_survey,0.0
24005404404__24005404501,direct_survey,0.0
24005404404__24005404600,direct_survey,0.0
24005404404__24005404800,direct_survey,0.0
24005404501__24005404502,direct_survey,0.0
24005404600__24005404800,direct_survey,0.0
24005404600__24005404900,direct_survey,0.0
24005404600__24005405000,direct_survey,0.0
24005404600__24013504100,direct_survey,0.0
24005404800__24013504201,direct_survey,0.0
24005404900__24005408303,direct_survey,0.0
24005405000__24005406000,direct_survey,0.0
24005405000__24005407001,direct_survey,0.0
24005405000__24005408200,direct_survey,0.0
24005405000__24013508101,direct_survey,0.0
24005405000__24013508102,direct_survey,0.0
24005406000__24005407001,direct_survey,0.0
24005406000__24005407002,direct_survey,0.0
24005407001__24005407002,direct_survey,0.0
24005407001__24005408100,direct_survey,0.0
24005407001__24005410100,direct_survey,0.0
24005407002__24025304102,direct_survey,0.0
24005408100__24005408200,direct_survey,0.0
24005408100__24005408400,direct_survey,0.0
24005408100__24005408900,direct_survey,0.0
24005408100__24005410100,direct_survey,0.0
24005408200__24005408303,direct_survey,0.0
24005408200__24005408304,direct_survey,0.0
24005408200__24005408400,direct_survey,0.0
24005408302__24005408303,direct_survey,0.0
24005408302__24005408304,direct_survey,0.0
24005408302__24005408703,direct_survey,0.0
24005408302__24005408704,direct_survey,0.0
24005408303__24005408304,direct_survey,0.0
24005408304__24005408400,direct_survey,0.0
24005408304__24005408703,direct_survey,0.0
24005408400__24005408503,direct_survey,0.0
24005408400__24005408505,direct_survey,0.0
24005408400__24005408900,direct_survey,0.0
24005408502__24005408505,direct_survey,0.0
24005408502__24005408506,direct_survey,0.0
24005408502__24005408601,direct_survey,0.0
24005408502__24005408602,direct_survey,0.0
24005408502__24005408900,direct_survey,0.0
24005408502__24005490100,direct_survey,0.0
24005408503__24005408505,direct_survey,0.0
24005408503__24005408506,direct_survey,0.0
24005408503__24005408507,direct_survey,0.0
24005408503__24005408900,direct_survey,0.0
24005408505__24005408506,direct_survey,0.0
24005408505__24005408507,direct_survey,0.0
24005408505__24005408601,direct_survey,0.0
24005408505__24005408703,direct_survey,0.0
24005408505__24005408800,direct_survey,0.0
24005408506__24005408507,direct_survey,0.0
24005408506__24005408900,direct_survey,0.0
24005408601__24005408602,direct_survey,0.0
24005408601__24005408800,direct_survey,0.0
24005408602__24005408800,direct_survey,0.0
24005408602__24005490100,direct_survey,0.0
24005408602__24005490200,direct_survey,0.0
24005408702__24005408704,direct_survey,0.0
24005408702__24005408800,direct_survey,0.0
24005408702__24005490301,direct_survey,0.0
24005408702__24005490400,direct_survey,0.0
24005408702__24005490500,direct_survey,0.0
24005408703__24005408704,direct_survey,0.0
24005408704__24005408800,direct_survey,0.0
24005408704__24005490400,direct_survey,0.0
24005408800__24005490200,direct_survey,0.0
24005408900__24005410100,direct_survey,0.0
24005410100__24005410200,direct_survey,0.0
24005410100__24025304201,direct_survey,0.0
24005410200__24005411201,direct_survey,0.0
24005410200__24005411202,direct_survey,0.0
24005410200__24025304201,direct_survey,0.0
24005411101__24005411102,direct_survey,0.0
24005411101__24005411201,direct_survey,0.0
24005411101__24005411202,direct_survey,0.0
24005411101__24005411409,direct_survey,0.0
24005411101__24025303400,direct_survey,0.0
24005411102__24005411302,direct_survey,0.0
24005411102__24005411309,direct_survey,0.0
24005411102__24025301301,direct_survey,0.0
24005411102__24025301401,direct_survey,0.0
24005411102__24025303400,direct_survey,0.0
24005411201__24005411202,direct_survey,0.0
24005411201__24025303300,direct_survey,0.0
24005411201__24025304201,direct_survey,0.0
24005411202__24005490100,direct_survey,0.0
24005411202__24005492600,direct_survey,0.0
24005411302__24005411307,direct_survey,0.0
24005411302__24005411308,direct_survey,0.0
24005411302__24005411309,direct_survey,0.0
24005411302__24005440702,direct_survey,0.0
24005411302__24005451701,direct_survey,0.0
24005411302__24005451702,direct_survey,0.0
24005411303__24005411306,direct_survey,0.0
24005411303__24005411307,direct_survey,0.0
24005411303__24005411308,direct_survey,0.0
24005411303__24005411309,direct_survey,0.0
24005411303__24005411406,direct_survey,0.0
24005411303__24005411408,direct_survey,0.0
24005411306__24005411307,direct_survey,0.0
24005411306__24005411407,direct_survey,0.0
24005411306__24005411408,direct_survey,0.0
24005411306__24005440600,direct_survey,0.0
24005411307__24005411308,direct_survey,0.0
24005411307__24005440600,direct_survey,0.0
24005411308__24005411309,direct_survey,0.0
24005411309__24005411406,direct_survey,0.0
24005411404__24005411407,direct_survey,0.0
24005411404__24005411409,direct_survey,0.0
24005411404__24005411410,direct_survey,0.0
24005411404__24005492200,direct_survey,0.0
24005411406__24005411408,direct_survey,0.0
24005411406__24005411409,direct_survey,0.0
24005411406__24005411410,direct_survey,0.0
24005411407__24005411408,direct_survey,0.0
24005411407__24005440100,direct_survey,0.0
24005411407__24005440300,direct_survey,0.0
24005411407__24005491900,direct_survey,0.0
24005411408__24005411410,direct_survey,0.0
24005411409__24005411410,direct_survey,0.0
24005420100__24005420301,direct_survey,0.0
24005420100__24005420302,direct_survey,0.0
24005420100__24005420303,direct_survey,0.0
24005420100__24005420600,direct_survey,0.0
24005420100__24005420701,direct_survey,0.0
24005420100__24005452400,direct_survey,0.0
24005420200__24005420303,direct_survey,0.0
24005420200__24005420401,direct_survey,0.0
24005420200__24005420402,direct_survey,0.0
24005420200__24005420800,direct_survey,0.0
24005420200__24005421101,direct_survey,0.0
24005420200__24005421200,direct_survey,0.0
24005420301__24005420302,direct_survey,0.0
24005420301__24005452400,direct_survey,0.0
24005420301__24005452500,direct_survey,0.0
24005420302__24005420303,direct_survey,0.0
24005420303__24005420402,direct_survey,0.0
24005420303__24005420701,direct_survey,0.0
24005420401__24005420402,direct_survey,0.0
24005420500__24005420600,direct_survey,0.0
24005420500__24005420701,direct_survey,0.0
24005420500__24005420702,direct_survey,0.0
24005420500__24005452300,direct_survey,0.0
24005420500__24510260404,direct_survey,0.0
24005420500__24510260501,direct_survey,0.0
24005420500__24510260605,direct_survey,0.0
24005420600__24005420701,direct_survey,0.0
24005420600__24005452300,direct_survey,0.0
24005420600__24005452400,direct_survey,0.0
24005420701__24005420702,direct_survey,0.0
24005420701__24005420800,direct_survey,0.0
24005420702__24005420800,direct_survey,0.0
24005420702__24510260605,direct_survey,0.0
24005420800__24005420900,direct_survey,0.0
24005420800__24005421101,direct_survey,0.0
24005420800__24510260605,direct_survey,0.0
24005420900__24005421000,direct_survey,0.0
24005420900__24005421101,direct_survey,0.0
24005421000__24005421101,direct_survey,0.0
24005421000__24005421102,direct_survey,0.0
24005421000__24510260605,direct_survey,0.0
24005421101__24005421102,direct_survey,0.0
24005421101__24005421200,direct_survey,0.0
24005421102__24005421200,direct_survey,0.0
24005421102__24005421300,direct_survey,0.0
24005421200__24005421300,direct_survey,0.0
24005430101__24005430104,direct_survey,0.0
24005430101__24005430200,direct_survey,0.0
24005430101__24005430300,direct_survey,0.0
24005430101__24510250205,direct_survey,0.0
24005430104__24005980100,direct_survey,0.0
24005430104__24510250205,direct_survey,0.0
24005430200__24005430300,direct_survey,0.0
24005430200__24005430400,direct_survey,0.0
24005430200__24510250205,direct_survey,0.0
24005430300__24005430400,direct_survey,0.0
24005430300__24005980200,direct_survey,0.0
24005430400__24005430600,direct_survey,0.0
24005430400__24005430700,direct_survey,0.0
24005430400__24005430800,direct_survey,0.0
24005430400__24005430900,direct_survey,0.0
24005430400__24005980200,direct_survey,0.0
24005430400__24510250103,direct_survey,0.0
24005430400__24510250206,direct_survey,0.0
24005430600__24005430700,direct_survey,0.0
24005430600__24005980200,direct_survey,0.0
24005430600__24027601104,direct_survey,0.0
24005430600__24027601201,direct_survey,0.0
24005430700__24005430800,direct_survey,0.0
24005430700__24005492500,direct_survey,0.0
24005430800__24005430900,direct_survey,0.0
24005430800__24005492500,direct_survey,0.0
24005430900__24005492500,direct_survey,0.0
24005430900__24510250103,direct_survey,0.0
24005440100__24005440200,direct_survey,0.0
24005440100__24005440300,direct_survey,0.0
24005440100__24005492101,direct_survey,0.0
24005440100__24005492102,direct_survey,0.0
24005440100__24510270501,direct_survey,0.0
24005440200__24005440300,direct_survey,0.0
24005440200__24005440400,direct_survey,0.0
24005440200__24005440500,direct_survey,0.0
24005440200__24510270501,direct_survey,0.0
24005440200__24510270502,direct_survey,0.0
24005440300__24005440600,direct_survey,0.0
24005440300__24005440800,direct_survey,0.0
24005440400__24005440500,direct_survey,0.0
24005440400__24005441000,direct_survey,0.0
24005440400__24510260101,direct_survey,0.0
24005440500__24005440800,direct_survey,0.0
24005440500__24005440900,direct_survey,0.0
24005440500__24005441000,direct_survey,0.0
24005440600__24005440701,direct_survey,0.0
24005440600__24005440702,direct_survey,0.0
24005440600__24005440800,direct_survey,0.0
24005440701__24005440702,direct_survey,0.0
24005440701__24005440800,direct_survey,0.0
24005440701__24005440900,direct_survey,0.0
24005440701__24005451200,direct_survey,0.0
24005440702__24005451200,direct_survey,0.0
24005440702__24005451701,direct_survey,0.0
24005440900__24005441101,direct_survey,0.0
24005440900__24005450100,direct_survey,0.0
24005440900__24005451200,direct_survey,0.0
24005441000__24005441101,direct_survey,0.0
24005441000__24005441102,direct_survey,0.0
24005441101__24005441102,direct_survey,0.0
24005441101__24005450100,direct_survey,0.0
24005441102__24005450100,direct_survey,0.0
24005441102__24510260403,direct_survey,0.0
24005450100__24005450200,direct_survey,0.0
24005450100__24005451200,direct_survey,0.0
24005450100__24005452300,direct_survey,0.0
24005450100__24510260404,direct_survey,0.0
24005450200__24005450300,direct_survey,0.0
24005450200__24005450400,direct_survey,0.0
24005450200__24005451200,direct_survey,0.0
24005450200__24005452300,direct_survey,0.0
24005450200__24005492300,direct_survey,0.0
24005450300__24005450400,direct_survey,0.0
24005450300__24005450501,direct_survey,0.0
24005450300__24005492300,direct_survey,0.0
24005450400__24005450501,direct_survey,0.0
24005450400__24005452400,direct_survey,0.0
24005450501__24005450503,direct_survey,0.0
24005450501__24005450504,direct_survey,0.0
24005450501__24005450800,direct_survey,0.0
24005450504__24005450800,direct_survey,0.0
24005450504__24005450900,direct_survey,0.0
24005450504__24005451100,direct_survey,0.0
24005450800__24005450900,direct_survey,0.0
24005450800__24005451500,direct_survey,0.0
24005450800__24005492300,direct_survey,0.0
24005450900__24005451000,direct_survey,0.0
24005450900__24005451100,direct_survey,0.0
24005451000__24005451100,direct_survey,0.0
24005451200__24005451300,direct_survey,0.0
24005451200__24005451402,direct_survey,0.0
24005451200__24005451600,direct_survey,0.0
24005451200__24005451701,direct_survey,0.0
24005451200__24005492300,direct_survey,0.0
24005451300__24005451402,direct_survey,0.0
24005451300__24005451701,direct_survey,0.0
24005451402__24005451600,direct_survey,0.0
24005451402__24005451701,direct_survey,0.0
24005451500__24005451600,direct_survey,0.0
24005451500__24005492300,direct_survey,0.0
24005451600__24005451802,direct_survey,0.0
24005451600__24005492300,direct_survey,0.0
24005451701__24005451702,direct_survey,0.0
24005451701__24005451801,direct_survey,0.0
24005451701__24005451802,direct_survey,0.0
24005451702__24005451801,direct_survey,0.0
24005451802__24005451803,direct_survey,0.0
24005451900__24005452000,direct_survey,0.0
24005452000__24005452100,direct_survey,0.0
24005452000__24005452400,direct_survey,0.0
24005452000__24005980000,direct_survey,0.0
24005452100__24005980000,direct_survey,0.0
24005452300__24005452400,direct_survey,0.0
24005452300__24510260404,direct_survey,0.0
24005452400__24005452500,direct_survey,0.0
24005452400__24005980000,direct_survey,0.0
24005490100__24005490200,direct_survey,0.0
24005490100__24005490302,direct_survey,0.0
24005490100__24005491701,direct_survey,0.0
24005490100__24005492600,direct_survey,0.0
24005490200__24005490301,direct_survey,0.0
24005490301__24005490302,direct_survey,0.0
24005490301__24005490500,direct_survey,0.0
24005490301__24005490701,direct_survey,0.0
24005490301__24005490703,direct_survey,0.0
24005490301__24005490900,direct_survey,0.0
24005490302__24005490900,direct_survey,0.0
24005490302__24005491201,direct_survey,0.0
24005490400__24005490500,direct_survey,0.0
24005490500__24005490603,direct_survey,0.0
24005490500__24005490605,direct_survey,0.0
24005490500__24005490701,direct_survey,0.0
24005490500__24510271200,direct_survey,0.0
24005490500__24510271300,direct_survey,0.0
24005490500__24510271501,direct_survey,0.0
24005490601__24005490602,direct_survey,0.0
24005490601__24005490603,direct_survey,0.0
24005490601__24005491100,direct_survey,0.0
24005490601__24510271200,direct_survey,0.0
24005490602__24005490603,direct_survey,0.0
24005490602__24005490605,direct_survey,0.0
24005490602__24005491000,direct_survey,0.0
24005490602__24005491100,direct_survey,0.0
24005490603__24005490605,direct_survey,0.0
24005490603__24510271200,direct_survey,0.0
24005490605__24005490701,direct_survey,0.0
24005490605__24005490703,direct_survey,0.0
24005490605__24005490800,direct_survey,0.0
24005490701__24005490703,direct_survey,0.0
24005490703__24005490900,direct_survey,0.0
24005490800__24005490900,direct_survey,0.0
24005490800__24005491000,direct_survey,0.0
24005490800__24005491300,direct_survey,0.0
24005490900__24005491201,direct_survey,0.0
24005490900__24005491202,direct_survey,0.0
24005490900__24005491300,direct_survey,0.0
24005491000__24005491100,direct_survey,0.0
24005491000__24005491300,direct_survey,0.0
24005491100__24005491300,direct_survey,0.0
24005491100__24510270801,direct_survey,0.0
24005491100__24510270804,direct_survey,0.0
24005491201__24005491202,direct_survey,0.0
24005491201__24005491600,direct_survey,0.0
24005491201__24005491701,direct_survey,0.0
24005491202__24005491300,direct_survey,0.0
24005491202__24005491401,direct_survey,0.0
24005491202__24005491500,direct_survey,0.0
24005491300__24005491401,direct_survey,0.0
24005491300__24510270801,direct_survey,0.0
24005491401__24005491402,direct_survey,0.0
24005491401__24005491500,direct_survey,0.0
24005491401__24005492102,direct_survey,0.0
24005491401__24510270801,direct_survey,0.0
24005491401__24510270803,direct_survey,0.0
24005491402__24005491500,direct_survey,0.0
24005491402__24005492001,direct_survey,0.0
24005491402__24005492102,direct_survey,0.0
24005491500__24005491600,direct_survey,0.0
24005491500__24005492001,direct_survey,0.0
24005491600__24005491701,direct_survey,0.0
24005491600__24005492001,direct_survey,0.0
24005491701__24005491900,direct_survey,0.0
24005491701__24005492200,direct_survey,0.0
24005491701__24005492600,direct_survey,0.0
24005491900__24005492001,direct_survey,0.0
24005491900__24005492002,direct_survey,0.0
24005491900__24005492101,direct_survey,0.0
24005491900__24005492200,direct_survey,0.0
24005492001__24005492002,direct_survey,0.0
24005492002__24005492101,direct_survey,0.0
24005492002__24005492102,direct_survey,0.0
24005492101__24005492102,direct_survey,0.0
24005492102__24510270701,direct_survey,0.0
24005492102__24510270703,direct_survey,0.0
24005492200__24005492600,direct_survey,0.0
24005492401__24005492402,direct_survey,0.0
24005980100__24510250205,direct_survey,0.0
24009860101__24009860102,direct_survey,0.0
24009860200__24009860300,direct_survey,0.0
24009860200__24009860600,direct_survey,0.0
24009860200__24033800800,direct_survey,0.0
24009860300__24009860501,direct_survey,0.0
24009860300__24009860600,direct_survey,0.0
24009860401__24009860402,direct_survey,0.0
24009860501__24009860502,direct_survey,0.0
24009860501__24009860600,direct_survey,0.0
24009860501__24009860701,direct_survey,0.0
24009860501__24009860702,direct_survey,0.0
24009860600__24009860701,direct_survey,0.0
24009860701__24009860702,direct_survey,0.0
24009860701__24009860703,direct_survey,0.0
24009860702__24009860703,direct_survey,0.0
24009860703__24009860802,direct_survey,0.0
24009860801__24009860802,direct_survey,0.0
24009860900__24009861001,direct_survey,0.0
24009860900__24009861003,direct_survey,0.0
24009861001__24009861003,direct_survey,0.0
24009861001__24009861004,direct_survey,0.0
24009861003__24009861004,direct_survey,0.0
24011955000__24011955100,direct_survey,0.0
24011955000__24035810200,direct_survey,0.0
24011955100__24011955201,direct_survey,0.0
24011955100__24011955202,direct_survey,0.0
24011955100__24011955301,direct_survey,0.0
24011955100__24035810500,direct_survey,0.0
24011955201__24011955202,direct_survey,0.0
24011955201__24035810500,direct_survey,0.0
24011955202__24011955301,direct_survey,0.0
24011955202__24011955302,direct_survey,0.0
24011955202__24035810500,direct_survey,0.0
24011955202__24041960100,direct_survey,0.0
24011955301__24011955302,direct_survey,0.0
24011955301__24011955400,direct_survey,0.0
24011955400__24011955500,direct_survey,0.0
24011955400__24011955600,direct_survey,0.0
24011955500__24019970200,direct_survey,0.0
24011955600__24019970100,direct_survey,0.0
24013501001__24013501002,direct_survey,0.0
24013501001__24013503000,direct_survey,0.0
24013501002__24013503000,direct_survey,0.0
24013501002__24021767500,direct_survey,0.0
24013502000__24013507500,direct_survey,0.0
24013502000__24013511000,direct_survey,0.0
24013503000__24013507500,direct_survey,0.0
24013503000__24013507601,direct_survey,0.0
24013504100__24013504201,direct_survey,0.0
24013504100__24013508200,direct_survey,0.0
24013504201__24013504202,direct_survey,0.0
24013504202__24013507802,direct_survey,0.0
24013505101__24013505102,direct_survey,0.0
24013505101__24013505207,direct_survey,0.0
24013505102__24013505203,direct_survey,0.0
24013505102__24013505205,direct_survey,0.0
24013505102__24013505206,direct_survey,0.0
24013505203__24013505205,direct_survey,0.0
24013505203__24013505206,direct_survey,0.0
24013505203__24013505207,direct_survey,0.0
24013505203__24013505208,direct_survey,0.0
24013505205__24013505206,direct_survey,0.0
24013505206__24013505208,direct_survey,0.0
24013505206__24027603003,direct_survey,0.0
24013505207__24013505208,direct_survey,0.0
24013505208__24027603003,direct_survey,0.0
24013506101__24013506102,direct_survey,0.0
24013506101__24013506200,direct_survey,0.0
24013506102__24013506200,direct_survey,0.0
24013506102__24013507601,direct_survey,0.0
24013506102__24013507602,direct_survey,0.0
24013506102__24013508200,direct_survey,0.0
24013507500__24013507601,direct_survey,0.0
24013507500__24013507702,direct_survey,0.0
24013507500__24013507704,direct_survey,0.0
24013507601__24013507602,direct_survey,0.0
24013507601__24013507702,direct_survey,0.0
24013507601__24013507801,direct_survey,0.0
24013507602__24013507801,direct_survey,0.0
24013507602__24013507802,direct_survey,0.0
24013507602__24013508200,direct_survey,0.0
24013507702__24013507703,direct_survey,0.0
24013507702__24013507704,direct_survey,0.0
24013507702__24013507801,direct_survey,0.0
24013507702__24013507802,direct_survey,0.0
24013507702__24013511000,direct_survey,0.0
24013507703__24013507704,direct_survey,0.0
24013507703__24013511000,direct_survey,0.0
24013507801__24013507802,direct_survey,0.0
24013508101__24013508102,direct_survey,0.0
24013508101__24013508200,direct_survey,0.0
24013508102__24013508200,direct_survey,0.0
24013509001__24013509002,direct_survey,0.0
24013510000__24021751600,direct_survey,0.0
24013510000__24021767600,direct_survey,0.0
24013512000__24021751600,direct_survey,0.0
24013513001__24013513002,direct_survey,0.0
24013513001__24021752001,direct_survey,0.0
24013513002__24013514201,direct_survey,0.0
24013513002__24021751903,direct_survey,0.0
24013513002__24021752001,direct_survey,0.0
24013513002__24027604001,direct_survey,0.0
24013514100__24013514201,direct_survey,0.0
24013514100__24013514202,direct_survey,0.0
24013514201__24013514202,direct_survey,0.0
24013514201__24027604001,direct_survey,0.0
24013514202__24027604002,direct_survey,0.0
24015030100__24029950100,direct_survey,0.0
24015030400__24015030503,direct_survey,0.0
24015030400__24015030505,direct_survey,0.0
24015030400__24015030506,direct_survey,0.0
24015030501__24015030503,direct_survey,0.0
24015030501__24015030601,direct_survey,0.0
24015030503__24015030506,direct_survey,0.0
24015030503__24015030601,direct_survey,0.0
24015030503__24015030602,direct_survey,0.0
24015030503__24015030903,direct_survey,0.0
24015030505__24015030506,direct_survey,0.0
24015030601__24015030602,direct_survey,0.0
24015030700__24015030905,direct_survey,0.0
24015030903__24015030906,direct_survey,0.0
24015030905__24015030906,direct_survey,0.0
24015030906__24015031202,direct_survey,0.0
24015031201__24015031202,direct_survey,0.0
24015031201__24015031301,direct_survey,0.0
24015031301__24015031302,direct_survey,0.0
24017850101__24017850102,direct_survey,0.0
24017850101__24033801302,direct_survey,0.0
24017850102__24017850202,direct_survey,0.0
24017850102__24017850300,direct_survey,0.0
24017850102__24017850600,direct_survey,0.0
24017850102__24033801310,direct_survey,0.0
24017850202__24017850300,direct_survey,0.0
24017850300__24017850400,direct_survey,0.0
24017850300__24017850500,direct_survey,0.0
24017850300__24017850600,direct_survey,0.0
24017850400__24017850500,direct_survey,0.0
24017850500__24017850600,direct_survey,0.0
24017850600__24017850712,direct_survey,0.0
24017850600__24017850713,direct_survey,0.0
24017850600__24017851001,direct_survey,0.0
24017850600__24017851002,direct_survey,0.0
24017850600__24017851500,direct_survey,0.0
24017850706__24017850708,direct_survey,0.0
24017850706__24017850709,direct_survey,0.0
24017850706__24017850711,direct_survey,0.0
24017850706__24017850901,direct_survey,0.0
24017850708__24017850709,direct_survey,0.0
24017850708__24033801310,direct_survey,0.0
24017850709__24017850801,direct_survey,0.0
24017850709__24017850802,direct_survey,0.0
24017850709__24033801003,direct_survey,0.0
24017850711__24017850901,direct_survey,0.0
24017850711__24017851500,direct_survey,0.0
24017850712__24017850713,direct_survey,0.0
24017850713__24017851500,direct_survey,0.0
24017850801__24017850802,direct_survey,0.0
24017850801__24033801003,direct_survey,0.0
24017850802__24017850901,direct_survey,0.0
24017850802__24017850904,direct_survey,0.0
24017850802__24017850905,direct_survey,0.0
24017850802__24017851400,direct_survey,0.0
24017850901__24017850902,direct_survey,0.0
24017850901__24017850905,direct_survey,0.0
24017850901__24017850906,direct_survey,0.0
24017850901__24017851500,direct_survey,0.0
24017850902__24017850904,direct_survey,0.0
24017850902__24017850906,direct_survey,0.0
24017850902__24017851002,direct_survey,0.0
24017850902__24017851500,direct_survey,0.0
24017850904__24017850905,direct_survey,0.0
24017850904__24017850906,direct_survey,0.0
24017850904__24017851302,direct_survey,0.0
24017851001__24017851002,direct_survey,0.0
24017851002__24017851100,direct_survey,0.0
24017851002__24017851500,direct_survey,0.0
24017851100__24017851200,direct_survey,0.0
24017851301__24017851302,direct_survey,0.0
24017851301__24037875202,direct_survey,0.0
24017851302__24017851400,direct_survey,0.0
24017851302__24037875100,direct_survey,0.0
24017851400__24033800900,direct_survey,0.0
24017851400__24037875100,direct_survey,0.0
24019970100__24019970200,direct_survey,0.0
24019970100__24019970900,direct_survey,0.0
24019970100__24045010701,direct_survey,0.0
24019970200__24019970300,direct_survey,0.0
24019970300__24019970702,direct_survey,0.0
24019970300__24019970900,direct_survey,0.0
24019970400__24019970500,direct_survey,0.0
24019970400__24019970600,direct_survey,0.0
24019970400__24019970702,direct_survey,0.0
24019970500__24019970600,direct_survey,0.0
24019970500__24019970702,direct_survey,0.0
24019970600__24019970702,direct_survey,0.0
24019970702__24019970900,direct_survey,0.0
24021740200__24021750802,direct_survey,0.0
24021740200__24021751302,direct_survey,0.0
24021740200__24021751701,direct_survey,0.0
24021740200__24021767600,direct_survey,0.0
24021740200__24021773500,direct_survey,0.0
24021750100__24021750200,direct_survey,0.0
24021750100__24021750600,direct_survey,0.0
24021750100__24021750801,direct_survey,0.0
24021750100__24021750803,direct_survey,0.0
24021750200__24021750300,direct_survey,0.0
24021750200__24021750600,direct_survey,0.0
24021750200__24021750803,direct_survey,0.0
24021750200__24021772200,direct_survey,0.0
24021750300__24021750600,direct_survey,0.0
24021750300__24021765100,direct_survey,0.0
24021750300__24021772200,direct_survey,0.0
24021750503__24021750504,direct_survey,0.0
24021750503__24021750505,direct_survey,0.0
24021750503__24021750506,direct_survey,0.0
24021750503__24021751203,direct_survey,0.0
24021750504__24021750505,direct_survey,0.0
24021750504__24021750600,direct_survey,0.0
24021750504__24021750702,direct_survey,0.0
24021750504__24021751201,direct_survey,0.0
24021750504__24021751203,direct_survey,0.0
24021750505__24021750506,direct_survey,0.0
24021750505__24021765100,direct_survey,0.0
24021750506__24021751004,direct_survey,0.0
24021750506__24021751203,direct_survey,0.0
24021750506__24021752602,direct_survey,0.0
24021750506__24021752603,direct_survey,0.0
24021750506__24021765100,direct_survey,0.0
24021750600__24021750702,direct_survey,0.0
24021750600__24021750801,direct_survey,0.0
24021750600__24021765100,direct_survey,0.0
24021750701__24021750702,direct_survey,0.0
24021750701__24021750801,direct_survey,0.0
24021750701__24021750802,direct_survey,0.0
24021750701__24021751201,direct_survey,0.0
24021750701__24021751301,direct_survey,0.0
24021750702__24021750801,direct_survey,0.0
24021750702__24021751201,direct_survey,0.0
24021750801__24021750802,direct_survey,0.0
24021750801__24021750803,direct_survey,0.0
24021750802__24021750803,direct_survey,0.0
24021750802__24021751301,direct_survey,0.0
24021750803__24021751701,direct_survey,0.0
24021750803__24021772200,direct_survey,0.0
24021751001__24021751002,direct_survey,0.0
24021751001__24021751004,direct_survey,0.0
24021751002__24021751003,direct_survey,0.0
24021751002__24021751004,direct_survey,0.0
24021751002__24021752301,direct_survey,0.0
24021751003__24021751004,direct_survey,0.0
24021751003__24021751904,direct_survey,0.0
24021751003__24021752301,direct_survey,0.0
24021751003__24021765100,direct_survey,0.0
24021751003__24021772200,direct_survey,0.0
24021751004__24021752303,direct_survey,0.0
24021751004__24021752501,direct_survey,0.0
24021751004__24021752602,direct_survey,0.0
24021751004__24021765100,direct_survey,0.0
24021751201__24021751202,direct_survey,0.0
24021751201__24021751203,direct_survey,0.0
24021751202__24021751203,direct_survey,0.0
24021751203__24021752603,direct_survey,0.0
24021751301__24021751302,direct_survey,0.0
24021751302__24021752900,direct_survey,0.0
24021751302__24021753001,direct_survey,0.0
24021751600__24021767600,direct_survey,0.0
24021751701__24021773500,direct_survey,0.0
24021751801__24021751802,direct_survey,0.0
24021751801__24021751901,direct_survey,0.0
24021751801__24021751903,direct_survey,0.0
24021751802__24021751903,direct_survey,0.0
24021751802__24021752001,direct_survey,0.0
24021751901__24021751902,direct_survey,0.0
24021751901__24021751903,direct_survey,0.0
24021751901__24021751904,direct_survey,0.0
24021751901__24021775600,direct_survey,0.0
24021751902__24021751904,direct_survey,0.0
24021751902__24021772200,direct_survey,0.0
24021751902__24021775600,direct_survey,0.0
24021751903__24021751904,direct_survey,0.0
24021751903__24021752001,direct_survey,0.0
24021751903__24021752102,direct_survey,0.0
24021751903__24027604001,direct_survey,0.0
24021751903__24031700204,direct_survey,0.0
24021751904__24021772200,direct_survey,0.0
24021752101__24021752102,direct_survey,0.0
24021752102__24021752201,direct_survey,0.0
24021752102__24021752204,direct_survey,0.0
24021752102__24031700204,direct_survey,0.0
24021752102__24031700312,direct_survey,0.0
24021752201__24021752204,direct_survey,0.0
24021752201__24031700400,direct_survey,0.0
24021752202__24021752204,direct_survey,0.0
24021752301__24021752302,direct_survey,0.0
24021752301__24021752303,direct_survey,0.0
24021752302__24021752303,direct_survey,0.0
24021752303__24021752501,direct_survey,0.0
24021752303__24021752502,direct_survey,0.0
24021752303__51107610300,direct_survey,0.0
24021752501__24021752502,direct_survey,0.0
24021752502__51107610300,direct_survey,0.0
24021752601__24021752602,direct_survey,0.0
24021752601__24021752603,direct_survey,0.0
24021752601__24021770700,direct_survey,0.0
24021752602__24021752603,direct_survey,0.0
24021752801__24021752900,direct_survey,0.0
24021752801__24043011301,direct_survey,0.0
24021752802__24021770700,direct_survey,0.0
24021752802__24043011302,direct_survey,0.0
24021752900__24021753001,direct_survey,0.0
24021752900__24021753002,direct_survey,0.0
24021752900__24021766800,direct_survey,0.0
24021752900__24043010100,direct_survey,0.0
24021752900__24043011301,direct_survey,0.0
24021753001__24021753002,direct_survey,0.0
24021753001__24021767500,direct_survey,0.0
24021765100__24021772200,direct_survey,0.0
24021766800__24021767500,direct_survey,0.0
24021767500__24021767600,direct_survey,0.0
24021772200__24021775600,direct_survey,0.0
24021775302__24021775400,direct_survey,0.0
24021775302__51107610101,direct_survey,0.0
24021775302__51107610102,direct_survey,0.0
24021775400__51107610102,direct_survey,0.0
24023000100__24023000200,direct_survey,0.0
24023000100__24023000500,direct_survey,0.0
24023000100__24023000600,direct_survey,0.0
24023000200__24023000300,direct_survey,0.0
24023000300__24023000400,direct_survey,0.0
24023000300__24023000500,direct_survey,0.0
24023000400__24023000500,direct_survey,0.0
24023000500__24023000600,direct_survey,0.0
24023000600__24023000700,direct_survey,0.0
24025301102__24025301106,direct_survey,0.0
24025301102__24025301108,direct_survey,0.0
24025301102__24025301702,direct_survey,0.0
24025301102__24025301703,direct_survey,0.0
24025301102__24025301704,direct_survey,0.0
24025301102__24025302200,direct_survey,0.0
24025301102__24025302400,direct_survey,0.0
24025301102__24025303606,direct_survey,0.0
24025301102__24025303700,direct_survey,0.0
24025301106__24025301108,direct_survey,0.0
24025301106__24025301202,direct_survey,0.0
24025301106__24025303501,direct_survey,0.0
24025301106__24025303602,direct_survey,0.0
24025301107__24025301204,direct_survey,0.0
24025301107__24025301205,direct_survey,0.0
24025301107__24025301703,direct_survey,0.0
24025301108__24025301703,direct_survey,0.0
24025301201__24025301204,direct_survey,0.0
24025301201__24025301301,direct_survey,0.0
24025301202__24025301204,direct_survey,0.0
24025301202__24025301205,direct_survey,0.0
24025301202__24025303501,direct_survey,0.0
24025301204__24025301205,direct_survey,0.0
24025301204__24025301301,direct_survey,0.0
24025301301__24025301302,direct_survey,0.0
24025301301__24025301401,direct_survey,0.0
24025301301__24025301402,direct_survey,0.0
24025301301__24025301703,direct_survey,0.0
24025301302__24025301601,direct_survey,0.0
24025301302__24025301602,direct_survey,0.0
24025301302__24025301702,direct_survey,0.0
24025301401__24025301402,direct_survey,0.0
24025301402__24025301601,direct_survey,0.0
24025301402__24025306500,direct_survey,0.0
24025301601__24025301602,direct_survey,0.0
24025301601__24025306500,direct_survey,0.0
24025301602__24025301702,direct_survey,0.0
24025301602__24025306500,direct_survey,0.0
24025301702__24025301703,direct_survey,0.0
24025301702__24025301704,direct_survey,0.0
24025301702__24025302400,direct_survey,0.0
24025301703__24025301704,direct_survey,0.0
24025302100__24025302200,direct_survey,0.0
24025302100__24025306400,direct_survey,0.0
24025302200__24025302400,direct_survey,0.0
24025302200__24025302801,direct_survey,0.0
24025302200__24025302802,direct_survey,0.0
24025302200__24025303700,direct_survey,0.0
24025302200__24025306400,direct_survey,0.0
24025302400__24025302902,direct_survey,0.0
24025302400__24025306500,direct_survey,0.0
24025302801__24025302802,direct_survey,0.0
24025302801__24025302901,direct_survey,0.0
24025302801__24025306300,direct_survey,0.0
24025302802__24025302901,direct_survey,0.0
24025302802__24025302902,direct_survey,0.0
24025302901__24025302902,direct_survey,0.0
24025302901__24025306300,direct_survey,0.0
24025302902__24025306500,direct_survey,0.0
24025303101__24025303102,direct_survey,0.0
24025303101__24025303201,direct_survey,0.0
24025303101__24025303603,direct_survey,0.0
24025303101__24025303700,direct_survey,0.0
24025303101__24025305100,direct_survey,0.0
24025303101__24025305200,direct_survey,0.0
24025303102__24025303700,direct_survey,0.0
24025303201__24025303203,direct_survey,0.0
24025303201__24025303204,direct_survey,0.0
24025303201__24025303603,direct_survey,0.0
24025303201__24025304101,direct_survey,0.0
24025303201__24025304202,direct_survey,0.0
24025303201__24025305100,direct_survey,0.0
24025303203__24025303204,direct_survey,0.0
24025303203__24025303206,direct_survey,0.0
24025303203__24025303603,direct_survey,0.0
24025303203__24025303802,direct_survey,0.0
24025303204__24025303206,direct_survey,0.0
24025303206__24025303502,direct_survey,0.0
24025303206__24025303802,direct_survey,0.0
24025303300__24025303400,direct_survey,0.0
24025303300__24025303502,direct_survey,0.0
24025303300__24025304201,direct_survey,0.0
24025303300__24025304202,direct_survey,0.0
24025303501__24025303502,direct_survey,0.0
24025303501__24025303602,direct_survey,0.0
24025303501__24025303801,direct_survey,0.0
24025303501__24025303900,direct_survey,0.0
24025303502__24025303801,direct_survey,0.0
24025303602__24025303900,direct_survey,0.0
24025303603__24025303605,direct_survey,0.0
24025303603__24025303802,direct_survey,0.0
24025303603__24025303803,direct_survey,0.0
24025303605__24025303700,direct_survey,0.0
24025303605__24025303900,direct_survey,0.0
24025303606__24025303700,direct_survey,0.0
24025303801__24025303802,direct_survey,0.0
24025303801__24025303803,direct_survey,0.0
24025303801__24025303900,direct_survey,0.0
24025303802__24025303803,direct_survey,0.0
24025303803__24025303900,direct_survey,0.0
24025304101__24025304102,direct_survey,0.0
24025304101__24025304201,direct_survey,0.0
24025304101__24025304202,direct_survey,0.0
24025304101__24025305100,direct_survey,0.0
24025304102__24025304201,direct_survey,0.0
24025304102__24025305100,direct_survey,0.0
24025304201__24025304202,direct_survey,0.0
24025305100__24025305200,direct_survey,0.0
24025305200__24025305300,direct_survey,0.0
24025306100__24025306200,direct_survey,0.0
24025306100__24025306400,direct_survey,0.0
24027601103__24027601104,direct_survey,0.0
24027601103__24027601108,direct_survey,0.0
24027601103__24027601203,direct_survey,0.0
24027601103__24027601204,direct_survey,0.0
24027601104__24027601105,direct_survey,0.0
24027601104__24027601108,direct_survey,0.0
24027601104__24027601201,direct_survey,0.0
24027601104__24027602700,direct_survey,0.0
24027601105__24027601108,direct_survey,0.0
24027601105__24027602302,direct_survey,0.0
24027601105__24027602700,direct_survey,0.0
24027601105__24027606606,direct_survey,0.0
24027601105__24027606607,direct_survey,0.0
24027601107__24027601108,direct_survey,0.0
24027601107__24027601203,direct_survey,0.0
24027601107__24027606706,direct_survey,0.0
24027601108__24027601203,direct_survey,0.0
24027601108__24027606706,direct_survey,0.0
24027601201__24027601204,direct_survey,0.0
24027601203__24027601204,direct_survey,0.0
24027601203__24027606901,direct_survey,0.0
24027602100__24027602201,direct_survey,0.0
24027602100__24027602202,direct_survey,0.0
24027602100__24027602600,direct_survey,0.0
24027602201__24027602202,direct_survey,0.0
24027602201__24027602303,direct_survey,0.0
24027602202__24027602304,direct_survey,0.0
24027602202__24027602305,direct_survey,0.0
24027602202__24027602306,direct_survey,0.0
24027602202__24027602600,direct_survey,0.0
24027602302__24027602306,direct_survey,0.0
24027602302__24027602700,direct_survey,0.0
24027602302__24027602800,direct_survey,0.0
24027602302__24027606601,direct_survey,0.0
24027602302__24027606607,direct_survey,0.0
24027602303__24027602304,direct_survey,0.0
24027602303__24027605503,direct_survey,0.0
24027602304__24027602305,direct_survey,0.0
24027602304__24027602306,direct_survey,0.0
24027602304__24027605401,direct_survey,0.0
24027602305__24027602306,direct_survey,0.0
24027602306__24027602800,direct_survey,0.0
24027602306__24027605401,direct_survey,0.0
24027602600__24027602800,direct_survey,0.0
24027602600__24027602900,direct_survey,0.0
24027602700__24027602800,direct_survey,0.0
24027602800__24027602900,direct_survey,0.0
24027603001__24027603003,direct_survey,0.0
24027603001__24027603004,direct_survey,0.0
24027603003__24027603004,direct_survey,0.0
24027603003__24027605104,direct_survey,0.0
24027603004__24027605104,direct_survey,0.0
24027603004__24027605502,direct_survey,0.0
24027604001__24027604002,direct_survey,0.0
24027604001__24031700103,direct_survey,0.0
24027604001__24031700204,direct_survey,0.0
24027604002__24031700103,direct_survey,0.0
24027604002__24031701317,direct_survey,0.0
24027605102__24027605103,direct_survey,0.0
24027605102__24027605504,direct_survey,0.0
24027605102__24027605602,direct_survey,0.0
24027605102__24027606803,direct_survey,0.0
24027605102__24027606805,direct_survey,0.0
24027605102__24027606806,direct_survey,0.0
24027605102__24031701316,direct_survey,0.0
24027605102__24031701408,direct_survey,0.0
24027605103__24027605104,direct_survey,0.0
24027605103__24027605504,direct_survey,0.0
24027605103__24031701316,direct_survey,0.0
24027605103__24031701317,direct_survey,0.0
24027605104__24027605502,direct_survey,0.0
24027605104__24027605505,direct_survey,0.0
24027605401__24027605402,direct_survey,0.0
24027605401__24027605503,direct_survey,0.0
24027605401__24027606601,direct_survey,0.0
24027605402__24027605503,direct_survey,0.0
24027605402__24027605602,direct_survey,0.0
24027605402__24027606603,direct_survey,0.0
24027605502__24027605503,direct_survey,0.0
24027605502__24027605601,direct_survey,0.0
24027605503__24027605602,direct_survey,0.0
24027605504__24027605505,direct_survey,0.0
24027605505__24027605601,direct_survey,0.0
24027605505__24027605602,direct_survey,0.0
24027605601__24027605602,direct_survey,0.0
24027605602__24027606603,direct_survey,0.0
24027605602__24027606701,direct_survey,0.0
24027606601__24027606603,direct_survey,0.0
24027606601__24027606604,direct_survey,0.0
24027606601__24027606606,direct_survey,0.0
24027606601__24027606607,direct_survey,0.0
24027606603__24027606604,direct_survey,0.0
24027606603__24027606701,direct_survey,0.0
24027606603__24027606704,direct_survey,0.0
24027606604__24027606606,direct_survey,0.0
24027606604__24027606706,direct_survey,0.0
24027606604__24027606707,direct_survey,0.0
24027606606__24027606607,direct_survey,0.0
24027606606__24027606706,direct_survey,0.0
24027606701__24027606704,direct_survey,0.0
24027606701__24027606707,direct_survey,0.0
24027606701__24027606803,direct_survey,0.0
24027606704__24027606705,direct_survey,0.0
24027606704__24027606707,direct_survey,0.0
24027606705__24027606707,direct_survey,0.0
24027606706__24027606707,direct_survey,0.0
24027606706__24027606901,direct_survey,0.0
24027606707__24027606804,direct_survey,0.0
24027606707__24027606901,direct_survey,0.0
24027606803__24027606804,direct_survey,0.0
24027606804__24027606806,direct_survey,0.0
24027606804__24027606905,direct_survey,0.0
24027606805__24027606806,direct_survey,0.0
24027606805__24027606906,direct_survey,0.0
24027606806__24027606905,direct_survey,0.0
24027606806__24027606907,direct_survey,0.0
24027606901__24027606905,direct_survey,0.0
24027606904__24027606905,direct_survey,0.0
24027606904__24027606907,direct_survey,0.0
24027606905__24027606907,direct_survey,0.0
24027606906__24027606907,direct_survey,0.0
24027606906__24033800102,direct_survey,0.0
24027606906__24033800103,direct_survey,0.0
24029950100__24029950200,direct_survey,0.0
24029950100__24035810100,direct_survey,0.0
24029950200__24029950300,direct_survey,0.0
24029950200__24029950400,direct_survey,0.0
24029950300__24029950400,direct_survey,0.0
24029950300__24035810300,direct_survey,0.0
24029950400__24029950500,direct_survey,0.0
24031700101__24031700103,direct_survey,0.0
24031700101__24031700104,direct_survey,0.0
24031700101__24031700206,direct_survey,0.0
24031700103__24031700104,direct_survey,0.0
24031700103__24031700105,direct_survey,0.0
24031700103__24031700208,direct_survey,0.0
24031700103__24031700710,direct_survey,0.0
24031700103__24031701307,direct_survey,0.0
24031700103__24031701317,direct_survey,0.0
24031700104__24031700105,direct_survey,0.0
24031700104__24031700715,direct_survey,0.0
24031700104__24031700810,direct_survey,0.0
24031700104__24031700811,direct_survey,0.0
24031700105__24031700715,direct_survey,0.0
24031700105__24031700716,direct_survey,0.0
24031700204__24031700207,direct_survey,0.0
24031700204__24031700208,direct_survey,0.0
24031700205__24031700207,direct_survey,0.0
24031700205__24031700304,direct_survey,0.0
24031700205__24031700311,direct_survey,0.0
24031700205__24031700835,direct_survey,0.0
24031700206__24031700207,direct_survey,0.0
24031700206__24031700208,direct_survey,0.0
24031700207__24031700208,direct_survey,0.0
24031700304__24031700308,direct_survey,0.0
24031700304__24031700309,direct_survey,0.0
24031700304__24031700311,direct_survey,0.0
24031700304__24031700830,direct_survey,0.0
24031700304__24031700835,direct_survey,0.0
24031700306__24031700310,direct_survey,0.0
24031700306__24031700611,direct_survey,0.0
24031700306__24031700613,direct_survey,0.0
24031700306__24031700815,direct_survey,0.0
24031700308__24031700309,direct_survey,0.0
24031700308__24031700312,direct_survey,0.0
24031700309__24031700310,direct_survey,0.0
24031700309__24031700818,direct_survey,0.0
24031700310__24031700312,direct_survey,0.0
24031700310__24031700818,direct_survey,0.0
24031700311__24031700312,direct_survey,0.0
24031700312__24031700400,direct_survey,0.0
24031700312__24031700611,direct_survey,0.0
24031700400__24031700500,direct_survey,0.0
24031700400__24031700611,direct_survey,0.0
24031700500__24031700604,direct_survey,0.0
24031700500__24031700611,direct_survey,0.0
24031700604__24031700611,direct_survey,0.0
24031700604__24031700613,direct_survey,0.0
24031700604__24031700615,direct_survey,0.0
24031700604__24031700616,direct_survey,0.0
24031700604__24031700824,direct_survey,0.0
24031700606__24031700607,direct_survey,0.0
24031700606__24031700608,direct_survey,0.0
24031700606__24031700828,direct_survey,0.0
24031700607__24031700608,direct_survey,0.0
24031700607__24031700816,direct_survey,0.0
24031700607__24031700828,direct_survey,0.0
24031700607__24031701221,direct_survey,0.0
24031700608__24031701220,direct_survey,0.0
24031700608__24031701221,direct_survey,0.0
24031700608__24031706007,direct_survey,0.0
24031700608__24031706008,direct_survey,0.0
24031700610__24031700614,direct_survey,0.0
24031700610__24031700706,direct_survey,0.0
24031700610__24031700820,direct_survey,0.0
24031700611__24031700613,direct_survey,0.0
24031700613__24031700614,direct_survey,0.0
24031700613__24031700815,direct_survey,0.0
24031700614__24031700706,direct_survey,0.0
24031700614__24031700815,direct_survey,0.0
24031700615__24031700616,direct_survey,0.0
24031700616__24031700824,direct_survey,0.0
24031700704__24031700711,direct_survey,0.0
24031700704__24031700717,direct_survey,0.0
24031700704__24031700718,direct_survey,0.0
24031700704__24031700719,direct_survey,0.0
24031700704__24031701211,direct_survey,0.0
24031700706__24031700722,direct_survey,0.0
24031700706__24031700723,direct_survey,0.0
24031700706__24031700724,direct_survey,0.0
24031700706__24031700815,direct_survey,0.0
24031700706__24031700820,direct_survey,0.0
24031700706__24031700822,direct_survey,0.0
24031700706__24031700829,direct_survey,0.0
24031700710__24031700711,direct_survey,0.0
24031700710__24031700716,direct_survey,0.0
24031700710__24031700720,direct_survey,0.0
24031700710__24031701212,direct_survey,0.0
24031700711__24031700719,direct_survey,0.0
24031700711__24031700720,direct_survey,0.0
24031700711__24031701211,direct_survey,0.0
24031700711__24031701212,direct_survey,0.0
24031700713__24031700719,direct_survey,0.0
24031700713__24031700721,direct_survey,0.0
24031700713__24031700722,direct_survey,0.0
24031700713__24031700723,direct_survey,0.0
24031700713__24031700812,direct_survey,0.0
24031700715__24031700716,direct_survey,0.0
24031700715__24031700811,direct_survey,0.0
24031700715__24031700812,direct_survey,0.0
24031700716__24031700719,direct_survey,0.0
24031700716__24031700720,direct_survey,0.0
24031700716__24031700812,direct_survey,0.0
24031700717__24031700718,direct_survey,0.0
24031700717__24031700723,direct_survey,0.0
24031700717__24031700724,direct_survey,0.0
24031700717__24031700816,direct_survey,0.0
24031700718__24031700817,direct_survey,0.0
24031700718__24031701007,direct_survey,0.0
24031700718__24031701211,direct_survey,0.0
24031700719__24031700720,direct_survey,0.0
24031700719__24031700723,direct_survey,0.0
24031700721__24031700722,direct_survey,0.0
24031700722__24031700723,direct_survey,0.0
24031700722__24031700813,direct_survey,0.0
24031700722__24031700832,direct_survey,0.0
24031700722__24031700833,direct_survey,0.0
24031700723__24031700724,direct_survey,0.0
24031700724__24031700829,direct_survey,0.0
24031700810__24031700811,direct_survey,0.0
24031700811__24031700812,direct_survey,0.0
24031700812__24031700813,direct_survey,0.0
24031700813__24031700833,direct_survey,0.0
24031700815__24031700818,direct_survey,0.0
24031700816__24031700817,direct_survey,0.0
24031700816__24031700828,direct_survey,0.0
24031700816__24031700829,direct_survey,0.0
24031700816__24031701221,direct_survey,0.0
24031700817__24031701007,direct_survey,0.0
24031700817__24031701221,direct_survey,0.0
24031700818__24031700819,direct_survey,0.0
24031700818__24031700830,direct_survey,0.0
24031700819__24031700832,direct_survey,0.0
24031700820__24031700822,direct_survey,0.0
24031700822__24031700829,direct_survey,0.0
24031700823__24031700826,direct_survey,0.0
24031700823__24031700829,direct_survey,0.0
24031700826__24031700829,direct_survey,0.0
24031700828__24031700829,direct_survey,0.0
24031700830__24031700832,direct_survey,0.0
24031700830__24031700834,direct_survey,0.0
24031700830__24031700835,direct_survey,0.0
24031700832__24031700833,direct_survey,0.0
24031700832__24031700834,direct_survey,0.0
24031700833__24031700834,direct_survey,0.0
24031700834__24031700835,direct_survey,0.0
24031700901__24031700902,direct_survey,0.0
24031700901__24031700904,direct_survey,0.0
24031700901__24031701001,direct_survey,0.0
24031700901__24031701004,direct_survey,0.0
24031700901__24031701005,direct_survey,0.0
24031700902__24031700903,direct_survey,0.0
24031700902__24031701004,direct_survey,0.0
24031700902__24031701101,direct_survey,0.0
24031700902__24031701102,direct_survey,0.0
24031700902__24031701211,direct_survey,0.0
24031700903__24031701101,direct_survey,0.0
24031700903__24031701211,direct_survey,0.0
24031700903__24031701212,direct_survey,0.0
24031700903__24031701303,direct_survey,0.0
24031700903__24031703202,direct_survey,0.0
24031700904__24031700905,direct_survey,0.0
24031700904__24031701001,direct_survey,0.0
24031700904__24031701102,direct_survey,0.0
24031700904__24031701218,direct_survey,0.0
24031700904__24031701219,direct_survey,0.0
24031700905__24031701001,direct_survey,0.0
24031700905__24031701205,direct_survey,0.0
24031700905__24031701218,direct_survey,0.0
24031701001__24031701002,direct_survey,0.0
24031701001__24031701005,direct_survey,0.0
24031701001__24031701006,direct_survey,0.0
24031701001__24031701205,direct_survey,0.0
24031701002__24031701006,direct_survey,0.0
24031701002__24031701205,direct_survey,0.0
24031701002__24031701206,direct_survey,0.0
24031701002__24031701210,direct_survey,0.0
24031701004__24031701005,direct_survey,0.0
24031701004__24031701007,direct_survey,0.0
24031701004__24031701211,direct_survey,0.0
24031701005__24031701006,direct_survey,0.0
24031701005__24031701007,direct_survey,0.0
24031701006__24031701007,direct_survey,0.0
24031701006__24031701210,direct_survey,0.0
24031701006__24031701220,direct_survey,0.0
24031701006__24031701221,direct_survey,0.0
24031701007__24031701211,direct_survey,0.0
24031701101__24031701102,direct_survey,0.0
24031701101__24031701219,direct_survey,0.0
24031701101__24031703201,direct_survey,0.0
24031701101__24031703202,direct_survey,0.0
24031701102__24031701219,direct_survey,0.0
24031701201__24031701202,direct_survey,0.0
24031701201__24031701219,direct_survey,0.0
24031701201__24031703501,direct_survey,0.0
24031701201__24031703502,direct_survey,0.0
24031701202__24031701213,direct_survey,0.0
24031701202__24031701214,direct_survey,0.0
24031701202__24031701216,direct_survey,0.0
24031701202__24031703502,direct_survey,0.0
24031701202__24031704300,direct_survey,0.0
24031701205__24031701206,direct_survey,0.0
24031701205__24031701213,direct_survey,0.0
24031701205__24031701215,direct_survey,0.0
24031701205__24031701216,direct_survey,0.0
24031701205__24031704401,direct_survey,0.0
24031701205__24031704501,direct_survey,0.0
24031701205__24031706012,direct_survey,0.0
24031701206__24031701210,direct_survey,0.0
24031701206__24031706007,direct_survey,0.0
24031701206__24031706011,direct_survey,0.0
24031701206__24031706012,direct_survey,0.0
24031701210__24031701220,direct_survey,0.0
24031701210__24031706007,direct_survey,0.0
24031701211__24031701212,direct_survey,0.0
24031701212__24031701303,direct_survey,0.0
24031701212__24031701307,direct_survey,0.0
24031701213__24031701214,direct_survey,0.0
24031701213__24031701215,direct_survey,0.0
24031701213__24031701216,direct_survey,0.0
24031701214__24031701215,direct_survey,0.0
24031701214__24031704300,direct_survey,0.0
24031701214__24031704401,direct_survey,0.0
24031701215__24031704401,direct_survey,0.0
24031701216__24031701218,direct_survey,0.0
24031701216__24031701219,direct_survey,0.0
24031701218__24031701219,direct_survey,0.0
24031701219__24031703501,direct_survey,0.0
24031701220__24031701221,direct_survey,0.0
24031701303__24031701308,direct_survey,0.0
24031701303__24031703202,direct_survey,0.0
24031701304__24031701307,direct_survey,0.0
24031701304__24031701312,direct_survey,0.0
24031701304__24031701315,direct_survey,0.0
24031701304__24031701317,direct_survey,0.0
24031701306__24031701308,direct_survey,0.0
24031701306__24031701313,direct_survey,0.0
24031701307__24031701308,direct_survey,0.0
24031701307__24031701312,direct_survey,0.0
24031701308__24031701313,direct_survey,0.0
24031701308__24031701314,direct_survey,0.0
24031701308__24031701316,direct_survey,0.0
24031701308__24031701407,direct_survey,0.0
24031701308__24031703202,direct_survey,0.0
24031701308__24031703218,direct_survey,0.0
24031701308__24031703219,direct_survey,0.0
24031701308__24031703220,direct_survey,0.0
24031701308__24031703221,direct_survey,0.0
24031701312__24031701313,direct_survey,0.0
24031701312__24031701314,direct_survey,0.0
24031701313__24031701314,direct_survey,0.0
24031701314__24031701315,direct_survey,0.0
24031701315__24031701316,direct_survey,0.0
24031701315__24031701317,direct_survey,0.0
24031701316__24031701408,direct_survey,0.0
24031701407__24031701408,direct_survey,0.0
24031701407__24031701415,direct_survey,0.0
24031701407__24031701507,direct_survey,0.0
24031701407__24031703221,direct_survey,0.0
24031701408__24031701409,direct_survey,0.0
24031701408__24031701410,direct_survey,0.0
24031701408__24031701415,direct_survey,0.0
24031701409__24031701410,direct_survey,0.0
24031701409__24031701414,direct_survey,0.0
24031701409__24031701422,direct_survey,0.0
24031701409__24031701423,direct_survey,0.0
24031701410__24031701417,direct_survey,0.0
24031701410__24031701423,direct_survey,0.0
24031701410__24033800203,direct_survey,0.0
24031701414__24031701415,direct_survey,0.0
24031701414__24031701417,direct_survey,0.0
24031701414__24031701418,direct_survey,0.0
24031701414__24031701420,direct_survey,0.0
24031701414__24031701421,direct_survey,0.0
24031701414__24031701503,direct_survey,0.0
24031701415__24031701503,direct_survey,0.0
24031701415__24031701507,direct_survey,0.0
24031701417__24031701418,direct_survey,0.0
24031701417__24031701422,direct_survey,0.0
24031701417__24033807407,direct_survey,0.0
24031701418__24031701420,direct_survey,0.0
24031701418__24033807407,direct_survey,0.0
24031701420__24031701421,direct_survey,0.0
24031701420__24033807407,direct_survey,0.0
24031701503__24031701506,direct_survey,0.0
24031701503__24031701508,direct_survey,0.0
24031701503__24031701509,direct_survey,0.0
24031701505__24031701506,direct_survey,0.0
24031701505__24031701509,direct_survey,0.0
24031701505__24031701602,direct_survey,0.0
24031701505__24031702102,direct_survey,0.0
24031701506__24031701507,direct_survey,0.0
24031701506__24031703207,direct_survey,0.0
24031701506__24031703208,direct_survey,0.0
24031701507__24031703212,direct_survey,0.0
24031701508__24031701509,direct_survey,0.0
24031701509__24031701601,direct_survey,0.0
24031701509__24033807304,direct_survey,0.0
24031701509__24033807305,direct_survey,0.0
24031701601__24031701602,direct_survey,0.0
24031701601__24033805906,direct_survey,0.0
24031701601__24033807305,direct_survey,0.0
24031701602__24031702101,direct_survey,0.0
24031701701__24031701703,direct_survey,0.0
24031701701__24031701704,direct_survey,0.0
24031701701__24031701800,direct_survey,0.0
24031701702__24031701703,direct_survey,0.0
24031701702__24031701800,direct_survey,0.0
24031701702__24031701900,direct_survey,0.0
24031701702__24031702301,direct_survey,0.0
24031701702__24031702401,direct_survey,0.0
24031701703__24031701704,direct_survey,0.0
24031701703__24031701900,direct_survey,0.0
24031701703__24031702000,direct_survey,0.0
24031701703__24033805500,direct_survey,0.0
24031701703__24033805601,direct_survey,0.0
24031701704__24033805202,direct_survey,0.0
24031701704__24033805500,direct_survey,0.0
24031701800__24031702401,direct_survey,0.0
24031701800__24031702402,direct_survey,0.0
24031701800__24031702500,direct_survey,0.0
24031701900__24031702000,direct_survey,0.0
24031701900__24031702301,direct_survey,0.0
24031702000__24031702101,direct_survey,0.0
24031702000__24031702200,direct_survey,0.0
24031702000__24033805700,direct_survey,0.0
24031702101__24031702102,direct_survey,0.0
24031702101__24031702200,direct_survey,0.0
24031702101__24033805700,direct_survey,0.0
24031702102__24031703000,direct_survey,0.0
24031702102__24031703100,direct_survey,0.0
24031702200__24031702301,direct_survey,0.0
24031702200__24031702302,direct_survey,0.0
24031702200__24031703000,direct_survey,0.0
24031702301__24031702302,direct_survey,0.0
24031702302__24031702900,direct_survey,0.0
24031702302__24031703000,direct_survey,0.0
24031702401__24031702402,direct_survey,0.0
24031702401__24031702900,direct_survey,0.0
24031702402__24031702500,direct_survey,0.0
24031702500__24031702601,direct_survey,0.0
24031702500__24031702800,direct_survey,0.0
24031702500__24031702900,direct_survey,0.0
24031702601__24031702602,direct_survey,0.0
24031702601__24031702800,direct_survey,0.0
24031702602__24031702700,direct_survey,0.0
24031702700__24031702800,direct_survey,0.0
24031702700__24031704000,direct_survey,0.0
24031702700__24031704100,direct_survey,0.0
24031702700__24031705100,direct_survey,0.0
24031702700__24031705200,direct_survey,0.0
24031702800__24031702900,direct_survey,0.0
24031702800__24031704000,direct_survey,0.0
24031702900__24031703901,direct_survey,0.0
24031703000__24031703100,direct_survey,0.0
24031703100__24031703209,direct_survey,0.0
24031703100__24031703902,direct_survey,0.0
24031703201__24031703202,direct_survey,0.0
24031703201__24031703213,direct_survey,0.0
24031703201__24031703214,direct_survey,0.0
24031703201__24031703301,direct_survey,0.0
24031703201__24031703302,direct_survey,0.0
24031703201__24031703501,direct_survey,0.0
24031703202__24031703216,direct_survey,0.0
24031703202__24031703218,direct_survey,0.0
24031703206__24031703212,direct_survey,0.0
24031703206__24031703215,direct_survey,0.0
24031703206__24031703402,direct_survey,0.0
24031703206__24031703403,direct_survey,0.0
24031703207__24031703208,direct_survey,0.0
24031703207__24031703209,direct_survey,0.0
24031703207__24031703212,direct_survey,0.0
24031703207__24031703702,direct_survey,0.0
24031703208__24031703209,direct_survey,0.0
24031703209__24031703702,direct_survey,0.0
24031703209__24031703800,direct_survey,0.0
24031703209__24031703902,direct_survey,0.0
24031703212__24031703215,direct_survey,0.0
24031703212__24031703221,direct_survey,0.0
24031703212__24031703403,direct_survey,0.0
24031703213__24031703214,direct_survey,0.0
24031703214__24031703215,direct_survey,0.0
24031703214__24031703216,direct_survey,0.0
24031703214__24031703220,direct_survey,0.0
24031703214__24031703302,direct_survey,0.0
24031703215__24031703220,direct_survey,0.0
24031703215__24031703302,direct_survey,0.0
24031703215__24031703402,direct_survey,0.0
24031703216__24031703219,direct_survey,0.0
24031703216__24031703220,direct_survey,0.0
24031703219__24031703220,direct_survey,0.0
24031703220__24031703221,direct_survey,0.0
24031703301__24031703302,direct_survey,0.0
24031703301__24031703501,direct_survey,0.0
24031703302__24031703401,direct_survey,0.0
24031703302__24031703402,direct_survey,0.0
24031703302__24031703501,direct_survey,0.0
24031703401__24031703402,direct_survey,0.0
24031703401__24031703403,direct_survey,0.0
24031703401__24031703404,direct_survey,0.0
24031703401__24031703501,direct_survey,0.0
24031703402__24031703403,direct_survey,0.0
24031703403__24031703701,direct_survey,0.0
24031703403__24031703702,direct_survey,0.0
24031703404__24031703601,direct_survey,0.0
24031703404__24031703701,direct_survey,0.0
24031703501__24031703502,direct_survey,0.0
24031703501__24031703601,direct_survey,0.0
24031703502__24031703601,direct_survey,0.0
24031703502__24031704200,direct_survey,0.0
24031703502__24031704300,direct_survey,0.0
24031703601__24031703602,direct_survey,0.0
24031703601__24031703701,direct_survey,0.0
24031703601__24031703702,direct_survey,0.0
24031703601__24031704200,direct_survey,0.0
24031703602__24031703800,direct_survey,0.0
24031703602__24031704000,direct_survey,0.0
24031703602__24031704200,direct_survey,0.0
24031703701__24031703702,direct_survey,0.0
24031703702__24031703800,direct_survey,0.0
24031703800__24031703902,direct_survey,0.0
24031703800__24031704000,direct_survey,0.0
24031703901__24031703902,direct_survey,0.0
24031703901__24031704000,direct_survey,0.0
24031703902__24031704000,direct_survey,0.0
24031704000__24031704100,direct_survey,0.0
24031704100__24031704200,direct_survey,0.0
24031704100__24031704300,direct_survey,0.0
24031704100__24031704404,direct_survey,0.0
24031704100__24031705100,direct_survey,0.0
24031704200__24031704300,direct_survey,0.0
24031704300__24031704401,direct_survey,0.0
24031704300__24031704404,direct_survey,0.0
24031704401__24031704403,direct_survey,0.0
24031704401__24031704404,direct_survey,0.0
24031704401__24031704501,direct_survey,0.0
24031704403__24031704404,direct_survey,0.0
24031704404__24031704503,direct_survey,0.0
24031704404__24031705000,direct_survey,0.0
24031704404__24031705100,direct_survey,0.0
24031704501__24031704502,direct_survey,0.0
24031704501__24031704503,direct_survey,0.0
24031704501__24031706013,direct_survey,0.0
24031704502__24031704503,direct_survey,0.0
24031704502__24031704600,direct_survey,0.0
24031704502__24031705901,direct_survey,0.0
24031704503__24031704600,direct_survey,0.0
24031704503__24031705000,direct_survey,0.0
24031704600__24031704700,direct_survey,0.0
24031704600__24031704806,direct_survey,0.0
24031704600__24031705000,direct_survey,0.0
24031704600__24031705901,direct_survey,0.0
24031704700__24031704803,direct_survey,0.0
24031704700__24031704804,direct_survey,0.0
24031704700__24031704805,direct_survey,0.0
24031704700__24031704806,direct_survey,0.0
24031704700__24031705502,direct_survey,0.0
24031704700__24031705901,direct_survey,0.0
24031704700__24031705903,direct_survey,0.0
24031704803__24031704804,direct_survey,0.0
24031704803__24031705400,direct_survey,0.0
24031704803__24031705502,direct_survey,0.0
24031704804__24031704805,direct_survey,0.0
24031704806__24031705000,direct_survey,0.0
24031705000__24031705100,direct_survey,0.0
24031705000__24031705400,direct_survey,0.0
24031705100__24031705200,direct_survey,0.0
24031705100__24031705300,direct_survey,0.0
24031705100__24031705400,direct_survey,0.0
24031705200__24031705300,direct_survey,0.0
24031705300__24031705400,direct_survey,0.0
24031705300__24031705501,direct_survey,0.0
24031705300__24031705502,direct_survey,0.0
24031705400__24031705502,direct_survey,0.0
24031705501__24031705502,direct_survey,0.0
24031705501__24031705601,direct_survey,0.0
24031705501__24031705602,direct_survey,0.0
24031705502__24031705601,direct_survey,0.0
24031705502__24031705701,direct_survey,0.0
24031705502__24031705903,direct_survey,0.0
24031705601__24031705602,direct_survey,0.0
24031705601__24031705701,direct_survey,0.0
24031705601__24031705702,direct_survey,0.0
24031705701__24031705702,direct_survey,0.0
24031705701__24031705800,direct_survey,0.0
24031705701__24031705902,direct_survey,0.0
24031705702__24031705800,direct_survey,0.0
24031705800__24031705902,direct_survey,0.0
24031705800__24031706008,direct_survey,0.0
24031705800__24031706009,direct_survey,0.0
24031705800__51013100300,direct_survey,0.0
24031705800__51059470100,direct_survey,0.0
24031705800__51059480100,direct_survey,0.0
24031705901__24031705902,direct_survey,0.0
24031705901__24031705903,direct_survey,0.0
24031705901__24031706013,direct_survey,0.0
24031705902__24031705903,direct_survey,0.0
24031705902__24031706009,direct_survey,0.0
24031706005__24031706007,direct_survey,0.0
24031706005__24031706008,direct_survey,0.0
24031706005__24031706009,direct_survey,0.0
24031706005__24031706011,direct_survey,0.0
24031706005__24031706013,direct_survey,0.0
24031706007__24031706008,direct_survey,0.0
24031706007__24031706011,direct_survey,0.0
24031706008__24031706009,direct_survey,0.0
24031706008__51059480100,direct_survey,0.0
24031706009__24031706013,direct_survey,0.0
24031706010__24031706011,direct_survey,0.0
24031706010__24031706012,direct_survey,0.0
24031706010__24031706013,direct_survey,0.0
24031706011__24031706012,direct_survey,0.0
24031706012__24031706013,direct_survey,0.0
24033800102__24033800103,direct_survey,0.0
24033800102__24033800105,direct_survey,0.0
24033800102__24033800109,direct_survey,0.0
24033800103__24033800109,direct_survey,0.0
24033800103__24033800209,direct_survey,0.0
24033800103__24033800211,direct_survey,0.0
24033800103__24033800213,direct_survey,0.0
24033800105__24033800106,direct_survey,0.0
24033800105__24033800109,direct_survey,0.0
24033800105__24033800203,direct_survey,0.0
24033800106__24033800108,direct_survey,0.0
24033800106__24033800109,direct_survey,0.0
24033800106__24033800203,direct_survey,0.0
24033800106__24033800212,direct_survey,0.0
24033800106__24033800213,direct_survey,0.0
24033800108__24033800109,direct_survey,0.0
24033800108__24033800213,direct_survey,0.0
24033800203__24033800212,direct_survey,0.0
24033800203__24033807407,direct_survey,0.0
24033800206__24033800208,direct_survey,0.0
24033800206__24033800211,direct_survey,0.0
24033800206__24033800411,direct_survey,0.0
24033800206__24033807408,direct_survey,0.0
24033800208__24033800211,direct_survey,0.0
24033800208__24033800212,direct_survey,0.0
24033800208__24033800214,direct_survey,0.0
24033800208__24033800215,direct_survey,0.0
24033800208__24033807408,direct_survey,0.0
24033800209__24033800211,direct_survey,0.0
24033800209__24033800213,direct_survey,0.0
24033800210__24033800213,direct_survey,0.0
24033800210__24033800215,direct_survey,0.0
24033800211__24033800214,direct_survey,0.0
24033800212__24033800213,direct_survey,0.0
24033800212__24033800215,direct_survey,0.0
24033800212__24033807408,direct_survey,0.0
24033800401__24033800402,direct_survey,0.0
24033800401__24033800403,direct_survey,0.0
24033800401__24033800504,direct_survey,0.0
24033800402__24033800403,direct_survey,0.0
24033800402__24033800409,direct_survey,0.0
24033800402__24033800504,direct_survey,0.0
24033800402__24033800513,direct_survey,0.0
24033800403__24033800409,direct_survey,0.0
24033800408__24033800409,direct_survey,0.0
24033800408__24033800410,direct_survey,0.0
24033800408__24033800411,direct_survey,0.0
24033800408__24033800413,direct_survey,0.0
24033800408__24033800514,direct_survey,0.0
24033800408__24033803516,direct_survey,0.0
24033800409__24033800410,direct_survey,0.0
24033800409__24033800513,direct_survey,0.0
24033800409__24033800514,direct_survey,0.0
24033800410__24033800411,direct_survey,0.0
24033800411__24033800412,direct_survey,0.0
24033800411__24033800413,direct_survey,0.0
24033800411__24033807408,direct_survey,0.0
24033800412__24033800413,direct_survey,0.0
24033800412__24033803606,direct_survey,0.0
24033800412__24033806712,direct_survey,0.0
24033800504__24033800505,direct_survey,0.0
24033800504__24033800507,direct_survey,0.0
24033800504__24033800513,direct_survey,0.0
24033800505__24033800513,direct_survey,0.0
24033800505__24033800515,direct_survey,0.0
24033800505__24033800516,direct_survey,0.0
24033800507__24033800509,direct_survey,0.0
24033800507__24033800511,direct_survey,0.0
24033800507__24033800516,direct_survey,0.0
24033800507__24033800519,direct_survey,0.0
24033800507__24033800520,direct_survey,0.0
24033800507__24033800604,direct_survey,0.0
24033800507__24033800608,direct_survey,0.0
24033800509__24033800517,direct_survey,0.0
24033800509__24033800607,direct_survey,0.0
24033800509__24033803522,direct_survey,0.0
24033800509__24033803526,direct_survey,0.0
24033800511__24033800515,direct_survey,0.0
24033800511__24033800517,direct_survey,0.0
24033800511__24033800519,direct_survey,0.0
24033800513__24033800514,direct_survey,0.0
24033800513__24033800515,direct_survey,0.0
24033800513__24033800518,direct_survey,0.0
24033800514__24033800518,direct_survey,0.0
24033800514__24033803516,direct_survey,0.0
24033800515__24033800516,direct_survey,0.0
24033800515__24033800519,direct_survey,0.0
24033800516__24033800520,direct_survey,0.0
24033800517__24033800518,direct_survey,0.0
24033800517__24033803522,direct_survey,0.0
24033800517__24033803523,direct_survey,0.0
24033800518__24033803520,direct_survey,0.0
24033800601__24033800604,direct_survey,0.0
24033800601__24033800605,direct_survey,0.0
24033800601__24033800608,direct_survey,0.0
24033800604__24033800608,direct_survey,0.0
24033800605__24033800606,direct_survey,0.0
24033800605__24033800607,direct_survey,0.0
24033800605__24033800608,direct_survey,0.0
24033800605__24033800701,direct_survey,0.0
24033800605__24033800707,direct_survey,0.0
24033800606__24033800607,direct_survey,0.0
24033800606__24033800701,direct_survey,0.0
24033800607__24033800608,direct_survey,0.0
24033800607__24033800701,direct_survey,0.0
24033800607__24033803512,direct_survey,0.0
24033800607__24033803526,direct_survey,0.0
24033800701__24033800707,direct_survey,0.0
24033800701__24033801104,direct_survey,0.0
24033800701__24033802201,direct_survey,0.0
24033800701__24033803512,direct_survey,0.0
24033800704__24033800705,direct_survey,0.0
24033800704__24033800706,direct_survey,0.0
24033800704__24033800707,direct_survey,0.0
24033800705__24033800706,direct_survey,0.0
24033800705__24033800800,direct_survey,0.0
24033800705__24033801004,direct_survey,0.0
24033800706__24033800707,direct_survey,0.0
24033800706__24033801005,direct_survey,0.0
24033800706__24033801006,direct_survey,0.0
24033800706__24033801214,direct_survey,0.0
24033800707__24033801104,direct_survey,0.0
24033801003__24033801004,direct_survey,0.0
24033801003__24033801310,direct_survey,0.0
24033801004__24033801005,direct_survey,0.0
24033801004__24033801006,direct_survey,0.0
24033801005__24033801006,direct_survey,0.0
24033801005__24033801214,direct_survey,0.0
24033801005__24033801215,direct_survey,0.0
24033801104__24033801211,direct_survey,0.0
24033801104__24033801212,direct_survey,0.0
24033801104__24033801214,direct_survey,0.0
24033801104__24033801904,direct_survey,0.0
24033801104__24033802201,direct_survey,0.0
24033801207__24033801208,direct_survey,0.0
24033801207__24033801214,direct_survey,0.0
24033801207__24033801215,direct_survey,0.0
24033801207__24033801217,direct_survey,0.0
24033801208__24033801209,direct_survey,0.0
24033801208__24033801216,direct_survey,0.0
24033801208__24033801217,direct_survey,0.0
24033801209__24033801216,direct_survey,0.0
24033801210__24033801211,direct_survey,0.0
24033801210__24033801213,direct_survey,0.0
24033801210__24033801216,direct_survey,0.0
24033801210__24033801311,direct_survey,0.0
24033801211__24033801212,direct_survey,0.0
24033801211__24033801214,direct_survey,0.0
24033801211__24033801217,direct_survey,0.0
24033801212__24033801213,direct_survey,0.0
24033801212__24033801407,direct_survey,0.0
24033801212__24033801901,direct_survey,0.0
24033801212__24033801904,direct_survey,0.0
24033801213__24033801305,direct_survey,0.0
24033801213__24033801407,direct_survey,0.0
24033801214__24033801215,direct_survey,0.0
24033801214__24033801217,direct_survey,0.0
24033801216__24033801217,direct_survey,0.0
24033801216__24033801311,direct_survey,0.0
24033801302__24033801310,direct_survey,0.0
24033801302__24033801311,direct_survey,0.0
24033801305__24033801307,direct_survey,0.0
24033801305__24033801313,direct_survey,0.0
24033801305__24033801406,direct_survey,0.0
24033801305__24033801407,direct_survey,0.0
24033801307__24033801308,direct_survey,0.0
24033801307__24033801309,direct_survey,0.0
24033801307__24033801312,direct_survey,0.0
24033801307__24033801313,direct_survey,0.0
24033801307__24033801410,direct_survey,0.0
24033801307__24033801411,direct_survey,0.0
24033801308__24033801309,direct_survey,0.0
24033801308__24033801312,direct_survey,0.0
24033801309__24033801312,direct_survey,0.0
24033801310__24033801311,direct_survey,0.0
24033801311__24033801312,direct_survey,0.0
24033801404__24033801405,direct_survey,0.0
24033801404__24033801411,direct_survey,0.0
24033801404__24033801500,direct_survey,0.0
24033801405__24033801408,direct_survey,0.0
24033801405__24033801409,direct_survey,0.0
24033801405__24033801500,direct_survey,0.0
24033801405__24033801702,direct_survey,0.0
24033801405__24033801707,direct_survey,0.0
24033801406__24033801407,direct_survey,0.0
24033801406__24033801409,direct_survey,0.0
24033801406__24033801411,direct_survey,0.0
24033801407__24033801701,direct_survey,0.0
24033801407__24033801901,direct_survey,0.0
24033801408__24033801409,direct_survey,0.0
24033801408__24033801701,direct_survey,0.0
24033801408__24033801702,direct_survey,0.0
24033801409__24033801411,direct_survey,0.0
24033801410__24033801411,direct_survey,0.0
24033801500__24033801600,direct_survey,0.0
24033801500__24033801707,direct_survey,0.0
24033801600__24033801707,direct_survey,0.0
24033801701__24033801702,direct_survey,0.0
24033801701__24033801901,direct_survey,0.0
24033801702__24033801708,direct_survey,0.0
24033801702__24033801901,direct_survey,0.0
24033801704__24033801706,direct_survey,0.0
24033801704__24033801707,direct_survey,0.0
24033801704__24033801708,direct_survey,0.0
24033801704__24033801807,direct_survey,0.0
24033801706__24033801708,direct_survey,0.0
24033801706__24033801801,direct_survey,0.0
24033801706__24033801807,direct_survey,0.0
24033801706__24033801808,direct_survey,0.0
24033801707__24033801708,direct_survey,0.0
24033801708__24033801907,direct_survey,0.0
24033801801__24033801802,direct_survey,0.0
24033801801__24033801907,direct_survey,0.0
24033801802__24033801804,direct_survey,0.0
24033801802__24033801805,direct_survey,0.0
24033801802__24033801808,direct_survey,0.0
24033801802__24033801907,direct_survey,0.0
24033801802__24033801908,direct_survey,0.0
24033801804__24033801805,direct_survey,0.0
24033801804__24033801807,direct_survey,0.0
24033801804__24033801808,direct_survey,0.0
24033801805__24033801807,direct_survey,0.0
24033801805__24033801908,direct_survey,0.0
24033801805__24033802405,direct_survey,0.0
24033801807__24033801808,direct_survey,0.0
24033801807__24033802405,direct_survey,0.0
24033801807__24033802501,direct_survey,0.0
24033801901__24033801904,direct_survey,0.0
24033801901__24033801905,direct_survey,0.0
24033801901__24033801907,direct_survey,0.0
24033801904__24033801905,direct_survey,0.0
24033801904__24033801906,direct_survey,0.0
24033801904__24033802201,direct_survey,0.0
24033801905__24033801906,direct_survey,0.0
24033801905__24033801907,direct_survey,0.0
24033801905__24033802001,direct_survey,0.0
24033801906__24033802001,direct_survey,0.0
24033801906__24033802104,direct_survey,0.0
24033801906__24033802106,direct_survey,0.0
24033801906__24033802107,direct_survey,0.0
24033801907__24033801908,direct_survey,0.0
24033801907__24033802001,direct_survey,0.0
24033801908__24033802405,direct_survey,0.0
24033802001__24033802002,direct_survey,0.0
24033802001__24033802107,direct_survey,0.0
24033802001__24033802405,direct_survey,0.0
24033802002__24033802103,direct_survey,0.0
24033802002__24033802107,direct_survey,0.0
24033802002__24033802405,direct_survey,0.0
24033802002__24033802406,direct_survey,0.0
24033802103__24033802104,direct_survey,0.0
24033802103__24033802106,direct_survey,0.0
24033802103__24033802107,direct_survey,0.0
24033802103__24033802203,direct_survey,0.0
24033802103__24033802301,direct_survey,0.0
24033802103__24033802407,direct_survey,0.0
24033802104__24033802106,direct_survey,0.0
24033802104__24033802201,direct_survey,0.0
24033802104__24033802203,direct_survey,0.0
24033802106__24033802107,direct_survey,0.0
24033802201__24033802203,direct_survey,0.0
24033802201__24033802204,direct_survey,0.0
24033802201__24033803512,direct_survey,0.0
24033802203__24033802204,direct_survey,0.0
24033802203__24033802301,direct_survey,0.0
24033802204__24033802301,direct_survey,0.0
24033802204__24033802404,direct_survey,0.0
24033802204__24033802804,direct_survey,0.0
24033802204__24033803512,direct_survey,0.0
24033802204__24033803519,direct_survey,0.0
24033802301__24033802404,direct_survey,0.0
24033802301__24033802407,direct_survey,0.0
24033802301__24033802803,direct_survey,0.0
24033802404__24033802803,direct_survey,0.0
24033802405__24033802406,direct_survey,0.0
24033802405__24033802408,direct_survey,0.0
24033802405__24033802501,direct_survey,0.0
24033802405__24033802502,direct_survey,0.0
24033802406__24033802407,direct_survey,0.0
24033802407__24033802408,direct_survey,0.0
24033802407__24033802803,direct_survey,0.0
24033802408__24033802502,direct_survey,0.0
24033802408__24033802600,direct_survey,0.0
24033802408__24033802803,direct_survey,0.0
24033802501__24033802502,direct_survey,0.0
24033802502__24033802600,direct_survey,0.0
24033802600__24033802803,direct_survey,0.0
24033802700__24033802803,direct_survey,0.0
24033802700__24033802901,direct_survey,0.0
24033802803__24033802804,direct_survey,0.0
24033802803__24033802901,direct_survey,0.0
24033802804__24033802805,direct_survey,0.0
24033802804__24033802901,direct_survey,0.0
24033802804__24033803519,direct_survey,0.0
24033802805__24033803002,direct_survey,0.0
24033802805__24033803519,direct_survey,0.0
24033802805__24033803524,direct_survey,0.0
24033803001__24033803002,direct_survey,0.0
24033803001__24033803100,direct_survey,0.0
24033803002__24033803300,direct_survey,0.0
24033803002__24033803524,direct_survey,0.0
24033803100__24033803200,direct_survey,0.0
24033803100__24033803300,direct_survey,0.0
24033803100__24033804200,direct_survey,0.0
24033803100__24033804300,direct_survey,0.0
24033803200__24033803300,direct_survey,0.0
24033803200__24033803509,direct_survey,0.0
24033803200__24033804101,direct_survey,0.0
24033803300__24033803401,direct_survey,0.0
24033803300__24033803402,direct_survey,0.0
24033803300__24033803509,direct_survey,0.0
24033803401__24033803402,direct_survey,0.0
24033803401__24033803508,direct_survey,0.0
24033803402__24033803508,direct_survey,0.0
24033803402__24033803524,direct_survey,0.0
24033803402__24033803525,direct_survey,0.0
24033803508__24033803509,direct_survey,0.0
24033803508__24033803521,direct_survey,0.0
24033803508__24033803525,direct_survey,0.0
24033803508__24033803601,direct_survey,0.0
24033803508__24033803602,direct_survey,0.0
24033803509__24033803602,direct_survey,0.0
24033803509__24033803612,direct_survey,0.0
24033803509__24033803700,direct_survey,0.0
24033803509__24033804101,direct_survey,0.0
24033803509__24033804102,direct_survey,0.0
24033803512__24033803513,direct_survey,0.0
24033803512__24033803514,direct_survey,0.0
24033803512__24033803526,direct_survey,0.0
24033803513__24033803514,direct_survey,0.0
24033803513__24033803526,direct_survey,0.0
24033803513__24033803527,direct_survey,0.0
24033803514__24033803519,direct_survey,0.0
24033803514__24033803521,direct_survey,0.0
24033803514__24033803522,direct_survey,0.0
24033803514__24033803523,direct_survey,0.0
24033803514__24033803525,direct_survey,0.0
24033803514__24033803527,direct_survey,0.0
24033803516__24033803520,direct_survey,0.0
24033803516__24033803608,direct_survey,0.0
24033803519__24033803524,direct_survey,0.0
24033803519__24033803525,direct_survey,0.0
24033803520__24033803521,direct_survey,0.0
24033803520__24033803523,direct_survey,0.0
24033803520__24033803601,direct_survey,0.0
24033803521__24033803523,direct_survey,0.0
24033803522__24033803523,direct_survey,0.0
24033803522__24033803526,direct_survey,0.0
24033803522__24033803527,direct_survey,0.0
24033803524__24033803525,direct_survey,0.0
24033803601__24033803602,direct_survey,0.0
24033803601__24033803608,direct_survey,0.0
24033803602__24033803608,direct_survey,0.0
24033803602__24033803612,direct_survey,0.0
24033803605__24033803606,direct_survey,0.0
24033803605__24033803610,direct_survey,0.0
24033803605__24033803612,direct_survey,0.0
24033803605__24033803613,direct_survey,0.0
24033803605__24033803803,direct_survey,0.0
24033803605__24033806602,direct_survey,0.0
24033803605__24033806706,direct_survey,0.0
24033803606__24033803607,direct_survey,0.0
24033803606__24033803608,direct_survey,0.0
24033803606__24033806710,direct_survey,0.0
24033803606__24033806711,direct_survey,0.0
24033803607__24033803608,direct_survey,0.0
24033803608__24033803612,direct_survey,0.0
24033803610__24033803612,direct_survey,0.0
24033803610__24033803613,direct_survey,0.0
24033803612__24033803613,direct_survey,0.0
24033803612__24033803700,direct_survey,0.0
24033803612__24033803803,direct_survey,0.0
24033803613__24033803803,direct_survey,0.0
24033803700__24033803801,direct_survey,0.0
24033803700__24033803803,direct_survey,0.0
24033803801__24033803803,direct_survey,0.0
24033803801__24033804001,direct_survey,0.0
24033803801__24033804102,direct_survey,0.0
24033803803__24033806601,direct_survey,0.0
24033803900__24033804001,direct_survey,0.0
24033803900__24033804002,direct_survey,0.0
24033803900__24033806300,direct_survey,0.0
24033803900__24033806501,direct_survey,0.0
24033803900__24033806601,direct_survey,0.0
24033804001__24033804002,direct_survey,0.0
24033804001__24033804300,direct_survey,0.0
24033804002__24033804300,direct_survey,0.0
24033804002__24033804400,direct_survey,0.0
24033804002__24033806300,direct_survey,0.0
24033804101__24033804102,direct_survey,0.0
24033804101__24033804200,direct_survey,0.0
24033804102__24033804200,direct_survey,0.0
24033804102__24033804300,direct_survey,0.0
24033804200__24033804300,direct_survey,0.0
24033804300__24033804400,direct_survey,0.0
24033804400__24033804600,direct_survey,0.0
24033804400__24033804700,direct_survey,0.0
24033804400__24033806300,direct_survey,0.0
24033804600__24033804700,direct_survey,0.0
24033804600__24033806200,direct_survey,0.0
24033804600__24033806300,direct_survey,0.0
24033804700__24033804801,direct_survey,0.0
24033804801__24033804900,direct_survey,0.0
24033804802__24033804900,direct_survey,0.0
24033804802__24033805000,direct_survey,0.0
24033804802__24033806100,direct_survey,0.0
24033804900__24033805000,direct_survey,0.0
24033805000__24033805101,direct_survey,0.0
24033805000__24033805201,direct_survey,0.0
24033805000__24033805202,direct_survey,0.0
24033805101__24033805202,direct_survey,0.0
24033805101__24033805802,direct_survey,0.0
24033805101__24033806000,direct_survey,0.0
24033805101__24033806100,direct_survey,0.0
24033805202__24033805500,direct_survey,0.0
24033805500__24033805601,direct_survey,0.0
24033805500__24033805700,direct_survey,0.0
24033805500__24033805802,direct_survey,0.0
24033805601__24033805602,direct_survey,0.0
24033805601__24033805700,direct_survey,0.0
24033805602__24033805700,direct_survey,0.0
24033805700__24033805801,direct_survey,0.0
24033805700__24033805907,direct_survey,0.0
24033805801__24033805802,direct_survey,0.0
24033805801__24033805909,direct_survey,0.0
24033805904__24033805906,direct_survey,0.0
24033805904__24033805907,direct_survey,0.0
24033805904__24033805909,direct_survey,0.0
24033805904__24033807200,direct_survey,0.0
24033805904__24033807305,direct_survey,0.0
24033805906__24033807305,direct_survey,0.0
24033805908__24033805909,direct_survey,0.0
24033805908__24033806000,direct_survey,0.0
24033805908__24033806200,direct_survey,0.0
24033805908__24033806400,direct_survey,0.0
24033805909__24033806000,direct_survey,0.0
24033805909__24033806400,direct_survey,0.0
24033806000__24033806100,direct_survey,0.0
24033806000__24033806200,direct_survey,0.0
24033806100__24033806200,direct_survey,0.0
24033806200__24033806300,direct_survey,0.0
24033806200__24033806400,direct_survey,0.0
24033806200__24033806501,direct_survey,0.0
24033806300__24033806501,direct_survey,0.0
24033806400__24033806501,direct_survey,0.0
24033806400__24033807102,direct_survey,0.0
24033806400__24033807200,direct_survey,0.0
24033806501__24033806601,direct_survey,0.0
24033806501__24033807102,direct_survey,0.0
24033806601__24033806602,direct_survey,0.0
24033806601__24033807102,direct_survey,0.0
24033806602__24033806706,direct_survey,0.0
24033806602__24033807102,direct_survey,0.0
24033806706__24033806708,direct_survey,0.0
24033806706__24033806710,direct_survey,0.0
24033806706__24033806713,direct_survey,0.0
24033806706__24033806800,direct_survey,0.0
24033806706__24033807102,direct_survey,0.0
24033806706__24033807408,direct_survey,0.0
24033806708__24033806710,direct_survey,0.0
24033806708__24033806712,direct_survey,0.0
24033806708__24033807408,direct_survey,0.0
24033806710__24033806711,direct_survey,0.0
24033806710__24033806712,direct_survey,0.0
24033806711__24033806712,direct_survey,0.0
24033806712__24033807408,direct_survey,0.0
24033806713__24033806714,direct_survey,0.0
24033806713__24033806800,direct_survey,0.0
24033806713__24033807408,direct_survey,0.0
24033806714__24033806800,direct_survey,0.0
24033806714__24033806900,direct_survey,0.0
24033806714__24033807408,direct_survey,0.0
24033806800__24033807000,direct_survey,0.0
24033806800__24033807102,direct_survey,0.0
24033806900__24033807000,direct_survey,0.0
24033806900__24033807301,direct_survey,0.0
24033806900__24033807404,direct_survey,0.0
24033807000__24033807200,direct_survey,0.0
24033807000__24033807301,direct_survey,0.0
24033807102__24033807200,direct_survey,0.0
24033807200__24033807301,direct_survey,0.0
24033807200__24033807305,direct_survey,0.0
24033807301__24033807305,direct_survey,0.0
24033807301__24033807404,direct_survey,0.0
24033807301__24033807405,direct_survey,0.0
24033807304__24033807305,direct_survey,0.0
24033807304__24033807405,direct_survey,0.0
24033807304__24033807409,direct_survey,0.0
24033807404__24033807405,direct_survey,0.0
24033807404__24033807408,direct_survey,0.0
24033807405__24033807408,direct_survey,0.0
24033807405__24033807409,direct_survey,0.0
24033807407__24033807408,direct_survey,0.0
24033807407__24033807409,direct_survey,0.0
24033807407__24033807410,direct_survey,0.0
24033807409__24033807410,direct_survey,0.0
24035810100__24035810200,direct_survey,0.0
24035810100__24035810300,direct_survey,0.0
24035810200__24035810300,direct_survey,0.0
24035810200__24035810500,direct_survey,0.0
24035810400__24035810500,direct_survey,0.0
24035810400__24035810600,direct_survey,0.0
24035810500__24035810600,direct_survey,0.0
24035810500__24041960100,direct_survey,0.0
24035810600__24035810700,direct_survey,0.0
24035810800__24035810901,direct_survey,0.0
24035810800__24035811000,direct_survey,0.0
24035810901__24035811000,direct_survey,0.0
24037875000__24037875100,direct_survey,0.0
24037875000__24037875201,direct_survey,0.0
24037875000__24037875600,direct_survey,0.0
24037875100__24037875201,direct_survey,0.0
24037875201__24037875202,direct_survey,0.0
24037875201__24037875300,direct_survey,0.0
24037875201__24037875500,direct_survey,0.0
24037875201__24037875600,direct_survey,0.0
24037875300__24037875400,direct_survey,0.0
24037875400__24037875500,direct_survey,0.0
24037875500__24037875600,direct_survey,0.0
24037875600__24037875700,direct_survey,0.0
24037875600__24037875802,direct_survey,0.0
24037875600__24037876002,direct_survey,0.0
24037875700__24037875802,direct_survey,0.0
24037875801__24037875802,direct_survey,0.0
24037875801__24037875901,direct_survey,0.0
24037875801__24037876001,direct_survey,0.0
24037875802__24037876001,direct_survey,0.0
24037875802__24037876002,direct_survey,0.0
24037875901__24037875902,direct_survey,0.0
24037875901__24037876001,direct_survey,0.0
24037875901__24037876200,direct_survey,0.0
24037875902__24037876001,direct_survey,0.0
24037875902__24037876002,direct_survey,0.0
24037875902__24037876100,direct_survey,0.0
24037875902__24037876200,direct_survey,0.0
24037876001__24037876002,direct_survey,0.0
24037876002__24037876100,direct_survey,0.0
24039930101__24039930102,direct_survey,0.0
24039930101__24047951400,direct_survey,0.0
24039930102__24045010800,direct_survey,0.0
24039930300__24039980400,direct_survey,0.0
24039930300__24047951400,direct_survey,0.0
24039930300__24047951500,direct_survey,0.0
24039930500__24039930600,direct_survey,0.0
24041960201__24041960300,direct_survey,0.0
24041960201__24041960400,direct_survey,0.0
24041960201__24041960501,direct_survey,0.0
24041960201__24041960502,direct_survey,0.0
24041960300__24041960400,direct_survey,0.0
24041960300__24041960501,direct_survey,0.0
24041960400__24041960501,direct_survey,0.0
24041960400__24041960502,direct_survey,0.0
24041960501__24041960502,direct_survey,0.0
24041960600__24041960700,direct_survey,0.0
24041960700__24041960800,direct_survey,0.0
24043000100__24043000200,direct_survey,0.0
24043000100__24043000500,direct_survey,0.0
24043000100__24043010300,direct_survey,0.0
24043000100__24043011202,direct_survey,0.0
24043000200__24043000301,direct_survey,0.0
24043000200__24043000302,direct_survey,0.0
24043000200__24043000400,direct_survey,0.0
24043000200__24043010300,direct_survey,0.0
24043000301__24043000302,direct_survey,0.0
24043000301__24043000900,direct_survey,0.0
24043000301__24043010300,direct_survey,0.0
24043000301__24043010400,direct_survey,0.0
24043000302__24043000400,direct_survey,0.0
24043000302__24043000900,direct_survey,0.0
24043000400__24043000500,direct_survey,0.0
24043000400__24043000700,direct_survey,0.0
24043000400__24043000800,direct_survey,0.0
24043000400__24043000900,direct_survey,0.0
24043000500__24043000601,direct_survey,0.0
24043000500__24043000700,direct_survey,0.0
24043000500__24043011201,direct_survey,0.0
24043000601__24043000602,direct_survey,0.0
24043000601__24043000700,direct_survey,0.0
24043000601__24043011201,direct_survey,0.0
24043000602__24043000700,direct_survey,0.0
24043000602__24043001001,direct_survey,0.0
24043000602__24043010900,direct_survey,0.0
24043000602__24043011100,direct_survey,0.0
24043000602__24043011201,direct_survey,0.0
24043000700__24043000800,direct_survey,0.0
24043000800__24043000900,direct_survey,0.0
24043000900__24043001001,direct_survey,0.0
24043000900__24043001002,direct_survey,0.0
24043000900__24043010500,direct_survey,0.0
24043001001__24043001002,direct_survey,0.0
24043001001__24043010900,direct_survey,0.0
24043001002__24043010500,direct_survey,0.0
24043001002__24043010801,direct_survey,0.0
24043001002__24043010802,direct_survey,0.0
24043010200__24043011202,direct_survey,0.0
24043010200__24043011301,direct_survey,0.0
24043010300__24043010400,direct_survey,0.0
24043010300__24043011202,direct_survey,0.0
24043010400__24043010500,direct_survey,0.0
24043010500__24043010600,direct_survey,0.0
24043010500__24043010801,direct_survey,0.0
24043010600__24043010700,direct_survey,0.0
24043010801__24043010802,direct_survey,0.0
24043010802__24043010900,direct_survey,0.0
24043010900__24043011100,direct_survey,0.0
24043010900__24043011600,direct_survey,0.0
24043011100__24043011201,direct_survey,0.0
24043011100__24043011302,direct_survey,0.0
24043011201__24043011202,direct_survey,0.0
24043011201__24043011302,direct_survey,0.0
24043011202__24043011301,direct_survey,0.0
24043011202__24043011302,direct_survey,0.0
24043011301__24043011302,direct_survey,0.0
24043011302__24043011400,direct_survey,0.0
24043011500__24043011600,direct_survey,0.0
24045000100__24045000200,direct_survey,0.0
24045000100__24045000500,direct_survey,0.0
24045000100__24045010101,direct_survey,0.0
24045000100__24045010102,direct_survey,0.0
24045000200__24045000300,direct_survey,0.0
24045000200__24045000400,direct_survey,0.0
24045000200__24045010101,direct_survey,0.0
24045000200__24045010200,direct_survey,0.0
24045000300__24045000400,direct_survey,0.0
24045000300__24045010200,direct_survey,0.0
24045000300__24045010300,direct_survey,0.0
24045000400__24045000500,direct_survey,0.0
24045000400__24045010400,direct_survey,0.0
24045000500__24045010502,direct_survey,0.0
24045010101__24045010102,direct_survey,0.0
24045010101__24045010200,direct_survey,0.0
24045010101__24045010603,direct_survey,0.0
24045010101__24045010702,direct_survey,0.0
24045010102__24045010502,direct_survey,0.0
24045010102__24045010606,direct_survey,0.0
24045010200__24045010300,direct_survey,0.0
24045010200__24045010702,direct_survey,0.0
24045010300__24045010400,direct_survey,0.0
24045010300__24045010800,direct_survey,0.0
24045010400__24045010501,direct_survey,0.0
24045010400__24045010502,direct_survey,0.0
24045010400__24045010800,direct_survey,0.0
24045010501__24045010502,direct_survey,0.0
24045010501__24045010605,direct_survey,0.0
24045010502__24045010605,direct_survey,0.0
24045010502__24045010606,direct_survey,0.0
24045010603__24045010604,direct_survey,0.0
24045010603__24045010606,direct_survey,0.0
24045010603__24045010702,direct_survey,0.0
24045010604__24045010606,direct_survey,0.0
24045010605__24045010606,direct_survey,0.0
24045010605__24047951400,direct_survey,0.0
24045010606__24047950800,direct_survey,0.0
24045010701__24045010702,direct_survey,0.0
24047950000__24047950100,direct_survey,0.0
24047950000__24047950400,direct_survey,0.0
24047950000__24047951700,direct_survey,0.0
24047950400__24047951700,direct_survey,0.0
24047950600__24047950700,direct_survey,0.0
24047950600__24047950900,direct_survey,0.0
24047950600__24047951100,direct_survey,0.0
24047950700__24047950800,direct_survey,0.0
24047950700__24047950900,direct_survey,0.0
24047950800__24047950900,direct_survey,0.0
24047950800__24047951000,direct_survey,0.0
24047950900__24047951000,direct_survey,0.0
24047950900__24047951100,direct_survey,0.0
24047950900__24047951700,direct_survey,0.0
24047951200__24047951300,direct_survey,0.0
24047951400__24047951500,direct_survey,0.0
24510010100__24510010200,direct_survey,0.0
24510010100__24510010400,direct_survey,0.0
24510010100__24510261100,direct_survey,0.0
24510010200__24510261100,direct_survey,0.0
24510010300__24510010400,direct_survey,0.0
24510010300__24510010500,direct_survey,0.0
24510010300__24510060200,direct_survey,0.0
24510010300__24510060300,direct_survey,0.0
24510010400__24510010500,direct_survey,0.0
24510010400__24510020300,direct_survey,0.0
24510010500__24510020100,direct_survey,0.0
24510010500__24510060300,direct_survey,0.0
24510020100__24510020200,direct_survey,0.0
24510020100__24510020300,direct_survey,0.0
24510020200__24510020300,direct_survey,0.0
24510020200__24510030100,direct_survey,0.0
24510020300__24510030100,direct_survey,0.0
24510020300__24510030200,direct_survey,0.0
24510030100__24510030200,direct_survey,0.0
24510030100__24510280500,direct_survey,0.0
24510030200__24510040100,direct_survey,0.0
24510030200__24510220100,direct_survey,0.0
24510030200__24510280500,direct_survey,0.0
24510040100__24510040200,direct_survey,0.0
24510040100__24510110100,direct_survey,0.0
24510040100__24510110200,direct_survey,0.0
24510040100__24510170100,direct_survey,0.0
24510040100__24510220100,direct_survey,0.0
24510040100__24510280500,direct_survey,0.0
24510040200__24510170100,direct_survey,0.0
24510040200__24510180100,direct_survey,0.0
24510040200__24510180300,direct_survey,0.0
24510040200__24510220100,direct_survey,0.0
24510060100__24510060200,direct_survey,0.0
24510060100__24510070100,direct_survey,0.0
24510060100__24510261000,direct_survey,0.0
24510060200__24510060300,direct_survey,0.0
24510060200__24510070200,direct_survey,0.0
24510060300__24510070300,direct_survey,0.0
24510070100__24510070200,direct_survey,0.0
24510070100__24510080302,direct_survey,0.0
24510070100__24510260404,direct_survey,0.0
24510070100__24510261000,direct_survey,0.0
24510070200__24510070300,direct_survey,0.0
24510080101__24510080102,direct_survey,0.0
24510080101__24510080200,direct_survey,0.0
24510080101__24510080500,direct_survey,0.0
24510080101__24510090200,direct_survey,0.0
24510080101__24510090600,direct_survey,0.0
24510080101__24510090700,direct_survey,0.0
24510080101__24510260301,direct_survey,0.0
24510080101__24510270101,direct_survey,0.0
24510080102__24510080200,direct_survey,0.0
24510080200__24510080301,direct_survey,0.0
24510080200__24510080400,direct_survey,0.0
24510080200__24510080500,direct_survey,0.0
24510080200__24510260303,direct_survey,0.0
24510080301__24510080302,direct_survey,0.0
24510080301__24510080400,direct_survey,0.0
24510080302__24510260404,direct_survey,0.0
24510080500__24510080600,direct_survey,0.0
24510080500__24510090800,direct_survey,0.0
24510080500__24510090900,direct_survey,0.0
24510080600__24510080700,direct_survey,0.0
24510080600__24510090900,direct_survey,0.0
24510090100__24510090200,direct_survey,0.0
24510090100__24510090300,direct_survey,0.0
24510090100__24510120100,direct_survey,0.0
24510090100__24510271001,direct_survey,0.0
24510090100__24510271102,direct_survey,0.0
24510090200__24510090300,direct_survey,0.0
24510090200__24510090600,direct_survey,0.0
24510090200__24510270200,direct_survey,0.0
24510090200__24510270903,direct_survey,0.0
24510090300__24510090500,direct_survey,0.0
24510090300__24510120100,direct_survey,0.0
24510090400__24510090500,direct_survey,0.0
24510090500__24510090600,direct_survey,0.0
24510090500__24510090700,direct_survey,0.0
24510090600__24510090700,direct_survey,0.0
24510090700__24510090800,direct_survey,0.0
24510090800__24510090900,direct_survey,0.0
24510090800__24510120400,direct_survey,0.0
24510090900__24510100100,direct_survey,0.0
24510090900__24510120500,direct_survey,0.0
24510100100__24510100200,direct_survey,0.0
24510100100__24510100300,direct_survey,0.0
24510100100__24510110100,direct_survey,0.0
24510100100__24510120500,direct_survey,0.0
24510100200__24510100300,direct_survey,0.0
24510100200__24510280500,direct_survey,0.0
24510100300__24510110100,direct_survey,0.0
24510100300__24510280500,direct_survey,0.0
24510110100__24510110200,direct_survey,0.0
24510110100__24510120500,direct_survey,0.0
24510110100__24510280500,direct_survey,0.0
24510110200__24510120500,direct_survey,0.0
24510110200__24510140100,direct_survey,0.0
24510110200__24510170100,direct_survey,0.0
24510110200__24510170200,direct_survey,0.0
24510120100__24510120201,direct_survey,0.0
24510120100__24510120202,direct_survey,0.0
24510120100__24510271102,direct_survey,0.0
24510120100__24510271400,direct_survey,0.0
24510120201__24510120202,direct_survey,0.0
24510120201__24510120300,direct_survey,0.0
24510120202__24510120600,direct_survey,0.0
24510120202__24510120700,direct_survey,0.0
24510120300__24510120400,direct_survey,0.0
24510120300__24510120600,direct_survey,0.0
24510120400__24510120500,direct_survey,0.0
24510120400__24510120600,direct_survey,0.0
24510120500__24510120600,direct_survey,0.0
24510120500__24510120700,direct_survey,0.0
24510120500__24510140100,direct_survey,0.0
24510120600__24510120700,direct_survey,0.0
24510120700__24510130100,direct_survey,0.0
24510120700__24510130200,direct_survey,0.0
24510120700__24510130400,direct_survey,0.0
24510120700__24510130600,direct_survey,0.0
24510130100__24510130200,direct_survey,0.0
24510130100__24510130300,direct_survey,0.0
24510130100__24510130400,direct_survey,0.0
24510130200__24510130300,direct_survey,0.0
24510130200__24510140100,direct_survey,0.0
24510130200__24510140300,direct_survey,0.0
24510130300__24510130400,direct_survey,0.0
24510130300__24510140300,direct_survey,0.0
24510130300__24510150400,direct_survey,0.0
24510130400__24510130600,direct_survey,0.0
24510130400__24510130804,direct_survey,0.0
24510130400__24510130806,direct_survey,0.0
24510130400__24510150400,direct_survey,0.0
24510130400__24510150500,direct_survey,0.0
24510130400__24510151200,direct_survey,0.0
24510130600__24510130700,direct_survey,0.0
24510130600__24510130804,direct_survey,0.0
24510130700__24510130803,direct_survey,0.0
24510130700__24510130804,direct_survey,0.0
24510130700__24510271400,direct_survey,0.0
24510130803__24510130804,direct_survey,0.0
24510130803__24510130806,direct_survey,0.0
24510130803__24510271400,direct_survey,0.0
24510130803__24510271503,direct_survey,0.0
24510130804__24510130806,direct_survey,0.0
24510130805__24510130806,direct_survey,0.0
24510130805__24510271501,direct_survey,0.0
24510130805__24510271503,direct_survey,0.0
24510130805__24510271600,direct_survey,0.0
24510130805__24510271700,direct_survey,0.0
24510130806__24510151300,direct_survey,0.0
24510130806__24510271600,direct_survey,0.0
24510140100__24510140200,direct_survey,0.0
24510140100__24510140300,direct_survey,0.0
24510140100__24510170200,direct_survey,0.0
24510140200__24510140300,direct_survey,0.0
24510140200__24510160100,direct_survey,0.0
24510140200__24510170200,direct_survey,0.0
24510140200__24510170300,direct_survey,0.0
24510140300__24510150100,direct_survey,0.0
24510150100__24510150200,direct_survey,0.0
24510150100__24510150400,direct_survey,0.0
24510150100__24510160100,direct_survey,0.0
24510150100__24510160200,direct_survey,0.0
24510150100__24510160300,direct_survey,0.0
24510150200__24510150300,direct_survey,0.0
24510150200__24510150400,direct_survey,0.0
24510150200__24510160300,direct_survey,0.0
24510150200__24510160400,direct_survey,0.0
24510150200__24510160500,direct_survey,0.0
24510150400__24510150500,direct_survey,0.0
24510150400__24510150600,direct_survey,0.0
24510150500__24510150701,direct_survey,0.0
24510150500__24510151100,direct_survey,0.0
24510150600__24510150701,direct_survey,0.0
24510150600__24510150702,direct_survey,0.0
24510150600__24510150800,direct_survey,0.0
24510150600__24510150900,direct_survey,0.0
24510150600__24510160700,direct_survey,0.0
24510150701__24510150702,direct_survey,0.0
24510150701__24510150800,direct_survey,0.0
24510150701__24510151100,direct_survey,0.0
24510150702__24510150800,direct_survey,0.0
24510150800__24510150900,direct_survey,0.0
24510150800__24510151000,direct_survey,0.0
24510150800__24510151100,direct_survey,0.0
24510150900__24510151000,direct_survey,0.0
24510150900__24510160700,direct_survey,0.0
24510150900__24510160802,direct_survey,0.0
24510150900__24510280301,direct_survey,0.0
24510150900__24510280302,direct_survey,0.0
24510151000__24510151100,direct_survey,0.0
24510151000__24510280101,direct_survey,0.0
24510151000__24510280102,direct_survey,0.0
24510151000__24510280200,direct_survey,0.0
24510151100__24510151200,direct_survey,0.0
24510151100__24510151300,direct_survey,0.0
24510151200__24510151300,direct_survey,0.0
24510151300__24510271600,direct_survey,0.0
24510151300__24510280101,direct_survey,0.0
24510160100__24510160200,direct_survey,0.0
24510160100__24510170300,direct_survey,0.0
24510160100__24510180100,direct_survey,0.0
24510160100__24510180200,direct_survey,0.0
24510160200__24510160300,direct_survey,0.0
24510160200__24510190100,direct_survey,0.0
24510160300__24510160400,direct_survey,0.0
24510160300__24510190100,direct_survey,0.0
24510160400__24510160500,direct_survey,0.0
24510160400__24510200100,direct_survey,0.0
24510160500__24510160600,direct_survey,0.0
24510160500__24510200200,direct_survey,0.0
24510160600__24510160700,direct_survey,0.0
24510160600__24510200200,direct_survey,0.0
24510160700__24510160802,direct_survey,0.0
24510160700__24510200600,direct_survey,0.0
24510160801__24510160802,direct_survey,0.0
24510160801__24510200701,direct_survey,0.0
24510160801__24510280402,direct_survey,0.0
24510160802__24510200600,direct_survey,0.0
24510160802__24510200701,direct_survey,0.0
24510170100__24510170200,direct_survey,0.0
24510170100__24510170300,direct_survey,0.0
24510170200__24510170300,direct_survey,0.0
24510170300__24510180100,direct_survey,0.0
24510180100__24510180200,direct_survey,0.0
24510180100__24510180300,direct_survey,0.0
24510180200__24510180300,direct_survey,0.0
24510180200__24510190100,direct_survey,0.0
24510180300__24510190200,direct_survey,0.0
24510180300__24510210100,direct_survey,0.0
24510180300__24510210200,direct_survey,0.0
24510190100__24510200100,direct_survey,0.0
24510190200__24510190300,direct_survey,0.0
24510190200__24510210200,direct_survey,0.0
24510190300__24510200300,direct_survey,0.0
24510190300__24510200500,direct_survey,0.0
24510190300__24510210200,direct_survey,0.0
24510200100__24510200200,direct_survey,0.0
24510200200__24510200600,direct_survey,0.0
24510200300__24510200400,direct_survey,0.0
24510200300__24510200500,direct_survey,0.0
24510200400__24510200500,direct_survey,0.0
24510200500__24510200600,direct_survey,0.0
24510200500__24510210200,direct_survey,0.0
24510200500__24510250206,direct_survey,0.0
24510200600__24510200701,direct_survey,0.0
24510200600__24510200702,direct_survey,0.0
24510200600__24510200800,direct_survey,0.0
24510200600__24510250206,direct_survey,0.0
24510200701__24510200702,direct_survey,0.0
24510200701__24510200800,direct_survey,0.0
24510200701__24510280402,direct_survey,0.0
24510200701__24510280404,direct_survey,0.0
24510200702__24510200800,direct_survey,0.0
24510210100__24510210200,direct_survey,0.0
24510210100__24510220100,direct_survey,0.0
24510210100__24510230100,direct_survey,0.0
24510210100__24510230300,direct_survey,0.0
24510210100__24510250301,direct_survey,0.0
24510210200__24510250206,direct_survey,0.0
24510210200__24510250301,direct_survey,0.0
24510210200__24510250303,direct_survey,0.0
24510220100__24510230100,direct_survey,0.0
24510220100__24510230200,direct_survey,0.0
24510220100__24510240200,direct_survey,0.0
24510220100__24510240300,direct_survey,0.0
24510230100__24510230200,direct_survey,0.0
24510230100__24510230300,direct_survey,0.0
24510230200__24510230300,direct_survey,0.0
24510230200__24510240300,direct_survey,0.0
24510230200__24510240400,direct_survey,0.0
24510230300__24510240400,direct_survey,0.0
24510230300__24510250301,direct_survey,0.0
24510240100__24510240400,direct_survey,0.0
24510240200__24510240300,direct_survey,0.0
24510240200__24510240400,direct_survey,0.0
24510240300__24510240400,direct_survey,0.0
24510250101__24510250102,direct_survey,0.0
24510250101__24510250103,direct_survey,0.0
24510250101__24510280403,direct_survey,0.0
24510250102__24510250103,direct_survey,0.0
24510250102__24510280403,direct_survey,0.0
24510250102__24510280404,direct_survey,0.0
24510250103__24510250206,direct_survey,0.0
24510250203__24510250204,direct_survey,0.0
24510250203__24510250205,direct_survey,0.0
24510250203__24510250207,direct_survey,0.0
24510250203__24510250600,direct_survey,0.0
24510250204__24510250205,direct_survey,0.0
24510250204__24510250207,direct_survey,0.0
24510250204__24510250301,direct_survey,0.0
24510250205__24510250206,direct_survey,0.0
24510250205__24510250301,direct_survey,0.0
24510250205__24510250401,direct_survey,0.0
24510250206__24510250303,direct_survey,0.0
24510250301__24510250303,direct_survey,0.0
24510250401__24510250402,direct_survey,0.0
24510250401__24510250500,direct_survey,0.0
24510250401__24510250600,direct_survey,0.0
24510250402__24510250500,direct_survey,0.0
24510250500__24510250600,direct_survey,0.0
24510260101__24510260102,direct_survey,0.0
24510260101__24510270401,direct_survey,0.0
24510260101__24510270502,direct_survey,0.0
24510260102__24510260201,direct_survey,0.0
24510260102__24510260203,direct_survey,0.0
24510260102__24510260403,direct_survey,0.0
24510260102__24510270401,direct_survey,0.0
24510260201__24510260202,direct_survey,0.0
24510260201__24510260203,direct_survey,0.0
24510260201__24510270102,direct_survey,0.0
24510260201__24510270401,direct_survey,0.0
24510260202__24510260301,direct_survey,0.0
24510260202__24510260302,direct_survey,0.0
24510260202__24510270101,direct_survey,0.0
24510260203__24510260303,direct_survey,0.0
24510260203__24510260402,direct_survey,0.0
24510260203__24510260403,direct_survey,0.0
24510260301__24510260302,direct_survey,0.0
24510260302__24510260303,direct_survey,0.0
24510260303__24510260404,direct_survey,0.0
24510260401__24510260402,direct_survey,0.0
24510260401__24510260403,direct_survey,0.0
24510260401__24510260404,direct_survey,0.0
24510260402__24510260403,direct_survey,0.0
24510260403__24510260404,direct_survey,0.0
24510260404__24510260501,direct_survey,0.0
24510260404__24510260700,direct_survey,0.0
24510260404__24510261000,direct_survey,0.0
24510260501__24510260604,direct_survey,0.0
24510260501__24510260605,direct_survey,0.0
24510260501__24510260700,direct_survey,0.0
24510260604__24510260605,direct_survey,0.0
24510260605__24510260700,direct_survey,0.0
24510260700__24510260900,direct_survey,0.0
24510260800__24510260900,direct_survey,0.0
24510260800__24510261000,direct_survey,0.0
24510260900__24510261100,direct_survey,0.0
24510261000__24510261100,direct_survey,0.0
24510270101__24510270102,direct_survey,0.0
24510270101__24510270200,direct_survey,0.0
24510270102__24510270302,direct_survey,0.0
24510270102__24510270401,direct_survey,0.0
24510270200__24510270301,direct_survey,0.0
24510270200__24510270302,direct_survey,0.0
24510270200__24510270903,direct_survey,0.0
24510270301__24510270302,direct_survey,0.0
24510270301__24510270600,direct_survey,0.0
24510270301__24510270902,direct_survey,0.0
24510270302__24510270402,direct_survey,0.0
24510270401__24510270402,direct_survey,0.0
24510270401__24510270502,direct_survey,0.0
24510270402__24510270502,direct_survey,0.0
24510270402__24510270600,direct_survey,0.0
24510270402__24510270702,direct_survey,0.0
24510270501__24510270502,direct_survey,0.0
24510270501__24510270703,direct_survey,0.0
24510270502__24510270702,direct_survey,0.0
24510270600__24510270702,direct_survey,0.0
24510270600__24510270803,direct_survey,0.0
24510270701__24510270702,direct_survey,0.0
24510270701__24510270703,direct_survey,0.0
24510270701__24510270803,direct_survey,0.0
24510270702__24510270703,direct_survey,0.0
24510270702__24510270803,direct_survey,0.0
24510270801__24510270802,direct_survey,0.0
24510270801__24510270803,direct_survey,0.0
24510270801__24510270804,direct_survey,0.0
24510270802__24510270803,direct_survey,0.0
24510270802__24510270805,direct_survey,0.0
24510270802__24510270901,direct_survey,0.0
24510270803__24510270902,direct_survey,0.0
24510270804__24510270805,direct_survey,0.0
24510270804__24510271200,direct_survey,0.0
24510270805__24510271002,direct_survey,0.0
24510270805__24510271200,direct_survey,0.0
24510270901__24510270902,direct_survey,0.0
24510270901__24510270903,direct_survey,0.0
24510270901__24510271002,direct_survey,0.0
24510270902__24510270903,direct_survey,0.0
24510270903__24510271001,direct_survey,0.0
24510271001__24510271002,direct_survey,0.0
24510271001__24510271102,direct_survey,0.0
24510271002__24510271101,direct_survey,0.0
24510271002__24510271200,direct_survey,0.0
24510271101__24510271102,direct_survey,0.0
24510271101__24510271200,direct_survey,0.0
24510271102__24510271200,direct_survey,0.0
24510271102__24510271400,direct_survey,0.0
24510271200__24510271300,direct_survey,0.0
24510271300__24510271400,direct_survey,0.0
24510271300__24510271501,direct_survey,0.0
24510271300__24510271503,direct_survey,0.0
24510271400__24510271503,direct_survey,0.0
24510271501__24510271503,direct_survey,0.0
24510271501__24510271700,direct_survey,0.0
24510271501__24510271900,direct_survey,0.0
24510271501__24510272003,direct_survey,0.0
24510271600__24510271700,direct_survey,0.0
24510271700__24510271801,direct_survey,0.0
24510271700__24510271802,direct_survey,0.0
24510271700__24510271900,direct_survey,0.0
24510271801__24510271802,direct_survey,0.0
24510271801__24510271900,direct_survey,0.0
24510271801__24510280101,direct_survey,0.0
24510271802__24510280101,direct_survey,0.0
24510271900__24510272003,direct_survey,0.0
24510271900__24510272006,direct_survey,0.0
24510271900__24510280101,direct_survey,0.0
24510272003__24510272004,direct_survey,0.0
24510272003__24510272005,direct_survey,0.0
24510272003__24510272006,direct_survey,0.0
24510272004__24510272005,direct_survey,0.0
24510272005__24510272007,direct_survey,0.0
24510272006__24510272007,direct_survey,0.0
24510272006__24510280101,direct_survey,0.0
24510272007__24510280101,direct_survey,0.0
24510280101__24510280102,direct_survey,0.0
24510280102__24510280200,direct_survey,0.0
24510280200__24510280301,direct_survey,0.0
24510280200__24510280302,direct_survey,0.0
24510280301__24510280401,direct_survey,0.0
24510280401__24510280402,direct_survey,0.0
24510280401__24510280403,direct_survey,0.0
24510280401__24510280404,direct_survey,0.0
24510280403__24510280404,direct_survey,0.0
51013100300__51059470100,direct_survey,0.0
51059470100__51059480100,direct_survey,0.0
51107610101__51107610102,direct_survey,0.0
11001000901__11001000902,weighted_bootstrap,384.24475035462456
11001000901__11001001001,weighted_bootstrap,-682.8374606736725
11001000901__24031705601,weighted_bootstrap,-370.7715480000006
11001000901__24031705702,weighted_bootstrap,437.494272287473
11001000902__24031705800,weighted_bootstrap,-322.1048461715227
11001000902__51013100300,weighted_bootstrap,-64.27051199999914
11001001001__11001001100,weighted_bootstrap,19.57645721834706
11001001001__24031705601,weighted_bootstrap,83.32694447174799
11001001100__11001001401,weighted_bootstrap,-957.5911828353055
11001001100__24031705300,weighted_bootstrap,667.6440423838612
11001001401__11001001500,weighted_bootstrap,831.5798016662775
11001001401__24031705300,weighted_bootstrap,25.25399693584768
11001001500__24031705200,weighted_bootstrap,1378.1669193788475
11001001500__24031705300,weighted_bootstrap,353.73439509487525
11001001600__11001010300,weighted_bootstrap,-163.51285632011786
11001001600__24031702500,weighted_bootstrap,281.0575620859854
11001001600__24031702601,weighted_bootstrap,-802.0994955208371
11001001600__24031702602,weighted_bootstrap,-31.553148151251662
11001001702__11001010300,weighted_bootstrap,-831.4056047981994
11001001702__24031701701,weighted_bootstrap,-406.41268473938726
11001001702__24031701800,weighted_bootstrap,317.50703769216125
11001007304__24033801807,weighted_bootstrap,-229.94723586764303
11001007408__11001007502,weighted_bootstrap,-56.74578314056998
11001007408__24033801807,weighted_bootstrap,-231.34597200000007
11001007409__24033801807,weighted_bootstrap,207.52412221833947
11001007502__11001007603,weighted_bootstrap,-493.41837444669363
11001007502__24033801807,weighted_bootstrap,-158.71926309537957
11001007603__11001009902,weighted_bootstrap,336.61511528007395
11001007603__24033801807,weighted_bootstrap,258.77876563946484
11001007603__24033802501,weighted_bootstrap,-1330.3355056004402
11001007707__11001009902,weighted_bootstrap,-133.107022390157
11001007707__24033802502,weighted_bootstrap,376.34191668615676
11001007707__24033802600,weighted_bootstrap,510.3568442568758
11001007806__11001009601,weighted_bootstrap,1278.481104588107
11001007806__24033803100,weighted_bootstrap,418.98123436706373
11001007807__11001007808,weighted_bootstrap,-479.48767365470485
11001007808__11001009903,weighted_bootstrap,240.3080606978474
11001007808__24033802901,weighted_bootstrap,-222.17692339638597
11001009000__11001009601,weighted_bootstrap,-199.25340836498071
11001009000__11001011100,weighted_bootstrap,-801.3139656757994
11001009000__24033804400,weighted_bootstrap,-176.46068630968512
11001009400__11001009503,weighted_bootstrap,565.2884534068071
11001009400__11001011100,weighted_bootstrap,1.047368167561217
11001009400__24033804900,weighted_bootstrap,-310.23272873281894
11001009503__11001009508,weighted_bootstrap,-173.53936691348827
11001009503__11001009509,weighted_bootstrap,-386.4682180012005
11001009503__24033804900,weighted_bootstrap,-939.1992268036702
11001009505__11001009507,weighted_bootstrap,1003.2123148565552
11001009505__24033805201,weighted_bootstrap,213.8427607869835
11001009507__11001009508,weighted_bootstrap,-516.0177944475836
11001009507__24033805000,weighted_bootstrap,864.6281567998085
11001009508__11001009509,weighted_bootstrap,-749.4395179290696
11001009508__24033804900,weighted_bootstrap,-184.01150654309185
11001009508__24033805000,weighted_bootstrap,357.6526508833813
11001009601__11001011100,weighted_bootstrap,-642.0627354678436
11001009601__24033803100,weighted_bootstrap,-314.6194165306806
11001009601__24033804300,weighted_bootstrap,-939.7841146572027
11001009810__11001009811,weighted_bootstrap,526.9390439999988
11001009810__11001010900,weighted_bootstrap,-192.44873999999982
11001009811__11001010900,weighted_bootstrap,86.42764799999713
11001009902__24033802502,weighted_bootstrap,424.70827081680545
11001009903__11001009905,weighted_bootstrap,47.236003706175325
11001009903__24033802700,weighted_bootstrap,247.04301401652265
11001010300__24031701800,weighted_bootstrap,-777.7275399999999
11001010300__24031702500,weighted_bootstrap,115.94917535684544
11001010900__24033801500,weighted_bootstrap,2267.3687530269235
11001011100__24033804400,weighted_bootstrap,-96.57287565895058
11001011100__24033804700,weighted_bootstrap,77.01116447891582
24001000100__24001000200,weighted_bootstrap,124.7783922061808
24001000100__24043010700,weighted_bootstrap,-47.726932324047084
24001000200__24001000300,weighted_bootstrap,0.0
24001000200__24001000400,weighted_bootstrap,29.23897669718781
24001000200__24001000500,weighted_bootstrap,272.55978200847767
24001000200__24001000600,weighted_bootstrap,537.1725030962116
24001000200__24001000700,weighted_bootstrap,148.0057235000313
24001000200__24001000800,weighted_bootstrap,-14.542649339837226
24001000300__24001000400,weighted_bootstrap,-47.0531951758785
24001000300__24001001000,weighted_bootstrap,-222.2897861494066
24001000300__24001001200,weighted_bootstrap,11.696292648408416
24001000300__24001001502,weighted_bootstrap,266.4424550228141
24001000400__24001000500,weighted_bootstrap,737.5896489640727
24001000400__24001001000,weighted_bootstrap,396.03435903626087
24001000500__24001000600,weighted_bootstrap,-198.7567621681428
24001000500__24001000800,weighted_bootstrap,-15.513694516519536
24001000500__24001001000,weighted_bootstrap,110.39742003171705
24001000600__24001000700,weighted_bootstrap,830.5264339839905
24001000600__24001000800,weighted_bootstrap,-901.1609647521691
24001000700__24001000800,weighted_bootstrap,-284.06885848805905
24001000800__24001001000,weighted_bootstrap,-54.63492624790524
24001000800__24001001100,weighted_bootstrap,-341.07921762540354
24001001000__24001001100,weighted_bootstrap,313.05277586713055
24001001100__24001001200,weighted_bootstrap,-46.45414363238524
24001001200__24001001300,weighted_bootstrap,80.8426750357421
24001001200__24001001402,weighted_bootstrap,491.15615230164985
24001001200__24001001502,weighted_bootstrap,69.06528742154842
24001001300__24001001401,weighted_bootstrap,298.61460291213007
24001001300__24001001402,weighted_bootstrap,-93.77670387212993
24001001300__24001002000,weighted_bootstrap,209.34211525245337
24001001401__24001001402,weighted_bootstrap,205.4583291491399
24001001401__24001001502,weighted_bootstrap,515.9786463948985
24001001401__24001001700,weighted_bootstrap,739.93682565153
24001001401__24001001900,weighted_bootstrap,149.04777633084996
24001001401__24001002000,weighted_bootstrap,-1551.6339562362118
24001001402__24001001502,weighted_bootstrap,49.77807542154915
24001001503__24001001600,weighted_bootstrap,-131.68477167515903
24001001503__24001001700,weighted_bootstrap,-73.71115578089757
24001001600__24001001700,weighted_bootstrap,-14.508092420184767
24001001600__24001001800,weighted_bootstrap,-428.86338991446064
24001001600__24023000300,weighted_bootstrap,-160.23479390093485
24001001700__24001001800,weighted_bootstrap,767.8208387407867
24001001700__24001001900,weighted_bootstrap,202.3894403541235
24001001800__24001001900,weighted_bootstrap,132.63016238408454
24001001800__24023000300,weighted_bootstrap,136.77938167196385
24001001900__24001002100,weighted_bootstrap,167.9179541994008
24001002100__24001002200,weighted_bootstrap,228.5659651711503
24001002200__24023000300,weighted_bootstrap,-286.23117614870125
24003701101__24003701102,weighted_bootstrap,-117.53443745855839
24003701101__24003701300,weighted_bootstrap,-1334.4416885563405
24003701101__24003702300,weighted_bootstrap,-144.13918131886385
24003701102__24003701200,weighted_bootstrap,-948.0255736308536
24003701102__24003701400,weighted_bootstrap,-353.5810014477029
24003701200__24003701400,weighted_bootstrap,-495.8793260415259
24003701300__24003701400,weighted_bootstrap,-144.3564857213969
24003701300__24003702300,weighted_bootstrap,291.71717255182375
24003701300__24003708004,weighted_bootstrap,33.962381632480174
24003701300__24033800507,weighted_bootstrap,983.9561510981512
24003701400__24003708004,weighted_bootstrap,284.47423533946494
24003702100__24003702402,weighted_bootstrap,-236.05112778391185
24003702100__24003702702,weighted_bootstrap,-828.7114230663792
24003702100__24003740800,weighted_bootstrap,638.1881460354689
24003702100__24003751600,weighted_bootstrap,-623.0937517487582
24003702100__24003751700,weighted_bootstrap,-1165.2513130529333
24003702204__24003702205,weighted_bootstrap,271.2109182701861
24003702204__24003702206,weighted_bootstrap,-641.7654566673191
24003702204__24003702300,weighted_bootstrap,-1081.1711382645735
24003702204__24003740702,weighted_bootstrap,384.7717090448714
24003702204__24003751700,weighted_bootstrap,-48.55528325711566
24003702204__24033800401,weighted_bootstrap,48.277423099265434
24003702204__24033800504,weighted_bootstrap,49.15354330743139
24003702205__24003702206,weighted_bootstrap,420.86800982425666
24003702205__24003702209,weighted_bootstrap,50.9048063811897
24003702205__24003740702,weighted_bootstrap,-173.2622928284436
24003702206__24003702208,weighted_bootstrap,-393.7585690056403
24003702206__24003702209,weighted_bootstrap,383.1067178270314
24003702206__24003751700,weighted_bootstrap,-980.4249539626508
24003702208__24003702209,weighted_bootstrap,-260.34767152932545
24003702208__24003740702,weighted_bootstrap,186.25530843323213
24003702208__24003740800,weighted_bootstrap,685.6398603097041
24003702209__24003740702,weighted_bootstrap,125.78734205637011
24003702300__24003751700,weighted_bootstrap,-1238.3885886402095
24003702300__24033800504,weighted_bootstrap,75.31009554000775
24003702402__24003702500,weighted_bootstrap,646.7773339933483
24003702402__24003702701,weighted_bootstrap,384.22624702652683
24003702402__24003702702,weighted_bootstrap,319.0191771367827
24003702402__24003706500,weighted_bootstrap,-8.64512615671265
24003702402__24003751600,weighted_bootstrap,1135.6359303260979
24003702500__24003702601,weighted_bootstrap,-556.185951551055
24003702500__24003706500,weighted_bootstrap,-425.7101924846065
24003702601__24003702602,weighted_bootstrap,-792.1206496586528
24003702601__24003706401,weighted_bootstrap,666.0843469434476
24003702602__24003706301,weighted_bootstrap,1155.7716149098524
24003702602__24003706401,weighted_bootstrap,292.6279190662608
24003702701__24003702702,weighted_bootstrap,815.9160646989403
24003702701__24003706500,weighted_bootstrap,180.48871364240767
24003702701__24003706600,weighted_bootstrap,-765.9053261726222
24003706101__24003706302,weighted_bootstrap,-303.5771023454581
24003706101__24003706402,weighted_bootstrap,-47.7830223162382
24003706101__24003706500,weighted_bootstrap,262.8957296282606
24003706101__24003706700,weighted_bootstrap,663.0643040717259
24003706301__24003706302,weighted_bootstrap,195.95232685254814
24003706301__24003706401,weighted_bootstrap,374.5250121570971
24003706302__24003706401,weighted_bootstrap,-219.52256131047398
24003706302__24003706402,weighted_bootstrap,-182.0922388454528
24003706401__24003706402,weighted_bootstrap,183.37480246969608
24003706401__24003706500,weighted_bootstrap,310.09909067041735
24003706500__24003706600,weighted_bootstrap,38.80326309742668
24003706600__24003706700,weighted_bootstrap,1050.2594460080836
24003707001__24003707002,weighted_bootstrap,-432.62356741157055
24003707001__24003708001,weighted_bootstrap,21.87246366245904
24003707002__24003708001,weighted_bootstrap,291.39098353617464
24003708001__24003708004,weighted_bootstrap,-604.9024136227154
24003708001__24009860200,weighted_bootstrap,-580.2564885825441
24003708001__24009860300,weighted_bootstrap,-152.07217948866037
24003708004__24009860101,weighted_bootstrap,898.5695055664946
24003708004__24009860102,weighted_bootstrap,-223.56215313568646
24003708004__24033800601,weighted_bootstrap,190.96246540579887
24003708004__24033800605,weighted_bootstrap,-85.49619185717256
24003730100__24003730203,weighted_bootstrap,5.947362255600638
24003730100__24003730204,weighted_bootstrap,-491.2464258672517
24003730100__24003731308,weighted_bootstrap,-71.76269264967596
24003730100__24003731309,weighted_bootstrap,396.1437429131547
24003730100__24003731311,weighted_bootstrap,1152.617977089536
24003730100__24510250500,weighted_bootstrap,796.6977283357919
24003730203__24003730204,weighted_bootstrap,538.9175224403953
24003730203__24003730300,weighted_bootstrap,204.75220514862667
24003730203__24003730402,weighted_bootstrap,22.928490038510063
24003730203__24003731204,weighted_bootstrap,518.6831822839704
24003730203__24003751103,weighted_bootstrap,26.91739780042917
24003730204__24003731204,weighted_bootstrap,-275.22316765173673
24003730204__24003731311,weighted_bootstrap,660.9303349558832
24003730300__24003730401,weighted_bootstrap,85.92699610083946
24003730300__24003730402,weighted_bootstrap,-562.2120651710175
24003730300__24003751000,weighted_bootstrap,-180.5964602619788
24003730300__24003751103,weighted_bootstrap,154.01678568725765
24003730401__24003730402,weighted_bootstrap,723.3224983868786
24003730401__24003730506,weighted_bootstrap,-82.82151964429067
24003730401__24003740201,weighted_bootstrap,-400.6196501014165
24003730401__24003750900,weighted_bootstrap,1148.106362353392
24003730401__24003751000,weighted_bootstrap,10.376543595511976
24003730402__24003730502,weighted_bootstrap,-52.32544321502792
24003730402__24003730506,weighted_bootstrap,32.685836963923066
24003730402__24003731204,weighted_bootstrap,-267.69396394440264
24003730502__24003730504,weighted_bootstrap,-584.1484660790375
24003730502__24003730506,weighted_bootstrap,-332.963815691066
24003730502__24003730603,weighted_bootstrap,97.9522456389077
24003730502__24003731204,weighted_bootstrap,-463.5511313205825
24003730504__24003730505,weighted_bootstrap,341.1354609798618
24003730504__24003730601,weighted_bootstrap,105.94947102514197
24003730504__24003730603,weighted_bootstrap,319.34076989127425
24003730504__24003741000,weighted_bootstrap,-286.33434851893253
24003730505__24003740201,weighted_bootstrap,706.3268275717783
24003730505__24003741000,weighted_bootstrap,211.4153549268358
24003730506__24003740201,weighted_bootstrap,-27.835674877605925
24003730601__24003741000,weighted_bootstrap,130.82477005638066
24003730603__24003730604,weighted_bootstrap,-331.802692975165
24003730603__24003731203,weighted_bootstrap,176.06750198455484
24003730603__24003731204,weighted_bootstrap,-929.2205518797418
24003730604__24003730700,weighted_bootstrap,-224.5372353514249
24003730604__24003731203,weighted_bootstrap,464.1901546090885
24003730700__24003730800,weighted_bootstrap,-484.23518634914217
24003730700__24003731201,weighted_bootstrap,127.55962671904126
24003730700__24003731203,weighted_bootstrap,265.1476743889507
24003730800__24003730901,weighted_bootstrap,452.8884959328134
24003730800__24003731103,weighted_bootstrap,2128.4098318929246
24003730800__24003731105,weighted_bootstrap,-171.8124162924505
24003730800__24003731201,weighted_bootstrap,171.6514378550928
24003730901__24003730902,weighted_bootstrap,178.77727530997072
24003730901__24003731103,weighted_bootstrap,147.98206097551156
24003730902__24003731002,weighted_bootstrap,-628.5759877394885
24003730902__24003731003,weighted_bootstrap,-155.21767920306138
24003730902__24003731004,weighted_bootstrap,303.7557016920291
24003730902__24003731103,weighted_bootstrap,-327.1686324033435
24003731002__24003731003,weighted_bootstrap,-552.8502929457809
24003731003__24003731004,weighted_bootstrap,-440.97610570931647
24003731102__24003731103,weighted_bootstrap,561.5488158113076
24003731102__24003731104,weighted_bootstrap,-722.5299721314768
24003731103__24003731104,weighted_bootstrap,574.159027999829
24003731103__24003731105,weighted_bootstrap,54.4143837171905
24003731104__24003731105,weighted_bootstrap,-186.39216063349886
24003731105__24003731201,weighted_bootstrap,805.1755769041556
24003731201__24003731203,weighted_bootstrap,-488.7108761969721
24003731202__24003731203,weighted_bootstrap,1056.8915302520563
24003731202__24003731204,weighted_bootstrap,-243.61251112471655
24003731202__24003731303,weighted_bootstrap,844.6877340489991
24003731202__24003731307,weighted_bootstrap,233.73782207224576
24003731203__24003731204,weighted_bootstrap,1300.4456543844572
24003731204__24003731307,weighted_bootstrap,-915.9866467818883
24003731204__24003731311,weighted_bootstrap,-631.2180929581955
24003731303__24003731307,weighted_bootstrap,-106.27205968842827
24003731306__24003731307,weighted_bootstrap,79.70557467563594
24003731306__24003731309,weighted_bootstrap,-291.4514308635462
24003731307__24003731309,weighted_bootstrap,-310.20541782456894
24003731307__24003731310,weighted_bootstrap,7.5136986685893135
24003731307__24003731311,weighted_bootstrap,7.329832623523544
24003731308__24003731309,weighted_bootstrap,27.31300587070291
24003731309__24003731310,weighted_bootstrap,-161.46687237023434
24003740102__24003740103,weighted_bootstrap,1450.069084030889
24003740102__24003740400,weighted_bootstrap,-480.0644756089823
24003740102__24003740500,weighted_bootstrap,-187.98967196702142
24003740102__24003740601,weighted_bootstrap,98.71473265413078
24003740102__24003751200,weighted_bootstrap,-313.3544608913653
24003740102__24003751500,weighted_bootstrap,-60.43143535960371
24003740102__24027601203,weighted_bootstrap,1178.6931334830151
24003740102__24027606901,weighted_bootstrap,510.6208060985173
24003740103__24003740104,weighted_bootstrap,554.978616298009
24003740103__24003740602,weighted_bootstrap,-631.6678618589222
24003740103__24003751200,weighted_bootstrap,-114.82700685217787
24003740103__24003751400,weighted_bootstrap,-25.972740005050582
24003740104__24003740105,weighted_bootstrap,-439.3830543220083
24003740104__24003740305,weighted_bootstrap,-203.13913688629873
24003740104__24003740602,weighted_bootstrap,1306.494725074106
24003740104__24003751400,weighted_bootstrap,-151.3314672234901
24003740105__24003740303,weighted_bootstrap,-1304.5356630215938
24003740105__24003740305,weighted_bootstrap,-537.6372788652534
24003740201__24003740203,weighted_bootstrap,-528.065634601644
24003740201__24003741000,weighted_bootstrap,35.29129185708007
24003740201__24003751400,weighted_bootstrap,604.6989096641846
24003740203__24003740303,weighted_bootstrap,-640.5905854514422
24003740203__24003741000,weighted_bootstrap,-1493.0067832229615
24003740203__24003751400,weighted_bootstrap,-850.3949778765855
24003740303__24003740304,weighted_bootstrap,455.237154514607
24003740303__24003751400,weighted_bootstrap,1798.3099471828373
24003740304__24003740305,weighted_bootstrap,-249.67719302790647
24003740304__24003740603,weighted_bootstrap,160.68780233091638
24003740304__24003740701,weighted_bootstrap,360.2854586413341
24003740304__24003740900,weighted_bootstrap,1350.7694906712277
24003740304__24003741000,weighted_bootstrap,-202.59184003204427
24003740305__24003740602,weighted_bootstrap,-357.31612311929166
24003740305__24003740603,weighted_bootstrap,-608.679858944186
24003740400__24027606901,weighted_bootstrap,75.63752372419185
24003740500__24003751500,weighted_bootstrap,-515.6860877700092
24003740500__24027606904,weighted_bootstrap,-156.34738076410213
24003740500__24027606905,weighted_bootstrap,-49.84194779867539
24003740500__24027606906,weighted_bootstrap,170.54112654043638
24003740500__24027606907,weighted_bootstrap,303.486931065152
24003740500__24033800103,weighted_bootstrap,-1093.840742803699
24003740601__24003740602,weighted_bootstrap,693.8405653098707
24003740601__24003740603,weighted_bootstrap,160.6325923760287
24003740601__24003751500,weighted_bootstrap,-374.6441574384007
24003740602__24003740603,weighted_bootstrap,630.3036772202104
24003740603__24003740702,weighted_bootstrap,231.4678076938435
24003740603__24003751500,weighted_bootstrap,1249.5056819609745
24003740603__24033800206,weighted_bootstrap,-92.58725456395769
24003740701__24003740900,weighted_bootstrap,-631.6548329075813
24003740702__24003740800,weighted_bootstrap,764.4322514182859
24003740702__24003740900,weighted_bootstrap,438.2950367499907
24003740702__24033800401,weighted_bootstrap,470.35585883561
24003740800__24003740900,weighted_bootstrap,-1057.0221909634747
24003740800__24003741000,weighted_bootstrap,-247.0106033064003
24003740800__24003751700,weighted_bootstrap,1180.070574374622
24003740900__24003741000,weighted_bootstrap,448.6592775464751
24003750101__24003750102,weighted_bootstrap,-123.64250458951938
24003750101__24003750202,weighted_bootstrap,84.379747944864
24003750101__24003750203,weighted_bootstrap,-258.8390909114314
24003750101__24510250401,weighted_bootstrap,-115.30315717490157
24003750101__24510250500,weighted_bootstrap,338.32851990866857
24003750102__24003750201,weighted_bootstrap,194.33640187816218
24003750102__24003750202,weighted_bootstrap,177.81879652717907
24003750102__24005980100,weighted_bootstrap,138.6213783701969
24003750102__24510250401,weighted_bootstrap,-515.4985533793224
24003750201__24003750202,weighted_bootstrap,-304.18183462406523
24003750201__24003750300,weighted_bootstrap,-573.3211085947514
24003750201__24003750400,weighted_bootstrap,-830.1929849128646
24003750201__24005430104,weighted_bootstrap,135.35820336705638
24003750201__24005980100,weighted_bootstrap,-439.0098004749143
24003750202__24003750203,weighted_bootstrap,-946.3752583296155
24003750202__24003750803,weighted_bootstrap,-202.4945366449101
24003750203__24003751102,weighted_bootstrap,597.6817768256296
24003750203__24510250500,weighted_bootstrap,-314.485794559896
24003750300__24003750400,weighted_bootstrap,-480.13427916384535
24003750300__24003751200,weighted_bootstrap,-149.27078468544642
24003750300__24005430101,weighted_bootstrap,-1032.0388516917592
24003750300__24005430300,weighted_bootstrap,-825.6827789804374
24003750400__24003750801,weighted_bootstrap,-493.0667251736777
24003750400__24003750803,weighted_bootstrap,-372.97323278635304
24003750400__24003751200,weighted_bootstrap,-586.6322480197705
24003750400__24003980000,weighted_bootstrap,506.4845593139198
24003750801__24003750803,weighted_bootstrap,41.27840720946551
24003750801__24003750804,weighted_bootstrap,-970.4224146515626
24003750801__24003750900,weighted_bootstrap,-1557.0693404681806
24003750801__24003980000,weighted_bootstrap,335.4470016293417
24003750803__24003750804,weighted_bootstrap,-824.6597997734789
24003750803__24003751102,weighted_bootstrap,76.47968268035038
24003750804__24003750900,weighted_bootstrap,-1795.188853616124
24003750804__24003751102,weighted_bootstrap,-16.177171033981722
24003750900__24003751000,weighted_bootstrap,657.0649627562962
24003750900__24003751102,weighted_bootstrap,-10.17186935294012
24003750900__24003751400,weighted_bootstrap,109.47057479896466
24003751000__24003751102,weighted_bootstrap,756.4873239658555
24003751000__24003751103,weighted_bootstrap,-92.02274980113361
24003751102__24003751103,weighted_bootstrap,-1238.8468261597518
24003751102__24510250500,weighted_bootstrap,286.1304436267819
24003751200__24003751400,weighted_bootstrap,-853.0799888423571
24003751200__24003980000,weighted_bootstrap,3001.1670918783493
24003751200__24005430300,weighted_bootstrap,98.77931789786089
24003751200__24005430600,weighted_bootstrap,438.73934819106944
24003751200__24005980200,weighted_bootstrap,-564.7289429462107
24003751200__24027601201,weighted_bootstrap,1038.9805823575298
24003751200__24027601203,weighted_bootstrap,56.95180306308612
24003751200__24027601204,weighted_bootstrap,-61.48700268046741
24003751400__24003980000,weighted_bootstrap,-405.0600082597957
24003751500__24033800103,weighted_bootstrap,870.6655072272515
24003751500__24033800206,weighted_bootstrap,-275.6250028411423
24003751500__24033800211,weighted_bootstrap,-746.5655836222977
24005400100__24005400200,weighted_bootstrap,1013.5163756285256
24005400100__24005430900,weighted_bootstrap,-770.4287321163865
24005400100__24005492500,weighted_bootstrap,-697.4942957763051
24005400100__24510250103,weighted_bootstrap,-746.0676194315165
24005400200__24005400400,weighted_bootstrap,325.9233448508967
24005400200__24005400600,weighted_bootstrap,-489.00482243350416
24005400200__24510250101,weighted_bootstrap,66.06953815264205
24005400400__24005400500,weighted_bootstrap,304.7119875677745
24005400400__24005400800,weighted_bootstrap,427.96809319692693
24005400400__24005401000,weighted_bootstrap,-807.3578540331873
24005400400__24005430600,weighted_bootstrap,273.5303567985902
24005400400__24005430700,weighted_bootstrap,-178.62438676877355
24005400400__24005492500,weighted_bootstrap,649.5061222310324
24005400500__24005401000,weighted_bootstrap,-107.92111954574284
24005400500__24005401400,weighted_bootstrap,47.81181834530071
24005400500__24027601104,weighted_bootstrap,-928.1706525799236
24005400600__24005400701,weighted_bootstrap,796.7417840886301
24005400600__24005400702,weighted_bootstrap,-197.36698456727572
24005400600__24005400800,weighted_bootstrap,213.64914641162613
24005400600__24510280403,weighted_bootstrap,960.1890463195414
24005400701__24005400702,weighted_bootstrap,739.9430698512733
24005400701__24005400800,weighted_bootstrap,-672.8808766803995
24005400701__24005401101,weighted_bootstrap,471.95226647993695
24005400701__24005401301,weighted_bootstrap,-896.506068982213
24005400702__24005401301,weighted_bootstrap,433.7296883356639
24005400702__24005401302,weighted_bootstrap,-466.88464270906115
24005400702__24510280403,weighted_bootstrap,-5.837498771701576
24005400800__24005400900,weighted_bootstrap,-306.06927447013004
24005400800__24005401000,weighted_bootstrap,-903.3318819153064
24005400800__24005401505,weighted_bootstrap,158.4778023963554
24005400900__24005401000,weighted_bootstrap,-321.84401851882285
24005400900__24005401503,weighted_bootstrap,954.9459370396107
24005400900__24005401505,weighted_bootstrap,-86.46316881141684
24005401000__24005401400,weighted_bootstrap,-153.97800382674723
24005401101__24005401102,weighted_bootstrap,-1622.5091776019544
24005401101__24005401301,weighted_bootstrap,1245.7340876188682
24005401101__24005401505,weighted_bootstrap,-2359.6024590984453
24005401102__24005401200,weighted_bootstrap,2113.675431819189
24005401102__24005401301,weighted_bootstrap,-1118.1292309204146
24005401102__24005401507,weighted_bootstrap,-348.1622052550083
24005401102__24005402405,weighted_bootstrap,1898.4141962306785
24005401200__24005401301,weighted_bootstrap,-820.1774698856516
24005401200__24005402403,weighted_bootstrap,-960.3036867551164
24005401200__24005402405,weighted_bootstrap,76.91802424003617
24005401200__24510280200,weighted_bootstrap,298.48542388961505
24005401200__24510280301,weighted_bootstrap,-309.66775722611055
24005401301__24005401302,weighted_bootstrap,-959.8417463963888
24005401301__24510280301,weighted_bootstrap,110.76166418215143
24005401301__24510280401,weighted_bootstrap,403.203115234257
24005401302__24510280401,weighted_bootstrap,819.6348164318188
24005401400__24005401503,weighted_bootstrap,-1355.2709060653797
24005401400__24027602700,weighted_bootstrap,1161.415363592212
24005401503__24005401504,weighted_bootstrap,-111.73875472489453
24005401503__24027602800,weighted_bootstrap,-935.2819021974683
24005401504__24005401505,weighted_bootstrap,-917.4568561047636
24005401504__24005401506,weighted_bootstrap,729.2777515894413
24005401504__24005401507,weighted_bootstrap,-451.82300394482445
24005401505__24005401507,weighted_bootstrap,-1114.7320778084686
24005401506__24005401507,weighted_bootstrap,-343.3525039181768
24005401506__24005402202,weighted_bootstrap,-245.7448324358229
24005401506__24005402406,weighted_bootstrap,87.14554479112485
24005401507__24005402407,weighted_bootstrap,-310.0520441453191
24005402201__24005402202,weighted_bootstrap,-39.269163688664776
24005402201__24005402504,weighted_bootstrap,312.48164961441944
24005402201__24005404101,weighted_bootstrap,79.60777770346886
24005402201__24005404800,weighted_bootstrap,-306.1565727859215
24005402201__24005492401,weighted_bootstrap,-34.429257573388895
24005402201__24005492402,weighted_bootstrap,-232.6191125061723
24005402201__24013505102,weighted_bootstrap,-146.0663194807239
24005402201__24013505206,weighted_bootstrap,341.4818233375772
24005402201__24027603001,weighted_bootstrap,294.1725798477337
24005402202__24005402406,weighted_bootstrap,207.61919188369757
24005402202__24005402504,weighted_bootstrap,402.3464012009299
24005402202__24027603001,weighted_bootstrap,303.323271648017
24005402302__24005402303,weighted_bootstrap,-209.53596082694276
24005402302__24005402306,weighted_bootstrap,-399.0534491500366
24005402302__24005402407,weighted_bootstrap,374.9887550584026
24005402303__24005402304,weighted_bootstrap,31.062408628320554
24005402303__24005402307,weighted_bootstrap,490.5677433830133
24005402303__24005402407,weighted_bootstrap,169.9332748467059
24005402304__24005402305,weighted_bootstrap,-336.5478127707902
24005402304__24005402404,weighted_bootstrap,470.01100894091724
24005402304__24005402405,weighted_bootstrap,346.02901725382435
24005402305__24005402307,weighted_bootstrap,565.9373263211746
24005402305__24005402403,weighted_bootstrap,-56.492918927484425
24005402305__24005402404,weighted_bootstrap,-45.974922129229526
24005402305__24005402604,weighted_bootstrap,-247.2377369832975
24005402305__24005403100,weighted_bootstrap,-252.265883861779
24005402305__24005403300,weighted_bootstrap,637.5100859953673
24005402306__24005402307,weighted_bootstrap,-355.4279418444494
24005402306__24005402602,weighted_bootstrap,539.4296290086495
24005402306__24005402604,weighted_bootstrap,-429.7076443433889
24005402307__24005402604,weighted_bootstrap,848.917252229825
24005402403__24005402404,weighted_bootstrap,373.3981471196603
24005402403__24005403100,weighted_bootstrap,91.00769023574048
24005402403__24005403202,weighted_bootstrap,186.69067466749766
24005402403__24510280200,weighted_bootstrap,839.2652770426321
24005402404__24005402405,weighted_bootstrap,713.8110212705942
24005402405__24005402407,weighted_bootstrap,99.40325890886197
24005402406__24005402407,weighted_bootstrap,979.8578200960255
24005402503__24005402504,weighted_bootstrap,229.30442652214697
24005402503__24005402506,weighted_bootstrap,-466.35959209351495
24005402503__24005402602,weighted_bootstrap,-523.5681361131647
24005402503__24005402604,weighted_bootstrap,133.56716080754995
24005402504__24005402505,weighted_bootstrap,187.97134862505845
24005402504__24005492401,weighted_bootstrap,-30.76587845743643
24005402505__24005402506,weighted_bootstrap,396.81464521334055
24005402505__24005402509,weighted_bootstrap,303.09057269949244
24005402505__24005492401,weighted_bootstrap,372.0478945035993
24005402506__24005402509,weighted_bootstrap,331.94416005975836
24005402506__24005402604,weighted_bootstrap,-414.12053995789574
24005402509__24005402603,weighted_bootstrap,-214.08132824279892
24005402509__24005404101,weighted_bootstrap,-994.9168018911441
24005402602__24005402604,weighted_bootstrap,-1203.7333172465187
24005402603__24005402604,weighted_bootstrap,40.85413579145097
24005402603__24005403702,weighted_bootstrap,-1609.4982397260028
24005402604__24005403702,weighted_bootstrap,466.98738523069187
24005403100__24005403201,weighted_bootstrap,-515.7540539815964
24005403100__24005403202,weighted_bootstrap,425.6123544101356
24005403100__24005403300,weighted_bootstrap,469.8354475244414
24005403201__24005403202,weighted_bootstrap,253.0758867700024
24005403201__24005403300,weighted_bootstrap,860.4661763982203
24005403201__24005403402,weighted_bootstrap,404.3930069796188
24005403201__24510280101,weighted_bootstrap,271.9373088702887
24005403202__24510280102,weighted_bootstrap,-367.9331975703608
24005403300__24005403401,weighted_bootstrap,236.04067466506967
24005403300__24005403402,weighted_bootstrap,138.61707195055533
24005403300__24005403702,weighted_bootstrap,-8.374056661094073
24005403401__24005403402,weighted_bootstrap,-912.1169919345994
24005403401__24005403702,weighted_bootstrap,-339.10575597238494
24005403402__24005403500,weighted_bootstrap,198.4988107548379
24005403402__24005403701,weighted_bootstrap,-1501.6689232484205
24005403402__24005403803,weighted_bootstrap,-901.1423527809602
24005403402__24510272007,weighted_bootstrap,-236.730473822754
24005403402__24510280101,weighted_bootstrap,57.49566059092831
24005403500__24005403601,weighted_bootstrap,263.2531408680625
24005403500__24005403803,weighted_bootstrap,1161.24974463525
24005403500__24510272004,weighted_bootstrap,843.3449049786668
24005403500__24510272005,weighted_bootstrap,-529.7817985809816
24005403601__24005403602,weighted_bootstrap,-859.0367236573511
24005403601__24005403803,weighted_bootstrap,-499.905591928331
24005403601__24005490400,weighted_bootstrap,419.1905810387998
24005403601__24510272003,weighted_bootstrap,-140.52025252956992
24005403602__24005490400,weighted_bootstrap,-598.9469015799841
24005403602__24005490500,weighted_bootstrap,150.36372717236372
24005403602__24510271501,weighted_bootstrap,-1034.0898060194231
24005403701__24005403702,weighted_bootstrap,395.7449765445781
24005403701__24005403801,weighted_bootstrap,428.84997528793974
24005403701__24005403802,weighted_bootstrap,-114.63334833805857
24005403701__24005404202,weighted_bootstrap,-534.6563879426285
24005403701__24005404900,weighted_bootstrap,-723.3922057125092
24005403702__24005404101,weighted_bootstrap,-136.59179366207172
24005403702__24005404102,weighted_bootstrap,-726.1794887342548
24005403702__24005404202,weighted_bootstrap,168.9253478521132
24005403801__24005403802,weighted_bootstrap,1252.7503415796018
24005403801__24005408302,weighted_bootstrap,438.2916281625585
24005403801__24005408303,weighted_bootstrap,655.5131510601104
24005403801__24005408704,weighted_bootstrap,-131.74813883317984
24005403801__24005490400,weighted_bootstrap,535.1098306116837
24005403802__24005403803,weighted_bootstrap,778.4176813234808
24005403802__24005490400,weighted_bootstrap,544.1797480725727
24005403803__24005490400,weighted_bootstrap,634.2669843043113
24005404101__24005404102,weighted_bootstrap,451.934467546831
24005404101__24005404403,weighted_bootstrap,68.22413189112922
24005404101__24005404800,weighted_bootstrap,296.7538034466015
24005404101__24005492402,weighted_bootstrap,828.6035059419155
24005404102__24005404201,weighted_bootstrap,309.27201132070695
24005404102__24005404202,weighted_bootstrap,274.157719550858
24005404102__24005404403,weighted_bootstrap,556.959400705924
24005404201__24005404202,weighted_bootstrap,-1043.0033527433152
24005404201__24005404501,weighted_bootstrap,-122.23032227952172
24005404201__24005404502,weighted_bootstrap,-737.7610431896246
24005404202__24005404900,weighted_bootstrap,-951.5518181432126
24005404402__24005404404,weighted_bootstrap,133.67467147341813
24005404402__24005404600,weighted_bootstrap,710.2248637888824
24005404402__24005404900,weighted_bootstrap,-379.5405036694028
24005404403__24005404404,weighted_bootstrap,590.281918682681
24005404403__24005404501,weighted_bootstrap,253.86474271690713
24005404403__24005404502,weighted_bootstrap,286.37997654960236
24005404404__24005404501,weighted_bootstrap,1090.3162794986893
24005404404__24005404600,weighted_bootstrap,-124.12537336380046
24005404404__24005404800,weighted_bootstrap,-297.81273314949067
24005404501__24005404502,weighted_bootstrap,-1413.527096077676
24005404600__24005404800,weighted_bootstrap,-43.30371626847045
24005404600__24005404900,weighted_bootstrap,-578.2223150553491
24005404600__24005405000,weighted_bootstrap,34.000730200103135
24005404600__24013504100,weighted_bootstrap,569.3316423060751
24005404800__24013504201,weighted_bootstrap,-105.91818508660072
24005404900__24005408303,weighted_bootstrap,-440.0532140056239
24005405000__24005406000,weighted_bootstrap,-31.652768066534918
24005405000__24005407001,weighted_bootstrap,-241.6483189191822
24005405000__24005408200,weighted_bootstrap,-327.53786754664
24005405000__24013508101,weighted_bootstrap,160.50463300909178
24005405000__24013508102,weighted_bootstrap,816.1644018153565
24005406000__24005407001,weighted_bootstrap,418.9275185628703
24005406000__24005407002,weighted_bootstrap,278.40190480496676
24005407001__24005407002,weighted_bootstrap,-738.4951765834658
24005407001__24005408100,weighted_bootstrap,701.3635475344036
24005407001__24005410100,weighted_bootstrap,78.56082823946917
24005407002__24025304102,weighted_bootstrap,-120.75758646846452
24005408100__24005408200,weighted_bootstrap,-362.7293113619671
24005408100__24005408400,weighted_bootstrap,-468.9995129768613
24005408100__24005408900,weighted_bootstrap,-254.2505592411071
24005408100__24005410100,weighted_bootstrap,-520.5604481980445
24005408200__24005408303,weighted_bootstrap,218.92336551813787
24005408200__24005408304,weighted_bootstrap,-380.4318617534336
24005408200__24005408400,weighted_bootstrap,856.2814508643496
24005408302__24005408303,weighted_bootstrap,43.79196461774882
24005408302__24005408304,weighted_bootstrap,-778.9723889397428
24005408302__24005408703,weighted_bootstrap,530.37683293191
24005408302__24005408704,weighted_bootstrap,-161.1022173267702
24005408303__24005408304,weighted_bootstrap,-197.06769293976322
24005408304__24005408400,weighted_bootstrap,192.04508488229476
24005408304__24005408703,weighted_bootstrap,957.4173568555016
24005408400__24005408503,weighted_bootstrap,474.4246171251725
24005408400__24005408505,weighted_bootstrap,-1213.9320066072396
24005408400__24005408900,weighted_bootstrap,374.80577962526877
24005408502__24005408505,weighted_bootstrap,-83.21689602157676
24005408502__24005408506,weighted_bootstrap,105.49849129357972
24005408502__24005408601,weighted_bootstrap,-226.05910076005603
24005408502__24005408602,weighted_bootstrap,-190.33135164237137
24005408502__24005408900,weighted_bootstrap,325.6223032043599
24005408502__24005490100,weighted_bootstrap,191.20690493928123
24005408503__24005408505,weighted_bootstrap,539.2742247770002
24005408503__24005408506,weighted_bootstrap,-74.65731176705776
24005408503__24005408507,weighted_bootstrap,-310.5291375276938
24005408503__24005408900,weighted_bootstrap,-388.78698309513493
24005408505__24005408506,weighted_bootstrap,242.23847553483938
24005408505__24005408507,weighted_bootstrap,20.969519570135162
24005408505__24005408601,weighted_bootstrap,507.8302315815381
24005408505__24005408703,weighted_bootstrap,-264.49377034345525
24005408505__24005408800,weighted_bootstrap,248.84559521539632
24005408506__24005408507,weighted_bootstrap,-616.3058496734157
24005408506__24005408900,weighted_bootstrap,-342.8424432742031
24005408601__24005408602,weighted_bootstrap,106.7873807884389
24005408601__24005408800,weighted_bootstrap,-261.77209418574057
24005408602__24005408800,weighted_bootstrap,-168.2317533764035
24005408602__24005490100,weighted_bootstrap,-12.538090609432402
24005408602__24005490200,weighted_bootstrap,11.777127361259772
24005408702__24005408704,weighted_bootstrap,1288.7330299982277
24005408702__24005408800,weighted_bootstrap,-716.078644063673
24005408702__24005490301,weighted_bootstrap,-449.5760588307894
24005408702__24005490400,weighted_bootstrap,451.69934375404046
24005408702__24005490500,weighted_bootstrap,-931.7849150502043
24005408703__24005408704,weighted_bootstrap,958.8463072043378
24005408704__24005408800,weighted_bootstrap,-89.36503757012542
24005408704__24005490400,weighted_bootstrap,101.92162410065066
24005408800__24005490200,weighted_bootstrap,-572.3236622106924
24005408900__24005410100,weighted_bootstrap,-260.33364207383875
24005410100__24005410200,weighted_bootstrap,454.5381495271067
24005410100__24025304201,weighted_bootstrap,-233.78470468345586
24005410200__24005411201,weighted_bootstrap,-759.2150920507747
24005410200__24005411202,weighted_bootstrap,-944.0223970409934
24005410200__24025304201,weighted_bootstrap,-703.5130921825948
24005411101__24005411102,weighted_bootstrap,-258.9751391599093
24005411101__24005411201,weighted_bootstrap,41.74139113866113
24005411101__24005411202,weighted_bootstrap,988.3549222846013
24005411101__24005411409,weighted_bootstrap,299.3136866820678
24005411101__24025303400,weighted_bootstrap,273.7279043997223
24005411102__24005411302,weighted_bootstrap,-1376.3281543283774
24005411102__24005411309,weighted_bootstrap,657.51867520628
24005411102__24025301301,weighted_bootstrap,42.108615404304146
24005411102__24025301401,weighted_bootstrap,-441.6352958793723
24005411102__24025303400,weighted_bootstrap,65.5644944467058
24005411201__24005411202,weighted_bootstrap,-329.13913533528466
24005411201__24025303300,weighted_bootstrap,-122.57182685710723
24005411201__24025304201,weighted_bootstrap,64.85909628910304
24005411202__24005490100,weighted_bootstrap,-618.7708910265865
24005411202__24005492600,weighted_bootstrap,-556.2924712322456
24005411302__24005411307,weighted_bootstrap,403.8393022039363
24005411302__24005411308,weighted_bootstrap,-62.05975545968977
24005411302__24005411309,weighted_bootstrap,442.2600767395452
24005411302__24005440702,weighted_bootstrap,-138.6103123631292
24005411302__24005451701,weighted_bootstrap,-60.97789207163805
24005411302__24005451702,weighted_bootstrap,810.1149889785083
24005411303__24005411306,weighted_bootstrap,-734.6443055502205
24005411303__24005411307,weighted_bootstrap,-65.91701905622904
24005411303__24005411308,weighted_bootstrap,641.993677297527
24005411303__24005411309,weighted_bootstrap,-907.2517028013681
24005411303__24005411406,weighted_bootstrap,-1628.3403478196924
24005411303__24005411408,weighted_bootstrap,-841.9935949423889
24005411306__24005411307,weighted_bootstrap,-434.4916945573059
24005411306__24005411407,weighted_bootstrap,-137.27689196578285
24005411306__24005411408,weighted_bootstrap,198.9537512540992
24005411306__24005440600,weighted_bootstrap,10.621825711845304
24005411307__24005411308,weighted_bootstrap,-315.2160746800291
24005411307__24005440600,weighted_bootstrap,1012.6707846866702
24005411308__24005411309,weighted_bootstrap,-292.50592484841764
24005411309__24005411406,weighted_bootstrap,907.7607408335825
24005411404__24005411407,weighted_bootstrap,-290.7668002672908
24005411404__24005411409,weighted_bootstrap,343.51340747891663
24005411404__24005411410,weighted_bootstrap,1026.944214398016
24005411404__24005492200,weighted_bootstrap,-442.92835099241347
24005411406__24005411408,weighted_bootstrap,-9.04357406946292
24005411406__24005411409,weighted_bootstrap,919.7958287768379
24005411406__24005411410,weighted_bootstrap,-44.77112023259542
24005411407__24005411408,weighted_bootstrap,-297.1302851797773
24005411407__24005440100,weighted_bootstrap,-61.373371372930706
24005411407__24005440300,weighted_bootstrap,698.5059686478926
24005411407__24005491900,weighted_bootstrap,-304.7701088824906
24005411408__24005411410,weighted_bootstrap,-513.8865040065975
24005411409__24005411410,weighted_bootstrap,841.8683952512911
24005420100__24005420301,weighted_bootstrap,-188.3318363711005
24005420100__24005420302,weighted_bootstrap,343.00196979670363
24005420100__24005420303,weighted_bootstrap,-133.97630645024765
24005420100__24005420600,weighted_bootstrap,-295.84982253482303
24005420100__24005420701,weighted_bootstrap,-278.480119260792
24005420100__24005452400,weighted_bootstrap,-248.22215598342154
24005420200__24005420303,weighted_bootstrap,109.5528162104165
24005420200__24005420401,weighted_bootstrap,876.7012196694195
24005420200__24005420402,weighted_bootstrap,119.40417390874427
24005420200__24005420800,weighted_bootstrap,725.5514459633268
24005420200__24005421101,weighted_bootstrap,-108.49275868923723
24005420200__24005421200,weighted_bootstrap,274.4879223275493
24005420301__24005420302,weighted_bootstrap,385.34553854755177
24005420301__24005452400,weighted_bootstrap,2.958507299739722
24005420301__24005452500,weighted_bootstrap,-160.61380567921515
24005420302__24005420303,weighted_bootstrap,423.1005524869179
24005420303__24005420402,weighted_bootstrap,-454.1280623609964
24005420303__24005420701,weighted_bootstrap,-146.43984609132895
24005420401__24005420402,weighted_bootstrap,392.2911903244385
24005420500__24005420600,weighted_bootstrap,-193.4666369924107
24005420500__24005420701,weighted_bootstrap,162.19907188991056
24005420500__24005420702,weighted_bootstrap,273.26078126302855
24005420500__24005452300,weighted_bootstrap,-236.8812592982831
24005420500__24510260404,weighted_bootstrap,242.44783494923468
24005420500__24510260501,weighted_bootstrap,-339.9187068138672
24005420500__24510260605,weighted_bootstrap,115.53314357782438
24005420600__24005420701,weighted_bootstrap,599.5959517803058
24005420600__24005452300,weighted_bootstrap,-265.0797409126212
24005420600__24005452400,weighted_bootstrap,-251.76623301740983
24005420701__24005420702,weighted_bootstrap,-187.97553410453474
24005420701__24005420800,weighted_bootstrap,490.6248651909809
24005420702__24005420800,weighted_bootstrap,803.7311767050105
24005420702__24510260605,weighted_bootstrap,182.6509272771018
24005420800__24005420900,weighted_bootstrap,505.27388511512254
24005420800__24005421101,weighted_bootstrap,535.6651891080837
24005420800__24510260605,weighted_bootstrap,-145.82140000568688
24005420900__24005421000,weighted_bootstrap,1174.9133206428378
24005420900__24005421101,weighted_bootstrap,-210.0763466971439
24005421000__24005421101,weighted_bootstrap,149.5760531979363
24005421000__24005421102,weighted_bootstrap,210.85368322944396
24005421000__24510260605,weighted_bootstrap,-47.10234740940359
24005421101__24005421102,weighted_bootstrap,299.48155922143997
24005421101__24005421200,weighted_bootstrap,675.0446191214141
24005421102__24005421200,weighted_bootstrap,-164.72365588109824
24005421102__24005421300,weighted_bootstrap,185.97864157220465
24005421200__24005421300,weighted_bootstrap,-124.1269645869761
24005430101__24005430104,weighted_bootstrap,357.49152019451867
24005430101__24005430200,weighted_bootstrap,179.06340435522816
24005430101__24005430300,weighted_bootstrap,-130.35928089496156
24005430101__24510250205,weighted_bootstrap,-397.4441999679275
24005430104__24005980100,weighted_bootstrap,-252.92661245750423
24005430104__24510250205,weighted_bootstrap,-1556.846016790867
24005430200__24005430300,weighted_bootstrap,-1083.4167256756118
24005430200__24005430400,weighted_bootstrap,-106.3113045148475
24005430200__24510250205,weighted_bootstrap,-1646.6598044109523
24005430300__24005430400,weighted_bootstrap,232.0336077955435
24005430300__24005980200,weighted_bootstrap,221.39317549485713
24005430400__24005430600,weighted_bootstrap,-253.87172237596678
24005430400__24005430700,weighted_bootstrap,-355.74791188185554
24005430400__24005430800,weighted_bootstrap,583.4407799732253
24005430400__24005430900,weighted_bootstrap,-585.4726626676711
24005430400__24005980200,weighted_bootstrap,339.0233224468975
24005430400__24510250103,weighted_bootstrap,-2039.1566007124347
24005430400__24510250206,weighted_bootstrap,382.941527166724
24005430600__24005430700,weighted_bootstrap,1555.2747581956428
24005430600__24005980200,weighted_bootstrap,-698.311025651501
24005430600__24027601104,weighted_bootstrap,-183.19640812964644
24005430600__24027601201,weighted_bootstrap,-565.3881132531096
24005430700__24005430800,weighted_bootstrap,330.14017420726304
24005430700__24005492500,weighted_bootstrap,335.567374618533
24005430800__24005430900,weighted_bootstrap,52.192265276709804
24005430800__24005492500,weighted_bootstrap,-547.9379081855586
24005430900__24005492500,weighted_bootstrap,-61.2392636082368
24005430900__24510250103,weighted_bootstrap,-374.12428588383045
24005440100__24005440200,weighted_bootstrap,913.104446523037
24005440100__24005440300,weighted_bootstrap,-110.02895653963787
24005440100__24005492101,weighted_bootstrap,-351.3933794470504
24005440100__24005492102,weighted_bootstrap,174.53922755196072
24005440100__24510270501,weighted_bootstrap,-1147.6312416287146
24005440200__24005440300,weighted_bootstrap,52.022259877761826
24005440200__24005440400,weighted_bootstrap,-1005.026234169527
24005440200__24005440500,weighted_bootstrap,-441.3077525101435
24005440200__24510270501,weighted_bootstrap,290.0448570866138
24005440200__24510270502,weighted_bootstrap,-318.1014170356857
24005440300__24005440600,weighted_bootstrap,192.46625662954466
24005440300__24005440800,weighted_bootstrap,29.24587399365555
24005440400__24005440500,weighted_bootstrap,781.20350359437
24005440400__24005441000,weighted_bootstrap,-403.0953529178332
24005440400__24510260101,weighted_bootstrap,-333.7478560711097
24005440500__24005440800,weighted_bootstrap,-338.80990421114257
24005440500__24005440900,weighted_bootstrap,227.56863845093176
24005440500__24005441000,weighted_bootstrap,-200.01149317858108
24005440600__24005440701,weighted_bootstrap,612.6748573655786
24005440600__24005440702,weighted_bootstrap,-831.1827028723637
24005440600__24005440800,weighted_bootstrap,-1930.25306656272
24005440701__24005440702,weighted_bootstrap,-789.7818997232898
24005440701__24005440800,weighted_bootstrap,-924.6708315105934
24005440701__24005440900,weighted_bootstrap,1597.195123032725
24005440701__24005451200,weighted_bootstrap,-372.4358735245696
24005440702__24005451200,weighted_bootstrap,125.42124748412516
24005440702__24005451701,weighted_bootstrap,982.2811418146266
24005440900__24005441101,weighted_bootstrap,-34.33377519921487
24005440900__24005450100,weighted_bootstrap,-249.8003817655117
24005440900__24005451200,weighted_bootstrap,-141.4485337251026
24005441000__24005441101,weighted_bootstrap,160.92782936854383
24005441000__24005441102,weighted_bootstrap,42.35228572032793
24005441101__24005441102,weighted_bootstrap,-1303.3840864540616
24005441101__24005450100,weighted_bootstrap,-403.62741212299443
24005441102__24005450100,weighted_bootstrap,-349.0548036413966
24005441102__24510260403,weighted_bootstrap,684.5475284076456
24005450100__24005450200,weighted_bootstrap,-999.3786110023793
24005450100__24005451200,weighted_bootstrap,504.4662432196201
24005450100__24005452300,weighted_bootstrap,-1000.2439464621348
24005450100__24510260404,weighted_bootstrap,-3.7211286770834704
24005450200__24005450300,weighted_bootstrap,299.12891250858956
24005450200__24005450400,weighted_bootstrap,66.36445824251132
24005450200__24005451200,weighted_bootstrap,-219.10038767125116
24005450200__24005452300,weighted_bootstrap,360.6838423216959
24005450200__24005492300,weighted_bootstrap,-161.5425703733672
24005450300__24005450400,weighted_bootstrap,372.78082046024065
24005450300__24005450501,weighted_bootstrap,370.9032744886499
24005450300__24005492300,weighted_bootstrap,1052.3985003277667
24005450400__24005450501,weighted_bootstrap,-449.14783435682693
24005450400__24005452400,weighted_bootstrap,51.135363509554736
24005450501__24005450503,weighted_bootstrap,894.1617057722797
24005450501__24005450504,weighted_bootstrap,313.54855513503026
24005450501__24005450800,weighted_bootstrap,-792.9589749034421
24005450504__24005450800,weighted_bootstrap,33.07518829791297
24005450504__24005450900,weighted_bootstrap,-474.75844792853695
24005450504__24005451100,weighted_bootstrap,-644.8857694010994
24005450800__24005450900,weighted_bootstrap,-156.97490308431406
24005450800__24005451500,weighted_bootstrap,26.33186137992743
24005450800__24005492300,weighted_bootstrap,-155.70805777703208
24005450900__24005451000,weighted_bootstrap,913.2244355068706
24005450900__24005451100,weighted_bootstrap,-222.53050205946874
24005451000__24005451100,weighted_bootstrap,-274.03801977912144
24005451200__24005451300,weighted_bootstrap,-1546.6892007303977
24005451200__24005451402,weighted_bootstrap,-104.47910944753858
24005451200__24005451600,weighted_bootstrap,0.0
24005451200__24005451701,weighted_bootstrap,-683.5557219819966
24005451200__24005492300,weighted_bootstrap,-670.535359344809
24005451300__24005451402,weighted_bootstrap,-372.37087468328536
24005451300__24005451701,weighted_bootstrap,-649.34281617528
24005451402__24005451600,weighted_bootstrap,-795.7134146768367
24005451402__24005451701,weighted_bootstrap,542.3962807015378
24005451500__24005451600,weighted_bootstrap,880.7259707474404
24005451500__24005492300,weighted_bootstrap,747.5171514634203
24005451600__24005451802,weighted_bootstrap,201.2205438103665
24005451600__24005492300,weighted_bootstrap,-473.3908221887759
24005451701__24005451702,weighted_bootstrap,-422.0600284039465
24005451701__24005451801,weighted_bootstrap,-646.0208426839217
24005451701__24005451802,weighted_bootstrap,148.31174304533943
24005451702__24005451801,weighted_bootstrap,-200.1752247284312
24005451802__24005451803,weighted_bootstrap,224.34270476808524
24005451900__24005452000,weighted_bootstrap,-35.711716948755566
24005452000__24005452100,weighted_bootstrap,624.6298309742269
24005452000__24005452400,weighted_bootstrap,99.68282429328065
24005452000__24005980000,weighted_bootstrap,-208.7758080392232
24005452100__24005980000,weighted_bootstrap,-445.1553486987923
24005452300__24005452400,weighted_bootstrap,679.9449686894659
24005452300__24510260404,weighted_bootstrap,278.95715813684
24005452400__24005452500,weighted_bootstrap,576.3822098985584
24005452400__24005980000,weighted_bootstrap,-480.40813466313375
24005490100__24005490200,weighted_bootstrap,-13.781878793924989
24005490100__24005490302,weighted_bootstrap,841.0861219032086
24005490100__24005491701,weighted_bootstrap,-2079.8486575775896
24005490100__24005492600,weighted_bootstrap,341.94630173848236
24005490200__24005490301,weighted_bootstrap,100.61439443728887
24005490301__24005490302,weighted_bootstrap,69.89685009468303
24005490301__24005490500,weighted_bootstrap,27.252173318862333
24005490301__24005490701,weighted_bootstrap,919.45834639854
24005490301__24005490703,weighted_bootstrap,-1203.330757202435
24005490301__24005490900,weighted_bootstrap,-1153.4329440140718
24005490302__24005490900,weighted_bootstrap,-307.23042751731555
24005490302__24005491201,weighted_bootstrap,1092.8035805617037
24005490400__24005490500,weighted_bootstrap,-201.07120350440528
24005490500__24005490603,weighted_bootstrap,-685.6964660363446
24005490500__24005490605,weighted_bootstrap,-953.5648384063352
24005490500__24005490701,weighted_bootstrap,1296.8316016757344
24005490500__24510271200,weighted_bootstrap,-153.6795929132786
24005490500__24510271300,weighted_bootstrap,540.2990542485786
24005490500__24510271501,weighted_bootstrap,-41.39765797166547
24005490601__24005490602,weighted_bootstrap,859.4156554782712
24005490601__24005490603,weighted_bootstrap,-24.76835041655977
24005490601__24005491100,weighted_bootstrap,140.2012743535197
24005490601__24510271200,weighted_bootstrap,198.99377707620806
24005490602__24005490603,weighted_bootstrap,75.90175935757725
24005490602__24005490605,weighted_bootstrap,34.53856903791166
24005490602__24005491000,weighted_bootstrap,292.5295109066956
24005490602__24005491100,weighted_bootstrap,582.0754650166887
24005490603__24005490605,weighted_bootstrap,365.26480318063113
24005490603__24510271200,weighted_bootstrap,177.94840412381382
24005490605__24005490701,weighted_bootstrap,540.0329403577671
24005490605__24005490703,weighted_bootstrap,213.8952794249999
24005490605__24005490800,weighted_bootstrap,540.8460138156988
24005490701__24005490703,weighted_bootstrap,-435.48288777589914
24005490703__24005490900,weighted_bootstrap,-665.1081461669819
24005490800__24005490900,weighted_bootstrap,925.6989855552238
24005490800__24005491000,weighted_bootstrap,-278.98714271546487
24005490800__24005491300,weighted_bootstrap,-64.19498346218461
24005490900__24005491201,weighted_bootstrap,356.7641933830637
24005490900__24005491202,weighted_bootstrap,-608.7491702114185
24005490900__24005491300,weighted_bootstrap,-232.79235597246043
24005491000__24005491100,weighted_bootstrap,-1648.5647582435777
24005491000__24005491300,weighted_bootstrap,-32.95055423195299
24005491100__24005491300,weighted_bootstrap,795.8782302229483
24005491100__24510270801,weighted_bootstrap,-1098.4224280939634
24005491100__24510270804,weighted_bootstrap,-1342.629704144263
24005491201__24005491202,weighted_bootstrap,695.800224255443
24005491201__24005491600,weighted_bootstrap,-947.2688543537952
24005491201__24005491701,weighted_bootstrap,-342.0463651828968
24005491202__24005491300,weighted_bootstrap,-79.17522806721536
24005491202__24005491401,weighted_bootstrap,119.1061107491405
24005491202__24005491500,weighted_bootstrap,438.6228777196811
24005491300__24005491401,weighted_bootstrap,-96.99286248441786
24005491300__24510270801,weighted_bootstrap,217.05789150236888
24005491401__24005491402,weighted_bootstrap,-306.5051078319739
24005491401__24005491500,weighted_bootstrap,269.803995543758
24005491401__24005492102,weighted_bootstrap,-115.13378196501435
24005491401__24510270801,weighted_bootstrap,-75.52536952526862
24005491401__24510270803,weighted_bootstrap,-171.13649829430506
24005491402__24005491500,weighted_bootstrap,642.0629194611865
24005491402__24005492001,weighted_bootstrap,-521.5845497791452
24005491402__24005492102,weighted_bootstrap,-364.17049966992636
24005491500__24005491600,weighted_bootstrap,714.1587889470047
24005491500__24005492001,weighted_bootstrap,165.50553698624935
24005491600__24005491701,weighted_bootstrap,-698.4289786732697
24005491600__24005492001,weighted_bootstrap,1980.4641356884604
24005491701__24005491900,weighted_bootstrap,334.5779368854128
24005491701__24005492200,weighted_bootstrap,314.39685837881916
24005491701__24005492600,weighted_bootstrap,-1091.0140103468584
24005491900__24005492001,weighted_bootstrap,577.5241839960854
24005491900__24005492002,weighted_bootstrap,-365.2536562213063
24005491900__24005492101,weighted_bootstrap,11.374820622382686
24005491900__24005492200,weighted_bootstrap,217.8411001469467
24005492001__24005492002,weighted_bootstrap,-58.78180154259462
24005492002__24005492101,weighted_bootstrap,755.6059269996258
24005492002__24005492102,weighted_bootstrap,564.9838807908982
24005492101__24005492102,weighted_bootstrap,-451.9609008983207
24005492102__24510270701,weighted_bootstrap,-139.59284929780551
24005492102__24510270703,weighted_bootstrap,-210.17267094634008
24005492200__24005492600,weighted_bootstrap,67.99634611788497
24005492401__24005492402,weighted_bootstrap,-390.3758205104441
24005980100__24510250205,weighted_bootstrap,-375.289903309138
24009860101__24009860102,weighted_bootstrap,-44.54050163085776
24009860200__24009860300,weighted_bootstrap,-1057.0345956135734
24009860200__24009860600,weighted_bootstrap,-63.74664798263984
24009860200__24033800800,weighted_bootstrap,-114.57813000131227
24009860300__24009860501,weighted_bootstrap,494.0966745751757
24009860300__24009860600,weighted_bootstrap,-105.74216799999704
24009860401__24009860402,weighted_bootstrap,-389.63927882167263
24009860501__24009860502,weighted_bootstrap,276.50344656770176
24009860501__24009860600,weighted_bootstrap,669.2184046124021
24009860501__24009860701,weighted_bootstrap,-105.92453999999998
24009860501__24009860702,weighted_bootstrap,230.51562913507223
24009860600__24009860701,weighted_bootstrap,481.1664997887747
24009860701__24009860702,weighted_bootstrap,-445.05633158974524
24009860701__24009860703,weighted_bootstrap,1102.4079335160168
24009860702__24009860703,weighted_bootstrap,216.8322560000015
24009860703__24009860802,weighted_bootstrap,136.92661200000293
24009860801__24009860802,weighted_bootstrap,116.16650564329757
24009860900__24009861001,weighted_bootstrap,168.89320575436432
24009860900__24009861003,weighted_bootstrap,-891.2065233036701
24009861001__24009861003,weighted_bootstrap,-21.920898015881903
24009861001__24009861004,weighted_bootstrap,109.3300130895077
24009861003__24009861004,weighted_bootstrap,962.5742644025813
24011955000__24011955100,weighted_bootstrap,113.35357089896615
24011955000__24035810200,weighted_bootstrap,74.92421276362711
24011955100__24011955201,weighted_bootstrap,-295.431291281855
24011955100__24011955202,weighted_bootstrap,0.0
24011955100__24011955301,weighted_bootstrap,380.2195449841224
24011955100__24035810500,weighted_bootstrap,-78.10112912246564
24011955201__24011955202,weighted_bootstrap,202.84276330183638
24011955201__24035810500,weighted_bootstrap,183.76999011568387
24011955202__24011955301,weighted_bootstrap,175.6518961355323
24011955202__24011955302,weighted_bootstrap,-438.8691532823814
24011955202__24035810500,weighted_bootstrap,-98.97709269634902
24011955202__24041960100,weighted_bootstrap,250.46630869213004
24011955301__24011955302,weighted_bootstrap,299.4052922000774
24011955301__24011955400,weighted_bootstrap,15.957668056374132
24011955400__24011955500,weighted_bootstrap,36.9924479699348
24011955400__24011955600,weighted_bootstrap,-573.7197437114028
24011955500__24019970200,weighted_bootstrap,90.29987300796711
24011955600__24019970100,weighted_bootstrap,-202.9493726692126
24013501001__24013501002,weighted_bootstrap,-215.0887038915771
24013501001__24013503000,weighted_bootstrap,55.997537174278705
24013501002__24013503000,weighted_bootstrap,46.75430812950992
24013501002__24021767500,weighted_bootstrap,49.33013877927897
24013502000__24013507500,weighted_bootstrap,-497.355155338445
24013502000__24013511000,weighted_bootstrap,-279.87353011094183
24013503000__24013507500,weighted_bootstrap,-173.03726617268876
24013503000__24013507601,weighted_bootstrap,129.61681380583832
24013504100__24013504201,weighted_bootstrap,36.64391411183169
24013504100__24013508200,weighted_bootstrap,-179.12475152459956
24013504201__24013504202,weighted_bootstrap,-818.5399695303095
24013504202__24013507802,weighted_bootstrap,-446.09189677508766
24013505101__24013505102,weighted_bootstrap,124.13202439912493
24013505101__24013505207,weighted_bootstrap,-349.490351892915
24013505102__24013505203,weighted_bootstrap,285.3554036549576
24013505102__24013505205,weighted_bootstrap,-352.9164583142747
24013505102__24013505206,weighted_bootstrap,242.50421130133873
24013505203__24013505205,weighted_bootstrap,541.901598762448
24013505203__24013505206,weighted_bootstrap,105.62233881660359
24013505203__24013505207,weighted_bootstrap,-322.8630458210391
24013505203__24013505208,weighted_bootstrap,213.63553213696287
24013505205__24013505206,weighted_bootstrap,-644.3867814811456
24013505206__24013505208,weighted_bootstrap,193.12675515904994
24013505206__24027603003,weighted_bootstrap,243.13897211661242
24013505207__24013505208,weighted_bootstrap,-151.6287593031193
24013505208__24027603003,weighted_bootstrap,-101.78718009827571
24013506101__24013506102,weighted_bootstrap,300.59613174100014
24013506101__24013506200,weighted_bootstrap,303.06932316078746
24013506102__24013506200,weighted_bootstrap,-144.4437151688544
24013506102__24013507601,weighted_bootstrap,-169.65098981995834
24013506102__24013507602,weighted_bootstrap,-213.59365794706355
24013506102__24013508200,weighted_bootstrap,727.8447405233674
24013507500__24013507601,weighted_bootstrap,-917.304505714972
24013507500__24013507702,weighted_bootstrap,-229.67505945065932
24013507500__24013507704,weighted_bootstrap,888.7901623591824
24013507601__24013507602,weighted_bootstrap,-137.17741327210388
24013507601__24013507702,weighted_bootstrap,-194.67431785338158
24013507601__24013507801,weighted_bootstrap,0.0
24013507602__24013507801,weighted_bootstrap,401.73158870768566
24013507602__24013507802,weighted_bootstrap,-336.45020919867056
24013507602__24013508200,weighted_bootstrap,-418.3020039606863
24013507702__24013507703,weighted_bootstrap,-391.3172120091949
24013507702__24013507704,weighted_bootstrap,-189.33684245169388
24013507702__24013507801,weighted_bootstrap,-300.3612173823385
24013507702__24013507802,weighted_bootstrap,38.63028666639366
24013507702__24013511000,weighted_bootstrap,0.13924041374821172
24013507703__24013507704,weighted_bootstrap,-69.52312689756764
24013507703__24013511000,weighted_bootstrap,58.04043369940109
24013507801__24013507802,weighted_bootstrap,-879.9404141758787
24013508101__24013508102,weighted_bootstrap,-425.7640413050599
24013508101__24013508200,weighted_bootstrap,-537.029768466542
24013508102__24013508200,weighted_bootstrap,-876.876389113062
24013509001__24013509002,weighted_bootstrap,610.2645338868197
24013510000__24021751600,weighted_bootstrap,-36.98112733859989
24013510000__24021767600,weighted_bootstrap,153.27438583970707
24013512000__24021751600,weighted_bootstrap,-197.7913175932381
24013513001__24013513002,weighted_bootstrap,269.73572259825596
24013513001__24021752001,weighted_bootstrap,-286.05491627755873
24013513002__24013514201,weighted_bootstrap,-89.19366019295012
24013513002__24021751903,weighted_bootstrap,-225.73533248422973
24013513002__24021752001,weighted_bootstrap,-303.26129511748513
24013513002__24027604001,weighted_bootstrap,51.78285248074826
24013514100__24013514201,weighted_bootstrap,881.0166671279267
24013514100__24013514202,weighted_bootstrap,36.50058727103533
24013514201__24013514202,weighted_bootstrap,95.68942528228399
24013514201__24027604001,weighted_bootstrap,326.76639059806075
24013514202__24027604002,weighted_bootstrap,172.53823704525166
24015030100__24029950100,weighted_bootstrap,-47.23316861106878
24015030400__24015030503,weighted_bootstrap,42.01506618714848
24015030400__24015030505,weighted_bootstrap,-25.17091557753156
24015030400__24015030506,weighted_bootstrap,241.53754414491414
24015030501__24015030503,weighted_bootstrap,-9.053487279362344
24015030501__24015030601,weighted_bootstrap,-358.4257619779164
24015030503__24015030506,weighted_bootstrap,497.4012050247111
24015030503__24015030601,weighted_bootstrap,230.25843338133745
24015030503__24015030602,weighted_bootstrap,56.80925800910427
24015030503__24015030903,weighted_bootstrap,-200.32453811933374
24015030505__24015030506,weighted_bootstrap,-199.25496271965676
24015030601__24015030602,weighted_bootstrap,42.78735658611731
24015030700__24015030905,weighted_bootstrap,-29.065301693080073
24015030903__24015030906,weighted_bootstrap,202.9009945302605
24015030905__24015030906,weighted_bootstrap,-175.68592072902538
24015030906__24015031202,weighted_bootstrap,682.6536392793714
24015031201__24015031202,weighted_bootstrap,309.06896986902575
24015031201__24015031301,weighted_bootstrap,-98.72699970123904
24015031301__24015031302,weighted_bootstrap,298.95981329518145
24017850101__24017850102,weighted_bootstrap,-607.9487105856679
24017850101__24033801302,weighted_bootstrap,256.83514597857356
24017850102__24017850202,weighted_bootstrap,-164.6604920000009
24017850102__24017850300,weighted_bootstrap,-190.1887119999992
24017850102__24017850600,weighted_bootstrap,1000.8851797207244
24017850102__24033801310,weighted_bootstrap,-611.182887275183
24017850202__24017850300,weighted_bootstrap,-581.6856040000002
24017850300__24017850400,weighted_bootstrap,-77.47158766770735
24017850300__24017850500,weighted_bootstrap,98.09642800000006
24017850300__24017850600,weighted_bootstrap,-24.29335966770759
24017850400__24017850500,weighted_bootstrap,-208.63625802590605
24017850500__24017850600,weighted_bootstrap,125.57348230354364
24017850600__24017850712,weighted_bootstrap,-68.91091858566506
24017850600__24017850713,weighted_bootstrap,212.77517672481554
24017850600__24017851001,weighted_bootstrap,160.8310161588579
24017850600__24017851002,weighted_bootstrap,-489.01597543404205
24017850600__24017851500,weighted_bootstrap,-116.34158000000025
24017850706__24017850708,weighted_bootstrap,709.4484379300266
24017850706__24017850709,weighted_bootstrap,0.5879332186523243
24017850706__24017850711,weighted_bootstrap,-629.6417566848322
24017850706__24017850901,weighted_bootstrap,-436.5653994500026
24017850708__24017850709,weighted_bootstrap,-398.037726828672
24017850708__24033801310,weighted_bootstrap,850.3593490575076
24017850709__24017850801,weighted_bootstrap,-220.81762800000433
24017850709__24017850802,weighted_bootstrap,-1318.6357616364985
24017850709__24033801003,weighted_bootstrap,-1410.7124521586811
24017850711__24017850901,weighted_bootstrap,-48.346424768984434
24017850711__24017851500,weighted_bootstrap,904.2258914500017
24017850712__24017850713,weighted_bootstrap,323.4274363925251
24017850713__24017851500,weighted_bootstrap,307.33835343764076
24017850801__24017850802,weighted_bootstrap,636.8315800255477
24017850801__24033801003,weighted_bootstrap,-126.18889201099228
24017850802__24017850901,weighted_bootstrap,-171.2377998773918
24017850802__24017850904,weighted_bootstrap,710.173320724818
24017850802__24017850905,weighted_bootstrap,577.2094999889923
24017850802__24017851400,weighted_bootstrap,-724.9720656222853
24017850901__24017850902,weighted_bootstrap,-595.5317851164218
24017850901__24017850905,weighted_bootstrap,664.7440599889942
24017850901__24017850906,weighted_bootstrap,-234.16159598899685
24017850901__24017851500,weighted_bootstrap,459.9260352310157
24017850902__24017850904,weighted_bootstrap,-1203.6205608876407
24017850902__24017850906,weighted_bootstrap,-24.507891275185102
24017850902__24017851002,weighted_bootstrap,-107.72705378507999
24017850902__24017851500,weighted_bootstrap,285.23564795582934
24017850904__24017850905,weighted_bootstrap,-38.876140000000305
24017850904__24017850906,weighted_bootstrap,-146.4062573934716
24017850904__24017851302,weighted_bootstrap,-684.567598875281
24017851001__24017851002,weighted_bootstrap,68.79290056641912
24017851002__24017851100,weighted_bootstrap,184.29531466268872
24017851002__24017851500,weighted_bootstrap,-516.9411848716773
24017851100__24017851200,weighted_bootstrap,-158.70366469846977
24017851301__24017851302,weighted_bootstrap,-427.64198607915023
24017851301__24037875202,weighted_bootstrap,-252.77430234710164
24017851302__24017851400,weighted_bootstrap,-377.211847045568
24017851302__24037875100,weighted_bootstrap,-228.72961200000282
24017851400__24033800900,weighted_bootstrap,-417.26853547218707
24017851400__24037875100,weighted_bootstrap,561.4471707580087
24019970100__24019970200,weighted_bootstrap,-742.596993067491
24019970100__24019970900,weighted_bootstrap,150.70999406680312
24019970100__24045010701,weighted_bootstrap,169.01553082228565
24019970200__24019970300,weighted_bootstrap,-34.961820022017946
24019970300__24019970702,weighted_bootstrap,-19.654743406686066
24019970300__24019970900,weighted_bootstrap,-135.02321974714823
24019970400__24019970500,weighted_bootstrap,-384.03182031389224
24019970400__24019970600,weighted_bootstrap,-693.2827498406587
24019970400__24019970702,weighted_bootstrap,-360.52833620351157
24019970500__24019970600,weighted_bootstrap,821.9569024611483
24019970500__24019970702,weighted_bootstrap,-662.8764792773927
24019970600__24019970702,weighted_bootstrap,-438.4814721886287
24019970702__24019970900,weighted_bootstrap,49.705946678486725
24021740200__24021750802,weighted_bootstrap,684.3792256707275
24021740200__24021751302,weighted_bootstrap,-18.063794297913773
24021740200__24021751701,weighted_bootstrap,-51.051131044445356
24021740200__24021767600,weighted_bootstrap,-49.36997429427083
24021740200__24021773500,weighted_bootstrap,681.7949429924265
24021750100__24021750200,weighted_bootstrap,-352.87872379568216
24021750100__24021750600,weighted_bootstrap,-112.2205330104116
24021750100__24021750801,weighted_bootstrap,-154.5009361436969
24021750100__24021750803,weighted_bootstrap,332.22294202345074
24021750200__24021750300,weighted_bootstrap,410.2406321372546
24021750200__24021750600,weighted_bootstrap,-405.2253687358607
24021750200__24021750803,weighted_bootstrap,-81.39076510768064
24021750200__24021772200,weighted_bootstrap,519.7101386875256
24021750300__24021750600,weighted_bootstrap,-405.45551434940353
24021750300__24021765100,weighted_bootstrap,-212.24478808371168
24021750300__24021772200,weighted_bootstrap,684.9351141573134
24021750503__24021750504,weighted_bootstrap,379.195359622081
24021750503__24021750505,weighted_bootstrap,145.5590397480555
24021750503__24021750506,weighted_bootstrap,647.2081349735054
24021750503__24021751203,weighted_bootstrap,738.5821654338743
24021750504__24021750505,weighted_bootstrap,18.85690639026143
24021750504__24021750600,weighted_bootstrap,-240.46321900584735
24021750504__24021750702,weighted_bootstrap,-808.6461475841425
24021750504__24021751201,weighted_bootstrap,-220.08716945134074
24021750504__24021751203,weighted_bootstrap,-105.52685570310496
24021750505__24021750506,weighted_bootstrap,451.72858641032144
24021750505__24021765100,weighted_bootstrap,654.1057640514045
24021750506__24021751004,weighted_bootstrap,-223.2104956721596
24021750506__24021751203,weighted_bootstrap,-422.6440135799239
24021750506__24021752602,weighted_bootstrap,-393.21989536052934
24021750506__24021752603,weighted_bootstrap,-87.72103501674428
24021750506__24021765100,weighted_bootstrap,-141.9389771695387
24021750600__24021750702,weighted_bootstrap,247.54213122731016
24021750600__24021750801,weighted_bootstrap,332.6336605594588
24021750600__24021765100,weighted_bootstrap,-636.7321712522753
24021750701__24021750702,weighted_bootstrap,78.31113726053445
24021750701__24021750801,weighted_bootstrap,-341.93468342651613
24021750701__24021750802,weighted_bootstrap,185.41916636715177
24021750701__24021751201,weighted_bootstrap,-263.3302849347674
24021750701__24021751301,weighted_bootstrap,96.09568128542014
24021750702__24021750801,weighted_bootstrap,99.50503411269165
24021750702__24021751201,weighted_bootstrap,325.00351323223003
24021750801__24021750802,weighted_bootstrap,39.85550975786464
24021750801__24021750803,weighted_bootstrap,-13.21047650440596
24021750802__24021750803,weighted_bootstrap,1083.0173261775271
24021750802__24021751301,weighted_bootstrap,110.3755685038268
24021750803__24021751701,weighted_bootstrap,-1035.4133825283789
24021750803__24021772200,weighted_bootstrap,-111.14237172203866
24021751001__24021751002,weighted_bootstrap,-741.3821183703867
24021751001__24021751004,weighted_bootstrap,187.52086434377998
24021751002__24021751003,weighted_bootstrap,1079.6257545859844
24021751002__24021751004,weighted_bootstrap,-167.1637062276859
24021751002__24021752301,weighted_bootstrap,229.01140165679317
24021751003__24021751004,weighted_bootstrap,273.618699920924
24021751003__24021751904,weighted_bootstrap,-933.2852872439253
24021751003__24021752301,weighted_bootstrap,403.5242833040229
24021751003__24021765100,weighted_bootstrap,-1665.729979341384
24021751003__24021772200,weighted_bootstrap,-682.5783043795673
24021751004__24021752303,weighted_bootstrap,836.0673190527596
24021751004__24021752501,weighted_bootstrap,-23.43131898043066
24021751004__24021752602,weighted_bootstrap,-59.257832368155505
24021751004__24021765100,weighted_bootstrap,160.50512432942924
24021751201__24021751202,weighted_bootstrap,-536.786288664538
24021751201__24021751203,weighted_bootstrap,15.187151118619113
24021751202__24021751203,weighted_bootstrap,-706.8567905070049
24021751203__24021752603,weighted_bootstrap,970.3094762945584
24021751301__24021751302,weighted_bootstrap,13.557693964938153
24021751302__24021752900,weighted_bootstrap,-113.17158495665603
24021751302__24021753001,weighted_bootstrap,-553.7810080109284
24021751600__24021767600,weighted_bootstrap,323.66950085744975
24021751701__24021773500,weighted_bootstrap,-1014.0229534177215
24021751801__24021751802,weighted_bootstrap,-18.44501998628766
24021751801__24021751901,weighted_bootstrap,-19.36389087892894
24021751801__24021751903,weighted_bootstrap,145.9752567654723
24021751802__24021751903,weighted_bootstrap,-111.03941615896929
24021751802__24021752001,weighted_bootstrap,-1052.8058733656799
24021751901__24021751902,weighted_bootstrap,30.85244714524015
24021751901__24021751903,weighted_bootstrap,-245.54489993862808
24021751901__24021751904,weighted_bootstrap,-87.66313506861843
24021751901__24021775600,weighted_bootstrap,338.1196960622474
24021751902__24021751904,weighted_bootstrap,301.5264446797228
24021751902__24021772200,weighted_bootstrap,653.8193590882729
24021751902__24021775600,weighted_bootstrap,530.4899853679526
24021751903__24021751904,weighted_bootstrap,-644.171860566059
24021751903__24021752001,weighted_bootstrap,344.42958250099764
24021751903__24021752102,weighted_bootstrap,598.9821157435435
24021751903__24027604001,weighted_bootstrap,14.554695785973308
24021751903__24031700204,weighted_bootstrap,-41.658722232585205
24021751904__24021772200,weighted_bootstrap,-78.92591581741635
24021752101__24021752102,weighted_bootstrap,-606.47744516479
24021752102__24021752201,weighted_bootstrap,176.35402706812602
24021752102__24021752204,weighted_bootstrap,-1189.1947162630604
24021752102__24031700204,weighted_bootstrap,-253.8482768366539
24021752102__24031700312,weighted_bootstrap,-219.59287099487847
24021752201__24021752204,weighted_bootstrap,-53.83115615531278
24021752201__24031700400,weighted_bootstrap,-864.8717367172794
24021752202__24021752204,weighted_bootstrap,2043.6781301838455
24021752301__24021752302,weighted_bootstrap,-264.9804461119784
24021752301__24021752303,weighted_bootstrap,185.71664098827523
24021752302__24021752303,weighted_bootstrap,-598.7990336050934
24021752303__24021752501,weighted_bootstrap,-28.79059983316256
24021752303__24021752502,weighted_bootstrap,-407.9395347210084
24021752303__51107610300,weighted_bootstrap,329.82325209580085
24021752501__24021752502,weighted_bootstrap,-156.64233524154406
24021752502__51107610300,weighted_bootstrap,-1.8902917003397306
24021752601__24021752602,weighted_bootstrap,408.76169386943684
24021752601__24021752603,weighted_bootstrap,336.1364551178267
24021752601__24021770700,weighted_bootstrap,60.230759432250125
24021752602__24021752603,weighted_bootstrap,-335.8639000939256
24021752801__24021752900,weighted_bootstrap,324.87506092311014
24021752801__24043011301,weighted_bootstrap,154.68919207787349
24021752802__24021770700,weighted_bootstrap,121.58104641415412
24021752802__24043011302,weighted_bootstrap,811.3293428098259
24021752900__24021753001,weighted_bootstrap,-32.23044139429112
24021752900__24021753002,weighted_bootstrap,-5.861635999999635
24021752900__24021766800,weighted_bootstrap,-154.64287434487193
24021752900__24043010100,weighted_bootstrap,156.15222209863919
24021752900__24043011301,weighted_bootstrap,-439.83578490686205
24021753001__24021753002,weighted_bootstrap,-107.23416925098718
24021753001__24021767500,weighted_bootstrap,133.2257921350656
24021765100__24021772200,weighted_bootstrap,1.0564230071249767
24021766800__24021767500,weighted_bootstrap,-850.7000701538846
24021767500__24021767600,weighted_bootstrap,-307.7622638081016
24021772200__24021775600,weighted_bootstrap,782.112274665953
24021775302__24021775400,weighted_bootstrap,331.28419863539966
24021775302__51107610101,weighted_bootstrap,45.61902901956546
24021775302__51107610102,weighted_bootstrap,-113.00290399139158
24021775400__51107610102,weighted_bootstrap,-98.56239435287489
24023000100__24023000200,weighted_bootstrap,25.676699884616028
24023000100__24023000500,weighted_bootstrap,468.6003824747586
24023000100__24023000600,weighted_bootstrap,0.0
24023000200__24023000300,weighted_bootstrap,123.97912125027779
24023000300__24023000400,weighted_bootstrap,-199.08009502178402
24023000300__24023000500,weighted_bootstrap,-75.81548778952492
24023000400__24023000500,weighted_bootstrap,-177.09423183075296
24023000500__24023000600,weighted_bootstrap,270.48254237229776
24023000600__24023000700,weighted_bootstrap,61.460334570045234
24025301102__24025301106,weighted_bootstrap,344.7034336516608
24025301102__24025301108,weighted_bootstrap,1560.5916911543245
24025301102__24025301702,weighted_bootstrap,-1218.5652071165823
24025301102__24025301703,weighted_bootstrap,204.24301551374356
24025301102__24025301704,weighted_bootstrap,664.003299413147
24025301102__24025302200,weighted_bootstrap,92.5540397706227
24025301102__24025302400,weighted_bootstrap,-228.99137156575762
24025301102__24025303606,weighted_bootstrap,-300.17045482520007
24025301102__24025303700,weighted_bootstrap,1359.0438206064973
24025301106__24025301108,weighted_bootstrap,1122.662628948252
24025301106__24025301202,weighted_bootstrap,-1023.2685051609333
24025301106__24025303501,weighted_bootstrap,379.1300023825788
24025301106__24025303602,weighted_bootstrap,-232.8379559307832
24025301107__24025301204,weighted_bootstrap,148.65680834381783
24025301107__24025301205,weighted_bootstrap,1270.1241413210955
24025301107__24025301703,weighted_bootstrap,898.2931363897369
24025301108__24025301703,weighted_bootstrap,-173.78730126877963
24025301201__24025301204,weighted_bootstrap,-151.8849434653821
24025301201__24025301301,weighted_bootstrap,185.19709859888462
24025301202__24025301204,weighted_bootstrap,-204.9272355238627
24025301202__24025301205,weighted_bootstrap,174.44201101586805
24025301202__24025303501,weighted_bootstrap,-398.9799407652463
24025301204__24025301205,weighted_bootstrap,774.9515475538792
24025301204__24025301301,weighted_bootstrap,-89.06749999176827
24025301301__24025301302,weighted_bootstrap,963.6123136849565
24025301301__24025301401,weighted_bootstrap,-2086.277160509173
24025301301__24025301402,weighted_bootstrap,446.01386242002127
24025301301__24025301703,weighted_bootstrap,-187.34432628473587
24025301302__24025301601,weighted_bootstrap,668.4499246429423
24025301302__24025301602,weighted_bootstrap,104.98563684306646
24025301302__24025301702,weighted_bootstrap,58.855068726141326
24025301401__24025301402,weighted_bootstrap,183.64141454942
24025301402__24025301601,weighted_bootstrap,730.5687534192148
24025301402__24025306500,weighted_bootstrap,417.5174955952343
24025301601__24025301602,weighted_bootstrap,898.6327048623862
24025301601__24025306500,weighted_bootstrap,229.2407767654081
24025301602__24025301702,weighted_bootstrap,590.6744258354483
24025301602__24025306500,weighted_bootstrap,595.0920047405125
24025301702__24025301703,weighted_bootstrap,287.9733022513974
24025301702__24025301704,weighted_bootstrap,498.09747587716265
24025301702__24025302400,weighted_bootstrap,312.48639641935733
24025301703__24025301704,weighted_bootstrap,-1270.67113222622
24025302100__24025302200,weighted_bootstrap,-264.6464809164536
24025302100__24025306400,weighted_bootstrap,-193.91585829037558
24025302200__24025302400,weighted_bootstrap,125.7979683440758
24025302200__24025302801,weighted_bootstrap,-520.6881997600867
24025302200__24025302802,weighted_bootstrap,647.7802221033498
24025302200__24025303700,weighted_bootstrap,-258.8170913887152
24025302200__24025306400,weighted_bootstrap,-38.056025446251624
24025302400__24025302902,weighted_bootstrap,-644.6537024126555
24025302400__24025306500,weighted_bootstrap,-459.5791733589922
24025302801__24025302802,weighted_bootstrap,341.1036074938893
24025302801__24025302901,weighted_bootstrap,211.06452152663496
24025302801__24025306300,weighted_bootstrap,-149.32629368585913
24025302802__24025302901,weighted_bootstrap,-358.9586488039131
24025302802__24025302902,weighted_bootstrap,1197.684179050666
24025302901__24025302902,weighted_bootstrap,-21.996055770598105
24025302901__24025306300,weighted_bootstrap,700.9095413195209
24025302902__24025306500,weighted_bootstrap,727.0586359013323
24025303101__24025303102,weighted_bootstrap,575.6040035608239
24025303101__24025303201,weighted_bootstrap,-256.1632018742057
24025303101__24025303603,weighted_bootstrap,-974.9997783895014
24025303101__24025303700,weighted_bootstrap,-577.6420154560656
24025303101__24025305100,weighted_bootstrap,-91.96904592028113
24025303101__24025305200,weighted_bootstrap,256.40087608042813
24025303102__24025303700,weighted_bootstrap,-1079.1695009618343
24025303201__24025303203,weighted_bootstrap,-887.7985112783645
24025303201__24025303204,weighted_bootstrap,230.83461301759962
24025303201__24025303603,weighted_bootstrap,208.40873572439887
24025303201__24025304101,weighted_bootstrap,79.80087593236567
24025303201__24025304202,weighted_bootstrap,-78.31435374701323
24025303201__24025305100,weighted_bootstrap,-96.04348813717115
24025303203__24025303204,weighted_bootstrap,30.98514670581062
24025303203__24025303206,weighted_bootstrap,-235.48121395911585
24025303203__24025303603,weighted_bootstrap,101.03922439182679
24025303203__24025303802,weighted_bootstrap,-218.575837023865
24025303204__24025303206,weighted_bootstrap,166.85794324873495
24025303206__24025303502,weighted_bootstrap,512.0423791990761
24025303206__24025303802,weighted_bootstrap,256.9189833839482
24025303300__24025303400,weighted_bootstrap,-528.959703479115
24025303300__24025303502,weighted_bootstrap,-255.16540078764592
24025303300__24025304201,weighted_bootstrap,30.691115292995164
24025303300__24025304202,weighted_bootstrap,132.75582158325824
24025303501__24025303502,weighted_bootstrap,-847.936241267762
24025303501__24025303602,weighted_bootstrap,-960.5578998742676
24025303501__24025303801,weighted_bootstrap,-1719.6807507634076
24025303501__24025303900,weighted_bootstrap,1163.6553953123748
24025303502__24025303801,weighted_bootstrap,829.4399251858122
24025303602__24025303900,weighted_bootstrap,-296.7095608143827
24025303603__24025303605,weighted_bootstrap,71.98793689270678
24025303603__24025303802,weighted_bootstrap,-237.5634147317869
24025303603__24025303803,weighted_bootstrap,495.4975322049795
24025303605__24025303700,weighted_bootstrap,-724.1889669254033
24025303605__24025303900,weighted_bootstrap,1456.0763440677438
24025303606__24025303700,weighted_bootstrap,-404.839275972563
24025303801__24025303802,weighted_bootstrap,406.0164087848716
24025303801__24025303803,weighted_bootstrap,-847.7942806703177
24025303801__24025303900,weighted_bootstrap,-184.85772557884775
24025303802__24025303803,weighted_bootstrap,904.6964987678803
24025303803__24025303900,weighted_bootstrap,1264.4020241201215
24025304101__24025304102,weighted_bootstrap,517.3418687522499
24025304101__24025304201,weighted_bootstrap,-160.85068180901362
24025304101__24025304202,weighted_bootstrap,-1002.5931153986348
24025304101__24025305100,weighted_bootstrap,-106.55096804230834
24025304102__24025304201,weighted_bootstrap,-11.043401662893302
24025304102__24025305100,weighted_bootstrap,-29.452457770410092
24025304201__24025304202,weighted_bootstrap,194.0522617513816
24025305100__24025305200,weighted_bootstrap,-82.66131037409195
24025305200__24025305300,weighted_bootstrap,-244.82393519695324
24025306100__24025306200,weighted_bootstrap,559.1431706032363
24025306100__24025306400,weighted_bootstrap,-177.22494456293862
24027601103__24027601104,weighted_bootstrap,-851.2963631118328
24027601103__24027601108,weighted_bootstrap,79.71700479831634
24027601103__24027601203,weighted_bootstrap,-585.5972211428252
24027601103__24027601204,weighted_bootstrap,-1567.3552668412158
24027601104__24027601105,weighted_bootstrap,-29.589221765618277
24027601104__24027601108,weighted_bootstrap,-31.090784578256716
24027601104__24027601201,weighted_bootstrap,-942.1621273588389
24027601104__24027602700,weighted_bootstrap,569.1781944115573
24027601105__24027601108,weighted_bootstrap,-52.107366720450955
24027601105__24027602302,weighted_bootstrap,1489.780649819044
24027601105__24027602700,weighted_bootstrap,-488.89067113751844
24027601105__24027606606,weighted_bootstrap,379.05615713897714
24027601105__24027606607,weighted_bootstrap,12.100690582178686
24027601107__24027601108,weighted_bootstrap,230.24273349985015
24027601107__24027601203,weighted_bootstrap,492.03776664180987
24027601107__24027606706,weighted_bootstrap,835.9146968049172
24027601108__24027601203,weighted_bootstrap,713.996946183528
24027601108__24027606706,weighted_bootstrap,961.6919751238238
24027601201__24027601204,weighted_bootstrap,-1481.9575583640471
24027601203__24027601204,weighted_bootstrap,-124.06759635882918
24027601203__24027606901,weighted_bootstrap,-666.7012536645343
24027602100__24027602201,weighted_bootstrap,-520.5855456123809
24027602100__24027602202,weighted_bootstrap,996.259234835743
24027602100__24027602600,weighted_bootstrap,-167.91891801374004
24027602201__24027602202,weighted_bootstrap,728.4539955470173
24027602201__24027602303,weighted_bootstrap,803.6659367974644
24027602202__24027602304,weighted_bootstrap,42.34725066878491
24027602202__24027602305,weighted_bootstrap,-67.44546158819139
24027602202__24027602306,weighted_bootstrap,608.386448650017
24027602202__24027602600,weighted_bootstrap,505.5924772331491
24027602302__24027602306,weighted_bootstrap,473.4951640557556
24027602302__24027602700,weighted_bootstrap,592.6713717747916
24027602302__24027602800,weighted_bootstrap,310.52748245634575
24027602302__24027606601,weighted_bootstrap,259.30447251928126
24027602302__24027606607,weighted_bootstrap,938.5444225012398
24027602303__24027602304,weighted_bootstrap,-1227.3882214779514
24027602303__24027605503,weighted_bootstrap,576.1178288800329
24027602304__24027602305,weighted_bootstrap,196.18951291447593
24027602304__24027602306,weighted_bootstrap,-402.1929830593326
24027602304__24027605401,weighted_bootstrap,35.35813198367396
24027602305__24027602306,weighted_bootstrap,1320.4196112062345
24027602306__24027602800,weighted_bootstrap,-933.747368402619
24027602306__24027605401,weighted_bootstrap,525.821318736751
24027602600__24027602800,weighted_bootstrap,-236.7795858896443
24027602600__24027602900,weighted_bootstrap,-1350.8314518123225
24027602700__24027602800,weighted_bootstrap,-1484.5275854054344
24027602800__24027602900,weighted_bootstrap,-110.3088669127028
24027603001__24027603003,weighted_bootstrap,253.43211784918458
24027603001__24027603004,weighted_bootstrap,479.7150506531907
24027603003__24027603004,weighted_bootstrap,146.2213982269459
24027603003__24027605104,weighted_bootstrap,-230.13177534864735
24027603004__24027605104,weighted_bootstrap,-429.215551209003
24027603004__24027605502,weighted_bootstrap,-15.605778994840875
24027604001__24027604002,weighted_bootstrap,-203.8146195090667
24027604001__24031700103,weighted_bootstrap,201.67322168354758
24027604001__24031700204,weighted_bootstrap,-38.975178848593714
24027604002__24031700103,weighted_bootstrap,7.337886711191459
24027604002__24031701317,weighted_bootstrap,255.58758603925253
24027605102__24027605103,weighted_bootstrap,-468.98331695466914
24027605102__24027605504,weighted_bootstrap,1402.6227319516038
24027605102__24027605602,weighted_bootstrap,565.0698582439218
24027605102__24027606803,weighted_bootstrap,473.4669287207362
24027605102__24027606805,weighted_bootstrap,335.3038198305876
24027605102__24027606806,weighted_bootstrap,810.545589805617
24027605102__24031701316,weighted_bootstrap,-354.61500191602045
24027605102__24031701408,weighted_bootstrap,590.8418663609846
24027605103__24027605104,weighted_bootstrap,-12.960375532657054
24027605103__24027605504,weighted_bootstrap,-144.47945160493146
24027605103__24031701316,weighted_bootstrap,1202.9113880269542
24027605103__24031701317,weighted_bootstrap,-752.4203030178523
24027605104__24027605502,weighted_bootstrap,99.38536162678429
24027605104__24027605505,weighted_bootstrap,38.14666098437374
24027605401__24027605402,weighted_bootstrap,-35.296812496802886
24027605401__24027605503,weighted_bootstrap,31.97568689988293
24027605401__24027606601,weighted_bootstrap,236.5548502252932
24027605402__24027605503,weighted_bootstrap,-528.2947407241663
24027605402__24027605602,weighted_bootstrap,1002.440657763349
24027605402__24027606603,weighted_bootstrap,-52.14483625165303
24027605502__24027605503,weighted_bootstrap,717.0384238953884
24027605502__24027605601,weighted_bootstrap,347.5900506185026
24027605503__24027605602,weighted_bootstrap,891.265256556424
24027605504__24027605505,weighted_bootstrap,-1103.2121019801125
24027605505__24027605601,weighted_bootstrap,-1102.2766596564506
24027605505__24027605602,weighted_bootstrap,-682.9368285555975
24027605601__24027605602,weighted_bootstrap,-149.07883147930988
24027605602__24027606603,weighted_bootstrap,-79.9711596302077
24027605602__24027606701,weighted_bootstrap,579.9309874324244
24027606601__24027606603,weighted_bootstrap,-1316.1839088345441
24027606601__24027606604,weighted_bootstrap,1048.1359736669874
24027606601__24027606606,weighted_bootstrap,-313.7125922665673
24027606601__24027606607,weighted_bootstrap,664.0688281095354
24027606603__24027606604,weighted_bootstrap,-29.744595059812127
24027606603__24027606701,weighted_bootstrap,-644.4879546918164
24027606603__24027606704,weighted_bootstrap,1125.7527306678676
24027606604__24027606606,weighted_bootstrap,-560.8622493097373
24027606604__24027606706,weighted_bootstrap,-116.19096719332447
24027606604__24027606707,weighted_bootstrap,-725.9766066096054
24027606606__24027606607,weighted_bootstrap,302.69813542009797
24027606606__24027606706,weighted_bootstrap,-1048.0737358021652
24027606701__24027606704,weighted_bootstrap,339.2995895394197
24027606701__24027606707,weighted_bootstrap,268.12037439213964
24027606701__24027606803,weighted_bootstrap,280.08325579954544
24027606704__24027606705,weighted_bootstrap,1115.3943107413434
24027606704__24027606707,weighted_bootstrap,800.6341512104664
24027606705__24027606707,weighted_bootstrap,-706.9586318114889
24027606706__24027606707,weighted_bootstrap,1095.6795516476122
24027606706__24027606901,weighted_bootstrap,175.9854486755812
24027606707__24027606804,weighted_bootstrap,1172.6892186823534
24027606707__24027606901,weighted_bootstrap,564.3066524078022
24027606803__24027606804,weighted_bootstrap,180.55889210690293
24027606804__24027606806,weighted_bootstrap,-583.6704312790644
24027606804__24027606905,weighted_bootstrap,508.15607942315
24027606805__24027606806,weighted_bootstrap,354.77015662544727
24027606805__24027606906,weighted_bootstrap,-346.3729098463373
24027606806__24027606905,weighted_bootstrap,1364.6576067770293
24027606806__24027606907,weighted_bootstrap,1316.8931665800628
24027606901__24027606905,weighted_bootstrap,298.40720527165104
24027606904__24027606905,weighted_bootstrap,-765.4550783348932
24027606904__24027606907,weighted_bootstrap,-158.0924444061675
24027606905__24027606907,weighted_bootstrap,-145.3503821311533
24027606906__24027606907,weighted_bootstrap,332.42661677332944
24027606906__24033800102,weighted_bootstrap,714.9733901216241
24027606906__24033800103,weighted_bootstrap,245.0161817055814
24029950100__24029950200,weighted_bootstrap,-380.8606188442318
24029950100__24035810100,weighted_bootstrap,133.46792519331484
24029950200__24029950300,weighted_bootstrap,-729.4758701492065
24029950200__24029950400,weighted_bootstrap,244.45407796690597
24029950300__24029950400,weighted_bootstrap,1161.3112006204283
24029950300__24035810300,weighted_bootstrap,90.05400763829857
24029950400__24029950500,weighted_bootstrap,342.78266781142975
24031700101__24031700103,weighted_bootstrap,617.5995046357675
24031700101__24031700104,weighted_bootstrap,-656.3548903228184
24031700101__24031700206,weighted_bootstrap,-162.0324446420491
24031700103__24031700104,weighted_bootstrap,162.47715197590333
24031700103__24031700105,weighted_bootstrap,-959.5486235731696
24031700103__24031700208,weighted_bootstrap,51.95388430478488
24031700103__24031700710,weighted_bootstrap,500.51220431529873
24031700103__24031701307,weighted_bootstrap,273.7830844786695
24031700103__24031701317,weighted_bootstrap,82.88453383424712
24031700104__24031700105,weighted_bootstrap,-580.2272703725866
24031700104__24031700715,weighted_bootstrap,524.5212655265568
24031700104__24031700810,weighted_bootstrap,455.35029873393796
24031700104__24031700811,weighted_bootstrap,-240.2841563966922
24031700105__24031700715,weighted_bootstrap,-600.7960192376177
24031700105__24031700716,weighted_bootstrap,-361.94783996923434
24031700204__24031700207,weighted_bootstrap,-228.49353907210389
24031700204__24031700208,weighted_bootstrap,-71.52607547403204
24031700205__24031700207,weighted_bootstrap,-135.40710159641458
24031700205__24031700304,weighted_bootstrap,-349.2235786593519
24031700205__24031700311,weighted_bootstrap,-44.20513439289061
24031700205__24031700835,weighted_bootstrap,434.26188787494175
24031700206__24031700207,weighted_bootstrap,784.7439066555962
24031700206__24031700208,weighted_bootstrap,-542.6011764435516
24031700207__24031700208,weighted_bootstrap,885.5083722104318
24031700304__24031700308,weighted_bootstrap,-192.28774647611135
24031700304__24031700309,weighted_bootstrap,1205.3855815816642
24031700304__24031700311,weighted_bootstrap,297.8469517602098
24031700304__24031700830,weighted_bootstrap,491.1741333062964
24031700304__24031700835,weighted_bootstrap,-433.19397723540897
24031700306__24031700310,weighted_bootstrap,88.1083622701226
24031700306__24031700611,weighted_bootstrap,428.26298998893617
24031700306__24031700613,weighted_bootstrap,107.57112434358714
24031700306__24031700815,weighted_bootstrap,-987.3551577750986
24031700308__24031700309,weighted_bootstrap,318.7502677548582
24031700308__24031700312,weighted_bootstrap,-12.733737271060818
24031700309__24031700310,weighted_bootstrap,42.78118644963615
24031700309__24031700818,weighted_bootstrap,-60.156741681050335
24031700310__24031700312,weighted_bootstrap,-359.63375155295034
24031700310__24031700818,weighted_bootstrap,682.7540156392843
24031700311__24031700312,weighted_bootstrap,-1454.5895950711274
24031700312__24031700400,weighted_bootstrap,-731.0951231195213
24031700312__24031700611,weighted_bootstrap,-420.33755999999994
24031700400__24031700500,weighted_bootstrap,-637.9501986085907
24031700400__24031700611,weighted_bootstrap,863.5738650653293
24031700500__24031700604,weighted_bootstrap,-525.4575753357003
24031700500__24031700611,weighted_bootstrap,-217.13951127074506
24031700604__24031700611,weighted_bootstrap,-133.90807650970055
24031700604__24031700613,weighted_bootstrap,-8.924311444072373
24031700604__24031700615,weighted_bootstrap,-691.4786208305122
24031700604__24031700616,weighted_bootstrap,-362.89401692590764
24031700604__24031700824,weighted_bootstrap,253.3253631051557
24031700606__24031700607,weighted_bootstrap,132.3562372118722
24031700606__24031700608,weighted_bootstrap,302.3143356436194
24031700606__24031700828,weighted_bootstrap,-218.65860668230744
24031700607__24031700608,weighted_bootstrap,-592.5589320704221
24031700607__24031700816,weighted_bootstrap,107.83743867835256
24031700607__24031700828,weighted_bootstrap,501.20129681457547
24031700607__24031701221,weighted_bootstrap,701.2019618207596
24031700608__24031701220,weighted_bootstrap,-75.44868497621428
24031700608__24031701221,weighted_bootstrap,-358.5664354939463
24031700608__24031706007,weighted_bootstrap,46.93713761621075
24031700608__24031706008,weighted_bootstrap,-322.3756819807013
24031700610__24031700614,weighted_bootstrap,783.5911808589844
24031700610__24031700706,weighted_bootstrap,-344.1969468944826
24031700610__24031700820,weighted_bootstrap,57.51798400000007
24031700611__24031700613,weighted_bootstrap,-273.20118886809723
24031700613__24031700614,weighted_bootstrap,-753.6613683379746
24031700613__24031700815,weighted_bootstrap,-344.6217075877794
24031700614__24031700706,weighted_bootstrap,29.54297200000019
24031700614__24031700815,weighted_bootstrap,455.6376999999993
24031700615__24031700616,weighted_bootstrap,261.15586642533526
24031700616__24031700824,weighted_bootstrap,-513.1968878801308
24031700704__24031700711,weighted_bootstrap,-507.27556286167965
24031700704__24031700717,weighted_bootstrap,181.28457333026745
24031700704__24031700718,weighted_bootstrap,112.34918708822806
24031700704__24031700719,weighted_bootstrap,-46.16891165580819
24031700704__24031701211,weighted_bootstrap,77.74553399844808
24031700706__24031700722,weighted_bootstrap,1304.6915954030264
24031700706__24031700723,weighted_bootstrap,242.09115941221535
24031700706__24031700724,weighted_bootstrap,257.25110803594
24031700706__24031700815,weighted_bootstrap,-296.0627800000002
24031700706__24031700820,weighted_bootstrap,318.9608116705713
24031700706__24031700822,weighted_bootstrap,-197.67766683989612
24031700706__24031700829,weighted_bootstrap,225.77568035625154
24031700710__24031700711,weighted_bootstrap,-629.3455960841566
24031700710__24031700716,weighted_bootstrap,184.79034358651552
24031700710__24031700720,weighted_bootstrap,376.7624525650608
24031700710__24031701212,weighted_bootstrap,-1032.9923302549869
24031700711__24031700719,weighted_bootstrap,-555.8617600000016
24031700711__24031700720,weighted_bootstrap,-1.2923445127598825
24031700711__24031701211,weighted_bootstrap,431.34510788548505
24031700711__24031701212,weighted_bootstrap,-689.502052365373
24031700713__24031700719,weighted_bootstrap,946.9654405869915
24031700713__24031700721,weighted_bootstrap,-445.1514180433296
24031700713__24031700722,weighted_bootstrap,-66.58315649659198
24031700713__24031700723,weighted_bootstrap,-1448.5698983958282
24031700713__24031700812,weighted_bootstrap,-874.5816207736098
24031700715__24031700716,weighted_bootstrap,-317.2323373423533
24031700715__24031700811,weighted_bootstrap,320.589462157026
24031700715__24031700812,weighted_bootstrap,-665.8830441089631
24031700716__24031700719,weighted_bootstrap,-98.08988475019578
24031700716__24031700720,weighted_bootstrap,651.2073399851834
24031700716__24031700812,weighted_bootstrap,-123.22783237264593
24031700717__24031700718,weighted_bootstrap,700.7974231633125
24031700717__24031700723,weighted_bootstrap,2173.63723822061
24031700717__24031700724,weighted_bootstrap,-4.643558562667749
24031700717__24031700816,weighted_bootstrap,-749.128884807491
24031700718__24031700817,weighted_bootstrap,158.66476443916326
24031700718__24031701007,weighted_bootstrap,-327.0623134987327
24031700718__24031701211,weighted_bootstrap,665.192566406462
24031700719__24031700720,weighted_bootstrap,-405.58177726836584
24031700719__24031700723,weighted_bootstrap,-621.3602180114394
24031700721__24031700722,weighted_bootstrap,5.829511751398968
24031700722__24031700723,weighted_bootstrap,-1231.6578488528467
24031700722__24031700813,weighted_bootstrap,-94.2828100531624
24031700722__24031700832,weighted_bootstrap,637.2324824549141
24031700722__24031700833,weighted_bootstrap,-497.8659000722546
24031700723__24031700724,weighted_bootstrap,294.90301483381336
24031700724__24031700829,weighted_bootstrap,487.80673847555227
24031700810__24031700811,weighted_bootstrap,285.0876364071628
24031700811__24031700812,weighted_bootstrap,-638.5864389568178
24031700812__24031700813,weighted_bootstrap,518.8516119946871
24031700813__24031700833,weighted_bootstrap,457.9734252796661
24031700815__24031700818,weighted_bootstrap,409.62156933688493
24031700816__24031700817,weighted_bootstrap,-1515.111841506412
24031700816__24031700828,weighted_bootstrap,-992.500186809164
24031700816__24031700829,weighted_bootstrap,-365.31903082263307
24031700816__24031701221,weighted_bootstrap,-125.735952
24031700817__24031701007,weighted_bootstrap,-727.9671572985535
24031700817__24031701221,weighted_bootstrap,599.9540440000001
24031700818__24031700819,weighted_bootstrap,-1109.8312158139524
24031700818__24031700830,weighted_bootstrap,-63.719252000009874
24031700819__24031700832,weighted_bootstrap,-86.90234358524322
24031700820__24031700822,weighted_bootstrap,349.2716567328971
24031700822__24031700829,weighted_bootstrap,-191.48671530001593
24031700823__24031700826,weighted_bootstrap,579.2388119999996
24031700823__24031700829,weighted_bootstrap,618.4952592580958
24031700826__24031700829,weighted_bootstrap,23.29530080040786
24031700828__24031700829,weighted_bootstrap,-275.81649471586934
24031700830__24031700832,weighted_bootstrap,-514.4297133794462
24031700830__24031700834,weighted_bootstrap,-237.5830829017832
24031700830__24031700835,weighted_bootstrap,-348.89225466281005
24031700832__24031700833,weighted_bootstrap,-2.5536423176199605
24031700832__24031700834,weighted_bootstrap,-68.05034800000067
24031700833__24031700834,weighted_bootstrap,1186.2542163530889
24031700834__24031700835,weighted_bootstrap,298.2302970368255
24031700901__24031700902,weighted_bootstrap,-276.7199487775142
24031700901__24031700904,weighted_bootstrap,536.6720863222617
24031700901__24031701001,weighted_bootstrap,-389.0143699519758
24031700901__24031701004,weighted_bootstrap,183.51017858968407
24031700901__24031701005,weighted_bootstrap,-185.06222848135076
24031700902__24031700903,weighted_bootstrap,-820.9306373488216
24031700902__24031701004,weighted_bootstrap,120.77781546386723
24031700902__24031701101,weighted_bootstrap,-1008.5434086840069
24031700902__24031701102,weighted_bootstrap,-31.803635803427824
24031700902__24031701211,weighted_bootstrap,-53.968462667933636
24031700903__24031701101,weighted_bootstrap,1126.7765859317296
24031700903__24031701211,weighted_bootstrap,418.65301674586226
24031700903__24031701212,weighted_bootstrap,484.12206687547587
24031700903__24031701303,weighted_bootstrap,245.78026294191295
24031700903__24031703202,weighted_bootstrap,571.5915592177744
24031700904__24031700905,weighted_bootstrap,171.35668294870993
24031700904__24031701001,weighted_bootstrap,57.458344283746555
24031700904__24031701102,weighted_bootstrap,368.9974219910364
24031700904__24031701218,weighted_bootstrap,-156.35399705894088
24031700904__24031701219,weighted_bootstrap,290.2991623697817
24031700905__24031701001,weighted_bootstrap,-262.97980283874494
24031700905__24031701205,weighted_bootstrap,-276.4630572925089
24031700905__24031701218,weighted_bootstrap,-679.4287818635057
24031701001__24031701002,weighted_bootstrap,142.190924281138
24031701001__24031701005,weighted_bootstrap,-566.2956605189174
24031701001__24031701006,weighted_bootstrap,165.35651604733357
24031701001__24031701205,weighted_bootstrap,-1139.4860091123628
24031701002__24031701006,weighted_bootstrap,402.0780713669519
24031701002__24031701205,weighted_bootstrap,-560.793474612874
24031701002__24031701206,weighted_bootstrap,2.036259727232391
24031701002__24031701210,weighted_bootstrap,-235.08569350935431
24031701004__24031701005,weighted_bootstrap,-622.6968248260237
24031701004__24031701007,weighted_bootstrap,981.7111681492534
24031701004__24031701211,weighted_bootstrap,56.1420886170672
24031701005__24031701006,weighted_bootstrap,-384.30788946000393
24031701005__24031701007,weighted_bootstrap,512.9794192971349
24031701006__24031701007,weighted_bootstrap,263.2468839205103
24031701006__24031701210,weighted_bootstrap,278.0790086523484
24031701006__24031701220,weighted_bootstrap,355.6669262571595
24031701006__24031701221,weighted_bootstrap,501.9039147298172
24031701007__24031701211,weighted_bootstrap,671.2743828915845
24031701101__24031701102,weighted_bootstrap,413.8117602797429
24031701101__24031701219,weighted_bootstrap,-51.88608772595762
24031701101__24031703201,weighted_bootstrap,506.14277170087735
24031701101__24031703202,weighted_bootstrap,-675.4908289991236
24031701102__24031701219,weighted_bootstrap,-309.51558986132295
24031701201__24031701202,weighted_bootstrap,-316.59991642561
24031701201__24031701219,weighted_bootstrap,677.4814211783087
24031701201__24031703501,weighted_bootstrap,1088.3331288907502
24031701201__24031703502,weighted_bootstrap,358.59495088212134
24031701202__24031701213,weighted_bootstrap,1459.427665813604
24031701202__24031701214,weighted_bootstrap,1135.261724527718
24031701202__24031701216,weighted_bootstrap,-503.3147300260898
24031701202__24031703502,weighted_bootstrap,73.04923892338957
24031701202__24031704300,weighted_bootstrap,-475.4740336127488
24031701205__24031701206,weighted_bootstrap,309.17839638504665
24031701205__24031701213,weighted_bootstrap,-364.7472591289479
24031701205__24031701215,weighted_bootstrap,938.8748466009711
24031701205__24031701216,weighted_bootstrap,-538.1681423052432
24031701205__24031704401,weighted_bootstrap,-199.11970306948933
24031701205__24031704501,weighted_bootstrap,127.29541717708344
24031701205__24031706012,weighted_bootstrap,577.2145374847023
24031701206__24031701210,weighted_bootstrap,664.4044840000006
24031701206__24031706007,weighted_bootstrap,-100.51204371004951
24031701206__24031706011,weighted_bootstrap,1124.8658183125663
24031701206__24031706012,weighted_bootstrap,-607.5478161291976
24031701210__24031701220,weighted_bootstrap,312.08380258048055
24031701210__24031706007,weighted_bootstrap,61.329587934498704
24031701211__24031701212,weighted_bootstrap,871.5819926317781
24031701212__24031701303,weighted_bootstrap,-242.64817472837967
24031701212__24031701307,weighted_bootstrap,-467.45072592663564
24031701213__24031701214,weighted_bootstrap,83.17381576658227
24031701213__24031701215,weighted_bootstrap,-1912.6484941266463
24031701213__24031701216,weighted_bootstrap,-394.00393136610364
24031701214__24031701215,weighted_bootstrap,-492.4411462218177
24031701214__24031704300,weighted_bootstrap,65.21785434740013
24031701214__24031704401,weighted_bootstrap,166.17188651111792
24031701215__24031704401,weighted_bootstrap,1661.4944775312906
24031701216__24031701218,weighted_bootstrap,717.0075093542982
24031701216__24031701219,weighted_bootstrap,268.7875196518944
24031701218__24031701219,weighted_bootstrap,-551.5805625668254
24031701219__24031703501,weighted_bootstrap,-706.4505722059075
24031701220__24031701221,weighted_bootstrap,570.638380925915
24031701303__24031701308,weighted_bootstrap,-224.14331051234694
24031701303__24031703202,weighted_bootstrap,-60.922727463293995
24031701304__24031701307,weighted_bootstrap,-128.33904020876707
24031701304__24031701312,weighted_bootstrap,-758.8975905814768
24031701304__24031701315,weighted_bootstrap,-49.47494852550153
24031701304__24031701317,weighted_bootstrap,-65.73425415867678
24031701306__24031701308,weighted_bootstrap,362.8070390737357
24031701306__24031701313,weighted_bootstrap,957.4496432153501
24031701307__24031701308,weighted_bootstrap,291.98024468649237
24031701307__24031701312,weighted_bootstrap,-43.64828471895271
24031701308__24031701313,weighted_bootstrap,882.0388947581778
24031701308__24031701314,weighted_bootstrap,843.6975203571528
24031701308__24031701316,weighted_bootstrap,91.51736368708225
24031701308__24031701407,weighted_bootstrap,85.12863710506826
24031701308__24031703202,weighted_bootstrap,192.021071743804
24031701308__24031703218,weighted_bootstrap,-109.10916207302216
24031701308__24031703219,weighted_bootstrap,2.9634330500412034
24031701308__24031703220,weighted_bootstrap,-99.86068979553238
24031701308__24031703221,weighted_bootstrap,-686.0993057375817
24031701312__24031701313,weighted_bootstrap,671.1697131721339
24031701312__24031701314,weighted_bootstrap,-921.0642238182045
24031701313__24031701314,weighted_bootstrap,-79.17381875070168
24031701314__24031701315,weighted_bootstrap,-139.88438902967027
24031701315__24031701316,weighted_bootstrap,921.5609785613633
24031701315__24031701317,weighted_bootstrap,985.3613890017205
24031701316__24031701408,weighted_bootstrap,1320.4762500143988
24031701407__24031701408,weighted_bootstrap,35.561181049924926
24031701407__24031701415,weighted_bootstrap,274.8281791949121
24031701407__24031701507,weighted_bootstrap,1014.1756888028322
24031701407__24031703221,weighted_bootstrap,755.5794446549044
24031701408__24031701409,weighted_bootstrap,592.8471388669932
24031701408__24031701410,weighted_bootstrap,175.98422802114146
24031701408__24031701415,weighted_bootstrap,-528.5282981030396
24031701409__24031701410,weighted_bootstrap,-0.7929518962118891
24031701409__24031701414,weighted_bootstrap,172.43424309873444
24031701409__24031701422,weighted_bootstrap,17.21048222122954
24031701409__24031701423,weighted_bootstrap,509.8324178205621
24031701410__24031701417,weighted_bootstrap,-1006.916714428371
24031701410__24031701423,weighted_bootstrap,-477.8018424371294
24031701410__24033800203,weighted_bootstrap,1354.9583477644483
24031701414__24031701415,weighted_bootstrap,-1095.28357359055
24031701414__24031701417,weighted_bootstrap,-359.6603570585785
24031701414__24031701418,weighted_bootstrap,191.39815420275409
24031701414__24031701420,weighted_bootstrap,1033.9912152850593
24031701414__24031701421,weighted_bootstrap,68.0773175143695
24031701414__24031701503,weighted_bootstrap,-345.094846507076
24031701415__24031701503,weighted_bootstrap,-479.87015041125414
24031701415__24031701507,weighted_bootstrap,381.0103232318652
24031701417__24031701418,weighted_bootstrap,125.48141268227482
24031701417__24031701422,weighted_bootstrap,27.99575029198604
24031701417__24033807407,weighted_bootstrap,-203.71504395718512
24031701418__24031701420,weighted_bootstrap,-1001.1597599301749
24031701418__24033807407,weighted_bootstrap,-79.64377886013835
24031701420__24031701421,weighted_bootstrap,-1519.7241035308325
24031701420__24033807407,weighted_bootstrap,485.7225731033832
24031701503__24031701506,weighted_bootstrap,217.8082676059421
24031701503__24031701508,weighted_bootstrap,-82.40676378450735
24031701503__24031701509,weighted_bootstrap,-1177.0240988600708
24031701505__24031701506,weighted_bootstrap,594.099133546013
24031701505__24031701509,weighted_bootstrap,-126.08398946042871
24031701505__24031701602,weighted_bootstrap,-1287.3994632073154
24031701505__24031702102,weighted_bootstrap,155.98790543471114
24031701506__24031701507,weighted_bootstrap,-33.794900042921654
24031701506__24031703207,weighted_bootstrap,-731.0272271536705
24031701506__24031703208,weighted_bootstrap,-427.4436872855367
24031701507__24031703212,weighted_bootstrap,-172.02048294897395
24031701508__24031701509,weighted_bootstrap,547.8874432413832
24031701509__24031701601,weighted_bootstrap,-262.1647718792592
24031701509__24033807304,weighted_bootstrap,353.68454489274154
24031701509__24033807305,weighted_bootstrap,90.08966671231246
24031701601__24031701602,weighted_bootstrap,-1056.5804937067587
24031701601__24033805906,weighted_bootstrap,-376.17419373571465
24031701601__24033807305,weighted_bootstrap,-494.76068788672274
24031701602__24031702101,weighted_bootstrap,-2017.5825179893873
24031701701__24031701703,weighted_bootstrap,-532.6998310224412
24031701701__24031701704,weighted_bootstrap,1377.8884851492912
24031701701__24031701800,weighted_bootstrap,1161.7833181454844
24031701702__24031701703,weighted_bootstrap,13.957638857431448
24031701702__24031701800,weighted_bootstrap,108.89865571212249
24031701702__24031701900,weighted_bootstrap,-944.6955757209507
24031701702__24031702301,weighted_bootstrap,-164.5695538606442
24031701702__24031702401,weighted_bootstrap,-128.59388826826762
24031701703__24031701704,weighted_bootstrap,758.860111473201
24031701703__24031701900,weighted_bootstrap,179.7841640473307
24031701703__24031702000,weighted_bootstrap,465.04450532559804
24031701703__24033805500,weighted_bootstrap,-532.3526032864538
24031701703__24033805601,weighted_bootstrap,-787.9463252101705
24031701704__24033805202,weighted_bootstrap,274.158920320333
24031701704__24033805500,weighted_bootstrap,-259.3169606134652
24031701800__24031702401,weighted_bootstrap,934.4277391476098
24031701800__24031702402,weighted_bootstrap,-892.0311184144648
24031701800__24031702500,weighted_bootstrap,80.80347664315559
24031701900__24031702000,weighted_bootstrap,1261.6044386810463
24031701900__24031702301,weighted_bootstrap,106.57346019817487
24031702000__24031702101,weighted_bootstrap,-411.108470460631
24031702000__24031702200,weighted_bootstrap,110.28194238154174
24031702000__24033805700,weighted_bootstrap,5.676559945852205
24031702101__24031702102,weighted_bootstrap,-556.5694552768764
24031702101__24031702200,weighted_bootstrap,-124.22022689979349
24031702101__24033805700,weighted_bootstrap,-181.57126241613878
24031702102__24031703000,weighted_bootstrap,-131.3169613075006
24031702102__24031703100,weighted_bootstrap,210.48236327971244
24031702200__24031702301,weighted_bootstrap,692.111855521689
24031702200__24031702302,weighted_bootstrap,-1859.8985665943546
24031702200__24031703000,weighted_bootstrap,-509.0426767797617
24031702301__24031702302,weighted_bootstrap,-708.1607444253295
24031702302__24031702900,weighted_bootstrap,1796.552010321102
24031702302__24031703000,weighted_bootstrap,-1081.266431232747
24031702401__24031702402,weighted_bootstrap,693.4673844715071
24031702401__24031702900,weighted_bootstrap,-275.0378278166554
24031702402__24031702500,weighted_bootstrap,-485.7605219688703
24031702500__24031702601,weighted_bootstrap,-759.137101078577
24031702500__24031702800,weighted_bootstrap,-34.666489884621114
24031702500__24031702900,weighted_bootstrap,-1389.4591647180787
24031702601__24031702602,weighted_bootstrap,-182.22677046989702
24031702601__24031702800,weighted_bootstrap,-249.2613693273306
24031702602__24031702700,weighted_bootstrap,-31.596692480470665
24031702700__24031702800,weighted_bootstrap,-476.4202123513387
24031702700__24031704000,weighted_bootstrap,-992.4740763510745
24031702700__24031704100,weighted_bootstrap,224.7640633416304
24031702700__24031705100,weighted_bootstrap,590.8237580704954
24031702700__24031705200,weighted_bootstrap,44.46373422400211
24031702800__24031702900,weighted_bootstrap,412.5719671298866
24031702800__24031704000,weighted_bootstrap,-725.3417387430127
24031702900__24031703901,weighted_bootstrap,33.861277535004774
24031703000__24031703100,weighted_bootstrap,-816.3133108927723
24031703100__24031703209,weighted_bootstrap,639.6312583858453
24031703100__24031703902,weighted_bootstrap,1102.668046848732
24031703201__24031703202,weighted_bootstrap,-1040.7179548134009
24031703201__24031703213,weighted_bootstrap,-221.2064849939634
24031703201__24031703214,weighted_bootstrap,-13.474821941141272
24031703201__24031703301,weighted_bootstrap,803.8146099368241
24031703201__24031703302,weighted_bootstrap,-534.3245630030142
24031703201__24031703501,weighted_bootstrap,118.67422488729062
24031703202__24031703216,weighted_bootstrap,615.4406098631298
24031703202__24031703218,weighted_bootstrap,123.50480582473392
24031703206__24031703212,weighted_bootstrap,-441.34820917421894
24031703206__24031703215,weighted_bootstrap,1094.654454393909
24031703206__24031703402,weighted_bootstrap,736.5200900595446
24031703206__24031703403,weighted_bootstrap,155.4385211757599
24031703207__24031703208,weighted_bootstrap,-1205.9694434022895
24031703207__24031703209,weighted_bootstrap,63.31048664213449
24031703207__24031703212,weighted_bootstrap,-1198.5714035707606
24031703207__24031703702,weighted_bootstrap,46.14751479323604
24031703208__24031703209,weighted_bootstrap,569.8148530320977
24031703209__24031703702,weighted_bootstrap,211.9740014633935
24031703209__24031703800,weighted_bootstrap,164.51881019576467
24031703209__24031703902,weighted_bootstrap,-428.99323029318475
24031703212__24031703215,weighted_bootstrap,1009.2168267296511
24031703212__24031703221,weighted_bootstrap,588.0397594397218
24031703212__24031703403,weighted_bootstrap,174.35146106246975
24031703213__24031703214,weighted_bootstrap,-906.6841242419687
24031703214__24031703215,weighted_bootstrap,1147.4910135785394
24031703214__24031703216,weighted_bootstrap,437.7010887186816
24031703214__24031703220,weighted_bootstrap,1218.435263448162
24031703214__24031703302,weighted_bootstrap,36.55981187188445
24031703215__24031703220,weighted_bootstrap,138.2393486907713
24031703215__24031703302,weighted_bootstrap,14.854187926393934
24031703215__24031703402,weighted_bootstrap,496.77205379333554
24031703216__24031703219,weighted_bootstrap,6.739705696592864
24031703216__24031703220,weighted_bootstrap,-1372.5855270973043
24031703219__24031703220,weighted_bootstrap,-150.87189211794612
24031703220__24031703221,weighted_bootstrap,-34.11015451505227
24031703301__24031703302,weighted_bootstrap,269.2161664716841
24031703301__24031703501,weighted_bootstrap,106.92847241910931
24031703302__24031703401,weighted_bootstrap,-150.61099279066548
24031703302__24031703402,weighted_bootstrap,-601.7213851420165
24031703302__24031703501,weighted_bootstrap,-290.75525204855603
24031703401__24031703402,weighted_bootstrap,726.6440714947475
24031703401__24031703403,weighted_bootstrap,-298.300368011709
24031703401__24031703404,weighted_bootstrap,-970.4036102334503
24031703401__24031703501,weighted_bootstrap,416.1404485314706
24031703402__24031703403,weighted_bootstrap,1117.7459726877387
24031703403__24031703701,weighted_bootstrap,46.33515840578184
24031703403__24031703702,weighted_bootstrap,682.2430239889945
24031703404__24031703601,weighted_bootstrap,-56.37245307372359
24031703404__24031703701,weighted_bootstrap,773.841380961996
24031703501__24031703502,weighted_bootstrap,-986.8407749744147
24031703501__24031703601,weighted_bootstrap,490.9064331126647
24031703502__24031703601,weighted_bootstrap,-694.8515978941723
24031703502__24031704200,weighted_bootstrap,-23.702428000004147
24031703502__24031704300,weighted_bootstrap,134.84270571184607
24031703601__24031703602,weighted_bootstrap,-138.93050800000128
24031703601__24031703701,weighted_bootstrap,627.0191908972483
24031703601__24031703702,weighted_bootstrap,138.27183298725504
24031703601__24031704200,weighted_bootstrap,-999.2295049259119
24031703602__24031703800,weighted_bootstrap,34.13208525261143
24031703602__24031704000,weighted_bootstrap,-132.92339574483412
24031703602__24031704200,weighted_bootstrap,-1382.0864287501172
24031703701__24031703702,weighted_bootstrap,679.3054798163503
24031703702__24031703800,weighted_bootstrap,119.4543087290258
24031703800__24031703902,weighted_bootstrap,359.0935681777337
24031703800__24031704000,weighted_bootstrap,213.90631969376227
24031703901__24031703902,weighted_bootstrap,776.9442443274893
24031703901__24031704000,weighted_bootstrap,-429.3697564654285
24031703902__24031704000,weighted_bootstrap,410.80555568819
24031704000__24031704100,weighted_bootstrap,594.6385555499401
24031704100__24031704200,weighted_bootstrap,142.58305177428701
24031704100__24031704300,weighted_bootstrap,-890.5240150273567
24031704100__24031704404,weighted_bootstrap,303.0496426510508
24031704100__24031705100,weighted_bootstrap,-514.7292003333132
24031704200__24031704300,weighted_bootstrap,341.8663003435395
24031704300__24031704401,weighted_bootstrap,-95.73087200581904
24031704300__24031704404,weighted_bootstrap,509.43775103538064
24031704401__24031704403,weighted_bootstrap,-615.1181240012229
24031704401__24031704404,weighted_bootstrap,748.3764527555904
24031704401__24031704501,weighted_bootstrap,541.2962441514028
24031704403__24031704404,weighted_bootstrap,-471.80954733481485
24031704404__24031704503,weighted_bootstrap,-318.09249285946134
24031704404__24031705000,weighted_bootstrap,-530.4694759462291
24031704404__24031705100,weighted_bootstrap,227.3032078739925
24031704501__24031704502,weighted_bootstrap,-842.064209914548
24031704501__24031704503,weighted_bootstrap,-32.92349840093448
24031704501__24031706013,weighted_bootstrap,-205.01575501050684
24031704502__24031704503,weighted_bootstrap,-552.9199494147324
24031704502__24031704600,weighted_bootstrap,615.3343891783861
24031704502__24031705901,weighted_bootstrap,418.10557458857875
24031704503__24031704600,weighted_bootstrap,-498.0812166955584
24031704503__24031705000,weighted_bootstrap,1111.1798176251868
24031704600__24031704700,weighted_bootstrap,-670.6657646529129
24031704600__24031704806,weighted_bootstrap,-524.363037674877
24031704600__24031705000,weighted_bootstrap,-210.3482115500301
24031704600__24031705901,weighted_bootstrap,-464.945035232442
24031704700__24031704803,weighted_bootstrap,394.83887662843335
24031704700__24031704804,weighted_bootstrap,-446.28018580009666
24031704700__24031704805,weighted_bootstrap,53.898707349759206
24031704700__24031704806,weighted_bootstrap,729.5838684056944
24031704700__24031705502,weighted_bootstrap,-614.2653401494026
24031704700__24031705901,weighted_bootstrap,-232.94765718644612
24031704700__24031705903,weighted_bootstrap,-677.0515705129255
24031704803__24031704804,weighted_bootstrap,-1184.1914002483536
24031704803__24031705400,weighted_bootstrap,-489.21963407527073
24031704803__24031705502,weighted_bootstrap,-142.88990127997386
24031704804__24031704805,weighted_bootstrap,1638.9892889152397
24031704806__24031705000,weighted_bootstrap,857.8112964783504
24031705000__24031705100,weighted_bootstrap,-572.9084130919073
24031705000__24031705400,weighted_bootstrap,-511.6199984269824
24031705100__24031705200,weighted_bootstrap,-155.49152208033047
24031705100__24031705300,weighted_bootstrap,28.50439741115315
24031705100__24031705400,weighted_bootstrap,-501.2713174461751
24031705200__24031705300,weighted_bootstrap,-210.5358835354309
24031705300__24031705400,weighted_bootstrap,387.1458893295785
24031705300__24031705501,weighted_bootstrap,93.63287908653092
24031705300__24031705502,weighted_bootstrap,-454.2854205409885
24031705400__24031705502,weighted_bootstrap,-822.4128226200191
24031705501__24031705502,weighted_bootstrap,-189.5725652867768
24031705501__24031705601,weighted_bootstrap,45.96013600000151
24031705501__24031705602,weighted_bootstrap,479.9999022147749
24031705502__24031705601,weighted_bootstrap,213.1528679999974
24031705502__24031705701,weighted_bootstrap,110.99492766370531
24031705502__24031705903,weighted_bootstrap,342.79335824288137
24031705601__24031705602,weighted_bootstrap,589.8691046205531
24031705601__24031705701,weighted_bootstrap,52.06825323814337
24031705601__24031705702,weighted_bootstrap,-1129.8754732852922
24031705701__24031705702,weighted_bootstrap,-927.2984084086129
24031705701__24031705800,weighted_bootstrap,-1258.5323192598808
24031705701__24031705902,weighted_bootstrap,-1566.7348761127796
24031705702__24031705800,weighted_bootstrap,92.98881119853831
24031705800__24031705902,weighted_bootstrap,768.5923389185627
24031705800__24031706008,weighted_bootstrap,-291.3040359999868
24031705800__24031706009,weighted_bootstrap,297.21922513764
24031705800__51013100300,weighted_bootstrap,10.138363999998546
24031705800__51059470100,weighted_bootstrap,-717.2094530981558
24031705800__51059480100,weighted_bootstrap,-298.57848547032336
24031705901__24031705902,weighted_bootstrap,821.9034012144984
24031705901__24031705903,weighted_bootstrap,1636.828927586037
24031705901__24031706013,weighted_bootstrap,311.82527482206933
24031705902__24031705903,weighted_bootstrap,-741.3036294283957
24031705902__24031706009,weighted_bootstrap,415.902286482029
24031706005__24031706007,weighted_bootstrap,-229.2900712275714
24031706005__24031706008,weighted_bootstrap,707.2541198422623
24031706005__24031706009,weighted_bootstrap,466.0676485584445
24031706005__24031706011,weighted_bootstrap,749.646545592288
24031706005__24031706013,weighted_bootstrap,-704.9359898391976
24031706007__24031706008,weighted_bootstrap,-394.761627255195
24031706007__24031706011,weighted_bootstrap,50.518446715639584
24031706008__24031706009,weighted_bootstrap,-1538.2032637430748
24031706008__51059480100,weighted_bootstrap,703.2989183405298
24031706009__24031706013,weighted_bootstrap,932.9637894694533
24031706010__24031706011,weighted_bootstrap,136.83995303873235
24031706010__24031706012,weighted_bootstrap,-66.28273814667773
24031706010__24031706013,weighted_bootstrap,572.2262559999999
24031706011__24031706012,weighted_bootstrap,-206.72308436029198
24031706012__24031706013,weighted_bootstrap,-131.25183978906716
24033800102__24033800103,weighted_bootstrap,-109.95615646227088
24033800102__24033800105,weighted_bootstrap,330.26261525350856
24033800102__24033800109,weighted_bootstrap,-150.42549704102566
24033800103__24033800109,weighted_bootstrap,287.4874481719744
24033800103__24033800209,weighted_bootstrap,163.5195237079024
24033800103__24033800211,weighted_bootstrap,100.32219685424934
24033800103__24033800213,weighted_bootstrap,-160.43666118644978
24033800105__24033800106,weighted_bootstrap,-807.5697336403682
24033800105__24033800109,weighted_bootstrap,435.68572682207014
24033800105__24033800203,weighted_bootstrap,643.8693752462423
24033800106__24033800108,weighted_bootstrap,149.83029023111885
24033800106__24033800109,weighted_bootstrap,148.16811968416005
24033800106__24033800203,weighted_bootstrap,52.79445423307516
24033800106__24033800212,weighted_bootstrap,-658.1175569029583
24033800106__24033800213,weighted_bootstrap,822.5572391503774
24033800108__24033800109,weighted_bootstrap,10.856125404985505
24033800108__24033800213,weighted_bootstrap,360.05612408967863
24033800203__24033800212,weighted_bootstrap,97.05757698533307
24033800203__24033807407,weighted_bootstrap,58.52093990318099
24033800206__24033800208,weighted_bootstrap,-553.1644026713329
24033800206__24033800211,weighted_bootstrap,65.03887928836048
24033800206__24033800411,weighted_bootstrap,-210.08933402562616
24033800206__24033807408,weighted_bootstrap,-720.3392312785072
24033800208__24033800211,weighted_bootstrap,-648.3132492061486
24033800208__24033800212,weighted_bootstrap,-534.8096561756474
24033800208__24033800214,weighted_bootstrap,-439.8998136944101
24033800208__24033800215,weighted_bootstrap,123.49272695797845
24033800208__24033807408,weighted_bootstrap,-198.45562345486542
24033800209__24033800211,weighted_bootstrap,433.38369549962226
24033800209__24033800213,weighted_bootstrap,1045.2210181959053
24033800210__24033800213,weighted_bootstrap,-102.62033618147689
24033800210__24033800215,weighted_bootstrap,-677.2085312543277
24033800211__24033800214,weighted_bootstrap,-242.9467019535441
24033800212__24033800213,weighted_bootstrap,-1530.6928015150988
24033800212__24033800215,weighted_bootstrap,-130.83551054782947
24033800212__24033807408,weighted_bootstrap,730.202216816193
24033800401__24033800402,weighted_bootstrap,-314.83657812622914
24033800401__24033800403,weighted_bootstrap,-106.73295222774686
24033800401__24033800504,weighted_bootstrap,1326.4213261597615
24033800402__24033800403,weighted_bootstrap,651.4110404275598
24033800402__24033800409,weighted_bootstrap,-243.03746300296916
24033800402__24033800504,weighted_bootstrap,666.7150445814823
24033800402__24033800513,weighted_bootstrap,337.27237414365663
24033800403__24033800409,weighted_bootstrap,-156.29698321775504
24033800408__24033800409,weighted_bootstrap,-904.9761349126711
24033800408__24033800410,weighted_bootstrap,-141.13637891980443
24033800408__24033800411,weighted_bootstrap,390.26009841288396
24033800408__24033800413,weighted_bootstrap,109.01959465469554
24033800408__24033800514,weighted_bootstrap,-46.111309797806825
24033800408__24033803516,weighted_bootstrap,826.3148866258707
24033800409__24033800410,weighted_bootstrap,301.9887589757345
24033800409__24033800513,weighted_bootstrap,-628.8079385994215
24033800409__24033800514,weighted_bootstrap,-72.83298588954312
24033800410__24033800411,weighted_bootstrap,960.587563726076
24033800411__24033800412,weighted_bootstrap,-364.6129689727877
24033800411__24033800413,weighted_bootstrap,-429.6767687278698
24033800411__24033807408,weighted_bootstrap,-234.8195907773188
24033800412__24033800413,weighted_bootstrap,-168.0919046234958
24033800412__24033803606,weighted_bootstrap,274.3663490685649
24033800412__24033806712,weighted_bootstrap,170.0652708361922
24033800504__24033800505,weighted_bootstrap,-1117.304150211341
24033800504__24033800507,weighted_bootstrap,19.84240602869795
24033800504__24033800513,weighted_bootstrap,189.25204027885047
24033800505__24033800513,weighted_bootstrap,670.4084251304812
24033800505__24033800515,weighted_bootstrap,-313.8760270952698
24033800505__24033800516,weighted_bootstrap,473.94347982364707
24033800507__24033800509,weighted_bootstrap,30.36393579379819
24033800507__24033800511,weighted_bootstrap,-626.9148550110258
24033800507__24033800516,weighted_bootstrap,-403.86148546372715
24033800507__24033800519,weighted_bootstrap,930.7105227748907
24033800507__24033800520,weighted_bootstrap,-91.28335891811003
24033800507__24033800604,weighted_bootstrap,387.30842703071903
24033800507__24033800608,weighted_bootstrap,145.88493986050253
24033800509__24033800517,weighted_bootstrap,-364.13286448617146
24033800509__24033800607,weighted_bootstrap,378.3273840148322
24033800509__24033803522,weighted_bootstrap,-270.0266374503117
24033800509__24033803526,weighted_bootstrap,-1015.5444297136855
24033800511__24033800515,weighted_bootstrap,146.0357009210311
24033800511__24033800517,weighted_bootstrap,274.18559550093596
24033800511__24033800519,weighted_bootstrap,979.915121298116
24033800513__24033800514,weighted_bootstrap,739.2663251886806
24033800513__24033800515,weighted_bootstrap,515.063446226297
24033800513__24033800518,weighted_bootstrap,554.8819055170898
24033800514__24033800518,weighted_bootstrap,-246.5749332835112
24033800514__24033803516,weighted_bootstrap,443.7354801565234
24033800515__24033800516,weighted_bootstrap,241.94065806214348
24033800515__24033800519,weighted_bootstrap,-411.3918017900596
24033800516__24033800520,weighted_bootstrap,-342.5928663944542
24033800517__24033800518,weighted_bootstrap,127.51539408646931
24033800517__24033803522,weighted_bootstrap,150.56553200153212
24033800517__24033803523,weighted_bootstrap,-533.0537934294643
24033800518__24033803520,weighted_bootstrap,199.56244989785773
24033800601__24033800604,weighted_bootstrap,212.00789880721277
24033800601__24033800605,weighted_bootstrap,-609.720520428702
24033800601__24033800608,weighted_bootstrap,-186.83315765576117
24033800604__24033800608,weighted_bootstrap,-211.75827849563575
24033800605__24033800606,weighted_bootstrap,60.05352113338813
24033800605__24033800607,weighted_bootstrap,186.43616646365626
24033800605__24033800608,weighted_bootstrap,-154.6458083322941
24033800605__24033800701,weighted_bootstrap,625.0862370859995
24033800605__24033800707,weighted_bootstrap,394.45817737244215
24033800606__24033800607,weighted_bootstrap,-624.1174984372883
24033800606__24033800701,weighted_bootstrap,-23.285112048659357
24033800607__24033800608,weighted_bootstrap,113.05261619329394
24033800607__24033800701,weighted_bootstrap,27.841130807246373
24033800607__24033803512,weighted_bootstrap,94.57092285197177
24033800607__24033803526,weighted_bootstrap,115.45027244869925
24033800701__24033800707,weighted_bootstrap,-349.0088360251975
24033800701__24033801104,weighted_bootstrap,-303.00383624724054
24033800701__24033802201,weighted_bootstrap,-205.65477080814162
24033800701__24033803512,weighted_bootstrap,-1083.5078840997285
24033800704__24033800705,weighted_bootstrap,297.50242190686913
24033800704__24033800706,weighted_bootstrap,-243.3931014569407
24033800704__24033800707,weighted_bootstrap,-280.08736239455357
24033800705__24033800706,weighted_bootstrap,52.860739450617984
24033800705__24033800800,weighted_bootstrap,-679.2084033786723
24033800705__24033801004,weighted_bootstrap,175.01255599999968
24033800706__24033800707,weighted_bootstrap,-350.88101588598875
24033800706__24033801005,weighted_bootstrap,-7.928992558623577
24033800706__24033801006,weighted_bootstrap,-266.1033528759399
24033800706__24033801214,weighted_bootstrap,-202.17997517005642
24033800707__24033801104,weighted_bootstrap,335.482924175436
24033801003__24033801004,weighted_bootstrap,1289.292827883648
24033801003__24033801310,weighted_bootstrap,442.01560619452175
24033801004__24033801005,weighted_bootstrap,48.02027200183147
24033801004__24033801006,weighted_bootstrap,-118.70657200000005
24033801005__24033801006,weighted_bootstrap,-300.56023623413057
24033801005__24033801214,weighted_bootstrap,-1.61641601100564
24033801005__24033801215,weighted_bootstrap,422.05834199508536
24033801104__24033801211,weighted_bootstrap,-415.17927921091905
24033801104__24033801212,weighted_bootstrap,71.75205353088677
24033801104__24033801214,weighted_bootstrap,38.004635181576305
24033801104__24033801904,weighted_bootstrap,-456.80714762362186
24033801104__24033802201,weighted_bootstrap,-63.24878042857017
24033801207__24033801208,weighted_bootstrap,259.62139758827107
24033801207__24033801214,weighted_bootstrap,237.0918642033066
24033801207__24033801215,weighted_bootstrap,69.77651804370544
24033801207__24033801217,weighted_bootstrap,-137.66440484227496
24033801208__24033801209,weighted_bootstrap,-121.5542035525923
24033801208__24033801216,weighted_bootstrap,-256.5367560000004
24033801208__24033801217,weighted_bootstrap,-487.15522145639807
24033801209__24033801216,weighted_bootstrap,-161.4876752588607
24033801210__24033801211,weighted_bootstrap,323.8503745365706
24033801210__24033801213,weighted_bootstrap,-553.2127649302383
24033801210__24033801216,weighted_bootstrap,438.8662164183643
24033801210__24033801311,weighted_bootstrap,-165.59246221418198
24033801211__24033801212,weighted_bootstrap,-814.3967727788404
24033801211__24033801214,weighted_bootstrap,494.7522021367331
24033801211__24033801217,weighted_bootstrap,-119.49977562716231
24033801212__24033801213,weighted_bootstrap,-359.0719054684723
24033801212__24033801407,weighted_bootstrap,-5.138488000000507
24033801212__24033801901,weighted_bootstrap,-289.7584526237624
24033801212__24033801904,weighted_bootstrap,-304.5223216834711
24033801213__24033801305,weighted_bootstrap,608.4814633515798
24033801213__24033801407,weighted_bootstrap,-43.58893046783305
24033801214__24033801215,weighted_bootstrap,-429.0358439999982
24033801214__24033801217,weighted_bootstrap,8.413881971064257
24033801216__24033801217,weighted_bootstrap,-323.08984000000055
24033801216__24033801311,weighted_bootstrap,450.7061850942191
24033801302__24033801310,weighted_bootstrap,881.6016680473404
24033801302__24033801311,weighted_bootstrap,-188.05863600000066
24033801305__24033801307,weighted_bootstrap,-214.5284477015557
24033801305__24033801313,weighted_bootstrap,85.38144360449223
24033801305__24033801406,weighted_bootstrap,-228.51575707038137
24033801305__24033801407,weighted_bootstrap,228.26265999495809
24033801307__24033801308,weighted_bootstrap,-805.4865320000008
24033801307__24033801309,weighted_bootstrap,195.49424944755447
24033801307__24033801312,weighted_bootstrap,-499.1249502141818
24033801307__24033801313,weighted_bootstrap,332.7160921182076
24033801307__24033801410,weighted_bootstrap,340.0638180188216
24033801307__24033801411,weighted_bootstrap,-57.82189600000129
24033801308__24033801309,weighted_bootstrap,-37.74210795267027
24033801308__24033801312,weighted_bootstrap,-402.11099595267297
24033801309__24033801312,weighted_bootstrap,1.1739600000000792
24033801310__24033801311,weighted_bootstrap,408.4915934376404
24033801311__24033801312,weighted_bootstrap,1032.368740023303
24033801404__24033801405,weighted_bootstrap,-837.1119607259752
24033801404__24033801411,weighted_bootstrap,-178.29110800000126
24033801404__24033801500,weighted_bootstrap,-3050.383285933698
24033801405__24033801408,weighted_bootstrap,627.879738562362
24033801405__24033801409,weighted_bootstrap,534.2725624657032
24033801405__24033801500,weighted_bootstrap,153.2672684121062
24033801405__24033801702,weighted_bootstrap,-250.26209999999992
24033801405__24033801707,weighted_bootstrap,388.3566491139063
24033801406__24033801407,weighted_bootstrap,-205.08762116941944
24033801406__24033801409,weighted_bootstrap,196.22225984938268
24033801406__24033801411,weighted_bootstrap,-62.69445851077944
24033801407__24033801701,weighted_bootstrap,-119.38344888092979
24033801407__24033801901,weighted_bootstrap,25.85103752586656
24033801408__24033801409,weighted_bootstrap,-143.25873991177468
24033801408__24033801701,weighted_bootstrap,-853.9664174119207
24033801408__24033801702,weighted_bootstrap,-480.9750120000026
24033801409__24033801411,weighted_bootstrap,-496.6966848150105
24033801410__24033801411,weighted_bootstrap,209.85080318498876
24033801500__24033801600,weighted_bootstrap,-142.7511650914239
24033801500__24033801707,weighted_bootstrap,282.3898256227985
24033801600__24033801707,weighted_bootstrap,573.5088146556864
24033801701__24033801702,weighted_bootstrap,-34.0714317924394
24033801701__24033801901,weighted_bootstrap,176.5714836765692
24033801702__24033801708,weighted_bootstrap,-193.7654477924516
24033801702__24033801901,weighted_bootstrap,449.8133600000001
24033801704__24033801706,weighted_bootstrap,-118.38791558099001
24033801704__24033801707,weighted_bootstrap,272.26307764279227
24033801704__24033801708,weighted_bootstrap,698.0511798041371
24033801704__24033801807,weighted_bootstrap,-205.58676697687406
24033801706__24033801708,weighted_bootstrap,-580.3419437924422
24033801706__24033801801,weighted_bootstrap,-1161.9244160000017
24033801706__24033801807,weighted_bootstrap,-309.14666020755976
24033801706__24033801808,weighted_bootstrap,490.65649067637787
24033801707__24033801708,weighted_bootstrap,121.25031589738501
24033801708__24033801907,weighted_bootstrap,-481.182495999994
24033801801__24033801802,weighted_bootstrap,-473.1716400000005
24033801801__24033801907,weighted_bootstrap,275.7878649046106
24033801802__24033801804,weighted_bootstrap,281.73400400000173
24033801802__24033801805,weighted_bootstrap,79.4695840000004
24033801802__24033801808,weighted_bootstrap,109.69637397204315
24033801802__24033801907,weighted_bootstrap,428.6392760000017
24033801802__24033801908,weighted_bootstrap,441.34017706743
24033801804__24033801805,weighted_bootstrap,-440.1500119382472
24033801804__24033801807,weighted_bootstrap,-329.68962399999964
24033801804__24033801808,weighted_bootstrap,-451.60690806175626
24033801805__24033801807,weighted_bootstrap,222.50490732376966
24033801805__24033801908,weighted_bootstrap,435.66229986758844
24033801805__24033802405,weighted_bootstrap,-132.08054428128662
24033801807__24033801808,weighted_bootstrap,-151.61990091773623
24033801807__24033802405,weighted_bootstrap,1.6498839999985648
24033801807__24033802501,weighted_bootstrap,51.03397682524883
24033801901__24033801904,weighted_bootstrap,639.5056760000007
24033801901__24033801905,weighted_bootstrap,-455.4777926572242
24033801901__24033801907,weighted_bootstrap,-216.54061905894196
24033801904__24033801905,weighted_bootstrap,-452.94462810334517
24033801904__24033801906,weighted_bootstrap,589.7901960000017
24033801904__24033802201,weighted_bootstrap,-449.89293560885926
24033801905__24033801906,weighted_bootstrap,-133.64333727198755
24033801905__24033801907,weighted_bootstrap,-486.12104303152955
24033801905__24033802001,weighted_bootstrap,35.50730864635625
24033801906__24033802001,weighted_bootstrap,-112.60587600000144
24033801906__24033802104,weighted_bootstrap,284.35701590960343
24033801906__24033802106,weighted_bootstrap,515.2244320000009
24033801906__24033802107,weighted_bootstrap,208.6184320000002
24033801907__24033801908,weighted_bootstrap,1392.9937435489155
24033801907__24033802001,weighted_bootstrap,-623.9821510580387
24033801908__24033802405,weighted_bootstrap,1766.5596106732846
24033802001__24033802002,weighted_bootstrap,-12.11894229279278
24033802001__24033802107,weighted_bootstrap,450.67625385654173
24033802001__24033802405,weighted_bootstrap,-334.3670412998108
24033802002__24033802103,weighted_bootstrap,392.5553950707108
24033802002__24033802107,weighted_bootstrap,-316.0035946814205
24033802002__24033802405,weighted_bootstrap,-36.8385784687016
24033802002__24033802406,weighted_bootstrap,823.0331670828782
24033802103__24033802104,weighted_bootstrap,142.7717699273635
24033802103__24033802106,weighted_bootstrap,148.0627800000002
24033802103__24033802107,weighted_bootstrap,231.54078677659345
24033802103__24033802203,weighted_bootstrap,-18.309935121887975
24033802103__24033802301,weighted_bootstrap,533.1688986117042
24033802103__24033802407,weighted_bootstrap,-746.3419520000025
24033802104__24033802106,weighted_bootstrap,-621.1587209524623
24033802104__24033802201,weighted_bootstrap,-237.8463960478839
24033802104__24033802203,weighted_bootstrap,-285.7429280988581
24033802106__24033802107,weighted_bootstrap,-157.25209788245047
24033802201__24033802203,weighted_bootstrap,-119.51624048678786
24033802201__24033802204,weighted_bootstrap,426.2478297708167
24033802201__24033803512,weighted_bootstrap,245.59769466539728
24033802203__24033802204,weighted_bootstrap,9.311465112397855
24033802203__24033802301,weighted_bootstrap,758.5717502088446
24033802204__24033802301,weighted_bootstrap,166.01895150277414
24033802204__24033802404,weighted_bootstrap,111.90680273632279
24033802204__24033802804,weighted_bootstrap,779.9145153551144
24033802204__24033803512,weighted_bootstrap,1252.7954798544524
24033802204__24033803519,weighted_bootstrap,-866.8204652880377
24033802301__24033802404,weighted_bootstrap,850.3946551080226
24033802301__24033802407,weighted_bootstrap,-380.0487689350339
24033802301__24033802803,weighted_bootstrap,54.52932381213759
24033802404__24033802803,weighted_bootstrap,-287.15307048055547
24033802405__24033802406,weighted_bootstrap,1104.8355896684516
24033802405__24033802408,weighted_bootstrap,357.969698085295
24033802405__24033802501,weighted_bootstrap,-125.28656859909097
24033802405__24033802502,weighted_bootstrap,657.4879362249667
24033802406__24033802407,weighted_bootstrap,-823.9266075006653
24033802407__24033802408,weighted_bootstrap,-930.0068237693085
24033802407__24033802803,weighted_bootstrap,-440.8625370025038
24033802408__24033802502,weighted_bootstrap,-252.53102861961816
24033802408__24033802600,weighted_bootstrap,247.66463600000043
24033802408__24033802803,weighted_bootstrap,-133.3999784286043
24033802501__24033802502,weighted_bootstrap,667.296904576272
24033802502__24033802600,weighted_bootstrap,315.88141326605364
24033802600__24033802803,weighted_bootstrap,291.18837270902986
24033802700__24033802803,weighted_bootstrap,-860.6636879599282
24033802700__24033802901,weighted_bootstrap,-447.9036460554489
24033802803__24033802804,weighted_bootstrap,-1094.0553445917467
24033802803__24033802901,weighted_bootstrap,-438.60383437720157
24033802804__24033802805,weighted_bootstrap,-534.168962261163
24033802804__24033802901,weighted_bootstrap,80.46281385397015
24033802804__24033803519,weighted_bootstrap,307.5724206292689
24033802805__24033803002,weighted_bootstrap,40.01498190307029
24033802805__24033803519,weighted_bootstrap,725.4512357646308
24033802805__24033803524,weighted_bootstrap,-453.3155797924119
24033803001__24033803002,weighted_bootstrap,63.454572887951144
24033803001__24033803100,weighted_bootstrap,1304.7411080744932
24033803002__24033803300,weighted_bootstrap,140.1866623409378
24033803002__24033803524,weighted_bootstrap,527.3888423897715
24033803100__24033803200,weighted_bootstrap,-871.6428114691662
24033803100__24033803300,weighted_bootstrap,-61.517023820924805
24033803100__24033804200,weighted_bootstrap,-249.0982775928369
24033803100__24033804300,weighted_bootstrap,-530.3531723717751
24033803200__24033803300,weighted_bootstrap,-101.00101506835563
24033803200__24033803509,weighted_bootstrap,-665.2328687009431
24033803200__24033804101,weighted_bootstrap,-1167.1705744861683
24033803300__24033803401,weighted_bootstrap,445.08533528660337
24033803300__24033803402,weighted_bootstrap,-513.1450059910894
24033803300__24033803509,weighted_bootstrap,292.7798040579728
24033803401__24033803402,weighted_bootstrap,-672.3397904907379
24033803401__24033803508,weighted_bootstrap,129.82746864209912
24033803402__24033803508,weighted_bootstrap,425.81525445745865
24033803402__24033803524,weighted_bootstrap,366.37100199573615
24033803402__24033803525,weighted_bootstrap,-867.5117391841995
24033803508__24033803509,weighted_bootstrap,-149.6421729439753
24033803508__24033803521,weighted_bootstrap,224.7227333939045
24033803508__24033803525,weighted_bootstrap,328.7618050893143
24033803508__24033803601,weighted_bootstrap,161.97066073071073
24033803508__24033803602,weighted_bootstrap,197.78223062393772
24033803509__24033803602,weighted_bootstrap,-724.4602922674021
24033803509__24033803612,weighted_bootstrap,-276.0871729410883
24033803509__24033803700,weighted_bootstrap,-661.343438755539
24033803509__24033804101,weighted_bootstrap,-713.5842833115603
24033803509__24033804102,weighted_bootstrap,-363.72580817498965
24033803512__24033803513,weighted_bootstrap,611.1033576370828
24033803512__24033803514,weighted_bootstrap,154.04458203895774
24033803512__24033803526,weighted_bootstrap,561.6092770669966
24033803513__24033803514,weighted_bootstrap,-983.0630787841656
24033803513__24033803526,weighted_bootstrap,575.0290361151856
24033803513__24033803527,weighted_bootstrap,672.4812805321199
24033803514__24033803519,weighted_bootstrap,-979.5439140987583
24033803514__24033803521,weighted_bootstrap,68.92971696706081
24033803514__24033803522,weighted_bootstrap,-128.05405491820056
24033803514__24033803523,weighted_bootstrap,766.9335192814942
24033803514__24033803525,weighted_bootstrap,619.6968690428475
24033803514__24033803527,weighted_bootstrap,-241.42792300417932
24033803516__24033803520,weighted_bootstrap,-59.96189495686849
24033803516__24033803608,weighted_bootstrap,-439.6631628366449
24033803519__24033803524,weighted_bootstrap,173.16209732914285
24033803519__24033803525,weighted_bootstrap,34.72767537152686
24033803520__24033803521,weighted_bootstrap,139.18936104412933
24033803520__24033803523,weighted_bootstrap,217.05118065992792
24033803520__24033803601,weighted_bootstrap,-184.81905282706066
24033803521__24033803523,weighted_bootstrap,801.2574329818599
24033803522__24033803523,weighted_bootstrap,-203.38323613411558
24033803522__24033803526,weighted_bootstrap,597.6516740752704
24033803522__24033803527,weighted_bootstrap,-663.6667202691278
24033803524__24033803525,weighted_bootstrap,-893.9528630788009
24033803601__24033803602,weighted_bootstrap,-1006.4632283509127
24033803601__24033803608,weighted_bootstrap,306.5628573721915
24033803602__24033803608,weighted_bootstrap,107.56233446017723
24033803602__24033803612,weighted_bootstrap,-252.62163611630967
24033803605__24033803606,weighted_bootstrap,-1058.4971792279393
24033803605__24033803610,weighted_bootstrap,225.19734264328144
24033803605__24033803612,weighted_bootstrap,13.88441912754206
24033803605__24033803613,weighted_bootstrap,357.207826026588
24033803605__24033803803,weighted_bootstrap,29.842610573665297
24033803605__24033806602,weighted_bootstrap,246.67366985758963
24033803605__24033806706,weighted_bootstrap,602.2646346203692
24033803606__24033803607,weighted_bootstrap,525.119106019938
24033803606__24033803608,weighted_bootstrap,243.69825885083992
24033803606__24033806710,weighted_bootstrap,-33.25139997547376
24033803606__24033806711,weighted_bootstrap,-27.937069943794995
24033803607__24033803608,weighted_bootstrap,190.1039753449877
24033803608__24033803612,weighted_bootstrap,139.51898940750198
24033803610__24033803612,weighted_bootstrap,-445.45018641778734
24033803610__24033803613,weighted_bootstrap,-825.0122651901765
24033803612__24033803613,weighted_bootstrap,27.267388276370184
24033803612__24033803700,weighted_bootstrap,-324.6356196273773
24033803612__24033803803,weighted_bootstrap,693.8553638061039
24033803613__24033803803,weighted_bootstrap,653.4515094053277
24033803700__24033803801,weighted_bootstrap,-142.22072993849088
24033803700__24033803803,weighted_bootstrap,768.3007148883116
24033803801__24033803803,weighted_bootstrap,-483.6693208209108
24033803801__24033804001,weighted_bootstrap,-201.53364806842
24033803801__24033804102,weighted_bootstrap,-169.80689329936286
24033803803__24033806601,weighted_bootstrap,180.20249001349293
24033803900__24033804001,weighted_bootstrap,90.87480870841864
24033803900__24033804002,weighted_bootstrap,-460.02762836526745
24033803900__24033806300,weighted_bootstrap,-387.77396313276677
24033803900__24033806501,weighted_bootstrap,-416.69980425258836
24033803900__24033806601,weighted_bootstrap,-144.3458479393521
24033804001__24033804002,weighted_bootstrap,655.8930677443204
24033804001__24033804300,weighted_bootstrap,328.2822970224006
24033804002__24033804300,weighted_bootstrap,350.2711465862958
24033804002__24033804400,weighted_bootstrap,-212.0650135164069
24033804002__24033806300,weighted_bootstrap,235.46135400006096
24033804101__24033804102,weighted_bootstrap,-396.6847598316963
24033804101__24033804200,weighted_bootstrap,-2353.0019553430975
24033804102__24033804200,weighted_bootstrap,-391.3937662594253
24033804102__24033804300,weighted_bootstrap,290.93777231679996
24033804200__24033804300,weighted_bootstrap,-1056.527576162167
24033804300__24033804400,weighted_bootstrap,-234.95858884855988
24033804400__24033804600,weighted_bootstrap,351.20304759587816
24033804400__24033804700,weighted_bootstrap,-329.941224375807
24033804400__24033806300,weighted_bootstrap,-372.5812133734362
24033804600__24033804700,weighted_bootstrap,1320.5174761492744
24033804600__24033806200,weighted_bootstrap,-521.1482874854701
24033804600__24033806300,weighted_bootstrap,119.13783152368933
24033804700__24033804801,weighted_bootstrap,742.4418586150205
24033804801__24033804900,weighted_bootstrap,-138.4788098318022
24033804802__24033804900,weighted_bootstrap,101.19097136300115
24033804802__24033805000,weighted_bootstrap,-144.5513839999985
24033804802__24033806100,weighted_bootstrap,-487.2087354379073
24033804900__24033805000,weighted_bootstrap,959.933921528027
24033805000__24033805101,weighted_bootstrap,986.7729110461296
24033805000__24033805201,weighted_bootstrap,-331.89209973433753
24033805000__24033805202,weighted_bootstrap,-610.3037023205907
24033805101__24033805202,weighted_bootstrap,173.06561195701943
24033805101__24033805802,weighted_bootstrap,-498.82199554816907
24033805101__24033806000,weighted_bootstrap,-338.27036014814803
24033805101__24033806100,weighted_bootstrap,60.10100189354853
24033805202__24033805500,weighted_bootstrap,-385.6891630964092
24033805500__24033805601,weighted_bootstrap,28.320734210530645
24033805500__24033805700,weighted_bootstrap,429.84825463854577
24033805500__24033805802,weighted_bootstrap,-103.37786725206024
24033805601__24033805602,weighted_bootstrap,186.85908647351243
24033805601__24033805700,weighted_bootstrap,-1726.9592310251937
24033805602__24033805700,weighted_bootstrap,583.8820930603324
24033805700__24033805801,weighted_bootstrap,155.82603966712395
24033805700__24033805907,weighted_bootstrap,-641.3061819794566
24033805801__24033805802,weighted_bootstrap,-194.0994446049117
24033805801__24033805909,weighted_bootstrap,-165.77730459971644
24033805904__24033805906,weighted_bootstrap,-295.16768255880015
24033805904__24033805907,weighted_bootstrap,0.9570171599079913
24033805904__24033805909,weighted_bootstrap,111.47897622369783
24033805904__24033807200,weighted_bootstrap,-286.8790941568441
24033805904__24033807305,weighted_bootstrap,308.09026999109483
24033805906__24033807305,weighted_bootstrap,-56.38747934251296
24033805908__24033805909,weighted_bootstrap,-364.94517969671506
24033805908__24033806000,weighted_bootstrap,600.7922615605567
24033805908__24033806200,weighted_bootstrap,-33.01048399999854
24033805908__24033806400,weighted_bootstrap,-321.1014442034066
24033805909__24033806000,weighted_bootstrap,363.7374552834517
24033805909__24033806400,weighted_bootstrap,366.50088871011394
24033806000__24033806100,weighted_bootstrap,732.4843194319401
24033806000__24033806200,weighted_bootstrap,-138.79081538092942
24033806100__24033806200,weighted_bootstrap,-109.74426545709139
24033806200__24033806300,weighted_bootstrap,430.98235075886987
24033806200__24033806400,weighted_bootstrap,-322.46342980430927
24033806200__24033806501,weighted_bootstrap,-169.3082044908515
24033806300__24033806501,weighted_bootstrap,667.0284300192361
24033806400__24033806501,weighted_bootstrap,-68.5850741287868
24033806400__24033807102,weighted_bootstrap,402.54131039419735
24033806400__24033807200,weighted_bootstrap,243.2018106800897
24033806501__24033806601,weighted_bootstrap,15.127305431753484
24033806501__24033807102,weighted_bootstrap,179.3869769646917
24033806601__24033806602,weighted_bootstrap,-181.11426750681494
24033806601__24033807102,weighted_bootstrap,-256.59034322656225
24033806602__24033806706,weighted_bootstrap,866.2267908854592
24033806602__24033807102,weighted_bootstrap,-541.6929513253963
24033806706__24033806708,weighted_bootstrap,-652.6731039255392
24033806706__24033806710,weighted_bootstrap,1070.301406228653
24033806706__24033806713,weighted_bootstrap,-1872.785572312714
24033806706__24033806800,weighted_bootstrap,-1366.3652773825306
24033806706__24033807102,weighted_bootstrap,-536.5673674800819
24033806706__24033807408,weighted_bootstrap,294.0615368961662
24033806708__24033806710,weighted_bootstrap,-279.04553924128413
24033806708__24033806712,weighted_bootstrap,-1082.4019549464865
24033806708__24033807408,weighted_bootstrap,-52.832608080680075
24033806710__24033806711,weighted_bootstrap,458.7726442587409
24033806710__24033806712,weighted_bootstrap,1136.7985351867392
24033806711__24033806712,weighted_bootstrap,-263.9059818848182
24033806712__24033807408,weighted_bootstrap,-231.384788833755
24033806713__24033806714,weighted_bootstrap,1590.3457876114226
24033806713__24033806800,weighted_bootstrap,-895.0793979814698
24033806713__24033807408,weighted_bootstrap,-1146.8701434148243
24033806714__24033806800,weighted_bootstrap,-81.25986245820422
24033806714__24033806900,weighted_bootstrap,155.78399526181238
24033806714__24033807408,weighted_bootstrap,546.864468644184
24033806800__24033807000,weighted_bootstrap,-311.7192849358689
24033806800__24033807102,weighted_bootstrap,-949.2717205544632
24033806900__24033807000,weighted_bootstrap,-645.3251197269419
24033806900__24033807301,weighted_bootstrap,336.371781513888
24033806900__24033807404,weighted_bootstrap,620.7159167343343
24033807000__24033807200,weighted_bootstrap,328.9086397495703
24033807000__24033807301,weighted_bootstrap,468.8783601493924
24033807102__24033807200,weighted_bootstrap,135.20662004024416
24033807200__24033807301,weighted_bootstrap,1142.1630807915499
24033807200__24033807305,weighted_bootstrap,292.01374959299574
24033807301__24033807305,weighted_bootstrap,1123.0242843004926
24033807301__24033807404,weighted_bootstrap,307.4819727457725
24033807301__24033807405,weighted_bootstrap,1652.6672011034389
24033807304__24033807305,weighted_bootstrap,-1055.3199955848104
24033807304__24033807405,weighted_bootstrap,-633.1413735065289
24033807304__24033807409,weighted_bootstrap,-138.47357628677855
24033807404__24033807405,weighted_bootstrap,347.5468195352005
24033807404__24033807408,weighted_bootstrap,126.40907413495006
24033807405__24033807408,weighted_bootstrap,775.3207802717352
24033807405__24033807409,weighted_bootstrap,211.21840668053483
24033807407__24033807408,weighted_bootstrap,-85.56585229118355
24033807407__24033807409,weighted_bootstrap,291.27181477084014
24033807407__24033807410,weighted_bootstrap,-305.2678337666839
24033807409__24033807410,weighted_bootstrap,326.9225722171286
24035810100__24035810200,weighted_bootstrap,-371.1622164015671
24035810100__24035810300,weighted_bootstrap,-374.63074075941404
24035810200__24035810300,weighted_bootstrap,-82.4281503625657
24035810200__24035810500,weighted_bootstrap,0.0
24035810400__24035810500,weighted_bootstrap,-643.8596432800841
24035810400__24035810600,weighted_bootstrap,-566.4506247723257
24035810500__24035810600,weighted_bootstrap,-388.7030071930567
24035810500__24041960100,weighted_bootstrap,120.68234070481049
24035810600__24035810700,weighted_bootstrap,-513.3522703673007
24035810800__24035810901,weighted_bootstrap,607.2001381831651
24035810800__24035811000,weighted_bootstrap,-321.57962440274423
24035810901__24035811000,weighted_bootstrap,130.6251014470763
24037875000__24037875100,weighted_bootstrap,-928.083044133673
24037875000__24037875201,weighted_bootstrap,69.78473075800866
24037875000__24037875600,weighted_bootstrap,343.6100200000001
24037875100__24037875201,weighted_bootstrap,1094.6773159999993
24037875201__24037875202,weighted_bootstrap,491.3533343036115
24037875201__24037875300,weighted_bootstrap,133.3626720000002
24037875201__24037875500,weighted_bootstrap,559.7718469383799
24037875201__24037875600,weighted_bootstrap,-304.6646360000004
24037875300__24037875400,weighted_bootstrap,285.1614040000004
24037875400__24037875500,weighted_bootstrap,-545.8557920000021
24037875500__24037875600,weighted_bootstrap,852.7227498871434
24037875600__24037875700,weighted_bootstrap,-1227.4716427205421
24037875600__24037875802,weighted_bootstrap,158.71145028642422
24037875600__24037876002,weighted_bootstrap,87.99721704443073
24037875700__24037875802,weighted_bootstrap,180.5253305741535
24037875801__24037875802,weighted_bootstrap,876.5055519999987
24037875801__24037875901,weighted_bootstrap,391.25195850008095
24037875801__24037876001,weighted_bootstrap,-3.6101439999983995
24037875802__24037876001,weighted_bootstrap,-602.0776560000013
24037875802__24037876002,weighted_bootstrap,-712.745616031767
24037875901__24037875902,weighted_bootstrap,407.2350399999996
24037875901__24037876001,weighted_bootstrap,0.0
24037875901__24037876200,weighted_bootstrap,12.529146749960091
24037875902__24037876001,weighted_bootstrap,540.8051959999993
24037875902__24037876002,weighted_bootstrap,-300.4510599999994
24037875902__24037876100,weighted_bootstrap,226.86358400000063
24037875902__24037876200,weighted_bootstrap,24.968547999999828
24037876001__24037876002,weighted_bootstrap,573.4510599999994
24037876002__24037876100,weighted_bootstrap,-294.8274006984684
24039930101__24039930102,weighted_bootstrap,545.171253195469
24039930101__24047951400,weighted_bootstrap,-567.8817447330503
24039930102__24045010800,weighted_bootstrap,-422.26118761246926
24039930300__24039980400,weighted_bootstrap,34.24874263568563
24039930300__24047951400,weighted_bootstrap,-184.43734144328118
24039930300__24047951500,weighted_bootstrap,368.28487420737656
24039930500__24039930600,weighted_bootstrap,177.4073595549371
24041960201__24041960300,weighted_bootstrap,-142.00411995040486
24041960201__24041960400,weighted_bootstrap,241.64492802808854
24041960201__24041960501,weighted_bootstrap,1082.732614063454
24041960201__24041960502,weighted_bootstrap,160.10301152157626
24041960300__24041960400,weighted_bootstrap,731.3998813535727
24041960300__24041960501,weighted_bootstrap,-252.80883819401788
24041960400__24041960501,weighted_bootstrap,1006.1929231763643
24041960400__24041960502,weighted_bootstrap,-601.1900756532923
24041960501__24041960502,weighted_bootstrap,259.2573396873613
24041960600__24041960700,weighted_bootstrap,437.36268951027705
24041960700__24041960800,weighted_bootstrap,-173.62115887782147
24043000100__24043000200,weighted_bootstrap,113.27734694652099
24043000100__24043000500,weighted_bootstrap,733.9144578388386
24043000100__24043010300,weighted_bootstrap,158.56017536457375
24043000100__24043011202,weighted_bootstrap,-107.99155038130539
24043000200__24043000301,weighted_bootstrap,-151.45228793404385
24043000200__24043000302,weighted_bootstrap,272.3809353677834
24043000200__24043000400,weighted_bootstrap,21.746316331120397
24043000200__24043010300,weighted_bootstrap,-49.564029545523226
24043000301__24043000302,weighted_bootstrap,484.18627684338753
24043000301__24043000900,weighted_bootstrap,968.0389003161254
24043000301__24043010300,weighted_bootstrap,141.124893557193
24043000301__24043010400,weighted_bootstrap,286.50408214784693
24043000302__24043000400,weighted_bootstrap,52.71735462743527
24043000302__24043000900,weighted_bootstrap,107.55634792013188
24043000400__24043000500,weighted_bootstrap,122.32739327657146
24043000400__24043000700,weighted_bootstrap,292.7523133445329
24043000400__24043000800,weighted_bootstrap,-692.0620858667462
24043000400__24043000900,weighted_bootstrap,-72.37355401422928
24043000500__24043000601,weighted_bootstrap,1083.5641219854479
24043000500__24043000700,weighted_bootstrap,330.5303248394057
24043000500__24043011201,weighted_bootstrap,195.12854817368498
24043000601__24043000602,weighted_bootstrap,-394.8879522659554
24043000601__24043000700,weighted_bootstrap,-355.62450602293256
24043000601__24043011201,weighted_bootstrap,321.6403298924706
24043000602__24043000700,weighted_bootstrap,-439.5977205948766
24043000602__24043001001,weighted_bootstrap,654.8026058858377
24043000602__24043010900,weighted_bootstrap,495.11488765026934
24043000602__24043011100,weighted_bootstrap,-735.4981370132264
24043000602__24043011201,weighted_bootstrap,-153.45398621795175
24043000700__24043000800,weighted_bootstrap,-107.81800027234931
24043000800__24043000900,weighted_bootstrap,-836.7166734373322
24043000900__24043001001,weighted_bootstrap,-1100.4705222324046
24043000900__24043001002,weighted_bootstrap,-966.3147810954488
24043000900__24043010500,weighted_bootstrap,-504.15320434531895
24043001001__24043001002,weighted_bootstrap,-252.73697334929057
24043001001__24043010900,weighted_bootstrap,-532.9451654206841
24043001002__24043010500,weighted_bootstrap,93.70511403858836
24043001002__24043010801,weighted_bootstrap,64.13309316145023
24043001002__24043010802,weighted_bootstrap,408.387282934601
24043010200__24043011202,weighted_bootstrap,866.2626431187855
24043010200__24043011301,weighted_bootstrap,566.8640539201206
24043010300__24043010400,weighted_bootstrap,-53.73987018200569
24043010300__24043011202,weighted_bootstrap,-463.11639709580413
24043010400__24043010500,weighted_bootstrap,284.6434156012838
24043010500__24043010600,weighted_bootstrap,-374.16847326373863
24043010500__24043010801,weighted_bootstrap,-279.11378436506493
24043010600__24043010700,weighted_bootstrap,281.87039342807475
24043010801__24043010802,weighted_bootstrap,-929.5882348680861
24043010802__24043010900,weighted_bootstrap,650.2904087493207
24043010900__24043011100,weighted_bootstrap,689.4794687961012
24043010900__24043011600,weighted_bootstrap,-291.08468734563576
24043011100__24043011201,weighted_bootstrap,817.2517306185109
24043011100__24043011302,weighted_bootstrap,-468.8520740463355
24043011201__24043011202,weighted_bootstrap,10.330852798215346
24043011201__24043011302,weighted_bootstrap,369.6899800295487
24043011202__24043011301,weighted_bootstrap,-400.968150549179
24043011202__24043011302,weighted_bootstrap,-352.68908651542824
24043011301__24043011302,weighted_bootstrap,72.20868687214715
24043011302__24043011400,weighted_bootstrap,-576.9607978940312
24043011500__24043011600,weighted_bootstrap,-258.68866845710454
24045000100__24045000200,weighted_bootstrap,232.9869420365103
24045000100__24045000500,weighted_bootstrap,317.7318775334661
24045000100__24045010101,weighted_bootstrap,301.62025270866434
24045000100__24045010102,weighted_bootstrap,197.2809944022847
24045000200__24045000300,weighted_bootstrap,99.37907241058565
24045000200__24045000400,weighted_bootstrap,-237.5048528002062
24045000200__24045010101,weighted_bootstrap,-237.53196234237112
24045000200__24045010200,weighted_bootstrap,267.99327190613576
24045000300__24045000400,weighted_bootstrap,769.0360743864603
24045000300__24045010200,weighted_bootstrap,234.26631679969432
24045000300__24045010300,weighted_bootstrap,81.37621208615747
24045000400__24045000500,weighted_bootstrap,-499.7871104557198
24045000400__24045010400,weighted_bootstrap,131.21247672277968
24045000500__24045010502,weighted_bootstrap,693.5509903836173
24045010101__24045010102,weighted_bootstrap,111.83046097160695
24045010101__24045010200,weighted_bootstrap,620.3435171126002
24045010101__24045010603,weighted_bootstrap,-688.2280785492003
24045010101__24045010702,weighted_bootstrap,-496.54398135704105
24045010102__24045010502,weighted_bootstrap,-54.08747702674373
24045010102__24045010606,weighted_bootstrap,-809.1592793527161
24045010200__24045010300,weighted_bootstrap,-51.89603673064266
24045010200__24045010702,weighted_bootstrap,276.63557657503407
24045010300__24045010400,weighted_bootstrap,167.39768244929837
24045010300__24045010800,weighted_bootstrap,43.24883900584064
24045010400__24045010501,weighted_bootstrap,-1196.7035224022184
24045010400__24045010502,weighted_bootstrap,68.96213873101442
24045010400__24045010800,weighted_bootstrap,-156.46881532062253
24045010501__24045010502,weighted_bootstrap,-398.24978897301116
24045010501__24045010605,weighted_bootstrap,500.99642572453376
24045010502__24045010605,weighted_bootstrap,384.65266844956204
24045010502__24045010606,weighted_bootstrap,-96.33020146036506
24045010603__24045010604,weighted_bootstrap,180.00669827584352
24045010603__24045010606,weighted_bootstrap,-245.9369735644941
24045010603__24045010702,weighted_bootstrap,305.13254564204544
24045010604__24045010606,weighted_bootstrap,384.1579644905287
24045010605__24045010606,weighted_bootstrap,-644.75545176992
24045010605__24047951400,weighted_bootstrap,-916.7352614240626
24045010606__24047950800,weighted_bootstrap,987.468353567614
24045010701__24045010702,weighted_bootstrap,-8.140491659019972
24047950000__24047950100,weighted_bootstrap,419.8347675764544
24047950000__24047950400,weighted_bootstrap,-458.8986334977417
24047950000__24047951700,weighted_bootstrap,-182.79798104199654
24047950400__24047951700,weighted_bootstrap,-158.12198931723833
24047950600__24047950700,weighted_bootstrap,761.044207224455
24047950600__24047950900,weighted_bootstrap,604.8442704799227
24047950600__24047951100,weighted_bootstrap,-89.01287708003292
24047950700__24047950800,weighted_bootstrap,-10.777825875555209
24047950700__24047950900,weighted_bootstrap,-258.61608654468546
24047950800__24047950900,weighted_bootstrap,-266.6600788096912
24047950800__24047951000,weighted_bootstrap,40.389569734750694
24047950900__24047951000,weighted_bootstrap,903.9971620599244
24047950900__24047951100,weighted_bootstrap,-1497.4048600818714
24047950900__24047951700,weighted_bootstrap,-117.19808902151999
24047951200__24047951300,weighted_bootstrap,721.4603381812867
24047951400__24047951500,weighted_bootstrap,35.072697996867646
24510010100__24510010200,weighted_bootstrap,-277.2220805902616
24510010100__24510010400,weighted_bootstrap,-610.5709027968296
24510010100__24510261100,weighted_bootstrap,-1072.1058186520713
24510010200__24510261100,weighted_bootstrap,-231.18837077805256
24510010300__24510010400,weighted_bootstrap,327.0687193155718
24510010300__24510010500,weighted_bootstrap,-1119.3636197722808
24510010300__24510060200,weighted_bootstrap,318.4077992410748
24510010300__24510060300,weighted_bootstrap,521.6279413184493
24510010400__24510010500,weighted_bootstrap,616.8460922602999
24510010400__24510020300,weighted_bootstrap,-199.91115119007372
24510010500__24510020100,weighted_bootstrap,-440.9389606751283
24510010500__24510060300,weighted_bootstrap,255.45078257919613
24510020100__24510020200,weighted_bootstrap,66.11917775090842
24510020100__24510020300,weighted_bootstrap,-552.1857008258976
24510020200__24510020300,weighted_bootstrap,702.2224359305401
24510020200__24510030100,weighted_bootstrap,850.6982630354942
24510020300__24510030100,weighted_bootstrap,-601.8260705137036
24510020300__24510030200,weighted_bootstrap,-949.2091961900442
24510030100__24510030200,weighted_bootstrap,-24.340305411871668
24510030100__24510280500,weighted_bootstrap,378.2864144190462
24510030200__24510040100,weighted_bootstrap,651.9321272710586
24510030200__24510220100,weighted_bootstrap,764.8526895361829
24510030200__24510280500,weighted_bootstrap,-569.5109485853809
24510040100__24510040200,weighted_bootstrap,-644.3367588416731
24510040100__24510110100,weighted_bootstrap,439.208369330976
24510040100__24510110200,weighted_bootstrap,-614.6418550700255
24510040100__24510170100,weighted_bootstrap,-551.5682453154968
24510040100__24510220100,weighted_bootstrap,3200.040371055853
24510040100__24510280500,weighted_bootstrap,-319.6181695510895
24510040200__24510170100,weighted_bootstrap,594.2311382257467
24510040200__24510180100,weighted_bootstrap,-248.73368924998795
24510040200__24510180300,weighted_bootstrap,597.1867348731157
24510040200__24510220100,weighted_bootstrap,125.0307524066593
24510060100__24510060200,weighted_bootstrap,-1226.3416364390469
24510060100__24510070100,weighted_bootstrap,-652.3172799916028
24510060100__24510261000,weighted_bootstrap,-446.357282077066
24510060200__24510060300,weighted_bootstrap,-804.875275648521
24510060200__24510070200,weighted_bootstrap,-24.565508779591255
24510060300__24510070300,weighted_bootstrap,-409.78787389076024
24510070100__24510070200,weighted_bootstrap,-76.30317268997533
24510070100__24510080302,weighted_bootstrap,419.28145241791026
24510070100__24510260404,weighted_bootstrap,844.414225061857
24510070100__24510261000,weighted_bootstrap,-525.5271315103328
24510070200__24510070300,weighted_bootstrap,-151.28002355144417
24510080101__24510080102,weighted_bootstrap,273.82603937405656
24510080101__24510080200,weighted_bootstrap,-687.6096681537383
24510080101__24510080500,weighted_bootstrap,-584.473344979886
24510080101__24510090200,weighted_bootstrap,230.47986663091433
24510080101__24510090600,weighted_bootstrap,100.21766958145963
24510080101__24510090700,weighted_bootstrap,342.2141462504951
24510080101__24510260301,weighted_bootstrap,-321.03742099538977
24510080101__24510270101,weighted_bootstrap,-1358.5578134206226
24510080102__24510080200,weighted_bootstrap,544.9959080697045
24510080200__24510080301,weighted_bootstrap,344.09243561106996
24510080200__24510080400,weighted_bootstrap,123.56884763645212
24510080200__24510080500,weighted_bootstrap,-748.9313339747641
24510080200__24510260303,weighted_bootstrap,-177.0733978564058
24510080301__24510080302,weighted_bootstrap,-440.79169534986613
24510080301__24510080400,weighted_bootstrap,782.9705695148405
24510080302__24510260404,weighted_bootstrap,143.0855823878046
24510080500__24510080600,weighted_bootstrap,323.6248930759284
24510080500__24510090800,weighted_bootstrap,-517.1663595943646
24510080500__24510090900,weighted_bootstrap,341.55045569592585
24510080600__24510080700,weighted_bootstrap,-640.2416506794943
24510080600__24510090900,weighted_bootstrap,389.6806556420888
24510090100__24510090200,weighted_bootstrap,-483.1626499142585
24510090100__24510090300,weighted_bootstrap,-985.7331731522354
24510090100__24510120100,weighted_bootstrap,-431.8725263028409
24510090100__24510271001,weighted_bootstrap,-486.6092180522719
24510090100__24510271102,weighted_bootstrap,-190.0360397910688
24510090200__24510090300,weighted_bootstrap,1059.8191431723299
24510090200__24510090600,weighted_bootstrap,565.904543229015
24510090200__24510270200,weighted_bootstrap,-323.06697401360725
24510090200__24510270903,weighted_bootstrap,-1138.2157477947912
24510090300__24510090500,weighted_bootstrap,-534.4732173289522
24510090300__24510120100,weighted_bootstrap,470.20319002081123
24510090400__24510090500,weighted_bootstrap,-156.97580227959043
24510090500__24510090600,weighted_bootstrap,385.82432354772027
24510090500__24510090700,weighted_bootstrap,575.0455691226889
24510090600__24510090700,weighted_bootstrap,299.3921124998742
24510090700__24510090800,weighted_bootstrap,86.93800898295194
24510090800__24510090900,weighted_bootstrap,-1186.9733720914155
24510090800__24510120400,weighted_bootstrap,6.109409593149394
24510090900__24510100100,weighted_bootstrap,-2326.61306716517
24510090900__24510120500,weighted_bootstrap,-553.4873954566465
24510100100__24510100200,weighted_bootstrap,-1394.130303633894
24510100100__24510100300,weighted_bootstrap,1056.1898223159824
24510100100__24510110100,weighted_bootstrap,-880.2509480954814
24510100100__24510120500,weighted_bootstrap,316.23514257033094
24510100200__24510100300,weighted_bootstrap,303.23040992278766
24510100200__24510280500,weighted_bootstrap,-528.4690177914817
24510100300__24510110100,weighted_bootstrap,804.172922260841
24510100300__24510280500,weighted_bootstrap,-77.11124763407861
24510110100__24510110200,weighted_bootstrap,1084.2924775431966
24510110100__24510120500,weighted_bootstrap,-180.18016540843746
24510110100__24510280500,weighted_bootstrap,277.96349329282384
24510110200__24510120500,weighted_bootstrap,222.44384905236075
24510110200__24510140100,weighted_bootstrap,-93.31274004359148
24510110200__24510170100,weighted_bootstrap,-545.3570261071072
24510110200__24510170200,weighted_bootstrap,922.7228563420231
24510120100__24510120201,weighted_bootstrap,-926.2430054142897
24510120100__24510120202,weighted_bootstrap,381.99482904309116
24510120100__24510271102,weighted_bootstrap,533.6546444400155
24510120100__24510271400,weighted_bootstrap,-675.8130884929233
24510120201__24510120202,weighted_bootstrap,-1140.6393440634201
24510120201__24510120300,weighted_bootstrap,-586.9484780818384
24510120202__24510120600,weighted_bootstrap,-197.54641984772388
24510120202__24510120700,weighted_bootstrap,-425.1417912028264
24510120300__24510120400,weighted_bootstrap,-381.75514100899454
24510120300__24510120600,weighted_bootstrap,847.8719666938978
24510120400__24510120500,weighted_bootstrap,-1023.676337956229
24510120400__24510120600,weighted_bootstrap,-790.4308137610733
24510120500__24510120600,weighted_bootstrap,-389.71555087139495
24510120500__24510120700,weighted_bootstrap,-143.59534741491734
24510120500__24510140100,weighted_bootstrap,523.8303304794208
24510120600__24510120700,weighted_bootstrap,1092.6702358241455
24510120700__24510130100,weighted_bootstrap,-7.955755883420352
24510120700__24510130200,weighted_bootstrap,63.03387941190158
24510120700__24510130400,weighted_bootstrap,159.98152697535625
24510120700__24510130600,weighted_bootstrap,-105.3457205070772
24510130100__24510130200,weighted_bootstrap,185.00343711662572
24510130100__24510130300,weighted_bootstrap,68.09982389659399
24510130100__24510130400,weighted_bootstrap,-305.9923707878552
24510130200__24510130300,weighted_bootstrap,133.134976249175
24510130200__24510140100,weighted_bootstrap,270.9015915421769
24510130200__24510140300,weighted_bootstrap,72.25632677270278
24510130300__24510130400,weighted_bootstrap,-193.67311473694826
24510130300__24510140300,weighted_bootstrap,447.20982963290226
24510130300__24510150400,weighted_bootstrap,205.54469451564546
24510130400__24510130600,weighted_bootstrap,426.0471506552567
24510130400__24510130804,weighted_bootstrap,29.167345471907538
24510130400__24510130806,weighted_bootstrap,281.375349489721
24510130400__24510150400,weighted_bootstrap,885.1382961795898
24510130400__24510150500,weighted_bootstrap,-271.63860214836313
24510130400__24510151200,weighted_bootstrap,-990.5924990210897
24510130600__24510130700,weighted_bootstrap,94.50214476538531
24510130600__24510130804,weighted_bootstrap,268.56831171743397
24510130700__24510130803,weighted_bootstrap,959.0874302727934
24510130700__24510130804,weighted_bootstrap,-367.70015051031805
24510130700__24510271400,weighted_bootstrap,327.69982021299074
24510130803__24510130804,weighted_bootstrap,134.87322989027234
24510130803__24510130806,weighted_bootstrap,-491.88637597695924
24510130803__24510271400,weighted_bootstrap,-34.6485106284963
24510130803__24510271503,weighted_bootstrap,-405.0209020270395
24510130804__24510130806,weighted_bootstrap,305.35174825986905
24510130805__24510130806,weighted_bootstrap,-783.2145167541094
24510130805__24510271501,weighted_bootstrap,-950.1030924976876
24510130805__24510271503,weighted_bootstrap,-564.6647197218554
24510130805__24510271600,weighted_bootstrap,115.68835139158182
24510130805__24510271700,weighted_bootstrap,77.25539544488493
24510130806__24510151300,weighted_bootstrap,154.95601670591168
24510130806__24510271600,weighted_bootstrap,16.755080539567643
24510140100__24510140200,weighted_bootstrap,32.207972099377
24510140100__24510140300,weighted_bootstrap,-172.02680159913143
24510140100__24510170200,weighted_bootstrap,-1705.4711590822517
24510140200__24510140300,weighted_bootstrap,253.47994901097627
24510140200__24510160100,weighted_bootstrap,-333.72546188645174
24510140200__24510170200,weighted_bootstrap,-163.13118619184388
24510140200__24510170300,weighted_bootstrap,333.63241477208794
24510140300__24510150100,weighted_bootstrap,418.21754433130263
24510150100__24510150200,weighted_bootstrap,-52.63130384835313
24510150100__24510150400,weighted_bootstrap,-78.46592777439582
24510150100__24510160100,weighted_bootstrap,324.4039124585479
24510150100__24510160200,weighted_bootstrap,123.48058889349522
24510150100__24510160300,weighted_bootstrap,-113.79948481804422
24510150200__24510150300,weighted_bootstrap,150.58961747688227
24510150200__24510150400,weighted_bootstrap,853.3293689165475
24510150200__24510160300,weighted_bootstrap,368.48075236483055
24510150200__24510160400,weighted_bootstrap,-0.5768564913705632
24510150200__24510160500,weighted_bootstrap,112.66684409466507
24510150400__24510150500,weighted_bootstrap,-142.06991112901233
24510150400__24510150600,weighted_bootstrap,255.4906113635625
24510150500__24510150701,weighted_bootstrap,954.6478137606791
24510150500__24510151100,weighted_bootstrap,1140.7586071983242
24510150600__24510150701,weighted_bootstrap,-1.2460758944598638
24510150600__24510150702,weighted_bootstrap,-574.5515795342035
24510150600__24510150800,weighted_bootstrap,-242.35247517088283
24510150600__24510150900,weighted_bootstrap,-0.26590635838692833
24510150600__24510160700,weighted_bootstrap,-326.0404215532435
24510150701__24510150702,weighted_bootstrap,-580.8157315765202
24510150701__24510150800,weighted_bootstrap,-1073.5711954309263
24510150701__24510151100,weighted_bootstrap,339.5698024292833
24510150702__24510150800,weighted_bootstrap,-10.078955177355056
24510150800__24510150900,weighted_bootstrap,-241.70980111795143
24510150800__24510151000,weighted_bootstrap,440.4745451252529
24510150800__24510151100,weighted_bootstrap,-107.32028646546678
24510150900__24510151000,weighted_bootstrap,772.1422569845199
24510150900__24510160700,weighted_bootstrap,-259.4307241865954
24510150900__24510160802,weighted_bootstrap,478.2624849679032
24510150900__24510280301,weighted_bootstrap,-180.72179781995146
24510150900__24510280302,weighted_bootstrap,9.56967790658382
24510151000__24510151100,weighted_bootstrap,364.7480840211647
24510151000__24510280101,weighted_bootstrap,390.38372214036826
24510151000__24510280102,weighted_bootstrap,1074.4936920094042
24510151000__24510280200,weighted_bootstrap,264.5032667662417
24510151100__24510151200,weighted_bootstrap,292.7843913752022
24510151100__24510151300,weighted_bootstrap,259.1155053221446
24510151200__24510151300,weighted_bootstrap,-320.394101580594
24510151300__24510271600,weighted_bootstrap,-1341.7589040803177
24510151300__24510280101,weighted_bootstrap,106.37730886134614
24510160100__24510160200,weighted_bootstrap,996.6002929779352
24510160100__24510170300,weighted_bootstrap,-189.64131003153307
24510160100__24510180100,weighted_bootstrap,-26.396833914845047
24510160100__24510180200,weighted_bootstrap,-55.24293487851537
24510160200__24510160300,weighted_bootstrap,-133.78596940016723
24510160200__24510190100,weighted_bootstrap,271.40143783988606
24510160300__24510160400,weighted_bootstrap,570.0135677437938
24510160300__24510190100,weighted_bootstrap,175.59093355200093
24510160400__24510160500,weighted_bootstrap,-660.6087971723955
24510160400__24510200100,weighted_bootstrap,137.53176039610298
24510160500__24510160600,weighted_bootstrap,235.2039786222358
24510160500__24510200200,weighted_bootstrap,-406.0485986773201
24510160600__24510160700,weighted_bootstrap,-479.3614257448153
24510160600__24510200200,weighted_bootstrap,-696.2092006018975
24510160700__24510160802,weighted_bootstrap,-700.794719988975
24510160700__24510200600,weighted_bootstrap,266.30991463337705
24510160801__24510160802,weighted_bootstrap,502.3038875510865
24510160801__24510200701,weighted_bootstrap,165.32609657950343
24510160801__24510280402,weighted_bootstrap,877.9738614290545
24510160802__24510200600,weighted_bootstrap,-474.3317745070617
24510160802__24510200701,weighted_bootstrap,725.402437085857
24510170100__24510170200,weighted_bootstrap,179.11999319737515
24510170100__24510170300,weighted_bootstrap,635.8649333888206
24510170200__24510170300,weighted_bootstrap,-328.33526000650636
24510170300__24510180100,weighted_bootstrap,334.55684526330515
24510180100__24510180200,weighted_bootstrap,-324.08782633937335
24510180100__24510180300,weighted_bootstrap,-219.73806163375866
24510180200__24510180300,weighted_bootstrap,-342.7687057052681
24510180200__24510190100,weighted_bootstrap,537.7500569506592
24510180300__24510190200,weighted_bootstrap,735.252175228683
24510180300__24510210100,weighted_bootstrap,-101.23914938943653
24510180300__24510210200,weighted_bootstrap,151.46714729742598
24510190100__24510200100,weighted_bootstrap,197.27818134679
24510190200__24510190300,weighted_bootstrap,902.899986847442
24510190200__24510210200,weighted_bootstrap,967.0586017240494
24510190300__24510200300,weighted_bootstrap,-475.7313458596509
24510190300__24510200500,weighted_bootstrap,-232.0655031999595
24510190300__24510210200,weighted_bootstrap,-480.6800864493907
24510200100__24510200200,weighted_bootstrap,-131.94708213350168
24510200200__24510200600,weighted_bootstrap,-828.3513009122798
24510200300__24510200400,weighted_bootstrap,-343.69850965764
24510200300__24510200500,weighted_bootstrap,22.58271783868622
24510200400__24510200500,weighted_bootstrap,-269.711522815378
24510200500__24510200600,weighted_bootstrap,468.8883807579123
24510200500__24510210200,weighted_bootstrap,-308.06284317007885
24510200500__24510250206,weighted_bootstrap,339.5884473620281
24510200600__24510200701,weighted_bootstrap,21.675149682214396
24510200600__24510200702,weighted_bootstrap,-654.0375669962414
24510200600__24510200800,weighted_bootstrap,416.08648539992646
24510200600__24510250206,weighted_bootstrap,122.75581102681826
24510200701__24510200702,weighted_bootstrap,130.97802007327846
24510200701__24510200800,weighted_bootstrap,186.99417234316934
24510200701__24510280402,weighted_bootstrap,77.73339171745101
24510200701__24510280404,weighted_bootstrap,229.042953793396
24510200702__24510200800,weighted_bootstrap,311.6684635121637
24510210100__24510210200,weighted_bootstrap,759.3105729366798
24510210100__24510220100,weighted_bootstrap,999.0484280517412
24510210100__24510230100,weighted_bootstrap,590.8392964781087
24510210100__24510230300,weighted_bootstrap,223.97770308917097
24510210100__24510250301,weighted_bootstrap,72.93126660652342
24510210200__24510250206,weighted_bootstrap,-45.61053423589328
24510210200__24510250301,weighted_bootstrap,21.956902434272706
24510210200__24510250303,weighted_bootstrap,598.729145844758
24510220100__24510230100,weighted_bootstrap,529.5057441452373
24510220100__24510230200,weighted_bootstrap,328.5408456852747
24510220100__24510240200,weighted_bootstrap,120.1601587513178
24510220100__24510240300,weighted_bootstrap,-977.7141540173479
24510230100__24510230200,weighted_bootstrap,-370.82247254311005
24510230100__24510230300,weighted_bootstrap,-134.1346669352206
24510230200__24510230300,weighted_bootstrap,-137.57802559766242
24510230200__24510240300,weighted_bootstrap,-1552.5897934203276
24510230200__24510240400,weighted_bootstrap,193.37723508439194
24510230300__24510240400,weighted_bootstrap,451.92058658782116
24510230300__24510250301,weighted_bootstrap,233.75323579620817
24510240100__24510240400,weighted_bootstrap,-2873.1034925812564
24510240200__24510240300,weighted_bootstrap,-234.89616054954604
24510240200__24510240400,weighted_bootstrap,-881.439355046863
24510240300__24510240400,weighted_bootstrap,739.0661052736741
24510250101__24510250102,weighted_bootstrap,711.6124283510926
24510250101__24510250103,weighted_bootstrap,-491.64868487096464
24510250101__24510280403,weighted_bootstrap,812.0423380919456
24510250102__24510250103,weighted_bootstrap,-413.2199041622225
24510250102__24510280403,weighted_bootstrap,295.9293829233711
24510250102__24510280404,weighted_bootstrap,-425.9362269565636
24510250103__24510250206,weighted_bootstrap,998.9024114489439
24510250203__24510250204,weighted_bootstrap,486.9440998890859
24510250203__24510250205,weighted_bootstrap,-402.2042628788622
24510250203__24510250207,weighted_bootstrap,288.7164280120669
24510250203__24510250600,weighted_bootstrap,263.9600576656794
24510250204__24510250205,weighted_bootstrap,662.6107660908456
24510250204__24510250207,weighted_bootstrap,752.7884852465068
24510250204__24510250301,weighted_bootstrap,-11.109947260451008
24510250205__24510250206,weighted_bootstrap,307.1182692528637
24510250205__24510250301,weighted_bootstrap,-580.8931182998458
24510250205__24510250401,weighted_bootstrap,-298.43044764658407
24510250206__24510250303,weighted_bootstrap,643.0831208822783
24510250301__24510250303,weighted_bootstrap,72.72348998451344
24510250401__24510250402,weighted_bootstrap,-91.75486942203861
24510250401__24510250500,weighted_bootstrap,64.98584056224172
24510250401__24510250600,weighted_bootstrap,568.7107906774327
24510250402__24510250500,weighted_bootstrap,173.45802482290128
24510250500__24510250600,weighted_bootstrap,-845.5493943941256
24510260101__24510260102,weighted_bootstrap,-517.1309557955756
24510260101__24510270401,weighted_bootstrap,787.8970476939467
24510260101__24510270502,weighted_bootstrap,-192.6208724789849
24510260102__24510260201,weighted_bootstrap,-666.7525113220327
24510260102__24510260203,weighted_bootstrap,-362.5810776585786
24510260102__24510260403,weighted_bootstrap,-42.74987972058261
24510260102__24510270401,weighted_bootstrap,512.0613234546654
24510260201__24510260202,weighted_bootstrap,-958.8661689928485
24510260201__24510260203,weighted_bootstrap,-50.10296408000431
24510260201__24510270102,weighted_bootstrap,304.73920336217634
24510260201__24510270401,weighted_bootstrap,291.36511795970364
24510260202__24510260301,weighted_bootstrap,910.4692881380724
24510260202__24510260302,weighted_bootstrap,-245.85153243229433
24510260202__24510270101,weighted_bootstrap,-294.61216072582465
24510260203__24510260303,weighted_bootstrap,-756.0081664306854
24510260203__24510260402,weighted_bootstrap,1019.1723086952989
24510260203__24510260403,weighted_bootstrap,521.6607788483843
24510260301__24510260302,weighted_bootstrap,313.1374920462076
24510260302__24510260303,weighted_bootstrap,306.9833060733217
24510260303__24510260404,weighted_bootstrap,-1536.865739800116
24510260401__24510260402,weighted_bootstrap,486.0183820108505
24510260401__24510260403,weighted_bootstrap,-216.37067788059358
24510260401__24510260404,weighted_bootstrap,124.72609123234724
24510260402__24510260403,weighted_bootstrap,-357.9068788077129
24510260403__24510260404,weighted_bootstrap,-58.32082821846416
24510260404__24510260501,weighted_bootstrap,-94.21133143884072
24510260404__24510260700,weighted_bootstrap,490.838026017851
24510260404__24510261000,weighted_bootstrap,-386.2468421616286
24510260501__24510260604,weighted_bootstrap,-580.5192786219523
24510260501__24510260605,weighted_bootstrap,-221.79766434483463
24510260501__24510260700,weighted_bootstrap,-8.648669131503993
24510260604__24510260605,weighted_bootstrap,-495.3793490352273
24510260605__24510260700,weighted_bootstrap,1507.6641327111429
24510260700__24510260900,weighted_bootstrap,375.8890684013131
24510260800__24510260900,weighted_bootstrap,757.6813955418256
24510260800__24510261000,weighted_bootstrap,134.2401049798791
24510260900__24510261100,weighted_bootstrap,-965.2039270984242
24510261000__24510261100,weighted_bootstrap,-289.77723819243965
24510270101__24510270102,weighted_bootstrap,-498.10999732195705
24510270101__24510270200,weighted_bootstrap,-639.1902490839857
24510270102__24510270302,weighted_bootstrap,-90.98002867287141
24510270102__24510270401,weighted_bootstrap,-847.8374638164714
24510270200__24510270301,weighted_bootstrap,-559.2025576738961
24510270200__24510270302,weighted_bootstrap,679.4335991238113
24510270200__24510270903,weighted_bootstrap,-645.3358741242628
24510270301__24510270302,weighted_bootstrap,709.4380856136559
24510270301__24510270600,weighted_bootstrap,76.65080529369516
24510270301__24510270902,weighted_bootstrap,-1170.42560038975
24510270302__24510270402,weighted_bootstrap,-997.9015427626819
24510270401__24510270402,weighted_bootstrap,-1917.956465924257
24510270401__24510270502,weighted_bootstrap,-332.7996522987323
24510270402__24510270502,weighted_bootstrap,-75.34458292230192
24510270402__24510270600,weighted_bootstrap,-434.4952529442744
24510270402__24510270702,weighted_bootstrap,188.41084144966544
24510270501__24510270502,weighted_bootstrap,-865.5611143392234
24510270501__24510270703,weighted_bootstrap,-216.80017185232282
24510270502__24510270702,weighted_bootstrap,-916.7481018872404
24510270600__24510270702,weighted_bootstrap,-932.107522432405
24510270600__24510270803,weighted_bootstrap,-404.16972274237924
24510270701__24510270702,weighted_bootstrap,-102.87182136477168
24510270701__24510270703,weighted_bootstrap,376.26803566751005
24510270701__24510270803,weighted_bootstrap,-575.6005833403651
24510270702__24510270703,weighted_bootstrap,1269.5539764726873
24510270702__24510270803,weighted_bootstrap,-329.23510333394916
24510270801__24510270802,weighted_bootstrap,-294.9468121339378
24510270801__24510270803,weighted_bootstrap,1219.4173162446532
24510270801__24510270804,weighted_bootstrap,43.52255246700406
24510270802__24510270803,weighted_bootstrap,-157.53430695932911
24510270802__24510270805,weighted_bootstrap,-221.42660080383212
24510270802__24510270901,weighted_bootstrap,-6.183567318486894
24510270803__24510270902,weighted_bootstrap,-232.09929177588856
24510270804__24510270805,weighted_bootstrap,-38.906729129761516
24510270804__24510271200,weighted_bootstrap,394.8763509384371
24510270805__24510271002,weighted_bootstrap,-29.608985306640534
24510270805__24510271200,weighted_bootstrap,-647.0485159798263
24510270901__24510270902,weighted_bootstrap,352.82172278757207
24510270901__24510270903,weighted_bootstrap,332.272736106881
24510270901__24510271002,weighted_bootstrap,281.6619426061952
24510270902__24510270903,weighted_bootstrap,-712.8649244704975
24510270903__24510271001,weighted_bootstrap,251.35827768341915
24510271001__24510271002,weighted_bootstrap,-806.711615553606
24510271001__24510271102,weighted_bootstrap,-233.14438557722315
24510271002__24510271101,weighted_bootstrap,174.1263681964374
24510271002__24510271200,weighted_bootstrap,149.4262007205416
24510271101__24510271102,weighted_bootstrap,-858.0397056853835
24510271101__24510271200,weighted_bootstrap,-171.9691637789001
24510271102__24510271200,weighted_bootstrap,-98.76310138200279
24510271102__24510271400,weighted_bootstrap,-508.95627067956593
24510271200__24510271300,weighted_bootstrap,597.9855570590225
24510271300__24510271400,weighted_bootstrap,301.48894841209403
24510271300__24510271501,weighted_bootstrap,-313.0872303387878
24510271300__24510271503,weighted_bootstrap,191.7004688333618
24510271400__24510271503,weighted_bootstrap,1737.5934913078636
24510271501__24510271503,weighted_bootstrap,-271.9203044898459
24510271501__24510271700,weighted_bootstrap,-439.83487121911094
24510271501__24510271900,weighted_bootstrap,-134.732654353802
24510271501__24510272003,weighted_bootstrap,140.3087077433138
24510271600__24510271700,weighted_bootstrap,130.66023510850937
24510271700__24510271801,weighted_bootstrap,576.9561661948319
24510271700__24510271802,weighted_bootstrap,-1233.060733479515
24510271700__24510271900,weighted_bootstrap,-571.0383033602593
24510271801__24510271802,weighted_bootstrap,116.19487662860774
24510271801__24510271900,weighted_bootstrap,-283.94535521480066
24510271801__24510280101,weighted_bootstrap,352.9291266430864
24510271802__24510280101,weighted_bootstrap,293.11708391594766
24510271900__24510272003,weighted_bootstrap,391.1266970652541
24510271900__24510272006,weighted_bootstrap,-220.0256068709914
24510271900__24510280101,weighted_bootstrap,482.189792031284
24510272003__24510272004,weighted_bootstrap,326.96753281140263
24510272003__24510272005,weighted_bootstrap,483.35549592033203
24510272003__24510272006,weighted_bootstrap,1245.5176595962475
24510272004__24510272005,weighted_bootstrap,43.61779174526964
24510272005__24510272007,weighted_bootstrap,-441.0974916852174
24510272006__24510272007,weighted_bootstrap,-921.6019528239121
24510272006__24510280101,weighted_bootstrap,474.2212625883112
24510272007__24510280101,weighted_bootstrap,513.6182795489858
24510280101__24510280102,weighted_bootstrap,523.4181488346803
24510280102__24510280200,weighted_bootstrap,3306.966630189818
24510280200__24510280301,weighted_bootstrap,189.89594378834408
24510280200__24510280302,weighted_bootstrap,423.1465750546449
24510280301__24510280401,weighted_bootstrap,-675.7576596538274
24510280401__24510280402,weighted_bootstrap,659.9744304016967
24510280401__24510280403,weighted_bootstrap,-379.3963722833869
24510280401__24510280404,weighted_bootstrap,161.83265939542616
24510280403__24510280404,weighted_bootstrap,755.7093804405231
51013100300__51059470100,weighted_bootstrap,11.480068000000756
51059470100__51059480100,weighted_bootstrap,-115.75544128651381
51107610101__51107610102,weighted_bootstrap,280.7438750414876
11001000901__11001000902,bayesian_network,8835.293779551968
11001000901__11001001001,bayesian_network,-2616.348389596067
11001000901__24031705601,bayesian_network,-341.9048781552119
11001000901__24031705702,bayesian_network,1842.7665257686276
11001000902__24031705800,bayesian_network,-4801.48499365711
11001000902__51013100300,bayesian_network,-5430.477522554322
11001001001__11001001100,bayesian_network,-5799.131640191852
11001001001__24031705601,bayesian_network,-3352.191655989449
11001001100__11001001401,bayesian_network,-6534.717327722221
11001001100__24031705300,bayesian_network,-4639.290072755826
11001001401__11001001500,bayesian_network,4431.659802961174
11001001401__24031705300,bayesian_network,-7363.886470904505
11001001500__24031705200,bayesian_network,6816.43369095313
11001001500__24031705300,bayesian_network,1313.1769698620592
11001001600__11001010300,bayesian_network,-417.325723770231
11001001600__24031702500,bayesian_network,-2322.288403545943
11001001600__24031702601,bayesian_network,1138.6387922219546
11001001600__24031702602,bayesian_network,-5905.043770111341
11001001702__11001010300,bayesian_network,-2259.5573669711503
11001001702__24031701701,bayesian_network,5272.580730622032
11001001702__24031701800,bayesian_network,-1838.1703354430938
11001007304__24033801807,bayesian_network,3912.2702078308066
11001007408__11001007502,bayesian_network,473.28904064657036
11001007408__24033801807,bayesian_network,-531.1744494545455
11001007409__24033801807,bayesian_network,3987.390019850269
11001007502__11001007603,bayesian_network,1062.131623974592
11001007502__24033801807,bayesian_network,6.312557543198636
11001007603__11001009902,bayesian_network,-736.0703361522974
11001007603__24033801807,bayesian_network,-1960.4480465911329
11001007603__24033802501,bayesian_network,1088.477600208873
11001007707__11001009902,bayesian_network,2040.8739576985336
11001007707__24033802502,bayesian_network,-1216.8844315621818
11001007707__24033802600,bayesian_network,432.65204557838297
11001007806__11001009601,bayesian_network,-4477.062442658003
11001007806__24033803100,bayesian_network,-4350.348574670614
11001007807__11001007808,bayesian_network,-2864.943738754482
11001007808__11001009903,bayesian_network,401.7048192078255
11001007808__24033802901,bayesian_network,-1596.2731734451663
11001009000__11001009601,bayesian_network,-889.6158547419473
11001009000__11001011100,bayesian_network,-5069.860509702412
11001009000__24033804400,bayesian_network,-1138.212594664452
11001009400__11001009503,bayesian_network,2481.3938495487128
11001009400__11001011100,bayesian_network,2385.896655041175
11001009400__24033804900,bayesian_network,-4251.794742932378
11001009503__11001009508,bayesian_network,-1730.586155623023
11001009503__11001009509,bayesian_network,-964.9471513404442
11001009503__24033804900,bayesian_network,-608.2191489411452
11001009505__11001009507,bayesian_network,-700.6909838485444
11001009505__24033805201,bayesian_network,-2300.380034538959
11001009507__11001009508,bayesian_network,2007.6133969759212
11001009507__24033805000,bayesian_network,-2423.6062792977536
11001009508__11001009509,bayesian_network,5559.4032507272495
11001009508__24033804900,bayesian_network,-2747.713912254844
11001009508__24033805000,bayesian_network,-1472.1520937818077
11001009601__11001011100,bayesian_network,-8172.200848461187
11001009601__24033803100,bayesian_network,-245.16834715593723
11001009601__24033804300,bayesian_network,-5560.546796227049
11001009810__11001009811,bayesian_network,-852.3745893392479
11001009810__11001010900,bayesian_network,602.5179648070953
11001009811__11001010900,bayesian_network,-497.57715703769645
11001009902__24033802502,bayesian_network,-522.8455125180062
11001009903__11001009905,bayesian_network,-1226.7035933403877
11001009903__24033802700,bayesian_network,-386.44140140698073
11001010300__24031701800,bayesian_network,-113.79413356984605
11001010300__24031702500,bayesian_network,3404.7395621328997
11001010900__24033801500,bayesian_network,4706.752033940444
11001011100__24033804400,bayesian_network,-2587.5740387986425
11001011100__24033804700,bayesian_network,-2726.1776873525705
24001000100__24001000200,bayesian_network,-2110.1861007694297
24001000100__24043010700,bayesian_network,-1445.4724689271516
24001000200__24001000300,bayesian_network,0.0
24001000200__24001000400,bayesian_network,-218.80055678396525
24001000200__24001000500,bayesian_network,652.4451571659065
24001000200__24001000600,bayesian_network,723.8864001959901
24001000200__24001000700,bayesian_network,-84.98037622502306
24001000200__24001000800,bayesian_network,-401.86921050169985
24001000300__24001000400,bayesian_network,-1144.8419580140162
24001000300__24001001000,bayesian_network,61.501652502478464
24001000300__24001001200,bayesian_network,-301.0473467218799
24001000300__24001001502,bayesian_network,-6.27273549603342
24001000400__24001000500,bayesian_network,1559.4985789596394
24001000400__24001001000,bayesian_network,-1102.1380468972202
24001000500__24001000600,bayesian_network,-1043.160311924239
24001000500__24001000800,bayesian_network,-809.454028840245
24001000500__24001001000,bayesian_network,1121.415111588256
24001000600__24001000700,bayesian_network,2305.6346457711297
24001000600__24001000800,bayesian_network,2447.714860737862
24001000700__24001000800,bayesian_network,-105.1810363239747
24001000800__24001001000,bayesian_network,-77.89932387096633
24001000800__24001001100,bayesian_network,-213.3388578826125
24001001000__24001001100,bayesian_network,214.9488638316543
24001001100__24001001200,bayesian_network,1593.7714196669513
24001001200__24001001300,bayesian_network,2567.13964012665
24001001200__24001001402,bayesian_network,-18.650619875730627
24001001200__24001001502,bayesian_network,377.1047287430556
24001001300__24001001401,bayesian_network,1961.89073665049
24001001300__24001001402,bayesian_network,-872.0221228876508
24001001300__24001002000,bayesian_network,-957.3845317187206
24001001401__24001001402,bayesian_network,-3943.3449918175975
24001001401__24001001502,bayesian_network,-127.7694738623104
24001001401__24001001700,bayesian_network,4059.0906725606183
24001001401__24001001900,bayesian_network,497.5005554350628
24001001401__24001002000,bayesian_network,-2503.891937619803
24001001402__24001001502,bayesian_network,338.44477386944345
24001001503__24001001600,bayesian_network,-647.6925321895715
24001001503__24001001700,bayesian_network,-372.6415590624938
24001001600__24001001700,bayesian_network,-3444.7665441541103
24001001600__24001001800,bayesian_network,-3305.394965870116
24001001600__24023000300,bayesian_network,608.7305253274465
24001001700__24001001800,bayesian_network,3359.919494492453
24001001700__24001001900,bayesian_network,794.2203203275167
24001001800__24001001900,bayesian_network,931.2319293197834
24001001800__24023000300,bayesian_network,19.815912004558186
24001001900__24001002100,bayesian_network,-2390.2677101642357
24001002100__24001002200,bayesian_network,-267.76969441199844
24001002200__24023000300,bayesian_network,-277.09856098240425
24003701101__24003701102,bayesian_network,469.8488370868945
24003701101__24003701300,bayesian_network,-28.430422436602385
24003701101__24003702300,bayesian_network,-3914.896040910882
24003701102__24003701200,bayesian_network,-434.5837393248694
24003701102__24003701400,bayesian_network,-1152.7814844987006
24003701200__24003701400,bayesian_network,-4168.104619229998
24003701300__24003701400,bayesian_network,-3777.1520461737236
24003701300__24003702300,bayesian_network,5515.814636596169
24003701300__24003708004,bayesian_network,5241.466856195675
24003701300__24033800507,bayesian_network,9828.53272979438
24003701400__24003708004,bayesian_network,-3394.5935277381395
24003702100__24003702402,bayesian_network,2631.4997064422523
24003702100__24003702702,bayesian_network,14019.405470920323
24003702100__24003740800,bayesian_network,22.788158931258295
24003702100__24003751600,bayesian_network,3046.0096645527947
24003702100__24003751700,bayesian_network,-5013.755736760253
24003702204__24003702205,bayesian_network,-903.4700999471097
24003702204__24003702206,bayesian_network,-1616.56082324825
24003702204__24003702300,bayesian_network,-3629.3069249785476
24003702204__24003740702,bayesian_network,-2303.1642905914923
24003702204__24003751700,bayesian_network,-554.0427463169799
24003702204__24033800401,bayesian_network,-751.5645415038452
24003702204__24033800504,bayesian_network,389.8230129127478
24003702205__24003702206,bayesian_network,1905.983333824257
24003702205__24003702209,bayesian_network,-2847.0950188516254
24003702205__24003740702,bayesian_network,2044.7243217347495
24003702206__24003702208,bayesian_network,89.70469409857287
24003702206__24003702209,bayesian_network,2559.482562376921
24003702206__24003751700,bayesian_network,3998.746721505202
24003702208__24003702209,bayesian_network,1130.8547532422926
24003702208__24003740702,bayesian_network,-1590.0071093494626
24003702208__24003740800,bayesian_network,-2529.3801479741087
24003702209__24003740702,bayesian_network,-1623.4900851010607
24003702300__24003751700,bayesian_network,6290.637622996157
24003702300__24033800504,bayesian_network,-6912.391216992139
24003702402__24003702500,bayesian_network,-10900.23272741685
24003702402__24003702701,bayesian_network,2749.5397913901834
24003702402__24003702702,bayesian_network,13528.792187043655
24003702402__24003706500,bayesian_network,-73.09263942501275
24003702402__24003751600,bayesian_network,-25031.337419704956
24003702500__24003702601,bayesian_network,-4337.078219666353
24003702500__24003706500,bayesian_network,-10959.393228750676
24003702601__24003702602,bayesian_network,582.4032547582028
24003702601__24003706401,bayesian_network,-724.519361712868
24003702602__24003706301,bayesian_network,5807.410941854421
24003702602__24003706401,bayesian_network,-18.83275719982339
24003702701__24003702702,bayesian_network,17016.575428583645
24003702701__24003706500,bayesian_network,-1128.604072459595
24003702701__24003706600,bayesian_network,-10082.099141977495
24003706101__24003706302,bayesian_network,-710.2764063809354
24003706101__24003706402,bayesian_network,-1548.8070888084767
24003706101__24003706500,bayesian_network,-922.6904749748428
24003706101__24003706700,bayesian_network,3804.82711910499
24003706301__24003706302,bayesian_network,4274.8341586396855
24003706301__24003706401,bayesian_network,-521.3253580779365
24003706302__24003706401,bayesian_network,-2122.5417337894096
24003706302__24003706402,bayesian_network,4830.201589810864
24003706401__24003706402,bayesian_network,1480.7230627180306
24003706401__24003706500,bayesian_network,-3006.2322374094074
24003706500__24003706600,bayesian_network,7871.4640760641705
24003706600__24003706700,bayesian_network,807.8649501854634
24003707001__24003707002,bayesian_network,3693.0864176793402
24003707001__24003708001,bayesian_network,-279.5473761512883
24003707002__24003708001,bayesian_network,2860.567365159236
24003708001__24003708004,bayesian_network,-233.24946279344658
24003708001__24009860200,bayesian_network,-649.4509653364239
24003708001__24009860300,bayesian_network,-45.54347640218657
24003708004__24009860101,bayesian_network,-4566.5967257594475
24003708004__24009860102,bayesian_network,-1208.621224550323
24003708004__24033800601,bayesian_network,-3354.7626657072833
24003708004__24033800605,bayesian_network,1647.8297273712087
24003730100__24003730203,bayesian_network,1025.0049559318768
24003730100__24003730204,bayesian_network,-366.8845356322199
24003730100__24003731308,bayesian_network,-1171.3476038337103
24003730100__24003731309,bayesian_network,304.155288341095
24003730100__24003731311,bayesian_network,2397.391546233659
24003730100__24510250500,bayesian_network,-10895.244398413655
24003730203__24003730204,bayesian_network,4527.307689943715
24003730203__24003730300,bayesian_network,-2108.4730371839614
24003730203__24003730402,bayesian_network,-1965.6643214914257
24003730203__24003731204,bayesian_network,-2199.5307466118193
24003730203__24003751103,bayesian_network,3144.2599887272627
24003730204__24003731204,bayesian_network,378.07457637487096
24003730204__24003731311,bayesian_network,2093.27310993593
24003730300__24003730401,bayesian_network,379.1268308502913
24003730300__24003730402,bayesian_network,-5450.558084842862
24003730300__24003751000,bayesian_network,-3708.659465973731
24003730300__24003751103,bayesian_network,-992.7384022950064
24003730401__24003730402,bayesian_network,5005.300307371355
24003730401__24003730506,bayesian_network,-124.77441315205215
24003730401__24003740201,bayesian_network,-5359.785233125811
24003730401__24003750900,bayesian_network,4105.806737368912
24003730401__24003751000,bayesian_network,-1527.6396257348651
24003730402__24003730502,bayesian_network,-4440.572444864694
24003730402__24003730506,bayesian_network,143.91873809917888
24003730402__24003731204,bayesian_network,-521.8061894521634
24003730502__24003730504,bayesian_network,4158.666772138247
24003730502__24003730506,bayesian_network,-4116.593071762007
24003730502__24003730603,bayesian_network,499.60522813114767
24003730502__24003731204,bayesian_network,3359.978277291393
24003730504__24003730505,bayesian_network,-1147.2728016542842
24003730504__24003730601,bayesian_network,5147.951705144878
24003730504__24003730603,bayesian_network,4844.107014201694
24003730504__24003741000,bayesian_network,-1984.6353750023027
24003730505__24003740201,bayesian_network,-2592.2140787962926
24003730505__24003741000,bayesian_network,74.20850348559543
24003730506__24003740201,bayesian_network,-2943.5403909485594
24003730601__24003741000,bayesian_network,-237.98435696802335
24003730603__24003730604,bayesian_network,8098.932753738802
24003730603__24003731203,bayesian_network,-742.106426263781
24003730603__24003731204,bayesian_network,-3106.494470602571
24003730604__24003730700,bayesian_network,7175.551184311553
24003730604__24003731203,bayesian_network,-1058.6442846547725
24003730700__24003730800,bayesian_network,-11725.81449808307
24003730700__24003731201,bayesian_network,1689.2250826037198
24003730700__24003731203,bayesian_network,-2834.3201236420864
24003730800__24003730901,bayesian_network,-1985.4684144973435
24003730800__24003731103,bayesian_network,-2125.040512940788
24003730800__24003731105,bayesian_network,241.81488850577443
24003730800__24003731201,bayesian_network,-394.60571090765006
24003730901__24003730902,bayesian_network,-1369.6736606013292
24003730901__24003731103,bayesian_network,531.2031402038847
24003730902__24003731002,bayesian_network,-1432.8227923337254
24003730902__24003731003,bayesian_network,2243.110782375654
24003730902__24003731004,bayesian_network,-302.70095766938994
24003730902__24003731103,bayesian_network,-2387.2224888379315
24003731002__24003731003,bayesian_network,-2380.4254095577544
24003731003__24003731004,bayesian_network,1813.8743153815922
24003731102__24003731103,bayesian_network,-1427.5999463971166
24003731102__24003731104,bayesian_network,382.3578532166357
24003731103__24003731104,bayesian_network,-1547.5198228737845
24003731103__24003731105,bayesian_network,-855.2492226065333
24003731104__24003731105,bayesian_network,2777.12431378779
24003731105__24003731201,bayesian_network,96.80888163142663
24003731201__24003731203,bayesian_network,-3270.7308368089434
24003731202__24003731203,bayesian_network,-305.4198370384074
24003731202__24003731204,bayesian_network,2870.481066294353
24003731202__24003731303,bayesian_network,-3159.825003130605
24003731202__24003731307,bayesian_network,-1527.727754575204
24003731203__24003731204,bayesian_network,-6295.422934981398
24003731204__24003731307,bayesian_network,-281.390330001399
24003731204__24003731311,bayesian_network,-4599.549039308527
24003731303__24003731307,bayesian_network,-3425.939091839202
24003731306__24003731307,bayesian_network,3938.3026414694286
24003731306__24003731309,bayesian_network,1592.9647766043036
24003731307__24003731309,bayesian_network,1144.163244463679
24003731307__24003731310,bayesian_network,471.38870436260277
24003731307__24003731311,bayesian_network,-1666.2100059485383
24003731308__24003731309,bayesian_network,-1078.430128213553
24003731309__24003731310,bayesian_network,4234.648969651938
24003740102__24003740103,bayesian_network,8509.017614283664
24003740102__24003740400,bayesian_network,9731.765883246895
24003740102__24003740500,bayesian_network,-1794.1311821310956
24003740102__24003740601,bayesian_network,-6739.863501731685
24003740102__24003751200,bayesian_network,-13484.553046798217
24003740102__24003751500,bayesian_network,-1636.508843448295
24003740102__24027601203,bayesian_network,12181.170888028471
24003740102__24027606901,bayesian_network,-3159.4234498127917
24003740103__24003740104,bayesian_network,8978.0162843867
24003740103__24003740602,bayesian_network,-1238.111256422114
24003740103__24003751200,bayesian_network,5059.063834380637
24003740103__24003751400,bayesian_network,-5385.208984359815
24003740104__24003740105,bayesian_network,6978.837910547174
24003740104__24003740305,bayesian_network,-1321.7974328862983
24003740104__24003740602,bayesian_network,8428.265681996501
24003740104__24003751400,bayesian_network,-2887.1219906469933
24003740105__24003740303,bayesian_network,8901.906250796586
24003740105__24003740305,bayesian_network,4713.830064735634
24003740201__24003740203,bayesian_network,2475.949708475964
24003740201__24003741000,bayesian_network,99.7815705621797
24003740201__24003751400,bayesian_network,7879.570130355991
24003740203__24003740303,bayesian_network,10593.119885909979
24003740203__24003741000,bayesian_network,12463.921173140683
24003740203__24003751400,bayesian_network,5202.496651489266
24003740303__24003740304,bayesian_network,-3743.3879003324
24003740303__24003751400,bayesian_network,-1697.9783389812437
24003740304__24003740305,bayesian_network,-1255.263674109956
24003740304__24003740603,bayesian_network,438.62037614022665
24003740304__24003740701,bayesian_network,-1511.1300560371565
24003740304__24003740900,bayesian_network,5025.090290263244
24003740304__24003741000,bayesian_network,8549.867987781698
24003740305__24003740602,bayesian_network,-877.4293655671863
24003740305__24003740603,bayesian_network,3961.7051380669036
24003740400__24027606901,bayesian_network,6399.8330841942625
24003740500__24003751500,bayesian_network,-7773.622195486212
24003740500__24027606904,bayesian_network,-3524.8953071853903
24003740500__24027606905,bayesian_network,5004.818855615955
24003740500__24027606906,bayesian_network,-1405.7073432954858
24003740500__24027606907,bayesian_network,-186.91312599915
24003740500__24033800103,bayesian_network,-1685.1156720985964
24003740601__24003740602,bayesian_network,5409.927405522729
24003740601__24003740603,bayesian_network,3591.874649156518
24003740601__24003751500,bayesian_network,-3288.1678362321945
24003740602__24003740603,bayesian_network,5093.68955133995
24003740603__24003740702,bayesian_network,9508.787841441077
24003740603__24003751500,bayesian_network,17239.54526957072
24003740603__24033800206,bayesian_network,-10458.373185925375
24003740701__24003740900,bayesian_network,6162.276285451619
24003740702__24003740800,bayesian_network,1329.6630296976582
24003740702__24003740900,bayesian_network,6198.286189424052
24003740702__24033800401,bayesian_network,-5101.125248392767
24003740800__24003740900,bayesian_network,3285.72238592344
24003740800__24003741000,bayesian_network,7006.648960729086
24003740800__24003751700,bayesian_network,-6380.773122246217
24003740900__24003741000,bayesian_network,-798.3808597484258
24003750101__24003750102,bayesian_network,-1154.4178279509397
24003750101__24003750202,bayesian_network,1194.228363962602
24003750101__24003750203,bayesian_network,681.8722225342462
24003750101__24510250401,bayesian_network,-150.82741740549955
24003750101__24510250500,bayesian_network,12.57945576676184
24003750102__24003750201,bayesian_network,2077.041991873727
24003750102__24003750202,bayesian_network,4121.476317130282
24003750102__24005980100,bayesian_network,-3930.6809955721546
24003750102__24510250401,bayesian_network,-3621.680524989075
24003750201__24003750202,bayesian_network,-6040.267108122956
24003750201__24003750300,bayesian_network,-9937.583275370805
24003750201__24003750400,bayesian_network,-2753.6112707487773
24003750201__24005430104,bayesian_network,1225.1498295222673
24003750201__24005980100,bayesian_network,581.4162871791905
24003750202__24003750203,bayesian_network,-1148.9978979216394
24003750202__24003750803,bayesian_network,-4938.039650605002
24003750203__24003751102,bayesian_network,-5064.077167502546
24003750203__24510250500,bayesian_network,3385.9646869212575
24003750300__24003750400,bayesian_network,-1555.4711876782821
24003750300__24003751200,bayesian_network,-4438.3875038162805
24003750300__24005430101,bayesian_network,-1453.7915894833277
24003750300__24005430300,bayesian_network,-7496.449439335207
24003750400__24003750801,bayesian_network,-7472.043888597182
24003750400__24003750803,bayesian_network,-2760.1399153584207
24003750400__24003751200,bayesian_network,-8186.563553882297
24003750400__24003980000,bayesian_network,1942.1202729281085
24003750801__24003750803,bayesian_network,-4873.4111215355515
24003750801__24003750804,bayesian_network,-7828.373391910984
24003750801__24003750900,bayesian_network,-3367.672404006982
24003750801__24003980000,bayesian_network,-6525.220338219879
24003750803__24003750804,bayesian_network,-8764.319735631569
24003750803__24003751102,bayesian_network,-2199.411333319651
24003750804__24003750900,bayesian_network,-11880.818408454263
24003750804__24003751102,bayesian_network,-912.2841338898579
24003750900__24003751000,bayesian_network,-12196.08706961621
24003750900__24003751102,bayesian_network,-1140.8900185325401
24003750900__24003751400,bayesian_network,464.3809348610521
24003751000__24003751102,bayesian_network,-5355.89102799867
24003751000__24003751103,bayesian_network,-1046.247941277852
24003751102__24003751103,bayesian_network,4008.386739197231
24003751102__24510250500,bayesian_network,-261.9086290561427
24003751200__24003751400,bayesian_network,-2031.7381926827074
24003751200__24003980000,bayesian_network,14289.660087789642
24003751200__24005430300,bayesian_network,-351.66902799127274
24003751200__24005430600,bayesian_network,27.250315233199217
24003751200__24005980200,bayesian_network,-12809.884760232235
24003751200__24027601201,bayesian_network,9325.596507031587
24003751200__24027601203,bayesian_network,-1987.4926689369167
24003751200__24027601204,bayesian_network,-2959.8605428844603
24003751400__24003980000,bayesian_network,12052.084079279011
24003751500__24033800103,bayesian_network,-3838.1512087284027
24003751500__24033800206,bayesian_network,610.4748478018728
24003751500__24033800211,bayesian_network,6774.933911136017
24005400100__24005400200,bayesian_network,2729.0518731451593
24005400100__24005430900,bayesian_network,-4716.138993686211
24005400100__24005492500,bayesian_network,-77.49350100912125
24005400100__24510250103,bayesian_network,-6419.97194781289
24005400200__24005400400,bayesian_network,-3042.3252235127366
24005400200__24005400600,bayesian_network,-3440.9746289168725
24005400200__24510250101,bayesian_network,3137.44044420142
24005400400__24005400500,bayesian_network,17340.23820880059
24005400400__24005400800,bayesian_network,-5018.381345933893
24005400400__24005401000,bayesian_network,-5189.788756277092
24005400400__24005430600,bayesian_network,-4565.849237729122
24005400400__24005430700,bayesian_network,-2389.6830005692173
24005400400__24005492500,bayesian_network,13110.19974102483
24005400500__24005401000,bayesian_network,370.4018381039241
24005400500__24005401400,bayesian_network,7914.1717955160275
24005400500__24027601104,bayesian_network,14482.183439109656
24005400600__24005400701,bayesian_network,3800.5005345453937
24005400600__24005400702,bayesian_network,-2631.7806018355695
24005400600__24005400800,bayesian_network,-2472.533470315655
24005400600__24510280403,bayesian_network,-134.0074198268012
24005400701__24005400702,bayesian_network,5848.702150826881
24005400701__24005400800,bayesian_network,5097.245684516936
24005400701__24005401101,bayesian_network,-5558.915162930261
24005400701__24005401301,bayesian_network,1062.3219985299838
24005400702__24005401301,bayesian_network,1612.4306576128247
24005400702__24005401302,bayesian_network,-3849.459632403079
24005400702__24510280403,bayesian_network,-460.3057957207038
24005400800__24005400900,bayesian_network,-2570.0714990377564
24005400800__24005401000,bayesian_network,-1429.6461127002258
24005400800__24005401505,bayesian_network,1314.1282012344927
24005400900__24005401000,bayesian_network,6381.595435556566
24005400900__24005401503,bayesian_network,806.6781676294122
24005400900__24005401505,bayesian_network,34.94790628392366
24005401000__24005401400,bayesian_network,557.6816300801256
24005401101__24005401102,bayesian_network,-6423.100520945649
24005401101__24005401301,bayesian_network,-1374.3759292414325
24005401101__24005401505,bayesian_network,-1269.9391292536748
24005401102__24005401200,bayesian_network,11405.835072138485
24005401102__24005401301,bayesian_network,-2790.2578100778446
24005401102__24005401507,bayesian_network,-3173.5890842262306
24005401102__24005402405,bayesian_network,3614.933298793865
24005401200__24005401301,bayesian_network,944.2389219014858
24005401200__24005402403,bayesian_network,-3146.686643517871
24005401200__24005402405,bayesian_network,-2663.3628700482122
24005401200__24510280200,bayesian_network,-977.122025192426
24005401200__24510280301,bayesian_network,-6227.6344334655805
24005401301__24005401302,bayesian_network,-2208.5925011635736
24005401301__24510280301,bayesian_network,-472.68719017705007
24005401301__24510280401,bayesian_network,-965.2908625927957
24005401302__24510280401,bayesian_network,184.7391415936836
24005401400__24005401503,bayesian_network,10953.09222682155
24005401400__24027602700,bayesian_network,11258.677117241874
24005401503__24005401504,bayesian_network,-10209.813051673897
24005401503__24027602800,bayesian_network,-1163.6493347473552
24005401504__24005401505,bayesian_network,1999.8301811280471
24005401504__24005401506,bayesian_network,-2581.5368351422658
24005401504__24005401507,bayesian_network,-8492.494901541271
24005401505__24005401507,bayesian_network,-2692.691165116674
24005401506__24005401507,bayesian_network,-3838.0584689203897
24005401506__24005402202,bayesian_network,-2813.0395348393686
24005401506__24005402406,bayesian_network,2790.391570804426
24005401507__24005402407,bayesian_network,1382.561179242708
24005402201__24005402202,bayesian_network,6692.994194794703
24005402201__24005402504,bayesian_network,1087.1347719381447
24005402201__24005404101,bayesian_network,2300.5452074063533
24005402201__24005404800,bayesian_network,2399.7409103094196
24005402201__24005492401,bayesian_network,625.0565434288292
24005402201__24005492402,bayesian_network,-1032.9742623509628
24005402201__24013505102,bayesian_network,3545.5317165813576
24005402201__24013505206,bayesian_network,3790.5998327034285
24005402201__24027603001,bayesian_network,1665.061422135981
24005402202__24005402406,bayesian_network,-1024.4102770919126
24005402202__24005402504,bayesian_network,893.1225539991556
24005402202__24027603001,bayesian_network,2872.75624589192
24005402302__24005402303,bayesian_network,756.1931331508822
24005402302__24005402306,bayesian_network,1735.668859949741
24005402302__24005402407,bayesian_network,864.7813028100645
24005402303__24005402304,bayesian_network,2574.856955590625
24005402303__24005402307,bayesian_network,-1819.9632764307316
24005402303__24005402407,bayesian_network,524.8436349087933
24005402304__24005402305,bayesian_network,-2072.610719954828
24005402304__24005402404,bayesian_network,1820.4579724353753
24005402304__24005402405,bayesian_network,132.16530279706149
24005402305__24005402307,bayesian_network,2904.3941763699695
24005402305__24005402403,bayesian_network,-211.73145453724283
24005402305__24005402404,bayesian_network,-648.4543958675858
24005402305__24005402604,bayesian_network,-2749.3151482560206
24005402305__24005403100,bayesian_network,-105.83702823428757
24005402305__24005403300,bayesian_network,-2936.4402334103943
24005402306__24005402307,bayesian_network,2537.9959816500086
24005402306__24005402602,bayesian_network,2637.9296131328156
24005402306__24005402604,bayesian_network,2441.007832206502
24005402307__24005402604,bayesian_network,289.7591659770551
24005402403__24005402404,bayesian_network,-7103.368700738436
24005402403__24005403100,bayesian_network,-279.3837579505125
24005402403__24005403202,bayesian_network,-4192.789412436716
24005402403__24510280200,bayesian_network,2075.656820572567
24005402404__24005402405,bayesian_network,2424.727851612057
24005402405__24005402407,bayesian_network,1139.2876203101914
24005402406__24005402407,bayesian_network,1377.918505896465
24005402503__24005402504,bayesian_network,1379.5663803225889
24005402503__24005402506,bayesian_network,2646.322725910919
24005402503__24005402602,bayesian_network,-2268.0985997850057
24005402503__24005402604,bayesian_network,-1092.218554394225
24005402504__24005402505,bayesian_network,-2762.031247765186
24005402504__24005492401,bayesian_network,195.97646749378373
24005402505__24005402506,bayesian_network,-3063.55067403278
24005402505__24005402509,bayesian_network,688.4499237682285
24005402505__24005492401,bayesian_network,-2540.79153730128
24005402506__24005402509,bayesian_network,-1374.625458725166
24005402506__24005402604,bayesian_network,-228.13365528383838
24005402509__24005402603,bayesian_network,3057.3890566263726
24005402509__24005404101,bayesian_network,159.9638190844562
24005402602__24005402604,bayesian_network,-1304.9163407321066
24005402603__24005402604,bayesian_network,3969.9286424433303
24005402603__24005403702,bayesian_network,-6298.856681934427
24005402604__24005403702,bayesian_network,1506.7862157584095
24005403100__24005403201,bayesian_network,-1168.7395085891367
24005403100__24005403202,bayesian_network,-693.9440157628123
24005403100__24005403300,bayesian_network,-4232.694749220565
24005403201__24005403202,bayesian_network,-894.5773753852081
24005403201__24005403300,bayesian_network,2635.5311619503264
24005403201__24005403402,bayesian_network,1567.4418263853877
24005403201__24510280101,bayesian_network,-166.57139857982202
24005403202__24510280102,bayesian_network,-811.4107772599418
24005403300__24005403401,bayesian_network,1179.2323834455528
24005403300__24005403402,bayesian_network,322.7650428419074
24005403300__24005403702,bayesian_network,-1788.2715365723998
24005403401__24005403402,bayesian_network,-6704.1822222139745
24005403401__24005403702,bayesian_network,-6026.267369763955
24005403402__24005403500,bayesian_network,-1079.1613792939424
24005403402__24005403701,bayesian_network,896.8306000775192
24005403402__24005403803,bayesian_network,-3192.471691468323
24005403402__24510272007,bayesian_network,2326.116623152855
24005403402__24510280101,bayesian_network,7660.634374213989
24005403500__24005403601,bayesian_network,702.6252386241576
24005403500__24005403803,bayesian_network,8032.714599925719
24005403500__24510272004,bayesian_network,-4176.11994394373
24005403500__24510272005,bayesian_network,-1095.0125768603648
24005403601__24005403602,bayesian_network,-4861.881608801486
24005403601__24005403803,bayesian_network,3870.0378027679035
24005403601__24005490400,bayesian_network,4726.439845375826
24005403601__24510272003,bayesian_network,930.7539394881678
24005403602__24005490400,bayesian_network,3607.2048701450694
24005403602__24005490500,bayesian_network,-161.22524540412996
24005403602__24510271501,bayesian_network,2443.1250953286944
24005403701__24005403702,bayesian_network,-2230.6087940895814
24005403701__24005403801,bayesian_network,5253.133370622749
24005403701__24005403802,bayesian_network,2337.151909249522
24005403701__24005404202,bayesian_network,1433.0241249886349
24005403701__24005404900,bayesian_network,1470.9878877331685
24005403702__24005404101,bayesian_network,-1320.2963190456649
24005403702__24005404102,bayesian_network,-5958.060262277504
24005403702__24005404202,bayesian_network,-397.2462700370161
24005403801__24005403802,bayesian_network,7823.531410679381
24005403801__24005408302,bayesian_network,-8559.98393041837
24005403801__24005408303,bayesian_network,-1428.2239480707099
24005403801__24005408704,bayesian_network,-468.3121265050213
24005403801__24005490400,bayesian_network,154.19808497088525
24005403802__24005403803,bayesian_network,-10775.178257355
24005403802__24005490400,bayesian_network,-1275.1046991380717
24005403803__24005490400,bayesian_network,5103.29789608258
24005404101__24005404102,bayesian_network,-1322.4890364531675
24005404101__24005404403,bayesian_network,-2262.5349395323756
24005404101__24005404800,bayesian_network,3631.345973043053
24005404101__24005492402,bayesian_network,545.4963142789493
24005404102__24005404201,bayesian_network,3559.1458506023027
24005404102__24005404202,bayesian_network,-2949.372610657563
24005404102__24005404403,bayesian_network,-5701.805041449286
24005404201__24005404202,bayesian_network,3532.8983856158848
24005404201__24005404501,bayesian_network,1723.6969920619413
24005404201__24005404502,bayesian_network,1830.13237532922
24005404202__24005404900,bayesian_network,4555.182417759228
24005404402__24005404404,bayesian_network,-551.6842187970942
24005404402__24005404600,bayesian_network,389.0136679307907
24005404402__24005404900,bayesian_network,1851.8744580512193
24005404403__24005404404,bayesian_network,-634.3063642884936
24005404403__24005404501,bayesian_network,-273.58772161125125
24005404403__24005404502,bayesian_network,1577.425748319005
24005404404__24005404501,bayesian_network,501.6592010330569
24005404404__24005404600,bayesian_network,-627.8594535145676
24005404404__24005404800,bayesian_network,-591.7395803246472
24005404501__24005404502,bayesian_network,2487.0656296606867
24005404600__24005404800,bayesian_network,-1770.8990669647028
24005404600__24005404900,bayesian_network,635.631843277245
24005404600__24005405000,bayesian_network,1459.2872081069763
24005404600__24013504100,bayesian_network,-3869.0364512815067
24005404800__24013504201,bayesian_network,-2865.7856494324988
24005404900__24005408303,bayesian_network,4879.368408681739
24005405000__24005406000,bayesian_network,677.6120013791415
24005405000__24005407001,bayesian_network,870.637926996561
24005405000__24005408200,bayesian_network,2810.2477618635585
24005405000__24013508101,bayesian_network,1215.7845516609768
24005405000__24013508102,bayesian_network,309.82163001934805
24005406000__24005407001,bayesian_network,413.4963080883681
24005406000__24005407002,bayesian_network,933.0552114479797
24005407001__24005407002,bayesian_network,270.17041594868533
24005407001__24005408100,bayesian_network,149.0479311707677
24005407001__24005410100,bayesian_network,-523.7903491884688
24005407002__24025304102,bayesian_network,-435.08354700061545
24005408100__24005408200,bayesian_network,-725.8934007278222
24005408100__24005408400,bayesian_network,4374.913217852407
24005408100__24005408900,bayesian_network,-4578.127351170151
24005408100__24005410100,bayesian_network,-1867.75723849516
24005408200__24005408303,bayesian_network,-2725.348662339955
24005408200__24005408304,bayesian_network,1351.5683289339268
24005408200__24005408400,bayesian_network,1183.6936350594697
24005408302__24005408303,bayesian_network,2590.9013808483487
24005408302__24005408304,bayesian_network,402.5510991666888
24005408302__24005408703,bayesian_network,999.1715512112933
24005408302__24005408704,bayesian_network,-496.55430364163476
24005408303__24005408304,bayesian_network,4140.63056240392
24005408304__24005408400,bayesian_network,-9357.6052504525
24005408304__24005408703,bayesian_network,-1918.0450831799717
24005408400__24005408503,bayesian_network,2427.949770473293
24005408400__24005408505,bayesian_network,-4936.27839173362
24005408400__24005408900,bayesian_network,7764.844321638571
24005408502__24005408505,bayesian_network,4165.828608820993
24005408502__24005408506,bayesian_network,562.4471835773948
24005408502__24005408601,bayesian_network,6608.584713439499
24005408502__24005408602,bayesian_network,-898.6980469150985
24005408502__24005408900,bayesian_network,-1198.3240374164816
24005408502__24005490100,bayesian_network,9325.134429072317
24005408503__24005408505,bayesian_network,-4483.996748021229
24005408503__24005408506,bayesian_network,1167.507565731834
24005408503__24005408507,bayesian_network,1394.9564823392648
24005408503__24005408900,bayesian_network,-1566.504347325732
24005408505__24005408506,bayesian_network,-2395.40537041638
24005408505__24005408507,bayesian_network,4203.258177556831
24005408505__24005408601,bayesian_network,-4956.437925571459
24005408505__24005408703,bayesian_network,317.11617023302824
24005408505__24005408800,bayesian_network,-3218.6615519775078
24005408506__24005408507,bayesian_network,-2228.006866622425
24005408506__24005408900,bayesian_network,-1298.2223015447125
24005408601__24005408602,bayesian_network,-2061.6768579521304
24005408601__24005408800,bayesian_network,9618.583363978341
24005408602__24005408800,bayesian_network,-3591.647735221195
24005408602__24005490100,bayesian_network,-1052.9208280285006
24005408602__24005490200,bayesian_network,-1048.0786930289833
24005408702__24005408704,bayesian_network,-3735.5215478465543
24005408702__24005408800,bayesian_network,-2997.4008705382003
24005408702__24005490301,bayesian_network,-309.09159891949093
24005408702__24005490400,bayesian_network,4820.48807165648
24005408702__24005490500,bayesian_network,5161.733879282383
24005408703__24005408704,bayesian_network,1557.7334842509008
24005408704__24005408800,bayesian_network,-1870.9731349537033
24005408704__24005490400,bayesian_network,-4808.149237469192
24005408800__24005490200,bayesian_network,-9469.758320800487
24005408900__24005410100,bayesian_network,1801.7729553274921
24005410100__24005410200,bayesian_network,-2685.300220849833
24005410100__24025304201,bayesian_network,-925.2590524173811
24005410200__24005411201,bayesian_network,5346.449086335037
24005410200__24005411202,bayesian_network,3873.290232094263
24005410200__24025304201,bayesian_network,103.29963862006753
24005411101__24005411102,bayesian_network,-8916.752289882748
24005411101__24005411201,bayesian_network,3008.6363350677093
24005411101__24005411202,bayesian_network,4438.7986601914745
24005411101__24005411409,bayesian_network,2466.5804931920447
24005411101__24025303400,bayesian_network,-3551.597652558148
24005411102__24005411302,bayesian_network,7684.256645680485
24005411102__24005411309,bayesian_network,1217.916959126458
24005411102__24025301301,bayesian_network,1187.4953094087396
24005411102__24025301401,bayesian_network,6531.611299011984
24005411102__24025303400,bayesian_network,6012.26954422054
24005411201__24005411202,bayesian_network,9447.168015077135
24005411201__24025303300,bayesian_network,9940.220984726042
24005411201__24025304201,bayesian_network,1436.8598399343355
24005411202__24005490100,bayesian_network,4702.318583696251
24005411202__24005492600,bayesian_network,-3848.888981884129
24005411302__24005411307,bayesian_network,483.08365660748404
24005411302__24005411308,bayesian_network,-4062.5953070162213
24005411302__24005411309,bayesian_network,6789.377911338219
24005411302__24005440702,bayesian_network,-448.61696377776025
24005411302__24005451701,bayesian_network,2155.0842778352308
24005411302__24005451702,bayesian_network,-625.6917863829149
24005411303__24005411306,bayesian_network,-1049.0130315191782
24005411303__24005411307,bayesian_network,66.57030417215174
24005411303__24005411308,bayesian_network,-100.02941674238173
24005411303__24005411309,bayesian_network,4803.559197544531
24005411303__24005411406,bayesian_network,-1359.5168120502858
24005411303__24005411408,bayesian_network,-5696.725981283853
24005411306__24005411307,bayesian_network,857.3666205114314
24005411306__24005411407,bayesian_network,-2272.8117443648953
24005411306__24005411408,bayesian_network,-2163.96492864834
24005411306__24005440600,bayesian_network,2848.324883441339
24005411307__24005411308,bayesian_network,1590.7539129385987
24005411307__24005440600,bayesian_network,2013.9328247221529
24005411308__24005411309,bayesian_network,-240.203795633337
24005411309__24005411406,bayesian_network,2833.6594220043116
24005411404__24005411407,bayesian_network,-1041.941697783921
24005411404__24005411409,bayesian_network,-6618.4431120953595
24005411404__24005411410,bayesian_network,3204.774083799344
24005411404__24005492200,bayesian_network,1063.0565061694433
24005411406__24005411408,bayesian_network,810.4277260280978
24005411406__24005411409,bayesian_network,1143.8439522092085
24005411406__24005411410,bayesian_network,-1015.4182394432428
24005411407__24005411408,bayesian_network,2556.436251210467
24005411407__24005440100,bayesian_network,-1892.9742643840145
24005411407__24005440300,bayesian_network,-7900.597002775612
24005411407__24005491900,bayesian_network,-1101.8750855299404
24005411408__24005411410,bayesian_network,-5172.9670169555975
24005411409__24005411410,bayesian_network,152.2329613000693
24005420100__24005420301,bayesian_network,3218.4483905557317
24005420100__24005420302,bayesian_network,375.16157827563984
24005420100__24005420303,bayesian_network,1111.9091640508632
24005420100__24005420600,bayesian_network,100.58577666695419
24005420100__24005420701,bayesian_network,-3654.469231686511
24005420100__24005452400,bayesian_network,4002.7050280786643
24005420200__24005420303,bayesian_network,-323.4899968982354
24005420200__24005420401,bayesian_network,-3034.967754201978
24005420200__24005420402,bayesian_network,-205.35655320433943
24005420200__24005420800,bayesian_network,-3415.85345443579
24005420200__24005421101,bayesian_network,-807.1516998067527
24005420200__24005421200,bayesian_network,-1057.8692613975036
24005420301__24005420302,bayesian_network,1571.0172740242706
24005420301__24005452400,bayesian_network,-148.64496618141493
24005420301__24005452500,bayesian_network,322.93498829861346
24005420302__24005420303,bayesian_network,-829.4990915929047
24005420303__24005420402,bayesian_network,298.1587365126179
24005420303__24005420701,bayesian_network,813.6442102279616
24005420401__24005420402,bayesian_network,1448.0415287811993
24005420500__24005420600,bayesian_network,-749.7594389791066
24005420500__24005420701,bayesian_network,-955.4328536267185
24005420500__24005420702,bayesian_network,-19.853522612802408
24005420500__24005452300,bayesian_network,-1343.3941712450724
24005420500__24510260404,bayesian_network,355.305822683159
24005420500__24510260501,bayesian_network,-3601.937930148679
24005420500__24510260605,bayesian_network,390.3010750634121
24005420600__24005420701,bayesian_network,-6218.412107501288
24005420600__24005452300,bayesian_network,2507.8311816594405
24005420600__24005452400,bayesian_network,-261.886488973063
24005420701__24005420702,bayesian_network,-3485.7038971732727
24005420701__24005420800,bayesian_network,-4532.902700228089
24005420702__24005420800,bayesian_network,-344.9056904967656
24005420702__24510260605,bayesian_network,-2876.5318292816573
24005420800__24005420900,bayesian_network,-22.8364940156971
24005420800__24005421101,bayesian_network,-57.02099960145097
24005420800__24510260605,bayesian_network,-2159.218164883736
24005420900__24005421000,bayesian_network,1576.395241387847
24005420900__24005421101,bayesian_network,2029.2929862696
24005421000__24005421101,bayesian_network,936.8022139429472
24005421000__24005421102,bayesian_network,167.23293768620715
24005421000__24510260605,bayesian_network,-1742.1782520213746
24005421101__24005421102,bayesian_network,1815.0458742280916
24005421101__24005421200,bayesian_network,-2023.4972088431095
24005421102__24005421200,bayesian_network,-1374.64339402744
24005421102__24005421300,bayesian_network,-4659.730237602962
24005421200__24005421300,bayesian_network,-3539.6741060592594
24005430101__24005430104,bayesian_network,4791.839662722232
24005430101__24005430200,bayesian_network,-2994.6269410017567
24005430101__24005430300,bayesian_network,-2839.0365173827595
24005430101__24510250205,bayesian_network,-3085.251903293869
24005430104__24005980100,bayesian_network,768.1409567487062
24005430104__24510250205,bayesian_network,-1388.1791340236814
24005430200__24005430300,bayesian_network,4435.249067096011
24005430200__24005430400,bayesian_network,-5455.1983131622965
24005430200__24510250205,bayesian_network,4016.980819136723
24005430300__24005430400,bayesian_network,-2648.902808151266
24005430300__24005980200,bayesian_network,-5471.9266611969215
24005430400__24005430600,bayesian_network,3675.1172534023062
24005430400__24005430700,bayesian_network,1662.053692987327
24005430400__24005430800,bayesian_network,2375.3344148291035
24005430400__24005430900,bayesian_network,3508.761960933214
24005430400__24005980200,bayesian_network,-13124.990209278156
24005430400__24510250103,bayesian_network,5123.626410107965
24005430400__24510250206,bayesian_network,-5388.2969353876
24005430600__24005430700,bayesian_network,-8299.421437884179
24005430600__24005980200,bayesian_network,-5263.735231992965
24005430600__24027601104,bayesian_network,-4623.446180936735
24005430600__24027601201,bayesian_network,-8517.792149279703
24005430700__24005430800,bayesian_network,7268.875061595292
24005430700__24005492500,bayesian_network,1964.4173317271816
24005430800__24005430900,bayesian_network,-7735.393777295365
24005430800__24005492500,bayesian_network,3799.4253358765272
24005430900__24005492500,bayesian_network,-1640.8234375151078
24005430900__24510250103,bayesian_network,728.0265515086285
24005440100__24005440200,bayesian_network,7544.313077831248
24005440100__24005440300,bayesian_network,-2209.5553111471527
24005440100__24005492101,bayesian_network,-12341.752724236409
24005440100__24005492102,bayesian_network,-2118.4579631708784
24005440100__24510270501,bayesian_network,1896.3270194267207
24005440200__24005440300,bayesian_network,-5814.155472388302
24005440200__24005440400,bayesian_network,-330.2304067903715
24005440200__24005440500,bayesian_network,-4693.731726860475
24005440200__24510270501,bayesian_network,9997.627950550035
24005440200__24510270502,bayesian_network,352.9738173412552
24005440300__24005440600,bayesian_network,-1711.4082245855316
24005440300__24005440800,bayesian_network,-7513.208684800142
24005440400__24005440500,bayesian_network,4223.692870255123
24005440400__24005441000,bayesian_network,6751.861582966871
24005440400__24510260101,bayesian_network,7359.497632904502
24005440500__24005440800,bayesian_network,-5720.583533763245
24005440500__24005440900,bayesian_network,-7473.502925460372
24005440500__24005441000,bayesian_network,161.35644784137367
24005440600__24005440701,bayesian_network,-55.577858182106866
24005440600__24005440702,bayesian_network,-138.25433028699626
24005440600__24005440800,bayesian_network,11763.667453437287
24005440701__24005440702,bayesian_network,832.90983448513
24005440701__24005440800,bayesian_network,-4495.713101213478
24005440701__24005440900,bayesian_network,-6500.098212896337
24005440701__24005451200,bayesian_network,-3010.0369540389875
24005440702__24005451200,bayesian_network,-1355.4602982719734
24005440702__24005451701,bayesian_network,729.0669904798197
24005440900__24005441101,bayesian_network,-4028.668338418727
24005440900__24005450100,bayesian_network,-1947.5882230071948
24005440900__24005451200,bayesian_network,-1018.0544573969419
24005441000__24005441101,bayesian_network,-905.342806542767
24005441000__24005441102,bayesian_network,7903.281052416558
24005441101__24005441102,bayesian_network,10110.368873865234
24005441101__24005450100,bayesian_network,10514.046481233985
24005441102__24005450100,bayesian_network,-5706.067245282189
24005441102__24510260403,bayesian_network,-7412.318153153341
24005450100__24005450200,bayesian_network,-5878.487296323885
24005450100__24005451200,bayesian_network,2982.3384172595106
24005450100__24005452300,bayesian_network,-4979.315055411142
24005450100__24510260404,bayesian_network,4874.019062666595
24005450200__24005450300,bayesian_network,3099.922899878875
24005450200__24005450400,bayesian_network,-1692.8345502541633
24005450200__24005451200,bayesian_network,3296.7317031136736
24005450200__24005452300,bayesian_network,1510.7319689381038
24005450200__24005492300,bayesian_network,214.02349566654448
24005450300__24005450400,bayesian_network,-4435.935955876788
24005450300__24005450501,bayesian_network,-737.4057858040323
24005450300__24005492300,bayesian_network,-528.9390564881978
24005450400__24005450501,bayesian_network,-3294.717234064141
24005450400__24005452400,bayesian_network,4806.267047527297
24005450501__24005450503,bayesian_network,-6424.073667841909
24005450501__24005450504,bayesian_network,-1859.7909434015564
24005450501__24005450800,bayesian_network,4767.531415065514
24005450504__24005450800,bayesian_network,-5452.062502016943
24005450504__24005450900,bayesian_network,-3556.4358242478274
24005450504__24005451100,bayesian_network,3023.576165348344
24005450800__24005450900,bayesian_network,2139.785646077551
24005450800__24005451500,bayesian_network,-4674.487717892796
24005450800__24005492300,bayesian_network,-7144.093617298098
24005450900__24005451000,bayesian_network,3865.9640198527677
24005450900__24005451100,bayesian_network,-1347.1759592124617
24005451000__24005451100,bayesian_network,1723.7493606643375
24005451200__24005451300,bayesian_network,2660.4889414780264
24005451200__24005451402,bayesian_network,107.63745711565389
24005451200__24005451600,bayesian_network,-251.28970667849353
24005451200__24005451701,bayesian_network,-276.6853561992921
24005451200__24005492300,bayesian_network,754.8794148724774
24005451300__24005451402,bayesian_network,2151.2175513034126
24005451300__24005451701,bayesian_network,2601.044208348001
24005451402__24005451600,bayesian_network,831.7252830171783
24005451402__24005451701,bayesian_network,2409.74907888336
24005451500__24005451600,bayesian_network,-1402.9483547514465
24005451500__24005492300,bayesian_network,2336.680783215088
24005451600__24005451802,bayesian_network,-2141.8549734135795
24005451600__24005492300,bayesian_network,-984.010137665493
24005451701__24005451702,bayesian_network,3565.688657547267
24005451701__24005451801,bayesian_network,-1130.3936714378015
24005451701__24005451802,bayesian_network,-823.9604627639728
24005451702__24005451801,bayesian_network,-2839.8290462095847
24005451802__24005451803,bayesian_network,2171.2392154111003
24005451900__24005452000,bayesian_network,2429.416356922641
24005452000__24005452100,bayesian_network,-1663.4493345157953
24005452000__24005452400,bayesian_network,-1418.2763551745684
24005452000__24005980000,bayesian_network,-2612.5782455292465
24005452100__24005980000,bayesian_network,4350.988389216951
24005452300__24005452400,bayesian_network,244.42176024600485
24005452300__24510260404,bayesian_network,-292.5601393531824
24005452400__24005452500,bayesian_network,362.34119867904155
24005452400__24005980000,bayesian_network,5305.075975802499
24005490100__24005490200,bayesian_network,-1478.4980894369437
24005490100__24005490302,bayesian_network,2722.2949216105044
24005490100__24005491701,bayesian_network,3579.387125978952
24005490100__24005492600,bayesian_network,946.8634053748465
24005490200__24005490301,bayesian_network,-4585.707701757841
24005490301__24005490302,bayesian_network,-2663.9692286725003
24005490301__24005490500,bayesian_network,-1372.8026968718332
24005490301__24005490701,bayesian_network,2592.1428762344585
24005490301__24005490703,bayesian_network,3630.27550335633
24005490301__24005490900,bayesian_network,1273.03517498371
24005490302__24005490900,bayesian_network,-6309.5305451403765
24005490302__24005491201,bayesian_network,3108.5524444641414
24005490400__24005490500,bayesian_network,9659.141733923527
24005490500__24005490603,bayesian_network,-3785.762980182688
24005490500__24005490605,bayesian_network,-3981.912418069307
24005490500__24005490701,bayesian_network,-2034.8952836546414
24005490500__24510271200,bayesian_network,-2414.2178170995358
24005490500__24510271300,bayesian_network,3223.830213893816
24005490500__24510271501,bayesian_network,-1865.5145995415123
24005490601__24005490602,bayesian_network,4376.060289562531
24005490601__24005490603,bayesian_network,3429.1653135657034
24005490601__24005491100,bayesian_network,-3439.0519592163255
24005490601__24510271200,bayesian_network,918.2656587347446
24005490602__24005490603,bayesian_network,3766.3451286258714
24005490602__24005490605,bayesian_network,5322.698657419289
24005490602__24005491000,bayesian_network,2316.617634986518
24005490602__24005491100,bayesian_network,-2209.3101262560385
24005490603__24005490605,bayesian_network,5265.713441468877
24005490603__24510271200,bayesian_network,3888.27770150741
24005490605__24005490701,bayesian_network,-4663.0239287774875
24005490605__24005490703,bayesian_network,3545.1517449504972
24005490605__24005490800,bayesian_network,997.1532245474082
24005490701__24005490703,bayesian_network,1761.5058973150153
24005490703__24005490900,bayesian_network,-384.18199178117356
24005490800__24005490900,bayesian_network,-4935.090301673161
24005490800__24005491000,bayesian_network,1971.8005618787683
24005490800__24005491300,bayesian_network,-8655.685707134027
24005490900__24005491201,bayesian_network,978.873002615881
24005490900__24005491202,bayesian_network,-437.7301884198441
24005490900__24005491300,bayesian_network,-2350.5795520966312
24005491000__24005491100,bayesian_network,13748.446517162192
24005491000__24005491300,bayesian_network,4085.018886796868
24005491100__24005491300,bayesian_network,-1234.9668328723965
24005491100__24510270801,bayesian_network,5172.701225298497
24005491100__24510270804,bayesian_network,-5885.944179656457
24005491201__24005491202,bayesian_network,2738.8334368408105
24005491201__24005491600,bayesian_network,-2664.6860310899356
24005491201__24005491701,bayesian_network,1017.937290719543
24005491202__24005491300,bayesian_network,3224.326468970481
24005491202__24005491401,bayesian_network,-852.1397245768021
24005491202__24005491500,bayesian_network,7491.840839440298
24005491300__24005491401,bayesian_network,-3683.55898574827
24005491300__24510270801,bayesian_network,-545.364315894527
24005491401__24005491402,bayesian_network,-1904.777777623549
24005491401__24005491500,bayesian_network,-1939.629531658018
24005491401__24005492102,bayesian_network,-920.578018789849
24005491401__24510270801,bayesian_network,576.5192454725147
24005491401__24510270803,bayesian_network,-4634.3940761036065
24005491402__24005491500,bayesian_network,1867.7631037893443
24005491402__24005492001,bayesian_network,1851.170180588926
24005491402__24005492102,bayesian_network,-8440.893660494752
24005491500__24005491600,bayesian_network,1847.9132841399096
24005491500__24005492001,bayesian_network,2564.561010990681
24005491600__24005491701,bayesian_network,-784.9006918972009
24005491600__24005492001,bayesian_network,5135.612532442341
24005491701__24005491900,bayesian_network,-3246.2148524094882
24005491701__24005492200,bayesian_network,-2648.4648060114214
24005491701__24005492600,bayesian_network,-2555.730220989877
24005491900__24005492001,bayesian_network,3401.5398035526287
24005491900__24005492002,bayesian_network,-1039.236940301129
24005491900__24005492101,bayesian_network,1264.2310573230498
24005491900__24005492200,bayesian_network,-1684.3227635958428
24005492001__24005492002,bayesian_network,-11845.877025187838
24005492002__24005492101,bayesian_network,11099.966374520693
24005492002__24005492102,bayesian_network,-4954.8365787745115
24005492101__24005492102,bayesian_network,-2741.7934492974346
24005492102__24510270701,bayesian_network,-4142.608796189161
24005492102__24510270703,bayesian_network,-2543.3002741126365
24005492200__24005492600,bayesian_network,2652.1833960602307
24005492401__24005492402,bayesian_network,-1767.1235276412644
24005980100__24510250205,bayesian_network,-1027.4628146173345
24009860101__24009860102,bayesian_network,-2145.435350216223
24009860200__24009860300,bayesian_network,1709.9746966791117
24009860200__24009860600,bayesian_network,-4558.864476213239
24009860200__24033800800,bayesian_network,327.78754833128187
24009860300__24009860501,bayesian_network,4169.999795329057
24009860300__24009860600,bayesian_network,-1115.7762545099758
24009860401__24009860402,bayesian_network,-5294.4499916642435
24009860501__24009860502,bayesian_network,-473.3029569711007
24009860501__24009860600,bayesian_network,-1624.9762183410348
24009860501__24009860701,bayesian_network,-107.84898465631704
24009860501__24009860702,bayesian_network,-2032.588521259604
24009860600__24009860701,bayesian_network,-7217.3819033509135
24009860701__24009860702,bayesian_network,1336.081345988976
24009860701__24009860703,bayesian_network,-4590.954668612587
24009860702__24009860703,bayesian_network,424.67227888248453
24009860703__24009860802,bayesian_network,-677.0279467494474
24009860801__24009860802,bayesian_network,-4546.164180503052
24009860900__24009861001,bayesian_network,-3468.264429252282
24009860900__24009861003,bayesian_network,-617.0800733701872
24009861001__24009861003,bayesian_network,206.4465345340068
24009861001__24009861004,bayesian_network,-1893.8458123916462
24009861003__24009861004,bayesian_network,-139.4055112426504
24011955000__24011955100,bayesian_network,-1228.1126508660013
24011955000__24035810200,bayesian_network,-1647.068865710875
24011955100__24011955201,bayesian_network,2070.7803272547308
24011955100__24011955202,bayesian_network,-19.329977436806985
24011955100__24011955301,bayesian_network,-2294.5874655524635
24011955100__24035810500,bayesian_network,-428.4972647144839
24011955201__24011955202,bayesian_network,-430.89824474250963
24011955201__24035810500,bayesian_network,3456.181214594619
24011955202__24011955301,bayesian_network,-4104.056426897729
24011955202__24011955302,bayesian_network,6425.111750566843
24011955202__24035810500,bayesian_network,5238.790902381256
24011955202__24041960100,bayesian_network,6133.835746554658
24011955301__24011955302,bayesian_network,-2493.4770893608948
24011955301__24011955400,bayesian_network,-5544.4044256021625
24011955400__24011955500,bayesian_network,1616.662152750423
24011955400__24011955600,bayesian_network,9762.002085574626
24011955500__24019970200,bayesian_network,-4814.852963329063
24011955600__24019970100,bayesian_network,-4132.964718930854
24013501001__24013501002,bayesian_network,-394.4897112973422
24013501001__24013503000,bayesian_network,425.5336766243897
24013501002__24013503000,bayesian_network,-166.38862891705327
24013501002__24021767500,bayesian_network,-299.97794906107583
24013502000__24013507500,bayesian_network,1344.894331437608
24013502000__24013511000,bayesian_network,440.98726380480093
24013503000__24013507500,bayesian_network,-99.7373074853258
24013503000__24013507601,bayesian_network,145.95321066614815
24013504100__24013504201,bayesian_network,-4620.2555615599995
24013504100__24013508200,bayesian_network,4523.704803278062
24013504201__24013504202,bayesian_network,7971.211319179227
24013504202__24013507802,bayesian_network,3231.7356686351104
24013505101__24013505102,bayesian_network,5108.828573197352
24013505101__24013505207,bayesian_network,776.4808338010989
24013505102__24013505203,bayesian_network,1776.8427777392099
24013505102__24013505205,bayesian_network,-1350.4630372765805
24013505102__24013505206,bayesian_network,-5932.1672665345795
24013505203__24013505205,bayesian_network,1800.7022311793007
24013505203__24013505206,bayesian_network,5965.556317308843
24013505203__24013505207,bayesian_network,-1377.501482920823
24013505203__24013505208,bayesian_network,-1641.8712400492877
24013505205__24013505206,bayesian_network,2222.479805756102
24013505206__24013505208,bayesian_network,-972.5735213287553
24013505206__24027603003,bayesian_network,-4908.85596547097
24013505207__24013505208,bayesian_network,613.6159669230437
24013505208__24027603003,bayesian_network,-1240.7162931448402
24013506101__24013506102,bayesian_network,-800.1006808000211
24013506101__24013506200,bayesian_network,992.1060409967104
24013506102__24013506200,bayesian_network,176.08323370032667
24013506102__24013507601,bayesian_network,1835.705872938358
24013506102__24013507602,bayesian_network,-5.283215259702047
24013506102__24013508200,bayesian_network,-328.3332523014651
24013507500__24013507601,bayesian_network,64.76098512316821
24013507500__24013507702,bayesian_network,-315.932945490571
24013507500__24013507704,bayesian_network,5093.3168474855665
24013507601__24013507602,bayesian_network,-652.500926797602
24013507601__24013507702,bayesian_network,438.8100975701218
24013507601__24013507801,bayesian_network,-38.65995487361397
24013507602__24013507801,bayesian_network,153.82119671655528
24013507602__24013507802,bayesian_network,2473.2389890274935
24013507602__24013508200,bayesian_network,4316.002912331998
24013507702__24013507703,bayesian_network,-3073.137754182142
24013507702__24013507704,bayesian_network,2675.6053001292385
24013507702__24013507801,bayesian_network,1706.6634974114495
24013507702__24013507802,bayesian_network,969.2917224624025
24013507702__24013511000,bayesian_network,2812.0522413538824
24013507703__24013507704,bayesian_network,-1302.7927935405824
24013507703__24013511000,bayesian_network,1340.4048217969612
24013507801__24013507802,bayesian_network,1139.3579809815492
24013508101__24013508102,bayesian_network,628.9599266683326
24013508101__24013508200,bayesian_network,2210.1791265844513
24013508102__24013508200,bayesian_network,1172.8282316142104
24013509001__24013509002,bayesian_network,507.4983122194135
24013510000__24021751600,bayesian_network,-894.0004809527909
24013510000__24021767600,bayesian_network,-1686.7940636591838
24013512000__24021751600,bayesian_network,755.9206886417951
24013513001__24013513002,bayesian_network,-6480.232526723252
24013513001__24021752001,bayesian_network,1769.1059635982729
24013513002__24013514201,bayesian_network,4362.688311425674
24013513002__24021751903,bayesian_network,-923.8810883600618
24013513002__24021752001,bayesian_network,-1219.6818404567312
24013513002__24027604001,bayesian_network,-6119.740098587987
24013514100__24013514201,bayesian_network,-1182.8860786193018
24013514100__24013514202,bayesian_network,-1481.1164687023556
24013514201__24013514202,bayesian_network,-7922.31679080641
24013514201__24027604001,bayesian_network,-3723.548129401939
24013514202__24027604002,bayesian_network,-1612.0634409148379
24015030100__24029950100,bayesian_network,1289.8709785995738
24015030400__24015030503,bayesian_network,-2068.459240243006
24015030400__24015030505,bayesian_network,523.3385769102715
24015030400__24015030506,bayesian_network,-914.4549781876776
24015030501__24015030503,bayesian_network,429.0356473725233
24015030501__24015030601,bayesian_network,-1332.1092272018632
24015030503__24015030506,bayesian_network,-1092.9598589575544
24015030503__24015030601,bayesian_network,458.49756962080573
24015030503__24015030602,bayesian_network,151.06428073194274
24015030503__24015030903,bayesian_network,2166.48579653255
24015030505__24015030506,bayesian_network,4928.534737635113
24015030601__24015030602,bayesian_network,965.3233593887778
24015030700__24015030905,bayesian_network,228.6392205064767
24015030903__24015030906,bayesian_network,1008.5590585391255
24015030905__24015030906,bayesian_network,-728.1298334030726
24015030906__24015031202,bayesian_network,3820.35373781596
24015031201__24015031202,bayesian_network,-269.07697032607393
24015031201__24015031301,bayesian_network,1562.8812820016465
24015031301__24015031302,bayesian_network,1890.0906551399712
24017850101__24017850102,bayesian_network,-386.4237479249132
24017850101__24033801302,bayesian_network,-3303.9006534537984
24017850102__24017850202,bayesian_network,1188.9083483813747
24017850102__24017850300,bayesian_network,-253.56708934811468
24017850102__24017850600,bayesian_network,-1010.3733133169699
24017850102__24033801310,bayesian_network,-250.41366237052716
24017850202__24017850300,bayesian_network,257.41503159201784
24017850300__24017850400,bayesian_network,876.197653130519
24017850300__24017850500,bayesian_network,-1082.3579241862528
24017850300__24017850600,bayesian_network,876.4750358001411
24017850400__24017850500,bayesian_network,650.4358365550256
24017850500__24017850600,bayesian_network,874.9094660374685
24017850600__24017850712,bayesian_network,-2409.03562066992
24017850600__24017850713,bayesian_network,-2423.7995333062263
24017850600__24017851001,bayesian_network,2470.8488507309194
24017850600__24017851002,bayesian_network,-6222.920211655772
24017850600__24017851500,bayesian_network,5512.231385365854
24017850706__24017850708,bayesian_network,4081.5297459122885
24017850706__24017850709,bayesian_network,234.12998362219878
24017850706__24017850711,bayesian_network,-6198.300345083939
24017850706__24017850901,bayesian_network,1982.5470644169545
24017850708__24017850709,bayesian_network,663.3576492866268
24017850708__24033801310,bayesian_network,11170.47179390895
24017850709__24017850801,bayesian_network,-533.0480821286037
24017850709__24017850802,bayesian_network,-3721.5401249535644
24017850709__24033801003,bayesian_network,-8077.972346695256
24017850711__24017850901,bayesian_network,-671.0111846802902
24017850711__24017851500,bayesian_network,3433.1172316007796
24017850712__24017850713,bayesian_network,1318.6646817672517
24017850713__24017851500,bayesian_network,5494.144356586197
24017850801__24017850802,bayesian_network,1664.271199316012
24017850801__24033801003,bayesian_network,-1563.5779885342781
24017850802__24017850901,bayesian_network,-5380.324595602444
24017850802__24017850904,bayesian_network,-4256.09132480956
24017850802__24017850905,bayesian_network,-1795.9728847471488
24017850802__24017851400,bayesian_network,-4736.498334438249
24017850901__24017850902,bayesian_network,1878.8336231053072
24017850901__24017850905,bayesian_network,-1268.9806961174363
24017850901__24017850906,bayesian_network,803.0622800464844
24017850901__24017851500,bayesian_network,-1045.203513194705
24017850902__24017850904,bayesian_network,-2705.7137633000584
24017850902__24017850906,bayesian_network,-1335.396825723079
24017850902__24017851002,bayesian_network,878.3156226761203
24017850902__24017851500,bayesian_network,602.5551890644747
24017850904__24017850905,bayesian_network,3333.221317676276
24017850904__24017850906,bayesian_network,-542.6280294112094
24017850904__24017851302,bayesian_network,-4200.014800728939
24017851001__24017851002,bayesian_network,-22.340245269500883
24017851002__24017851100,bayesian_network,2150.3507409952826
24017851002__24017851500,bayesian_network,-163.5703805346493
24017851100__24017851200,bayesian_network,-1880.7395086097786
24017851301__24017851302,bayesian_network,2222.617663730165
24017851301__24037875202,bayesian_network,105.17240372828701
24017851302__24017851400,bayesian_network,-3250.664311551118
24017851302__24037875100,bayesian_network,-5843.018921472285
24017851400__24033800900,bayesian_network,5017.363173973492
24017851400__24037875100,bayesian_network,-2523.9935640003096
24019970100__24019970200,bayesian_network,7424.746128351578
24019970100__24019970900,bayesian_network,-3819.9325171615783
24019970100__24045010701,bayesian_network,16311.129011718072
24019970200__24019970300,bayesian_network,3555.8694191265404
24019970300__24019970702,bayesian_network,1945.2887815689237
24019970300__24019970900,bayesian_network,5227.4204323681515
24019970400__24019970500,bayesian_network,-1597.4583242784156
24019970400__24019970600,bayesian_network,-3988.8300756322315
24019970400__24019970702,bayesian_network,-6153.790998713492
24019970500__24019970600,bayesian_network,-1994.4464693437312
24019970500__24019970702,bayesian_network,28.341275835688975
24019970600__24019970702,bayesian_network,3003.280882046405
24019970702__24019970900,bayesian_network,2335.5613094545397
24021740200__24021750802,bayesian_network,-961.9190296552151
24021740200__24021751302,bayesian_network,1427.2657509969872
24021740200__24021751701,bayesian_network,463.3315428712958
24021740200__24021767600,bayesian_network,1108.2904000738008
24021740200__24021773500,bayesian_network,3292.71039093921
24021750100__24021750200,bayesian_network,657.8396097032055
24021750100__24021750600,bayesian_network,2407.305176479611
24021750100__24021750801,bayesian_network,-1369.7235884541224
24021750100__24021750803,bayesian_network,735.8431346088164
24021750200__24021750300,bayesian_network,351.95134176918145
24021750200__24021750600,bayesian_network,-1664.6674827048173
24021750200__24021750803,bayesian_network,1648.8988081073976
24021750200__24021772200,bayesian_network,2025.694995849386
24021750300__24021750600,bayesian_network,2354.711308054145
24021750300__24021765100,bayesian_network,-273.3565972810502
24021750300__24021772200,bayesian_network,-1206.2380323260577
24021750503__24021750504,bayesian_network,-895.4284844133945
24021750503__24021750505,bayesian_network,-603.2209933073755
24021750503__24021750506,bayesian_network,4001.857294432484
24021750503__24021751203,bayesian_network,3033.1189118817692
24021750504__24021750505,bayesian_network,-511.00685564964806
24021750504__24021750600,bayesian_network,-2327.4165351920965
24021750504__24021750702,bayesian_network,1098.8206303227307
24021750504__24021751201,bayesian_network,231.00265798989858
24021750504__24021751203,bayesian_network,1742.1654474720635
24021750505__24021750506,bayesian_network,-40.169763975485694
24021750505__24021765100,bayesian_network,-3690.9053809862817
24021750506__24021751004,bayesian_network,432.9823666959128
24021750506__24021751203,bayesian_network,-745.0098762318094
24021750506__24021752602,bayesian_network,1197.6543538634178
24021750506__24021752603,bayesian_network,-580.635459655321
24021750506__24021765100,bayesian_network,-1911.5299868103393
24021750600__24021750702,bayesian_network,468.55390864636865
24021750600__24021750801,bayesian_network,-1182.9950296400984
24021750600__24021765100,bayesian_network,2089.179536268788
24021750701__24021750702,bayesian_network,-1729.811530943458
24021750701__24021750801,bayesian_network,-2718.4100067967956
24021750701__24021750802,bayesian_network,261.3705821365438
24021750701__24021751201,bayesian_network,1486.2037348435042
24021750701__24021751301,bayesian_network,-32.029567388643045
24021750702__24021750801,bayesian_network,-5051.549063865139
24021750702__24021751201,bayesian_network,-1634.850924763341
24021750801__24021750802,bayesian_network,-2348.9790248496793
24021750801__24021750803,bayesian_network,-1078.3264456219185
24021750802__24021750803,bayesian_network,-647.9564940264645
24021750802__24021751301,bayesian_network,-473.92859459151805
24021750803__24021751701,bayesian_network,2189.1433181634275
24021750803__24021772200,bayesian_network,8841.587996659327
24021751001__24021751002,bayesian_network,-2267.039076463513
24021751001__24021751004,bayesian_network,2690.7529424102977
24021751002__24021751003,bayesian_network,5327.1317037035005
24021751002__24021751004,bayesian_network,-844.5682252520764
24021751002__24021752301,bayesian_network,881.6974982066822
24021751003__24021751004,bayesian_network,-1685.4231947753065
24021751003__24021751904,bayesian_network,17067.37131185142
24021751003__24021752301,bayesian_network,2555.0961745057975
24021751003__24021765100,bayesian_network,-6405.03845174046
24021751003__24021772200,bayesian_network,-7669.296011865139
24021751004__24021752303,bayesian_network,-1541.477140237701
24021751004__24021752501,bayesian_network,-2929.5565772065966
24021751004__24021752602,bayesian_network,4497.827113795924
24021751004__24021765100,bayesian_network,-1542.842223697182
24021751201__24021751202,bayesian_network,-2779.5768565758444
24021751201__24021751203,bayesian_network,386.8615624090844
24021751202__24021751203,bayesian_network,-1403.9334104626578
24021751203__24021752603,bayesian_network,2891.9316137845817
24021751301__24021751302,bayesian_network,1625.9001924660479
24021751302__24021752900,bayesian_network,6.058452861525893
24021751302__24021753001,bayesian_network,522.5395055500467
24021751600__24021767600,bayesian_network,3448.8393264095557
24021751701__24021773500,bayesian_network,2440.953920790702
24021751801__24021751802,bayesian_network,6252.079917290874
24021751801__24021751901,bayesian_network,3892.134021245238
24021751801__24021751903,bayesian_network,-3078.196554995062
24021751802__24021751903,bayesian_network,-1236.0697622432263
24021751802__24021752001,bayesian_network,2385.920134856049
24021751901__24021751902,bayesian_network,152.09246049335343
24021751901__24021751903,bayesian_network,128.0967214449629
24021751901__24021751904,bayesian_network,-837.2129459865773
24021751901__24021775600,bayesian_network,1561.7671394236659
24021751902__24021751904,bayesian_network,1795.152090604337
24021751902__24021772200,bayesian_network,-2366.57514628645
24021751902__24021775600,bayesian_network,-1737.2328322018875
24021751903__24021751904,bayesian_network,1163.6086841434771
24021751903__24021752001,bayesian_network,-744.6777966652953
24021751903__24021752102,bayesian_network,5229.751909526247
24021751903__24027604001,bayesian_network,-1710.3464323914122
24021751903__24031700204,bayesian_network,815.4889276920258
24021751904__24021772200,bayesian_network,3898.9867196681707
24021752101__24021752102,bayesian_network,14253.314413070242
24021752102__24021752201,bayesian_network,-1610.9846388476144
24021752102__24021752204,bayesian_network,14897.451993093924
24021752102__24031700204,bayesian_network,4656.992362595718
24021752102__24031700312,bayesian_network,-7156.018424795329
24021752201__24021752204,bayesian_network,-8713.874875028923
24021752201__24031700400,bayesian_network,-15538.71947571505
24021752202__24021752204,bayesian_network,407.5898157714255
24021752301__24021752302,bayesian_network,1272.4370071031008
24021752301__24021752303,bayesian_network,-1733.2112739829004
24021752302__24021752303,bayesian_network,-633.7811609133023
24021752303__24021752501,bayesian_network,-1810.099339159111
24021752303__24021752502,bayesian_network,-2887.8216842908587
24021752303__51107610300,bayesian_network,-1764.5284846580798
24021752501__24021752502,bayesian_network,-2973.9010157825687
24021752502__51107610300,bayesian_network,-388.8747293677443
24021752601__24021752602,bayesian_network,857.841545780745
24021752601__24021752603,bayesian_network,2999.6533903373384
24021752601__24021770700,bayesian_network,6344.868290855755
24021752602__24021752603,bayesian_network,-2459.5954919342803
24021752801__24021752900,bayesian_network,-1029.2924955735634
24021752801__24043011301,bayesian_network,-556.8107698467384
24021752802__24021770700,bayesian_network,9779.171344250075
24021752802__24043011302,bayesian_network,11463.130515537097
24021752900__24021753001,bayesian_network,310.87665810903127
24021752900__24021753002,bayesian_network,13.34004512638603
24021752900__24021766800,bayesian_network,174.950347127412
24021752900__24043010100,bayesian_network,-40.611552650806516
24021752900__24043011301,bayesian_network,211.86670659646416
24021753001__24021753002,bayesian_network,-1974.5014365591924
24021753001__24021767500,bayesian_network,1419.995020223757
24021765100__24021772200,bayesian_network,-2095.904005391987
24021766800__24021767500,bayesian_network,2387.669866626603
24021767500__24021767600,bayesian_network,2077.180616049991
24021772200__24021775600,bayesian_network,-5557.7354356755095
24021775302__24021775400,bayesian_network,-1482.0130874222505
24021775302__51107610101,bayesian_network,-1347.2512477875298
24021775302__51107610102,bayesian_network,-443.70802682066005
24021775400__51107610102,bayesian_network,-665.03337029966
24023000100__24023000200,bayesian_network,-2065.1255056142745
24023000100__24023000500,bayesian_network,1051.9637059603465
24023000100__24023000600,bayesian_network,0.0
24023000200__24023000300,bayesian_network,-294.13855441269334
24023000300__24023000400,bayesian_network,2252.820461182207
24023000300__24023000500,bayesian_network,-541.0606748139148
24023000400__24023000500,bayesian_network,-1267.0436708551433
24023000500__24023000600,bayesian_network,6572.9532609443595
24023000600__24023000700,bayesian_network,-513.6064941749646
24025301102__24025301106,bayesian_network,1719.569461562971
24025301102__24025301108,bayesian_network,636.0884782585345
24025301102__24025301702,bayesian_network,-203.44203362656117
24025301102__24025301703,bayesian_network,1278.3824917975571
24025301102__24025301704,bayesian_network,1559.639842464141
24025301102__24025302200,bayesian_network,2729.1287498016645
24025301102__24025302400,bayesian_network,1094.64166305065
24025301102__24025303606,bayesian_network,2259.7258270107213
24025301102__24025303700,bayesian_network,6432.778008837096
24025301106__24025301108,bayesian_network,-2704.245249171483
24025301106__24025301202,bayesian_network,-1587.9005673250103
24025301106__24025303501,bayesian_network,101.32572488368714
24025301106__24025303602,bayesian_network,-1080.5772097578301
24025301107__24025301204,bayesian_network,-630.9998700863362
24025301107__24025301205,bayesian_network,-292.1827961157178
24025301107__24025301703,bayesian_network,-1080.463624674565
24025301108__24025301703,bayesian_network,-134.95628464793845
24025301201__24025301204,bayesian_network,-3505.251139820146
24025301201__24025301301,bayesian_network,3335.1708774991057
24025301202__24025301204,bayesian_network,-1268.674710663554
24025301202__24025301205,bayesian_network,-2033.3664295872368
24025301202__24025303501,bayesian_network,4982.66539247644
24025301204__24025301205,bayesian_network,2897.6140034740565
24025301204__24025301301,bayesian_network,-70.25070779662929
24025301301__24025301302,bayesian_network,-1983.9098873704788
24025301301__24025301401,bayesian_network,272.7070992070112
24025301301__24025301402,bayesian_network,435.49356496547534
24025301301__24025301703,bayesian_network,-413.10306718938955
24025301302__24025301601,bayesian_network,3884.368007099705
24025301302__24025301602,bayesian_network,-750.0665066779984
24025301302__24025301702,bayesian_network,-77.26731663084138
24025301401__24025301402,bayesian_network,1598.3220641281332
24025301402__24025301601,bayesian_network,2043.5959597074616
24025301402__24025306500,bayesian_network,1084.487248038693
24025301601__24025301602,bayesian_network,3783.075886627352
24025301601__24025306500,bayesian_network,-1338.069716777829
24025301602__24025301702,bayesian_network,4014.902950979569
24025301602__24025306500,bayesian_network,5041.20064239018
24025301702__24025301703,bayesian_network,-7637.610992116675
24025301702__24025301704,bayesian_network,406.9215646044322
24025301702__24025302400,bayesian_network,3485.08309139053
24025301703__24025301704,bayesian_network,744.0085957560368
24025302100__24025302200,bayesian_network,-322.89300584771263
24025302100__24025306400,bayesian_network,284.0306634657218
24025302200__24025302400,bayesian_network,520.694011820794
24025302200__24025302801,bayesian_network,-2460.2290552722843
24025302200__24025302802,bayesian_network,-1337.605181666052
24025302200__24025303700,bayesian_network,4182.6728790857815
24025302200__24025306400,bayesian_network,-38.65474156155142
24025302400__24025302902,bayesian_network,-610.6551801510177
24025302400__24025306500,bayesian_network,1616.3406601310307
24025302801__24025302802,bayesian_network,3677.876814367497
24025302801__24025302901,bayesian_network,181.29977750889702
24025302801__24025306300,bayesian_network,3566.5625104826504
24025302802__24025302901,bayesian_network,-872.9564337883912
24025302802__24025302902,bayesian_network,-1737.5215762043244
24025302901__24025302902,bayesian_network,-510.04766835596456
24025302901__24025306300,bayesian_network,-3298.9845286849086
24025302902__24025306500,bayesian_network,1489.0959543669633
24025303101__24025303102,bayesian_network,-4576.348168589953
24025303101__24025303201,bayesian_network,1310.7196373009601
24025303101__24025303603,bayesian_network,10391.326312510719
24025303101__24025303700,bayesian_network,437.7377506547982
24025303101__24025305100,bayesian_network,560.9308778136437
24025303101__24025305200,bayesian_network,118.09745344628209
24025303102__24025303700,bayesian_network,1295.9800938674307
24025303201__24025303203,bayesian_network,3399.094405138485
24025303201__24025303204,bayesian_network,602.4234934344513
24025303201__24025303603,bayesian_network,1727.479816549232
24025303201__24025304101,bayesian_network,-152.24438418293357
24025303201__24025304202,bayesian_network,-501.9915361949079
24025303201__24025305100,bayesian_network,149.08799564109904
24025303203__24025303204,bayesian_network,-1302.569469249851
24025303203__24025303206,bayesian_network,-2734.436748344924
24025303203__24025303603,bayesian_network,-3.3512068542931956
24025303203__24025303802,bayesian_network,347.5957808652706
24025303204__24025303206,bayesian_network,-4995.357933735748
24025303206__24025303502,bayesian_network,-2821.309592729969
24025303206__24025303802,bayesian_network,503.80385007130826
24025303300__24025303400,bayesian_network,-834.9891692706951
24025303300__24025303502,bayesian_network,4735.774901784414
24025303300__24025304201,bayesian_network,2220.9229613683838
24025303300__24025304202,bayesian_network,245.35721669633995
24025303501__24025303502,bayesian_network,1835.552152940665
24025303501__24025303602,bayesian_network,5079.504098449463
24025303501__24025303801,bayesian_network,4449.9605210858135
24025303501__24025303900,bayesian_network,793.5205397469654
24025303502__24025303801,bayesian_network,-3791.279990947227
24025303602__24025303900,bayesian_network,-3053.497913710169
24025303603__24025303605,bayesian_network,-1674.6380331826804
24025303603__24025303802,bayesian_network,740.3965941728711
24025303603__24025303803,bayesian_network,-4744.722501515633
24025303605__24025303700,bayesian_network,-1875.6483529564466
24025303605__24025303900,bayesian_network,-3375.9903607659544
24025303606__24025303700,bayesian_network,1222.5138908478366
24025303801__24025303802,bayesian_network,-339.3851547628001
24025303801__24025303803,bayesian_network,1447.5550090769138
24025303801__24025303900,bayesian_network,-175.44932948128553
24025303802__24025303803,bayesian_network,-1295.8845830148239
24025303803__24025303900,bayesian_network,714.5574532198989
24025304101__24025304102,bayesian_network,950.1280892400537
24025304101__24025304201,bayesian_network,-688.5334065717634
24025304101__24025304202,bayesian_network,-5219.479011762271
24025304101__24025305100,bayesian_network,-476.8141199181398
24025304102__24025304201,bayesian_network,-398.7120863192122
24025304102__24025305100,bayesian_network,163.20583504555452
24025304201__24025304202,bayesian_network,-3160.6396631444077
24025305100__24025305200,bayesian_network,434.50111693411236
24025305200__24025305300,bayesian_network,2030.5966609981697
24025306100__24025306200,bayesian_network,-816.834758665058
24025306100__24025306400,bayesian_network,1004.170247233069
24027601103__24027601104,bayesian_network,11441.11526184604
24027601103__24027601108,bayesian_network,12939.369383565507
24027601103__24027601203,bayesian_network,-2007.0348097370606
24027601103__24027601204,bayesian_network,-4467.194005856756
24027601104__24027601105,bayesian_network,9447.873056238815
24027601104__24027601108,bayesian_network,4997.782460441698
24027601104__24027601201,bayesian_network,-3801.1171087867697
24027601104__24027602700,bayesian_network,7645.831615502473
24027601105__24027601108,bayesian_network,4222.169745838306
24027601105__24027602302,bayesian_network,5848.647796382236
24027601105__24027602700,bayesian_network,7060.2322483392
24027601105__24027606606,bayesian_network,2705.111030513701
24027601105__24027606607,bayesian_network,-3562.1917523180437
24027601107__24027601108,bayesian_network,9809.187393047523
24027601107__24027601203,bayesian_network,-4326.472294724046
24027601107__24027606706,bayesian_network,9589.828549470098
24027601108__24027601203,bayesian_network,-4231.996882304287
24027601108__24027606706,bayesian_network,6484.420484392118
24027601201__24027601204,bayesian_network,12867.856465946374
24027601203__24027601204,bayesian_network,-8005.865896216914
24027601203__24027606901,bayesian_network,-21172.47161004591
24027602100__24027602201,bayesian_network,1533.4383842324096
24027602100__24027602202,bayesian_network,-3670.7328839225665
24027602100__24027602600,bayesian_network,-7362.262821197779
24027602201__24027602202,bayesian_network,-162.39281858158938
24027602201__24027602303,bayesian_network,-654.1650385196117
24027602202__24027602304,bayesian_network,893.9353938084741
24027602202__24027602305,bayesian_network,3922.2276690193503
24027602202__24027602306,bayesian_network,-2494.331522578359
24027602202__24027602600,bayesian_network,-5299.003026030725
24027602302__24027602306,bayesian_network,-10883.379765310092
24027602302__24027602700,bayesian_network,4258.481849442198
24027602302__24027602800,bayesian_network,-2379.885972071381
24027602302__24027606601,bayesian_network,9171.108317876264
24027602302__24027606607,bayesian_network,11361.59327374737
24027602303__24027602304,bayesian_network,3592.7041610497618
24027602303__24027605503,bayesian_network,2035.9160142902329
24027602304__24027602305,bayesian_network,734.3497696949635
24027602304__24027602306,bayesian_network,-594.2097943231856
24027602304__24027605401,bayesian_network,3404.6330708306814
24027602305__24027602306,bayesian_network,3990.0947693259805
24027602306__24027602800,bayesian_network,1040.9039107282006
24027602306__24027605401,bayesian_network,-2339.120823844176
24027602600__24027602800,bayesian_network,-1574.5679800892012
24027602600__24027602900,bayesian_network,-5923.226424353343
24027602700__24027602800,bayesian_network,11602.679682612295
24027602800__24027602900,bayesian_network,6074.172011508592
24027603001__24027603003,bayesian_network,5779.0686768203595
24027603001__24027603004,bayesian_network,101.9679473361175
24027603003__24027603004,bayesian_network,-7211.614769870619
24027603003__24027605104,bayesian_network,721.2281318619971
24027603004__24027605104,bayesian_network,-1310.5256729296234
24027603004__24027605502,bayesian_network,-1632.3103520502727
24027604001__24027604002,bayesian_network,-11107.204856972483
24027604001__24031700103,bayesian_network,2762.4207699673616
24027604001__24031700204,bayesian_network,-6710.255024445045
24027604002__24031700103,bayesian_network,1769.6869605648499
24027604002__24031701317,bayesian_network,608.7445631922456
24027605102__24027605103,bayesian_network,12557.45426536019
24027605102__24027605504,bayesian_network,11291.745104661131
24027605102__24027605602,bayesian_network,-6869.1453799911105
24027605102__24027606803,bayesian_network,-2637.3764755009906
24027605102__24027606805,bayesian_network,-791.3516128523406
24027605102__24027606806,bayesian_network,-1468.5955993917305
24027605102__24031701316,bayesian_network,4105.73452619041
24027605102__24031701408,bayesian_network,10407.305761935262
24027605103__24027605104,bayesian_network,-4191.742267701171
24027605103__24027605504,bayesian_network,-2202.8226905672364
24027605103__24031701316,bayesian_network,12068.539744789708
24027605103__24031701317,bayesian_network,3321.4152072260513
24027605104__24027605502,bayesian_network,4150.3841286157
24027605104__24027605505,bayesian_network,-511.2181402395727
24027605401__24027605402,bayesian_network,-2362.591883538931
24027605401__24027605503,bayesian_network,-31.564151494792895
24027605401__24027606601,bayesian_network,-6876.192599530812
24027605402__24027605503,bayesian_network,8439.831184907765
24027605402__24027605602,bayesian_network,10128.670403271113
24027605402__24027606603,bayesian_network,-11186.425667036565
24027605502__24027605503,bayesian_network,6704.4134040727695
24027605502__24027605601,bayesian_network,6561.450784126264
24027605503__24027605602,bayesian_network,176.6548075098599
24027605504__24027605505,bayesian_network,-6511.1154134213575
24027605505__24027605601,bayesian_network,-1.7955426098851603
24027605505__24027605602,bayesian_network,-529.6227376021561
24027605601__24027605602,bayesian_network,5758.495843616038
24027605602__24027606603,bayesian_network,-4423.82763787411
24027605602__24027606701,bayesian_network,971.8334503326478
24027606601__24027606603,bayesian_network,-8546.75013699419
24027606601__24027606604,bayesian_network,-6894.43201189399
24027606601__24027606606,bayesian_network,-467.24051040404083
24027606601__24027606607,bayesian_network,7368.705714415519
24027606603__24027606604,bayesian_network,1261.8571273880807
24027606603__24027606701,bayesian_network,1191.3039511263632
24027606603__24027606704,bayesian_network,8600.894491927298
24027606604__24027606606,bayesian_network,-4787.840788759848
24027606604__24027606706,bayesian_network,-907.052190066941
24027606604__24027606707,bayesian_network,-137.53912017057883
24027606606__24027606607,bayesian_network,7924.225986870209
24027606606__24027606706,bayesian_network,9103.842246086962
24027606701__24027606704,bayesian_network,6912.4327576635915
24027606701__24027606707,bayesian_network,1680.8338138777272
24027606701__24027606803,bayesian_network,-2768.3226106838265
24027606704__24027606705,bayesian_network,3541.9907260495456
24027606704__24027606707,bayesian_network,4059.832969197163
24027606705__24027606707,bayesian_network,11701.98880844572
24027606706__24027606707,bayesian_network,-12601.362845239302
24027606706__24027606901,bayesian_network,-5398.660300876525
24027606707__24027606804,bayesian_network,-12602.357334940694
24027606707__24027606901,bayesian_network,-14371.47938703344
24027606803__24027606804,bayesian_network,5848.94647914017
24027606804__24027606806,bayesian_network,7035.24872852581
24027606804__24027606905,bayesian_network,-5026.247394093483
24027606805__24027606806,bayesian_network,-11440.45050001314
24027606805__24027606906,bayesian_network,375.37936714701937
24027606806__24027606905,bayesian_network,2513.1234122315745
24027606806__24027606907,bayesian_network,-3866.91925599199
24027606901__24027606905,bayesian_network,-19613.180172111926
24027606904__24027606905,bayesian_network,14459.382548485508
24027606904__24027606907,bayesian_network,15109.553384658138
24027606905__24027606907,bayesian_network,4416.866416449775
24027606906__24027606907,bayesian_network,-18018.99209501381
24027606906__24033800102,bayesian_network,6273.966989802335
24027606906__24033800103,bayesian_network,-2897.6019420638186
24029950100__24029950200,bayesian_network,-1419.267997912968
24029950100__24035810100,bayesian_network,-517.6786156315188
24029950200__24029950300,bayesian_network,4240.0389485825035
24029950200__24029950400,bayesian_network,-435.94402163398127
24029950300__24029950400,bayesian_network,4447.2363031304085
24029950300__24035810300,bayesian_network,1277.1370025296492
24029950400__24029950500,bayesian_network,7472.550761416754
24031700101__24031700103,bayesian_network,-4741.8732314529225
24031700101__24031700104,bayesian_network,4349.93820406299
24031700101__24031700206,bayesian_network,8599.964075579679
24031700103__24031700104,bayesian_network,-2067.398254019661
24031700103__24031700105,bayesian_network,-3399.2740279811514
24031700103__24031700208,bayesian_network,-650.2545880677208
24031700103__24031700710,bayesian_network,-4929.458072518406
24031700103__24031701307,bayesian_network,9671.872711769134
24031700103__24031701317,bayesian_network,5935.7194498165045
24031700104__24031700105,bayesian_network,-2925.141701379238
24031700104__24031700715,bayesian_network,-278.6564031475009
24031700104__24031700810,bayesian_network,727.7661311951342
24031700104__24031700811,bayesian_network,-2494.2792687514593
24031700105__24031700715,bayesian_network,546.9427737912065
24031700105__24031700716,bayesian_network,-335.04838021757314
24031700204__24031700207,bayesian_network,6228.916357052065
24031700204__24031700208,bayesian_network,5569.106743071425
24031700205__24031700207,bayesian_network,4425.4839684434955
24031700205__24031700304,bayesian_network,-564.9324419143377
24031700205__24031700311,bayesian_network,-993.7000682199432
24031700205__24031700835,bayesian_network,-5093.641239247012
24031700206__24031700207,bayesian_network,3170.285502628989
24031700206__24031700208,bayesian_network,5920.282695591926
24031700207__24031700208,bayesian_network,-1519.277670326148
24031700304__24031700308,bayesian_network,-71.98857273775502
24031700304__24031700309,bayesian_network,550.3901514441823
24031700304__24031700311,bayesian_network,11513.168285294578
24031700304__24031700830,bayesian_network,7587.627951638897
24031700304__24031700835,bayesian_network,-550.969990202153
24031700306__24031700310,bayesian_network,1149.2043803277738
24031700306__24031700611,bayesian_network,1510.314072082063
24031700306__24031700613,bayesian_network,-885.7416763748188
24031700306__24031700815,bayesian_network,440.36895002978054
24031700308__24031700309,bayesian_network,1013.2181960652779
24031700308__24031700312,bayesian_network,-1389.1393209074304
24031700309__24031700310,bayesian_network,-634.7315826590129
24031700309__24031700818,bayesian_network,-3723.700651197687
24031700310__24031700312,bayesian_network,-1957.5642978500682
24031700310__24031700818,bayesian_network,-713.3236689283431
24031700311__24031700312,bayesian_network,17023.158217044176
24031700312__24031700400,bayesian_network,-12792.82998193991
24031700312__24031700611,bayesian_network,-812.4966155210641
24031700400__24031700500,bayesian_network,-6341.790332754932
24031700400__24031700611,bayesian_network,2284.6265647283
24031700500__24031700604,bayesian_network,-2552.1116256239475
24031700500__24031700611,bayesian_network,-646.7610894348254
24031700604__24031700611,bayesian_network,-852.6667729265519
24031700604__24031700613,bayesian_network,4166.9922964583675
24031700604__24031700615,bayesian_network,1862.0883763579623
24031700604__24031700616,bayesian_network,-280.7416128194818
24031700604__24031700824,bayesian_network,79.91151685238401
24031700606__24031700607,bayesian_network,58.15820435155911
24031700606__24031700608,bayesian_network,2248.6063559540416
24031700606__24031700828,bayesian_network,-1162.2117355248774
24031700607__24031700608,bayesian_network,3490.0007272821294
24031700607__24031700816,bayesian_network,-3172.14326811544
24031700607__24031700828,bayesian_network,1122.369266437635
24031700607__24031701221,bayesian_network,-1438.8232614431
24031700608__24031701220,bayesian_network,4312.71278579984
24031700608__24031701221,bayesian_network,-811.5379421547004
24031700608__24031706007,bayesian_network,4597.350675638383
24031700608__24031706008,bayesian_network,-664.798534495113
24031700610__24031700614,bayesian_network,520.4982136217368
24031700610__24031700706,bayesian_network,1268.6159714115038
24031700610__24031700820,bayesian_network,1766.253777064303
24031700611__24031700613,bayesian_network,-3292.825916380294
24031700613__24031700614,bayesian_network,796.371888735197
24031700613__24031700815,bayesian_network,-1461.1417317474243
24031700614__24031700706,bayesian_network,-435.1890297827049
24031700614__24031700815,bayesian_network,1330.575771636366
24031700615__24031700616,bayesian_network,-2352.1116805458405
24031700616__24031700824,bayesian_network,379.3177782839484
24031700704__24031700711,bayesian_network,2230.2683434709106
24031700704__24031700717,bayesian_network,-3555.858652931369
24031700704__24031700718,bayesian_network,-4398.0786675193085
24031700704__24031700719,bayesian_network,1775.8525235104898
24031700704__24031701211,bayesian_network,1544.4289547345943
24031700706__24031700722,bayesian_network,-2375.4025381579486
24031700706__24031700723,bayesian_network,-529.7394440822427
24031700706__24031700724,bayesian_network,-3126.2647212678567
24031700706__24031700815,bayesian_network,341.09946298891373
24031700706__24031700820,bayesian_network,-4115.216269109907
24031700706__24031700822,bayesian_network,-1888.7085690660606
24031700706__24031700829,bayesian_network,-5167.416320823351
24031700710__24031700711,bayesian_network,-3176.754370372404
24031700710__24031700716,bayesian_network,853.1285900078001
24031700710__24031700720,bayesian_network,-1674.6100201976878
24031700710__24031701212,bayesian_network,-4426.558037208422
24031700711__24031700719,bayesian_network,235.46988267849156
24031700711__24031700720,bayesian_network,3124.1340736601887
24031700711__24031701211,bayesian_network,-481.7397333828085
24031700711__24031701212,bayesian_network,-971.197984613711
24031700713__24031700719,bayesian_network,-6687.049918410794
24031700713__24031700721,bayesian_network,-2486.7306057772585
24031700713__24031700722,bayesian_network,-5770.508821516545
24031700713__24031700723,bayesian_network,-5681.279006378085
24031700713__24031700812,bayesian_network,493.5702335589813
24031700715__24031700716,bayesian_network,2704.4451311365847
24031700715__24031700811,bayesian_network,746.875336250152
24031700715__24031700812,bayesian_network,-3104.2827199759267
24031700716__24031700719,bayesian_network,-741.410350639333
24031700716__24031700720,bayesian_network,1757.2070666902873
24031700716__24031700812,bayesian_network,-1643.1969873704293
24031700717__24031700718,bayesian_network,-6832.0349123488995
24031700717__24031700723,bayesian_network,2357.8707399855775
24031700717__24031700724,bayesian_network,5121.82041325108
24031700717__24031700816,bayesian_network,-1349.6839138895448
24031700718__24031700817,bayesian_network,-2350.8965982747904
24031700718__24031701007,bayesian_network,-486.4063310419733
24031700718__24031701211,bayesian_network,14982.33379699626
24031700719__24031700720,bayesian_network,-3413.488775095415
24031700719__24031700723,bayesian_network,-6024.944220335168
24031700721__24031700722,bayesian_network,-814.4970970823051
24031700722__24031700723,bayesian_network,-2617.813952081211
24031700722__24031700813,bayesian_network,2388.336327472338
24031700722__24031700832,bayesian_network,-3410.0884569685913
24031700722__24031700833,bayesian_network,-3979.8705303427632
24031700723__24031700724,bayesian_network,7560.8790246697245
24031700724__24031700829,bayesian_network,-1547.7852881053732
24031700810__24031700811,bayesian_network,1926.8099899947447
24031700811__24031700812,bayesian_network,-1802.9182214667962
24031700812__24031700813,bayesian_network,-3358.4767161206128
24031700813__24031700833,bayesian_network,-4666.437805567341
24031700815__24031700818,bayesian_network,1678.8997337714754
24031700816__24031700817,bayesian_network,-7147.362634437668
24031700816__24031700828,bayesian_network,-709.692353203849
24031700816__24031700829,bayesian_network,9061.423439128586
24031700816__24031701221,bayesian_network,978.4676263592019
24031700817__24031701007,bayesian_network,-8125.446885316283
24031700817__24031701221,bayesian_network,-358.63322203104326
24031700818__24031700819,bayesian_network,-329.01987059000385
24031700818__24031700830,bayesian_network,2787.751777986705
24031700819__24031700832,bayesian_network,-882.5532953812508
24031700820__24031700822,bayesian_network,-226.82154249547602
24031700822__24031700829,bayesian_network,874.967185994883
24031700823__24031700826,bayesian_network,1651.154485569843
24031700823__24031700829,bayesian_network,-2870.6511989591963
24031700826__24031700829,bayesian_network,-842.5764982328546
24031700828__24031700829,bayesian_network,-2472.0782673810572
24031700830__24031700832,bayesian_network,-4180.240191046854
24031700830__24031700834,bayesian_network,-539.8491902543319
24031700830__24031700835,bayesian_network,-128.00877355416287
24031700832__24031700833,bayesian_network,-1557.1628011291505
24031700832__24031700834,bayesian_network,-208.8769314057654
24031700833__24031700834,bayesian_network,8194.098049621382
24031700834__24031700835,bayesian_network,7180.94246220756
24031700901__24031700902,bayesian_network,-6957.664783092368
24031700901__24031700904,bayesian_network,-1629.1406953362784
24031700901__24031701001,bayesian_network,5478.18973279748
24031700901__24031701004,bayesian_network,12341.338973915634
24031700901__24031701005,bayesian_network,7320.100869416645
24031700902__24031700903,bayesian_network,-3816.9488437434993
24031700902__24031701004,bayesian_network,-310.51161473568936
24031700902__24031701101,bayesian_network,1620.461819032178
24031700902__24031701102,bayesian_network,809.4780370657536
24031700902__24031701211,bayesian_network,2709.405767496144
24031700903__24031701101,bayesian_network,3553.3302358031287
24031700903__24031701211,bayesian_network,3884.8344353977445
24031700903__24031701212,bayesian_network,5390.4723354431035
24031700903__24031701303,bayesian_network,6444.041222267855
24031700903__24031703202,bayesian_network,-1629.2033497489665
24031700904__24031700905,bayesian_network,-5337.986244598964
24031700904__24031701001,bayesian_network,7240.939826518777
24031700904__24031701102,bayesian_network,3504.815841308111
24031700904__24031701218,bayesian_network,-247.27331571082323
24031700904__24031701219,bayesian_network,-1939.4907127521692
24031700905__24031701001,bayesian_network,5519.377673285424
24031700905__24031701205,bayesian_network,2919.1842081176947
24031700905__24031701218,bayesian_network,-2398.0485864400034
24031701001__24031701002,bayesian_network,-5838.384351443907
24031701001__24031701005,bayesian_network,995.7345430819696
24031701001__24031701006,bayesian_network,-540.6580802010067
24031701001__24031701205,bayesian_network,-11215.707167852932
24031701002__24031701006,bayesian_network,-609.9232252361544
24031701002__24031701205,bayesian_network,426.61769582614943
24031701002__24031701206,bayesian_network,6280.38727194009
24031701002__24031701210,bayesian_network,5392.8885557411995
24031701004__24031701005,bayesian_network,10812.353323023202
24031701004__24031701007,bayesian_network,-8042.35194882637
24031701004__24031701211,bayesian_network,13451.87237536651
24031701005__24031701006,bayesian_network,-2228.6528826396097
24031701005__24031701007,bayesian_network,-3658.575114050982
24031701006__24031701007,bayesian_network,-10892.716023325629
24031701006__24031701210,bayesian_network,1176.5808359694201
24031701006__24031701220,bayesian_network,1838.1307931751198
24031701006__24031701221,bayesian_network,277.5991986766021
24031701007__24031701211,bayesian_network,-692.8575203811415
24031701101__24031701102,bayesian_network,6159.946911428306
24031701101__24031701219,bayesian_network,-1845.8106309099967
24031701101__24031703201,bayesian_network,-5629.671039633933
24031701101__24031703202,bayesian_network,1070.3653632137357
24031701102__24031701219,bayesian_network,8773.991484276157
24031701201__24031701202,bayesian_network,9472.451334155321
24031701201__24031701219,bayesian_network,12794.34092804305
24031701201__24031703501,bayesian_network,9087.95020715239
24031701201__24031703502,bayesian_network,7660.396377977464
24031701202__24031701213,bayesian_network,557.3763072415422
24031701202__24031701214,bayesian_network,7056.350277654106
24031701202__24031701216,bayesian_network,3265.132795978345
24031701202__24031703502,bayesian_network,-2250.4397082429077
24031701202__24031704300,bayesian_network,2341.1859308129733
24031701205__24031701206,bayesian_network,-931.5752216991968
24031701205__24031701213,bayesian_network,2418.8122572080756
24031701205__24031701215,bayesian_network,-3277.0274447161064
24031701205__24031701216,bayesian_network,3928.1685469541844
24031701205__24031704401,bayesian_network,-3095.3661453932145
24031701205__24031704501,bayesian_network,7214.04148135447
24031701205__24031706012,bayesian_network,-6330.044988413298
24031701206__24031701210,bayesian_network,179.60614619955777
24031701206__24031706007,bayesian_network,-883.3018106634863
24031701206__24031706011,bayesian_network,1238.493583909025
24031701206__24031706012,bayesian_network,-2075.172076475108
24031701210__24031701220,bayesian_network,7461.481231680258
24031701210__24031706007,bayesian_network,-2146.2222600477635
24031701211__24031701212,bayesian_network,5700.868944073016
24031701212__24031701303,bayesian_network,6209.971992473391
24031701212__24031701307,bayesian_network,4711.263985221925
24031701213__24031701214,bayesian_network,-3336.6926348232228
24031701213__24031701215,bayesian_network,7708.420120676004
24031701213__24031701216,bayesian_network,4870.164746966486
24031701214__24031701215,bayesian_network,3924.458698088605
24031701214__24031704300,bayesian_network,4170.272133460472
24031701214__24031704401,bayesian_network,-1562.2787729212541
24031701215__24031704401,bayesian_network,-10771.91479257957
24031701216__24031701218,bayesian_network,6472.6793529108545
24031701216__24031701219,bayesian_network,-1860.7174061574187
24031701218__24031701219,bayesian_network,-5087.582148385005
24031701219__24031703501,bayesian_network,-9944.340873216996
24031701220__24031701221,bayesian_network,2326.758277972476
24031701303__24031701308,bayesian_network,-4529.083241261793
24031701303__24031703202,bayesian_network,9015.356987853775
24031701304__24031701307,bayesian_network,3155.1484324032062
24031701304__24031701312,bayesian_network,-1846.5509448963348
24031701304__24031701315,bayesian_network,-3123.9249660243877
24031701304__24031701317,bayesian_network,7935.507910701635
24031701306__24031701308,bayesian_network,1558.8280102577737
24031701306__24031701313,bayesian_network,4937.500550541292
24031701307__24031701308,bayesian_network,-2567.487921983131
24031701307__24031701312,bayesian_network,883.6774470061027
24031701308__24031701313,bayesian_network,3551.1581021994207
24031701308__24031701314,bayesian_network,6252.456140534534
24031701308__24031701316,bayesian_network,8137.363879137196
24031701308__24031701407,bayesian_network,-1633.3928900878363
24031701308__24031703202,bayesian_network,2717.149053455556
24031701308__24031703218,bayesian_network,-956.0358726007362
24031701308__24031703219,bayesian_network,-225.31846862623206
24031701308__24031703220,bayesian_network,1148.5479414771953
24031701308__24031703221,bayesian_network,5329.158739238024
24031701312__24031701313,bayesian_network,7223.30505182402
24031701312__24031701314,bayesian_network,-1836.0307443060083
24031701313__24031701314,bayesian_network,1260.923909036439
24031701314__24031701315,bayesian_network,-3177.684427184882
24031701315__24031701316,bayesian_network,5993.883907377327
24031701315__24031701317,bayesian_network,1069.5665340748928
24031701316__24031701408,bayesian_network,5415.694478661848
24031701407__24031701408,bayesian_network,4855.449207080965
24031701407__24031701415,bayesian_network,4931.342765935489
24031701407__24031701507,bayesian_network,940.1914831265603
24031701407__24031703221,bayesian_network,4012.9800008145503
24031701408__24031701409,bayesian_network,-2216.9005550842267
24031701408__24031701410,bayesian_network,-1427.4202941872827
24031701408__24031701415,bayesian_network,447.99477068631677
24031701409__24031701410,bayesian_network,-5414.3840664327945
24031701409__24031701414,bayesian_network,-3423.625807136297
24031701409__24031701422,bayesian_network,-1822.558609220012
24031701409__24031701423,bayesian_network,-2672.771389363472
24031701410__24031701417,bayesian_network,-3798.259540264291
24031701410__24031701423,bayesian_network,3008.0516771460207
24031701410__24033800203,bayesian_network,7119.610933050484
24031701414__24031701415,bayesian_network,6068.739634897258
24031701414__24031701417,bayesian_network,554.1087311986275
24031701414__24031701418,bayesian_network,-816.8825493981276
24031701414__24031701420,bayesian_network,-3442.1387590031954
24031701414__24031701421,bayesian_network,-2893.9851320554735
24031701414__24031701503,bayesian_network,-3071.6480355802414
24031701415__24031701503,bayesian_network,-4506.32155667289
24031701415__24031701507,bayesian_network,-3703.815904271454
24031701417__24031701418,bayesian_network,9750.612743981612
24031701417__24031701422,bayesian_network,-4456.6445459208735
24031701417__24033807407,bayesian_network,3220.342419439712
24031701418__24031701420,bayesian_network,-9339.821221198472
24031701418__24033807407,bayesian_network,1085.3201770777766
24031701420__24031701421,bayesian_network,-8297.917541145027
24031701420__24033807407,bayesian_network,918.8936825224519
24031701503__24031701506,bayesian_network,-3970.6386132809857
24031701503__24031701508,bayesian_network,717.2213736345657
24031701503__24031701509,bayesian_network,707.306577734169
24031701505__24031701506,bayesian_network,-6570.351729309863
24031701505__24031701509,bayesian_network,-11988.147023828482
24031701505__24031701602,bayesian_network,-2102.8080468082044
24031701505__24031702102,bayesian_network,-7492.824294698308
24031701506__24031701507,bayesian_network,-3235.044437674853
24031701506__24031703207,bayesian_network,99.52029259799474
24031701506__24031703208,bayesian_network,12658.437852191186
24031701507__24031703212,bayesian_network,-8533.048267667378
24031701508__24031701509,bayesian_network,2960.4995607136625
24031701509__24031701601,bayesian_network,-2648.5189111519867
24031701509__24033807304,bayesian_network,5687.988539588972
24031701509__24033807305,bayesian_network,-2138.673837926268
24031701601__24031701602,bayesian_network,-4193.938468748893
24031701601__24033805906,bayesian_network,-637.9841978687509
24031701601__24033807305,bayesian_network,-3296.238922245924
24031701602__24031702101,bayesian_network,-10881.31801237518
24031701701__24031701703,bayesian_network,18.4183531105964
24031701701__24031701704,bayesian_network,4525.595695898737
24031701701__24031701800,bayesian_network,2880.7828160434874
24031701702__24031701703,bayesian_network,-443.8463621625233
24031701702__24031701800,bayesian_network,3763.3762926256477
24031701702__24031701900,bayesian_network,7769.104297219183
24031701702__24031702301,bayesian_network,-1394.7173436167432
24031701702__24031702401,bayesian_network,733.2579597051263
24031701703__24031701704,bayesian_network,6005.922615082956
24031701703__24031701900,bayesian_network,880.75243875243
24031701703__24031702000,bayesian_network,-3456.973704253116
24031701703__24033805500,bayesian_network,-3858.733809015943
24031701703__24033805601,bayesian_network,-7508.4064231347875
24031701704__24033805202,bayesian_network,-672.8816777727989
24031701704__24033805500,bayesian_network,-2511.216566564686
24031701800__24031702401,bayesian_network,5405.040972087743
24031701800__24031702402,bayesian_network,179.37136991369516
24031701800__24031702500,bayesian_network,-4729.880509787001
24031701900__24031702000,bayesian_network,7191.716498973728
24031701900__24031702301,bayesian_network,-2291.412877886083
24031702000__24031702101,bayesian_network,-3879.6419881369075
24031702000__24031702200,bayesian_network,-2985.9784478889705
24031702000__24033805700,bayesian_network,-2043.6431718501572
24031702101__24031702102,bayesian_network,-3776.0798344254345
24031702101__24031702200,bayesian_network,-4664.241763777842
24031702101__24033805700,bayesian_network,-1326.872425546957
24031702102__24031703000,bayesian_network,-986.6684628862131
24031702102__24031703100,bayesian_network,-1321.375583150446
24031702200__24031702301,bayesian_network,4410.2244624041705
24031702200__24031702302,bayesian_network,-3608.1496232684076
24031702200__24031703000,bayesian_network,-153.0204153606901
24031702301__24031702302,bayesian_network,2271.4355342354247
24031702302__24031702900,bayesian_network,6765.51087837432
24031702302__24031703000,bayesian_network,-712.8188318181165
24031702401__24031702402,bayesian_network,3681.8305776777197
24031702401__24031702900,bayesian_network,-1012.2284274973645
24031702402__24031702500,bayesian_network,-1518.0326356185324
24031702500__24031702601,bayesian_network,-3827.1723030564026
24031702500__24031702800,bayesian_network,1843.933618177467
24031702500__24031702900,bayesian_network,-131.000655795684
24031702601__24031702602,bayesian_network,742.575800483537
24031702601__24031702800,bayesian_network,3344.8314708145735
24031702602__24031702700,bayesian_network,-2984.9349929416676
24031702700__24031702800,bayesian_network,-7015.169969282608
24031702700__24031704000,bayesian_network,298.1868064870632
24031702700__24031704100,bayesian_network,-3888.1162907071703
24031702700__24031705100,bayesian_network,2993.9847140084094
24031702700__24031705200,bayesian_network,332.146827625329
24031702800__24031702900,bayesian_network,-3873.337344240397
24031702800__24031704000,bayesian_network,-2946.3219338827003
24031702900__24031703901,bayesian_network,1326.4038395926473
24031703000__24031703100,bayesian_network,-2481.428358413832
24031703100__24031703209,bayesian_network,-1906.2379601773464
24031703100__24031703902,bayesian_network,4055.878050999512
24031703201__24031703202,bayesian_network,13055.325967483717
24031703201__24031703213,bayesian_network,-2249.4428564440677
24031703201__24031703214,bayesian_network,-1249.2676493557774
24031703201__24031703301,bayesian_network,-11684.804839091994
24031703201__24031703302,bayesian_network,-7222.582287011879
24031703201__24031703501,bayesian_network,-1328.807514722459
24031703202__24031703216,bayesian_network,-2072.4526243364235
24031703202__24031703218,bayesian_network,-4210.943276321606
24031703206__24031703212,bayesian_network,-619.3214885356429
24031703206__24031703215,bayesian_network,-810.9734097302571
24031703206__24031703402,bayesian_network,-1839.2849342686095
24031703206__24031703403,bayesian_network,5465.323451455144
24031703207__24031703208,bayesian_network,8899.33221236711
24031703207__24031703209,bayesian_network,-1073.2665273800376
24031703207__24031703212,bayesian_network,5268.845604766266
24031703207__24031703702,bayesian_network,-1888.6036117965632
24031703208__24031703209,bayesian_network,-5055.037519331538
24031703209__24031703702,bayesian_network,-2620.9795943858335
24031703209__24031703800,bayesian_network,309.87852990307874
24031703209__24031703902,bayesian_network,-1937.2874210426307
24031703212__24031703215,bayesian_network,-1713.9151273989555
24031703212__24031703221,bayesian_network,847.7970226060206
24031703212__24031703403,bayesian_network,-4646.083044959698
24031703213__24031703214,bayesian_network,-3872.980352055716
24031703214__24031703215,bayesian_network,-406.0062438760142
24031703214__24031703216,bayesian_network,1419.4244560623629
24031703214__24031703220,bayesian_network,-5965.345576844524
24031703214__24031703302,bayesian_network,-3645.116642850953
24031703215__24031703220,bayesian_network,-6130.275613056458
24031703215__24031703302,bayesian_network,-818.0882247654017
24031703215__24031703402,bayesian_network,-228.52975445500215
24031703216__24031703219,bayesian_network,3682.471764703241
24031703216__24031703220,bayesian_network,-5448.1744202503
24031703219__24031703220,bayesian_network,-2267.0767670802525
24031703220__24031703221,bayesian_network,-8482.678788377576
24031703301__24031703302,bayesian_network,14123.207716440647
24031703301__24031703501,bayesian_network,9488.425110228425
24031703302__24031703401,bayesian_network,8029.262401612883
24031703302__24031703402,bayesian_network,5965.3390909555455
24031703302__24031703501,bayesian_network,-1909.3353581062056
24031703401__24031703402,bayesian_network,3368.22233763222
24031703401__24031703403,bayesian_network,4707.69336831645
24031703401__24031703404,bayesian_network,2419.527034591374
24031703401__24031703501,bayesian_network,-3882.0853086392563
24031703402__24031703403,bayesian_network,-2813.466805804499
24031703403__24031703701,bayesian_network,-641.6324235099601
24031703403__24031703702,bayesian_network,-147.66304268949898
24031703404__24031703601,bayesian_network,-1363.412498208978
24031703404__24031703701,bayesian_network,-493.5123388162756
24031703501__24031703502,bayesian_network,474.7840261253659
24031703501__24031703601,bayesian_network,-1386.367946408398
24031703502__24031703601,bayesian_network,-2604.8415365726614
24031703502__24031704200,bayesian_network,-3871.094950350336
24031703502__24031704300,bayesian_network,2062.2261583859035
24031703601__24031703602,bayesian_network,-2001.664639006649
24031703601__24031703701,bayesian_network,-575.2455340606211
24031703601__24031703702,bayesian_network,1929.4166227788282
24031703601__24031704200,bayesian_network,1296.2908465685468
24031703602__24031703800,bayesian_network,6538.28460380694
24031703602__24031704000,bayesian_network,5184.616547723017
24031703602__24031704200,bayesian_network,7418.655577218844
24031703701__24031703702,bayesian_network,562.5130718961736
24031703702__24031703800,bayesian_network,2249.857308711282
24031703800__24031703902,bayesian_network,-2342.612902110508
24031703800__24031704000,bayesian_network,1316.442046017486
24031703901__24031703902,bayesian_network,-5718.484125118186
24031703901__24031704000,bayesian_network,-5380.1105484388245
24031703902__24031704000,bayesian_network,1805.6002771516069
24031704000__24031704100,bayesian_network,4462.130833199608
24031704100__24031704200,bayesian_network,-638.7842441281464
24031704100__24031704300,bayesian_network,4152.846713070205
24031704100__24031704404,bayesian_network,-4993.663533091749
24031704100__24031705100,bayesian_network,-1693.8150585417316
24031704200__24031704300,bayesian_network,-942.9784830888311
24031704300__24031704401,bayesian_network,-2303.325485424888
24031704300__24031704404,bayesian_network,-3339.408796166419
24031704401__24031704403,bayesian_network,-4282.731864879272
24031704401__24031704404,bayesian_network,-6564.598772131314
24031704401__24031704501,bayesian_network,1835.2928310604912
24031704403__24031704404,bayesian_network,-7435.348388070954
24031704404__24031704503,bayesian_network,-4784.300885808465
24031704404__24031705000,bayesian_network,12705.989166528263
24031704404__24031705100,bayesian_network,-205.99619785549294
24031704501__24031704502,bayesian_network,-6234.571964105235
24031704501__24031704503,bayesian_network,-3449.368714046166
24031704501__24031706013,bayesian_network,-1769.375433414054
24031704502__24031704503,bayesian_network,-2320.2016254679475
24031704502__24031704600,bayesian_network,2985.565958774838
24031704502__24031705901,bayesian_network,1860.62652352871
24031704503__24031704600,bayesian_network,2405.8630042534423
24031704503__24031705000,bayesian_network,-4412.917185620932
24031704600__24031704700,bayesian_network,2261.418113715161
24031704600__24031704806,bayesian_network,-2739.61266428242
24031704600__24031705000,bayesian_network,1788.3800085031762
24031704600__24031705901,bayesian_network,2890.0710613085794
24031704700__24031704803,bayesian_network,-4499.023884391521
24031704700__24031704804,bayesian_network,-1073.0076622080796
24031704700__24031704805,bayesian_network,-1408.0805153376023
24031704700__24031704806,bayesian_network,-407.72015804220064
24031704700__24031705502,bayesian_network,-1336.8729258788935
24031704700__24031705901,bayesian_network,-125.22152186937274
24031704700__24031705903,bayesian_network,2893.6058102586976
24031704803__24031704804,bayesian_network,4501.687250439012
24031704803__24031705400,bayesian_network,5409.032175796125
24031704803__24031705502,bayesian_network,3829.1211039262344
24031704804__24031704805,bayesian_network,-6706.514642242182
24031704806__24031705000,bayesian_network,4839.102401471697
24031705000__24031705100,bayesian_network,-1389.2150708657282
24031705000__24031705400,bayesian_network,-5977.855365673106
24031705100__24031705200,bayesian_network,7839.849012500599
24031705100__24031705300,bayesian_network,3581.5369045597113
24031705100__24031705400,bayesian_network,-3409.1927240182376
24031705200__24031705300,bayesian_network,3997.2837402251016
24031705300__24031705400,bayesian_network,10751.777153897208
24031705300__24031705501,bayesian_network,932.2203294368628
24031705300__24031705502,bayesian_network,1125.2559879290775
24031705400__24031705502,bayesian_network,-3380.8550796044947
24031705501__24031705502,bayesian_network,1681.6718876444866
24031705501__24031705601,bayesian_network,-1486.3254647982249
24031705501__24031705602,bayesian_network,-515.6649975280161
24031705502__24031705601,bayesian_network,-3120.541227423506
24031705502__24031705701,bayesian_network,-5442.396399795278
24031705502__24031705903,bayesian_network,-7077.6086439034625
24031705601__24031705602,bayesian_network,-943.9988173395359
24031705601__24031705701,bayesian_network,-2720.9709656443374
24031705601__24031705702,bayesian_network,-4080.861674722102
24031705701__24031705702,bayesian_network,-3753.623361552738
24031705701__24031705800,bayesian_network,-4333.238929379615
24031705701__24031705902,bayesian_network,-4687.884750605019
24031705702__24031705800,bayesian_network,-574.7216946551198
24031705800__24031705902,bayesian_network,-9757.735042216693
24031705800__24031706008,bayesian_network,-821.8948104656301
24031705800__24031706009,bayesian_network,-990.6619043080427
24031705800__51013100300,bayesian_network,-531.2293005410211
24031705800__51059470100,bayesian_network,-12010.107289000589
24031705800__51059480100,bayesian_network,180.95035744764027
24031705901__24031705902,bayesian_network,-3279.3019885859467
24031705901__24031705903,bayesian_network,7670.518875825503
24031705901__24031706013,bayesian_network,-521.1599033065431
24031705902__24031705903,bayesian_network,-7640.3521914594385
24031705902__24031706009,bayesian_network,-486.66225733171814
24031706005__24031706007,bayesian_network,5112.4123440362855
24031706005__24031706008,bayesian_network,-3190.7726796876723
24031706005__24031706009,bayesian_network,-7694.005348603416
24031706005__24031706011,bayesian_network,1974.9190755523778
24031706005__24031706013,bayesian_network,3985.790946347057
24031706007__24031706008,bayesian_network,1452.1710451705248
24031706007__24031706011,bayesian_network,2006.8661188930218
24031706008__24031706009,bayesian_network,4705.0373248511605
24031706008__51059480100,bayesian_network,-9312.580209065229
24031706009__24031706013,bayesian_network,-1041.473662477336
24031706010__24031706011,bayesian_network,664.5080277793131
24031706010__24031706012,bayesian_network,354.40086372471706
24031706010__24031706013,bayesian_network,-1966.8432581108646
24031706011__24031706012,bayesian_network,1035.9549783802868
24031706012__24031706013,bayesian_network,-2674.4268358334084
24033800102__24033800103,bayesian_network,-1962.5121135088339
24033800102__24033800105,bayesian_network,249.30764337767687
24033800102__24033800109,bayesian_network,-3049.537223630825
24033800103__24033800109,bayesian_network,-2531.7812078989773
24033800103__24033800209,bayesian_network,-3619.6393125581744
24033800103__24033800211,bayesian_network,-3220.2429094694744
24033800103__24033800213,bayesian_network,-275.90334056560823
24033800105__24033800106,bayesian_network,-1838.302291564978
24033800105__24033800109,bayesian_network,-1193.5918846546483
24033800105__24033800203,bayesian_network,3781.997128150899
24033800106__24033800108,bayesian_network,2918.1225456280117
24033800106__24033800109,bayesian_network,-3311.855076067499
24033800106__24033800203,bayesian_network,-1770.8520675318905
24033800106__24033800212,bayesian_network,5351.367154103693
24033800106__24033800213,bayesian_network,1741.4581798244362
24033800108__24033800109,bayesian_network,5999.30024150254
24033800108__24033800213,bayesian_network,-1907.1107428016694
24033800203__24033800212,bayesian_network,802.9438769232484
24033800203__24033807407,bayesian_network,11917.718690005178
24033800206__24033800208,bayesian_network,-6202.222012267783
24033800206__24033800211,bayesian_network,-282.0881712748378
24033800206__24033800411,bayesian_network,10366.915089726037
24033800206__24033807408,bayesian_network,-1378.1144148084422
24033800208__24033800211,bayesian_network,1489.8730602750002
24033800208__24033800212,bayesian_network,1007.5685877090527
24033800208__24033800214,bayesian_network,-228.0398397520621
24033800208__24033800215,bayesian_network,9361.254731658642
24033800208__24033807408,bayesian_network,5638.381066735834
24033800209__24033800211,bayesian_network,-4257.129413502593
24033800209__24033800213,bayesian_network,-1217.5837741411233
24033800210__24033800213,bayesian_network,-931.3289706293708
24033800210__24033800215,bayesian_network,-6990.498905338589
24033800211__24033800214,bayesian_network,3587.4679419843724
24033800212__24033800213,bayesian_network,-6858.667511563879
24033800212__24033800215,bayesian_network,-1972.6145775190053
24033800212__24033807408,bayesian_network,4840.736370590028
24033800401__24033800402,bayesian_network,2271.873632587736
24033800401__24033800403,bayesian_network,-932.2147075802968
24033800401__24033800504,bayesian_network,-1034.6584399599742
24033800402__24033800403,bayesian_network,-3088.041519421662
24033800402__24033800409,bayesian_network,-1604.2613165728253
24033800402__24033800504,bayesian_network,2829.961900031596
24033800402__24033800513,bayesian_network,1377.113970108181
24033800403__24033800409,bayesian_network,1245.8106279396743
24033800408__24033800409,bayesian_network,2966.4077974864413
24033800408__24033800410,bayesian_network,1934.0136767076906
24033800408__24033800411,bayesian_network,-2103.1786946248085
24033800408__24033800413,bayesian_network,-3545.2014496379925
24033800408__24033800514,bayesian_network,290.45267787403463
24033800408__24033803516,bayesian_network,-3727.1777628464115
24033800409__24033800410,bayesian_network,7037.929945024513
24033800409__24033800513,bayesian_network,-895.2366099076262
24033800409__24033800514,bayesian_network,1979.0929366825185
24033800410__24033800411,bayesian_network,9873.246717819202
24033800411__24033800412,bayesian_network,-2653.205319704495
24033800411__24033800413,bayesian_network,-4156.29969753496
24033800411__24033807408,bayesian_network,4074.2685873424143
24033800412__24033800413,bayesian_network,-3522.783829519285
24033800412__24033803606,bayesian_network,1452.1692441727755
24033800412__24033806712,bayesian_network,-1086.212200809041
24033800504__24033800505,bayesian_network,139.01608687070257
24033800504__24033800507,bayesian_network,-1151.7167353016794
24033800504__24033800513,bayesian_network,3306.9806798265236
24033800505__24033800513,bayesian_network,-1810.9705147276109
24033800505__24033800515,bayesian_network,-1219.8618058535867
24033800505__24033800516,bayesian_network,-536.9459154224605
24033800507__24033800509,bayesian_network,3695.875055403554
24033800507__24033800511,bayesian_network,-3447.979659427874
24033800507__24033800516,bayesian_network,-1242.8765901821462
24033800507__24033800519,bayesian_network,-404.2553525953972
24033800507__24033800520,bayesian_network,-972.2085917074728
24033800507__24033800604,bayesian_network,910.5007809287235
24033800507__24033800608,bayesian_network,2347.492392126577
24033800509__24033800517,bayesian_network,-518.2167333021353
24033800509__24033800607,bayesian_network,-3043.46351123129
24033800509__24033803522,bayesian_network,-974.0740236055208
24033800509__24033803526,bayesian_network,-1161.7594581571466
24033800511__24033800515,bayesian_network,-1369.9135030168836
24033800511__24033800517,bayesian_network,-1357.3158186897526
24033800511__24033800519,bayesian_network,-693.8813098947867
24033800513__24033800514,bayesian_network,3776.3393509181733
24033800513__24033800515,bayesian_network,-1719.302330634011
24033800513__24033800518,bayesian_network,-182.86464484211137
24033800514__24033800518,bayesian_network,-321.37168225910864
24033800514__24033803516,bayesian_network,-2717.0579542558844
24033800515__24033800516,bayesian_network,6069.458435454617
24033800515__24033800519,bayesian_network,131.2160604183664
24033800516__24033800520,bayesian_network,692.672827831706
24033800517__24033800518,bayesian_network,8570.139632232815
24033800517__24033803522,bayesian_network,-4505.820758428625
24033800517__24033803523,bayesian_network,-848.7482479394421
24033800518__24033803520,bayesian_network,5685.812041569701
24033800601__24033800604,bayesian_network,609.6861459557713
24033800601__24033800605,bayesian_network,946.7703176023424
24033800601__24033800608,bayesian_network,-1732.4615747378048
24033800604__24033800608,bayesian_network,186.09103040015088
24033800605__24033800606,bayesian_network,-5452.967233979694
24033800605__24033800607,bayesian_network,-269.4433898999778
24033800605__24033800608,bayesian_network,-778.9784202790797
24033800605__24033800701,bayesian_network,1224.9222972811222
24033800605__24033800707,bayesian_network,696.5532229777655
24033800606__24033800607,bayesian_network,-2600.1800369827433
24033800606__24033800701,bayesian_network,833.351780625399
24033800607__24033800608,bayesian_network,2528.1878944372
24033800607__24033800701,bayesian_network,5121.418481716337
24033800607__24033803512,bayesian_network,-1446.6954196757433
24033800607__24033803526,bayesian_network,934.6649799254174
24033800701__24033800707,bayesian_network,-4621.789158295709
24033800701__24033801104,bayesian_network,958.0633643203764
24033800701__24033802201,bayesian_network,441.5573498304366
24033800701__24033803512,bayesian_network,1747.8206251508273
24033800704__24033800705,bayesian_network,259.6550103325899
24033800704__24033800706,bayesian_network,-945.1739194613747
24033800704__24033800707,bayesian_network,301.95023255001615
24033800705__24033800706,bayesian_network,1647.2845199295552
24033800705__24033800800,bayesian_network,1173.1764919206616
24033800705__24033801004,bayesian_network,-524.5872247272728
24033800706__24033800707,bayesian_network,3013.6041940386276
24033800706__24033801005,bayesian_network,702.9608634857213
24033800706__24033801006,bayesian_network,-2392.785759855986
24033800706__24033801214,bayesian_network,81.22657455056469
24033800707__24033801104,bayesian_network,-2883.086615363367
24033801003__24033801004,bayesian_network,17773.4870377994
24033801003__24033801310,bayesian_network,5983.261549600291
24033801004__24033801005,bayesian_network,-608.7077699227793
24033801004__24033801006,bayesian_network,-246.70352436363646
24033801005__24033801006,bayesian_network,2749.1285933534527
24033801005__24033801214,bayesian_network,-660.6317972083452
24033801005__24033801215,bayesian_network,-822.6146993707662
24033801104__24033801211,bayesian_network,-4530.6255594681425
24033801104__24033801212,bayesian_network,196.88372162845917
24033801104__24033801214,bayesian_network,9312.758742720383
24033801104__24033801904,bayesian_network,-4874.562300670179
24033801104__24033802201,bayesian_network,-1867.6936210671483
24033801207__24033801208,bayesian_network,-1714.8588197953213
24033801207__24033801214,bayesian_network,-2406.025957659207
24033801207__24033801215,bayesian_network,2081.6337271966986
24033801207__24033801217,bayesian_network,-3845.8554303855344
24033801208__24033801209,bayesian_network,1025.5858733609348
24033801208__24033801216,bayesian_network,-35.82433663858046
24033801208__24033801217,bayesian_network,-2722.5046033632716
24033801209__24033801216,bayesian_network,1467.1484546657557
24033801210__24033801211,bayesian_network,4152.768228186236
24033801210__24033801213,bayesian_network,3600.5513467061282
24033801210__24033801216,bayesian_network,3238.1206480635974
24033801210__24033801311,bayesian_network,-1529.8098963605244
24033801211__24033801212,bayesian_network,-9848.680829151359
24033801211__24033801214,bayesian_network,-2822.6482618632726
24033801211__24033801217,bayesian_network,-5799.989981276827
24033801212__24033801213,bayesian_network,-811.7440540715743
24033801212__24033801407,bayesian_network,-2422.326507210644
24033801212__24033801901,bayesian_network,977.1749604405377
24033801212__24033801904,bayesian_network,-4353.55387857926
24033801213__24033801305,bayesian_network,-2122.7331583335636
24033801213__24033801407,bayesian_network,3102.4708625698604
24033801214__24033801215,bayesian_network,-3458.8387454722833
24033801214__24033801217,bayesian_network,-4099.462915971293
24033801216__24033801217,bayesian_network,3148.77938174723
24033801216__24033801311,bayesian_network,3801.2498626197194
24033801302__24033801310,bayesian_network,-4639.801112679939
24033801302__24033801311,bayesian_network,2548.0312454811537
24033801305__24033801307,bayesian_network,-223.9368437991161
24033801305__24033801313,bayesian_network,4619.544115639968
24033801305__24033801406,bayesian_network,1713.3344320293982
24033801305__24033801407,bayesian_network,-383.3258517833128
24033801307__24033801308,bayesian_network,-2725.9540026962295
24033801307__24033801309,bayesian_network,3198.6115183522124
24033801307__24033801312,bayesian_network,-315.83228805897124
24033801307__24033801313,bayesian_network,-3375.218340804189
24033801307__24033801410,bayesian_network,4135.453569211724
24033801307__24033801411,bayesian_network,-1387.5703880798228
24033801308__24033801309,bayesian_network,-557.5117489903623
24033801308__24033801312,bayesian_network,-1341.1972227996812
24033801309__24033801312,bayesian_network,-1281.8746750864739
24033801310__24033801311,bayesian_network,7599.884681481988
24033801311__24033801312,bayesian_network,6640.884715526634
24033801404__24033801405,bayesian_network,-1723.0407496217667
24033801404__24033801411,bayesian_network,218.4438492594236
24033801404__24033801500,bayesian_network,-3958.635632842779
24033801405__24033801408,bayesian_network,-2499.6421860141345
24033801405__24033801409,bayesian_network,-2547.5331101640113
24033801405__24033801500,bayesian_network,-5155.163637015823
24033801405__24033801702,bayesian_network,-2403.3735469268286
24033801405__24033801707,bayesian_network,-4288.343223799631
24033801406__24033801407,bayesian_network,-2097.5864961938114
24033801406__24033801409,bayesian_network,2709.333153818341
24033801406__24033801411,bayesian_network,-515.8370269187617
24033801407__24033801701,bayesian_network,-1860.0650232401313
24033801407__24033801901,bayesian_network,-4884.733009285665
24033801408__24033801409,bayesian_network,-970.983769313103
24033801408__24033801701,bayesian_network,1451.9459352266604
24033801408__24033801702,bayesian_network,-1726.6038898802653
24033801409__24033801411,bayesian_network,480.1840760807763
24033801410__24033801411,bayesian_network,846.243268311373
24033801500__24033801600,bayesian_network,-473.92670772557176
24033801500__24033801707,bayesian_network,-5650.202630004696
24033801600__24033801707,bayesian_network,-2489.223473158061
24033801701__24033801702,bayesian_network,-1770.0315167591816
24033801701__24033801901,bayesian_network,2824.175411942644
24033801702__24033801708,bayesian_network,-8.847699038567953
24033801702__24033801901,bayesian_network,-1666.562576709548
24033801704__24033801706,bayesian_network,104.97596086246631
24033801704__24033801707,bayesian_network,4474.309367434365
24033801704__24033801708,bayesian_network,-3908.7272039297895
24033801704__24033801807,bayesian_network,4737.969431612928
24033801706__24033801708,bayesian_network,-1261.3387595086278
24033801706__24033801801,bayesian_network,93.66880865631902
24033801706__24033801807,bayesian_network,-1215.9877477020163
24033801706__24033801808,bayesian_network,206.43739765642022
24033801707__24033801708,bayesian_network,2624.3113322166755
24033801708__24033801907,bayesian_network,-595.2806814013165
24033801801__24033801802,bayesian_network,2721.663082110863
24033801801__24033801907,bayesian_network,-2957.065330527759
24033801802__24033801804,bayesian_network,2797.3252933037656
24033801802__24033801805,bayesian_network,-1237.8769314057645
24033801802__24033801808,bayesian_network,-305.0855976199746
24033801802__24033801907,bayesian_network,-1894.1654241773795
24033801802__24033801908,bayesian_network,-59.229260759622775
24033801804__24033801805,bayesian_network,-2999.57587396929
24033801804__24033801807,bayesian_network,3089.407048727273
24033801804__24033801808,bayesian_network,3578.6933875125233
24033801805__24033801807,bayesian_network,2013.222042747273
24033801805__24033801908,bayesian_network,-4334.095163538179
24033801805__24033802405,bayesian_network,1303.4268730224821
24033801807__24033801808,bayesian_network,2827.12106900688
24033801807__24033802405,bayesian_network,-1449.937337543237
24033801807__24033802501,bayesian_network,-1093.7540010638877
24033801901__24033801904,bayesian_network,1445.591394376941
24033801901__24033801905,bayesian_network,646.4592175512007
24033801901__24033801907,bayesian_network,-5276.333274890436
24033801904__24033801905,bayesian_network,-7442.014434613317
24033801904__24033801906,bayesian_network,-2181.4528745365824
24033801904__24033802201,bayesian_network,-304.9608702696132
24033801905__24033801906,bayesian_network,1346.3401343111618
24033801905__24033801907,bayesian_network,1884.1532920017344
24033801905__24033802001,bayesian_network,819.0556418259566
24033801906__24033802001,bayesian_network,-74.92952617294941
24033801906__24033802104,bayesian_network,-3294.083674360907
24033801906__24033802106,bayesian_network,1674.338831219513
24033801906__24033802107,bayesian_network,-857.2673149800444
24033801907__24033801908,bayesian_network,-1411.606367697208
24033801907__24033802001,bayesian_network,5404.319352143735
24033801908__24033802405,bayesian_network,-6180.284918568403
24033802001__24033802002,bayesian_network,2993.1365984522163
24033802001__24033802107,bayesian_network,-305.6304960769394
24033802001__24033802405,bayesian_network,41.07072842968046
24033802002__24033802103,bayesian_network,-157.79301119979937
24033802002__24033802107,bayesian_network,-214.4356822645641
24033802002__24033802405,bayesian_network,151.54317066655312
24033802002__24033802406,bayesian_network,-1875.6369571920695
24033802103__24033802104,bayesian_network,-595.6590274207556
24033802103__24033802106,bayesian_network,-431.10953067849186
24033802103__24033802107,bayesian_network,-2511.947515272188
24033802103__24033802203,bayesian_network,-1762.7548679201172
24033802103__24033802301,bayesian_network,5640.51672017268
24033802103__24033802407,bayesian_network,1921.5370577738358
24033802104__24033802106,bayesian_network,4602.981508528692
24033802104__24033802201,bayesian_network,730.6196858856129
24033802104__24033802203,bayesian_network,-2169.945308382681
24033802106__24033802107,bayesian_network,-2006.814474352519
24033802201__24033802203,bayesian_network,-3596.5600800876855
24033802201__24033802204,bayesian_network,-1199.5657813245289
24033802201__24033803512,bayesian_network,-866.1753660086615
24033802203__24033802204,bayesian_network,6426.692912385126
24033802203__24033802301,bayesian_network,394.2529940491986
24033802204__24033802301,bayesian_network,-328.22120167682624
24033802204__24033802404,bayesian_network,1684.776803064482
24033802204__24033802804,bayesian_network,9613.500376791926
24033802204__24033803512,bayesian_network,-4264.801176996989
24033802204__24033803519,bayesian_network,-939.0085226184165
24033802301__24033802404,bayesian_network,-423.3738801913132
24033802301__24033802407,bayesian_network,-978.5510570503357
24033802301__24033802803,bayesian_network,-464.5147827155779
24033802404__24033802803,bayesian_network,-196.49034444951394
24033802405__24033802406,bayesian_network,-4338.819626943521
24033802405__24033802408,bayesian_network,2390.6109095265365
24033802405__24033802501,bayesian_network,-1946.0250406611813
24033802405__24033802502,bayesian_network,-3052.9268920322393
24033802406__24033802407,bayesian_network,-1300.9322896470076
24033802407__24033802408,bayesian_network,-1153.8411200176415
24033802407__24033802803,bayesian_network,-421.78915218653856
24033802408__24033802502,bayesian_network,1279.2841523737316
24033802408__24033802600,bayesian_network,-1809.8232942261643
24033802408__24033802803,bayesian_network,-1496.9331655860333
24033802501__24033802502,bayesian_network,-3118.4278578982285
24033802502__24033802600,bayesian_network,-3695.431028365874
24033802600__24033802803,bayesian_network,1026.9677129751035
24033802700__24033802803,bayesian_network,1185.1920434547028
24033802700__24033802901,bayesian_network,-1805.492437496694
24033802803__24033802804,bayesian_network,569.9050361355185
24033802803__24033802901,bayesian_network,-1008.453279831745
24033802804__24033802805,bayesian_network,3129.631539876309
24033802804__24033802901,bayesian_network,-1222.0868604165407
24033802804__24033803519,bayesian_network,1859.6584186691798
24033802805__24033803002,bayesian_network,3465.526470151406
24033802805__24033803519,bayesian_network,-1845.5212942043254
24033802805__24033803524,bayesian_network,5659.062772172112
24033803001__24033803002,bayesian_network,2060.1699224311888
24033803001__24033803100,bayesian_network,4562.740380349442
24033803002__24033803300,bayesian_network,534.6949219063481
24033803002__24033803524,bayesian_network,-5087.1142942665465
24033803100__24033803200,bayesian_network,-1376.3177312296975
24033803100__24033803300,bayesian_network,4405.632208737836
24033803100__24033804200,bayesian_network,-242.2985731405097
24033803100__24033804300,bayesian_network,-1367.0161780657945
24033803200__24033803300,bayesian_network,6193.857455752044
24033803200__24033803509,bayesian_network,-697.8628969847559
24033803200__24033804101,bayesian_network,-3223.9742577234138
24033803300__24033803401,bayesian_network,-4850.815297156856
24033803300__24033803402,bayesian_network,6506.459322399158
24033803300__24033803509,bayesian_network,-6235.278593671523
24033803401__24033803402,bayesian_network,4916.846207575782
24033803401__24033803508,bayesian_network,-2933.1186463556805
24033803402__24033803508,bayesian_network,-4281.975091014825
24033803402__24033803524,bayesian_network,2383.744952496845
24033803402__24033803525,bayesian_network,3000.9213780752216
24033803508__24033803509,bayesian_network,-1374.9147029040687
24033803508__24033803521,bayesian_network,9834.159149385036
24033803508__24033803525,bayesian_network,2909.9980398919724
24033803508__24033803601,bayesian_network,-854.3927104267177
24033803508__24033803602,bayesian_network,5854.824783351209
24033803509__24033803602,bayesian_network,-4426.065440542348
24033803509__24033803612,bayesian_network,-228.95966157966723
24033803509__24033803700,bayesian_network,-1878.6188320327
24033803509__24033804101,bayesian_network,-31.64662798561949
24033803509__24033804102,bayesian_network,-2154.61400534572
24033803512__24033803513,bayesian_network,-8190.878845999279
24033803512__24033803514,bayesian_network,-4230.567357482112
24033803512__24033803526,bayesian_network,-307.6409914740243
24033803513__24033803514,bayesian_network,-1944.2590364604403
24033803513__24033803526,bayesian_network,157.29624938348024
24033803513__24033803527,bayesian_network,-2197.1222946607813
24033803514__24033803519,bayesian_network,-9172.20417410764
24033803514__24033803521,bayesian_network,-6624.459859458657
24033803514__24033803522,bayesian_network,-2404.786828825074
24033803514__24033803523,bayesian_network,-2905.3773047805917
24033803514__24033803525,bayesian_network,-3284.3598570768663
24033803514__24033803527,bayesian_network,-430.70774631237873
24033803516__24033803520,bayesian_network,-5596.717467497874
24033803516__24033803608,bayesian_network,-559.1070278388652
24033803519__24033803524,bayesian_network,2047.9560815153964
24033803519__24033803525,bayesian_network,-3020.221302943326
24033803520__24033803521,bayesian_network,9024.649697327943
24033803520__24033803523,bayesian_network,-3320.9334063910683
24033803520__24033803601,bayesian_network,1477.0458214966638
24033803521__24033803523,bayesian_network,-3142.485618494862
24033803522__24033803523,bayesian_network,4584.335710730629
24033803522__24033803526,bayesian_network,-3222.969684833821
24033803522__24033803527,bayesian_network,3855.3142216998313
24033803524__24033803525,bayesian_network,7789.996734969976
24033803601__24033803602,bayesian_network,-3259.4747356591397
24033803601__24033803608,bayesian_network,-2592.50610378079
24033803602__24033803608,bayesian_network,-4120.52810634693
24033803602__24033803612,bayesian_network,-7202.56106794779
24033803605__24033803606,bayesian_network,-7179.38585311707
24033803605__24033803610,bayesian_network,-6985.825080895527
24033803605__24033803612,bayesian_network,-1040.7112525354169
24033803605__24033803613,bayesian_network,-2463.514854895806
24033803605__24033803803,bayesian_network,577.4967943253287
24033803605__24033806602,bayesian_network,3136.120407728986
24033803605__24033806706,bayesian_network,-4185.839201175637
24033803606__24033803607,bayesian_network,1929.7071125121765
24033803606__24033803608,bayesian_network,-2877.7937391358428
24033803606__24033806710,bayesian_network,-2821.3868180508725
24033803606__24033806711,bayesian_network,-3035.3736479659674
24033803607__24033803608,bayesian_network,3337.5118280367897
24033803608__24033803612,bayesian_network,-2867.233341625758
24033803610__24033803612,bayesian_network,-2372.0758800142357
24033803610__24033803613,bayesian_network,7195.4743462333245
24033803612__24033803613,bayesian_network,5721.057644773042
24033803612__24033803700,bayesian_network,-3942.506042634028
24033803612__24033803803,bayesian_network,574.7108568615358
24033803613__24033803803,bayesian_network,-2177.4065800403478
24033803700__24033803801,bayesian_network,2073.2854892898904
24033803700__24033803803,bayesian_network,-626.6223028855247
24033803801__24033803803,bayesian_network,2327.730494877538
24033803801__24033804001,bayesian_network,-4076.6381734697497
24033803801__24033804102,bayesian_network,-1400.938288102021
24033803803__24033806601,bayesian_network,-2008.7036275208757
24033803900__24033804001,bayesian_network,2653.465313063187
24033803900__24033804002,bayesian_network,-1925.556070626908
24033803900__24033806300,bayesian_network,-1373.132392605049
24033803900__24033806501,bayesian_network,-2341.914238434407
24033803900__24033806601,bayesian_network,-570.888314653319
24033804001__24033804002,bayesian_network,-2223.845915971864
24033804001__24033804300,bayesian_network,-491.36006482238736
24033804002__24033804300,bayesian_network,-5962.206684198623
24033804002__24033804400,bayesian_network,-2292.517983307982
24033804002__24033806300,bayesian_network,5959.700601503388
24033804101__24033804102,bayesian_network,-814.6313737474266
24033804101__24033804200,bayesian_network,-359.23452595951676
24033804102__24033804200,bayesian_network,-1220.3162278913514
24033804102__24033804300,bayesian_network,-2809.1287418295396
24033804200__24033804300,bayesian_network,-9071.155322743092
24033804300__24033804400,bayesian_network,-4364.945117620184
24033804400__24033804600,bayesian_network,6301.201036003862
24033804400__24033804700,bayesian_network,-1839.3045510454303
24033804400__24033806300,bayesian_network,-2241.687394464345
24033804600__24033804700,bayesian_network,7107.194261390963
24033804600__24033806200,bayesian_network,3660.5844198227333
24033804600__24033806300,bayesian_network,-1432.5205121481517
24033804700__24033804801,bayesian_network,1271.9634971604755
24033804801__24033804900,bayesian_network,-1829.2958848739363
24033804802__24033804900,bayesian_network,-622.3574539762412
24033804802__24033805000,bayesian_network,-1211.2069088425706
24033804802__24033806100,bayesian_network,-4816.524965167395
24033804900__24033805000,bayesian_network,6664.885957031343
24033805000__24033805101,bayesian_network,8586.782712341032
24033805000__24033805201,bayesian_network,-786.7880510514078
24033805000__24033805202,bayesian_network,56.49498837563806
24033805101__24033805202,bayesian_network,69.74431663108408
24033805101__24033805802,bayesian_network,-4508.295523397392
24033805101__24033806000,bayesian_network,9042.285438051407
24033805101__24033806100,bayesian_network,-2058.0710831618853
24033805202__24033805500,bayesian_network,-4120.22369771282
24033805500__24033805601,bayesian_network,-5185.427494126503
24033805500__24033805700,bayesian_network,-1868.7939737428314
24033805500__24033805802,bayesian_network,-5264.823966374013
24033805601__24033805602,bayesian_network,-2284.156520080811
24033805601__24033805700,bayesian_network,-3355.3815337657725
24033805602__24033805700,bayesian_network,-2485.079850930797
24033805700__24033805801,bayesian_network,-1889.7730991266671
24033805700__24033805907,bayesian_network,-382.7035856069524
24033805801__24033805802,bayesian_network,5245.664117257613
24033805801__24033805909,bayesian_network,7352.771375018903
24033805904__24033805906,bayesian_network,-2266.868146549932
24033805904__24033805907,bayesian_network,2948.8213417097977
24033805904__24033805909,bayesian_network,-3461.1028492042387
24033805904__24033807200,bayesian_network,-15378.54515075995
24033805904__24033807305,bayesian_network,-1278.4646701153397
24033805906__24033807305,bayesian_network,-6444.389071528767
24033805908__24033805909,bayesian_network,6772.178569039428
24033805908__24033806000,bayesian_network,-9517.510086998198
24033805908__24033806200,bayesian_network,-535.8892554146332
24033805908__24033806400,bayesian_network,-5624.357731777691
24033805909__24033806000,bayesian_network,-2491.112044211006
24033805909__24033806400,bayesian_network,-6120.759282305404
24033806000__24033806100,bayesian_network,-3529.9467671312523
24033806000__24033806200,bayesian_network,-519.2321412168494
24033806100__24033806200,bayesian_network,-8051.8418312131835
24033806200__24033806300,bayesian_network,2607.657553366411
24033806200__24033806400,bayesian_network,-1118.4565050947713
24033806200__24033806501,bayesian_network,-4021.832579258029
24033806300__24033806501,bayesian_network,9865.617294604599
24033806400__24033806501,bayesian_network,-3404.5457377030543
24033806400__24033807102,bayesian_network,1990.50750991526
24033806400__24033807200,bayesian_network,749.3730256157869
24033806501__24033806601,bayesian_network,-610.4027387456299
24033806501__24033807102,bayesian_network,-5787.0329391772175
24033806601__24033806602,bayesian_network,-1882.2805782562573
24033806601__24033807102,bayesian_network,-957.1309635635989
24033806602__24033806706,bayesian_network,5143.28365683668
24033806602__24033807102,bayesian_network,-2305.2967998132044
24033806706__24033806708,bayesian_network,-2839.056060688279
24033806706__24033806710,bayesian_network,-6892.537396378873
24033806706__24033806713,bayesian_network,-3649.432879026688
24033806706__24033806800,bayesian_network,-5068.013191094287
24033806706__24033807102,bayesian_network,-1747.8983650410592
24033806706__24033807408,bayesian_network,-389.54397046525264
24033806708__24033806710,bayesian_network,-439.8008161991602
24033806708__24033806712,bayesian_network,-2211.409486653807
24033806708__24033807408,bayesian_network,-675.5724747414424
24033806710__24033806711,bayesian_network,-1515.0233261359353
24033806710__24033806712,bayesian_network,-5379.7987254784675
24033806711__24033806712,bayesian_network,-1665.4052889624236
24033806712__24033807408,bayesian_network,3091.789009135202
24033806713__24033806714,bayesian_network,2028.1783296424655
24033806713__24033806800,bayesian_network,-3774.5617890768117
24033806713__24033807408,bayesian_network,-3461.5494105988764
24033806714__24033806800,bayesian_network,2048.97207577683
24033806714__24033806900,bayesian_network,-81.99183338563671
24033806714__24033807408,bayesian_network,1321.1754674734548
24033806800__24033807000,bayesian_network,7005.789076252593
24033806800__24033807102,bayesian_network,-2412.6194372196514
24033806900__24033807000,bayesian_network,8078.86675435731
24033806900__24033807301,bayesian_network,-137.08436937746592
24033806900__24033807404,bayesian_network,-10821.946478866565
24033807000__24033807200,bayesian_network,14146.848926490144
24033807000__24033807301,bayesian_network,-15215.260057979212
24033807102__24033807200,bayesian_network,-173.38877195975874
24033807200__24033807301,bayesian_network,-14889.914931199586
24033807200__24033807305,bayesian_network,-3789.0918849081136
24033807301__24033807305,bayesian_network,9949.596614100938
24033807301__24033807404,bayesian_network,-1497.3905222608737
24033807301__24033807405,bayesian_network,-7210.897231535142
24033807304__24033807305,bayesian_network,-9412.96931079548
24033807304__24033807405,bayesian_network,176.23728350455713
24033807304__24033807409,bayesian_network,-4032.052770388771
24033807404__24033807405,bayesian_network,-15477.332651125565
24033807404__24033807408,bayesian_network,-26946.036869412725
24033807405__24033807408,bayesian_network,5367.216791996791
24033807405__24033807409,bayesian_network,-8169.609775279561
24033807407__24033807408,bayesian_network,-15494.380388255697
24033807407__24033807409,bayesian_network,-2468.082464333371
24033807407__24033807410,bayesian_network,-4825.488973403051
24033807409__24033807410,bayesian_network,-1074.61228619529
24035810100__24035810200,bayesian_network,-2830.1211320379307
24035810100__24035810300,bayesian_network,871.9389767306084
24035810200__24035810300,bayesian_network,1913.3920199877666
24035810200__24035810500,bayesian_network,-1855.6778339334812
24035810400__24035810500,bayesian_network,10290.877659362937
24035810400__24035810600,bayesian_network,7574.164098642304
24035810500__24035810600,bayesian_network,-1644.3348752196653
24035810500__24041960100,bayesian_network,-6348.958470346188
24035810600__24035810700,bayesian_network,4184.858617260194
24035810800__24035810901,bayesian_network,-6165.904212450987
24035810800__24035811000,bayesian_network,3681.821211419883
24035810901__24035811000,bayesian_network,-19995.68753414494
24037875000__24037875100,bayesian_network,4514.588567431738
24037875000__24037875201,bayesian_network,-2604.166971042432
24037875000__24037875600,bayesian_network,-2620.9328249046557
24037875100__24037875201,bayesian_network,3480.4327391574298
24037875201__24037875202,bayesian_network,-59.208899150933576
24037875201__24037875300,bayesian_network,-390.4283980133041
24037875201__24037875500,bayesian_network,739.8143358962498
24037875201__24037875600,bayesian_network,3108.2102075742787
24037875300__24037875400,bayesian_network,-491.58722472727277
24037875400__24037875500,bayesian_network,3343.4040929844778
24037875500__24037875600,bayesian_network,4350.165702845021
24037875600__24037875700,bayesian_network,-2214.07026986024
24037875600__24037875802,bayesian_network,-3834.083557208033
24037875600__24037876002,bayesian_network,-5266.3210020775205
24037875700__24037875802,bayesian_network,-6297.754098711877
24037875801__24037875802,bayesian_network,1855.4919313880273
24037875801__24037875901,bayesian_network,-864.2985007194329
24037875801__24037876001,bayesian_network,195.67679152106575
24037875802__24037876001,bayesian_network,-1583.0312454811537
24037875802__24037876002,bayesian_network,-1419.2733975217852
24037875901__24037875902,bayesian_network,-1022.4990433348121
24037875901__24037876001,bayesian_network,-289.9496615521057
24037875901__24037876200,bayesian_network,764.2599949450805
24037875902__24037876001,bayesian_network,-978.5224774456783
24037875902__24037876002,bayesian_network,3105.944277995568
24037875902__24037876100,bayesian_network,1748.9710108381369
24037875902__24037876200,bayesian_network,-845.7785108292683
24037876001__24037876002,bayesian_network,5111.676448532151
24037876002__24037876100,bayesian_network,-1966.48556005102
24039930101__24039930102,bayesian_network,-340.5864739530807
24039930101__24047951400,bayesian_network,3523.65865634899
24039930102__24045010800,bayesian_network,3802.1941910660234
24039930300__24039980400,bayesian_network,-750.2404301536699
24039930300__24047951400,bayesian_network,851.1277108405329
24039930300__24047951500,bayesian_network,-4362.898165198387
24039930500__24039930600,bayesian_network,-145.21509571779006
24041960201__24041960300,bayesian_network,947.6164444575843
24041960201__24041960400,bayesian_network,-989.8713557058363
24041960201__24041960501,bayesian_network,15684.178468546823
24041960201__24041960502,bayesian_network,-1835.1612081502608
24041960300__24041960400,bayesian_network,1986.3088590209736
24041960300__24041960501,bayesian_network,8063.358003313744
24041960400__24041960501,bayesian_network,-10273.490392752676
24041960400__24041960502,bayesian_network,-4061.4698640257993
24041960501__24041960502,bayesian_network,-4324.855362538803
24041960600__24041960700,bayesian_network,8357.3077590003
24041960700__24041960800,bayesian_network,9946.177979969187
24043000100__24043000200,bayesian_network,-1019.9211975678918
24043000100__24043000500,bayesian_network,-1304.7139147553971
24043000100__24043010300,bayesian_network,-270.46268668420635
24043000100__24043011202,bayesian_network,809.883019809382
24043000200__24043000301,bayesian_network,-1895.2557391801602
24043000200__24043000302,bayesian_network,887.7755710218844
24043000200__24043000400,bayesian_network,-1803.0121067908294
24043000200__24043010300,bayesian_network,-1624.272943656386
24043000301__24043000302,bayesian_network,604.9558703866242
24043000301__24043000900,bayesian_network,-6105.364347577444
24043000301__24043010300,bayesian_network,-131.76135870888538
24043000301__24043010400,bayesian_network,4544.530328719877
24043000302__24043000400,bayesian_network,672.2174722150176
24043000302__24043000900,bayesian_network,-2046.7097658004895
24043000400__24043000500,bayesian_network,1407.0866458353303
24043000400__24043000700,bayesian_network,-466.59078260225215
24043000400__24043000800,bayesian_network,-88.98389601308736
24043000400__24043000900,bayesian_network,1467.6680356354386
24043000500__24043000601,bayesian_network,4700.707532566379
24043000500__24043000700,bayesian_network,263.73071254672277
24043000500__24043011201,bayesian_network,-336.6596585225452
24043000601__24043000602,bayesian_network,-3124.5202527892325
24043000601__24043000700,bayesian_network,-979.4439327280329
24043000601__24043011201,bayesian_network,-2171.7984631452236
24043000602__24043000700,bayesian_network,3780.2817563452554
24043000602__24043001001,bayesian_network,2002.7264086086725
24043000602__24043010900,bayesian_network,-1214.4334487133674
24043000602__24043011100,bayesian_network,6812.344866818261
24043000602__24043011201,bayesian_network,-1269.6318868831368
24043000700__24043000800,bayesian_network,2755.84117920437
24043000800__24043000900,bayesian_network,436.6669729307396
24043000900__24043001001,bayesian_network,736.0483960115016
24043000900__24043001002,bayesian_network,-35.61057986263404
24043000900__24043010500,bayesian_network,-1245.2354587754671
24043001001__24043001002,bayesian_network,-1732.2072596907547
24043001001__24043010900,bayesian_network,-1648.139461039309
24043001002__24043010500,bayesian_network,-740.8623852518795
24043001002__24043010801,bayesian_network,47.71116542752134
24043001002__24043010802,bayesian_network,2976.323466890255
24043010200__24043011202,bayesian_network,260.7040579303157
24043010200__24043011301,bayesian_network,-863.6825727140267
24043010300__24043010400,bayesian_network,367.2858551838726
24043010300__24043011202,bayesian_network,-3027.4175189228554
24043010400__24043010500,bayesian_network,2554.675566758713
24043010500__24043010600,bayesian_network,1820.8103362972379
24043010500__24043010801,bayesian_network,1479.4865080163
24043010600__24043010700,bayesian_network,1899.25921347242
24043010801__24043010802,bayesian_network,662.0985576551975
24043010802__24043010900,bayesian_network,1625.9410840663932
24043010900__24043011100,bayesian_network,318.14718100009213
24043010900__24043011600,bayesian_network,-264.4418202148154
24043011100__24043011201,bayesian_network,-664.4851238737283
24043011100__24043011302,bayesian_network,-5557.083745354539
24043011201__24043011202,bayesian_network,4194.073535636351
24043011201__24043011302,bayesian_network,3394.4893253954015
24043011202__24043011301,bayesian_network,-1329.2347218839896
24043011202__24043011302,bayesian_network,2422.06074983934
24043011301__24043011302,bayesian_network,319.7350351116147
24043011302__24043011400,bayesian_network,3.836599383130306
24043011500__24043011600,bayesian_network,486.2852407224955
24045000100__24045000200,bayesian_network,1102.622099508797
24045000100__24045000500,bayesian_network,-1273.7838532425885
24045000100__24045010101,bayesian_network,-4923.075927450984
24045000100__24045010102,bayesian_network,-2851.381464701928
24045000200__24045000300,bayesian_network,-946.2358575228973
24045000200__24045000400,bayesian_network,3093.92267447252
24045000200__24045010101,bayesian_network,-637.7898101738556
24045000200__24045010200,bayesian_network,-474.7140691226891
24045000300__24045000400,bayesian_network,1163.2478708742647
24045000300__24045010200,bayesian_network,-2837.8316016748067
24045000300__24045010300,bayesian_network,-605.1373449781458
24045000400__24045000500,bayesian_network,-1123.2216482295553
24045000400__24045010400,bayesian_network,-1237.4097974146935
24045000500__24045010502,bayesian_network,1624.5973151108883
24045010101__24045010102,bayesian_network,339.42811565896955
24045010101__24045010200,bayesian_network,1813.627500340981
24045010101__24045010603,bayesian_network,-878.1921488463158
24045010101__24045010702,bayesian_network,-1969.5139213038274
24045010102__24045010502,bayesian_network,1050.0305704588427
24045010102__24045010606,bayesian_network,476.9684671838677
24045010200__24045010300,bayesian_network,-2357.2524386907317
24045010200__24045010702,bayesian_network,-1313.8965491544586
24045010300__24045010400,bayesian_network,4710.370034467036
24045010300__24045010800,bayesian_network,1067.0961616045097
24045010400__24045010501,bayesian_network,-186.07071977693704
24045010400__24045010502,bayesian_network,138.19938092170196
24045010400__24045010800,bayesian_network,1460.5351157924597
24045010501__24045010502,bayesian_network,-430.4521628887487
24045010501__24045010605,bayesian_network,-4568.076329894091
24045010502__24045010605,bayesian_network,-2123.283607665737
24045010502__24045010606,bayesian_network,1592.605194362251
24045010603__24045010604,bayesian_network,9006.236904581829
24045010603__24045010606,bayesian_network,701.6168097703194
24045010603__24045010702,bayesian_network,-633.6115577105084
24045010604__24045010606,bayesian_network,-6904.569257726762
24045010605__24045010606,bayesian_network,86.49075219460428
24045010605__24047951400,bayesian_network,4771.324426540461
24045010606__24047950800,bayesian_network,7920.60096873391
24045010701__24045010702,bayesian_network,10171.444727844311
24047950000__24047950100,bayesian_network,490.29129338576604
24047950000__24047950400,bayesian_network,-1078.9547017638179
24047950000__24047951700,bayesian_network,1202.3317517030118
24047950400__24047951700,bayesian_network,3989.3556031084736
24047950600__24047950700,bayesian_network,-2540.0198599152372
24047950600__24047950900,bayesian_network,2161.2495776373507
24047950600__24047951100,bayesian_network,-5912.938357780698
24047950700__24047950800,bayesian_network,4835.743596598945
24047950700__24047950900,bayesian_network,1409.9629613577545
24047950800__24047950900,bayesian_network,-3814.138592831865
24047950800__24047951000,bayesian_network,7135.090005158254
24047950900__24047951000,bayesian_network,13798.246779204048
24047950900__24047951100,bayesian_network,-6773.505095283646
24047950900__24047951700,bayesian_network,7250.303067794448
24047951200__24047951300,bayesian_network,1326.6767998753003
24047951400__24047951500,bayesian_network,49.655711948093085
24510010100__24510010200,bayesian_network,-927.4277818053379
24510010100__24510010400,bayesian_network,747.0178886444155
24510010100__24510261100,bayesian_network,235.96059696655357
24510010200__24510261100,bayesian_network,597.4774982330337
24510010300__24510010400,bayesian_network,-1275.1383706622546
24510010300__24510010500,bayesian_network,-2731.4283482157407
24510010300__24510060200,bayesian_network,644.3659585847563
24510010300__24510060300,bayesian_network,-1513.6647272048322
24510010400__24510010500,bayesian_network,1511.9694500696123
24510010400__24510020300,bayesian_network,540.3585599407452
24510010500__24510020100,bayesian_network,-3440.549463761603
24510010500__24510060300,bayesian_network,-298.87480931437403
24510020100__24510020200,bayesian_network,817.8872138662082
24510020100__24510020300,bayesian_network,1244.1337068193352
24510020200__24510020300,bayesian_network,-191.36136615371652
24510020200__24510030100,bayesian_network,1095.2737961352723
24510020300__24510030100,bayesian_network,1116.9596002002654
24510020300__24510030200,bayesian_network,-1379.1728978485771
24510030100__24510030200,bayesian_network,-410.08454541187166
24510030100__24510280500,bayesian_network,-3970.915743425743
24510030200__24510040100,bayesian_network,881.7108192355809
24510030200__24510220100,bayesian_network,2.3877167024802475
24510030200__24510280500,bayesian_network,2170.5988839556394
24510040100__24510040200,bayesian_network,-2125.560428092227
24510040100__24510110100,bayesian_network,382.8007581824204
24510040100__24510110200,bayesian_network,-2479.8595884270035
24510040100__24510170100,bayesian_network,-2536.4404638432134
24510040100__24510220100,bayesian_network,-4932.363388491816
24510040100__24510280500,bayesian_network,-1311.2203527972088
24510040200__24510170100,bayesian_network,1465.4058514230856
24510040200__24510180100,bayesian_network,-672.9668223763729
24510040200__24510180300,bayesian_network,2654.0331835471716
24510040200__24510220100,bayesian_network,-1293.4987864846917
24510060100__24510060200,bayesian_network,-5227.903558478958
24510060100__24510070100,bayesian_network,-222.48187464348666
24510060100__24510261000,bayesian_network,-457.0914067156464
24510060200__24510060300,bayesian_network,-963.8771696973017
24510060200__24510070200,bayesian_network,2153.221595184933
24510060300__24510070300,bayesian_network,2211.690636947378
24510070100__24510070200,bayesian_network,1210.8937097667877
24510070100__24510080302,bayesian_network,-2227.1293080787655
24510070100__24510260404,bayesian_network,-781.1855588494545
24510070100__24510261000,bayesian_network,-712.0272014260754
24510070200__24510070300,bayesian_network,1277.81257823126
24510080101__24510080102,bayesian_network,4285.694431684478
24510080101__24510080200,bayesian_network,6154.347035739833
24510080101__24510080500,bayesian_network,145.74648850126687
24510080101__24510090200,bayesian_network,253.31660988590374
24510080101__24510090600,bayesian_network,-5738.7612448753025
24510080101__24510090700,bayesian_network,-2076.34236693797
24510080101__24510260301,bayesian_network,901.797479066694
24510080101__24510270101,bayesian_network,1827.4244632711707
24510080102__24510080200,bayesian_network,33.05086405196198
24510080200__24510080301,bayesian_network,-397.58853493438437
24510080200__24510080400,bayesian_network,1903.765685605409
24510080200__24510080500,bayesian_network,1017.6233296527316
24510080200__24510260303,bayesian_network,1800.0582766092266
24510080301__24510080302,bayesian_network,2393.7442216612217
24510080301__24510080400,bayesian_network,788.4017799893409
24510080302__24510260404,bayesian_network,5233.583821846783
24510080500__24510080600,bayesian_network,-1579.530246897466
24510080500__24510090800,bayesian_network,3984.587487474373
24510080500__24510090900,bayesian_network,-825.1761912752481
24510080600__24510080700,bayesian_network,7296.424704602105
24510080600__24510090900,bayesian_network,-1046.5537740874024
24510090100__24510090200,bayesian_network,4506.49468955359
24510090100__24510090300,bayesian_network,11807.119593322255
24510090100__24510120100,bayesian_network,3414.579156437734
24510090100__24510271001,bayesian_network,6521.020788031987
24510090100__24510271102,bayesian_network,-167.02823478885148
24510090200__24510090300,bayesian_network,251.25302946057855
24510090200__24510090600,bayesian_network,-6564.0773775603375
24510090200__24510270200,bayesian_network,249.7760520174361
24510090200__24510270903,bayesian_network,8332.190233136476
24510090300__24510090500,bayesian_network,-5516.902263111668
24510090300__24510120100,bayesian_network,1128.1494352979716
24510090400__24510090500,bayesian_network,10484.647196487596
24510090500__24510090600,bayesian_network,-2021.998065002168
24510090500__24510090700,bayesian_network,6471.073576280116
24510090600__24510090700,bayesian_network,-3664.3651634025628
24510090700__24510090800,bayesian_network,2664.327677745703
24510090800__24510090900,bayesian_network,4364.707337895281
24510090800__24510120400,bayesian_network,2722.6554864534573
24510090900__24510100100,bayesian_network,-1516.4646322915505
24510090900__24510120500,bayesian_network,3735.67208911098
24510100100__24510100200,bayesian_network,-433.9607164409899
24510100100__24510100300,bayesian_network,5705.1349267417045
24510100100__24510110100,bayesian_network,-1453.9492828626644
24510100100__24510120500,bayesian_network,3972.209569772107
24510100200__24510100300,bayesian_network,-2131.1065494475024
24510100200__24510280500,bayesian_network,764.7577912550769
24510100300__24510110100,bayesian_network,-4578.541546901024
24510100300__24510280500,bayesian_network,-3031.1765605209985
24510110100__24510110200,bayesian_network,-4162.598964319332
24510110100__24510120500,bayesian_network,-2374.474727980496
24510110100__24510280500,bayesian_network,-3359.493499771481
24510110200__24510120500,bayesian_network,-988.7160867613857
24510110200__24510140100,bayesian_network,824.9894845151648
24510110200__24510170100,bayesian_network,2448.3518466999885
24510110200__24510170200,bayesian_network,-4303.769472163522
24510120100__24510120201,bayesian_network,3762.602251552453
24510120100__24510120202,bayesian_network,1867.3239802271273
24510120100__24510271102,bayesian_network,7844.235004865739
24510120100__24510271400,bayesian_network,1282.373497467168
24510120201__24510120202,bayesian_network,403.57781360398803
24510120201__24510120300,bayesian_network,3164.6067003837925
24510120202__24510120600,bayesian_network,-4243.60701967921
24510120202__24510120700,bayesian_network,2896.8345745355327
24510120300__24510120400,bayesian_network,-315.6825411420323
24510120300__24510120600,bayesian_network,4843.3184312703925
24510120400__24510120500,bayesian_network,3217.243733892992
24510120400__24510120600,bayesian_network,2022.8895696979052
24510120500__24510120600,bayesian_network,-2094.7307509334787
24510120500__24510120700,bayesian_network,-1659.5017859160253
24510120500__24510140100,bayesian_network,1038.0847080847489
24510120600__24510120700,bayesian_network,1208.3935078241484
24510120700__24510130100,bayesian_network,-2107.0116906860785
24510120700__24510130200,bayesian_network,43.703901975095505
24510120700__24510130400,bayesian_network,-1011.4493180446007
24510120700__24510130600,bayesian_network,-506.35722144720785
24510130100__24510130200,bayesian_network,-4515.602314972071
24510130100__24510130300,bayesian_network,3443.2336275861726
24510130100__24510130400,bayesian_network,4151.074887269795
24510130200__24510130300,bayesian_network,-1121.0398449392942
24510130200__24510140100,bayesian_network,-4487.138142178439
24510130200__24510140300,bayesian_network,-687.0867691740823
24510130300__24510130400,bayesian_network,1738.1093718705924
24510130300__24510140300,bayesian_network,3651.025293473256
24510130300__24510150400,bayesian_network,-3940.307811311408
24510130400__24510130600,bayesian_network,-5592.760425575343
24510130400__24510130804,bayesian_network,1591.7908178621492
24510130400__24510130806,bayesian_network,6976.81766688218
24510130400__24510150400,bayesian_network,-823.5547314479045
24510130400__24510150500,bayesian_network,-4844.418463620648
24510130400__24510151200,bayesian_network,-2492.5146396862765
24510130600__24510130700,bayesian_network,-2219.193517372092
24510130600__24510130804,bayesian_network,-2309.7598733823434
24510130700__24510130803,bayesian_network,-1535.0356097538133
24510130700__24510130804,bayesian_network,2700.5061132147366
24510130700__24510271400,bayesian_network,6551.524900496799
24510130803__24510130804,bayesian_network,240.4610933669901
24510130803__24510130806,bayesian_network,-4157.953446265223
24510130803__24510271400,bayesian_network,531.2665146397958
24510130803__24510271503,bayesian_network,-1078.106111933912
24510130804__24510130806,bayesian_network,1296.8256351955715
24510130805__24510130806,bayesian_network,-132.96605010222265
24510130805__24510271501,bayesian_network,-6291.121260772634
24510130805__24510271503,bayesian_network,-6011.5273440943565
24510130805__24510271600,bayesian_network,-3691.2908331760464
24510130805__24510271700,bayesian_network,2079.062726948214
24510130806__24510151300,bayesian_network,-3156.328989830672
24510130806__24510271600,bayesian_network,67.13276509832576
24510140100__24510140200,bayesian_network,1710.836897651483
24510140100__24510140300,bayesian_network,2108.5256470128406
24510140100__24510170200,bayesian_network,-264.6180621775966
24510140200__24510140300,bayesian_network,2925.122317223835
24510140200__24510160100,bayesian_network,3126.4260301756312
24510140200__24510170200,bayesian_network,2862.395171599732
24510140200__24510170300,bayesian_network,373.019382071423
24510140300__24510150100,bayesian_network,-348.9516265511811
24510150100__24510150200,bayesian_network,2274.022285641666
24510150100__24510150400,bayesian_network,-342.157611126946
24510150100__24510160100,bayesian_network,1918.6993966270638
24510150100__24510160200,bayesian_network,-1617.1582200288994
24510150100__24510160300,bayesian_network,-1490.5471919488646
24510150200__24510150300,bayesian_network,763.0334379912947
24510150200__24510150400,bayesian_network,242.2968078167687
24510150200__24510160300,bayesian_network,55.65158212092683
24510150200__24510160400,bayesian_network,-3017.8494849791787
24510150200__24510160500,bayesian_network,-862.4706459807221
24510150400__24510150500,bayesian_network,-1946.8996406988626
24510150400__24510150600,bayesian_network,1421.2336532881727
24510150500__24510150701,bayesian_network,-1195.3417562792347
24510150500__24510151100,bayesian_network,3853.926214550873
24510150600__24510150701,bayesian_network,594.7758168860282
24510150600__24510150702,bayesian_network,2718.558116359367
24510150600__24510150800,bayesian_network,1186.35523768056
24510150600__24510150900,bayesian_network,897.7227357170032
24510150600__24510160700,bayesian_network,-26.639598466768803
24510150701__24510150702,bayesian_network,3242.670911598645
24510150701__24510150800,bayesian_network,-1440.3275814885747
24510150701__24510151100,bayesian_network,-1117.491395025263
24510150702__24510150800,bayesian_network,1007.7384408315138
24510150800__24510150900,bayesian_network,6509.028226066079
24510150800__24510151000,bayesian_network,-882.0893535709765
24510150800__24510151100,bayesian_network,416.17142549018536
24510150900__24510151000,bayesian_network,2338.725738102037
24510150900__24510160700,bayesian_network,-1343.962201614534
24510150900__24510160802,bayesian_network,2525.8288338548173
24510150900__24510280301,bayesian_network,468.5430637853733
24510150900__24510280302,bayesian_network,4704.5303923367355
24510151000__24510151100,bayesian_network,3980.7368278083013
24510151000__24510280101,bayesian_network,4226.614465484048
24510151000__24510280102,bayesian_network,-838.5753581191966
24510151000__24510280200,bayesian_network,3965.894587857152
24510151100__24510151200,bayesian_network,1947.379141441721
24510151100__24510151300,bayesian_network,3689.1601298720343
24510151200__24510151300,bayesian_network,844.6219279182951
24510151300__24510271600,bayesian_network,5689.776981179104
24510151300__24510280101,bayesian_network,1205.458006129639
24510160100__24510160200,bayesian_network,-5872.512463288138
24510160100__24510170300,bayesian_network,4265.148711289974
24510160100__24510180100,bayesian_network,-962.7460728061974
24510160100__24510180200,bayesian_network,-1326.06065503816
24510160200__24510160300,bayesian_network,1689.6039597439558
24510160200__24510190100,bayesian_network,-4243.602318506011
24510160300__24510160400,bayesian_network,-3114.18604775066
24510160300__24510190100,bayesian_network,-2151.1054213748284
24510160400__24510160500,bayesian_network,1480.1862039539883
24510160400__24510200100,bayesian_network,-2749.648409324517
24510160500__24510160600,bayesian_network,114.88835606791508
24510160500__24510200200,bayesian_network,2803.8823226264503
24510160600__24510160700,bayesian_network,3109.5140311066243
24510160600__24510200200,bayesian_network,2592.1107663692783
24510160700__24510160802,bayesian_network,-378.7709808315449
24510160700__24510200600,bayesian_network,283.80097828747967
24510160801__24510160802,bayesian_network,1308.9455566065226
24510160801__24510200701,bayesian_network,2399.0613304065564
24510160801__24510280402,bayesian_network,-124.61903907649321
24510160802__24510200600,bayesian_network,190.2858789120064
24510160802__24510200701,bayesian_network,1464.8168394805325
24510170100__24510170200,bayesian_network,2043.821334297154
24510170100__24510170300,bayesian_network,-675.9648406688284
24510170200__24510170300,bayesian_network,2566.7992809602365
24510170300__24510180100,bayesian_network,-1774.2496091313715
24510180100__24510180200,bayesian_network,175.8401299355719
24510180100__24510180300,bayesian_network,-3282.5271675495014
24510180200__24510180300,bayesian_network,2104.5689464543775
24510180200__24510190100,bayesian_network,1929.4229015271558
24510180300__24510190200,bayesian_network,917.9461212685928
24510180300__24510210100,bayesian_network,-1465.5421144093916
24510180300__24510210200,bayesian_network,-3654.143543292377
24510190100__24510200100,bayesian_network,2535.0136568057696
24510190200__24510190300,bayesian_network,3792.731613650103
24510190200__24510210200,bayesian_network,3777.603108686357
24510190300__24510200300,bayesian_network,-2351.337873345241
24510190300__24510200500,bayesian_network,-3643.1650392443044
24510190300__24510210200,bayesian_network,-1087.3078075580397
24510200100__24510200200,bayesian_network,3331.625644873149
24510200200__24510200600,bayesian_network,3901.2494173316245
24510200300__24510200400,bayesian_network,-367.3905616487709
24510200300__24510200500,bayesian_network,-4356.2558877134215
24510200400__24510200500,bayesian_network,-2515.2818441191484
24510200500__24510200600,bayesian_network,6421.452295374321
24510200500__24510210200,bayesian_network,-2779.178078194469
24510200500__24510250206,bayesian_network,506.330885472893
24510200600__24510200701,bayesian_network,1651.4642972564943
24510200600__24510200702,bayesian_network,205.1200584583039
24510200600__24510200800,bayesian_network,-3500.2866865202523
24510200600__24510250206,bayesian_network,4685.485794849439
24510200701__24510200702,bayesian_network,286.68697548790806
24510200701__24510200800,bayesian_network,58.86892366911161
24510200701__24510280402,bayesian_network,-1764.2595024377597
24510200701__24510280404,bayesian_network,2652.6885539619107
24510200702__24510200800,bayesian_network,-246.54878313085283
24510210100__24510210200,bayesian_network,-2939.1726984513516
24510210100__24510220100,bayesian_network,-23.21657338505611
24510210100__24510230100,bayesian_network,-1288.915478377763
24510210100__24510230300,bayesian_network,-2327.9642075006414
24510210100__24510250301,bayesian_network,-1344.9140252959187
24510210200__24510250206,bayesian_network,1611.935030970315
24510210200__24510250301,bayesian_network,-157.57240128191188
24510210200__24510250303,bayesian_network,-8764.421119574283
24510220100__24510230100,bayesian_network,0.3262290942366235
24510220100__24510230200,bayesian_network,-458.3859570020868
24510220100__24510240200,bayesian_network,-1341.2203478207448
24510220100__24510240300,bayesian_network,142.09880877644355
24510230100__24510230200,bayesian_network,1952.9230672440317
24510230100__24510230300,bayesian_network,-974.5182656314573
24510230200__24510230300,bayesian_network,2512.2539698435794
24510230200__24510240300,bayesian_network,-2878.788754245161
24510230200__24510240400,bayesian_network,-104.52679771383464
24510230300__24510240400,bayesian_network,1640.4148408938054
24510230300__24510250301,bayesian_network,-287.3863771350516
24510240100__24510240400,bayesian_network,-1783.8678171045394
24510240200__24510240300,bayesian_network,112.31642088726221
24510240200__24510240400,bayesian_network,509.29264991987293
24510240300__24510240400,bayesian_network,2032.54950694108
24510250101__24510250102,bayesian_network,3447.4029517745967
24510250101__24510250103,bayesian_network,226.08364106251793
24510250101__24510280403,bayesian_network,5030.467790180639
24510250102__24510250103,bayesian_network,2722.8978732124997
24510250102__24510280403,bayesian_network,-1138.5088984602212
24510250102__24510280404,bayesian_network,3007.1447436066283
24510250103__24510250206,bayesian_network,-4255.601278165239
24510250203__24510250204,bayesian_network,652.9595255742297
24510250203__24510250205,bayesian_network,385.5350831078322
24510250203__24510250207,bayesian_network,2534.372280189449
24510250203__24510250600,bayesian_network,255.66356292510318
24510250204__24510250205,bayesian_network,2967.1546247516017
24510250204__24510250207,bayesian_network,3083.20543317555
24510250204__24510250301,bayesian_network,-674.0591224533546
24510250205__24510250206,bayesian_network,-5890.705425452237
24510250205__24510250301,bayesian_network,2923.0501810527057
24510250205__24510250401,bayesian_network,-463.76162634281354
24510250206__24510250303,bayesian_network,-3781.9849218582967
24510250301__24510250303,bayesian_network,-427.1617008536232
24510250401__24510250402,bayesian_network,-287.66333543534347
24510250401__24510250500,bayesian_network,-958.3482967947439
24510250401__24510250600,bayesian_network,-3506.1510900498397
24510250402__24510250500,bayesian_network,1409.6357411687986
24510250500__24510250600,bayesian_network,15256.492872213406
24510260101__24510260102,bayesian_network,-809.3044200616496
24510260101__24510270401,bayesian_network,3410.312851853596
24510260101__24510270502,bayesian_network,5990.277684780436
24510260102__24510260201,bayesian_network,4942.747069227858
24510260102__24510260203,bayesian_network,-341.3266555654518
24510260102__24510260403,bayesian_network,-1306.0836484389874
24510260102__24510270401,bayesian_network,1116.2086492285016
24510260201__24510260202,bayesian_network,-629.6426391303248
24510260201__24510260203,bayesian_network,-2990.8682261199174
24510260201__24510270102,bayesian_network,-540.0492353251866
24510260201__24510270401,bayesian_network,-1239.1670999294329
24510260202__24510260301,bayesian_network,-20.234913094744115
24510260202__24510260302,bayesian_network,2339.0197644989676
24510260202__24510270101,bayesian_network,-1257.1766123799262
24510260203__24510260303,bayesian_network,-2770.7306598497526
24510260203__24510260402,bayesian_network,5953.362876624342
24510260203__24510260403,bayesian_network,2123.7395725157894
24510260301__24510260302,bayesian_network,-2348.5405293906006
24510260302__24510260303,bayesian_network,-115.19708608632573
24510260303__24510260404,bayesian_network,2258.1391224615254
24510260401__24510260402,bayesian_network,302.42636179798865
24510260401__24510260403,bayesian_network,-2768.8685391488907
24510260401__24510260404,bayesian_network,-1347.0891819206445
24510260402__24510260403,bayesian_network,-7193.534298053841
24510260403__24510260404,bayesian_network,-2278.7023072428565
24510260404__24510260501,bayesian_network,-2723.6869789599004
24510260404__24510260700,bayesian_network,32.178716261752925
24510260404__24510261000,bayesian_network,2065.6239462995654
24510260501__24510260604,bayesian_network,2069.5265440033254
24510260501__24510260605,bayesian_network,-3407.651644726211
24510260501__24510260700,bayesian_network,-3188.729315543922
24510260604__24510260605,bayesian_network,5445.937255700916
24510260605__24510260700,bayesian_network,-772.2040689119203
24510260700__24510260900,bayesian_network,2172.76442672504
24510260800__24510260900,bayesian_network,-965.8512386577277
24510260800__24510261000,bayesian_network,-1201.6238445633608
24510260900__24510261100,bayesian_network,-4170.601712100641
24510261000__24510261100,bayesian_network,353.84258575434524
24510270101__24510270102,bayesian_network,-145.93662521552687
24510270101__24510270200,bayesian_network,-119.80401906181214
24510270102__24510270302,bayesian_network,-596.4247262959325
24510270102__24510270401,bayesian_network,2089.8914522101295
24510270200__24510270301,bayesian_network,2419.2818196298686
24510270200__24510270302,bayesian_network,-1443.6992766012409
24510270200__24510270903,bayesian_network,1516.2003638535643
24510270301__24510270302,bayesian_network,-3586.606634279913
24510270301__24510270600,bayesian_network,2446.8178472183063
24510270301__24510270902,bayesian_network,4513.314778457254
24510270302__24510270402,bayesian_network,-368.35154752543167
24510270401__24510270402,bayesian_network,3786.396853463768
24510270401__24510270502,bayesian_network,2444.1312213331967
24510270402__24510270502,bayesian_network,4203.251838753968
24510270402__24510270600,bayesian_network,2841.93592259453
24510270402__24510270702,bayesian_network,-1708.8349970603122
24510270501__24510270502,bayesian_network,8389.734719452354
24510270501__24510270703,bayesian_network,7549.40315231619
24510270502__24510270702,bayesian_network,-3172.582128024713
24510270600__24510270702,bayesian_network,10034.789388689544
24510270600__24510270803,bayesian_network,-8629.887665403134
24510270701__24510270702,bayesian_network,6343.803950120815
24510270701__24510270703,bayesian_network,4208.796252660859
24510270701__24510270803,bayesian_network,2901.528787134135
24510270702__24510270703,bayesian_network,436.06304336404355
24510270702__24510270803,bayesian_network,627.2994217303531
24510270801__24510270802,bayesian_network,3988.5248693383473
24510270801__24510270803,bayesian_network,-5231.321171737603
24510270801__24510270804,bayesian_network,3394.6221806709946
24510270802__24510270803,bayesian_network,-5253.976942134497
24510270802__24510270805,bayesian_network,9800.012033386854
24510270802__24510270901,bayesian_network,-548.363775158843
24510270803__24510270902,bayesian_network,8204.794377838305
24510270804__24510270805,bayesian_network,4301.614045043185
24510270804__24510271200,bayesian_network,1882.2154776524112
24510270805__24510271002,bayesian_network,7460.457913398463
24510270805__24510271200,bayesian_network,-2041.928768316855
24510270901__24510270902,bayesian_network,-331.81015505721734
24510270901__24510270903,bayesian_network,1197.8912954683
24510270901__24510271002,bayesian_network,-4946.156114440366
24510270902__24510270903,bayesian_network,5920.610274988485
24510270903__24510271001,bayesian_network,-5127.0796477977365
24510271001__24510271002,bayesian_network,-7374.156980582433
24510271001__24510271102,bayesian_network,-999.0986485661342
24510271002__24510271101,bayesian_network,-641.410511714872
24510271002__24510271200,bayesian_network,-1524.5840576563987
24510271101__24510271102,bayesian_network,5573.069446802423
24510271101__24510271200,bayesian_network,5051.871707644605
24510271102__24510271200,bayesian_network,1204.1714618197693
24510271102__24510271400,bayesian_network,2838.037875590944
24510271200__24510271300,bayesian_network,8225.543335098933
24510271300__24510271400,bayesian_network,3327.4001951349346
24510271300__24510271501,bayesian_network,-2798.8282447512065
24510271300__24510271503,bayesian_network,5281.98488110831
24510271400__24510271503,bayesian_network,5330.531664655977
24510271501__24510271503,bayesian_network,-3956.419278041947
24510271501__24510271700,bayesian_network,-654.0897096226581
24510271501__24510271900,bayesian_network,-1420.2616847750887
24510271501__24510272003,bayesian_network,4466.160937091428
24510271600__24510271700,bayesian_network,1543.544736341326
24510271700__24510271801,bayesian_network,1105.3659033832955
24510271700__24510271802,bayesian_network,2887.9022881258097
24510271700__24510271900,bayesian_network,-352.2075632183514
24510271801__24510271802,bayesian_network,-567.6672233536483
24510271801__24510271900,bayesian_network,-1594.577697041852
24510271801__24510280101,bayesian_network,-4046.1802959555844
24510271802__24510280101,bayesian_network,1539.8150977163896
24510271900__24510272003,bayesian_network,1247.2052110696895
24510271900__24510272006,bayesian_network,6674.233226237651
24510271900__24510280101,bayesian_network,-114.98676754299595
24510272003__24510272004,bayesian_network,4168.928844687238
24510272003__24510272005,bayesian_network,-664.3832971084921
24510272003__24510272006,bayesian_network,2075.637553458775
24510272004__24510272005,bayesian_network,699.468530618884
24510272005__24510272007,bayesian_network,1687.5521253879524
24510272006__24510272007,bayesian_network,-3911.7612943760214
24510272006__24510280101,bayesian_network,-3043.5780382897356
24510272007__24510280101,bayesian_network,-2603.639940193809
24510280101__24510280102,bayesian_network,6949.780337836899
24510280102__24510280200,bayesian_network,9661.996070597801
24510280200__24510280301,bayesian_network,3679.384525500096
24510280200__24510280302,bayesian_network,1798.1408992763718
24510280301__24510280401,bayesian_network,-3092.860147990854
24510280401__24510280402,bayesian_network,-3010.5830107512957
24510280401__24510280403,bayesian_network,-1874.133919564978
24510280401__24510280404,bayesian_network,1429.0153174264706
24510280403__24510280404,bayesian_network,-1935.3484960827554
51013100300__51059470100,bayesian_network,-1885.466412452326
51059470100__51059480100,bayesian_network,-3299.3856189539365
51107610101__51107610102,bayesian_network,-1688.7327862356724
11001000901__11001000902,noncontrastive_vae,18176.312076114627
11001000901__11001001001,noncontrastive_vae,3509.967512695217
11001000901__24031705601,noncontrastive_vae,-1300.929492053332
11001000901__24031705702,noncontrastive_vae,1394.4828712563612
11001000902__24031705800,noncontrastive_vae,-6491.698220731523
11001000902__51013100300,noncontrastive_vae,-6500.370295928889
11001001001__11001001100,noncontrastive_vae,-4688.817736221652
11001001001__24031705601,noncontrastive_vae,-5214.398726746029
11001001100__11001001401,noncontrastive_vae,-5297.9853713153025
11001001100__24031705300,noncontrastive_vae,-9717.962433491692
11001001401__11001001500,noncontrastive_vae,6788.499518572946
11001001401__24031705300,noncontrastive_vae,-7094.813184984152
11001001500__24031705200,noncontrastive_vae,9818.508053405512
11001001500__24031705300,noncontrastive_vae,1986.2897397170973
11001001600__11001010300,noncontrastive_vae,-6271.044268711234
11001001600__24031702500,noncontrastive_vae,-11950.206520776235
11001001600__24031702601,noncontrastive_vae,2506.814595199161
11001001600__24031702602,noncontrastive_vae,-7968.798072275698
11001001702__11001010300,noncontrastive_vae,-3926.5316656159757
11001001702__24031701701,noncontrastive_vae,2840.1822809850582
11001001702__24031701800,noncontrastive_vae,-1601.1848120678396
11001007304__24033801807,noncontrastive_vae,-63.73432889875403
11001007408__11001007502,noncontrastive_vae,-1977.7520983405666
11001007408__24033801807,noncontrastive_vae,872.4826009955555
11001007409__24033801807,noncontrastive_vae,-1766.800619043881
11001007502__11001007603,noncontrastive_vae,609.8101519533066
11001007502__24033801807,noncontrastive_vae,966.3681035712871
11001007603__11001009902,noncontrastive_vae,-2065.371406728813
11001007603__24033801807,noncontrastive_vae,266.23648761279765
11001007603__24033802501,noncontrastive_vae,1658.2394240351168
11001007707__11001009902,noncontrastive_vae,5173.790789645398
11001007707__24033802502,noncontrastive_vae,-201.84583860273233
11001007707__24033802600,noncontrastive_vae,-4234.137381112014
11001007806__11001009601,noncontrastive_vae,-1501.6204935630085
11001007806__24033803100,noncontrastive_vae,1630.4753107937577
11001007807__11001007808,noncontrastive_vae,-4253.609317814706
11001007808__11001009903,noncontrastive_vae,-4356.90607067993
11001007808__24033802901,noncontrastive_vae,-4100.106628587495
11001009000__11001009601,noncontrastive_vae,-2977.8977504983195
11001009000__11001011100,noncontrastive_vae,-2460.614244271361
11001009000__24033804400,noncontrastive_vae,-2917.9021395185846
11001009400__11001009503,noncontrastive_vae,3824.8272814068077
11001009400__11001011100,noncontrastive_vae,390.5704730031175
11001009400__24033804900,noncontrastive_vae,-6757.904839861709
11001009503__11001009508,noncontrastive_vae,-3294.5531522823776
11001009503__11001009509,noncontrastive_vae,187.46314793657803
11001009503__24033804900,noncontrastive_vae,1097.3721490718817
11001009505__11001009507,noncontrastive_vae,803.7396823054441
11001009505__24033805201,noncontrastive_vae,-1125.5469614352405
11001009507__11001009508,noncontrastive_vae,2140.2170421924184
11001009507__24033805000,noncontrastive_vae,-1193.1887821868586
11001009508__11001009509,noncontrastive_vae,4515.197869590931
11001009508__24033804900,noncontrastive_vae,-5380.929349707536
11001009508__24033805000,noncontrastive_vae,-2477.053187463286
11001009601__11001011100,noncontrastive_vae,-3259.6374271656096
11001009601__24033803100,noncontrastive_vae,57.066588944901014
11001009601__24033804300,noncontrastive_vae,-3460.065536932758
11001009810__11001009811,noncontrastive_vae,-1211.0530595555538
11001009810__11001010900,noncontrastive_vae,-2105.4830075733335
11001009811__11001010900,noncontrastive_vae,-2420.909911999999
11001009902__24033802502,noncontrastive_vae,1644.4315576968047
11001009903__11001009905,noncontrastive_vae,-5024.786426640489
11001009903__24033802700,noncontrastive_vae,-1991.387950232369
11001010300__24031701800,noncontrastive_vae,-1229.219742684445
11001010300__24031702500,noncontrastive_vae,6185.077605632403
11001010900__24033801500,noncontrastive_vae,11942.091455053589
11001011100__24033804400,noncontrastive_vae,-3423.574085187842
11001011100__24033804700,noncontrastive_vae,-1783.4761655121947
24001000100__24001000200,noncontrastive_vae,-60.533396113818526
24001000100__24043010700,noncontrastive_vae,-9843.059000057381
24001000200__24001000300,noncontrastive_vae,-271.2210611911114
24001000200__24001000400,noncontrastive_vae,1081.8921471860765
24001000200__24001000500,noncontrastive_vae,14072.002781884032
24001000200__24001000600,noncontrastive_vae,-4939.195611712677
24001000200__24001000700,noncontrastive_vae,-958.308756819968
24001000200__24001000800,noncontrastive_vae,-3425.6361031887263
24001000300__24001000400,noncontrastive_vae,1530.2121417130102
24001000300__24001001000,noncontrastive_vae,-2171.9268960516292
24001000300__24001001200,noncontrastive_vae,585.9408845950747
24001000300__24001001502,noncontrastive_vae,455.97145827614804
24001000400__24001000500,noncontrastive_vae,4651.693591772972
24001000400__24001001000,noncontrastive_vae,2136.0837652051496
24001000500__24001000600,noncontrastive_vae,-1426.3663757325867
24001000500__24001000800,noncontrastive_vae,-754.5139374142973
24001000500__24001001000,noncontrastive_vae,3376.7939234094956
24001000600__24001000700,noncontrastive_vae,5492.1169929706575
24001000600__24001000800,noncontrastive_vae,3719.19782102562
24001000700__24001000800,noncontrastive_vae,-2015.583377723613
24001000800__24001001000,noncontrastive_vae,150.58100943210593
24001000800__24001001100,noncontrastive_vae,-26.911964380960853
24001001000__24001001100,noncontrastive_vae,4552.810578178243
24001001100__24001001200,noncontrastive_vae,11126.07058184317
24001001200__24001001300,noncontrastive_vae,-883.003599310925
24001001200__24001001402,noncontrastive_vae,-7001.282802631686
24001001200__24001001502,noncontrastive_vae,550.9027036526604
24001001300__24001001401,noncontrastive_vae,-1977.760159274535
24001001300__24001001402,noncontrastive_vae,-736.903542841018
24001001300__24001002000,noncontrastive_vae,1822.7816897591201
24001001401__24001001402,noncontrastive_vae,-1814.38423243308
24001001401__24001001502,noncontrastive_vae,2344.663506821562
24001001401__24001001700,noncontrastive_vae,2587.0298926204196
24001001401__24001001900,noncontrastive_vae,3133.5081007397393
24001001401__24001002000,noncontrastive_vae,5780.506836741568
24001001402__24001001502,noncontrastive_vae,492.78390482599207
24001001503__24001001600,noncontrastive_vae,-639.1020100751591
24001001503__24001001700,noncontrastive_vae,-353.2029669097865
24001001600__24001001700,noncontrastive_vae,-10602.955077717963
24001001600__24001001800,noncontrastive_vae,-3913.9308692922386
24001001600__24023000300,noncontrastive_vae,1536.0969317346207
24001001700__24001001800,noncontrastive_vae,-3290.2394381658796
24001001700__24001001900,noncontrastive_vae,1911.7507492074583
24001001800__24001001900,noncontrastive_vae,4445.593649352973
24001001800__24023000300,noncontrastive_vae,96.06193411640834
24001001900__24001002100,noncontrastive_vae,-1472.6951589917098
24001002100__24001002200,noncontrastive_vae,-843.8030220288497
24001002200__24023000300,noncontrastive_vae,204.77838090018759
24003701101__24003701102,noncontrastive_vae,-1284.2821820452264
24003701101__24003701300,noncontrastive_vae,-3529.840739809675
24003701101__24003702300,noncontrastive_vae,256.5698198011378
24003701102__24003701200,noncontrastive_vae,371.7340528224813
24003701102__24003701400,noncontrastive_vae,3197.666192934521
24003701200__24003701400,noncontrastive_vae,-7643.5486513570795
24003701300__24003701400,noncontrastive_vae,-12172.461935516949
24003701300__24003702300,noncontrastive_vae,10530.655116285157
24003701300__24003708004,noncontrastive_vae,202.49968266359065
24003701300__24033800507,noncontrastive_vae,2226.052603898155
24003701400__24003708004,noncontrastive_vae,-2324.2711993094235
24003702100__24003702402,noncontrastive_vae,11633.642020784977
24003702100__24003702702,noncontrastive_vae,57140.50435942253
24003702100__24003740800,noncontrastive_vae,30417.63128011547
24003702100__24003751600,noncontrastive_vae,13705.676066349017
24003702100__24003751700,noncontrastive_vae,-23738.40419125739
24003702204__24003702205,noncontrastive_vae,222.00709743463085
24003702204__24003702206,noncontrastive_vae,-2091.992357182873
24003702204__24003702300,noncontrastive_vae,-7409.262534993468
24003702204__24003740702,noncontrastive_vae,-2600.802987612915
24003702204__24003751700,noncontrastive_vae,-2088.54226626156
24003702204__24033800401,noncontrastive_vae,-218.22898626963433
24003702204__24033800504,noncontrastive_vae,1371.3133561429859
24003702205__24003702206,noncontrastive_vae,1692.8810714598112
24003702205__24003702209,noncontrastive_vae,-4731.209397369919
24003702205__24003740702,noncontrastive_vae,10006.956805482674
24003702206__24003702208,noncontrastive_vae,5089.2100583543615
24003702206__24003702209,noncontrastive_vae,4416.191328440364
24003702206__24003751700,noncontrastive_vae,18387.07985985069
24003702208__24003702209,noncontrastive_vae,1792.0688480973404
24003702208__24003740702,noncontrastive_vae,-10309.674020082311
24003702208__24003740800,noncontrastive_vae,6891.836077198594
24003702209__24003740702,noncontrastive_vae,-14946.183045108075
24003702300__24003751700,noncontrastive_vae,14666.789356924233
24003702300__24033800504,noncontrastive_vae,-6007.619406433325
24003702402__24003702500,noncontrastive_vae,-16105.49496261109
24003702402__24003702701,noncontrastive_vae,-2255.721610591281
24003702402__24003702702,noncontrastive_vae,24065.69175436344
24003702402__24003706500,noncontrastive_vae,5770.917961292173
24003702402__24003751600,noncontrastive_vae,-62473.41780378946
24003702500__24003702601,noncontrastive_vae,-7999.163922822168
24003702500__24003706500,noncontrastive_vae,196.53812710651255
24003702601__24003702602,noncontrastive_vae,-71.12180462753895
24003702601__24003706401,noncontrastive_vae,7313.314811565666
24003702602__24003706301,noncontrastive_vae,11254.641539052074
24003702602__24003706401,noncontrastive_vae,443.23961455069366
24003702701__24003702702,noncontrastive_vae,62348.637136307836
24003702701__24003706500,noncontrastive_vae,-4845.758733557595
24003702701__24003706600,noncontrastive_vae,-30269.16777833266
24003706101__24003706302,noncontrastive_vae,1767.783745512319
24003706101__24003706402,noncontrastive_vae,-886.7338838451287
24003706101__24003706500,noncontrastive_vae,2167.872228632703
24003706101__24003706700,noncontrastive_vae,-2084.8947863638277
24003706301__24003706302,noncontrastive_vae,-810.9258604896786
24003706301__24003706401,noncontrastive_vae,1368.5450581659861
24003706302__24003706401,noncontrastive_vae,673.6039357028585
24003706302__24003706402,noncontrastive_vae,92.98626474565754
24003706401__24003706402,noncontrastive_vae,2884.355970949695
24003706401__24003706500,noncontrastive_vae,2128.6688799148615
24003706500__24003706600,noncontrastive_vae,12813.623840590757
24003706600__24003706700,noncontrastive_vae,-2360.9197287830284
24003707001__24003707002,noncontrastive_vae,-144.51548060268033
24003707001__24003708001,noncontrastive_vae,-294.96840259531905
24003707002__24003708001,noncontrastive_vae,-1165.0078248193813
24003708001__24003708004,noncontrastive_vae,-292.0209745116035
24003708001__24009860200,noncontrastive_vae,1605.7989799685665
24003708001__24009860300,noncontrastive_vae,817.0030723335622
24003708004__24009860101,noncontrastive_vae,289.093606366494
24003708004__24009860102,noncontrastive_vae,2335.207972197646
24003708004__24033800601,noncontrastive_vae,-2305.4885349319775
24003708004__24033800605,noncontrastive_vae,-98.26861224828372
24003730100__24003730203,noncontrastive_vae,3598.426329846713
24003730100__24003730204,noncontrastive_vae,-551.9368529605817
24003730100__24003731308,noncontrastive_vae,-629.1202589785644
24003730100__24003731309,noncontrastive_vae,-679.3969191490651
24003730100__24003731311,noncontrastive_vae,8258.455482600646
24003730100__24510250500,noncontrastive_vae,-10562.107387735312
24003730203__24003730204,noncontrastive_vae,3903.293062778175
24003730203__24003730300,noncontrastive_vae,-7047.325227793597
24003730203__24003730402,noncontrastive_vae,-3362.5344020859357
24003730203__24003731204,noncontrastive_vae,-5278.538419262697
24003730203__24003751103,noncontrastive_vae,8329.118358849319
24003730204__24003731204,noncontrastive_vae,5634.239085486046
24003730204__24003731311,noncontrastive_vae,6050.463135293663
24003730300__24003730401,noncontrastive_vae,-914.9507252858239
24003730300__24003730402,noncontrastive_vae,-3870.69755117991
24003730300__24003751000,noncontrastive_vae,-4036.495883301981
24003730300__24003751103,noncontrastive_vae,-1156.570699948301
24003730401__24003730402,noncontrastive_vae,14452.504613320212
24003730401__24003730506,noncontrastive_vae,-2336.682253493178
24003730401__24003740201,noncontrastive_vae,-12084.555516874752
24003730401__24003750900,noncontrastive_vae,12927.278195935614
24003730401__24003751000,noncontrastive_vae,-883.3500000133772
24003730402__24003730502,noncontrastive_vae,-11405.549914895033
24003730402__24003730506,noncontrastive_vae,-1100.4592982716276
24003730402__24003731204,noncontrastive_vae,-2016.9155109310705
24003730502__24003730504,noncontrastive_vae,20565.693887467634
24003730502__24003730506,noncontrastive_vae,-13980.766468775502
24003730502__24003730603,noncontrastive_vae,-1402.3356851344251
24003730502__24003731204,noncontrastive_vae,2899.710036768305
24003730504__24003730505,noncontrastive_vae,-8223.959901046806
24003730504__24003730601,noncontrastive_vae,30631.434159185137
24003730504__24003730603,noncontrastive_vae,8505.720206797945
24003730504__24003741000,noncontrastive_vae,-7158.2394027056
24003730505__24003740201,noncontrastive_vae,-15495.016973370439
24003730505__24003741000,noncontrastive_vae,3437.5816219846165
24003730506__24003740201,noncontrastive_vae,1709.0776330157296
24003730601__24003741000,noncontrastive_vae,-23158.526580414735
24003730603__24003730604,noncontrastive_vae,17845.751709958167
24003730603__24003731203,noncontrastive_vae,-2650.6862749398915
24003730603__24003731204,noncontrastive_vae,-4460.409045781955
24003730604__24003730700,noncontrastive_vae,25573.608931137467
24003730604__24003731203,noncontrastive_vae,-5513.559751257577
24003730700__24003730800,noncontrastive_vae,-18212.8690148647
24003730700__24003731201,noncontrastive_vae,758.7229243012553
24003730700__24003731203,noncontrastive_vae,-5095.154284651042
24003730800__24003730901,noncontrastive_vae,-6623.803889222734
24003730800__24003731103,noncontrastive_vae,-1902.8746389337466
24003730800__24003731105,noncontrastive_vae,-2965.4579233146724
24003730800__24003731201,noncontrastive_vae,-3230.012712349344
24003730901__24003730902,noncontrastive_vae,6625.849339843306
24003730901__24003731103,noncontrastive_vae,102.46424065550673
24003730902__24003731002,noncontrastive_vae,5682.885546198289
24003730902__24003731003,noncontrastive_vae,3431.603706201384
24003730902__24003731004,noncontrastive_vae,2129.697491967585
24003730902__24003731103,noncontrastive_vae,2265.9755907611034
24003731002__24003731003,noncontrastive_vae,-158.5339587235594
24003731003__24003731004,noncontrastive_vae,-2016.1348085004283
24003731102__24003731103,noncontrastive_vae,-2689.417917966468
24003731102__24003731104,noncontrastive_vae,9628.78812685519
24003731103__24003731104,noncontrastive_vae,-3039.3215704357262
24003731103__24003731105,noncontrastive_vae,-7135.258203287252
24003731104__24003731105,noncontrastive_vae,8175.428590317617
24003731105__24003731201,noncontrastive_vae,-6039.127333886958
24003731201__24003731203,noncontrastive_vae,-7905.543960090305
24003731202__24003731203,noncontrastive_vae,2595.2795326342784
24003731202__24003731204,noncontrastive_vae,9020.592598599731
24003731202__24003731303,noncontrastive_vae,63.341345693443145
24003731202__24003731307,noncontrastive_vae,-4866.229635438865
24003731203__24003731204,noncontrastive_vae,-15339.275045082206
24003731204__24003731307,noncontrastive_vae,1053.4520007736646
24003731204__24003731311,noncontrastive_vae,5406.978902650695
24003731303__24003731307,noncontrastive_vae,-2498.314952399538
24003731306__24003731307,noncontrastive_vae,3280.7827200800784
24003731306__24003731309,noncontrastive_vae,4086.3170884253414
24003731307__24003731309,noncontrastive_vae,4807.151013233209
24003731307__24003731310,noncontrastive_vae,4275.828952464147
24003731307__24003731311,noncontrastive_vae,-2010.455426345361
24003731308__24003731309,noncontrastive_vae,1608.0071804484796
24003731309__24003731310,noncontrastive_vae,3380.8653440208764
24003740102__24003740103,noncontrastive_vae,56205.00669601311
24003740102__24003740400,noncontrastive_vae,59761.61348519102
24003740102__24003740500,noncontrastive_vae,-7901.931541602578
24003740102__24003740601,noncontrastive_vae,-53226.48328400364
24003740102__24003751200,noncontrastive_vae,-33552.935621691344
24003740102__24003751500,noncontrastive_vae,-3452.0662353240477
24003740102__24027601203,noncontrastive_vae,88403.09496134082
24003740102__24027606901,noncontrastive_vae,12516.550705014077
24003740103__24003740104,noncontrastive_vae,45742.344704031355
24003740103__24003740602,noncontrastive_vae,1861.6009698388543
24003740103__24003751200,noncontrastive_vae,17423.934934641155
24003740103__24003751400,noncontrastive_vae,-9567.312544893939
24003740104__24003740105,noncontrastive_vae,25375.735858726883
24003740104__24003740305,noncontrastive_vae,-4399.492876228522
24003740104__24003740602,noncontrastive_vae,17945.186773234105
24003740104__24003751400,noncontrastive_vae,-5167.069451401266
24003740105__24003740303,noncontrastive_vae,32521.03385880952
24003740105__24003740305,noncontrastive_vae,12952.69600335697
24003740201__24003740203,noncontrastive_vae,16380.904544385023
24003740201__24003741000,noncontrastive_vae,-2567.0250721251414
24003740201__24003751400,noncontrastive_vae,43200.035146481976
24003740203__24003740303,noncontrastive_vae,43012.627799330774
24003740203__24003741000,noncontrastive_vae,54651.12441841259
24003740203__24003751400,noncontrastive_vae,22828.558054994526
24003740303__24003740304,noncontrastive_vae,8914.173199990164
24003740303__24003751400,noncontrastive_vae,-2854.766622861607
24003740304__24003740305,noncontrastive_vae,-26016.53521560569
24003740304__24003740603,noncontrastive_vae,-3145.5852324601947
24003740304__24003740701,noncontrastive_vae,-5502.512663705329
24003740304__24003740900,noncontrastive_vae,4008.1186995601165
24003740304__24003741000,noncontrastive_vae,32762.08225906128
24003740305__24003740602,noncontrastive_vae,1295.584351014042
24003740305__24003740603,noncontrastive_vae,26452.99299590026
24003740400__24027606901,noncontrastive_vae,43206.38676566197
24003740500__24003751500,noncontrastive_vae,-57819.878800498904
24003740500__24027606904,noncontrastive_vae,-14452.372452799656
24003740500__24027606905,noncontrastive_vae,35169.892978334654
24003740500__24027606906,noncontrastive_vae,-586.717677050674
24003740500__24027606907,noncontrastive_vae,576.4921162384871
24003740500__24033800103,noncontrastive_vae,2060.5184890896344
24003740601__24003740602,noncontrastive_vae,43855.87795115875
24003740601__24003740603,noncontrastive_vae,36562.71647458048
24003740601__24003751500,noncontrastive_vae,-6369.623972691737
24003740602__24003740603,noncontrastive_vae,39275.61889643798
24003740603__24003740702,noncontrastive_vae,48312.94434673385
24003740603__24003751500,noncontrastive_vae,57826.78480464542
24003740603__24033800206,noncontrastive_vae,-11028.77934233284
24003740701__24003740900,noncontrastive_vae,22517.885660799086
24003740702__24003740800,noncontrastive_vae,7980.5068886271765
24003740702__24003740900,noncontrastive_vae,2355.529630492216
24003740702__24033800401,noncontrastive_vae,2224.3777785867205
24003740800__24003740900,noncontrastive_vae,21499.415103507643
24003740800__24003741000,noncontrastive_vae,53832.70314679137
24003740800__24003751700,noncontrastive_vae,-39179.40632646094
24003740900__24003741000,noncontrastive_vae,1126.0822562131425
24003750101__24003750102,noncontrastive_vae,-3972.0842056561887
24003750101__24003750202,noncontrastive_vae,1088.514865135976
24003750101__24003750203,noncontrastive_vae,-310.5288190714273
24003750101__24510250401,noncontrastive_vae,564.7683473050984
24003750101__24510250500,noncontrastive_vae,1884.3914338286681
24003750102__24003750201,noncontrastive_vae,3541.9106375403853
24003750102__24003750202,noncontrastive_vae,6067.876178500512
24003750102__24005980100,noncontrastive_vae,-7126.9142425009195
24003750102__24510250401,noncontrastive_vae,-1433.4841236370994
24003750201__24003750202,noncontrastive_vae,-8566.566292597403
24003750201__24003750300,noncontrastive_vae,-8436.503138639197
24003750201__24003750400,noncontrastive_vae,-5441.122467046196
24003750201__24005430104,noncontrastive_vae,-63.085777877387955
24003750201__24005980100,noncontrastive_vae,3369.3144996317515
24003750202__24003750203,noncontrastive_vae,-3251.068510916288
24003750202__24003750803,noncontrastive_vae,-7737.965404573799
24003750203__24003751102,noncontrastive_vae,-8561.858062445506
24003750203__24510250500,noncontrastive_vae,3615.733685386771
24003750300__24003750400,noncontrastive_vae,-872.6504735993803
24003750300__24003751200,noncontrastive_vae,-1346.1065799921053
24003750300__24005430101,noncontrastive_vae,-889.3992038339784
24003750300__24005430300,noncontrastive_vae,-8210.627672367118
24003750400__24003750801,noncontrastive_vae,-14588.527614027007
24003750400__24003750803,noncontrastive_vae,-6475.275667701913
24003750400__24003751200,noncontrastive_vae,-17428.225766419753
24003750400__24003980000,noncontrastive_vae,2028.0312837583642
24003750801__24003750803,noncontrastive_vae,-13025.850583261636
24003750801__24003750804,noncontrastive_vae,-2187.264732767122
24003750801__24003750900,noncontrastive_vae,-16538.86129641484
24003750801__24003980000,noncontrastive_vae,16918.30516365602
24003750803__24003750804,noncontrastive_vae,230.72402927541043
24003750803__24003751102,noncontrastive_vae,-6287.10018412854
24003750804__24003750900,noncontrastive_vae,-6280.128308442789
24003750804__24003751102,noncontrastive_vae,-10801.414679549533
24003750900__24003751000,noncontrastive_vae,-14160.657109777043
24003750900__24003751102,noncontrastive_vae,-1385.4786663662708
24003750900__24003751400,noncontrastive_vae,-2356.292328223266
24003751000__24003751102,noncontrastive_vae,-4501.806713829701
24003751000__24003751103,noncontrastive_vae,-3477.0570372144684
24003751102__24003751103,noncontrastive_vae,9240.195476738023
24003751102__24510250500,noncontrastive_vae,-424.92477210655125
24003751200__24003751400,noncontrastive_vae,-13095.830677962353
24003751200__24003980000,noncontrastive_vae,60363.992929087224
24003751200__24005430300,noncontrastive_vae,164.52728058231878
24003751200__24005430600,noncontrastive_vae,-2827.0571085911524
24003751200__24005980200,noncontrastive_vae,-27046.75678648398
24003751200__24027601201,noncontrastive_vae,18753.299013521973
24003751200__24027601203,noncontrastive_vae,-14560.526148439138
24003751200__24027601204,noncontrastive_vae,24709.584626226202
24003751400__24003980000,noncontrastive_vae,45777.954823384636
24003751500__24033800103,noncontrastive_vae,-7986.7080107105285
24003751500__24033800206,noncontrastive_vae,318.7640105277469
24003751500__24033800211,noncontrastive_vae,10300.292240555478
24005400100__24005400200,noncontrastive_vae,6660.726328286306
24005400100__24005430900,noncontrastive_vae,-9454.30306299639
24005400100__24005492500,noncontrastive_vae,4508.9517231748105
24005400100__24510250103,noncontrastive_vae,-10375.529663964848
24005400200__24005400400,noncontrastive_vae,-3325.8745147579903
24005400200__24005400600,noncontrastive_vae,-5263.0612576157255
24005400200__24510250101,noncontrastive_vae,8857.180767752638
24005400400__24005400500,noncontrastive_vae,20328.609765025547
24005400400__24005400800,noncontrastive_vae,-7059.927651798629
24005400400__24005401000,noncontrastive_vae,-2791.797666477636
24005400400__24005430600,noncontrastive_vae,-9581.720649548079
24005400400__24005430700,noncontrastive_vae,-3506.3113638354407
24005400400__24005492500,noncontrastive_vae,15707.332553928805
24005400500__24005401000,noncontrastive_vae,2085.3144807920326
24005400500__24005401400,noncontrastive_vae,13800.70834659419
24005400500__24027601104,noncontrastive_vae,23471.095457784526
24005400600__24005400701,noncontrastive_vae,-1009.0555847647047
24005400600__24005400702,noncontrastive_vae,-1553.5115049050528
24005400600__24005400800,noncontrastive_vae,5271.356179407187
24005400600__24510280403,noncontrastive_vae,-1155.5752496093482
24005400701__24005400702,noncontrastive_vae,3347.231248482385
24005400701__24005400800,noncontrastive_vae,18661.56336248404
24005400701__24005401101,noncontrastive_vae,-10415.46460516451
24005400701__24005401301,noncontrastive_vae,4424.707140404458
24005400702__24005401301,noncontrastive_vae,1517.756723677886
24005400702__24005401302,noncontrastive_vae,-5522.877256860174
24005400702__24510280403,noncontrastive_vae,381.1925553616329
24005400800__24005400900,noncontrastive_vae,-12593.30913260346
24005400800__24005401000,noncontrastive_vae,-5406.681581559747
24005400800__24005401505,noncontrastive_vae,-1380.298831434755
24005400900__24005401000,noncontrastive_vae,8174.730053605625
24005400900__24005401503,noncontrastive_vae,3484.8385735373886
24005400900__24005401505,noncontrastive_vae,-4434.4865211492
24005401000__24005401400,noncontrastive_vae,-4744.215497604526
24005401101__24005401102,noncontrastive_vae,-8339.087884481967
24005401101__24005401301,noncontrastive_vae,895.2211548721971
24005401101__24005401505,noncontrastive_vae,-4844.309690351773
24005401102__24005401200,noncontrastive_vae,12815.763626379194
24005401102__24005401301,noncontrastive_vae,-5438.464718920415
24005401102__24005401507,noncontrastive_vae,-11513.486371583946
24005401102__24005402405,noncontrastive_vae,5552.183637510669
24005401200__24005401301,noncontrastive_vae,1011.6790654032357
24005401200__24005402403,noncontrastive_vae,-9837.307300461787
24005401200__24005402405,noncontrastive_vae,1500.3142698400352
24005401200__24510280200,noncontrastive_vae,-340.47847943483066
24005401200__24510280301,noncontrastive_vae,-8762.26698599055
24005401301__24005401302,noncontrastive_vae,-12083.848418574169
24005401301__24510280301,noncontrastive_vae,-2259.850992973399
24005401301__24510280401,noncontrastive_vae,-2456.104633530187
24005401302__24510280401,noncontrastive_vae,3208.5060342807083
24005401400__24005401503,noncontrastive_vae,12874.148339996827
24005401400__24027602700,noncontrastive_vae,10028.903952712208
24005401503__24005401504,noncontrastive_vae,-7489.14020519601
24005401503__24027602800,noncontrastive_vae,-3000.985167868579
24005401504__24005401505,noncontrastive_vae,493.6812947574581
24005401504__24005401506,noncontrastive_vae,-15147.955166810556
24005401504__24005401507,noncontrastive_vae,-10233.95404657592
24005401505__24005401507,noncontrastive_vae,-15087.75998568401
24005401506__24005401507,noncontrastive_vae,3694.275316632935
24005401506__24005402202,noncontrastive_vae,8188.681556577514
24005401506__24005402406,noncontrastive_vae,7113.605457804457
24005401507__24005402407,noncontrastive_vae,5620.551343499128
24005402201__24005402202,noncontrastive_vae,18685.870618160225
24005402201__24005402504,noncontrastive_vae,24376.57887588998
24005402201__24005404101,noncontrastive_vae,13617.259020032358
24005402201__24005404800,noncontrastive_vae,14900.995740262962
24005402201__24005492401,noncontrastive_vae,-1172.8890912267216
24005402201__24005492402,noncontrastive_vae,-8229.954417128394
24005402201__24013505102,noncontrastive_vae,30113.597726848162
24005402201__24013505206,noncontrastive_vae,26608.60726472424
24005402201__24027603001,noncontrastive_vae,6684.154496861067
24005402202__24005402406,noncontrastive_vae,-576.4702666229696
24005402202__24005402504,noncontrastive_vae,10936.93587465871
24005402202__24027603001,noncontrastive_vae,3206.348700945795
24005402302__24005402303,noncontrastive_vae,-2574.5767567380535
24005402302__24005402306,noncontrastive_vae,5081.000666174405
24005402302__24005402407,noncontrastive_vae,10655.758518596183
24005402303__24005402304,noncontrastive_vae,5146.044643223875
24005402303__24005402307,noncontrastive_vae,-324.2955333814316
24005402303__24005402407,noncontrastive_vae,4639.680365140037
24005402304__24005402305,noncontrastive_vae,-3583.9142669752327
24005402304__24005402404,noncontrastive_vae,7593.93563326092
24005402304__24005402405,noncontrastive_vae,2392.4450709249368
24005402305__24005402307,noncontrastive_vae,5834.432156241179
24005402305__24005402403,noncontrastive_vae,-677.6268662697112
24005402305__24005402404,noncontrastive_vae,-2144.7664714981147
24005402305__24005402604,noncontrastive_vae,-4913.800110618853
24005402305__24005403100,noncontrastive_vae,2327.2487094893295
24005402305__24005403300,noncontrastive_vae,-7165.581563551299
24005402306__24005402307,noncontrastive_vae,4126.920126955552
24005402306__24005402602,noncontrastive_vae,6159.980368635312
24005402306__24005402604,noncontrastive_vae,7571.742265505502
24005402307__24005402604,noncontrastive_vae,-5735.051157032394
24005402403__24005402404,noncontrastive_vae,-9421.419594960342
24005402403__24005403100,noncontrastive_vae,142.86886028018398
24005402403__24005403202,noncontrastive_vae,-6111.998438879171
24005402403__24510280200,noncontrastive_vae,4189.325420029301
24005402404__24005402405,noncontrastive_vae,1431.0381448439293
24005402405__24005402407,noncontrastive_vae,3384.915532402196
24005402406__24005402407,noncontrastive_vae,4083.1273704249106
24005402503__24005402504,noncontrastive_vae,19350.64640332215
24005402503__24005402506,noncontrastive_vae,1685.1503367420373
24005402503__24005402602,noncontrastive_vae,-4872.7915816420555
24005402503__24005402604,noncontrastive_vae,-3214.60712145023
24005402504__24005402505,noncontrastive_vae,-3865.3434043527186
24005402504__24005492401,noncontrastive_vae,-680.5306205018805
24005402505__24005402506,noncontrastive_vae,1868.5575022266712
24005402505__24005402509,noncontrastive_vae,4330.174717357269
24005402505__24005492401,noncontrastive_vae,2088.866925330265
24005402506__24005402509,noncontrastive_vae,1370.7468033664245
24005402506__24005402604,noncontrastive_vae,-2636.956865415672
24005402509__24005402603,noncontrastive_vae,2081.354062583865
24005402509__24005404101,noncontrastive_vae,21.990735691069858
24005402602__24005402604,noncontrastive_vae,-11364.236598846524
24005402603__24005402604,noncontrastive_vae,11035.507906155894
24005402603__24005403702,noncontrastive_vae,169.1255904428981
24005402604__24005403702,noncontrastive_vae,478.3025496040282
24005403100__24005403201,noncontrastive_vae,-1379.0496631015958
24005403100__24005403202,noncontrastive_vae,-3213.327363865421
24005403100__24005403300,noncontrastive_vae,-5410.878351746651
24005403201__24005403202,noncontrastive_vae,-1156.1764033633299
24005403201__24005403300,noncontrastive_vae,2287.462701571556
24005403201__24005403402,noncontrastive_vae,759.620591548508
24005403201__24510280101,noncontrastive_vae,1128.3223121591782
24005403202__24510280102,noncontrastive_vae,-3775.3406509036977
24005403300__24005403401,noncontrastive_vae,-5235.098462668266
24005403300__24005403402,noncontrastive_vae,1980.0743527683353
24005403300__24005403702,noncontrastive_vae,-1658.1593106699875
24005403401__24005403402,noncontrastive_vae,3712.52784095431
24005403401__24005403702,noncontrastive_vae,-7050.45548537682
24005403402__24005403500,noncontrastive_vae,1008.3902728703943
24005403402__24005403701,noncontrastive_vae,-64.90021066175541
24005403402__24005403803,noncontrastive_vae,-3324.216226576522
24005403402__24510272007,noncontrastive_vae,-3391.2611476005295
24005403402__24510280101,noncontrastive_vae,6909.0848514709305
24005403500__24005403601,noncontrastive_vae,-5985.289221478608
24005403500__24005403803,noncontrastive_vae,2942.8738077819144
24005403500__24510272004,noncontrastive_vae,-1875.5519404257757
24005403500__24510272005,noncontrastive_vae,1616.4915442990168
24005403601__24005403602,noncontrastive_vae,1133.2894154715323
24005403601__24005403803,noncontrastive_vae,4326.697780836112
24005403601__24005490400,noncontrastive_vae,6631.215821998798
24005403601__24510272003,noncontrastive_vae,1793.6870877726524
24005403602__24005490400,noncontrastive_vae,-785.1585448866535
24005403602__24005490500,noncontrastive_vae,-396.707326089856
24005403602__24510271501,noncontrastive_vae,-6366.018133183865
24005403701__24005403702,noncontrastive_vae,-5488.569102299865
24005403701__24005403801,noncontrastive_vae,8452.158725403493
24005403701__24005403802,noncontrastive_vae,6233.431027928611
24005403701__24005404202,noncontrastive_vae,-503.88256968485075
24005403701__24005404900,noncontrastive_vae,6038.618600545269
24005403702__24005404101,noncontrastive_vae,-1424.3775086665191
24005403702__24005404102,noncontrastive_vae,-3076.562003525367
24005403702__24005404202,noncontrastive_vae,-249.1356873656623
24005403801__24005403802,noncontrastive_vae,2044.211801117388
24005403801__24005408302,noncontrastive_vae,-1324.9881533485495
24005403801__24005408303,noncontrastive_vae,-1454.9852279443344
24005403801__24005408704,noncontrastive_vae,-1000.1012835442925
24005403801__24005490400,noncontrastive_vae,-34.67727233942787
24005403802__24005403803,noncontrastive_vae,-4343.922942107543
24005403802__24005490400,noncontrastive_vae,-2889.3725926385378
24005403803__24005490400,noncontrastive_vae,10463.973149868756
24005404101__24005404102,noncontrastive_vae,-2601.1026106398276
24005404101__24005404403,noncontrastive_vae,-2550.1220482866484
24005404101__24005404800,noncontrastive_vae,22479.104906059933
24005404101__24005492402,noncontrastive_vae,14190.269653888594
24005404102__24005404201,noncontrastive_vae,-964.455469159293
24005404102__24005404202,noncontrastive_vae,-2913.2040750980304
24005404102__24005404403,noncontrastive_vae,-5169.113818796297
24005404201__24005404202,noncontrastive_vae,-724.292889561093
24005404201__24005404501,noncontrastive_vae,1001.2283464849243
24005404201__24005404502,noncontrastive_vae,-1712.4081562562897
24005404202__24005404900,noncontrastive_vae,14096.58814708345
24005404402__24005404404,noncontrastive_vae,-2053.75233215325
24005404402__24005404600,noncontrastive_vae,5277.693828215552
24005404402__24005404900,noncontrastive_vae,5197.4639973083795
24005404403__24005404404,noncontrastive_vae,-2290.54178657954
24005404403__24005404501,noncontrastive_vae,-342.35948578086754
24005404403__24005404502,noncontrastive_vae,1498.7312623984908
24005404404__24005404501,noncontrastive_vae,4153.263760867583
24005404404__24005404600,noncontrastive_vae,-610.7631623593552
24005404404__24005404800,noncontrastive_vae,-4315.98189981615
24005404501__24005404502,noncontrastive_vae,-1499.1623173576772
24005404600__24005404800,noncontrastive_vae,-3428.680887450697
24005404600__24005404900,noncontrastive_vae,692.5049324468728
24005404600__24005405000,noncontrastive_vae,10271.995743568992
24005404600__24013504100,noncontrastive_vae,-9198.912607685033
24005404800__24013504201,noncontrastive_vae,-27548.70634905104
24005404900__24005408303,noncontrastive_vae,9118.174727541043
24005405000__24005406000,noncontrastive_vae,501.41416599568765
24005405000__24005407001,noncontrastive_vae,6075.556518147485
24005405000__24005408200,noncontrastive_vae,4140.923408613362
24005405000__24013508101,noncontrastive_vae,3128.1636527424253
24005405000__24013508102,noncontrastive_vae,3617.696235522023
24005406000__24005407001,noncontrastive_vae,1221.7041424739818
24005406000__24005407002,noncontrastive_vae,-327.3022729372533
24005407001__24005407002,noncontrastive_vae,3065.628797354312
24005407001__24005408100,noncontrastive_vae,3427.5687412944044
24005407001__24005410100,noncontrastive_vae,-1247.2229237427528
24005407002__24025304102,noncontrastive_vae,876.519855344869
24005408100__24005408200,noncontrastive_vae,-1090.67155271308
24005408100__24005408400,noncontrastive_vae,12901.838775787583
24005408100__24005408900,noncontrastive_vae,9509.345427247783
24005408100__24005410100,noncontrastive_vae,3385.228563215289
24005408200__24005408303,noncontrastive_vae,-335.7768516018623
24005408200__24005408304,noncontrastive_vae,5919.71450781101
24005408200__24005408400,noncontrastive_vae,5813.352097691015
24005408302__24005408303,noncontrastive_vae,-4808.356248928916
24005408302__24005408304,noncontrastive_vae,-17241.16501706419
24005408302__24005408703,noncontrastive_vae,-2714.503713948092
24005408302__24005408704,noncontrastive_vae,4571.551002762113
24005408303__24005408304,noncontrastive_vae,1116.5200256735698
24005408304__24005408400,noncontrastive_vae,18556.299699975614
24005408304__24005408703,noncontrastive_vae,-15151.43354742894
24005408400__24005408503,noncontrastive_vae,-7986.156330821494
24005408400__24005408505,noncontrastive_vae,14010.535936770539
24005408400__24005408900,noncontrastive_vae,17803.073426594157
24005408502__24005408505,noncontrastive_vae,-1136.4701131060228
24005408502__24005408506,noncontrastive_vae,4605.419353249135
24005408502__24005408601,noncontrastive_vae,5201.362356039948
24005408502__24005408602,noncontrastive_vae,-1416.4837091890367
24005408502__24005408900,noncontrastive_vae,-2670.924674057861
24005408502__24005490100,noncontrastive_vae,-718.2922920384954
24005408503__24005408505,noncontrastive_vae,-38143.41532524966
24005408503__24005408506,noncontrastive_vae,8168.954259859609
24005408503__24005408507,noncontrastive_vae,-8459.746759038811
24005408503__24005408900,noncontrastive_vae,8893.676687322648
24005408505__24005408506,noncontrastive_vae,-1886.9840083229392
24005408505__24005408507,noncontrastive_vae,-3878.30470023431
24005408505__24005408601,noncontrastive_vae,-43398.350653698464
24005408505__24005408703,noncontrastive_vae,11905.136955060996
24005408505__24005408800,noncontrastive_vae,8176.832657579842
24005408506__24005408507,noncontrastive_vae,-13535.465301140088
24005408506__24005408900,noncontrastive_vae,9358.03950118802
24005408601__24005408602,noncontrastive_vae,-19389.41227634934
24005408601__24005408800,noncontrastive_vae,23804.89676035648
24005408602__24005408800,noncontrastive_vae,3547.3424872458127
24005408602__24005490100,noncontrastive_vae,-1285.836966378321
24005408602__24005490200,noncontrastive_vae,-21756.798987145405
24005408702__24005408704,noncontrastive_vae,3500.333339331555
24005408702__24005408800,noncontrastive_vae,2344.073272327427
24005408702__24005490301,noncontrastive_vae,1614.327067053644
24005408702__24005490400,noncontrastive_vae,2408.794175629595
24005408702__24005490500,noncontrastive_vae,-5320.268552116871
24005408703__24005408704,noncontrastive_vae,-15954.409918893438
24005408704__24005408800,noncontrastive_vae,11585.998734980996
24005408704__24005490400,noncontrastive_vae,-5245.522193606015
24005408800__24005490200,noncontrastive_vae,11408.206664651527
24005408900__24005410100,noncontrastive_vae,3524.331677979494
24005410100__24005410200,noncontrastive_vae,-13781.995934739556
24005410100__24025304201,noncontrastive_vae,6904.283875103212
24005410200__24005411201,noncontrastive_vae,12932.21952062478
24005410200__24005411202,noncontrastive_vae,3946.2716357945646
24005410200__24025304201,noncontrastive_vae,6938.680348812962
24005411101__24005411102,noncontrastive_vae,-15937.090418093241
24005411101__24005411201,noncontrastive_vae,854.8902490586624
24005411101__24005411202,noncontrastive_vae,7226.525050622382
24005411101__24005411409,noncontrastive_vae,749.5200752331803
24005411101__24025303400,noncontrastive_vae,-4584.849379813611
24005411102__24005411302,noncontrastive_vae,26684.67944494274
24005411102__24005411309,noncontrastive_vae,6759.649668237391
24005411102__24025301301,noncontrastive_vae,11462.624026728754
24005411102__24025301401,noncontrastive_vae,15724.991523462853
24005411102__24025303400,noncontrastive_vae,14755.733804953376
24005411201__24005411202,noncontrastive_vae,6771.383671758045
24005411201__24025303300,noncontrastive_vae,10361.270848805118
24005411201__24025304201,noncontrastive_vae,3589.8756823513268
24005411202__24005490100,noncontrastive_vae,1154.881124493415
24005411202__24005492600,noncontrastive_vae,-2119.1566898278015
24005411302__24005411307,noncontrastive_vae,-250.9829754316197
24005411302__24005411308,noncontrastive_vae,-1862.1995421263564
24005411302__24005411309,noncontrastive_vae,5376.786115761766
24005411302__24005440702,noncontrastive_vae,-643.7638248786789
24005411302__24005451701,noncontrastive_vae,-3232.567033351639
24005411302__24005451702,noncontrastive_vae,6630.566965867394
24005411303__24005411306,noncontrastive_vae,-9248.43026883911
24005411303__24005411307,noncontrastive_vae,83.40886229488206
24005411303__24005411308,noncontrastive_vae,961.3115726397518
24005411303__24005411309,noncontrastive_vae,7478.828074798628
24005411303__24005411406,noncontrastive_vae,8207.979426082537
24005411303__24005411408,noncontrastive_vae,-2649.5053826401636
24005411306__24005411307,noncontrastive_vae,-2475.16444509953
24005411306__24005411407,noncontrastive_vae,347.9036410119952
24005411306__24005411408,noncontrastive_vae,8519.971333707435
24005411306__24005440600,noncontrastive_vae,523.8331067962863
24005411307__24005411308,noncontrastive_vae,-2151.701540848917
24005411307__24005440600,noncontrastive_vae,2367.0616717977828
24005411308__24005411309,noncontrastive_vae,-1350.0451890439726
24005411309__24005411406,noncontrastive_vae,1707.1942479980244
24005411404__24005411407,noncontrastive_vae,5115.752516692708
24005411404__24005411409,noncontrastive_vae,-18512.693695027752
24005411404__24005411410,noncontrastive_vae,-2569.9922421886513
24005411404__24005492200,noncontrastive_vae,-17823.96375879686
24005411406__24005411408,noncontrastive_vae,2834.662963210536
24005411406__24005411409,noncontrastive_vae,-1052.728772698716
24005411406__24005411410,noncontrastive_vae,6049.387825171849
24005411407__24005411408,noncontrastive_vae,-7111.602308077552
24005411407__24005440100,noncontrastive_vae,6.260452040412929
24005411407__24005440300,noncontrastive_vae,5179.139618603454
24005411407__24005491900,noncontrastive_vae,6757.178274210841
24005411408__24005411410,noncontrastive_vae,3592.0609074956283
24005411409__24005411410,noncontrastive_vae,-10440.03625249982
24005420100__24005420301,noncontrastive_vae,6446.640533513342
24005420100__24005420302,noncontrastive_vae,988.6521066144815
24005420100__24005420303,noncontrastive_vae,6392.901955291978
24005420100__24005420600,noncontrastive_vae,-1554.747580010382
24005420100__24005420701,noncontrastive_vae,6999.913642943651
24005420100__24005452400,noncontrastive_vae,3390.546120407689
24005420200__24005420303,noncontrastive_vae,520.1561294548592
24005420200__24005420401,noncontrastive_vae,4911.58597006942
24005420200__24005420402,noncontrastive_vae,3226.7883294642997
24005420200__24005420800,noncontrastive_vae,2052.68307344777
24005420200__24005421101,noncontrastive_vae,-443.4044799514595
24005420200__24005421200,noncontrastive_vae,3047.646124158662
24005420301__24005420302,noncontrastive_vae,4834.862486476441
24005420301__24005452400,noncontrastive_vae,-610.8891599535946
24005420301__24005452500,noncontrastive_vae,1118.599815103009
24005420302__24005420303,noncontrastive_vae,1263.851553802473
24005420303__24005420402,noncontrastive_vae,-7567.166127018772
24005420303__24005420701,noncontrastive_vae,1623.011843259781
24005420401__24005420402,noncontrastive_vae,-4194.550707044451
24005420500__24005420600,noncontrastive_vae,-3342.6826123524133
24005420500__24005420701,noncontrastive_vae,-1380.6064462256454
24005420500__24005420702,noncontrastive_vae,-721.1021485147485
24005420500__24005452300,noncontrastive_vae,-1292.4489418227276
24005420500__24510260404,noncontrastive_vae,-596.8459103485438
24005420500__24510260501,noncontrastive_vae,-272.28488340053445
24005420500__24510260605,noncontrastive_vae,3029.788016306713
24005420600__24005420701,noncontrastive_vae,-6286.1958950463595
24005420600__24005452300,noncontrastive_vae,3181.416462074045
24005420600__24005452400,noncontrastive_vae,1265.8260611159221
24005420701__24005420702,noncontrastive_vae,-4667.066207100092
24005420701__24005420800,noncontrastive_vae,7140.08407431098
24005420702__24005420800,noncontrastive_vae,516.1374155494559
24005420702__24510260605,noncontrastive_vae,-970.4671874962314
24005420800__24005420900,noncontrastive_vae,5471.688114644006
24005420800__24005421101,noncontrastive_vae,2176.1068604147504
24005420800__24510260605,noncontrastive_vae,-1934.303138530131
24005420900__24005421000,noncontrastive_vae,-4704.000338841612
24005420900__24005421101,noncontrastive_vae,8327.558056751745
24005421000__24005421101,noncontrastive_vae,507.0323822646028
24005421000__24005421102,noncontrastive_vae,142.79125510499944
24005421000__24510260605,noncontrastive_vae,2295.5652825817087
24005421101__24005421102,noncontrastive_vae,4054.1445494969976
24005421101__24005421200,noncontrastive_vae,-84.52864990969829
24005421102__24005421200,noncontrastive_vae,-923.868320201098
24005421102__24005421300,noncontrastive_vae,-6097.966469912239
24005421200__24005421300,noncontrastive_vae,-2262.778752089198
24005430101__24005430104,noncontrastive_vae,6068.735016692299
24005430101__24005430200,noncontrastive_vae,-2860.133253546993
24005430101__24005430300,noncontrastive_vae,-3719.323689854951
24005430101__24510250205,noncontrastive_vae,-1891.0458972479264
24005430104__24005980100,noncontrastive_vae,6385.131711346941
24005430104__24510250205,noncontrastive_vae,-1683.7130112797568
24005430200__24005430300,noncontrastive_vae,3314.153331266607
24005430200__24005430400,noncontrastive_vae,-10421.026561172626
24005430200__24510250205,noncontrastive_vae,193.6831041579353
24005430300__24005430400,noncontrastive_vae,-6956.86749072891
24005430300__24005980200,noncontrastive_vae,-4332.5318800606765
24005430400__24005430600,noncontrastive_vae,8357.7398542107
24005430400__24005430700,noncontrastive_vae,4986.809812118143
24005430400__24005430800,noncontrastive_vae,291.99240219545027
24005430400__24005430900,noncontrastive_vae,3146.045673207882
24005430400__24005980200,noncontrastive_vae,-25486.467824610867
24005430400__24510250103,noncontrastive_vae,-5814.821221832433
24005430400__24510250206,noncontrastive_vae,-2060.5339308777257
24005430600__24005430700,noncontrastive_vae,-10468.116039777691
24005430600__24005980200,noncontrastive_vae,-5248.033856211498
24005430600__24027601104,noncontrastive_vae,-6313.100986440753
24005430600__24027601201,noncontrastive_vae,-12049.765626533102
24005430700__24005430800,noncontrastive_vae,14780.890893087264
24005430700__24005492500,noncontrastive_vae,5034.103659702978
24005430800__24005430900,noncontrastive_vae,-5406.174451665516
24005430800__24005492500,noncontrastive_vae,6248.1898330766635
24005430900__24005492500,noncontrastive_vae,-4661.025023252681
24005430900__24510250103,noncontrastive_vae,-2388.2235443371665
24005440100__24005440200,noncontrastive_vae,-4373.648944090295
24005440100__24005440300,noncontrastive_vae,137.36168271370116
24005440100__24005492101,noncontrastive_vae,13508.054279984062
24005440100__24005492102,noncontrastive_vae,2010.1674842986286
24005440100__24510270501,noncontrastive_vae,-8847.685461397603
24005440200__24005440300,noncontrastive_vae,5341.775883468887
24005440200__24005440400,noncontrastive_vae,3001.656326239361
24005440200__24005440500,noncontrastive_vae,6184.57819749874
24005440200__24510270501,noncontrastive_vae,-7470.6149260600505
24005440200__24510270502,noncontrastive_vae,97.13082708875936
24005440300__24005440600,noncontrastive_vae,2401.2377748695435
24005440300__24005440800,noncontrastive_vae,4535.595806615871
24005440400__24005440500,noncontrastive_vae,-745.743640210072
24005440400__24005441000,noncontrastive_vae,-746.0648427489396
24005440400__24510260101,noncontrastive_vae,-1922.4997992177814
24005440500__24005440800,noncontrastive_vae,12973.652422899962
24005440500__24005440900,noncontrastive_vae,-3836.8898370157403
24005440500__24005441000,noncontrastive_vae,543.7034015414192
24005440600__24005440701,noncontrastive_vae,4116.432649756665
24005440600__24005440702,noncontrastive_vae,-17149.10698523681
24005440600__24005440800,noncontrastive_vae,-10166.49263715827
24005440701__24005440702,noncontrastive_vae,-2961.6076918655162
24005440701__24005440800,noncontrastive_vae,325.2262270316278
24005440701__24005440900,noncontrastive_vae,-5605.592768131726
24005440701__24005451200,noncontrastive_vae,4433.937356875431
24005440702__24005451200,noncontrastive_vae,-3191.636332746986
24005440702__24005451701,noncontrastive_vae,-4794.710317367597
24005440900__24005441101,noncontrastive_vae,6721.41940227634
24005440900__24005450100,noncontrastive_vae,279.78359928337886
24005440900__24005451200,noncontrastive_vae,-1801.6917426850996
24005441000__24005441101,noncontrastive_vae,2111.3364277507653
24005441000__24005441102,noncontrastive_vae,339.54679240477344
24005441101__24005441102,noncontrastive_vae,-2931.9105467918416
24005441101__24005450100,noncontrastive_vae,1061.1720485703336
24005441102__24005450100,noncontrastive_vae,-935.4717693836137
24005441102__24510260403,noncontrastive_vae,-1887.2521801434705
24005450100__24005450200,noncontrastive_vae,321.4096667576232
24005450100__24005451200,noncontrastive_vae,2274.689421050716
24005450100__24005452300,noncontrastive_vae,-921.9098359199124
24005450100__24510260404,noncontrastive_vae,5085.188327287358
24005450200__24005450300,noncontrastive_vae,1451.4230489352558
24005450200__24005450400,noncontrastive_vae,-1755.0341220952614
24005450200__24005451200,noncontrastive_vae,-2296.4617014845853
24005450200__24005452300,noncontrastive_vae,1426.0237122594735
24005450200__24005492300,noncontrastive_vae,2044.2287148888572
24005450300__24005450400,noncontrastive_vae,-1381.24109929087
24005450300__24005450501,noncontrastive_vae,12485.329713101986
24005450300__24005492300,noncontrastive_vae,5221.12090446999
24005450400__24005450501,noncontrastive_vae,-1794.0236968812678
24005450400__24005452400,noncontrastive_vae,3034.4813156695527
24005450501__24005450503,noncontrastive_vae,-1104.9363877921605
24005450501__24005450504,noncontrastive_vae,-478.1700672294155
24005450501__24005450800,noncontrastive_vae,7698.643282572117
24005450504__24005450800,noncontrastive_vae,-3483.6264663687543
24005450504__24005450900,noncontrastive_vae,31.85232060479666
24005450504__24005451100,noncontrastive_vae,1845.7362068655675
24005450800__24005450900,noncontrastive_vae,-6053.375634782091
24005450800__24005451500,noncontrastive_vae,3816.1404379665983
24005450800__24005492300,noncontrastive_vae,637.3820996629656
24005450900__24005451000,noncontrastive_vae,5417.602786457982
24005450900__24005451100,noncontrastive_vae,390.37423482941995
24005451000__24005451100,noncontrastive_vae,3556.05939965199
24005451200__24005451300,noncontrastive_vae,6014.583670807384
24005451200__24005451402,noncontrastive_vae,-2604.6161103008717
24005451200__24005451600,noncontrastive_vae,-290.5939941333345
24005451200__24005451701,noncontrastive_vae,-4440.018852044221
24005451200__24005492300,noncontrastive_vae,4620.025526575191
24005451300__24005451402,noncontrastive_vae,3601.1376810856036
24005451300__24005451701,noncontrastive_vae,1991.2908089802731
24005451402__24005451600,noncontrastive_vae,6902.798685358721
24005451402__24005451701,noncontrastive_vae,2444.972593323764
24005451500__24005451600,noncontrastive_vae,216.56011040966405
24005451500__24005492300,noncontrastive_vae,4378.48482211231
24005451600__24005451802,noncontrastive_vae,-659.5034370429657
24005451600__24005492300,noncontrastive_vae,653.496684264559
24005451701__24005451702,noncontrastive_vae,17548.22113623606
24005451701__24005451801,noncontrastive_vae,-948.0475509505877
24005451701__24005451802,noncontrastive_vae,233.60408055645075
24005451702__24005451801,noncontrastive_vae,-4158.90878728843
24005451802__24005451803,noncontrastive_vae,3293.752482919197
24005451900__24005452000,noncontrastive_vae,875.9305035845773
24005452000__24005452100,noncontrastive_vae,-1830.6751170968837
24005452000__24005452400,noncontrastive_vae,-4562.107312471165
24005452000__24005980000,noncontrastive_vae,106.76298028077508
24005452100__24005980000,noncontrastive_vae,2659.142852936762
24005452300__24005452400,noncontrastive_vae,911.2200708050259
24005452300__24510260404,noncontrastive_vae,-130.4460619164929
24005452400__24005452500,noncontrastive_vae,-2351.759455470332
24005452400__24005980000,noncontrastive_vae,26.14504882131223
24005490100__24005490200,noncontrastive_vae,1893.5090856505194
24005490100__24005490302,noncontrastive_vae,22434.962956160947
24005490100__24005491701,noncontrastive_vae,101.71388894685151
24005490100__24005492600,noncontrastive_vae,-1351.4709118615156
24005490200__24005490301,noncontrastive_vae,35536.10893214395
24005490301__24005490302,noncontrastive_vae,9855.885335125793
24005490301__24005490500,noncontrastive_vae,-1345.4829954278102
24005490301__24005490701,noncontrastive_vae,-7642.09219993035
24005490301__24005490703,noncontrastive_vae,-16530.36680513133
24005490301__24005490900,noncontrastive_vae,-1732.4490396051842
24005490302__24005490900,noncontrastive_vae,1235.205339558237
24005490302__24005491201,noncontrastive_vae,-7556.010884949406
24005490400__24005490500,noncontrastive_vae,6970.771427517815
24005490500__24005490603,noncontrastive_vae,-2811.918716916345
24005490500__24005490605,noncontrastive_vae,-3128.0479797574444
24005490500__24005490701,noncontrastive_vae,-460.704876706488
24005490500__24510271200,noncontrastive_vae,2366.9447131311645
24005490500__24510271300,noncontrastive_vae,-4503.349744222534
24005490500__24510271501,noncontrastive_vae,-1624.8349027005552
24005490601__24005490602,noncontrastive_vae,3278.2034821627167
24005490601__24005490603,noncontrastive_vae,5665.901436036776
24005490601__24005491100,noncontrastive_vae,-3004.6429329531493
24005490601__24510271200,noncontrastive_vae,-2950.6508029949036
24005490602__24005490603,noncontrastive_vae,-6436.575384091309
24005490602__24005490605,noncontrastive_vae,-1144.3815493443108
24005490602__24005491000,noncontrastive_vae,513.8609837244749
24005490602__24005491100,noncontrastive_vae,-1002.9047566722011
24005490603__24005490605,noncontrastive_vae,-5852.8466246771495
24005490603__24510271200,noncontrastive_vae,-1606.4187291739636
24005490605__24005490701,noncontrastive_vae,707.7888242866557
24005490605__24005490703,noncontrastive_vae,-22168.18561856611
24005490605__24005490800,noncontrastive_vae,10405.783486633474
24005490701__24005490703,noncontrastive_vae,-11917.5459356159
24005490703__24005490900,noncontrastive_vae,9584.459194401908
24005490800__24005490900,noncontrastive_vae,8899.718193892997
24005490800__24005491000,noncontrastive_vae,-7972.355986217684
24005490800__24005491300,noncontrastive_vae,-1186.453559035519
24005490900__24005491201,noncontrastive_vae,-183.11955113249132
24005490900__24005491202,noncontrastive_vae,-362.81578697586156
24005490900__24005491300,noncontrastive_vae,-641.9384131991283
24005491000__24005491100,noncontrastive_vae,-6664.782855203572
24005491000__24005491300,noncontrastive_vae,-7257.6830066052935
24005491100__24005491300,noncontrastive_vae,406.01938499627795
24005491100__24510270801,noncontrastive_vae,-6777.606292200631
24005491100__24510270804,noncontrastive_vae,2162.328181437955
24005491201__24005491202,noncontrastive_vae,-13568.571722926783
24005491201__24005491600,noncontrastive_vae,11069.864314837316
24005491201__24005491701,noncontrastive_vae,1628.4209336793251
24005491202__24005491300,noncontrastive_vae,2250.6728155772307
24005491202__24005491401,noncontrastive_vae,-335.98637150863215
24005491202__24005491500,noncontrastive_vae,4297.231633346346
24005491300__24005491401,noncontrastive_vae,4589.542490688924
24005491300__24510270801,noncontrastive_vae,1575.3919419557024
24005491401__24005491402,noncontrastive_vae,3502.8478435813595
24005491401__24005491500,noncontrastive_vae,1188.046728628202
24005491401__24005492102,noncontrastive_vae,265.8100852705393
24005491401__24510270801,noncontrastive_vae,882.7490435769541
24005491401__24510270803,noncontrastive_vae,-419.04146320096334
24005491402__24005491500,noncontrastive_vae,-4572.770600627702
24005491402__24005492001,noncontrastive_vae,5435.592329954188
24005491402__24005492102,noncontrastive_vae,-3786.750559776585
24005491500__24005491600,noncontrastive_vae,-2650.8167979863283
24005491500__24005492001,noncontrastive_vae,-1825.6205089515279
24005491600__24005491701,noncontrastive_vae,7884.808966037846
24005491600__24005492001,noncontrastive_vae,-11591.21832070265
24005491701__24005491900,noncontrastive_vae,12181.29787293874
24005491701__24005492200,noncontrastive_vae,1259.0416416677072
24005491701__24005492600,noncontrastive_vae,-15902.564175040188
24005491900__24005492001,noncontrastive_vae,116.25979389830718
24005491900__24005492002,noncontrastive_vae,5141.802555903139
24005491900__24005492101,noncontrastive_vae,18117.866562453506
24005491900__24005492200,noncontrastive_vae,5839.677653906947
24005492001__24005492002,noncontrastive_vae,10643.477834901845
24005492002__24005492101,noncontrastive_vae,-6174.246484129268
24005492002__24005492102,noncontrastive_vae,-987.0794990846571
24005492101__24005492102,noncontrastive_vae,1738.7234985327887
24005492102__24510270701,noncontrastive_vae,-375.49688229336607
24005492102__24510270703,noncontrastive_vae,1120.9878408225486
24005492200__24005492600,noncontrastive_vae,-8836.266527215452
24005492401__24005492402,noncontrastive_vae,6307.935829640668
24005980100__24510250205,noncontrastive_vae,-2263.7222604646813
24009860101__24009860102,noncontrastive_vae,2214.8920934624766
24009860200__24009860300,noncontrastive_vae,1912.6817267330916
24009860200__24009860600,noncontrastive_vae,4971.415777208469
24009860200__24033800800,noncontrastive_vae,2476.9373952609103
24009860300__24009860501,noncontrastive_vae,-1785.4803419403788
24009860300__24009860600,noncontrastive_vae,-1607.230191964445
24009860401__24009860402,noncontrastive_vae,-1638.8505698261179
24009860501__24009860502,noncontrastive_vae,1756.9898396877015
24009860501__24009860600,noncontrastive_vae,-500.3581310675945
24009860501__24009860701,noncontrastive_vae,-90.40904945777584
24009860501__24009860702,noncontrastive_vae,363.1259267528512
24009860600__24009860701,noncontrastive_vae,-4295.032958949007
24009860701__24009860702,noncontrastive_vae,1304.0794944547088
24009860701__24009860703,noncontrastive_vae,-10096.51884216398
24009860702__24009860703,noncontrastive_vae,-800.1610025244445
24009860703__24009860802,noncontrastive_vae,-855.2932942222251
24009860801__24009860802,noncontrastive_vae,-2778.0296666055947
24009860900__24009861001,noncontrastive_vae,-651.0276066011866
24009860900__24009861003,noncontrastive_vae,-4836.255726254785
24009861001__24009861003,noncontrastive_vae,823.2875922952289
24009861001__24009861004,noncontrastive_vae,4250.0801271339515
24009861003__24009861004,noncontrastive_vae,5736.9960134159155
24011955000__24011955100,noncontrastive_vae,-1337.8878038565886
24011955000__24035810200,noncontrastive_vae,2178.3965529591833
24011955100__24011955201,noncontrastive_vae,4660.610704238145
24011955100__24011955202,noncontrastive_vae,-600.5609212088889
24011955100__24011955301,noncontrastive_vae,-1559.5044803669894
24011955100__24035810500,noncontrastive_vae,3649.397730859755
24011955201__24011955202,noncontrastive_vae,6972.3112915329475
24011955201__24035810500,noncontrastive_vae,16526.467624782348
24011955202__24011955301,noncontrastive_vae,-4198.859227348916
24011955202__24011955302,noncontrastive_vae,7004.023097046507
24011955202__24035810500,noncontrastive_vae,17032.096047588097
24011955202__24041960100,noncontrastive_vae,4139.1968526032415
24011955301__24011955302,noncontrastive_vae,-4950.059488546583
24011955301__24011955400,noncontrastive_vae,1260.3609775319292
24011955400__24011955500,noncontrastive_vae,3377.709008254379
24011955400__24011955600,noncontrastive_vae,30178.839720395263
24011955500__24019970200,noncontrastive_vae,13234.888360279077
24011955600__24019970100,noncontrastive_vae,-10837.515176349212
24013501001__24013501002,noncontrastive_vae,-1291.486575376021
24013501001__24013503000,noncontrastive_vae,-75.06978348349878
24013501002__24013503000,noncontrastive_vae,123.21738859173217
24013501002__24021767500,noncontrastive_vae,-1832.587426767388
24013502000__24013507500,noncontrastive_vae,6701.832456252667
24013502000__24013511000,noncontrastive_vae,1984.421528875724
24013503000__24013507500,noncontrastive_vae,70.75309350731186
24013503000__24013507601,noncontrastive_vae,-70.1129815719396
24013504100__24013504201,noncontrastive_vae,-26404.152156217053
24013504100__24013508200,noncontrastive_vae,18740.172964457623
24013504201__24013504202,noncontrastive_vae,32414.612120603026
24013504202__24013507802,noncontrastive_vae,16728.613203100467
24013505101__24013505102,noncontrastive_vae,21235.742837714686
24013505101__24013505207,noncontrastive_vae,1190.6578170137527
24013505102__24013505203,noncontrastive_vae,2906.8732586949554
24013505102__24013505205,noncontrastive_vae,-2081.22209539872
24013505102__24013505206,noncontrastive_vae,13078.0064324569
24013505203__24013505205,noncontrastive_vae,5254.238955544672
24013505203__24013505206,noncontrastive_vae,16423.54662118104
24013505203__24013505207,noncontrastive_vae,-3153.62572082549
24013505203__24013505208,noncontrastive_vae,-3912.456300787482
24013505205__24013505206,noncontrastive_vae,4675.8834975410755
24013505206__24013505208,noncontrastive_vae,-1910.9794926276154
24013505206__24027603003,noncontrastive_vae,-3657.059906301167
24013505207__24013505208,noncontrastive_vae,5547.442363399101
24013505208__24027603003,noncontrastive_vae,501.8596950306128
24013506101__24013506102,noncontrastive_vae,-646.4488379301129
24013506101__24013506200,noncontrastive_vae,269.98103946301126
24013506102__24013506200,noncontrastive_vae,2164.106979817814
24013506102__24013507601,noncontrastive_vae,4295.552890535596
24013506102__24013507602,noncontrastive_vae,-3089.4455485603985
24013506102__24013508200,noncontrastive_vae,974.2924494122562
24013507500__24013507601,noncontrastive_vae,-9526.430174977198
24013507500__24013507702,noncontrastive_vae,-2397.9862929617702
24013507500__24013507704,noncontrastive_vae,8464.121268421408
24013507601__24013507602,noncontrastive_vae,-13161.960258285439
24013507601__24013507702,noncontrastive_vae,-1675.8464785111591
24013507601__24013507801,noncontrastive_vae,-309.96692707555576
24013507602__24013507801,noncontrastive_vae,-260.1198061900923
24013507602__24013507802,noncontrastive_vae,10332.378259779107
24013507602__24013508200,noncontrastive_vae,16200.588506545982
24013507702__24013507703,noncontrastive_vae,-478.06680553808474
24013507702__24013507704,noncontrastive_vae,2385.240853441641
24013507702__24013507801,noncontrastive_vae,-1082.6145630001192
24013507702__24013507802,noncontrastive_vae,4177.972764141951
24013507702__24013511000,noncontrastive_vae,7166.92433584486
24013507703__24013507704,noncontrastive_vae,-3.6894432708995737
24013507703__24013511000,noncontrastive_vae,2086.0264847927347
24013507801__24013507802,noncontrastive_vae,4562.482207513014
24013508101__24013508102,noncontrastive_vae,1165.302367281607
24013508101__24013508200,noncontrastive_vae,494.4503292934569
24013508102__24013508200,noncontrastive_vae,-1844.065780206396
24013509001__24013509002,noncontrastive_vae,235.03154137126512
24013510000__24021751600,noncontrastive_vae,-909.9202159785991
24013510000__24021767600,noncontrastive_vae,-2795.3139027469597
24013512000__24021751600,noncontrastive_vae,7971.328755242317
24013513001__24013513002,noncontrastive_vae,-25697.623583837296
24013513001__24021752001,noncontrastive_vae,8398.47206982022
24013513002__24013514201,noncontrastive_vae,7148.911259167053
24013513002__24021751903,noncontrastive_vae,-2400.047031950897
24013513002__24021752001,noncontrastive_vae,-3999.9769284508184
24013513002__24027604001,noncontrastive_vae,-4629.71222472814
24013514100__24013514201,noncontrastive_vae,-1241.176699467629
24013514100__24013514202,noncontrastive_vae,1953.9923438399255
24013514201__24013514202,noncontrastive_vae,-11558.929879251049
24013514201__24027604001,noncontrastive_vae,-3549.1917329219395
24013514202__24027604002,noncontrastive_vae,-2280.9665712391943
24015030100__24029950100,noncontrastive_vae,5616.349484011153
24015030400__24015030503,noncontrastive_vae,4587.625190347149
24015030400__24015030505,noncontrastive_vae,1907.3220058802435
24015030400__24015030506,noncontrastive_vae,5673.5879318249135
24015030501__24015030503,noncontrastive_vae,-1688.1553035282514
24015030501__24015030601,noncontrastive_vae,-1630.6467042712497
24015030503__24015030506,noncontrastive_vae,525.5176740735988
24015030503__24015030601,noncontrastive_vae,1423.9225538257824
24015030503__24015030602,noncontrastive_vae,1117.5201970668822
24015030503__24015030903,noncontrastive_vae,-725.6224720571154
24015030505__24015030506,noncontrastive_vae,11415.84698744923
24015030601__24015030602,noncontrastive_vae,1717.6031257238947
24015030700__24015030905,noncontrastive_vae,1591.7462738446984
24015030903__24015030906,noncontrastive_vae,907.2699767702579
24015030905__24015030906,noncontrastive_vae,944.8582359998691
24015030906__24015031202,noncontrastive_vae,5887.114925359372
24015031201__24015031202,noncontrastive_vae,835.6527179401601
24015031201__24015031301,noncontrastive_vae,-2192.5467344212375
24015031301__24015031302,noncontrastive_vae,-2401.0784248203745
24017850101__24017850102,noncontrastive_vae,-5355.860258390108
24017850101__24033801302,noncontrastive_vae,-13411.066487514758
24017850102__24017850202,noncontrastive_vae,-4948.831998364445
24017850102__24017850300,noncontrastive_vae,-6807.159684017777
24017850102__24017850600,noncontrastive_vae,7237.083726387391
24017850102__24033801310,noncontrastive_vae,-5196.224644857408
24017850202__24017850300,noncontrastive_vae,-6784.538704142222
24017850300__24017850400,noncontrastive_vae,14697.732897523403
24017850300__24017850500,noncontrastive_vae,10985.138785457777
24017850300__24017850600,noncontrastive_vae,10324.710273878958
24017850400__24017850500,noncontrastive_vae,23559.723717582983
24017850500__24017850600,noncontrastive_vae,16351.004868010208
24017850600__24017850712,noncontrastive_vae,11135.208832276558
24017850600__24017850713,noncontrastive_vae,-7474.336037995186
24017850600__24017851001,noncontrastive_vae,16976.70825189219
24017850600__24017851002,noncontrastive_vae,-17870.104952678485
24017850600__24017851500,noncontrastive_vae,10952.717968213332
24017850706__24017850708,noncontrastive_vae,11936.416421627808
24017850706__24017850709,noncontrastive_vae,-868.0223743191236
24017850706__24017850711,noncontrastive_vae,-7529.663279920387
24017850706__24017850901,noncontrastive_vae,4489.902871003331
24017850708__24017850709,noncontrastive_vae,199.00863574910545
24017850708__24033801310,noncontrastive_vae,21303.97620987528
24017850709__24017850801,noncontrastive_vae,-1117.8872883555596
24017850709__24017850802,noncontrastive_vae,-8382.384284516498
24017850709__24033801003,noncontrastive_vae,-14348.65998270089
24017850711__24017850901,noncontrastive_vae,-812.1200199689847
24017850711__24017851500,noncontrastive_vae,4927.10970993889
24017850712__24017850713,noncontrastive_vae,23764.161970828078
24017850713__24017851500,noncontrastive_vae,20274.231704317637
24017850801__24017850802,noncontrastive_vae,3238.7193392966583
24017850801__24033801003,noncontrastive_vae,-4014.747994037665
24017850802__24017850901,noncontrastive_vae,-6989.824428001837
24017850802__24017850904,noncontrastive_vae,-14688.222414421849
24017850802__24017850905,noncontrastive_vae,-6213.8607056821165
24017850802__24017851400,noncontrastive_vae,-14577.733491560059
24017850901__24017850902,noncontrastive_vae,7715.7136099235795
24017850901__24017850905,noncontrastive_vae,-2726.9764609176727
24017850901__24017850906,noncontrastive_vae,3400.7105590154533
24017850901__24017851500,noncontrastive_vae,-3719.3985028134266
24017850902__24017850904,noncontrastive_vae,-4328.254567394308
24017850902__24017850906,noncontrastive_vae,-2129.042743772963
24017850902__24017851002,noncontrastive_vae,8901.115369059366
24017850902__24017851500,noncontrastive_vae,-4696.8655139997245
24017850904__24017850905,noncontrastive_vae,8657.599169386667
24017850904__24017850906,noncontrastive_vae,-301.30399998902794
24017850904__24017851302,noncontrastive_vae,-23558.772426164174
24017851001__24017851002,noncontrastive_vae,-21346.612931984695
24017851002__24017851100,noncontrastive_vae,1936.002768973799
24017851002__24017851500,noncontrastive_vae,-10676.844419876128
24017851100__24017851200,noncontrastive_vae,-3687.9205769295813
24017851301__24017851302,noncontrastive_vae,19278.745421387513
24017851301__24037875202,noncontrastive_vae,1415.545026008453
24017851302__24017851400,noncontrastive_vae,-10088.965996112238
24017851302__24037875100,noncontrastive_vae,-12160.313280853334
24017851400__24033800900,noncontrastive_vae,18729.018235514483
24017851400__24037875100,noncontrastive_vae,-10466.380604246435
24019970100__24019970200,noncontrastive_vae,44397.19397173251
24019970100__24019970900,noncontrastive_vae,-10144.533982982084
24019970100__24045010701,noncontrastive_vae,88745.23661752451
24019970200__24019970300,noncontrastive_vae,15894.967216137979
24019970300__24019970702,noncontrastive_vae,2349.7578205577584
24019970300__24019970900,noncontrastive_vae,19544.619253746183
24019970400__24019970500,noncontrastive_vae,-1918.7638860916704
24019970400__24019970600,noncontrastive_vae,-8334.645664880658
24019970400__24019970702,noncontrastive_vae,-8078.841973892406
24019970500__24019970600,noncontrastive_vae,2693.3307921144815
24019970500__24019970702,noncontrastive_vae,-3268.1930762373927
24019970600__24019970702,noncontrastive_vae,3147.568424735815
24019970702__24019970900,noncontrastive_vae,2268.0782104473756
24021740200__24021750802,noncontrastive_vae,3913.1442354129504
24021740200__24021751302,noncontrastive_vae,9983.444008119865
24021740200__24021751701,noncontrastive_vae,-4134.453934742225
24021740200__24021767600,noncontrastive_vae,-2107.186913280938
24021740200__24021773500,noncontrastive_vae,-1553.672290963128
24021750100__24021750200,noncontrastive_vae,3067.901196524319
24021750100__24021750600,noncontrastive_vae,3659.415203825145
24021750100__24021750801,noncontrastive_vae,4848.859019482963
24021750100__24021750803,noncontrastive_vae,2671.71889715234
24021750200__24021750300,noncontrastive_vae,-795.155801658304
24021750200__24021750600,noncontrastive_vae,-4343.931221962528
24021750200__24021750803,noncontrastive_vae,3270.6409595500973
24021750200__24021772200,noncontrastive_vae,10958.206435914191
24021750300__24021750600,noncontrastive_vae,9369.817852903929
24021750300__24021765100,noncontrastive_vae,9293.607657765177
24021750300__24021772200,noncontrastive_vae,-455.3991244915733
24021750503__24021750504,noncontrastive_vae,-2214.463189195696
24021750503__24021750505,noncontrastive_vae,1802.45913196139
24021750503__24021750506,noncontrastive_vae,1055.8398665468376
24021750503__24021751203,noncontrastive_vae,-3050.6263645572362
24021750504__24021750505,noncontrastive_vae,-2360.585007814181
24021750504__24021750600,noncontrastive_vae,-5121.070785370292
24021750504__24021750702,noncontrastive_vae,-569.2275559574737
24021750504__24021751201,noncontrastive_vae,6.044676130881271
24021750504__24021751203,noncontrastive_vae,2433.0988482080074
24021750505__24021750506,noncontrastive_vae,6206.333922481437
24021750505__24021765100,noncontrastive_vae,-7706.514893708576
24021750506__24021751004,noncontrastive_vae,-7645.101115156613
24021750506__24021751203,noncontrastive_vae,1042.8412146511882
24021750506__24021752602,noncontrastive_vae,160.88027516391503
24021750506__24021752603,noncontrastive_vae,-823.8924868211834
24021750506__24021765100,noncontrastive_vae,-4057.071571285098
24021750600__24021750702,noncontrastive_vae,-2041.0355842215795
24021750600__24021750801,noncontrastive_vae,-938.148648773873
24021750600__24021765100,noncontrastive_vae,12905.719443841055
24021750701__24021750702,noncontrastive_vae,-2131.746195112799
24021750701__24021750801,noncontrastive_vae,-4156.173728546506
24021750701__24021750802,noncontrastive_vae,143.9302303315926
24021750701__24021751201,noncontrastive_vae,1577.441228345233
24021750701__24021751301,noncontrastive_vae,-1264.9814393190245
24021750702__24021750801,noncontrastive_vae,-4394.243920002875
24021750702__24021751201,noncontrastive_vae,-6315.626438838888
24021750801__24021750802,noncontrastive_vae,-699.487616908802
24021750801__24021750803,noncontrastive_vae,-4627.911680095509
24021750802__24021750803,noncontrastive_vae,-8101.638749164693
24021750802__24021751301,noncontrastive_vae,-1874.4928486517238
24021750803__24021751701,noncontrastive_vae,10213.145818698285
24021750803__24021772200,noncontrastive_vae,26668.165699442397
24021751001__24021751002,noncontrastive_vae,-3625.1203356681644
24021751001__24021751004,noncontrastive_vae,3539.0382633482222
24021751002__24021751003,noncontrastive_vae,11201.46889124376
24021751002__24021751004,noncontrastive_vae,-1699.3398275076852
24021751002__24021752301,noncontrastive_vae,3302.81480837679
24021751003__24021751004,noncontrastive_vae,-1421.9143580524092
24021751003__24021751904,noncontrastive_vae,56477.62999855162
24021751003__24021752301,noncontrastive_vae,3750.1774491173583
24021751003__24021765100,noncontrastive_vae,-28639.7960312347
24021751003__24021772200,noncontrastive_vae,-46478.048756237346
24021751004__24021752303,noncontrastive_vae,-15688.958759720575
24021751004__24021752501,noncontrastive_vae,-3058.8956040115445
24021751004__24021752602,noncontrastive_vae,13240.346353409619
24021751004__24021765100,noncontrastive_vae,-2653.199083172789
24021751201__24021751202,noncontrastive_vae,-8093.258787437873
24021751201__24021751203,noncontrastive_vae,1457.6134458919514
24021751202__24021751203,noncontrastive_vae,-3615.1969182225603
24021751203__24021752603,noncontrastive_vae,1567.4415598145606
24021751301__24021751302,noncontrastive_vae,12525.043536951605
24021751302__24021752900,noncontrastive_vae,9172.978085976678
24021751302__24021753001,noncontrastive_vae,7434.896481446848
24021751600__24021767600,noncontrastive_vae,22028.126350581897
24021751701__24021773500,noncontrastive_vae,12401.218783417835
24021751801__24021751802,noncontrastive_vae,23399.316301933708
24021751801__24021751901,noncontrastive_vae,20626.525043343292
24021751801__24021751903,noncontrastive_vae,-13329.699744336755
24021751802__24021751903,noncontrastive_vae,2980.829248854363
24021751802__24021752001,noncontrastive_vae,10663.78967239432
24021751901__24021751902,noncontrastive_vae,8158.655025829685
24021751901__24021751903,noncontrastive_vae,-3545.5440126675094
24021751901__24021751904,noncontrastive_vae,3892.4459332513834
24021751901__24021775600,noncontrastive_vae,9261.412618568917
24021751902__24021751904,noncontrastive_vae,10540.89299312417
24021751902__24021772200,noncontrastive_vae,-8248.214769747283
24021751902__24021775600,noncontrastive_vae,-8451.436061618711
24021751903__24021751904,noncontrastive_vae,13653.909860216165
24021751903__24021752001,noncontrastive_vae,2035.9609353721098
24021751903__24021752102,noncontrastive_vae,11954.006727210202
24021751903__24027604001,noncontrastive_vae,-5651.4281432184725
24021751903__24031700204,noncontrastive_vae,17349.14887298519
24021751904__24021772200,noncontrastive_vae,7739.595503329251
24021752101__24021752102,noncontrastive_vae,38071.32601115521
24021752102__24021752201,noncontrastive_vae,-3696.8610263007577
24021752102__24021752204,noncontrastive_vae,37041.83118919472
24021752102__24031700204,noncontrastive_vae,17765.036662043345
24021752102__24031700312,noncontrastive_vae,-14065.153737785993
24021752201__24021752204,noncontrastive_vae,-54608.43892616419
24021752201__24031700400,noncontrastive_vae,-34368.616302655064
24021752202__24021752204,noncontrastive_vae,4652.581727410507
24021752301__24021752302,noncontrastive_vae,28815.16343523913
24021752301__24021752303,noncontrastive_vae,2441.433592970497
24021752302__24021752303,noncontrastive_vae,14461.341863532678
24021752303__24021752501,noncontrastive_vae,-4897.311513344277
24021752303__24021752502,noncontrastive_vae,-8149.054943041017
24021752303__51107610300,noncontrastive_vae,-12372.906012988646
24021752501__24021752502,noncontrastive_vae,-9368.30050738377
24021752502__51107610300,noncontrastive_vae,-2133.6844038247837
24021752601__24021752602,noncontrastive_vae,6868.949062562771
24021752601__24021752603,noncontrastive_vae,4725.7344644333825
24021752601__24021770700,noncontrastive_vae,6264.369673707808
24021752602__24021752603,noncontrastive_vae,-7091.874240396148
24021752801__24021752900,noncontrastive_vae,7730.574891589775
24021752801__24043011301,noncontrastive_vae,10329.33642914454
24021752802__24021770700,noncontrastive_vae,14326.48410300082
24021752802__24043011302,noncontrastive_vae,33107.980139165375
24021752900__24021753001,noncontrastive_vae,-21158.413814887623
24021752900__24021753002,noncontrastive_vae,-7871.529573368889
24021752900__24021766800,noncontrastive_vae,1532.7738732995722
24021752900__24043010100,noncontrastive_vae,1993.0617227030843
24021752900__24043011301,noncontrastive_vae,7964.066141510916
24021753001__24021753002,noncontrastive_vae,-2862.0480894465436
24021753001__24021767500,noncontrastive_vae,9434.890953610622
24021765100__24021772200,noncontrastive_vae,-6704.803106130651
24021766800__24021767500,noncontrastive_vae,-597.6518487138846
24021767500__24021767600,noncontrastive_vae,28630.770620991898
24021772200__24021775600,noncontrastive_vae,-10724.638404534046
24021775302__24021775400,noncontrastive_vae,-436.17539708015465
24021775302__51107610101,noncontrastive_vae,-3676.212840384879
24021775302__51107610102,noncontrastive_vae,-853.3746819647249
24021775400__51107610102,noncontrastive_vae,-2341.8261944950964
24023000100__24023000200,noncontrastive_vae,174.31681369794933
24023000100__24023000500,noncontrastive_vae,-7516.961852423018
24023000100__24023000600,noncontrastive_vae,0.0
24023000200__24023000300,noncontrastive_vae,2714.8945999169437
24023000300__24023000400,noncontrastive_vae,4088.3521630759947
24023000300__24023000500,noncontrastive_vae,-1318.3405453006358
24023000400__24023000500,noncontrastive_vae,3205.741286000358
24023000500__24023000600,noncontrastive_vae,427.2661456967435
24023000600__24023000700,noncontrastive_vae,564.0093340900457
24025301102__24025301106,noncontrastive_vae,3546.123462824995
24025301102__24025301108,noncontrastive_vae,521.1395457676554
24025301102__24025301702,noncontrastive_vae,-4898.822419543256
24025301102__24025301703,noncontrastive_vae,7394.258486287076
24025301102__24025301704,noncontrastive_vae,-1938.3987855112973
24025301102__24025302200,noncontrastive_vae,262.9672729084009
24025301102__24025302400,noncontrastive_vae,2230.4281817320207
24025301102__24025303606,noncontrastive_vae,4521.032498579243
24025301102__24025303700,noncontrastive_vae,8797.478581939828
24025301106__24025301108,noncontrastive_vae,-6296.313478500633
24025301106__24025301202,noncontrastive_vae,-2940.8603030098166
24025301106__24025303501,noncontrastive_vae,-5466.523931519643
24025301106__24025303602,noncontrastive_vae,237.68429592699613
24025301107__24025301204,noncontrastive_vae,-9550.753525042848
24025301107__24025301205,noncontrastive_vae,4318.532288627757
24025301107__24025301703,noncontrastive_vae,-6497.023991005815
24025301108__24025301703,noncontrastive_vae,3313.6835121001095
24025301201__24025301204,noncontrastive_vae,-25917.11426814094
24025301201__24025301301,noncontrastive_vae,15701.287687416654
24025301202__24025301204,noncontrastive_vae,-654.1852557194179
24025301202__24025301205,noncontrastive_vae,-1325.7511717752423
24025301202__24025303501,noncontrastive_vae,11957.436717741431
24025301204__24025301205,noncontrastive_vae,-3998.0762363216745
24025301204__24025301301,noncontrastive_vae,-9699.070890640636
24025301301__24025301302,noncontrastive_vae,-18331.228850172818
24025301301__24025301401,noncontrastive_vae,16765.043848290832
24025301301__24025301402,noncontrastive_vae,4125.156702597798
24025301301__24025301703,noncontrastive_vae,-14355.901703369178
24025301302__24025301601,noncontrastive_vae,1671.8596733184968
24025301302__24025301602,noncontrastive_vae,-2751.921925539158
24025301302__24025301702,noncontrastive_vae,-4999.109127096082
24025301401__24025301402,noncontrastive_vae,10032.291908344972
24025301402__24025301601,noncontrastive_vae,6791.467973241435
24025301402__24025306500,noncontrastive_vae,4234.156727097456
24025301601__24025301602,noncontrastive_vae,15378.785706924604
24025301601__24025306500,noncontrastive_vae,4223.716155592074
24025301602__24025301702,noncontrastive_vae,25161.21097875989
24025301602__24025306500,noncontrastive_vae,18844.823441024964
24025301702__24025301703,noncontrastive_vae,11676.773596224732
24025301702__24025301704,noncontrastive_vae,-15570.464585562833
24025301702__24025302400,noncontrastive_vae,19438.543025041574
24025301703__24025301704,noncontrastive_vae,17258.596296644893
24025302100__24025302200,noncontrastive_vae,1323.4196946924349
24025302100__24025306400,noncontrastive_vae,609.1179284474019
24025302200__24025302400,noncontrastive_vae,1440.414338264075
24025302200__24025302801,noncontrastive_vae,318.6055455376918
24025302200__24025302802,noncontrastive_vae,-832.7061710166499
24025302200__24025303700,noncontrastive_vae,-519.4944766864901
24025302200__24025306400,noncontrastive_vae,-988.5298328062518
24025302400__24025302902,noncontrastive_vae,-6020.299710110434
24025302400__24025306500,noncontrastive_vae,8698.513690961012
24025302801__24025302802,noncontrastive_vae,7223.2094538050005
24025302801__24025302901,noncontrastive_vae,-972.2273649089193
24025302801__24025306300,noncontrastive_vae,2300.749676909698
24025302802__24025302901,noncontrastive_vae,121.85011612053131
24025302802__24025302902,noncontrastive_vae,-404.3545101404452
24025302901__24025302902,noncontrastive_vae,2082.881680496068
24025302901__24025306300,noncontrastive_vae,-478.01057706269785
24025302902__24025306500,noncontrastive_vae,-5862.738797432001
24025303101__24025303102,noncontrastive_vae,-11727.237066056954
24025303101__24025303201,noncontrastive_vae,79.23607753912802
24025303101__24025303603,noncontrastive_vae,15124.507543192718
24025303101__24025303700,noncontrastive_vae,2716.8709569706025
24025303101__24025305100,noncontrastive_vae,-468.7125869869478
24025303101__24025305200,noncontrastive_vae,-1338.1800911373502
24025303102__24025303700,noncontrastive_vae,3119.8708537937127
24025303201__24025303203,noncontrastive_vae,6465.1724706594105
24025303201__24025303204,noncontrastive_vae,4075.3331507420426
24025303201__24025303603,noncontrastive_vae,5810.529472773288
24025303201__24025304101,noncontrastive_vae,-714.6608165831899
24025303201__24025304202,noncontrastive_vae,-791.9411977470136
24025303201__24025305100,noncontrastive_vae,-1348.2550121193926
24025303203__24025303204,noncontrastive_vae,6676.329750599143
24025303203__24025303206,noncontrastive_vae,-420.63844915911613
24025303203__24025303603,noncontrastive_vae,3650.143395218496
24025303203__24025303802,noncontrastive_vae,-1408.4682360105319
24025303204__24025303206,noncontrastive_vae,6693.307600279844
24025303206__24025303502,noncontrastive_vae,-9501.620928374256
24025303206__24025303802,noncontrastive_vae,2534.095813517277
24025303300__24025303400,noncontrastive_vae,-8465.347418181336
24025303300__24025303502,noncontrastive_vae,-1545.522744058755
24025303300__24025304201,noncontrastive_vae,8857.290814972992
24025303300__24025304202,noncontrastive_vae,1036.511715432147
24025303501__24025303502,noncontrastive_vae,4937.798754021129
24025303501__24025303602,noncontrastive_vae,4675.851214063507
24025303501__24025303801,noncontrastive_vae,4835.142538143264
24025303501__24025303900,noncontrastive_vae,-1496.1797209009583
24025303502__24025303801,noncontrastive_vae,-4209.237058636412
24025303602__24025303900,noncontrastive_vae,-8321.647008832162
24025303603__24025303605,noncontrastive_vae,-2731.601199427292
24025303603__24025303802,noncontrastive_vae,-2016.272965842898
24025303603__24025303803,noncontrastive_vae,-8264.668437252793
24025303605__24025303700,noncontrastive_vae,2992.756808772374
24025303605__24025303900,noncontrastive_vae,1611.9170170277466
24025303606__24025303700,noncontrastive_vae,-300.68833117256327
24025303801__24025303802,noncontrastive_vae,810.447814189316
24025303801__24025303803,noncontrastive_vae,-567.0581948925392
24025303801__24025303900,noncontrastive_vae,-495.3389783077364
24025303802__24025303803,noncontrastive_vae,-7593.934875969897
24025303803__24025303900,noncontrastive_vae,6617.116407817899
24025304101__24025304102,noncontrastive_vae,4445.761208912249
24025304101__24025304201,noncontrastive_vae,350.64618043098653
24025304101__24025304202,noncontrastive_vae,-4888.661863825301
24025304101__24025305100,noncontrastive_vae,-596.8747575534194
24025304102__24025304201,noncontrastive_vae,393.645166568218
24025304102__24025305100,noncontrastive_vae,-88.85707073041021
24025304201__24025304202,noncontrastive_vae,-4321.726974515284
24025305100__24025305200,noncontrastive_vae,-2688.1493492185364
24025305200__24025305300,noncontrastive_vae,-546.4759308769499
24025306100__24025306200,noncontrastive_vae,532.6553994565693
24025306100__24025306400,noncontrastive_vae,-2109.9750288473806
24027601103__24027601104,noncontrastive_vae,30549.313424194836
24027601103__24027601108,noncontrastive_vae,11132.746736816101
24027601103__24027601203,noncontrastive_vae,-11067.725477960603
24027601103__24027601204,noncontrastive_vae,-26636.616261614574
24027601104__24027601105,noncontrastive_vae,16603.95956986105
24027601104__24027601108,noncontrastive_vae,1602.40749040841
24027601104__24027601201,noncontrastive_vae,-18645.251115092164
24027601104__24027602700,noncontrastive_vae,28450.600419727118
24027601105__24027601108,noncontrastive_vae,15005.376181208434
24027601105__24027602302,noncontrastive_vae,19990.845888699045
24027601105__24027602700,noncontrastive_vae,12978.169273875816
24027601105__24027606606,noncontrastive_vae,3026.718899556756
24027601105__24027606607,noncontrastive_vae,-1797.6907247244872
24027601107__24027601108,noncontrastive_vae,20108.75779294874
24027601107__24027601203,noncontrastive_vae,-10244.64873908264
24027601107__24027606706,noncontrastive_vae,21598.555554333805
24027601108__24027601203,noncontrastive_vae,-13617.001616412017
24027601108__24027606706,noncontrastive_vae,7498.428145221595
24027601201__24027601204,noncontrastive_vae,15832.044072622615
24027601203__24027601204,noncontrastive_vae,-15651.473349549924
24027601203__24027606901,noncontrastive_vae,-12295.135433824536
24027602100__24027602201,noncontrastive_vae,3945.304102280954
24027602100__24027602202,noncontrastive_vae,-3670.2174178575806
24027602100__24027602600,noncontrastive_vae,-14762.937982653744
24027602201__24027602202,noncontrastive_vae,-7120.926962799651
24027602201__24027602303,noncontrastive_vae,458.12481869968906
24027602202__24027602304,noncontrastive_vae,1090.6286531043406
24027602202__24027602305,noncontrastive_vae,-1233.7646014637467
24027602202__24027602306,noncontrastive_vae,-7896.845438638869
24027602202__24027602600,noncontrastive_vae,998.0592902998033
24027602302__24027602306,noncontrastive_vae,-24518.61698271759
24027602302__24027602700,noncontrastive_vae,4182.235827330345
24027602302__24027602800,noncontrastive_vae,-6930.806993276987
24027602302__24027606601,noncontrastive_vae,5840.080694954835
24027602302__24027606607,noncontrastive_vae,13326.249224919018
24027602303__24027602304,noncontrastive_vae,3009.7979525664923
24027602303__24027605503,noncontrastive_vae,3870.287917537811
24027602304__24027602305,noncontrastive_vae,-4827.57202696109
24027602304__24027602306,noncontrastive_vae,-2007.5747889971062
24027602304__24027605401,noncontrastive_vae,11942.082727592566
24027602305__24027602306,noncontrastive_vae,142.95674884179607
24027602306__24027602800,noncontrastive_vae,7421.987195650698
24027602306__24027605401,noncontrastive_vae,-3434.486211929914
24027602600__24027602800,noncontrastive_vae,-3170.15022873409
24027602600__24027602900,noncontrastive_vae,-13208.78083129676
24027602700__24027602800,noncontrastive_vae,8048.584120070118
24027602800__24027602900,noncontrastive_vae,5893.071600678406
24027603001__24027603003,noncontrastive_vae,12549.758395858076
24027603001__24027603004,noncontrastive_vae,1020.5284751331928
24027603003__24027603004,noncontrastive_vae,-14815.254694413059
24027603003__24027605104,noncontrastive_vae,-3728.2319855530895
24027603004__24027605104,noncontrastive_vae,-1304.5978131823358
24027603004__24027605502,noncontrastive_vae,-1938.8408386926185
24027604001__24027604002,noncontrastive_vae,-13708.673245784612
24027604001__24031700103,noncontrastive_vae,5236.185371319104
24027604001__24031700204,noncontrastive_vae,8564.867958093628
24027604002__24031700103,noncontrastive_vae,6191.913287546748
24027604002__24031701317,noncontrastive_vae,692.2500657192522
24027605102__24027605103,noncontrastive_vae,30620.630891969777
24027605102__24027605504,noncontrastive_vae,4331.6216067427085
24027605102__24027605602,noncontrastive_vae,-8892.607418076077
24027605102__24027606803,noncontrastive_vae,-10644.024951848158
24027605102__24027606805,noncontrastive_vae,2416.522576043917
24027605102__24027606806,noncontrastive_vae,-8717.337138194387
24027605102__24031701316,noncontrastive_vae,11995.544027808424
24027605102__24031701408,noncontrastive_vae,19666.83746472543
24027605103__24027605104,noncontrastive_vae,-20129.093886821553
24027605103__24027605504,noncontrastive_vae,-7234.372861862708
24027605103__24031701316,noncontrastive_vae,20541.470232418065
24027605103__24031701317,noncontrastive_vae,10958.603381497702
24027605104__24027605502,noncontrastive_vae,5604.041387369009
24027605104__24027605505,noncontrastive_vae,4245.159063366598
24027605401__24027605402,noncontrastive_vae,-3303.0000872345845
24027605401__24027605503,noncontrastive_vae,6122.4992873087685
24027605401__24027606601,noncontrastive_vae,-13110.024411890263
24027605402__24027605503,noncontrastive_vae,25177.615691933606
24027605402__24027605602,noncontrastive_vae,32004.105179967795
24027605402__24027606603,noncontrastive_vae,-25857.320120002754
24027605502__24027605503,noncontrastive_vae,5899.126544055387
24027605502__24027605601,noncontrastive_vae,9005.833819774063
24027605503__24027605602,noncontrastive_vae,-8096.575535443577
24027605504__24027605505,noncontrastive_vae,1811.728538286552
24027605505__24027605601,noncontrastive_vae,-39.55343186977916
24027605505__24027605602,noncontrastive_vae,-685.5941777644839
24027605601__24027605602,noncontrastive_vae,-396.38374979043147
24027605602__24027606603,noncontrastive_vae,-25641.441804643546
24027605602__24027606701,noncontrastive_vae,-20254.71546156313
24027606601__24027606603,noncontrastive_vae,-1124.769044852328
24027606601__24027606604,noncontrastive_vae,-2299.266820110788
24027606601__24027606606,noncontrastive_vae,-4050.459905617681
24027606601__24027606607,noncontrastive_vae,8504.363366580648
24027606603__24027606604,noncontrastive_vae,10773.322869437965
24027606603__24027606701,noncontrastive_vae,1950.370687317074
24027606603__24027606704,noncontrastive_vae,18085.298265565645
24027606604__24027606606,noncontrastive_vae,-5159.019311051961
24027606604__24027606706,noncontrastive_vae,-6835.255581397767
24027606604__24027606707,noncontrastive_vae,8575.431392039289
24027606606__24027606607,noncontrastive_vae,16528.901009606765
24027606606__24027606706,noncontrastive_vae,26333.252512588944
24027606701__24027606704,noncontrastive_vae,13960.357308650535
24027606701__24027606707,noncontrastive_vae,10364.675833094363
24027606701__24027606803,noncontrastive_vae,2732.559412777322
24027606704__24027606705,noncontrastive_vae,13166.730135879123
24027606704__24027606707,noncontrastive_vae,19632.62121385936
24027606705__24027606707,noncontrastive_vae,26180.87215220629
24027606706__24027606707,noncontrastive_vae,-56096.7330524235
24027606706__24027606901,noncontrastive_vae,2962.2122601955816
24027606707__24027606804,noncontrastive_vae,-11172.755159219872
24027606707__24027606901,noncontrastive_vae,-99987.98727216112
24027606803__24027606804,noncontrastive_vae,6505.564334915791
24027606804__24027606806,noncontrastive_vae,5834.5993966676
24027606804__24027606905,noncontrastive_vae,-3059.267488630183
24027606805__24027606806,noncontrastive_vae,-486.15228657455737
24027606805__24027606906,noncontrastive_vae,-3955.996065881889
24027606806__24027606905,noncontrastive_vae,8064.349288039251
24027606806__24027606907,noncontrastive_vae,-11262.912267357693
24027606901__24027606905,noncontrastive_vae,-37985.93712624835
24027606904__24027606905,noncontrastive_vae,20898.455765718438
24027606904__24027606907,noncontrastive_vae,17658.919675540506
24027606905__24027606907,noncontrastive_vae,9328.699594153288
24027606906__24027606907,noncontrastive_vae,-11344.651574622229
24027606906__24033800102,noncontrastive_vae,3062.355671934958
24027606906__24033800103,noncontrastive_vae,1016.9332664166941
24029950100__24029950200,noncontrastive_vae,-2852.478436088676
24029950100__24035810100,noncontrastive_vae,3032.2073073799806
24029950200__24029950300,noncontrastive_vae,15198.503846046347
24029950200__24029950400,noncontrastive_vae,14586.10076490024
24029950300__24029950400,noncontrastive_vae,5132.419570007096
24029950300__24035810300,noncontrastive_vae,2392.0041900738524
24029950400__24029950500,noncontrastive_vae,27439.51538802476
24031700101__24031700103,noncontrastive_vae,9309.001456351329
24031700101__24031700104,noncontrastive_vae,-1392.8692258961528
24031700101__24031700206,noncontrastive_vae,16219.153893082395
24031700103__24031700104,noncontrastive_vae,-2408.6367890374295
24031700103__24031700105,noncontrastive_vae,-7612.779554150944
24031700103__24031700208,noncontrastive_vae,258.70362663367314
24031700103__24031700710,noncontrastive_vae,-3021.847032538033
24031700103__24031701307,noncontrastive_vae,23412.52273946533
24031700103__24031701317,noncontrastive_vae,25491.85762263425
24031700104__24031700105,noncontrastive_vae,-1832.0959105859183
24031700104__24031700715,noncontrastive_vae,-446.0969632556662
24031700104__24031700810,noncontrastive_vae,2783.702531373936
24031700104__24031700811,noncontrastive_vae,414.28095841219874
24031700105__24031700715,noncontrastive_vae,-24.40840373539322
24031700105__24031700716,noncontrastive_vae,8467.90925551521
24031700204__24031700207,noncontrastive_vae,12191.956663274561
24031700204__24031700208,noncontrastive_vae,11196.06317492597
24031700205__24031700207,noncontrastive_vae,966.8784944391409
24031700205__24031700304,noncontrastive_vae,5320.873865571761
24031700205__24031700311,noncontrastive_vae,7124.460900184888
24031700205__24031700835,noncontrastive_vae,-8476.34433518284
24031700206__24031700207,noncontrastive_vae,6089.498695135595
24031700206__24031700208,noncontrastive_vae,4682.090252000893
24031700207__24031700208,noncontrastive_vae,-602.6071847673447
24031700304__24031700308,noncontrastive_vae,-1965.9397619961237
24031700304__24031700309,noncontrastive_vae,-5396.327062720564
24031700304__24031700311,noncontrastive_vae,2514.2476338579872
24031700304__24031700830,noncontrastive_vae,805.8557122040729
24031700304__24031700835,noncontrastive_vae,-2839.0379416442884
24031700306__24031700310,noncontrastive_vae,17403.395807390123
24031700306__24031700611,noncontrastive_vae,-8464.770439913287
24031700306__24031700613,noncontrastive_vae,-5041.257270234186
24031700306__24031700815,noncontrastive_vae,-1244.6037053839864
24031700308__24031700309,noncontrastive_vae,9014.368367719304
24031700308__24031700312,noncontrastive_vae,-1880.5073473510565
24031700309__24031700310,noncontrastive_vae,10779.757804494082
24031700309__24031700818,noncontrastive_vae,-6310.863585485502
24031700310__24031700312,noncontrastive_vae,3223.991962420382
24031700310__24031700818,noncontrastive_vae,-701.3820384229384
24031700311__24031700312,noncontrastive_vae,18534.84836361331
24031700312__24031700400,noncontrastive_vae,-20994.840096915068
24031700312__24031700611,noncontrastive_vae,-3718.8176923377778
24031700400__24031700500,noncontrastive_vae,52427.29305570252
24031700400__24031700611,noncontrastive_vae,14851.43149594533
24031700500__24031700604,noncontrastive_vae,21402.776027402077
24031700500__24031700611,noncontrastive_vae,-5534.066673546301
24031700604__24031700611,noncontrastive_vae,-7367.126902163034
24031700604__24031700613,noncontrastive_vae,48734.66078532037
24031700604__24031700615,noncontrastive_vae,13958.487567773933
24031700604__24031700616,noncontrastive_vae,-7986.143129690354
24031700604__24031700824,noncontrastive_vae,-74.90012466373264
24031700606__24031700607,noncontrastive_vae,22417.48674954965
24031700606__24031700608,noncontrastive_vae,21970.38095765251
24031700606__24031700828,noncontrastive_vae,7496.483356144361
24031700607__24031700608,noncontrastive_vae,36456.37518014292
24031700607__24031700816,noncontrastive_vae,-11798.462442974978
24031700607__24031700828,noncontrastive_vae,-3576.3796057809805
24031700607__24031701221,noncontrastive_vae,2804.70816301187
24031700608__24031701220,noncontrastive_vae,18658.691795806008
24031700608__24031701221,noncontrastive_vae,-2447.97786418728
24031700608__24031706007,noncontrastive_vae,30381.349845562883
24031700608__24031706008,noncontrastive_vae,15416.794525859303
24031700610__24031700614,noncontrastive_vae,8489.732444752313
24031700610__24031700706,noncontrastive_vae,5019.619570776626
24031700610__24031700820,noncontrastive_vae,4315.620067946667
24031700611__24031700613,noncontrastive_vae,15007.921947825234
24031700613__24031700614,noncontrastive_vae,-533.27282588464
24031700613__24031700815,noncontrastive_vae,-5023.613617845556
24031700614__24031700706,noncontrastive_vae,-320.7985188622224
24031700614__24031700815,noncontrastive_vae,10733.492951502223
24031700615__24031700616,noncontrastive_vae,8797.161571972
24031700616__24031700824,noncontrastive_vae,-2133.8370215334635
24031700704__24031700711,noncontrastive_vae,-6430.678391359463
24031700704__24031700717,noncontrastive_vae,9079.889864476936
24031700704__24031700718,noncontrastive_vae,-3930.3361690539896
24031700704__24031700719,noncontrastive_vae,8314.46498077086
24031700704__24031701211,noncontrastive_vae,-2019.3315965259917
24031700706__24031700722,noncontrastive_vae,2471.610781874144
24031700706__24031700723,noncontrastive_vae,4836.219336869992
24031700706__24031700724,noncontrastive_vae,275.08106401815894
24031700706__24031700815,noncontrastive_vae,884.2288734577778
24031700706__24031700820,noncontrastive_vae,-2970.3231832805322
24031700706__24031700822,noncontrastive_vae,597.2983513289946
24031700706__24031700829,noncontrastive_vae,-878.738660177085
24031700710__24031700711,noncontrastive_vae,1626.2295566091743
24031700710__24031700716,noncontrastive_vae,4139.783175835404
24031700710__24031700720,noncontrastive_vae,-2553.3507944749363
24031700710__24031701212,noncontrastive_vae,-5394.216707694988
24031700711__24031700719,noncontrastive_vae,3568.17277031111
24031700711__24031700720,noncontrastive_vae,-2163.7745539527605
24031700711__24031701211,noncontrastive_vae,2146.3639989254843
24031700711__24031701212,noncontrastive_vae,1303.0812495901846
24031700713__24031700719,noncontrastive_vae,-4610.4089646219
24031700713__24031700721,noncontrastive_vae,10631.623014970002
24031700713__24031700722,noncontrastive_vae,-108.50069724325658
24031700713__24031700723,noncontrastive_vae,13256.600576999728
24031700713__24031700812,noncontrastive_vae,13181.595601057496
24031700715__24031700716,noncontrastive_vae,-4644.339779777907
24031700715__24031700811,noncontrastive_vae,-1866.4946577007504
24031700715__24031700812,noncontrastive_vae,1672.5842597132578
24031700716__24031700719,noncontrastive_vae,-1329.4712197724184
24031700716__24031700720,noncontrastive_vae,-776.6643045659293
24031700716__24031700812,noncontrastive_vae,-961.4072054215358
24031700717__24031700718,noncontrastive_vae,2494.8510229321837
24031700717__24031700723,noncontrastive_vae,-4011.326209352723
24031700717__24031700724,noncontrastive_vae,-3483.7137195937757
24031700717__24031700816,noncontrastive_vae,23.131083672487875
24031700718__24031700817,noncontrastive_vae,-7060.75298951639
24031700718__24031701007,noncontrastive_vae,-6652.067756307624
24031700718__24031701211,noncontrastive_vae,5379.415783917575
24031700719__24031700720,noncontrastive_vae,4007.2466073894175
24031700719__24031700723,noncontrastive_vae,2864.0532927441163
24031700721__24031700722,noncontrastive_vae,-6636.686301048601
24031700722__24031700723,noncontrastive_vae,3545.3130983649316
24031700722__24031700813,noncontrastive_vae,6337.946409751279
24031700722__24031700832,noncontrastive_vae,-1198.567216176194
24031700722__24031700833,noncontrastive_vae,-193.12795047225518
24031700723__24031700724,noncontrastive_vae,-1201.0131478861877
24031700724__24031700829,noncontrastive_vae,-550.8739184311125
24031700810__24031700811,noncontrastive_vae,3537.083021491606
24031700811__24031700812,noncontrastive_vae,-5898.129287241263
24031700812__24031700813,noncontrastive_vae,-3165.348763774202
24031700813__24031700833,noncontrastive_vae,5704.095089279668
24031700815__24031700818,noncontrastive_vae,11613.520159665772
24031700816__24031700817,noncontrastive_vae,-14664.447215568624
24031700816__24031700828,noncontrastive_vae,-6876.814265653607
24031700816__24031700829,noncontrastive_vae,7894.322356999575
24031700816__24031701221,noncontrastive_vae,-1482.986100551112
24031700817__24031701007,noncontrastive_vae,-14302.524894756323
24031700817__24031701221,noncontrastive_vae,10205.414224711109
24031700818__24031700819,noncontrastive_vae,-2605.6616575917287
24031700818__24031700830,noncontrastive_vae,-218.10266894221422
24031700819__24031700832,noncontrastive_vae,1553.5393277214316
24031700820__24031700822,noncontrastive_vae,434.3925523595608
24031700822__24031700829,noncontrastive_vae,-1179.7634581800157
24031700823__24031700826,noncontrastive_vae,713.0492028088884
24031700823__24031700829,noncontrastive_vae,-2597.5830510352316
24031700826__24031700829,noncontrastive_vae,4080.2103333515224
24031700828__24031700829,noncontrastive_vae,-7622.787010698092
24031700830__24031700832,noncontrastive_vae,-442.50984285500454
24031700830__24031700834,noncontrastive_vae,5413.998637809331
24031700830__24031700835,noncontrastive_vae,733.1631990083006
24031700832__24031700833,noncontrastive_vae,4146.16851935349
24031700832__24031700834,noncontrastive_vae,288.97737635555677
24031700833__24031700834,noncontrastive_vae,-1970.0765972113586
24031700834__24031700835,noncontrastive_vae,-4620.008762963171
24031700901__24031700902,noncontrastive_vae,-7604.5746946441795
24031700901__24031700904,noncontrastive_vae,-3242.7642562555193
24031700901__24031701001,noncontrastive_vae,17338.333644430255
24031700901__24031701004,noncontrastive_vae,8473.668221843014
24031700901__24031701005,noncontrastive_vae,27819.11238609642
24031700902__24031700903,noncontrastive_vae,-5993.246570095485
24031700902__24031701004,noncontrastive_vae,-220.64869740724316
24031700902__24031701101,noncontrastive_vae,3738.0823249871064
24031700902__24031701102,noncontrastive_vae,1557.634074881018
24031700902__24031701211,noncontrastive_vae,2656.613451340956
24031700903__24031701101,noncontrastive_vae,-2475.303127188272
24031700903__24031701211,noncontrastive_vae,-1409.5175180274746
24031700903__24031701212,noncontrastive_vae,6095.32922379992
24031700903__24031701303,noncontrastive_vae,11429.800824790802
24031700903__24031703202,noncontrastive_vae,499.757409635552
24031700904__24031700905,noncontrastive_vae,-4362.509672126847
24031700904__24031701001,noncontrastive_vae,3045.690390150412
24031700904__24031701102,noncontrastive_vae,-125.9552984000693
24031700904__24031701218,noncontrastive_vae,-4329.42090632116
24031700904__24031701219,noncontrastive_vae,-498.3335060746631
24031700905__24031701001,noncontrastive_vae,9273.903624094586
24031700905__24031701205,noncontrastive_vae,4346.724519578605
24031700905__24031701218,noncontrastive_vae,-2749.768264779057
24031701001__24031701002,noncontrastive_vae,-11554.945967594424
24031701001__24031701005,noncontrastive_vae,1504.8002377566372
24031701001__24031701006,noncontrastive_vae,241.90531745177577
24031701001__24031701205,noncontrastive_vae,-15641.069246730141
24031701002__24031701006,noncontrastive_vae,1938.1973559891776
24031701002__24031701205,noncontrastive_vae,62.31205440045596
24031701002__24031701206,noncontrastive_vae,15531.327873647228
24031701002__24031701210,noncontrastive_vae,8546.767674330651
24031701004__24031701005,noncontrastive_vae,12282.419584845087
24031701004__24031701007,noncontrastive_vae,-9221.738305504085
24031701004__24031701211,noncontrastive_vae,8457.564627265965
24031701005__24031701006,noncontrastive_vae,-9040.665797886671
24031701005__24031701007,noncontrastive_vae,-2366.129867120644
24031701006__24031701007,noncontrastive_vae,-19211.693979546166
24031701006__24031701210,noncontrastive_vae,10370.691304012347
24031701006__24031701220,noncontrastive_vae,18205.59588801716
24031701006__24031701221,noncontrastive_vae,3268.204441183152
24031701007__24031701211,noncontrastive_vae,-6906.285467668415
24031701101__24031701102,noncontrastive_vae,-1358.2115573380288
24031701101__24031701219,noncontrastive_vae,-3047.147250854847
24031701101__24031703201,noncontrastive_vae,-2493.7473223080124
24031701101__24031703202,noncontrastive_vae,-2140.7792556302356
24031701102__24031701219,noncontrastive_vae,4608.037702600901
24031701201__24031701202,noncontrastive_vae,8727.388092729947
24031701201__24031701219,noncontrastive_vae,6560.7668487160845
24031701201__24031703501,noncontrastive_vae,4182.001933690757
24031701201__24031703502,noncontrastive_vae,7917.957588446567
24031701202__24031701213,noncontrastive_vae,3797.1234811558243
24031701202__24031701214,noncontrastive_vae,5564.548530092165
24031701202__24031701216,noncontrastive_vae,2730.1649315383547
24031701202__24031703502,noncontrastive_vae,-1116.5002762943896
24031701202__24031704300,noncontrastive_vae,1179.698662156141
24031701205__24031701206,noncontrastive_vae,-3902.0343321660766
24031701205__24031701213,noncontrastive_vae,5776.55820449772
24031701205__24031701215,noncontrastive_vae,-4586.354205274576
24031701205__24031701216,noncontrastive_vae,4888.481826014744
24031701205__24031704401,noncontrastive_vae,-4590.260689345043
24031701205__24031704501,noncontrastive_vae,2940.999624679309
24031701205__24031706012,noncontrastive_vae,-6158.137055741958
24031701206__24031701210,noncontrastive_vae,3228.1583655111117
24031701206__24031706007,noncontrastive_vae,2566.068229676619
24031701206__24031706011,noncontrastive_vae,23728.363910063672
24031701206__24031706012,noncontrastive_vae,-4827.93268549809
24031701210__24031701220,noncontrastive_vae,18304.138086544925
24031701210__24031706007,noncontrastive_vae,12812.734731614499
24031701211__24031701212,noncontrastive_vae,3461.1259362228884
24031701212__24031701303,noncontrastive_vae,4399.655172258288
24031701212__24031701307,noncontrastive_vae,5833.433608686701
24031701213__24031701214,noncontrastive_vae,-2529.086177513411
24031701213__24031701215,noncontrastive_vae,13962.61284260224
24031701213__24031701216,noncontrastive_vae,9014.726686945014
24031701214__24031701215,noncontrastive_vae,3614.620637529293
24031701214__24031704300,noncontrastive_vae,-3969.495454168158
24031701214__24031704401,noncontrastive_vae,-1612.966269311104
24031701215__24031704401,noncontrastive_vae,-17080.6180508776
24031701216__24031701218,noncontrastive_vae,397.69699957652483
24031701216__24031701219,noncontrastive_vae,1076.0216325585607
24031701218__24031701219,noncontrastive_vae,2154.372420562064
24031701219__24031703501,noncontrastive_vae,-935.2397669970196
24031701220__24031701221,noncontrastive_vae,18077.94073662369
24031701303__24031701308,noncontrastive_vae,-5269.1636440590155
24031701303__24031703202,noncontrastive_vae,5074.6189210700395
24031701304__24031701307,noncontrastive_vae,7634.978092146788
24031701304__24031701312,noncontrastive_vae,1826.7031896674125
24031701304__24031701315,noncontrastive_vae,-5475.867754018833
24031701304__24031701317,noncontrastive_vae,14015.644924685763
24031701306__24031701308,noncontrastive_vae,3244.48795375818
24031701306__24031701313,noncontrastive_vae,6106.7923634464605
24031701307__24031701308,noncontrastive_vae,-4199.797127757953
24031701307__24031701312,noncontrastive_vae,4101.130713609937
24031701308__24031701313,noncontrastive_vae,4333.592633335953
24031701308__24031701314,noncontrastive_vae,-3580.6174705584017
24031701308__24031701316,noncontrastive_vae,11065.76954980264
24031701308__24031701407,noncontrastive_vae,-1261.0975246549315
24031701308__24031703202,noncontrastive_vae,158.41846239269307
24031701308__24031703218,noncontrastive_vae,-315.0108652907984
24031701308__24031703219,noncontrastive_vae,145.94596467671363
24031701308__24031703220,noncontrastive_vae,697.6869566400228
24031701308__24031703221,noncontrastive_vae,2033.3975862624175
24031701312__24031701313,noncontrastive_vae,5532.318625652137
24031701312__24031701314,noncontrastive_vae,189.62202455513034
24031701313__24031701314,noncontrastive_vae,-512.0645769729235
24031701314__24031701315,noncontrastive_vae,5646.622094739214
24031701315__24031701316,noncontrastive_vae,9926.37451712136
24031701315__24031701317,noncontrastive_vae,-2701.067731264945
24031701316__24031701408,noncontrastive_vae,23342.01486501884
24031701407__24031701408,noncontrastive_vae,10700.275962401036
24031701407__24031701415,noncontrastive_vae,6295.781439941573
24031701407__24031701507,noncontrastive_vae,-7115.769913437169
24031701407__24031703221,noncontrastive_vae,8466.606802254912
24031701408__24031701409,noncontrastive_vae,13266.797971346998
24031701408__24031701410,noncontrastive_vae,-2927.2818867344176
24031701408__24031701415,noncontrastive_vae,-817.56032985415
24031701409__24031701410,noncontrastive_vae,-13273.65220370065
24031701409__24031701414,noncontrastive_vae,2185.847734014289
24031701409__24031701422,noncontrastive_vae,-3147.4352627387707
24031701409__24031701423,noncontrastive_vae,-6630.668117361658
24031701410__24031701417,noncontrastive_vae,-2998.642806961703
24031701410__24031701423,noncontrastive_vae,4843.325646007315
24031701410__24033800203,noncontrastive_vae,22635.096533488904
24031701414__24031701415,noncontrastive_vae,4604.901921360561
24031701414__24031701417,noncontrastive_vae,-678.4565411830235
24031701414__24031701418,noncontrastive_vae,165.76759247831797
24031701414__24031701420,noncontrastive_vae,-2901.200079310511
24031701414__24031701421,noncontrastive_vae,-57.33242095674359
24031701414__24031701503,noncontrastive_vae,-2148.834912747079
24031701415__24031701503,noncontrastive_vae,1833.2237545131939
24031701415__24031701507,noncontrastive_vae,659.1747807429783
24031701417__24031701418,noncontrastive_vae,471.79401926005085
24031701417__24031701422,noncontrastive_vae,-2994.353230579123
24031701417__24033807407,noncontrastive_vae,3947.4073040961484
24031701418__24031701420,noncontrastive_vae,1773.627139803153
24031701418__24033807407,noncontrastive_vae,535.1031082154175
24031701420__24031701421,noncontrastive_vae,2465.0138956691662
24031701420__24033807407,noncontrastive_vae,1799.5674545433867
24031701503__24031701506,noncontrastive_vae,6506.982356565939
24031701503__24031701508,noncontrastive_vae,1849.7432739043797
24031701503__24031701509,noncontrastive_vae,4169.219625655489
24031701505__24031701506,noncontrastive_vae,-4099.551057831763
24031701505__24031701509,noncontrastive_vae,1863.0704748062417
24031701505__24031701602,noncontrastive_vae,2812.547482339345
24031701505__24031702102,noncontrastive_vae,845.7843274969491
24031701506__24031701507,noncontrastive_vae,4727.6605566326325
24031701506__24031703207,noncontrastive_vae,-1925.6342779625602
24031701506__24031703208,noncontrastive_vae,6003.341398225581
24031701507__24031703212,noncontrastive_vae,-1006.6852973667483
24031701508__24031701509,noncontrastive_vae,-1977.8801193364015
24031701509__24031701601,noncontrastive_vae,-531.585693283705
24031701509__24033807304,noncontrastive_vae,1282.0423491594083
24031701509__24033807305,noncontrastive_vae,-289.6541073321332
24031701601__24031701602,noncontrastive_vae,-5892.270286346757
24031701601__24033805906,noncontrastive_vae,-67.92168550460337
24031701601__24033807305,noncontrastive_vae,-4889.673395620057
24031701602__24031702101,noncontrastive_vae,-1283.296926913812
24031701701__24031701703,noncontrastive_vae,746.3423478753366
24031701701__24031701704,noncontrastive_vae,1720.4293702692921
24031701701__24031701800,noncontrastive_vae,-487.6590520945174
24031701702__24031701703,noncontrastive_vae,-419.3617240759013
24031701702__24031701800,noncontrastive_vae,2803.965079178788
24031701702__24031701900,noncontrastive_vae,2476.2557864834926
24031701702__24031702301,noncontrastive_vae,-1758.5504744828668
24031701702__24031702401,noncontrastive_vae,-4212.93962233049
24031701703__24031701704,noncontrastive_vae,1531.7201265487565
24031701703__24031701900,noncontrastive_vae,809.9188103228871
24031701703__24031702000,noncontrastive_vae,-2785.6650656255133
24031701703__24033805500,noncontrastive_vae,-1891.715305046455
24031701703__24033805601,noncontrastive_vae,658.4231329053728
24031701704__24033805202,noncontrastive_vae,3277.2206891914393
24031701704__24033805500,noncontrastive_vae,-1809.065875049022
24031701800__24031702401,noncontrastive_vae,3928.660250969835
24031701800__24031702402,noncontrastive_vae,-1049.8433730455745
24031701800__24031702500,noncontrastive_vae,-5629.239926663509
24031701900__24031702000,noncontrastive_vae,-1129.6669655500627
24031701900__24031702301,noncontrastive_vae,-399.26581985515804
24031702000__24031702101,noncontrastive_vae,-679.9293452695201
24031702000__24031702200,noncontrastive_vae,-904.0539669340142
24031702000__24033805700,noncontrastive_vae,-1196.1310500097024
24031702101__24031702102,noncontrastive_vae,1339.8349495053444
24031702101__24031702200,noncontrastive_vae,2031.2328652779834
24031702101__24033805700,noncontrastive_vae,-849.937448922803
24031702102__24031703000,noncontrastive_vae,5709.622320772498
24031702102__24031703100,noncontrastive_vae,104.01695303971064
24031702200__24031702301,noncontrastive_vae,-146.75328506498045
24031702200__24031702302,noncontrastive_vae,8216.255307858984
24031702200__24031703000,noncontrastive_vae,5028.444469833572
24031702301__24031702302,noncontrastive_vae,-1276.974397065329
24031702302__24031702900,noncontrastive_vae,-2986.247960967783
24031702302__24031703000,noncontrastive_vae,2003.3159536916974
24031702401__24031702402,noncontrastive_vae,1956.4797471737256
24031702401__24031702900,noncontrastive_vae,-3089.427802856655
24031702402__24031702500,noncontrastive_vae,-1605.6189111599742
24031702500__24031702601,noncontrastive_vae,-4119.14087336302
24031702500__24031702800,noncontrastive_vae,-3611.458525049062
24031702500__24031702900,noncontrastive_vae,7216.151945913032
24031702601__24031702602,noncontrastive_vae,2988.848045156774
24031702601__24031702800,noncontrastive_vae,5075.723561517112
24031702602__24031702700,noncontrastive_vae,-5137.736057831582
24031702700__24031702800,noncontrastive_vae,-5872.553525240219
24031702700__24031704000,noncontrastive_vae,-1330.7289143599637
24031702700__24031704100,noncontrastive_vae,-4938.9797751828155
24031702700__24031705100,noncontrastive_vae,2637.4969745682683
24031702700__24031705200,noncontrastive_vae,756.719043148445
24031702800__24031702900,noncontrastive_vae,-371.0031657234649
24031702800__24031704000,noncontrastive_vae,5652.296362590318
24031702900__24031703901,noncontrastive_vae,9618.31982740169
24031703000__24031703100,noncontrastive_vae,4641.3676385116705
24031703100__24031703209,noncontrastive_vae,1484.0682602169582
24031703100__24031703902,noncontrastive_vae,-1095.0454698445974
24031703201__24031703202,noncontrastive_vae,905.5760383421584
24031703201__24031703213,noncontrastive_vae,1854.5261309171547
24031703201__24031703214,noncontrastive_vae,-533.8866621722518
24031703201__24031703301,noncontrastive_vae,3532.4836427546034
24031703201__24031703302,noncontrastive_vae,-1076.9381272696774
24031703201__24031703501,noncontrastive_vae,2273.612991411741
24031703202__24031703216,noncontrastive_vae,-2486.2859635057575
24031703202__24031703218,noncontrastive_vae,-4380.102056646374
24031703206__24031703212,noncontrastive_vae,5212.290814150227
24031703206__24031703215,noncontrastive_vae,-12237.180805659427
24031703206__24031703402,noncontrastive_vae,-15701.584953300451
24031703206__24031703403,noncontrastive_vae,-1890.4632068420178
24031703207__24031703208,noncontrastive_vae,-2125.069385908959
24031703207__24031703209,noncontrastive_vae,-425.5419497134244
24031703207__24031703212,noncontrastive_vae,4209.840609691459
24031703207__24031703702,noncontrastive_vae,216.98935264212923
24031703208__24031703209,noncontrastive_vae,-2529.51153395457
24031703209__24031703702,noncontrastive_vae,-1901.9044337366067
24031703209__24031703800,noncontrastive_vae,2703.144514106876
24031703209__24031703902,noncontrastive_vae,-12015.121501990961
24031703212__24031703215,noncontrastive_vae,1014.017199494092
24031703212__24031703221,noncontrastive_vae,4789.566021519728
24031703212__24031703403,noncontrastive_vae,-1564.4121309730835
24031703213__24031703214,noncontrastive_vae,-3307.2133902330806
24031703214__24031703215,noncontrastive_vae,-11284.788678794801
24031703214__24031703216,noncontrastive_vae,18.385745785348263
24031703214__24031703220,noncontrastive_vae,-12270.526483698506
24031703214__24031703302,noncontrastive_vae,-3933.5199062081156
24031703215__24031703220,noncontrastive_vae,-996.6202053892284
24031703215__24031703302,noncontrastive_vae,-666.7130236824951
24031703215__24031703402,noncontrastive_vae,2007.0036138644464
24031703216__24031703219,noncontrastive_vae,10048.00515666548
24031703216__24031703220,noncontrastive_vae,-9038.180785319531
24031703219__24031703220,noncontrastive_vae,-4315.195265273498
24031703220__24031703221,noncontrastive_vae,-9219.623439279494
24031703301__24031703302,noncontrastive_vae,3338.2830608539043
24031703301__24031703501,noncontrastive_vae,914.1625853257792
24031703302__24031703401,noncontrastive_vae,-1035.1653955817783
24031703302__24031703402,noncontrastive_vae,-3285.4726442353494
24031703302__24031703501,noncontrastive_vae,-2316.4676384307777
24031703401__24031703402,noncontrastive_vae,-1824.49688998081
24031703401__24031703403,noncontrastive_vae,3982.1748818549568
24031703401__24031703404,noncontrastive_vae,8071.784259135427
24031703401__24031703501,noncontrastive_vae,2765.665753900361
24031703402__24031703403,noncontrastive_vae,-16719.83917339226
24031703403__24031703701,noncontrastive_vae,9303.08254615689
24031703403__24031703702,noncontrastive_vae,5159.962161908992
24031703404__24031703601,noncontrastive_vae,2050.73402769072
24031703404__24031703701,noncontrastive_vae,3154.226225530885
24031703501__24031703502,noncontrastive_vae,67.69825624336954
24031703501__24031703601,noncontrastive_vae,-1412.1842051628919
24031703502__24031703601,noncontrastive_vae,4213.87243751916
24031703502__24031704200,noncontrastive_vae,-3221.6936194844457
24031703502__24031704300,noncontrastive_vae,976.193753622958
24031703601__24031703602,noncontrastive_vae,-9238.98001336889
24031703601__24031703701,noncontrastive_vae,-97.4084918227527
24031703601__24031703702,noncontrastive_vae,4634.567808720587
24031703601__24031704200,noncontrastive_vae,3059.5713883540884
24031703602__24031703800,noncontrastive_vae,2551.8418792614975
24031703602__24031704000,noncontrastive_vae,-342.42537853594695
24031703602__24031704200,noncontrastive_vae,13275.080319000997
24031703701__24031703702,noncontrastive_vae,-15053.144767170317
24031703702__24031703800,noncontrastive_vae,14618.637359964581
24031703800__24031703902,noncontrastive_vae,9047.168225226618
24031703800__24031704000,noncontrastive_vae,-1450.708657319572
24031703901__24031703902,noncontrastive_vae,-14509.414219334732
24031703901__24031704000,noncontrastive_vae,2549.5187066989893
24031703902__24031704000,noncontrastive_vae,48.80601668374766
24031704000__24031704100,noncontrastive_vae,810.7410508921603
24031704100__24031704200,noncontrastive_vae,4213.899202618733
24031704100__24031704300,noncontrastive_vae,3271.142008919309
24031704100__24031704404,noncontrastive_vae,-6749.297994913402
24031704100__24031705100,noncontrastive_vae,3883.0122984933623
24031704200__24031704300,noncontrastive_vae,1059.8649123968717
24031704300__24031704401,noncontrastive_vae,-2079.7420797391533
24031704300__24031704404,noncontrastive_vae,-2090.9070312757394
24031704401__24031704403,noncontrastive_vae,-2837.3220631656586
24031704401__24031704404,noncontrastive_vae,-8446.909019422194
24031704401__24031704501,noncontrastive_vae,-487.6979462841482
24031704403__24031704404,noncontrastive_vae,-7804.293224081484
24031704404__24031704503,noncontrastive_vae,-6984.353006655016
24031704404__24031705000,noncontrastive_vae,10851.642953262664
24031704404__24031705100,noncontrastive_vae,-1687.35975760156
24031704501__24031704502,noncontrastive_vae,-6129.76053089233
24031704501__24031704503,noncontrastive_vae,519.4622532790654
24031704501__24031706013,noncontrastive_vae,-7118.409745232726
24031704502__24031704503,noncontrastive_vae,3750.699954851938
24031704502__24031704600,noncontrastive_vae,6238.113873302831
24031704502__24031705901,noncontrastive_vae,12298.599561877469
24031704503__24031704600,noncontrastive_vae,-372.9286410511122
24031704503__24031705000,noncontrastive_vae,-4517.771574339256
24031704600__24031704700,noncontrastive_vae,3482.3424441293027
24031704600__24031704806,noncontrastive_vae,-799.527262208212
24031704600__24031705000,noncontrastive_vae,6430.71034523219
24031704600__24031705901,noncontrastive_vae,13875.85566021645
24031704700__24031704803,noncontrastive_vae,-7593.581450002675
24031704700__24031704804,noncontrastive_vae,-3213.6093635600973
24031704700__24031704805,noncontrastive_vae,-3264.016082303575
24031704700__24031704806,noncontrastive_vae,-8601.826460020973
24031704700__24031705502,noncontrastive_vae,-4038.7312609849596
24031704700__24031705901,noncontrastive_vae,602.9172504224434
24031704700__24031705903,noncontrastive_vae,10548.448697255964
24031704803__24031704804,noncontrastive_vae,6493.23334800054
24031704803__24031705400,noncontrastive_vae,5366.635091951393
24031704803__24031705502,noncontrastive_vae,8748.686272604464
24031704804__24031704805,noncontrastive_vae,-12376.89909007142
24031704806__24031705000,noncontrastive_vae,7191.38883350946
24031705000__24031705100,noncontrastive_vae,-2577.235484131903
24031705000__24031705400,noncontrastive_vae,-2789.3111542136503
24031705100__24031705200,noncontrastive_vae,6532.97071575078
24031705100__24031705300,noncontrastive_vae,3599.4493503178196
24031705100__24031705400,noncontrastive_vae,-5729.4773045217335
24031705200__24031705300,noncontrastive_vae,5298.491910260126
24031705300__24031705400,noncontrastive_vae,14556.303313009586
24031705300__24031705501,noncontrastive_vae,-65.89379438902506
24031705300__24031705502,noncontrastive_vae,1878.7814639212338
24031705400__24031705502,noncontrastive_vae,-8585.387071206686
24031705501__24031705502,noncontrastive_vae,93.47798593100015
24031705501__24031705601,noncontrastive_vae,-1126.8737954844437
24031705501__24031705602,noncontrastive_vae,-6029.6484501407795
24031705502__24031705601,noncontrastive_vae,-6430.305875164442
24031705502__24031705701,noncontrastive_vae,1722.6265111481443
24031705502__24031705903,noncontrastive_vae,-15460.890991730455
24031705601__24031705602,noncontrastive_vae,-5313.1321396283365
24031705601__24031705701,noncontrastive_vae,-3104.0911184418583
24031705601__24031705702,noncontrastive_vae,-11093.906355311956
24031705701__24031705702,noncontrastive_vae,-9105.148692550836
24031705701__24031705800,noncontrastive_vae,-14144.0186331621
24031705701__24031705902,noncontrastive_vae,-7067.362017570558
24031705702__24031705800,noncontrastive_vae,10888.856990985201
24031705800__24031705902,noncontrastive_vae,-36158.532314397
24031705800__24031706008,noncontrastive_vae,-6081.839404053346
24031705800__24031706009,noncontrastive_vae,-18944.989280195703
24031705800__51013100300,noncontrastive_vae,-1075.0030435911103
24031705800__51059470100,noncontrastive_vae,-59251.24052388928
24031705800__51059480100,noncontrastive_vae,-2417.6858981458936
24031705901__24031705902,noncontrastive_vae,-23207.048238749943
24031705901__24031705903,noncontrastive_vae,13924.754553257153
24031705901__24031706013,noncontrastive_vae,-9726.95426882236
24031705902__24031705903,noncontrastive_vae,-19083.956567081732
24031705902__24031706009,noncontrastive_vae,-4512.280402815748
24031706005__24031706007,noncontrastive_vae,30838.808181199092
24031706005__24031706008,noncontrastive_vae,-431.3813192510661
24031706005__24031706009,noncontrastive_vae,24321.69920752733
24031706005__24031706011,noncontrastive_vae,19846.986658570066
24031706005__24031706013,noncontrastive_vae,16175.317673503025
24031706007__24031706008,noncontrastive_vae,15692.007001295919
24031706007__24031706011,noncontrastive_vae,13154.67888422675
24031706008__24031706009,noncontrastive_vae,61539.380628594714
24031706008__51059480100,noncontrastive_vae,-99189.45807677056
24031706009__24031706013,noncontrastive_vae,-12827.390460752773
24031706010__24031706011,noncontrastive_vae,13052.145545909847
24031706010__24031706012,noncontrastive_vae,3809.188625782208
24031706010__24031706013,noncontrastive_vae,-6599.417367075555
24031706011__24031706012,noncontrastive_vae,-2810.9253090714046
24031706012__24031706013,noncontrastive_vae,-15729.034486544624
24033800102__24033800103,noncontrastive_vae,-3377.7241949156087
24033800102__24033800105,noncontrastive_vae,2182.7778976179543
24033800102__24033800109,noncontrastive_vae,954.603169145641
24033800103__24033800109,noncontrastive_vae,990.7420581630868
24033800103__24033800209,noncontrastive_vae,4436.622772543458
24033800103__24033800211,noncontrastive_vae,-3359.0321474657503
24033800103__24033800213,noncontrastive_vae,1254.8160949024386
24033800105__24033800106,noncontrastive_vae,-2176.1902971603704
24033800105__24033800109,noncontrastive_vae,-2539.5167358268227
24033800105__24033800203,noncontrastive_vae,7360.276640241795
24033800106__24033800108,noncontrastive_vae,-2244.184184151105
24033800106__24033800109,noncontrastive_vae,-2951.4154301291783
24033800106__24033800203,noncontrastive_vae,664.5311449886303
24033800106__24033800212,noncontrastive_vae,3444.658179737042
24033800106__24033800213,noncontrastive_vae,-3651.133014485182
24033800108__24033800109,noncontrastive_vae,-984.878339448358
24033800108__24033800213,noncontrastive_vae,-2886.367399750321
24033800203__24033800212,noncontrastive_vae,2383.7494317053333
24033800203__24033807407,noncontrastive_vae,12515.831147405403
24033800206__24033800208,noncontrastive_vae,-9725.990987986894
24033800206__24033800211,noncontrastive_vae,-4389.106999520533
24033800206__24033800411,noncontrastive_vae,29999.342240161033
24033800206__24033807408,noncontrastive_vae,-1825.7107812340619
24033800208__24033800211,noncontrastive_vae,-1418.7730778994737
24033800208__24033800212,noncontrastive_vae,290.16869177101944
24033800208__24033800214,noncontrastive_vae,2348.259553025586
24033800208__24033800215,noncontrastive_vae,7578.128746371312
24033800208__24033807408,noncontrastive_vae,-1285.7027621393063
24033800209__24033800211,noncontrastive_vae,-2691.65897415371
24033800209__24033800213,noncontrastive_vae,-526.3867365063197
24033800210__24033800213,noncontrastive_vae,-1686.2290227948088
24033800210__24033800215,noncontrastive_vae,-1340.0028565165485
24033800211__24033800214,noncontrastive_vae,4838.933636748678
24033800212__24033800213,noncontrastive_vae,808.2888279604595
24033800212__24033800215,noncontrastive_vae,-3280.1372068500514
24033800212__24033807408,noncontrastive_vae,3510.2755013673086
24033800401__24033800402,noncontrastive_vae,2080.3779894471045
24033800401__24033800403,noncontrastive_vae,62.16228727447924
24033800401__24033800504,noncontrastive_vae,972.0509510130942
24033800402__24033800403,noncontrastive_vae,3733.507518027556
24033800402__24033800409,noncontrastive_vae,-10507.605968460746
24033800402__24033800504,noncontrastive_vae,6475.166089559263
24033800402__24033800513,noncontrastive_vae,2382.831218392548
24033800403__24033800409,noncontrastive_vae,2150.453571982245
24033800408__24033800409,noncontrastive_vae,6157.572294776215
24033800408__24033800410,noncontrastive_vae,3282.215169666863
24033800408__24033800411,noncontrastive_vae,3241.76480282177
24033800408__24033800413,noncontrastive_vae,-6266.389762180865
24033800408__24033800514,noncontrastive_vae,4599.963758646638
24033800408__24033803516,noncontrastive_vae,-493.6161817119064
24033800409__24033800410,noncontrastive_vae,13958.792110993509
24033800409__24033800513,noncontrastive_vae,-2621.5209098349787
24033800409__24033800514,noncontrastive_vae,5461.753493719347
24033800410__24033800411,noncontrastive_vae,24056.209584774966
24033800411__24033800412,noncontrastive_vae,-3440.8804225016765
24033800411__24033800413,noncontrastive_vae,-1448.2987251545346
24033800411__24033807408,noncontrastive_vae,10397.920361524904
24033800412__24033800413,noncontrastive_vae,-3540.8680972990514
24033800412__24033803606,noncontrastive_vae,-1433.1090990558805
24033800412__24033806712,noncontrastive_vae,1429.6487958495254
24033800504__24033800505,noncontrastive_vae,3977.5200507664413
24033800504__24033800507,noncontrastive_vae,-778.6481707713019
24033800504__24033800513,noncontrastive_vae,2157.1477108744075
24033800505__24033800513,noncontrastive_vae,-4768.328196042854
24033800505__24033800515,noncontrastive_vae,-735.0230162330481
24033800505__24033800516,noncontrastive_vae,-1746.057481847456
24033800507__24033800509,noncontrastive_vae,5111.044181304909
24033800507__24033800511,noncontrastive_vae,1235.115451940088
24033800507__24033800516,noncontrastive_vae,-652.0236131970742
24033800507__24033800519,noncontrastive_vae,-602.1513660428864
24033800507__24033800520,noncontrastive_vae,-1411.4715900825613
24033800507__24033800604,noncontrastive_vae,-2012.3636295381712
24033800507__24033800608,noncontrastive_vae,6.245524980502523
24033800509__24033800517,noncontrastive_vae,-5496.845721926173
24033800509__24033800607,noncontrastive_vae,-1579.110331629614
24033800509__24033803522,noncontrastive_vae,120.43225437190995
24033800509__24033803526,noncontrastive_vae,-6874.156849358129
24033800511__24033800515,noncontrastive_vae,-2175.8017401100806
24033800511__24033800517,noncontrastive_vae,-1756.2006419746212
24033800511__24033800519,noncontrastive_vae,-6055.974095359661
24033800513__24033800514,noncontrastive_vae,12600.044495766459
24033800513__24033800515,noncontrastive_vae,-340.86016186259076
24033800513__24033800518,noncontrastive_vae,6302.213918690424
24033800514__24033800518,noncontrastive_vae,-6925.179262759062
24033800514__24033803516,noncontrastive_vae,229.9474502543162
24033800515__24033800516,noncontrastive_vae,19439.574273439925
24033800515__24033800519,noncontrastive_vae,191.91218956993907
24033800516__24033800520,noncontrastive_vae,1829.4043676322108
24033800517__24033800518,noncontrastive_vae,14396.19483168648
24033800517__24033803522,noncontrastive_vae,-5288.942577651804
24033800517__24033803523,noncontrastive_vae,-3045.020284309465
24033800518__24033803520,noncontrastive_vae,4784.004160884528
24033800601__24033800604,noncontrastive_vae,1403.5289956961014
24033800601__24033800605,noncontrastive_vae,3071.993948015741
24033800601__24033800608,noncontrastive_vae,-650.2405713090993
24033800604__24033800608,noncontrastive_vae,1076.9703668732527
24033800605__24033800606,noncontrastive_vae,-2098.3140830799457
24033800605__24033800607,noncontrastive_vae,435.02689890810143
24033800605__24033800608,noncontrastive_vae,-573.0497273189612
24033800605__24033800701,noncontrastive_vae,-1042.1833675184444
24033800605__24033800707,noncontrastive_vae,-976.0482468764476
24033800606__24033800607,noncontrastive_vae,-71.13170016173171
24033800606__24033800701,noncontrastive_vae,206.50209010245226
24033800607__24033800608,noncontrastive_vae,-4751.782296802256
24033800607__24033800701,noncontrastive_vae,7060.47295166058
24033800607__24033803512,noncontrastive_vae,-1909.9275900724715
24033800607__24033803526,noncontrastive_vae,1098.8409216220316
24033800701__24033800707,noncontrastive_vae,-4729.006099811857
24033800701__24033801104,noncontrastive_vae,113.08561729942448
24033800701__24033802201,noncontrastive_vae,-322.5781359992543
24033800701__24033803512,noncontrastive_vae,3100.0169801136035
24033800704__24033800705,noncontrastive_vae,-2858.6569497731307
24033800704__24033800706,noncontrastive_vae,306.5924638408378
24033800704__24033800707,noncontrastive_vae,4102.48152965878
24033800705__24033800706,noncontrastive_vae,2008.9269200195085
24033800705__24033800800,noncontrastive_vae,-821.4194465253386
24033800705__24033801004,noncontrastive_vae,-839.8376789688882
24033800706__24033800707,noncontrastive_vae,5075.683231491788
24033800706__24033801005,noncontrastive_vae,-2302.5928949052886
24033800706__24033801006,noncontrastive_vae,-1429.250817889273
24033800706__24033801214,noncontrastive_vae,-757.737401712282
24033800707__24033801104,noncontrastive_vae,-5709.129316624564
24033801003__24033801004,noncontrastive_vae,34292.19846720808
24033801003__24033801310,noncontrastive_vae,17051.048208345634
24033801004__24033801005,noncontrastive_vae,3935.3833259218336
24033801004__24033801006,noncontrastive_vae,-665.8633462044445
24033801005__24033801006,noncontrastive_vae,-1026.2737330874625
24033801005__24033801214,noncontrastive_vae,-935.1174768110068
24033801005__24033801215,noncontrastive_vae,1040.494436999532
24033801104__24033801211,noncontrastive_vae,-5622.812240153144
24033801104__24033801212,noncontrastive_vae,1194.3535128731164
24033801104__24033801214,noncontrastive_vae,10240.254015643797
24033801104__24033801904,noncontrastive_vae,-2938.2569830725115
24033801104__24033802201,noncontrastive_vae,-1006.6934705263484
24033801207__24033801208,noncontrastive_vae,-2613.2302600472904
24033801207__24033801214,noncontrastive_vae,-566.37052724557
24033801207__24033801215,noncontrastive_vae,2998.1753462392626
24033801207__24033801217,noncontrastive_vae,740.4609272821399
24033801208__24033801209,noncontrastive_vae,3824.523650705185
24033801208__24033801216,noncontrastive_vae,-569.6753579377773
24033801208__24033801217,noncontrastive_vae,-5258.382865545289
24033801209__24033801216,noncontrastive_vae,5485.8937192833655
24033801210__24033801211,noncontrastive_vae,6778.208719158796
24033801210__24033801213,noncontrastive_vae,6397.298393274206
24033801210__24033801216,noncontrastive_vae,5333.017691653922
24033801210__24033801311,noncontrastive_vae,-3303.6915123475146
24033801211__24033801212,noncontrastive_vae,-5575.166461916626
24033801211__24033801214,noncontrastive_vae,-3597.5655795521598
24033801211__24033801217,noncontrastive_vae,-4783.319079111607
24033801212__24033801213,noncontrastive_vae,374.3577602559726
24033801212__24033801407,noncontrastive_vae,-2157.4199053155553
24033801212__24033801901,noncontrastive_vae,1867.4090583984544
24033801212__24033801904,noncontrastive_vae,-187.0846308390319
24033801213__24033801305,noncontrastive_vae,-4024.7079968973103
24033801213__24033801407,noncontrastive_vae,492.5373090521698
24033801214__24033801215,noncontrastive_vae,-6037.157047004446
24033801214__24033801217,noncontrastive_vae,-6268.9307169622625
24033801216__24033801217,noncontrastive_vae,12428.58608309333
24033801216__24033801311,noncontrastive_vae,7476.651772454223
24033801302__24033801310,noncontrastive_vae,-16559.43839931267
24033801302__24033801311,noncontrastive_vae,3804.5656898844445
24033801305__24033801307,noncontrastive_vae,-117.14945733711193
24033801305__24033801313,noncontrastive_vae,6112.935216902268
24033801305__24033801406,noncontrastive_vae,4148.138389969623
24033801305__24033801407,noncontrastive_vae,-803.9032053028204
24033801307__24033801308,noncontrastive_vae,-4190.00649376
24033801307__24033801309,noncontrastive_vae,5556.396255083109
24033801307__24033801312,noncontrastive_vae,-2824.5626708186273
24033801307__24033801313,noncontrastive_vae,-4949.236925730671
24033801307__24033801410,noncontrastive_vae,2717.01982489882
24033801307__24033801411,noncontrastive_vae,-5028.6078935822225
24033801308__24033801309,noncontrastive_vae,3389.154177540664
24033801308__24033801312,noncontrastive_vae,-4454.225655739334
24033801309__24033801312,noncontrastive_vae,-1388.8768390755577
24033801310__24033801311,noncontrastive_vae,7945.848322095419
24033801311__24033801312,noncontrastive_vae,8186.638577889971
24033801404__24033801405,noncontrastive_vae,-10885.149366130412
24033801404__24033801411,noncontrastive_vae,2437.9977695644448
24033801404__24033801500,noncontrastive_vae,-14305.54299971147
24033801405__24033801408,noncontrastive_vae,-2599.5137361043016
24033801405__24033801409,noncontrastive_vae,-5933.629691027629
24033801405__24033801500,noncontrastive_vae,-4326.594893063448
24033801405__24033801702,noncontrastive_vae,-2415.658821475554
24033801405__24033801707,noncontrastive_vae,-3755.136535081663
24033801406__24033801407,noncontrastive_vae,-2041.8302501649778
24033801406__24033801409,noncontrastive_vae,4516.81491067605
24033801406__24033801411,noncontrastive_vae,-4613.104955435223
24033801407__24033801701,noncontrastive_vae,827.9186836168483
24033801407__24033801901,noncontrastive_vae,-3792.159729051913
24033801408__24033801409,noncontrastive_vae,-4107.766596747331
24033801408__24033801701,noncontrastive_vae,2198.899218890301
24033801408__24033801702,noncontrastive_vae,-3868.923811448887
24033801409__24033801411,noncontrastive_vae,3927.2774746338773
24033801410__24033801411,noncontrastive_vae,6134.968050527208
24033801500__24033801600,noncontrastive_vae,-4739.279528931424
24033801500__24033801707,noncontrastive_vae,-6998.1339577372
24033801600__24033801707,noncontrastive_vae,-1923.1863461087578
24033801701__24033801702,noncontrastive_vae,1104.3026809186722
24033801701__24033801901,noncontrastive_vae,1083.489466005456
24033801702__24033801708,noncontrastive_vae,2927.8483841719863
24033801702__24033801901,noncontrastive_vae,-111.48736967111472
24033801704__24033801706,noncontrastive_vae,-2692.8449733409907
24033801704__24033801707,noncontrastive_vae,9624.932199740568
24033801704__24033801708,noncontrastive_vae,-3808.984520355858
24033801704__24033801807,noncontrastive_vae,7630.593166267568
24033801706__24033801708,noncontrastive_vae,3789.0259231586697
24033801706__24033801801,noncontrastive_vae,967.3837887999998
24033801706__24033801807,noncontrastive_vae,-1497.680789114227
24033801706__24033801808,noncontrastive_vae,1451.4168111030413
24033801707__24033801708,noncontrastive_vae,6901.433961906274
24033801708__24033801907,noncontrastive_vae,-884.2423663288937
24033801801__24033801802,noncontrastive_vae,1281.1931635200017
24033801801__24033801907,noncontrastive_vae,1254.2924203712755
24033801802__24033801804,noncontrastive_vae,-5757.220654613331
24033801802__24033801805,noncontrastive_vae,-1844.279801351111
24033801802__24033801808,noncontrastive_vae,-624.846379930179
24033801802__24033801907,noncontrastive_vae,-6668.283251519999
24033801802__24033801908,noncontrastive_vae,-1976.247556425904
24033801804__24033801805,noncontrastive_vae,-2199.486630107138
24033801804__24033801807,noncontrastive_vae,1467.364208746667
24033801804__24033801808,noncontrastive_vae,4972.814315760466
24033801805__24033801807,noncontrastive_vae,382.8887902215465
24033801805__24033801908,noncontrastive_vae,-6780.926662994636
24033801805__24033802405,noncontrastive_vae,4101.419629247603
24033801807__24033801808,noncontrastive_vae,1498.9368415711542
24033801807__24033802405,noncontrastive_vae,-2384.906868408889
24033801807__24033802501,noncontrastive_vae,-810.0328877969732
24033801901__24033801904,noncontrastive_vae,46.74536053333213
24033801901__24033801905,noncontrastive_vae,649.0365478761069
24033801901__24033801907,noncontrastive_vae,-2900.03471532563
24033801904__24033801905,noncontrastive_vae,-10606.933118094457
24033801904__24033801906,noncontrastive_vae,-4112.6035314844485
24033801904__24033802201,noncontrastive_vae,-1304.6805936533028
24033801905__24033801906,noncontrastive_vae,7656.761612825789
24033801905__24033801907,noncontrastive_vae,5892.288546781805
24033801905__24033802001,noncontrastive_vae,3272.1586450730247
24033801906__24033802001,noncontrastive_vae,-37.0857259022232
24033801906__24033802104,noncontrastive_vae,-6810.9368137081765
24033801906__24033802106,noncontrastive_vae,3787.8785641600007
24033801906__24033802107,noncontrastive_vae,-1366.0752766222222
24033801907__24033801908,noncontrastive_vae,-6824.644382584418
24033801907__24033802001,noncontrastive_vae,15392.118693741962
24033801908__24033802405,noncontrastive_vae,-13368.158506197826
24033802001__24033802002,noncontrastive_vae,15000.789715680545
24033802001__24033802107,noncontrastive_vae,-5269.225057805681
24033802001__24033802405,noncontrastive_vae,1619.2989528868566
24033802002__24033802103,noncontrastive_vae,-4914.513858849292
24033802002__24033802107,noncontrastive_vae,-2863.3728346991957
24033802002__24033802405,noncontrastive_vae,-2313.329641064258
24033802002__24033802406,noncontrastive_vae,-5961.779409806011
24033802103__24033802104,noncontrastive_vae,-4437.041010179295
24033802103__24033802106,noncontrastive_vae,-8025.8576656000005
24033802103__24033802107,noncontrastive_vae,-5248.256165721183
24033802103__24033802203,noncontrastive_vae,-3733.3468195841087
24033802103__24033802301,noncontrastive_vae,9336.96682766059
24033802103__24033802407,noncontrastive_vae,726.6867191466663
24033802104__24033802106,noncontrastive_vae,5452.684361145317
24033802104__24033802201,noncontrastive_vae,-1628.7544045456452
24033802104__24033802203,noncontrastive_vae,-5864.204685094417
24033802106__24033802107,noncontrastive_vae,-4348.920451606895
24033802201__24033802203,noncontrastive_vae,-2885.130999402347
24033802201__24033802204,noncontrastive_vae,-1825.212717695853
24033802201__24033803512,noncontrastive_vae,-1091.7347249434897
24033802203__24033802204,noncontrastive_vae,11923.322340810177
24033802203__24033802301,noncontrastive_vae,-397.8894813111583
24033802204__24033802301,noncontrastive_vae,2836.8263483205537
24033802204__24033802404,noncontrastive_vae,8204.735236994102
24033802204__24033802804,noncontrastive_vae,8761.134282839557
24033802204__24033803512,noncontrastive_vae,-1786.5262475766358
24033802204__24033803519,noncontrastive_vae,1797.557860863075
24033802301__24033802404,noncontrastive_vae,5193.960518450243
24033802301__24033802407,noncontrastive_vae,-2625.851734215037
24033802301__24033802803,noncontrastive_vae,-1818.90186845453
24033802404__24033802803,noncontrastive_vae,165.79638822166453
24033802405__24033802406,noncontrastive_vae,-4459.739374687106
24033802405__24033802408,noncontrastive_vae,1371.3626770364062
24033802405__24033802501,noncontrastive_vae,-6370.828697967983
24033802405__24033802502,noncontrastive_vae,-3389.56918797059
24033802406__24033802407,noncontrastive_vae,-5770.882183145113
24033802407__24033802408,noncontrastive_vae,-487.5153200181958
24033802407__24033802803,noncontrastive_vae,1011.5931080108312
24033802408__24033802502,noncontrastive_vae,-1734.7318405840615
24033802408__24033802600,noncontrastive_vae,-2050.547428337778
24033802408__24033802803,noncontrastive_vae,-987.3520048463815
24033802501__24033802502,noncontrastive_vae,-4644.8462774148375
24033802502__24033802600,noncontrastive_vae,-7375.858732333945
24033802600__24033802803,noncontrastive_vae,1630.4066530468062
24033802700__24033802803,noncontrastive_vae,-208.24159670659355
24033802700__24033802901,noncontrastive_vae,-4718.94959227767
24033802803__24033802804,noncontrastive_vae,2206.1562047593616
24033802803__24033802901,noncontrastive_vae,-4738.623459070535
24033802804__24033802805,noncontrastive_vae,4969.28697028995
24033802804__24033802901,noncontrastive_vae,-1639.2707290082508
24033802804__24033803519,noncontrastive_vae,4251.678693215934
24033802805__24033803002,noncontrastive_vae,1365.6036324275137
24033802805__24033803519,noncontrastive_vae,-3207.4255933909226
24033802805__24033803524,noncontrastive_vae,10907.452334803145
24033803001__24033803002,noncontrastive_vae,2433.3243979723975
24033803001__24033803100,noncontrastive_vae,202.28407015449193
24033803002__24033803300,noncontrastive_vae,-391.5116858546171
24033803002__24033803524,noncontrastive_vae,-4081.6547790146724
24033803100__24033803200,noncontrastive_vae,-1921.9815165180535
24033803100__24033803300,noncontrastive_vae,-716.339301456479
24033803100__24033804200,noncontrastive_vae,713.8050663893846
24033803100__24033804300,noncontrastive_vae,717.9151882682345
24033803200__24033803300,noncontrastive_vae,-3485.349534943911
24033803200__24033803509,noncontrastive_vae,315.5004312634992
24033803200__24033804101,noncontrastive_vae,6023.87354759383
24033803300__24033803401,noncontrastive_vae,-1839.8921005889497
24033803300__24033803402,noncontrastive_vae,54.327631520023715
24033803300__24033803509,noncontrastive_vae,-4461.989419124249
24033803401__24033803402,noncontrastive_vae,5261.4352720159295
24033803401__24033803508,noncontrastive_vae,-6610.238776406786
24033803402__24033803508,noncontrastive_vae,-4186.828646520318
24033803402__24033803524,noncontrastive_vae,1349.1616045735154
24033803402__24033803525,noncontrastive_vae,-3439.2257267930872
24033803508__24033803509,noncontrastive_vae,997.7326387004687
24033803508__24033803521,noncontrastive_vae,10594.12795118946
24033803508__24033803525,noncontrastive_vae,3003.5980861915377
24033803508__24033803601,noncontrastive_vae,-34.84462261151111
24033803508__24033803602,noncontrastive_vae,241.9577572728249
24033803509__24033803602,noncontrastive_vae,3905.8421228081534
24033803509__24033803612,noncontrastive_vae,1697.551800783358
24033803509__24033803700,noncontrastive_vae,1238.2326408889057
24033803509__24033804101,noncontrastive_vae,1583.222642590661
24033803509__24033804102,noncontrastive_vae,812.2797981716867
24033803512__24033803513,noncontrastive_vae,-22.545847269604565
24033803512__24033803514,noncontrastive_vae,-2570.9384502632747
24033803512__24033803526,noncontrastive_vae,-425.21020979522564
24033803513__24033803514,noncontrastive_vae,4781.327401891394
24033803513__24033803526,noncontrastive_vae,-2122.0946899648134
24033803513__24033803527,noncontrastive_vae,5730.616918238789
24033803514__24033803519,noncontrastive_vae,-9051.542159396544
24033803514__24033803521,noncontrastive_vae,-5637.170522997374
24033803514__24033803522,noncontrastive_vae,-1434.164228464866
24033803514__24033803523,noncontrastive_vae,-2312.5913300518405
24033803514__24033803525,noncontrastive_vae,-2362.5347108682327
24033803514__24033803527,noncontrastive_vae,6314.681180035819
24033803516__24033803520,noncontrastive_vae,-1800.954231490192
24033803516__24033803608,noncontrastive_vae,7341.312483616683
24033803519__24033803524,noncontrastive_vae,3582.3696904491444
24033803519__24033803525,noncontrastive_vae,-528.7160778551406
24033803520__24033803521,noncontrastive_vae,10762.242846875237
24033803520__24033803523,noncontrastive_vae,-2883.8181832867376
24033803520__24033803601,noncontrastive_vae,724.6801441507196
24033803521__24033803523,noncontrastive_vae,4384.392817870745
24033803522__24033803523,noncontrastive_vae,-1804.221832134117
24033803522__24033803526,noncontrastive_vae,-648.130779240284
24033803522__24033803527,noncontrastive_vae,606.4604806375391
24033803524__24033803525,noncontrastive_vae,9770.761000672308
24033803601__24033803602,noncontrastive_vae,1819.8419576579763
24033803601__24033803608,noncontrastive_vae,1760.3900374610675
24033803602__24033803608,noncontrastive_vae,6491.629506460158
24033803602__24033803612,noncontrastive_vae,7339.93937933258
24033803605__24033803606,noncontrastive_vae,349.812180540961
24033803605__24033803610,noncontrastive_vae,5415.257510429947
24033803605__24033803612,noncontrastive_vae,1387.1339135275484
24033803605__24033803613,noncontrastive_vae,-46.70925372452257
24033803605__24033803803,noncontrastive_vae,-538.4872363596696
24033803605__24033806602,noncontrastive_vae,962.7007002398113
24033803605__24033806706,noncontrastive_vae,-2214.6969686863013
24033803606__24033803607,noncontrastive_vae,-1600.1057723800623
24033803606__24033803608,noncontrastive_vae,3537.6969056241796
24033803606__24033806710,noncontrastive_vae,3522.110399633413
24033803606__24033806711,noncontrastive_vae,259.39952838509635
24033803607__24033803608,noncontrastive_vae,-6597.194508868342
24033803608__24033803612,noncontrastive_vae,-1063.4887137391652
24033803610__24033803612,noncontrastive_vae,-781.3905589866772
24033803610__24033803613,noncontrastive_vae,-1544.7252960879523
24033803612__24033803613,noncontrastive_vae,-1094.1339778747424
24033803612__24033803700,noncontrastive_vae,-757.1834940807094
24033803612__24033803803,noncontrastive_vae,-552.3556942205632
24033803613__24033803803,noncontrastive_vae,849.1524204986599
24033803700__24033803801,noncontrastive_vae,-254.0008385962692
24033803700__24033803803,noncontrastive_vae,-1427.184057307244
24033803801__24033803803,noncontrastive_vae,-1008.9672547586924
24033803801__24033804001,noncontrastive_vae,3170.471056127135
24033803801__24033804102,noncontrastive_vae,6157.770177776198
24033803803__24033806601,noncontrastive_vae,1236.4559400757153
24033803900__24033804001,noncontrastive_vae,-4400.902563736025
24033803900__24033804002,noncontrastive_vae,1580.730843119176
24033803900__24033806300,noncontrastive_vae,1201.749468493901
24033803900__24033806501,noncontrastive_vae,-52.38579980814393
24033803900__24033806601,noncontrastive_vae,-50.052811494906564
24033804001__24033804002,noncontrastive_vae,-1881.1039382645686
24033804001__24033804300,noncontrastive_vae,-171.6422380176009
24033804002__24033804300,noncontrastive_vae,-1124.5576643470413
24033804002__24033804400,noncontrastive_vae,925.9662154258112
24033804002__24033806300,noncontrastive_vae,3165.917484808946
24033804101__24033804102,noncontrastive_vae,5255.497007474973
24033804101__24033804200,noncontrastive_vae,9760.65299479023
24033804102__24033804200,noncontrastive_vae,-212.4941598416408
24033804102__24033804300,noncontrastive_vae,-1157.2318255854188
24033804200__24033804300,noncontrastive_vae,1495.9849203889462
24033804300__24033804400,noncontrastive_vae,-163.5530439774593
24033804400__24033804600,noncontrastive_vae,1196.325816964767
24033804400__24033804700,noncontrastive_vae,2146.5367964241923
24033804400__24033806300,noncontrastive_vae,-225.14119275121448
24033804600__24033804700,noncontrastive_vae,5829.0961532692745
24033804600__24033806200,noncontrastive_vae,3521.365626772307
24033804600__24033806300,noncontrastive_vae,-2293.6495292052
24033804700__24033804801,noncontrastive_vae,-598.4051196249784
24033804801__24033804900,noncontrastive_vae,-3178.9149095118046
24033804802__24033804900,noncontrastive_vae,-361.1020700414447
24033804802__24033805000,noncontrastive_vae,-229.07223303111095
24033804802__24033806100,noncontrastive_vae,-5600.46293899346
24033804900__24033805000,noncontrastive_vae,17083.44310693247
24033805000__24033805101,noncontrastive_vae,18402.201610708355
24033805000__24033805201,noncontrastive_vae,693.5875320701089
24033805000__24033805202,noncontrastive_vae,358.17150290607606
24033805101__24033805202,noncontrastive_vae,-557.1053738918708
24033805101__24033805802,noncontrastive_vae,-9988.558904259276
24033805101__24033806000,noncontrastive_vae,16624.103965842965
24033805101__24033806100,noncontrastive_vae,-3197.6376863197875
24033805202__24033805500,noncontrastive_vae,-4209.871837514176
24033805500__24033805601,noncontrastive_vae,-1530.1717163316935
24033805500__24033805700,noncontrastive_vae,568.7161810385442
24033805500__24033805802,noncontrastive_vae,-4094.887820887616
24033805601__24033805602,noncontrastive_vae,-450.8190027175988
24033805601__24033805700,noncontrastive_vae,995.1950101836956
24033805602__24033805700,noncontrastive_vae,-31.85143492188581
24033805700__24033805801,noncontrastive_vae,-1038.523848315097
24033805700__24033805907,noncontrastive_vae,1310.6453933627636
24033805801__24033805802,noncontrastive_vae,11155.181863732869
24033805801__24033805909,noncontrastive_vae,10700.80937808473
24033805904__24033805906,noncontrastive_vae,324.6804506500921
24033805904__24033805907,noncontrastive_vae,-294.99114797786933
24033805904__24033805909,noncontrastive_vae,-5674.0845771807435
24033805904__24033807200,noncontrastive_vae,-15542.63518144573
24033805904__24033807305,noncontrastive_vae,3172.2841124622028
24033805906__24033807305,noncontrastive_vae,-1101.411485973622
24033805908__24033805909,noncontrastive_vae,5571.915836729953
24033805908__24033806000,noncontrastive_vae,-12764.645607843886
24033805908__24033806200,noncontrastive_vae,-343.5774576711119
24033805908__24033806400,noncontrastive_vae,-8219.600502443409
24033805909__24033806000,noncontrastive_vae,-3711.9504636143247
24033805909__24033806400,noncontrastive_vae,-10137.743371200992
24033806000__24033806100,noncontrastive_vae,2805.0452604808233
24033806000__24033806200,noncontrastive_vae,9.163530894627911
24033806100__24033806200,noncontrastive_vae,-5858.447813705978
24033806200__24033806300,noncontrastive_vae,-4582.492676050017
24033806200__24033806400,noncontrastive_vae,-4107.128749857642
24033806200__24033806501,noncontrastive_vae,-6477.2551797975175
24033806300__24033806501,noncontrastive_vae,2308.755915459231
24033806400__24033806501,noncontrastive_vae,-4856.785464777669
24033806400__24033807102,noncontrastive_vae,6297.741948900864
24033806400__24033807200,noncontrastive_vae,3760.0384891512003
24033806501__24033806601,noncontrastive_vae,4088.8436426584194
24033806501__24033807102,noncontrastive_vae,-3837.0677708575313
24033806601__24033806602,noncontrastive_vae,2298.3639862709642
24033806601__24033807102,noncontrastive_vae,-33.4587306221365
24033806602__24033806706,noncontrastive_vae,1690.1764875254594
24033806602__24033807102,noncontrastive_vae,-1132.0530804098416
24033806706__24033806708,noncontrastive_vae,1338.5386629544664
24033806706__24033806710,noncontrastive_vae,-5475.521183744684
24033806706__24033806713,noncontrastive_vae,1346.5501337850874
24033806706__24033806800,noncontrastive_vae,4019.3958014974633
24033806706__24033807102,noncontrastive_vae,-2712.7649276756383
24033806706__24033807408,noncontrastive_vae,221.79878260283294
24033806708__24033806710,noncontrastive_vae,-1957.3758670101815
24033806708__24033806712,noncontrastive_vae,5740.470720289071
24033806708__24033807408,noncontrastive_vae,-1262.3551028362417
24033806710__24033806711,noncontrastive_vae,1597.4896407387387
24033806710__24033806712,noncontrastive_vae,-3207.538816635497
24033806711__24033806712,noncontrastive_vae,-673.3949228803758
24033806712__24033807408,noncontrastive_vae,559.7337869351322
24033806713__24033806714,noncontrastive_vae,-2414.0223073574634
24033806713__24033806800,noncontrastive_vae,210.54931480075174
24033806713__24033807408,noncontrastive_vae,-1640.708491557045
24033806714__24033806800,noncontrastive_vae,3529.991991479572
24033806714__24033806900,noncontrastive_vae,-6888.248710907075
24033806714__24033807408,noncontrastive_vae,1730.842122617516
24033806800__24033807000,noncontrastive_vae,6761.6299834730235
24033806800__24033807102,noncontrastive_vae,-472.8347236833524
24033806900__24033807000,noncontrastive_vae,1556.5887231352826
24033806900__24033807301,noncontrastive_vae,5838.541899931668
24033806900__24033807404,noncontrastive_vae,-10188.009129950107
24033807000__24033807200,noncontrastive_vae,11636.701012051795
24033807000__24033807301,noncontrastive_vae,-5629.3094695394975
24033807102__24033807200,noncontrastive_vae,-3253.6851097730905
24033807200__24033807301,noncontrastive_vae,-6835.199244292897
24033807200__24033807305,noncontrastive_vae,-2754.508536984784
24033807301__24033807305,noncontrastive_vae,4382.56311230049
24033807301__24033807404,noncontrastive_vae,-307.48006675644865
24033807301__24033807405,noncontrastive_vae,-402.4066677321098
24033807304__24033807305,noncontrastive_vae,-3084.3346979848284
24033807304__24033807405,noncontrastive_vae,-2497.914750608751
24033807304__24033807409,noncontrastive_vae,1181.7146548776655
24033807404__24033807405,noncontrastive_vae,-11302.186391291463
24033807404__24033807408,noncontrastive_vae,-30038.876214807286
24033807405__24033807408,noncontrastive_vae,6647.376764378401
24033807405__24033807409,noncontrastive_vae,-13797.983738812793
24033807407__24033807408,noncontrastive_vae,-18766.730790780042
24033807407__24033807409,noncontrastive_vae,-1442.6056835580475
24033807407__24033807410,noncontrastive_vae,-2604.646387935576
24033807409__24033807410,noncontrastive_vae,-239.25657238731583
24035810100__24035810200,noncontrastive_vae,1114.912485287322
24035810100__24035810300,noncontrastive_vae,12120.482402262809
24035810200__24035810300,noncontrastive_vae,6669.038980001878
24035810200__24035810500,noncontrastive_vae,-1958.0208985599993
24035810400__24035810500,noncontrastive_vae,-1295.2530832267512
24035810400__24035810600,noncontrastive_vae,2170.5333394410045
24035810500__24035810600,noncontrastive_vae,4117.989809198052
24035810500__24041960100,noncontrastive_vae,-16334.48117015741
24035810600__24035810700,noncontrastive_vae,515.4704781838118
24035810800__24035810901,noncontrastive_vae,4020.950941240939
24035810800__24035811000,noncontrastive_vae,18338.75512512616
24035810901__24035811000,noncontrastive_vae,-4584.626767370697
24037875000__24037875100,noncontrastive_vae,23639.36755487077
24037875000__24037875201,noncontrastive_vae,-5406.2405002819905
24037875000__24037875600,noncontrastive_vae,-5346.803287537776
24037875100__24037875201,noncontrastive_vae,15040.188801422224
24037875201__24037875202,noncontrastive_vae,2769.9811748369466
24037875201__24037875300,noncontrastive_vae,-2195.1610025244445
24037875201__24037875500,noncontrastive_vae,7488.081281107272
24037875201__24037875600,noncontrastive_vae,16707.278889422225
24037875300__24037875400,noncontrastive_vae,6849.738866773332
24037875400__24037875500,noncontrastive_vae,-1467.8702465422248
24037875500__24037875600,noncontrastive_vae,27139.221124216034
24037875600__24037875700,noncontrastive_vae,-21280.000214880536
24037875600__24037875802,noncontrastive_vae,-694.4189824069099
24037875600__24037876002,noncontrastive_vae,-6188.6616143511255
24037875700__24037875802,noncontrastive_vae,-18461.72230014585
24037875801__24037875802,noncontrastive_vae,6054.736229760001
24037875801__24037875901,noncontrastive_vae,3357.1108384467443
24037875801__24037876001,noncontrastive_vae,1325.750227982222
24037875802__24037876001,noncontrastive_vae,-1638.4438474666667
24037875802__24037876002,noncontrastive_vae,-2613.2646260406545
24037875901__24037875902,noncontrastive_vae,-3078.5213545244424
24037875901__24037876001,noncontrastive_vae,-755.5443847466668
24037875901__24037876200,noncontrastive_vae,-824.793016876707
24037875902__24037876001,noncontrastive_vae,-435.8063311288897
24037875902__24037876002,noncontrastive_vae,6546.852083768888
24037875902__24037876100,noncontrastive_vae,2774.1471030755565
24037875902__24037876200,noncontrastive_vae,-1604.1579589333332
24037876001__24037876002,noncontrastive_vae,2947.66399672889
24037876002__24037876100,noncontrastive_vae,-2948.147725302915
24039930101__24039930102,noncontrastive_vae,-2741.3696716045233
24039930101__24047951400,noncontrastive_vae,504.1443586980613
24039930102__24045010800,noncontrastive_vae,9459.649031765312
24039930300__24039980400,noncontrastive_vae,-724.5530379154261
24039930300__24047951400,noncontrastive_vae,-2932.565028145503
24039930300__24047951500,noncontrastive_vae,-978.4768490459555
24039930500__24039930600,noncontrastive_vae,3618.417422239382
24041960201__24041960300,noncontrastive_vae,8835.77967114293
24041960201__24041960400,noncontrastive_vae,-4299.764869963022
24041960201__24041960501,noncontrastive_vae,6812.406113139012
24041960201__24041960502,noncontrastive_vae,-3703.682738202864
24041960300__24041960400,noncontrastive_vae,-1557.6921597486507
24041960300__24041960501,noncontrastive_vae,9171.008665948208
24041960400__24041960501,noncontrastive_vae,-2656.5772170369746
24041960400__24041960502,noncontrastive_vae,-12612.83710454218
24041960501__24041960502,noncontrastive_vae,-3679.277071654861
24041960600__24041960700,noncontrastive_vae,29621.657515661387
24041960700__24041960800,noncontrastive_vae,43164.74420512218
24043000100__24043000200,noncontrastive_vae,10511.74196415541
24043000100__24043000500,noncontrastive_vae,5888.4861555455045
24043000100__24043010300,noncontrastive_vae,-81.45846285764856
24043000100__24043011202,noncontrastive_vae,-166.71039580352772
24043000200__24043000301,noncontrastive_vae,-4925.423002174044
24043000200__24043000302,noncontrastive_vae,-2000.595568596661
24043000200__24043000400,noncontrastive_vae,-7219.87316165999
24043000200__24043010300,noncontrastive_vae,6674.2152364811445
24043000301__24043000302,noncontrastive_vae,-4155.716883761058
24043000301__24043000900,noncontrastive_vae,2598.1083376138995
24043000301__24043010300,noncontrastive_vae,-1858.8304094294726
24043000301__24043010400,noncontrastive_vae,-1233.071060625487
24043000302__24043000400,noncontrastive_vae,1674.34867466299
24043000302__24043000900,noncontrastive_vae,1368.8542917779087
24043000400__24043000500,noncontrastive_vae,-209.0658535145394
24043000400__24043000700,noncontrastive_vae,1405.4101433889773
24043000400__24043000800,noncontrastive_vae,-6903.058675520079
24043000400__24043000900,noncontrastive_vae,89.89618961243741
24043000500__24043000601,noncontrastive_vae,3471.3209675854487
24043000500__24043000700,noncontrastive_vae,2579.5049649816283
24043000500__24043011201,noncontrastive_vae,-5113.483682706315
24043000601__24043000602,noncontrastive_vae,2154.109985654046
24043000601__24043000700,noncontrastive_vae,-404.9140478007107
24043000601__24043011201,noncontrastive_vae,-1034.2078132364186
24043000602__24043000700,noncontrastive_vae,-3294.876585074875
24043000602__24043001001,noncontrastive_vae,5448.917741548059
24043000602__24043010900,noncontrastive_vae,-1401.1180752475088
24043000602__24043011100,noncontrastive_vae,2188.7860859556604
24043000602__24043011201,noncontrastive_vae,1425.6972113998272
24043000700__24043000800,noncontrastive_vae,-3918.6282077034593
24043000800__24043000900,noncontrastive_vae,498.1757601271129
24043000900__24043001001,noncontrastive_vae,-14234.97617329019
24043000900__24043001002,noncontrastive_vae,-1652.1976330954494
24043000900__24043010500,noncontrastive_vae,2020.5857069258054
24043001001__24043001002,noncontrastive_vae,-1164.7220776515132
24043001001__24043010900,noncontrastive_vae,-3678.818024034019
24043001002__24043010500,noncontrastive_vae,-1792.2413357925252
24043001002__24043010801,noncontrastive_vae,1271.0839596503356
24043001002__24043010802,noncontrastive_vae,-585.547042132066
24043010200__24043011202,noncontrastive_vae,9452.769513767675
24043010200__24043011301,noncontrastive_vae,10175.581630435672
24043010300__24043010400,noncontrastive_vae,-16877.93203731088
24043010300__24043011202,noncontrastive_vae,-20907.732558980246
24043010400__24043010500,noncontrastive_vae,7120.802836881281
24043010500__24043010600,noncontrastive_vae,5652.8709743807085
24043010500__24043010801,noncontrastive_vae,6016.23221243493
24043010600__24043010700,noncontrastive_vae,7301.558352005854
24043010801__24043010802,noncontrastive_vae,5902.970906838582
24043010802__24043010900,noncontrastive_vae,4988.79873650043
24043010900__24043011100,noncontrastive_vae,5427.704550129433
24043010900__24043011600,noncontrastive_vae,1893.3420833032533
24043011100__24043011201,noncontrastive_vae,5325.144640200731
24043011100__24043011302,noncontrastive_vae,-5785.950678206333
24043011201__24043011202,noncontrastive_vae,14305.155177775985
24043011201__24043011302,noncontrastive_vae,5154.118649220659
24043011202__24043011301,noncontrastive_vae,7030.623662748598
24043011202__24043011302,noncontrastive_vae,20804.353826177903
24043011301__24043011302,noncontrastive_vae,-2356.9513738211863
24043011302__24043011400,noncontrastive_vae,3996.85151625708
24043011500__24043011600,noncontrastive_vae,9313.083181960672
24045000100__24045000200,noncontrastive_vae,6218.794616472063
24045000100__24045000500,noncontrastive_vae,1331.5534611956882
24045000100__24045010101,noncontrastive_vae,-11527.098285478001
24045000100__24045010102,noncontrastive_vae,-5487.389010006605
24045000200__24045000300,noncontrastive_vae,-4108.147655624973
24045000200__24045000400,noncontrastive_vae,1441.9398472175708
24045000200__24045010101,noncontrastive_vae,982.9643646442955
24045000200__24045010200,noncontrastive_vae,623.4660631772481
24045000300__24045000400,noncontrastive_vae,-6292.283967497985
24045000300__24045010200,noncontrastive_vae,-7512.163789938084
24045000300__24045010300,noncontrastive_vae,-8578.924859682731
24045000400__24045000500,noncontrastive_vae,-4016.0601604112744
24045000400__24045010400,noncontrastive_vae,3877.817698429446
24045000500__24045010502,noncontrastive_vae,6337.503547236953
24045010101__24045010102,noncontrastive_vae,-3306.549272966169
24045010101__24045010200,noncontrastive_vae,11323.203200152602
24045010101__24045010603,noncontrastive_vae,306.4777349974647
24045010101__24045010702,noncontrastive_vae,-11992.49382183704
24045010102__24045010502,noncontrastive_vae,-3207.2466157289655
24045010102__24045010606,noncontrastive_vae,1032.64088523395
24045010200__24045010300,noncontrastive_vae,-7171.963218650642
24045010200__24045010702,noncontrastive_vae,25605.45958439725
24045010300__24045010400,noncontrastive_vae,11172.080803053745
24045010300__24045010800,noncontrastive_vae,13661.13488325473
24045010400__24045010501,noncontrastive_vae,-5680.25168439333
24045010400__24045010502,noncontrastive_vae,420.8466065532375
24045010400__24045010800,noncontrastive_vae,2077.3332180482666
24045010501__24045010502,noncontrastive_vae,-8599.429494199678
24045010501__24045010605,noncontrastive_vae,-2356.082578542133
24045010502__24045010605,noncontrastive_vae,-496.5586175948847
24045010502__24045010606,noncontrastive_vae,518.717558984079
24045010603__24045010604,noncontrastive_vae,11052.422405031402
24045010603__24045010606,noncontrastive_vae,1227.1774185243994
24045010603__24045010702,noncontrastive_vae,-17578.570467353507
24045010604__24045010606,noncontrastive_vae,-6244.042450958354
24045010605__24045010606,noncontrastive_vae,782.241073403412
24045010605__24047951400,noncontrastive_vae,1592.4881593048267
24045010606__24047950800,noncontrastive_vae,12695.406084163169
24045010701__24045010702,noncontrastive_vae,66135.76722490988
24047950000__24047950100,noncontrastive_vae,3520.4156008742316
24047950000__24047950400,noncontrastive_vae,9786.382659960036
24047950000__24047951700,noncontrastive_vae,2206.158957749114
24047950400__24047951700,noncontrastive_vae,20011.50138991831
24047950600__24047950700,noncontrastive_vae,-607.134848384434
24047950600__24047950900,noncontrastive_vae,2504.0774663554785
24047950600__24047951100,noncontrastive_vae,-9108.656138644477
24047950700__24047950800,noncontrastive_vae,10226.874303724446
24047950700__24047950900,noncontrastive_vae,3589.6541726375362
24047950800__24047950900,noncontrastive_vae,-3870.882815485247
24047950800__24047951000,noncontrastive_vae,12730.860740081422
24047950900__24047951000,noncontrastive_vae,8256.133780708817
24047950900__24047951100,noncontrastive_vae,-18659.85186521965
24047950900__24047951700,noncontrastive_vae,-7841.426471723738
24047951200__24047951300,noncontrastive_vae,946.563532456843
24047951400__24047951500,noncontrastive_vae,509.88099696575955
24510010100__24510010200,noncontrastive_vae,-5242.007612216929
24510010100__24510010400,noncontrastive_vae,-8292.624581925716
24510010100__24510261100,noncontrastive_vae,-3893.9535156654038
24510010200__24510261100,noncontrastive_vae,-2270.4038653024973
24510010300__24510010400,noncontrastive_vae,-417.10034843553876
24510010300__24510010500,noncontrastive_vae,4560.913028583274
24510010300__24510060200,noncontrastive_vae,2715.336785658853
24510010300__24510060300,noncontrastive_vae,-419.58800428154973
24510010400__24510010500,noncontrastive_vae,2759.7839268736334
24510010400__24510020300,noncontrastive_vae,-1098.952393216743
24510010500__24510020100,noncontrastive_vae,-11044.876676390684
24510010500__24510060300,noncontrastive_vae,1856.5465414058617
24510020100__24510020200,noncontrastive_vae,7153.437663048688
24510020100__24510020300,noncontrastive_vae,-496.8099721503422
24510020200__24510020300,noncontrastive_vae,3153.7556625438738
24510020200__24510030100,noncontrastive_vae,5370.506383586606
24510020300__24510030100,noncontrastive_vae,-3704.6670161314833
24510020300__24510030200,noncontrastive_vae,-5743.752936563378
24510030100__24510030200,noncontrastive_vae,-661.9326736607582
24510030100__24510280500,noncontrastive_vae,-1481.4294270920618
24510030200__24510040100,noncontrastive_vae,-1464.0893314845016
24510030200__24510220100,noncontrastive_vae,-4018.1187236371516
24510030200__24510280500,noncontrastive_vae,1726.3530469523957
24510040100__24510040200,noncontrastive_vae,-2489.7372030016704
24510040100__24510110100,noncontrastive_vae,-332.5372734956909
24510040100__24510110200,noncontrastive_vae,-3197.7749504300155
24510040100__24510170100,noncontrastive_vae,-1488.5838647466062
24510040100__24510220100,noncontrastive_vae,-4634.93946899748
24510040100__24510280500,noncontrastive_vae,1896.6967916044669
24510040200__24510170100,noncontrastive_vae,2437.317116945749
24510040200__24510180100,noncontrastive_vae,-3559.4479197566543
24510040200__24510180300,noncontrastive_vae,-936.8752471357748
24510040200__24510220100,noncontrastive_vae,-316.0892162688906
24510060100__24510060200,noncontrastive_vae,-7968.636625985713
24510060100__24510070100,noncontrastive_vae,-4827.698654693825
24510060100__24510261000,noncontrastive_vae,-3276.948515197064
24510060200__24510060300,noncontrastive_vae,-2099.388114439631
24510060200__24510070200,noncontrastive_vae,931.0515551137423
24510060300__24510070300,noncontrastive_vae,2210.1012832470187
24510070100__24510070200,noncontrastive_vae,372.78884361224664
24510070100__24510080302,noncontrastive_vae,-933.2235739643111
24510070100__24510260404,noncontrastive_vae,2196.7478095596343
24510070100__24510261000,noncontrastive_vae,-628.135099350332
24510070200__24510070300,noncontrastive_vae,-444.53136689366875
24510080101__24510080102,noncontrastive_vae,2852.226260476278
24510080101__24510080200,noncontrastive_vae,-1929.191795300405
24510080101__24510080500,noncontrastive_vae,-3499.0711014776625
24510080101__24510090200,noncontrastive_vae,392.49244743091367
24510080101__24510090600,noncontrastive_vae,-2924.617218614094
24510080101__24510090700,noncontrastive_vae,-902.2824929317212
24510080101__24510260301,noncontrastive_vae,-2151.3509793242774
24510080101__24510270101,noncontrastive_vae,-5007.612602878398
24510080102__24510080200,noncontrastive_vae,-3115.888371414745
24510080200__24510080301,noncontrastive_vae,-1530.0245241933735
24510080200__24510080400,noncontrastive_vae,-434.560207172437
24510080200__24510080500,noncontrastive_vae,-3116.715200036986
24510080200__24510260303,noncontrastive_vae,201.98460865026027
24510080301__24510080302,noncontrastive_vae,3012.9907877256883
24510080301__24510080400,noncontrastive_vae,619.5007326970663
24510080302__24510260404,noncontrastive_vae,6026.542451810026
24510080500__24510080600,noncontrastive_vae,2242.7453475470393
24510080500__24510090800,noncontrastive_vae,2066.2805266456344
24510080500__24510090900,noncontrastive_vae,-389.1348558062964
24510080600__24510080700,noncontrastive_vae,-656.1857459328312
24510080600__24510090900,noncontrastive_vae,726.7354004598674
24510090100__24510090200,noncontrastive_vae,-2454.1442744298147
24510090100__24510090300,noncontrastive_vae,-5119.368448992242
24510090100__24510120100,noncontrastive_vae,3248.5561280082693
24510090100__24510271001,noncontrastive_vae,-4050.200228114496
24510090100__24510271102,noncontrastive_vae,-531.3768317199574
24510090200__24510090300,noncontrastive_vae,3139.3234805412194
24510090200__24510090600,noncontrastive_vae,-3303.1101839709845
24510090200__24510270200,noncontrastive_vae,-1325.2305095336087
24510090200__24510270903,noncontrastive_vae,2171.9841570585413
24510090300__24510090500,noncontrastive_vae,8584.692058155491
24510090300__24510120100,noncontrastive_vae,-903.8177928591904
24510090400__24510090500,noncontrastive_vae,851.3596410804093
24510090500__24510090600,noncontrastive_vae,-565.9352979456162
24510090500__24510090700,noncontrastive_vae,556.4441246604656
24510090600__24510090700,noncontrastive_vae,-3306.2021592512356
24510090700__24510090800,noncontrastive_vae,-1811.180814643718
24510090800__24510090900,noncontrastive_vae,22.120517953029776
24510090800__24510120400,noncontrastive_vae,-1290.5055624601846
24510090900__24510100100,noncontrastive_vae,-3414.9261496185063
24510090900__24510120500,noncontrastive_vae,1631.4537008455736
24510100100__24510100200,noncontrastive_vae,-6172.558506869449
24510100100__24510100300,noncontrastive_vae,2761.1793631159817
24510100100__24510110100,noncontrastive_vae,2328.7125239934066
24510100100__24510120500,noncontrastive_vae,108.36185768144242
24510100200__24510100300,noncontrastive_vae,-3873.2997138638802
24510100200__24510280500,noncontrastive_vae,4156.009032768514
24510100300__24510110100,noncontrastive_vae,127.49180435861854
24510100300__24510280500,noncontrastive_vae,-593.322761696305
24510110100__24510110200,noncontrastive_vae,776.7257368498613
24510110100__24510120500,noncontrastive_vae,-3377.3998684128783
24510110100__24510280500,noncontrastive_vae,-3274.1409105116218
24510110200__24510120500,noncontrastive_vae,5970.1187459945795
24510110200__24510140100,noncontrastive_vae,3626.547547689741
24510110200__24510170100,noncontrastive_vae,1755.1359003106736
24510110200__24510170200,noncontrastive_vae,-913.1625632313098
24510120100__24510120201,noncontrastive_vae,1362.420430976821
24510120100__24510120202,noncontrastive_vae,-5048.598302619124
24510120100__24510271102,noncontrastive_vae,-6161.665268768869
24510120100__24510271400,noncontrastive_vae,-3046.9400713018113
24510120201__24510120202,noncontrastive_vae,-2016.7930945167536
24510120201__24510120300,noncontrastive_vae,-2.6745358951720846
24510120202__24510120600,noncontrastive_vae,-3419.7109170388358
24510120202__24510120700,noncontrastive_vae,-2002.4890423139386
24510120300__24510120400,noncontrastive_vae,-4879.447258466771
24510120300__24510120600,noncontrastive_vae,1649.7913811827875
24510120400__24510120500,noncontrastive_vae,-3255.592510596227
24510120400__24510120600,noncontrastive_vae,142.38345363448207
24510120500__24510120600,noncontrastive_vae,222.24625565305178
24510120500__24510120700,noncontrastive_vae,-2349.109469850471
24510120500__24510140100,noncontrastive_vae,3860.0036808260884
24510120600__24510120700,noncontrastive_vae,7427.104982277484
24510120700__24510130100,noncontrastive_vae,-476.42070512787905
24510120700__24510130200,noncontrastive_vae,6475.474683287466
24510120700__24510130400,noncontrastive_vae,-1393.7962717446462
24510120700__24510130600,noncontrastive_vae,873.1588349595913
24510130100__24510130200,noncontrastive_vae,720.5878841210651
24510130100__24510130300,noncontrastive_vae,2164.4911868832605
24510130100__24510130400,noncontrastive_vae,-1273.0456480145149
24510130200__24510130300,noncontrastive_vae,53.0200290669527
24510130200__24510140100,noncontrastive_vae,6425.750964039955
24510130200__24510140300,noncontrastive_vae,-268.0558138495194
24510130300__24510130400,noncontrastive_vae,1037.8916780986092
24510130300__24510140300,noncontrastive_vae,2103.338433366236
24510130300__24510150400,noncontrastive_vae,-4636.83133161769
24510130400__24510130600,noncontrastive_vae,-3327.3300254869664
24510130400__24510130804,noncontrastive_vae,-578.922692785869
24510130400__24510130806,noncontrastive_vae,5061.689413454165
24510130400__24510150400,noncontrastive_vae,2516.493547610702
24510130400__24510150500,noncontrastive_vae,-3373.793780228363
24510130400__24510151200,noncontrastive_vae,-2044.4457627010888
24510130600__24510130700,noncontrastive_vae,-11846.767990559063
24510130600__24510130804,noncontrastive_vae,2229.692027877434
24510130700__24510130803,noncontrastive_vae,-7488.625704784987
24510130700__24510130804,noncontrastive_vae,1326.5742725119035
24510130700__24510271400,noncontrastive_vae,-6821.769644889238
24510130803__24510130804,noncontrastive_vae,-5678.463908794172
24510130803__24510130806,noncontrastive_vae,-3403.9125042080705
24510130803__24510271400,noncontrastive_vae,1680.8847060648386
24510130803__24510271503,noncontrastive_vae,2410.9977709151826
24510130804__24510130806,noncontrastive_vae,1227.1947609176495
24510130805__24510130806,noncontrastive_vae,-1281.5103538918884
24510130805__24510271501,noncontrastive_vae,-167.72805283546768
24510130805__24510271503,noncontrastive_vae,-6406.889815935167
24510130805__24510271600,noncontrastive_vae,-6759.645540483974
24510130805__24510271700,noncontrastive_vae,1493.7939656671078
24510130806__24510151300,noncontrastive_vae,-2297.777303098532
24510130806__24510271600,noncontrastive_vae,834.5328693395677
24510140100__24510140200,noncontrastive_vae,-3221.251955936179
24510140100__24510140300,noncontrastive_vae,-1858.2434560524662
24510140100__24510170200,noncontrastive_vae,-6043.465161180029
24510140200__24510140300,noncontrastive_vae,-7487.46401742458
24510140200__24510160100,noncontrastive_vae,3405.4220378468817
24510140200__24510170200,noncontrastive_vae,-2835.8244437385074
24510140200__24510170300,noncontrastive_vae,2175.518300300979
24510140300__24510150100,noncontrastive_vae,-5769.034344326474
24510150100__24510150200,noncontrastive_vae,-3680.598741519465
24510150100__24510150400,noncontrastive_vae,-568.2753916321744
24510150100__24510160100,noncontrastive_vae,1389.0580148585486
24510150100__24510160200,noncontrastive_vae,2117.0068212134956
24510150100__24510160300,noncontrastive_vae,-742.3911541336001
24510150200__24510150300,noncontrastive_vae,-1547.11364323423
24510150200__24510150400,noncontrastive_vae,3154.4223419298796
24510150200__24510160300,noncontrastive_vae,-626.6536658929472
24510150200__24510160400,noncontrastive_vae,-3471.9321327224825
24510150200__24510160500,noncontrastive_vae,-1551.3480863231125
24510150400__24510150500,noncontrastive_vae,-117.63944259568234
24510150400__24510150600,noncontrastive_vae,-507.5114953564389
24510150500__24510150701,noncontrastive_vae,2844.451705991789
24510150500__24510151100,noncontrastive_vae,-511.34111225056404
24510150600__24510150701,noncontrastive_vae,224.80004874553924
24510150600__24510150702,noncontrastive_vae,1899.8691386524624
24510150600__24510150800,noncontrastive_vae,1904.6142437268936
24510150600__24510150900,noncontrastive_vae,3407.655872628282
24510150600__24510160700,noncontrastive_vae,-3871.7157546910203
24510150701__24510150702,noncontrastive_vae,3227.9371732412546
24510150701__24510150800,noncontrastive_vae,-3319.8027654220386
24510150701__24510151100,noncontrastive_vae,-430.632863437384
24510150702__24510150800,noncontrastive_vae,1507.0102802715337
24510150800__24510150900,noncontrastive_vae,3351.454934010937
24510150800__24510151000,noncontrastive_vae,-1222.5117339858589
24510150800__24510151100,noncontrastive_vae,941.9897672767547
24510150900__24510151000,noncontrastive_vae,3582.9319524511866
24510150900__24510160700,noncontrastive_vae,491.9990553334046
24510150900__24510160802,noncontrastive_vae,4795.597739990122
24510150900__24510280301,noncontrastive_vae,3077.3597741622707
24510150900__24510280302,noncontrastive_vae,3879.698777355472
24510151000__24510151100,noncontrastive_vae,2943.9197936033815
24510151000__24510280101,noncontrastive_vae,3895.34160772259
24510151000__24510280102,noncontrastive_vae,-1636.5168267105983
24510151000__24510280200,noncontrastive_vae,4487.202601575131
24510151100__24510151200,noncontrastive_vae,2059.493010575203
24510151100__24510151300,noncontrastive_vae,6843.855403064368
24510151200__24510151300,noncontrastive_vae,-678.0218725317063
24510151300__24510271600,noncontrastive_vae,4809.661630728569
24510151300__24510280101,noncontrastive_vae,2103.22806930579
24510160100__24510160200,noncontrastive_vae,-5216.7107621153955
24510160100__24510170300,noncontrastive_vae,6414.985846306245
24510160100__24510180100,noncontrastive_vae,-1922.6297968126232
24510160100__24510180200,noncontrastive_vae,439.024017974818
24510160200__24510160300,noncontrastive_vae,5206.543010102054
24510160200__24510190100,noncontrastive_vae,-564.5491907112264
24510160300__24510160400,noncontrastive_vae,-8461.459183847317
24510160300__24510190100,noncontrastive_vae,-555.4372617191111
24510160400__24510160500,noncontrastive_vae,6187.722997903158
24510160400__24510200100,noncontrastive_vae,-1600.7175059861183
24510160500__24510160600,noncontrastive_vae,-741.9021549422087
24510160500__24510200200,noncontrastive_vae,1320.4568986204577
24510160600__24510160700,noncontrastive_vae,2839.7534570996286
24510160600__24510200200,noncontrastive_vae,2156.0694309003266
24510160700__24510160802,noncontrastive_vae,390.26143261546895
24510160700__24510200600,noncontrastive_vae,-202.32647649550927
24510160801__24510160802,noncontrastive_vae,2874.7166844933054
24510160801__24510200701,noncontrastive_vae,4006.1126989972827
24510160801__24510280402,noncontrastive_vae,108.19980027349447
24510160802__24510200600,noncontrastive_vae,-595.1125820981724
24510160802__24510200701,noncontrastive_vae,212.1054350591894
24510170100__24510170200,noncontrastive_vae,-538.9643397981781
24510170100__24510170300,noncontrastive_vae,-889.3677915711814
24510170200__24510170300,noncontrastive_vae,-1983.7780962020624
24510170300__24510180100,noncontrastive_vae,-1063.9803270922494
24510180100__24510180200,noncontrastive_vae,-600.6235859482622
24510180100__24510180300,noncontrastive_vae,-1458.234234860426
24510180200__24510180300,noncontrastive_vae,-261.0766477674906
24510180200__24510190100,noncontrastive_vae,1389.9876645239929
24510180300__24510190200,noncontrastive_vae,-1998.217230353539
24510180300__24510210100,noncontrastive_vae,-1053.5988174783251
24510180300__24510210200,noncontrastive_vae,-1238.58365177813
24510190100__24510200100,noncontrastive_vae,622.111171000126
24510190200__24510190300,noncontrastive_vae,922.2729197896624
24510190200__24510210200,noncontrastive_vae,1079.3530360351615
24510190300__24510200300,noncontrastive_vae,685.44453748257
24510190300__24510200500,noncontrastive_vae,-1741.8684585599622
24510190300__24510210200,noncontrastive_vae,3107.855717799497
24510200100__24510200200,noncontrastive_vae,2916.6325070576095
24510200200__24510200600,noncontrastive_vae,3808.6373476566096
24510200300__24510200400,noncontrastive_vae,-950.4394087509736
24510200300__24510200500,noncontrastive_vae,-1160.3662848279819
24510200400__24510200500,noncontrastive_vae,-1380.569213073155
24510200500__24510200600,noncontrastive_vae,6123.641776331245
24510200500__24510210200,noncontrastive_vae,-2219.725575667857
24510200500__24510250206,noncontrastive_vae,596.3226693175839
24510200600__24510200701,noncontrastive_vae,1902.582181913327
24510200600__24510200702,noncontrastive_vae,-2264.048303814021
24510200600__24510200800,noncontrastive_vae,-5748.620795453404
24510200600__24510250206,noncontrastive_vae,2236.1199205734847
24510200701__24510200702,noncontrastive_vae,-4342.026466024503
24510200701__24510200800,noncontrastive_vae,-805.9972223590521
24510200701__24510280402,noncontrastive_vae,-3033.2510434114374
24510200701__24510280404,noncontrastive_vae,3169.185551073395
24510200702__24510200800,noncontrastive_vae,-3383.847076630058
24510210100__24510210200,noncontrastive_vae,-3903.1371954722126
24510210100__24510220100,noncontrastive_vae,-371.9723218504805
24510210100__24510230100,noncontrastive_vae,2479.871700229218
24510210100__24510230300,noncontrastive_vae,-842.3050972130586
24510210100__24510250301,noncontrastive_vae,-734.9028928956977
24510210200__24510250206,noncontrastive_vae,7965.097237373004
24510210200__24510250301,noncontrastive_vae,-357.27254595683917
24510210200__24510250303,noncontrastive_vae,-8773.312909195258
24510220100__24510230100,noncontrastive_vae,844.2730439852385
24510220100__24510230200,noncontrastive_vae,-1655.6418039325035
24510220100__24510240200,noncontrastive_vae,-1564.460900768685
24510220100__24510240300,noncontrastive_vae,569.4631321515408
24510230100__24510230200,noncontrastive_vae,-4721.417453147553
24510230100__24510230300,noncontrastive_vae,370.5045199269953
24510230200__24510230300,noncontrastive_vae,1686.735066775669
24510230200__24510240300,noncontrastive_vae,-9577.184357669215
24510230200__24510240400,noncontrastive_vae,3.0767433510582123
24510230300__24510240400,noncontrastive_vae,-2803.332194301067
24510230300__24510250301,noncontrastive_vae,1242.6887257517628
24510240100__24510240400,noncontrastive_vae,-11325.531279461258
24510240200__24510240300,noncontrastive_vae,4335.65875779712
24510240200__24510240400,noncontrastive_vae,-5184.287770833533
24510240300__24510240400,noncontrastive_vae,4707.259962624785
24510250101__24510250102,noncontrastive_vae,8616.969161968871
24510250101__24510250103,noncontrastive_vae,-4864.873994222076
24510250101__24510280403,noncontrastive_vae,11553.647887016388
24510250102__24510250103,noncontrastive_vae,6337.904342433334
24510250102__24510280403,noncontrastive_vae,-2172.4908693077405
24510250102__24510280404,noncontrastive_vae,2832.7453916212125
24510250103__24510250206,noncontrastive_vae,4647.528596195625
24510250203__24510250204,noncontrastive_vae,-478.273709533134
24510250203__24510250205,noncontrastive_vae,1486.7424199300222
24510250203__24510250207,noncontrastive_vae,2077.798213132066
24510250203__24510250600,noncontrastive_vae,441.0595242967902
24510250204__24510250205,noncontrastive_vae,303.09713441085114
24510250204__24510250207,noncontrastive_vae,2072.462390757617
24510250204__24510250301,noncontrastive_vae,-654.6170605226725
24510250205__24510250206,noncontrastive_vae,-6129.83872409825
24510250205__24510250301,noncontrastive_vae,-2391.4908599176233
24510250205__24510250401,noncontrastive_vae,-532.9629455665854
24510250206__24510250303,noncontrastive_vae,-516.292622673267
24510250301__24510250303,noncontrastive_vae,-2653.4596355088215
24510250401__24510250402,noncontrastive_vae,-116.35677983981805
24510250401__24510250500,noncontrastive_vae,-2528.6727082555362
24510250401__24510250600,noncontrastive_vae,-7444.14000448701
24510250402__24510250500,noncontrastive_vae,4123.650484307345
24510250500__24510250600,noncontrastive_vae,15311.819563188095
24510260101__24510260102,noncontrastive_vae,-5151.719417982244
24510260101__24510270401,noncontrastive_vae,4047.9502013472847
24510260101__24510270502,noncontrastive_vae,2959.766777743238
24510260102__24510260201,noncontrastive_vae,7923.085945940191
24510260102__24510260203,noncontrastive_vae,997.3816706969756
24510260102__24510260403,noncontrastive_vae,-792.722403222806
24510260102__24510270401,noncontrastive_vae,4764.5915461568875
24510260201__24510260202,noncontrastive_vae,-98.91367661951517
24510260201__24510260203,noncontrastive_vae,-1876.3876381244481
24510260201__24510270102,noncontrastive_vae,451.83634021550824
24510260201__24510270401,noncontrastive_vae,-199.90160191585164
24510260202__24510260301,noncontrastive_vae,652.8778567602967
24510260202__24510260302,noncontrastive_vae,2126.3041016832613
24510260202__24510270101,noncontrastive_vae,-2146.5273964947137
24510260203__24510260303,noncontrastive_vae,707.5054801293154
24510260203__24510260402,noncontrastive_vae,3315.2934670597388
24510260203__24510260403,noncontrastive_vae,846.3717079861626
24510260301__24510260302,noncontrastive_vae,-5874.4572803804585
24510260302__24510260303,noncontrastive_vae,1301.174793966653
24510260303__24510260404,noncontrastive_vae,3415.9188599154404
24510260401__24510260402,noncontrastive_vae,3740.756837246401
24510260401__24510260403,noncontrastive_vae,-82.64600801392953
24510260401__24510260404,noncontrastive_vae,5601.77997357901
24510260402__24510260403,noncontrastive_vae,-3540.039695981046
24510260403__24510260404,noncontrastive_vae,-789.3490234895726
24510260404__24510260501,noncontrastive_vae,-9530.029767492175
24510260404__24510260700,noncontrastive_vae,540.1275677956291
24510260404__24510261000,noncontrastive_vae,-2387.7451221082956
24510260501__24510260604,noncontrastive_vae,1844.7833396713813
24510260501__24510260605,noncontrastive_vae,-970.1414899448355
24510260501__24510260700,noncontrastive_vae,1133.7543278640514
24510260604__24510260605,noncontrastive_vae,3122.044412742549
24510260605__24510260700,noncontrastive_vae,541.160509155583
24510260700__24510260900,noncontrastive_vae,-2938.511162620909
24510260800__24510260900,noncontrastive_vae,3696.0238530351635
24510260800__24510261000,noncontrastive_vae,-5061.906249704569
24510260900__24510261100,noncontrastive_vae,-9947.47285785398
24510261000__24510261100,noncontrastive_vae,-103.93423545466203
24510270101__24510270102,noncontrastive_vae,-1070.8116123086256
24510270101__24510270200,noncontrastive_vae,-1302.927504710653
24510270102__24510270302,noncontrastive_vae,-1759.634056957315
24510270102__24510270401,noncontrastive_vae,-1255.5262650253644
24510270200__24510270301,noncontrastive_vae,-788.3346362338962
24510270200__24510270302,noncontrastive_vae,-2491.3840536761854
24510270200__24510270903,noncontrastive_vae,723.2846893957394
24510270301__24510270302,noncontrastive_vae,-2535.4424612663443
24510270301__24510270600,noncontrastive_vae,2416.2324813648047
24510270301__24510270902,noncontrastive_vae,1678.8527981346924
24510270302__24510270402,noncontrastive_vae,-1615.1780477049033
24510270401__24510270402,noncontrastive_vae,-4451.781797070922
24510270401__24510270502,noncontrastive_vae,-2980.719557543176
24510270402__24510270502,noncontrastive_vae,-8586.062610513418
24510270402__24510270600,noncontrastive_vae,49.82807061128187
24510270402__24510270702,noncontrastive_vae,-1037.9129579814453
24510270501__24510270502,noncontrastive_vae,-6200.661116365885
24510270501__24510270703,noncontrastive_vae,2331.511998529899
24510270502__24510270702,noncontrastive_vae,1128.9821842460933
24510270600__24510270702,noncontrastive_vae,379.5086145098139
24510270600__24510270803,noncontrastive_vae,-3447.348892573489
24510270701__24510270702,noncontrastive_vae,1195.3718485907812
24510270701__24510270703,noncontrastive_vae,1466.0013208941782
24510270701__24510270803,noncontrastive_vae,872.8261773885242
24510270702__24510270703,noncontrastive_vae,388.55425437491067
24510270702__24510270803,noncontrastive_vae,-1007.8878029072821
24510270801__24510270802,noncontrastive_vae,-11488.730331280603
24510270801__24510270803,noncontrastive_vae,-1811.1608750797895
24510270801__24510270804,noncontrastive_vae,3041.0124600936724
24510270802__24510270803,noncontrastive_vae,-1442.1483471015526
24510270802__24510270805,noncontrastive_vae,4038.3041810450595
24510270802__24510270901,noncontrastive_vae,-4270.114675336266
24510270803__24510270902,noncontrastive_vae,154.0735529352205
24510270804__24510270805,noncontrastive_vae,-1025.0404484542087
24510270804__24510271200,noncontrastive_vae,760.819053285104
24510270805__24510271002,noncontrastive_vae,-4660.340005093309
24510270805__24510271200,noncontrastive_vae,-149.6098882642691
24510270901__24510270902,noncontrastive_vae,-1949.3856224746523
24510270901__24510270903,noncontrastive_vae,-177.7668701153416
24510270901__24510271002,noncontrastive_vae,-5024.635822833805
24510270902__24510270903,noncontrastive_vae,417.3656987295035
24510270903__24510271001,noncontrastive_vae,-2625.2651014099138
24510271001__24510271002,noncontrastive_vae,2166.862149193057
24510271001__24510271102,noncontrastive_vae,2260.306381782777
24510271002__24510271101,noncontrastive_vae,612.331824836434
24510271002__24510271200,noncontrastive_vae,-823.1636097327919
24510271101__24510271102,noncontrastive_vae,-5984.066329632049
24510271101__24510271200,noncontrastive_vae,-3126.512879352238
24510271102__24510271200,noncontrastive_vae,-1516.6732066797813
24510271102__24510271400,noncontrastive_vae,5483.10903253821
24510271200__24510271300,noncontrastive_vae,3623.9348175034756
24510271300__24510271400,noncontrastive_vae,-10526.437589330126
24510271300__24510271501,noncontrastive_vae,-2428.4229215565647
24510271300__24510271503,noncontrastive_vae,3246.280523980029
24510271400__24510271503,noncontrastive_vae,1945.809659965642
24510271501__24510271503,noncontrastive_vae,-4441.386934178732
24510271501__24510271700,noncontrastive_vae,486.8085142031123
24510271501__24510271900,noncontrastive_vae,-3777.0154893760246
24510271501__24510272003,noncontrastive_vae,2243.8149089344242
24510271600__24510271700,noncontrastive_vae,5946.14039734851
24510271700__24510271801,noncontrastive_vae,2624.143708345946
24510271700__24510271802,noncontrastive_vae,672.8586958893757
24510271700__24510271900,noncontrastive_vae,-1139.7967550046997
24510271801__24510271802,noncontrastive_vae,-1816.383765771392
24510271801__24510271900,noncontrastive_vae,-1283.708704352579
24510271801__24510280101,noncontrastive_vae,-2071.7734450546905
24510271802__24510280101,noncontrastive_vae,21.724580840391354
24510271900__24510272003,noncontrastive_vae,4025.008879749701
24510271900__24510272006,noncontrastive_vae,4997.550983369005
24510271900__24510280101,noncontrastive_vae,-5713.034144253161
24510272003__24510272004,noncontrastive_vae,3029.7488410780643
24510272003__24510272005,noncontrastive_vae,-170.5238513507793
24510272003__24510272006,noncontrastive_vae,-5188.439100777086
24510272004__24510272005,noncontrastive_vae,-598.4320654991716
24510272005__24510272007,noncontrastive_vae,-7120.044704929656
24510272006__24510272007,noncontrastive_vae,5541.585648847202
24510272006__24510280101,noncontrastive_vae,2625.1311448283122
24510272007__24510280101,noncontrastive_vae,-3332.5089560776833
24510280101__24510280102,noncontrastive_vae,424.8390652791277
24510280102__24510280200,noncontrastive_vae,2891.048618527595
24510280200__24510280301,noncontrastive_vae,5828.276639397234
24510280200__24510280302,noncontrastive_vae,1048.2236857390853
24510280301__24510280401,noncontrastive_vae,-3060.3428303916007
24510280401__24510280402,noncontrastive_vae,-4101.481026273857
24510280401__24510280403,noncontrastive_vae,-2193.765835358936
24510280401__24510280404,noncontrastive_vae,-1424.6048183112434
24510280403__24510280404,noncontrastive_vae,553.5793986805293
51013100300__51059470100,noncontrastive_vae,-3771.4708332088885
51059470100__51059480100,noncontrastive_vae,-15505.579082210956
51107610101__51107610102,noncontrastive_vae,-780.3956687274003
11001000901__11001000902,contrastive_vae,2801.7762294796266
11001000901__11001001001,contrastive_vae,-2966.563906548672
11001000901__24031705601,contrastive_vae,-303.05104693750036
11001000901__24031705702,contrastive_vae,-6223.266898650025
11001000902__24031705800,contrastive_vae,-2714.1496522965226
11001000902__51013100300,contrastive_vae,-2346.9637143750006
11001001001__11001001100,contrastive_vae,-10124.72212215665
11001001001__24031705601,contrastive_vae,2801.575333909248
11001001100__11001001401,contrastive_vae,103.46378803969856
11001001100__24031705300,contrastive_vae,-4982.088363803639
11001001401__11001001500,contrastive_vae,-763.877317771221
11001001401__24031705300,contrastive_vae,-2106.413447189152
11001001500__24031705200,contrastive_vae,-4225.7583583086525
11001001500__24031705300,contrastive_vae,-540.1073360301252
11001001600__11001010300,contrastive_vae,2886.320592992379
11001001600__24031702500,contrastive_vae,-6942.218590976514
11001001600__24031702601,contrastive_vae,5926.855746416662
11001001600__24031702602,contrastive_vae,119.60176553625206
11001001702__11001010300,contrastive_vae,1930.2820634517993
11001001702__24031701701,contrastive_vae,-1831.2554712393867
11001001702__24031701800,contrastive_vae,851.9952898796619
11001007304__24033801807,contrastive_vae,-7047.546159742642
11001007408__11001007502,contrastive_vae,-9904.029908078071
11001007408__24033801807,contrastive_vae,2176.2405384374997
11001007409__24033801807,contrastive_vae,-6448.58745296916
11001007502__11001007603,contrastive_vae,-5050.151364884194
11001007502__24033801807,contrastive_vae,2682.657310092116
11001007603__11001009902,contrastive_vae,854.1840051550753
11001007603__24033801807,contrastive_vae,3339.609519951966
11001007603__24033802501,contrastive_vae,12471.47285652456
11001007707__11001009902,contrastive_vae,1094.604924047344
11001007707__24033802502,contrastive_vae,2363.4844262486567
11001007707__24033802600,contrastive_vae,871.3927532568769
11001007806__11001009601,contrastive_vae,6588.190295650624
11001007806__24033803100,contrastive_vae,5535.60304636709
11001007807__11001007808,contrastive_vae,1762.9090322202956
11001007808__11001009903,contrastive_vae,2712.5583935103477
11001007808__24033802901,contrastive_vae,2324.466941416118
11001009000__11001009601,contrastive_vae,1817.9823181350075
11001009000__11001011100,contrastive_vae,13063.522249949194
11001009000__24033804400,contrastive_vae,11666.791569752808
11001009400__11001009503,contrastive_vae,2199.489305969306
11001009400__11001011100,contrastive_vae,5583.661998667561
11001009400__24033804900,contrastive_vae,-2563.4784913578205
11001009503__11001009508,contrastive_vae,-32.11416285098858
11001009503__11001009509,contrastive_vae,991.9647146238012
11001009503__24033804900,contrastive_vae,2499.0046230713306
11001009505__11001009507,contrastive_vae,4987.0117845440545
11001009505__24033805201,contrastive_vae,1650.5678475369823
11001009507__11001009508,contrastive_vae,-1292.7004276350835
11001009507__24033805000,contrastive_vae,3993.978303799806
11001009508__11001009509,contrastive_vae,-5666.90364530407
11001009508__24033804900,contrastive_vae,-2019.8699469805915
11001009508__24033805000,contrastive_vae,-18.749345804119002
11001009601__11001011100,contrastive_vae,7982.722121719649
11001009601__24033803100,contrastive_vae,1147.463187781832
11001009601__24033804300,contrastive_vae,6642.5872064678115
11001009810__11001009811,contrastive_vae,1857.670568374997
11001009810__11001010900,contrastive_vae,-1954.688581062499
11001009811__11001010900,contrastive_vae,-2001.4991546249985
11001009902__24033802502,contrastive_vae,5493.628674566804
11001009903__11001009905,contrastive_vae,-333.34201879382454
11001009903__24033802700,contrastive_vae,2024.652352141522
11001010300__24031701800,contrastive_vae,1011.5057875000002
11001010300__24031702500,contrastive_vae,3542.2276731693473
11001010900__24033801500,contrastive_vae,11841.661334901924
11001011100__24033804400,contrastive_vae,1359.740785778551
11001011100__24033804700,contrastive_vae,582.5685986664157
24001000100__24001000200,contrastive_vae,-12105.251347356318
24001000100__24043010700,contrastive_vae,-5187.510619449047
24001000200__24001000300,contrastive_vae,0.0
24001000200__24001000400,contrastive_vae,-402.95816899031206
24001000200__24001000500,contrastive_vae,4938.644376195979
24001000200__24001000600,contrastive_vae,191.98307047121307
24001000200__24001000700,contrastive_vae,162.34197706253326
24001000200__24001000800,contrastive_vae,-2358.4985809023365
24001000300__24001000400,contrastive_vae,3815.3832150741227
24001000300__24001001000,contrastive_vae,-3978.474323149407
24001000300__24001001200,contrastive_vae,793.8616221484081
24001000300__24001001502,contrastive_vae,782.4614796478163
24001000400__24001000500,contrastive_vae,7594.968447589083
24001000400__24001001000,contrastive_vae,3244.428377661261
24001000500__24001000600,contrastive_vae,6326.778665706857
24001000500__24001000800,contrastive_vae,-256.6468963290208
24001000500__24001001000,contrastive_vae,4820.696225656717
24001000600__24001000700,contrastive_vae,9754.435284421488
24001000600__24001000800,contrastive_vae,8114.017728185339
24001000700__24001000800,contrastive_vae,3696.4664313869434
24001000800__24001001000,contrastive_vae,1212.7243301270937
24001000800__24001001100,contrastive_vae,1824.5991583745927
24001001000__24001001100,contrastive_vae,6566.242437867135
24001001100__24001001200,contrastive_vae,13552.494077992615
24001001200__24001001300,contrastive_vae,-2939.844697214258
24001001200__24001001402,contrastive_vae,-11812.922704760851
24001001200__24001001502,contrastive_vae,413.8672537340499
24001001300__24001001401,contrastive_vae,-260.23335665036984
24001001300__24001001402,contrastive_vae,-1874.3996688721304
24001001300__24001002000,contrastive_vae,2592.7765588774528
24001001401__24001001402,contrastive_vae,5722.246738336638
24001001401__24001001502,contrastive_vae,2865.7896244573967
24001001401__24001001700,contrastive_vae,7022.66827558903
24001001401__24001001900,contrastive_vae,5924.57757864335
24001001401__24001002000,contrastive_vae,5833.904478138789
24001001402__24001001502,contrastive_vae,413.8672537340499
24001001503__24001001600,contrastive_vae,-254.88180423765903
24001001503__24001001700,contrastive_vae,125.67975559410206
24001001600__24001001700,contrastive_vae,-10461.961731170184
24001001600__24001001800,contrastive_vae,-3963.2988610394605
24001001600__24023000300,contrastive_vae,1515.1695413490652
24001001700__24001001800,contrastive_vae,-2652.0267411342124
24001001700__24001001900,contrastive_vae,2466.441207916625
24001001800__24001001900,contrastive_vae,4180.921247196584
24001001800__24023000300,contrastive_vae,190.3358364219639
24001001900__24001002100,contrastive_vae,388.08492332440073
24001002100__24001002200,contrastive_vae,-1280.7014256413497
24001002200__24023000300,contrastive_vae,657.0340357262987
24003701101__24003701102,contrastive_vae,6103.065002478939
24003701101__24003701300,contrastive_vae,6870.6741003811585
24003701101__24003702300,contrastive_vae,-2588.572925943863
24003701102__24003701200,contrastive_vae,4177.938481681649
24003701102__24003701400,contrastive_vae,5132.253154552298
24003701200__24003701400,contrastive_vae,1613.1859165209753
24003701300__24003701400,contrastive_vae,2046.808563278606
24003701300__24003702300,contrastive_vae,-5085.927778635676
24003701300__24003708004,contrastive_vae,6776.54436213248
24003701300__24033800507,contrastive_vae,-16690.405797214346
24003701400__24003708004,contrastive_vae,525.4352299019665
24003702100__24003702402,contrastive_vae,11674.749422091088
24003702100__24003702702,contrastive_vae,41699.59103693362
24003702100__24003740800,contrastive_vae,15697.169566285467
24003702100__24003751600,contrastive_vae,10455.515262501242
24003702100__24003751700,contrastive_vae,-14533.26961242794
24003702204__24003702205,contrastive_vae,-2768.9358732298133
24003702204__24003702206,contrastive_vae,-1561.1369126048194
24003702204__24003702300,contrastive_vae,2368.9150118604302
24003702204__24003740702,contrastive_vae,1257.216689357374
24003702204__24003751700,contrastive_vae,-3105.578385257115
24003702204__24033800401,contrastive_vae,1415.646039911764
24003702204__24033800504,contrastive_vae,2664.895567182437
24003702205__24003702206,contrastive_vae,-2287.4784627382433
24003702205__24003702209,contrastive_vae,-2176.0814645563078
24003702205__24003740702,contrastive_vae,-1876.3058917034432
24003702206__24003702208,contrastive_vae,-256.38023531813815
24003702206__24003702209,contrastive_vae,732.6874353270323
24003702206__24003751700,contrastive_vae,10547.104287474856
24003702208__24003702209,contrastive_vae,-3247.454630029324
24003702208__24003740702,contrastive_vae,-2338.087717504255
24003702208__24003740800,contrastive_vae,-1686.7302675027931
24003702209__24003740702,contrastive_vae,-11096.916088631137
24003702300__24003751700,contrastive_vae,3958.4818018597944
24003702300__24033800504,contrastive_vae,3518.4649038525095
24003702402__24003702500,contrastive_vae,-7169.365329006658
24003702402__24003702701,contrastive_vae,1064.4018327140366
24003702402__24003702702,contrastive_vae,20423.44068201178
24003702402__24003706500,contrastive_vae,3508.7310069057858
24003702402__24003751600,contrastive_vae,-54591.146791423904
24003702500__24003702601,contrastive_vae,-1901.0384704260578
24003702500__24003706500,contrastive_vae,5119.449361140389
24003702601__24003702602,contrastive_vae,3782.4357911538536
24003702601__24003706401,contrastive_vae,9779.980845943443
24003702602__24003706301,contrastive_vae,13798.151614597355
24003702602__24003706401,contrastive_vae,710.7040702537633
24003702701__24003702702,contrastive_vae,46188.13515482395
24003702701__24003706500,contrastive_vae,-3692.8828569826
24003702701__24003706600,contrastive_vae,-4270.322863672627
24003706101__24003706302,contrastive_vae,4236.839251154543
24003706101__24003706402,contrastive_vae,-559.8412801912382
24003706101__24003706500,contrastive_vae,3780.05660362826
24003706101__24003706700,contrastive_vae,460.12592944672724
24003706301__24003706302,contrastive_vae,420.9288528525449
24003706301__24003706401,contrastive_vae,1530.5953332195968
24003706302__24003706401,contrastive_vae,1296.977534002026
24003706302__24003706402,contrastive_vae,2041.4477731545467
24003706401__24003706402,contrastive_vae,3236.781552219695
24003706401__24003706500,contrastive_vae,3317.311245607918
24003706500__24003706600,contrastive_vae,4446.232567784929
24003706600__24003706700,contrastive_vae,-3527.4828289294164
24003707001__24003707002,contrastive_vae,10589.915547213432
24003707001__24003708001,contrastive_vae,-165.05850621254126
24003707002__24003708001,contrastive_vae,-3773.9486190263256
24003708001__24003708004,contrastive_vae,3127.603626502285
24003708001__24009860200,contrastive_vae,2834.785486167456
24003708001__24009860300,contrastive_vae,3232.790474698839
24003708004__24009860101,contrastive_vae,3928.426913878995
24003708004__24009860102,contrastive_vae,5182.712253364312
24003708004__24033800601,contrastive_vae,1865.2044017182998
24003708004__24033800605,contrastive_vae,2565.644978705327
24003730100__24003730203,contrastive_vae,-197.12803730689848
24003730100__24003730204,contrastive_vae,-7665.615719929752
24003730100__24003731308,contrastive_vae,3508.5982421003228
24003730100__24003731309,contrastive_vae,2838.128651538156
24003730100__24003731311,contrastive_vae,1190.718831152033
24003730100__24510250500,contrastive_vae,7110.202979648293
24003730203__24003730204,contrastive_vae,-8849.348177622105
24003730203__24003730300,contrastive_vae,7005.044300398622
24003730203__24003730402,contrastive_vae,1224.8489914135098
24003730203__24003731204,contrastive_vae,243.8834630964684
24003730203__24003751103,contrastive_vae,614.9190529254302
24003730204__24003731204,contrastive_vae,2072.8226860982613
24003730204__24003731311,contrastive_vae,26.604929580884345
24003730300__24003730401,contrastive_vae,1955.2366948508425
24003730300__24003730402,contrastive_vae,5533.967636641479
24003730300__24003751000,contrastive_vae,2402.2970306755196
24003730300__24003751103,contrastive_vae,297.89594306225626
24003730401__24003730402,contrastive_vae,5698.561448511879
24003730401__24003730506,contrastive_vae,-567.4557729567896
24003730401__24003740201,contrastive_vae,-4998.079655163918
24003730401__24003750900,contrastive_vae,-60.83158445911249
24003730401__24003751000,contrastive_vae,735.3690660955117
24003730402__24003730502,contrastive_vae,-2393.267747902544
24003730402__24003730506,contrastive_vae,2095.771743776422
24003730402__24003731204,contrastive_vae,-379.41341738190386
24003730502__24003730504,contrastive_vae,13784.39395579596
24003730502__24003730506,contrastive_vae,-6255.171143191052
24003730502__24003730603,contrastive_vae,1051.7651515764082
24003730502__24003731204,contrastive_vae,4841.895930304421
24003730504__24003730505,contrastive_vae,-5704.415309332637
24003730504__24003730601,contrastive_vae,22556.436446275136
24003730504__24003730603,contrastive_vae,3868.8551647662716
24003730504__24003741000,contrastive_vae,-2105.574789331431
24003730505__24003740201,contrastive_vae,-10921.063640615721
24003730505__24003741000,contrastive_vae,1311.252219926837
24003730506__24003740201,contrastive_vae,-7393.147806627609
24003730601__24003741000,contrastive_vae,-12669.899796006124
24003730603__24003730604,contrastive_vae,7443.742110837338
24003730603__24003731203,contrastive_vae,-4377.436602515447
24003730603__24003731204,contrastive_vae,647.4229254952661
24003730604__24003730700,contrastive_vae,19299.287526148582
24003730604__24003731203,contrastive_vae,-4350.681503578409
24003730700__24003730800,contrastive_vae,-16803.541336224145
24003730700__24003731201,contrastive_vae,2233.740397844027
24003730700__24003731203,contrastive_vae,-2401.26633279855
24003730800__24003730901,contrastive_vae,-3578.3971229421877
24003730800__24003731103,contrastive_vae,-468.86296441958257
24003730800__24003731105,contrastive_vae,-678.9197157299495
24003730800__24003731201,contrastive_vae,-2080.2597185824125
24003730901__24003730902,contrastive_vae,7267.77482518497
24003730901__24003731103,contrastive_vae,248.20668047550134
24003730902__24003731002,contrastive_vae,6938.124473635515
24003730902__24003731003,contrastive_vae,3304.0385069844397
24003730902__24003731004,contrastive_vae,2217.62402637953
24003730902__24003731103,contrastive_vae,2874.207196909163
24003731002__24003731003,contrastive_vae,2965.3868763667188
24003731003__24003731004,contrastive_vae,-1387.6095346468173
24003731102__24003731103,contrastive_vae,-912.2438815011919
24003731102__24003731104,contrastive_vae,4772.517271743523
24003731103__24003731104,contrastive_vae,-1567.1520221251703
24003731103__24003731105,contrastive_vae,-3247.0999614703105
24003731104__24003731105,contrastive_vae,2125.317963366502
24003731105__24003731201,contrastive_vae,-1850.8629434708419
24003731201__24003731203,contrastive_vae,-6720.891253696973
24003731202__24003731203,contrastive_vae,-824.472675997944
24003731202__24003731204,contrastive_vae,-253.64358343721688
24003731202__24003731303,contrastive_vae,8629.9622474865
24003731202__24003731307,contrastive_vae,-1045.977304490254
24003731203__24003731204,contrastive_vae,-5461.745586803045
24003731204__24003731307,contrastive_vae,-1654.583542031889
24003731204__24003731311,contrastive_vae,-3796.903969708197
24003731303__24003731307,contrastive_vae,1596.771539186575
24003731306__24003731307,contrastive_vae,-3154.860846511865
24003731306__24003731309,contrastive_vae,-2778.1217653010463
24003731307__24003731309,contrastive_vae,5948.023661800431
24003731307__24003731310,contrastive_vae,-454.9512267689106
24003731307__24003731311,contrastive_vae,-1336.0158728139722
24003731308__24003731309,contrastive_vae,5838.963278870702
24003731309__24003731310,contrastive_vae,-2222.813569682735
24003740102__24003740103,contrastive_vae,42597.35550265589
24003740102__24003740400,contrastive_vae,37147.82237476601
24003740102__24003740500,contrastive_vae,-430.62968721702055
24003740102__24003740601,contrastive_vae,-35548.70263909588
24003740102__24003751200,contrastive_vae,-26561.484868578846
24003740102__24003751500,contrastive_vae,-736.6032024846036
24003740102__24027601203,contrastive_vae,65125.44451948302
24003740102__24027606901,contrastive_vae,9367.688711223516
24003740103__24003740104,contrastive_vae,30543.881012110513
24003740103__24003740602,contrastive_vae,-965.1194269839225
24003740103__24003751200,contrastive_vae,17013.98237346032
24003740103__24003751400,contrastive_vae,-20483.510988255046
24003740104__24003740105,contrastive_vae,19859.159073115487
24003740104__24003740305,contrastive_vae,-3291.3317511362984
24003740104__24003740602,contrastive_vae,8875.993554261608
24003740104__24003751400,contrastive_vae,-2270.25557484849
24003740105__24003740303,contrastive_vae,17866.823909540908
24003740105__24003740305,contrastive_vae,2511.679548697244
24003740201__24003740203,contrastive_vae,5576.164756148359
24003740201__24003741000,contrastive_vae,-614.3605587679194
24003740201__24003751400,contrastive_vae,28507.095212664186
24003740203__24003740303,contrastive_vae,25799.680061423558
24003740203__24003741000,contrastive_vae,37319.278480839544
24003740203__24003751400,contrastive_vae,13087.069645435913
24003740303__24003740304,contrastive_vae,349.9855866396065
24003740303__24003751400,contrastive_vae,816.3842076828369
24003740304__24003740305,contrastive_vae,-16730.98731334041
24003740304__24003740603,contrastive_vae,-913.7132304190836
24003740304__24003740701,contrastive_vae,-1727.6843957961646
24003740304__24003740900,contrastive_vae,-4414.85839476627
24003740304__24003741000,contrastive_vae,18810.724528842955
24003740305__24003740602,contrastive_vae,-1677.1375618692928
24003740305__24003740603,contrastive_vae,11095.988612680816
24003740400__24027606901,contrastive_vae,28214.129966474185
24003740500__24003751500,contrastive_vae,-23963.64050683251
24003740500__24027606904,contrastive_vae,-9972.203682576604
24003740500__24027606905,contrastive_vae,20124.280441513827
24003740500__24027606906,contrastive_vae,1053.7060081654363
24003740500__24027606907,contrastive_vae,-613.3444679348486
24003740500__24033800103,contrastive_vae,8288.526858946298
24003740601__24003740602,contrastive_vae,30627.55053749736
24003740601__24003740603,contrastive_vae,28625.02725575103
24003740601__24003751500,contrastive_vae,-1478.664837188402
24003740602__24003740603,contrastive_vae,22618.973859782716
24003740603__24003740702,contrastive_vae,38470.00156656885
24003740603__24003751500,contrastive_vae,13691.737805335957
24003740603__24033800206,contrastive_vae,1014.2317929985438
24003740701__24003740900,contrastive_vae,8930.970707779918
24003740702__24003740800,contrastive_vae,1918.1777746057778
24003740702__24003740900,contrastive_vae,1040.7190490624926
24003740702__24033800401,contrastive_vae,10862.934240898103
24003740800__24003740900,contrastive_vae,12444.327571724025
24003740800__24003741000,contrastive_vae,35602.92249444361
24003740800__24003751700,contrastive_vae,-31441.83762212537
24003740900__24003741000,contrastive_vae,492.00081110897645
24003750101__24003750102,contrastive_vae,-1130.4091399020217
24003750101__24003750202,contrastive_vae,-1884.121326805136
24003750101__24003750203,contrastive_vae,-6279.247602723932
24003750101__24510250401,contrastive_vae,1844.8458659500984
24003750101__24510250500,contrastive_vae,375.71987140866895
24003750102__24003750201,contrastive_vae,681.6398675656624
24003750102__24003750202,contrastive_vae,452.3602048396788
24003750102__24005980100,contrastive_vae,-3168.6619096923096
24003750102__24510250401,contrastive_vae,-309.84004506682686
24003750201__24003750202,contrastive_vae,4070.269781688432
24003750201__24003750300,contrastive_vae,1431.817058592751
24003750201__24003750400,contrastive_vae,1012.6829009621288
24003750201__24005430104,contrastive_vae,2064.1224551795567
24003750201__24005980100,contrastive_vae,-2917.201283412416
24003750202__24003750203,contrastive_vae,2751.3879691078764
24003750202__24003750803,contrastive_vae,1710.6849590425845
24003750203__24003751102,contrastive_vae,6614.990558138117
24003750203__24510250500,contrastive_vae,-3802.2422806223967
24003750300__24003750400,contrastive_vae,8020.747461648658
24003750300__24003751200,contrastive_vae,3216.3477093145484
24003750300__24005430101,contrastive_vae,4485.739749183253
24003750300__24005430300,contrastive_vae,198.69204764455208
24003750400__24003750801,contrastive_vae,-5099.30929998618
24003750400__24003750803,contrastive_vae,-2585.9655507238567
24003750400__24003751200,contrastive_vae,-6648.112188957268
24003750400__24003980000,contrastive_vae,78.03019062641943
24003750801__24003750803,contrastive_vae,-5736.274830290524
24003750801__24003750804,contrastive_vae,-7755.043650151561
24003750801__24003750900,contrastive_vae,-6516.76729590568
24003750801__24003980000,contrastive_vae,-3045.7146222456504
24003750803__24003750804,contrastive_vae,-564.7990595234805
24003750803__24003751102,contrastive_vae,-2394.2207848821563
24003750804__24003750900,contrastive_vae,-1517.5477148036261
24003750804__24003751102,contrastive_vae,378.43574234101834
24003750900__24003751000,contrastive_vae,-1461.385574931206
24003750900__24003751102,contrastive_vae,916.7336537720621
24003750900__24003751400,contrastive_vae,573.8274244239437
24003751000__24003751102,contrastive_vae,2549.982780903356
24003751000__24003751103,contrastive_vae,4572.985549073863
24003751102__24003751103,contrastive_vae,-4920.336468472262
24003751102__24510250500,contrastive_vae,4815.697740376782
24003751200__24003751400,contrastive_vae,-7383.824686029853
24003751200__24003980000,contrastive_vae,43582.58048700333
24003751200__24005430300,contrastive_vae,459.3382475853723
24003751200__24005430600,contrastive_vae,918.0351767535703
24003751200__24005980200,contrastive_vae,-12955.858564883703
24003751200__24027601201,contrastive_vae,17955.415371607538
24003751200__24027601203,contrastive_vae,-10880.404214374415
24003751200__24027601204,contrastive_vae,14182.327546132034
24003751400__24003980000,contrastive_vae,35092.83841867772
24003751500__24033800103,contrastive_vae,188.2512272897511
24003751500__24033800206,contrastive_vae,-2021.240006841142
24003751500__24033800211,contrastive_vae,-931.2578592473001
24005400100__24005400200,contrastive_vae,-5779.2416524339715
24005400100__24005430900,contrastive_vae,5693.19818938362
24005400100__24005492500,contrastive_vae,-1086.9840434638027
24005400100__24510250103,contrastive_vae,-2435.5068455565124
24005400200__24005400400,contrastive_vae,-1102.5788457116032
24005400200__24005400600,contrastive_vae,2815.824512316496
24005400200__24510250101,contrastive_vae,2219.865613902639
24005400400__24005400500,contrastive_vae,-2553.670051557223
24005400400__24005400800,contrastive_vae,-2590.523636615573
24005400400__24005401000,contrastive_vae,-7509.018246845688
24005400400__24005430600,contrastive_vae,-3329.648038576408
24005400400__24005430700,contrastive_vae,-40.55722408127622
24005400400__24005492500,contrastive_vae,-9568.454108331469
24005400500__24005401000,contrastive_vae,1501.0973208292562
24005400500__24005401400,contrastive_vae,-659.6586164672008
24005400500__24027601104,contrastive_vae,6211.5419324200775
24005400600__24005400701,contrastive_vae,-9482.395072036372
24005400600__24005400702,contrastive_vae,-1614.7618075047776
24005400600__24005400800,contrastive_vae,6867.866441849124
24005400600__24510280403,contrastive_vae,-6139.829767555459
24005400701__24005400702,contrastive_vae,-3054.557580273724
24005400701__24005400800,contrastive_vae,23404.749352007086
24005400701__24005401101,contrastive_vae,-4910.083969582563
24005400701__24005401301,contrastive_vae,7873.966121705282
24005400702__24005401301,contrastive_vae,-1460.377854414337
24005400702__24005401302,contrastive_vae,-290.07084877156376
24005400702__24510280403,contrastive_vae,-2816.262921396701
24005400800__24005400900,contrastive_vae,-16837.577808157628
24005400800__24005401000,contrastive_vae,-1815.263808102809
24005400800__24005401505,contrastive_vae,-193.72907566614413
24005400900__24005401000,contrastive_vae,2952.978202918679
24005400900__24005401503,contrastive_vae,8140.084060727109
24005400900__24005401505,contrastive_vae,701.9016216885793
24005401000__24005401400,contrastive_vae,-1522.7823072017482
24005401101__24005401102,contrastive_vae,3005.862028835516
24005401101__24005401301,contrastive_vae,-9749.612721256126
24005401101__24005401505,contrastive_vae,10803.015642839076
24005401102__24005401200,contrastive_vae,-489.7107218683086
24005401102__24005401301,contrastive_vae,-35.84971648291321
24005401102__24005401507,contrastive_vae,-812.4329512550612
24005401102__24005402405,contrastive_vae,-2022.314368144329
24005401200__24005401301,contrastive_vae,2561.5854538018484
24005401200__24005402403,contrastive_vae,-2199.0765396301213
24005401200__24005402405,contrastive_vae,-2084.5412741349646
24005401200__24510280200,contrastive_vae,-3289.538733485386
24005401200__24510280301,contrastive_vae,3830.151480961391
24005401301__24005401302,contrastive_vae,-4450.396600271393
24005401301__24510280301,contrastive_vae,-843.2234490053452
24005401301__24510280401,contrastive_vae,1086.3062241717562
24005401302__24510280401,contrastive_vae,-3007.71436663068
24005401400__24005401503,contrastive_vae,-8265.47427862788
24005401400__24027602700,contrastive_vae,-10115.791661720294
24005401503__24005401504,contrastive_vae,2112.231775400105
24005401503__24027602800,contrastive_vae,-643.9502870099677
24005401504__24005401505,contrastive_vae,-9956.141838667267
24005401504__24005401506,contrastive_vae,-3002.883874035557
24005401504__24005401507,contrastive_vae,-1423.287153007317
24005401505__24005401507,contrastive_vae,-7475.3790638084465
24005401506__24005401507,contrastive_vae,-5628.651317293174
24005401506__24005402202,contrastive_vae,-1534.759150498321
24005401506__24005402406,contrastive_vae,1924.3816432286221
24005401507__24005402407,contrastive_vae,173.67812110468003
24005402201__24005402202,contrastive_vae,6131.131862873835
24005402201__24005402504,contrastive_vae,9056.47697561442
24005402201__24005404101,contrastive_vae,6875.637743515969
24005402201__24005404800,contrastive_vae,9560.371712339078
24005402201__24005492401,contrastive_vae,2336.9937303641127
24005402201__24005492402,contrastive_vae,-4816.087278506174
24005402201__24013505102,contrastive_vae,11026.266490581773
24005402201__24013505206,contrastive_vae,6877.564945275077
24005402201__24027603001,contrastive_vae,-181.85131096476562
24005402202__24005402406,contrastive_vae,-4311.055996303804
24005402202__24005402504,contrastive_vae,3735.9343467009294
24005402202__24027603001,contrastive_vae,-1829.9801413519826
24005402302__24005402303,contrastive_vae,3824.0314041105557
24005402302__24005402306,contrastive_vae,228.21145897496353
24005402302__24005402407,contrastive_vae,797.3270356834
24005402303__24005402304,contrastive_vae,3327.2383290658217
24005402303__24005402307,contrastive_vae,5919.745714133009
24005402303__24005402407,contrastive_vae,-4476.218330153293
24005402304__24005402305,contrastive_vae,1495.909534479215
24005402304__24005402404,contrastive_vae,-1611.2427627465804
24005402304__24005402405,contrastive_vae,815.8188258163245
24005402305__24005402307,contrastive_vae,14820.736859571189
24005402305__24005402403,contrastive_vae,-98.51148792748427
24005402305__24005402404,contrastive_vae,-861.9359244417283
24005402305__24005402604,contrastive_vae,1406.8559510792038
24005402305__24005403100,contrastive_vae,-10981.810802361779
24005402305__24005403300,contrastive_vae,3067.0099689953786
24005402306__24005402307,contrastive_vae,-4111.61247884445
24005402306__24005402602,contrastive_vae,-4281.942852866352
24005402306__24005402604,contrastive_vae,3364.276384031611
24005402307__24005402604,contrastive_vae,-255.18953114517353
24005402403__24005402404,contrastive_vae,-210.72884488033742
24005402403__24005403100,contrastive_vae,133.8011918607399
24005402403__24005403202,contrastive_vae,-901.616093520006
24005402403__24510280200,contrastive_vae,-2237.694329019865
24005402404__24005402405,contrastive_vae,-5146.358644416909
24005402405__24005402407,contrastive_vae,-2651.177041716137
24005402406__24005402407,contrastive_vae,-9065.809056841477
24005402503__24005402504,contrastive_vae,8254.894157334647
24005402503__24005402506,contrastive_vae,5836.167447031483
24005402503__24005402602,contrastive_vae,1461.077368324335
24005402503__24005402604,contrastive_vae,-1271.8592582549536
24005402504__24005402505,contrastive_vae,-6015.364314499941
24005402504__24005492401,contrastive_vae,-18.02254195743626
24005402505__24005402506,contrastive_vae,-4129.69597284916
24005402505__24005402509,contrastive_vae,1583.7958909494919
24005402505__24005492401,contrastive_vae,-729.1744174339001
24005402506__24005402509,contrastive_vae,-1270.6595602527432
24005402506__24005402604,contrastive_vae,582.9163857296044
24005402509__24005402603,contrastive_vae,12663.017153194698
24005402509__24005404101,contrastive_vae,5163.257509921343
24005402602__24005402604,contrastive_vae,2050.5101378159816
24005402603__24005402604,contrastive_vae,338.4282637914512
24005402603__24005403702,contrastive_vae,6680.730982524008
24005402604__24005403702,contrastive_vae,2241.4108892306904
24005403100__24005403201,contrastive_vae,-11240.950739419095
24005403100__24005403202,contrastive_vae,1701.452817847632
24005403100__24005403300,contrastive_vae,-805.0148242255382
24005403201__24005403202,contrastive_vae,-7916.263845979998
24005403201__24005403300,contrastive_vae,-3369.0730390392782
24005403201__24005403402,contrastive_vae,-5215.89195945788
24005403201__24510280101,contrastive_vae,-355.4137028797113
24005403202__24510280102,contrastive_vae,-10835.80919969536
24005403300__24005403401,contrastive_vae,-11993.17108045993
24005403300__24005403402,contrastive_vae,4566.915301013055
24005403300__24005403702,contrastive_vae,-835.2271675360971
24005403401__24005403402,contrastive_vae,14179.738931752916
24005403401__24005403702,contrastive_vae,-67.01830097238417
24005403402__24005403500,contrastive_vae,7854.144316754835
24005403402__24005403701,contrastive_vae,5839.870558751572
24005403402__24005403803,contrastive_vae,1328.5540684065345
24005403402__24510272007,contrastive_vae,3542.4408918022455
24005403402__24510280101,contrastive_vae,1981.5242130284296
24005403500__24005403601,contrastive_vae,-15658.383416944438
24005403500__24005403803,contrastive_vae,-5835.244576489749
24005403500__24510272004,contrastive_vae,3801.0044237286675
24005403500__24510272005,contrastive_vae,6097.7433731065175
24005403601__24005403602,contrastive_vae,12902.819556467643
24005403601__24005403803,contrastive_vae,-6227.3895714908285
24005403601__24005490400,contrastive_vae,1494.108235538799
24005403601__24510272003,contrastive_vae,2611.4377060954303
24005403602__24005490400,contrastive_vae,5191.332525982514
24005403602__24005490500,contrastive_vae,3415.3701353598663
24005403602__24510271501,contrastive_vae,-12552.386981331922
24005403701__24005403702,contrastive_vae,2925.340323607059
24005403701__24005403801,contrastive_vae,-1154.0360148995605
24005403701__24005403802,contrastive_vae,-3290.39334921306
24005403701__24005404202,contrastive_vae,-5274.919255067627
24005403701__24005404900,contrastive_vae,-3169.337881087511
24005403702__24005404101,contrastive_vae,-1037.2357111620731
24005403702__24005404102,contrastive_vae,847.8808798907412
24005403702__24005404202,contrastive_vae,452.76594766461494
24005403801__24005403802,contrastive_vae,-6614.061704420397
24005403801__24005408302,contrastive_vae,4855.493694287557
24005403801__24005408303,contrastive_vae,-1537.890592189889
24005403801__24005408704,contrastive_vae,-737.3579852706789
24005403801__24005490400,contrastive_vae,602.959487111686
24005403802__24005403803,contrastive_vae,8804.56708569848
24005403802__24005490400,contrastive_vae,1254.5777061350745
24005403803__24005490400,contrastive_vae,7245.045000929311
24005404101__24005404102,contrastive_vae,3593.2099666093345
24005404101__24005404403,contrastive_vae,-1754.6963401088706
24005404101__24005404800,contrastive_vae,9629.224354509102
24005404101__24005492402,contrastive_vae,1642.2827621919205
24005404102__24005404201,contrastive_vae,-1394.8909346792925
24005404102__24005404202,contrastive_vae,2287.0882648008555
24005404102__24005404403,contrastive_vae,-12664.984098856577
24005404201__24005404202,contrastive_vae,-5984.963961430814
24005404201__24005404501,contrastive_vae,-542.0715977795212
24005404201__24005404502,contrastive_vae,-8164.413958502122
24005404202__24005404900,contrastive_vae,6369.322793856791
24005404402__24005404404,contrastive_vae,-1314.846611901583
24005404402__24005404600,contrastive_vae,323.3879321638815
24005404402__24005404900,contrastive_vae,91.91989501809803
24005404403__24005404404,contrastive_vae,-575.0875938798181
24005404403__24005404501,contrastive_vae,2739.977759154408
24005404403__24005404502,contrastive_vae,5044.251034987102
24005404404__24005404501,contrastive_vae,671.2929884361911
24005404404__24005404600,contrastive_vae,3205.200442698704
24005404404__24005404800,contrastive_vae,228.45262285051285
24005404501__24005404502,contrastive_vae,-6641.782257890172
24005404600__24005404800,contrastive_vae,-1659.3826538934736
24005404600__24005404900,contrastive_vae,-1592.8674320553482
24005404600__24005405000,contrastive_vae,2250.7385558251026
24005404600__24013504100,contrastive_vae,-2805.2846805064255
24005404800__24013504201,contrastive_vae,-14613.087443211603
24005404900__24005408303,contrastive_vae,5038.935703806876
24005405000__24005406000,contrastive_vae,1128.0769570584655
24005405000__24005407001,contrastive_vae,415.66675433081855
24005405000__24005408200,contrastive_vae,-3435.7926264216403
24005405000__24013508101,contrastive_vae,569.238540884091
24005405000__24013508102,contrastive_vae,-1124.9639369346432
24005406000__24005407001,contrastive_vae,1990.7922447503697
24005406000__24005407002,contrastive_vae,1065.087674617469
24005407001__24005407002,contrastive_vae,4740.063223104034
24005407001__24005408100,contrastive_vae,6035.602768659404
24005407001__24005410100,contrastive_vae,-990.2865206980309
24005407002__24025304102,contrastive_vae,1706.5765950940358
24005408100__24005408200,contrastive_vae,5177.56538745053
24005408100__24005408400,contrastive_vae,14469.505854585637
24005408100__24005408900,contrastive_vae,7508.002516508894
24005408100__24005410100,contrastive_vae,-4918.346146885546
24005408200__24005408303,contrastive_vae,266.1512038306373
24005408200__24005408304,contrastive_vae,7050.483182996568
24005408200__24005408400,contrastive_vae,7403.299733176849
24005408302__24005408303,contrastive_vae,-7136.432375944751
24005408302__24005408304,contrastive_vae,-20175.87418350225
24005408302__24005408703,contrastive_vae,-5257.250528693092
24005408302__24005408704,contrastive_vae,6669.756664798224
24005408303__24005408304,contrastive_vae,-3298.218902752258
24005408304__24005408400,contrastive_vae,11345.736460132292
24005408304__24005408703,contrastive_vae,-12788.294493581998
24005408400__24005408503,contrastive_vae,-12561.984809187328
24005408400__24005408505,contrastive_vae,8131.583243642759
24005408400__24005408900,contrastive_vae,10839.840362125266
24005408502__24005408505,contrastive_vae,-1798.2288987715783
24005408502__24005408506,contrastive_vae,5941.085572043581
24005408502__24005408601,contrastive_vae,590.5046269274444
24005408502__24005408602,contrastive_vae,682.9316131076303
24005408502__24005408900,contrastive_vae,-1648.13109267064
24005408502__24005490100,contrastive_vae,-4243.775559748217
24005408503__24005408505,contrastive_vae,-28176.6721790355
24005408503__24005408506,contrastive_vae,7342.610308420444
24005408503__24005408507,contrastive_vae,-11435.9979638402
24005408503__24005408900,contrastive_vae,7166.203385279867
24005408505__24005408506,contrastive_vae,-2629.7479363401617
24005408505__24005408507,contrastive_vae,-3005.8312100548646
24005408505__24005408601,contrastive_vae,-41257.12054098097
24005408505__24005408703,contrastive_vae,11973.026984594035
24005408505__24005408800,contrastive_vae,6920.671081965396
24005408506__24005408507,contrastive_vae,-16130.734753110919
24005408506__24005408900,contrastive_vae,7231.449109475796
24005408601__24005408602,contrastive_vae,-20331.027360086562
24005408601__24005408800,contrastive_vae,27271.067450314258
24005408602__24005408800,contrastive_vae,7506.055187436097
24005408602__24005490100,contrastive_vae,-827.9394193594326
24005408602__24005490200,contrastive_vae,-21191.41273613874
24005408702__24005408704,contrastive_vae,8142.710735435743
24005408702__24005408800,contrastive_vae,3826.4903000612976
24005408702__24005490301,contrastive_vae,2209.5191402316996
24005408702__24005490400,contrastive_vae,-3116.607083495959
24005408702__24005490500,contrastive_vae,-5726.5083249877025
24005408703__24005408704,contrastive_vae,-12110.607672483158
24005408704__24005408800,contrastive_vae,12337.712847804883
24005408704__24005490400,contrastive_vae,-796.2683400868482
24005408800__24005490200,contrastive_vae,11433.147823351806
24005408900__24005410100,contrastive_vae,5812.5119773636625
24005410100__24005410200,contrastive_vae,-7193.185822972893
24005410100__24025304201,contrastive_vae,587.7730332540432
24005410200__24005411201,contrastive_vae,10090.31522788673
24005410200__24005411202,contrastive_vae,-1372.1296205409926
24005410200__24025304201,contrastive_vae,2566.7886889424053
24005411101__24005411102,contrastive_vae,-8302.73273484741
24005411101__24005411201,contrastive_vae,-995.255123548839
24005411101__24005411202,contrastive_vae,-2571.1689352153953
24005411101__24005411409,contrastive_vae,988.6664929945664
24005411101__24025303400,contrastive_vae,-944.5953375377776
24005411102__24005411302,contrastive_vae,10512.774282046623
24005411102__24005411309,contrastive_vae,-10246.515239356224
24005411102__24025301301,contrastive_vae,3147.8233173418084
24005411102__24025301401,contrastive_vae,8874.86303274563
24005411102__24025303400,contrastive_vae,7382.478339696703
24005411201__24005411202,contrastive_vae,-2264.4903144602868
24005411201__24025303300,contrastive_vae,4165.4317499553945
24005411201__24025304201,contrastive_vae,1213.137039289104
24005411202__24005490100,contrastive_vae,-5740.946386839085
24005411202__24005492600,contrastive_vae,74.28742645525563
24005411302__24005411307,contrastive_vae,1193.840061578937
24005411302__24005411308,contrastive_vae,507.6018275403185
24005411302__24005411309,contrastive_vae,-2585.401689135455
24005411302__24005440702,contrastive_vae,540.7472888868724
24005411302__24005451701,contrastive_vae,-13202.15619138414
24005411302__24005451702,contrastive_vae,-11953.412811083996
24005411303__24005411306,contrastive_vae,-5024.959445550219
24005411303__24005411307,contrastive_vae,485.4475436312696
24005411303__24005411308,contrastive_vae,4283.120924922527
24005411303__24005411309,contrastive_vae,-1040.583166113869
24005411303__24005411406,contrastive_vae,12569.781080492812
24005411303__24005411408,contrastive_vae,-115.32205175489071
24005411306__24005411307,contrastive_vae,-3240.135263369808
24005411306__24005411407,contrastive_vae,245.28151390921994
24005411306__24005411408,contrastive_vae,8678.9984148166
24005411306__24005440600,contrastive_vae,8353.288155586844
24005411307__24005411308,contrastive_vae,-6615.332212305024
24005411307__24005440600,contrastive_vae,4646.329863311668
24005411308__24005411309,contrastive_vae,-5861.128716285923
24005411309__24005411406,contrastive_vae,6937.726755021082
24005411404__24005411407,contrastive_vae,7575.82607485771
24005411404__24005411409,contrastive_vae,-24266.108068271085
24005411404__24005411410,contrastive_vae,-9342.515344351983
24005411404__24005492200,contrastive_vae,-20891.635200429915
24005411406__24005411408,contrastive_vae,3013.3658706805363
24005411406__24005411409,contrastive_vae,-7818.774968848162
24005411406__24005411410,contrastive_vae,9725.235001267403
24005411407__24005411408,contrastive_vae,-12972.186610554778
24005411407__24005440100,contrastive_vae,4507.026660252071
24005411407__24005440300,contrastive_vae,10776.418653147906
24005411407__24005491900,contrastive_vae,8546.25202299251
24005411408__24005411410,contrastive_vae,7401.748897680905
24005411409__24005411410,contrastive_vae,-16270.021622748709
24005420100__24005420301,contrastive_vae,9118.953404378899
24005420100__24005420302,contrastive_vae,1948.4901615467043
24005420100__24005420303,contrastive_vae,9193.758545237259
24005420100__24005420600,contrastive_vae,3596.0770792776784
24005420100__24005420701,contrastive_vae,11613.67899580171
24005420100__24005452400,contrastive_vae,4329.847576079075
24005420200__24005420303,contrastive_vae,1962.1153598979145
24005420200__24005420401,contrastive_vae,10944.109261919424
24005420200__24005420402,contrastive_vae,5560.679703971244
24005420200__24005420800,contrastive_vae,5206.728505463325
24005420200__24005421101,contrastive_vae,-44.474713501738734
24005420200__24005421200,contrastive_vae,9272.661149327552
24005420301__24005420302,contrastive_vae,10228.453637672552
24005420301__24005452400,contrastive_vae,3099.8475876747398
24005420301__24005452500,contrastive_vae,3039.5135210707867
24005420302__24005420303,contrastive_vae,7073.744547486918
24005420303__24005420402,contrastive_vae,-9783.802477298497
24005420303__24005420701,contrastive_vae,1908.0356982211742
24005420401__24005420402,contrastive_vae,-2339.785326675561
24005420500__24005420600,contrastive_vae,4060.526007945091
24005420500__24005420701,contrastive_vae,882.1545323274104
24005420500__24005420702,contrastive_vae,-54.70792636197075
24005420500__24005452300,contrastive_vae,2684.528633326714
24005420500__24510260404,contrastive_vae,577.7784025117344
24005420500__24510260501,contrastive_vae,-8292.966133563867
24005420500__24510260605,contrastive_vae,3900.605446765325
24005420600__24005420701,contrastive_vae,-2005.2539635321955
24005420600__24005452300,contrastive_vae,1417.0406770873788
24005420600__24005452400,contrastive_vae,-697.481647829909
24005420701__24005420702,contrastive_vae,475.2806892704666
24005420701__24005420800,contrastive_vae,12165.157068065982
24005420702__24005420800,contrastive_vae,3551.685316767511
24005420702__24510260605,contrastive_vae,1854.1805994021015
24005420800__24005420900,contrastive_vae,12956.288578240117
24005420800__24005421101,contrastive_vae,3338.1659756080835
24005420800__24510260605,contrastive_vae,-512.3645316306865
24005420900__24005421000,contrastive_vae,-8501.842574982164
24005420900__24005421101,contrastive_vae,11945.258498177856
24005421000__24005421101,contrastive_vae,1488.056903822936
24005421000__24005421102,contrastive_vae,-1468.7005957080555
24005421000__24510260605,contrastive_vae,5946.786247903099
24005421101__24005421102,contrastive_vae,9115.416463908941
24005421101__24005421200,contrastive_vae,2605.530943433914
24005421102__24005421200,contrastive_vae,2020.371087556402
24005421102__24005421300,contrastive_vae,-1577.2513911777942
24005421200__24005421300,contrastive_vae,2011.8456607880235
24005430101__24005430104,contrastive_vae,2101.3849846945195
24005430101__24005430200,contrastive_vae,-496.0320674572722
24005430101__24005430300,contrastive_vae,3660.5680687925487
24005430101__24510250205,contrastive_vae,456.14408646957236
24005430104__24005980100,contrastive_vae,-2415.8496724575034
24005430104__24510250205,contrastive_vae,4228.628754209132
24005430200__24005430300,contrastive_vae,-3609.740134988111
24005430200__24005430400,contrastive_vae,-1716.319936577349
24005430200__24510250205,contrastive_vae,2456.907758776546
24005430300__24005430400,contrastive_vae,-239.68510176698328
24005430300__24005980200,contrastive_vae,-941.9098500676337
24005430400__24005430600,contrastive_vae,316.95225956153445
24005430400__24005430700,contrastive_vae,-4199.4998355068565
24005430400__24005430800,contrastive_vae,4389.866782160727
24005430400__24005430900,contrastive_vae,-4037.280885292672
24005430400__24005980200,contrastive_vae,-10868.052300303098
24005430400__24510250103,contrastive_vae,-14428.779409212435
24005430400__24510250206,contrastive_vae,1030.354683541722
24005430600__24005430700,contrastive_vae,6820.382271508148
24005430600__24005980200,contrastive_vae,-4869.988605089
24005430600__24027601104,contrastive_vae,-2572.8733645671455
24005430600__24027601201,contrastive_vae,-1286.5059726281033
24005430700__24005430800,contrastive_vae,4928.633422769766
24005430700__24005492500,contrastive_vae,302.6757898685337
24005430800__24005430900,contrastive_vae,4764.988076026697
24005430800__24005492500,contrastive_vae,-5394.8831666855585
24005430900__24005492500,contrastive_vae,2365.548355204264
24005430900__24510250103,contrastive_vae,1615.1509465536674
24005440100__24005440200,contrastive_vae,-7858.4870912894585
24005440100__24005440300,contrastive_vae,4120.887916897889
24005440100__24005492101,contrastive_vae,18421.00504667795
24005440100__24005492102,contrastive_vae,2610.1524679269605
24005440100__24510270501,contrastive_vae,-4089.170156503713
24005440200__24005440300,contrastive_vae,10732.746423002769
24005440200__24005440400,contrastive_vae,6865.576971642971
24005440200__24005440500,contrastive_vae,9916.011195114857
24005440200__24510270501,contrastive_vae,-14746.920005663385
24005440200__24510270502,contrastive_vae,-1399.0032734731858
24005440300__24005440600,contrastive_vae,4864.276741879545
24005440300__24005440800,contrastive_vae,6934.110821806149
24005440400__24005440500,contrastive_vae,-15125.278816218124
24005440400__24005441000,contrastive_vae,-2003.1066351053305
24005440400__24510260101,contrastive_vae,-12953.353446946108
24005440500__24005440800,contrastive_vae,23746.78490978887
24005440500__24005440900,contrastive_vae,3914.009239200939
24005440500__24005441000,contrastive_vae,472.371714446419
24005440600__24005440701,contrastive_vae,6700.631662990578
24005440600__24005440702,contrastive_vae,-22963.129317434865
24005440600__24005440800,contrastive_vae,-21860.529989875213
24005440701__24005440702,contrastive_vae,-12126.960099848293
24005440701__24005440800,contrastive_vae,5107.92134323941
24005440701__24005440900,contrastive_vae,5937.506652032709
24005440701__24005451200,contrastive_vae,15615.974045475436
24005440702__24005451200,contrastive_vae,46.507275171625224
24005440702__24005451701,contrastive_vae,-11197.593236185372
24005440900__24005441101,contrastive_vae,16344.900497675786
24005440900__24005450100,contrastive_vae,2555.6279279844894
24005440900__24005451200,contrastive_vae,-116.95205241260192
24005441000__24005441101,contrastive_vae,4279.953042118544
24005441000__24005441102,contrastive_vae,-10365.896956092169
24005441101__24005441102,contrastive_vae,-15066.35971370406
24005441101__24005450100,contrastive_vae,1240.0033526270054
24005441102__24005450100,contrastive_vae,6737.144378421115
24005441102__24510260403,contrastive_vae,4636.53170865764
24005450100__24005450200,contrastive_vae,10350.672081060118
24005450100__24005451200,contrastive_vae,12108.30736996961
24005450100__24005452300,contrastive_vae,4061.9603745378663
24005450100__24510260404,contrastive_vae,-1687.0039456145842
24005450200__24005450300,contrastive_vae,9218.25531394609
24005450200__24005450400,contrastive_vae,2113.4781426175105
24005450200__24005451200,contrastive_vae,-751.9917554837507
24005450200__24005452300,contrastive_vae,-78.65990424080383
24005450200__24005492300,contrastive_vae,3215.3554985016344
24005450300__24005450400,contrastive_vae,1565.5312857727404
24005450300__24005450501,contrastive_vae,19022.196952051156
24005450300__24005492300,contrastive_vae,10826.734195890265
24005450400__24005450501,contrastive_vae,8833.511769643177
24005450400__24005452400,contrastive_vae,-8472.305527052944
24005450501__24005450503,contrastive_vae,5361.045563522286
24005450501__24005450504,contrastive_vae,1207.4763898850288
24005450501__24005450800,contrastive_vae,13255.321013784062
24005450504__24005450800,contrastive_vae,797.4170674229135
24005450504__24005450900,contrastive_vae,1219.6317366339636
24005450504__24005451100,contrastive_vae,-2207.106889588599
24005450800__24005450900,contrastive_vae,-9306.183403771814
24005450800__24005451500,contrastive_vae,9408.656411317432
24005450800__24005492300,contrastive_vae,6228.660476910467
24005450900__24005451000,contrastive_vae,-378.5451985556301
24005450900__24005451100,contrastive_vae,-3828.851679746969
24005451000__24005451100,contrastive_vae,-356.82665521662193
24005451200__24005451300,contrastive_vae,19795.084447207104
24005451200__24005451402,contrastive_vae,-345.77494113503826
24005451200__24005451600,contrastive_vae,-78.00988425000105
24005451200__24005451701,contrastive_vae,-1127.1615979819962
24005451200__24005492300,contrastive_vae,15985.63169953019
24005451300__24005451402,contrastive_vae,6527.2417520042145
24005451300__24005451701,contrastive_vae,5957.775796387221
24005451402__24005451600,contrastive_vae,12972.902000010665
24005451402__24005451701,contrastive_vae,-9248.231658985962
24005451500__24005451600,contrastive_vae,7732.249722872442
24005451500__24005492300,contrastive_vae,6268.0941201509195
24005451600__24005451802,contrastive_vae,-7543.068644127133
24005451600__24005492300,contrastive_vae,1514.3974645612252
24005451701__24005451702,contrastive_vae,-2695.152676591446
24005451701__24005451801,contrastive_vae,1125.1871031285787
24005451701__24005451802,contrastive_vae,149.88993754533885
24005451702__24005451801,contrastive_vae,135.62891277156905
24005451802__24005451803,contrastive_vae,11430.858653955584
24005451900__24005452000,contrastive_vae,-1134.9105936987557
24005452000__24005452100,contrastive_vae,959.2285177242265
24005452000__24005452400,contrastive_vae,-2258.210996769219
24005452000__24005980000,contrastive_vae,809.700920273277
24005452100__24005980000,contrastive_vae,2108.246878863706
24005452300__24005452400,contrastive_vae,11082.25306037697
24005452300__24510260404,contrastive_vae,2037.5806469493405
24005452400__24005452500,contrastive_vae,-6494.309241351444
24005452400__24005980000,contrastive_vae,1770.8572445868663
24005490100__24005490200,contrastive_vae,5020.740126768578
24005490100__24005490302,contrastive_vae,27221.428645778156
24005490100__24005491701,contrastive_vae,2727.291434234907
24005490100__24005492600,contrastive_vae,-2086.9508558865164
24005490200__24005490301,contrastive_vae,35983.2668696873
24005490301__24005490302,contrastive_vae,9116.50336615718
24005490301__24005490500,contrastive_vae,-1652.715654056141
24005490301__24005490701,contrastive_vae,-8858.555412226462
24005490301__24005490703,contrastive_vae,-15477.207345327435
24005490301__24005490900,contrastive_vae,-1417.9781275765745
24005490302__24005490900,contrastive_vae,2037.309781170181
24005490302__24005491201,contrastive_vae,-9918.902917063297
24005490400__24005490500,contrastive_vae,-5614.147796379402
24005490500__24005490603,contrastive_vae,3549.396433213653
24005490500__24005490605,contrastive_vae,1638.7139476561642
24005490500__24005490701,contrastive_vae,4558.307761238233
24005490500__24510271200,contrastive_vae,3362.577193024219
24005490500__24510271300,contrastive_vae,-8272.966638063921
24005490500__24510271501,contrastive_vae,-506.18502572166653
24005490601__24005490602,contrastive_vae,2645.8936669782706
24005490601__24005490603,contrastive_vae,4166.57269964594
24005490601__24005491100,contrastive_vae,-2099.0095973964817
24005490601__24510271200,contrastive_vae,-4091.248493986288
24005490602__24005490603,contrastive_vae,-8319.201678142424
24005490602__24005490605,contrastive_vae,-3498.5945273995894
24005490602__24005491000,contrastive_vae,-2953.792410655804
24005490602__24005491100,contrastive_vae,737.4925081416891
24005490603__24005490605,contrastive_vae,-8810.109684069368
24005490603__24510271200,contrastive_vae,-2733.5165198136856
24005490605__24005490701,contrastive_vae,55.61394610776733
24005490605__24005490703,contrastive_vae,-24718.0551165125
24005490605__24005490800,contrastive_vae,12068.1410179407
24005490701__24005490703,contrastive_vae,-14979.7628082759
24005490703__24005490900,contrastive_vae,9899.46222683302
24005490800__24005490900,contrastive_vae,9742.021356555222
24005490800__24005491000,contrastive_vae,-10397.583790027962
24005490800__24005491300,contrastive_vae,1802.2732956628133
24005490900__24005491201,contrastive_vae,-1621.583165741933
24005490900__24005491202,contrastive_vae,410.24417985108266
24005490900__24005491300,contrastive_vae,278.53402109003764
24005491000__24005491100,contrastive_vae,-11933.858023556073
24005491000__24005491300,contrastive_vae,-11283.293248544458
24005491100__24005491300,contrastive_vae,2837.825697097949
24005491100__24510270801,contrastive_vae,-9443.801022156462
24005491100__24510270804,contrastive_vae,4524.385199730736
24005491201__24005491202,contrastive_vae,-13885.39211586956
24005491201__24005491600,contrastive_vae,13617.2884698337
24005491201__24005491701,contrastive_vae,2559.688849129603
24005491202__24005491300,contrastive_vae,3864.5551540577853
24005491202__24005491401,contrastive_vae,-723.8914298133532
24005491202__24005491500,contrastive_vae,6055.287986282179
24005491300__24005491401,contrastive_vae,11864.221359828094
24005491300__24510270801,contrastive_vae,2280.27295375237
24005491401__24005491402,contrastive_vae,9164.118709543029
24005491401__24005491500,contrastive_vae,3497.6566895437572
24005491401__24005492102,contrastive_vae,2062.642153347486
24005491401__24510270801,contrastive_vae,1088.0790187247294
24005491401__24510270803,contrastive_vae,4344.266752143201
24005491402__24005491500,contrastive_vae,-9186.795029726312
24005491402__24005492001,contrastive_vae,5948.629299033353
24005491402__24005492102,contrastive_vae,217.97610895507387
24005491500__24005491600,contrastive_vae,-6770.011347865496
24005491500__24005492001,contrastive_vae,-6240.4750075762495
24005491600__24005491701,contrastive_vae,9241.201284076727
24005491600__24005492001,contrastive_vae,-15375.142192874038
24005491701__24005491900,contrastive_vae,15406.242560510407
24005491701__24005492200,contrastive_vae,2263.094099378821
24005491701__24005492600,contrastive_vae,-15914.201688784357
24005491900__24005492001,contrastive_vae,-2494.8253632539136
24005491900__24005492002,contrastive_vae,6942.016583028695
24005491900__24005492101,contrastive_vae,21563.88709074739
24005491900__24005492200,contrastive_vae,9462.055435584447
24005492001__24005492002,contrastive_vae,16286.958161207396
24005492002__24005492101,contrastive_vae,-14950.254946562876
24005492002__24005492102,contrastive_vae,4508.9604239159
24005492101__24005492102,contrastive_vae,3423.477156726678
24005492102__24510270701,contrastive_vae,2172.8061037021907
24005492102__24510270703,contrastive_vae,5734.378547241158
24005492200__24005492600,contrastive_vae,-18315.256746819618
24005492401__24005492402,contrastive_vae,490.05528967705686
24005980100__24510250205,contrastive_vae,4428.646594503371
24009860101__24009860102,contrastive_vae,6987.843914806639
24009860200__24009860300,contrastive_vae,5783.467892511426
24009860200__24009860600,contrastive_vae,13613.25450970486
24009860200__24033800800,contrastive_vae,-2505.2883299388122
24009860300__24009860501,contrastive_vae,-3273.4535409248247
24009860300__24009860600,contrastive_vae,825.3393809374975
24009860401__24009860402,contrastive_vae,-539.7609490091745
24009860501__24009860502,contrastive_vae,2812.9870836302025
24009860501__24009860600,contrastive_vae,4385.967481362401
24009860501__24009860701,contrastive_vae,98.91598387499835
24009860501__24009860702,contrastive_vae,4221.203388822571
24009860600__24009860701,contrastive_vae,8002.791713476272
24009860701__24009860702,contrastive_vae,4386.476378035251
24009860701__24009860703,contrastive_vae,2318.1911185160207
24009860702__24009860703,contrastive_vae,-138.8187670624975
24009860703__24009860802,contrastive_vae,-29.640850562500418
24009860801__24009860802,contrastive_vae,2827.569656893291
24009860900__24009861001,contrastive_vae,211.68670737936918
24009860900__24009861003,contrastive_vae,12213.248579946328
24009861001__24009861003,contrastive_vae,1208.155488734118
24009861001__24009861004,contrastive_vae,4006.982805964508
24009861003__24009861004,contrastive_vae,8417.98793834008
24011955000__24011955100,contrastive_vae,-3435.837851601035
24011955000__24035810200,contrastive_vae,-1405.5522241738736
24011955100__24011955201,contrastive_vae,2123.908363968145
24011955100__24011955202,contrastive_vae,-351.04447912499995
24011955100__24011955301,contrastive_vae,-2468.8226683908774
24011955100__24035810500,contrastive_vae,3744.4926790650334
24011955201__24011955202,contrastive_vae,-88.53190369816548
24011955201__24035810500,contrastive_vae,9046.803577678185
24011955202__24011955301,contrastive_vae,-2359.8415492394706
24011955202__24011955302,contrastive_vae,96.73844603012003
24011955202__24035810500,contrastive_vae,7150.0009924286505
24011955202__24041960100,contrastive_vae,-1605.9708981203694
24011955301__24011955302,contrastive_vae,1968.696270075081
24011955301__24011955400,contrastive_vae,-5742.480564693626
24011955400__24011955500,contrastive_vae,-848.4541797175652
24011955400__24011955600,contrastive_vae,14257.672714351094
24011955500__24019970200,contrastive_vae,944.6207160079675
24011955600__24019970100,contrastive_vae,-6844.638590669214
24013501001__24013501002,contrastive_vae,498.6672955459235
24013501001__24013503000,contrastive_vae,90.20364036177887
24013501002__24013503000,contrastive_vae,141.68355469200992
24013501002__24021767500,contrastive_vae,-932.6817043457208
24013502000__24013507500,contrastive_vae,3842.3967000990556
24013502000__24013511000,contrastive_vae,-248.01356161094282
24013503000__24013507500,contrastive_vae,450.3099270148123
24013503000__24013507601,contrastive_vae,231.56350580583785
24013504100__24013504201,contrastive_vae,-18150.335965638165
24013504100__24013508200,contrastive_vae,11687.074120600399
24013504201__24013504202,contrastive_vae,17232.482286344693
24013504202__24013507802,contrastive_vae,3928.574978599914
24013505101__24013505102,contrastive_vae,1417.8820418366267
24013505101__24013505207,contrastive_vae,6130.582361982084
24013505102__24013505203,contrastive_vae,5449.936934779955
24013505102__24013505205,contrastive_vae,855.7631776232247
24013505102__24013505206,contrastive_vae,-1074.5957515736627
24013505203__24013505205,contrastive_vae,-3737.2333046750537
24013505203__24013505206,contrastive_vae,5190.902431316605
24013505203__24013505207,contrastive_vae,4752.25681892896
24013505203__24013505208,contrastive_vae,780.2834882619645
24013505205__24013505206,contrastive_vae,-4280.930331543645
24013505206__24013505208,contrastive_vae,-1767.323630653449
24013505206__24027603003,contrastive_vae,-2499.4336913833868
24013505207__24013505208,contrastive_vae,5951.82669882188
24013505208__24027603003,contrastive_vae,2207.468990589223
24013506101__24013506102,contrastive_vae,-1761.2843243215002
24013506101__24013506200,contrastive_vae,1906.8354424107893
24013506102__24013506200,contrastive_vae,2291.6861469561445
24013506102__24013507601,contrastive_vae,2925.5590698675414
24013506102__24013507602,contrastive_vae,-1639.5127397595643
24013506102__24013508200,contrastive_vae,-1577.5798188516328
24013507500__24013507601,contrastive_vae,2067.779017597524
24013507500__24013507702,contrastive_vae,-118.64443501316055
24013507500__24013507704,contrastive_vae,10359.069565234186
24013507601__24013507602,contrastive_vae,-2696.9951327096023
24013507601__24013507702,contrastive_vae,-1074.9547280408824
24013507601__24013507801,contrastive_vae,-117.01482637499976
24013507602__24013507801,contrastive_vae,3529.6995772076853
24013507602__24013507802,contrastive_vae,4456.378920988831
24013507602__24013508200,contrastive_vae,7413.726777851813
24013507702__24013507703,contrastive_vae,-4734.685419696695
24013507702__24013507704,contrastive_vae,46.28572736080787
24013507702__24013507801,contrastive_vae,2433.342772742659
24013507702__24013507802,contrastive_vae,755.1416021038931
24013507702__24013511000,contrastive_vae,2308.0608049137486
24013507703__24013507704,contrastive_vae,-3502.302448397567
24013507703__24013511000,contrastive_vae,773.776816511901
24013507801__24013507802,contrastive_vae,-1829.7925533633788
24013508101__24013508102,contrastive_vae,1677.1017402574403
24013508101__24013508200,contrastive_vae,606.1680606584559
24013508102__24013508200,contrastive_vae,2461.920825699439
24013509001__24013509002,contrastive_vae,2208.778332011819
24013510000__24021751600,contrastive_vae,-927.8092315886001
24013510000__24021767600,contrastive_vae,-2595.799101347793
24013512000__24021751600,contrastive_vae,2858.026333656762
24013513001__24013513002,contrastive_vae,777.7901619107579
24013513001__24021752001,contrastive_vae,659.8364561599392
24013513002__24013514201,contrastive_vae,-2514.748655130451
24013513002__24021751903,contrastive_vae,-510.1786576717295
24013513002__24021752001,contrastive_vae,-1240.197890554984
24013513002__24027604001,contrastive_vae,-5317.940565206751
24013514100__24013514201,contrastive_vae,1898.0296338154258
24013514100__24013514202,contrastive_vae,-3758.129218291464
24013514201__24013514202,contrastive_vae,3450.8463288447856
24013514201__24027604001,contrastive_vae,528.2058212855609
24013514202__24027604002,contrastive_vae,316.63265348275127
24015030100__24029950100,contrastive_vae,2875.4252265764317
24015030400__24015030503,contrastive_vae,10205.084235812144
24015030400__24015030505,contrastive_vae,2605.4670354224654
24015030400__24015030506,contrastive_vae,9154.252923332417
24015030501__24015030503,contrastive_vae,-1738.7031062793617
24015030501__24015030601,contrastive_vae,-1974.5046996029164
24015030503__24015030506,contrastive_vae,1328.817808024709
24015030503__24015030601,contrastive_vae,1108.644563818838
24015030503__24015030602,contrastive_vae,1097.8881878841048
24015030503__24015030903,contrastive_vae,-5462.3753727443345
24015030505__24015030506,contrastive_vae,11529.565575717847
24015030601__24015030602,contrastive_vae,2278.3818760861172
24015030700__24015030905,contrastive_vae,2324.2328731819207
24015030903__24015030906,contrastive_vae,2492.6977459677582
24015030905__24015030906,contrastive_vae,1425.6262452084775
24015030906__24015031202,contrastive_vae,-1158.5862777206275
24015031201__24015031202,contrastive_vae,1975.8198908065388
24015031201__24015031301,contrastive_vae,-2111.5714413262385
24015031301__24015031302,contrastive_vae,-3200.6359212048183
24017850101__24017850102,contrastive_vae,2323.6214097893317
24017850101__24033801302,contrastive_vae,-5457.905497083926
24017850102__24017850202,contrastive_vae,2061.204317875
24017850102__24017850300,contrastive_vae,-1855.5189231250006
24017850102__24017850600,contrastive_vae,-291.65938696677404
24017850102__24033801310,contrastive_vae,-2984.198792275183
24017850202__24017850300,contrastive_vae,-814.6820132500006
24017850300__24017850400,contrastive_vae,7327.1818514572915
24017850300__24017850500,contrastive_vae,5305.5452594375
24017850300__24017850600,contrastive_vae,2003.7914235822927
24017850400__24017850500,contrastive_vae,19590.418740786594
24017850500__24017850600,contrastive_vae,9034.672509241042
24017850600__24017850712,contrastive_vae,1953.6920951018383
24017850600__24017850713,contrastive_vae,-2965.869295587684
24017850600__24017851001,contrastive_vae,6469.988034408858
24017850600__24017851002,contrastive_vae,-11803.290611309043
24017850600__24017851500,contrastive_vae,8501.8994016875
24017850706__24017850708,contrastive_vae,6729.318259867527
24017850706__24017850709,contrastive_vae,-966.355775531345
24017850706__24017850711,contrastive_vae,-3347.8040424973296
24017850706__24017850901,contrastive_vae,5838.580686924994
24017850708__24017850709,contrastive_vae,-1213.8735907036735
24017850708__24033801310,contrastive_vae,13379.254770995012
24017850709__24017850801,contrastive_vae,-313.6803875625046
24017850709__24017850802,contrastive_vae,-3922.452433448998
24017850709__24033801003,contrastive_vae,-10100.204183533671
24017850711__24017850901,contrastive_vae,418.5504817935216
24017850711__24017851500,contrastive_vae,4163.205045887502
24017850712__24017850713,contrastive_vae,8522.386816142523
24017850713__24017851500,contrastive_vae,11767.644737312638
24017850801__24017850802,contrastive_vae,144.18968958804908
24017850801__24033801003,contrastive_vae,-2559.864800823503
24017850802__24017850901,contrastive_vae,-5717.4305970023925
24017850802__24017850904,contrastive_vae,-12582.332099525185
24017850802__24017850905,contrastive_vae,-6343.283255761007
24017850802__24017851400,contrastive_vae,-190.91433155978666
24017850901__24017850902,contrastive_vae,9721.49066600858
24017850901__24017850905,contrastive_vae,-1386.4595465735056
24017850901__24017850906,contrastive_vae,438.81206313600705
24017850901__24017851500,contrastive_vae,-3446.724586456483
24017850902__24017850904,contrastive_vae,-6089.3985542626415
24017850902__24017850906,contrastive_vae,-2580.7523102751857
24017850902__24017851002,contrastive_vae,6231.437077777422
24017850902__24017851500,contrastive_vae,-3496.134199356671
24017850904__24017850905,contrastive_vae,7435.047665437498
24017850904__24017850906,contrastive_vae,-702.3343122059705
24017850904__24017851302,contrastive_vae,-3596.37693731278
24017851001__24017851002,contrastive_vae,-6163.086114246078
24017851002__24017851100,contrastive_vae,-1423.8190376498114
24017851002__24017851500,contrastive_vae,-8602.20072780918
24017851100__24017851200,contrastive_vae,-4399.13498869847
24017851301__24017851302,contrastive_vae,-3772.380351016651
24017851301__24037875202,contrastive_vae,-1378.1291822221015
24017851302__24017851400,contrastive_vae,-2468.7550019205737
24017851302__24037875100,contrastive_vae,-4582.042788375002
24017851400__24033800900,contrastive_vae,5135.855603465312
24017851400__24037875100,contrastive_vae,-766.4859858044947
24019970100__24019970200,contrastive_vae,25090.47089030751
24019970100__24019970900,contrastive_vae,-8997.197436808196
24019970100__24045010701,contrastive_vae,43608.76791325979
24019970200__24019970300,contrastive_vae,7196.751465477982
24019970300__24019970702,contrastive_vae,-697.2472203441857
24019970300__24019970900,contrastive_vae,9208.124180815352
24019970400__24019970500,contrastive_vae,-1817.9413247513926
24019970400__24019970600,contrastive_vae,-7113.301907778157
24019970400__24019970702,contrastive_vae,-4075.942806766019
24019970500__24019970600,contrastive_vae,3971.6275049611486
24019970500__24019970702,contrastive_vae,-4491.721317652393
24019970600__24019970702,contrastive_vae,-2325.2702068136286
24019970702__24019970900,contrastive_vae,-549.618335134013
24021740200__24021750802,contrastive_vae,11219.286899858227
24021740200__24021751302,contrastive_vae,4364.689581452087
24021740200__24021751701,contrastive_vae,-400.97626304444566
24021740200__24021767600,contrastive_vae,-4136.25916316927
24021740200__24021773500,contrastive_vae,8392.805079867427
24021750100__24021750200,contrastive_vae,-3874.775297170683
24021750100__24021750600,contrastive_vae,466.99855236458825
24021750100__24021750801,contrastive_vae,-863.6073398312001
24021750100__24021750803,contrastive_vae,1451.5270152109506
24021750200__24021750300,contrastive_vae,1735.1171100122529
24021750200__24021750600,contrastive_vae,-7344.1012484233615
24021750200__24021750803,contrastive_vae,1626.2593777048196
24021750200__24021772200,contrastive_vae,549.2436820625262
24021750300__24021750600,contrastive_vae,6868.019052088098
24021750300__24021765100,contrastive_vae,805.241748541288
24021750300__24021772200,contrastive_vae,-878.6206122176873
24021750503__24021750504,contrastive_vae,-6616.810275252918
24021750503__24021750505,contrastive_vae,15.370358748055878
24021750503__24021750506,contrastive_vae,1714.9361367860056
24021750503__24021751203,contrastive_vae,-4419.842956503626
24021750504__24021750505,contrastive_vae,5244.701166702762
24021750504__24021750600,contrastive_vae,7311.083004369153
24021750504__24021750702,contrastive_vae,3489.9051232908587
24021750504__24021751201,contrastive_vae,2153.1439946111605
24021750504__24021751203,contrastive_vae,3738.6125342343958
24021750505__24021750506,contrastive_vae,5131.159242472822
24021750505__24021765100,contrastive_vae,6507.301036113902
24021750506__24021751004,contrastive_vae,3262.9961251403292
24021750506__24021751203,contrastive_vae,2222.330190982576
24021750506__24021752602,contrastive_vae,2542.13878451447
24021750506__24021752603,contrastive_vae,643.7292593582606
24021750506__24021765100,contrastive_vae,-487.64503154453996
24021750600__24021750702,contrastive_vae,2805.9821926648
24021750600__24021750801,contrastive_vae,937.6838334344575
24021750600__24021765100,contrastive_vae,710.4451454977243
24021750701__24021750702,contrastive_vae,-500.778792676967
24021750701__24021750801,contrastive_vae,-2208.1446516765136
24021750701__24021750802,contrastive_vae,-2024.602576507852
24021750701__24021751201,contrastive_vae,4623.653159190231
24021750701__24021751301,contrastive_vae,756.5535368479177
24021750702__24021750801,contrastive_vae,131.23421992518706
24021750702__24021751201,contrastive_vae,-8763.104950080273
24021750801__24021750802,contrastive_vae,-1830.2721734296356
24021750801__24021750803,contrastive_vae,3429.686020933099
24021750802__24021750803,contrastive_vae,-959.1884515724742
24021750802__24021751301,contrastive_vae,-87.3183544961721
24021750803__24021751701,contrastive_vae,-6417.535722215878
24021750803__24021772200,contrastive_vae,4310.4079274654505
24021751001__24021751002,contrastive_vae,1021.1590853796124
24021751001__24021751004,contrastive_vae,6555.40055484378
24021751002__24021751003,contrastive_vae,-3256.6819558515162
24021751002__24021751004,contrastive_vae,2500.584907147315
24021751002__24021752301,contrastive_vae,-1490.3057823432064
24021751003__24021751004,contrastive_vae,-423.2609890165759
24021751003__24021751904,contrastive_vae,30643.238798131075
24021751003__24021752301,contrastive_vae,1818.551256554023
24021751003__24021765100,contrastive_vae,-5992.351031966362
24021751003__24021772200,contrastive_vae,-10261.26217112958
24021751004__24021752303,contrastive_vae,-5170.263250072239
24021751004__24021752501,contrastive_vae,937.8295505195711
24021751004__24021752602,contrastive_vae,4870.045543444345
24021751004__24021765100,contrastive_vae,-748.2325339205709
24021751201__24021751202,contrastive_vae,-12319.507696352037
24021751201__24021751203,contrastive_vae,2650.905215993618
24021751202__24021751203,contrastive_vae,-7441.667078944503
24021751203__24021752603,contrastive_vae,-823.0998770179413
24021751301__24021751302,contrastive_vae,1652.5832476524374
24021751302__24021752900,contrastive_vae,3550.150192480844
24021751302__24021753001,contrastive_vae,760.6769312390716
24021751600__24021767600,contrastive_vae,10062.54916191995
24021751701__24021773500,contrastive_vae,442.11850076978044
24021751801__24021751802,contrastive_vae,3705.407605826211
24021751801__24021751901,contrastive_vae,307.18410693357146
24021751801__24021751903,contrastive_vae,-3871.01716035953
24021751802__24021751903,contrastive_vae,-741.8777797214689
24021751802__24021752001,contrastive_vae,-2038.4771205531797
24021751901__24021751902,contrastive_vae,-3902.1028319797606
24021751901__24021751903,contrastive_vae,586.3452729988785
24021751901__24021751904,contrastive_vae,-3713.0993175061185
24021751901__24021775600,contrastive_vae,-412.7039139377539
24021751902__24021751904,contrastive_vae,1517.008266992223
24021751902__24021772200,contrastive_vae,1253.3588999632775
24021751902__24021775600,contrastive_vae,4751.8924082429585
24021751903__24021751904,contrastive_vae,2429.2970338089417
24021751903__24021752001,contrastive_vae,6006.001237126002
24021751903__24021752102,contrastive_vae,-4846.4694401314555
24021751903__24027604001,contrastive_vae,-1704.9777472765272
24021751903__24031700204,contrastive_vae,6349.296739767415
24021751904__24021772200,contrastive_vae,2455.232923370083
24021752101__24021752102,contrastive_vae,13038.708423085205
24021752102__24021752201,contrastive_vae,-1156.0134661818738
24021752102__24021752204,contrastive_vae,16324.54091961194
24021752102__24031700204,contrastive_vae,9385.323386475848
24021752102__24031700312,contrastive_vae,-4786.959659119879
24021752201__24021752204,contrastive_vae,-24744.60529846781
24021752201__24031700400,contrastive_vae,-45263.90460527978
24021752202__24021752204,contrastive_vae,2022.4105348088415
24021752301__24021752302,contrastive_vae,4564.787139200522
24021752301__24021752303,contrastive_vae,-3448.717370261725
24021752302__24021752303,contrastive_vae,-6158.639255292594
24021752303__24021752501,contrastive_vae,-1759.860928645663
24021752303__24021752502,contrastive_vae,-2074.346041158511
24021752303__51107610300,contrastive_vae,-1225.1651635917005
24021752501__24021752502,contrastive_vae,-4012.6640254290396
24021752502__51107610300,contrastive_vae,-413.3795155753396
24021752601__24021752602,contrastive_vae,4156.335868369437
24021752601__24021752603,contrastive_vae,-1868.8051738821723
24021752601__24021770700,contrastive_vae,754.656495057252
24021752602__24021752603,contrastive_vae,-751.7874606564292
24021752801__24021752900,contrastive_vae,-1689.6926557643892
24021752801__24043011301,contrastive_vae,4406.055676452874
24021752802__24021770700,contrastive_vae,825.0046108516526
24021752802__24043011302,contrastive_vae,10001.513653559821
24021752900__24021753001,contrastive_vae,-12479.628782269283
24021752900__24021753002,contrastive_vae,-4141.0312784375
24021752900__24021766800,contrastive_vae,415.8797449051282
24021752900__24043010100,contrastive_vae,-1538.4962733388606
24021752900__24043011301,contrastive_vae,2345.3117148431384
24021753001__24021753002,contrastive_vae,-341.0916147509852
24021753001__24021767500,contrastive_vae,4206.056410072565
24021765100__24021772200,contrastive_vae,-3185.767893680375
24021766800__24021767500,contrastive_vae,-2495.7528775913856
24021767500__24021767600,contrastive_vae,14843.677368379396
24021772200__24021775600,contrastive_vae,1857.3312918534502
24021775302__24021775400,contrastive_vae,3743.656961010398
24021775302__51107610101,contrastive_vae,196.04206189456545
24021775302__51107610102,contrastive_vae,188.48893894610865
24021775400__51107610102,contrastive_vae,807.8504660221251
24023000100__24023000200,contrastive_vae,-87.76482605288402
24023000100__24023000500,contrastive_vae,-5618.452335087741
24023000100__24023000600,contrastive_vae,0.0
24023000200__24023000300,contrastive_vae,2695.4638818752783
24023000300__24023000400,contrastive_vae,848.2654833532165
24023000300__24023000500,contrastive_vae,-394.5280557270248
24023000400__24023000500,contrastive_vae,-2739.4314090182525
24023000500__24023000600,contrastive_vae,4604.3362994972995
24023000600__24023000700,contrastive_vae,3839.4738885700453
24025301102__24025301106,contrastive_vae,766.30983346416
24025301102__24025301108,contrastive_vae,-6848.546637220679
24025301102__24025301702,contrastive_vae,-36.83600580408529
24025301102__24025301703,contrastive_vae,4277.073633451243
24025301102__24025301704,contrastive_vae,969.7572717881449
24025301102__24025302200,contrastive_vae,618.8624475831225
24025301102__24025302400,contrastive_vae,1162.9598301842425
24025301102__24025303606,contrastive_vae,-375.4250230751986
24025301102__24025303700,contrastive_vae,-2982.9467290810026
24025301106__24025301108,contrastive_vae,-8354.031493989245
24025301106__24025301202,contrastive_vae,185.36807896407117
24025301106__24025303501,contrastive_vae,-4591.589217054921
24025301106__24025303602,contrastive_vae,-4100.2683764307785
24025301107__24025301204,contrastive_vae,-2223.9285785311804
24025301107__24025301205,contrastive_vae,6924.420039633587
24025301107__24025301703,contrastive_vae,-4461.183949922764
24025301108__24025301703,contrastive_vae,899.4943843562196
24025301201__24025301204,contrastive_vae,-7257.844907465391
24025301201__24025301301,contrastive_vae,10614.283417661383
24025301202__24025301204,contrastive_vae,-620.3319891488627
24025301202__24025301205,contrastive_vae,-3292.1308445466275
24025301202__24025303501,contrastive_vae,-2212.9680604527457
24025301204__24025301205,contrastive_vae,4813.814285428878
24025301204__24025301301,contrastive_vae,-5318.097594429244
24025301301__24025301302,contrastive_vae,-13007.863241502542
24025301301__24025301401,contrastive_vae,8409.065897990822
24025301301__24025301402,contrastive_vae,1192.446187545021
24025301301__24025301703,contrastive_vae,-6513.506810472238
24025301302__24025301601,contrastive_vae,-350.9408347945573
24025301302__24025301602,contrastive_vae,-1731.5616325944357
24025301302__24025301702,contrastive_vae,-2227.0239677738573
24025301401__24025301402,contrastive_vae,3848.4700054244204
24025301402__24025301601,contrastive_vae,2634.492109419214
24025301402__24025306500,contrastive_vae,1792.7645940952343
24025301601__24025301602,contrastive_vae,6049.093241487386
24025301601__24025306500,contrastive_vae,-583.5772355470922
24025301602__24025301702,contrastive_vae,15153.079159397945
24025301602__24025306500,contrastive_vae,11751.151229678013
24025301702__24025301703,contrastive_vae,3183.889734126402
24025301702__24025301704,contrastive_vae,-2613.3861689353434
24025301702__24025302400,contrastive_vae,4127.092242981853
24025301703__24025301704,contrastive_vae,5186.454965586279
24025302100__24025302200,contrastive_vae,2815.66765164605
24025302100__24025306400,contrastive_vae,715.5106289596242
24025302200__24025302400,contrastive_vae,-378.510963280924
24025302200__24025302801,contrastive_vae,5648.593479677409
24025302200__24025302802,contrastive_vae,422.66229454084987
24025302200__24025303700,contrastive_vae,-8628.907425826212
24025302200__24025306400,contrastive_vae,-645.6462552587518
24025302400__24025302902,contrastive_vae,-8157.711605412656
24025302400__24025306500,contrastive_vae,-4348.651504358993
24025302801__24025302802,contrastive_vae,11440.851061681387
24025302801__24025302901,contrastive_vae,1055.6549791516359
24025302801__24025306300,contrastive_vae,-1960.3868901233618
24025302802__24025302901,contrastive_vae,1923.8637090085867
24025302802__24025302902,contrastive_vae,-1871.847163761835
24025302901__24025302902,contrastive_vae,3969.0791702294027
24025302901__24025306300,contrastive_vae,3477.794499382024
24025302902__24025306500,contrastive_vae,-1903.45015966117
24025303101__24025303102,contrastive_vae,-14764.659778001675
24025303101__24025303201,contrastive_vae,-367.150774499205
24025303101__24025303603,contrastive_vae,23561.6919269855
24025303101__24025303700,contrastive_vae,5676.021216481433
24025303101__24025305100,contrastive_vae,-1147.3411775452814
24025303101__24025305200,contrastive_vae,-1065.3328194820715
24025303102__24025303700,contrastive_vae,4993.76222210066
24025303201__24025303203,contrastive_vae,5077.934198659135
24025303201__24025303204,contrastive_vae,4855.374208142599
24025303201__24025303603,contrastive_vae,3308.2683911618988
24025303201__24025304101,contrastive_vae,-213.16670813013434
24025303201__24025304202,contrastive_vae,-3132.4529843095142
24025303201__24025305100,contrastive_vae,-2876.88921294967
24025303203__24025303204,contrastive_vae,6448.804939705806
24025303203__24025303206,contrastive_vae,-516.1359796466131
24025303203__24025303603,contrastive_vae,822.8889645793261
24025303203__24025303802,contrastive_vae,-92.86454452386533
24025303204__24025303206,contrastive_vae,6987.556597623738
24025303206__24025303502,contrastive_vae,-12286.486544425923
24025303206__24025303802,contrastive_vae,4623.01854807145
24025303300__24025303400,contrastive_vae,209.85245083338305
24025303300__24025303502,contrastive_vae,-4429.684399850143
24025303300__24025304201,contrastive_vae,8719.494017667996
24025303300__24025304202,contrastive_vae,1071.3714377082579
24025303501__24025303502,contrastive_vae,7092.497004419736
24025303501__24025303602,contrastive_vae,-5400.9218411242655
24025303501__24025303801,contrastive_vae,7425.3422086740975
24025303501__24025303900,contrastive_vae,-3313.5531828751264
24025303502__24025303801,contrastive_vae,318.71627349831033
24025303602__24025303900,contrastive_vae,-10596.425183314383
24025303603__24025303605,contrastive_vae,-1035.5199396697935
24025303603__24025303802,contrastive_vae,190.4577051432152
24025303603__24025303803,contrastive_vae,-10143.251113732513
24025303605__24025303700,contrastive_vae,4291.347189324597
24025303605__24025303900,contrastive_vae,5456.666020630248
24025303606__24025303700,contrastive_vae,-1452.1050240975628
24025303801__24025303802,contrastive_vae,-409.25576452762834
24025303801__24025303803,contrastive_vae,-4169.112459607815
24025303801__24025303900,contrastive_vae,-351.81265445384633
24025303802__24025303803,contrastive_vae,-6335.36986116962
24025303803__24025303900,contrastive_vae,10675.62933230762
24025304101__24025304102,contrastive_vae,4631.459174877249
24025304101__24025304201,contrastive_vae,1409.291971878487
24025304101__24025304202,contrastive_vae,-4892.864868773635
24025304101__24025305100,contrastive_vae,424.4500873326915
24025304102__24025304201,contrastive_vae,393.12701408710745
24025304102__24025305100,contrastive_vae,64.83101160459
24025304201__24025304202,contrastive_vae,-1702.784824873621
24025305100__24025305200,contrastive_vae,-1198.693445811592
24025305200__24025305300,contrastive_vae,1034.2884659905503
24025306100__24025306200,contrastive_vae,1419.103125290736
24025306100__24025306400,contrastive_vae,-3306.3598325004386
24027601103__24027601104,contrastive_vae,15229.631900950662
24027601103__24027601108,contrastive_vae,-4068.6264922641785
24027601103__24027601203,contrastive_vae,-7580.354353455323
24027601103__24027601204,contrastive_vae,-18262.331532591226
24027601104__24027601105,contrastive_vae,8307.092906171882
24027601104__24027601108,contrastive_vae,-2921.6755794532573
24027601104__24027601201,contrastive_vae,-9688.654458483827
24027601104__24027602700,contrastive_vae,15477.676448661558
24027601105__24027601108,contrastive_vae,5810.042682342049
24027601105__24027602302,contrastive_vae,12712.484080506536
24027601105__24027602700,contrastive_vae,4151.842235674982
24027601105__24027606606,contrastive_vae,-3216.5451192360233
24027601105__24027606607,contrastive_vae,-4503.43171529282
24027601107__24027601108,contrastive_vae,6231.234877874846
24027601107__24027601203,contrastive_vae,-17106.380784420693
24027601107__24027606706,contrastive_vae,9383.50765417992
24027601108__24027601203,contrastive_vae,-8966.030887191475
24027601108__24027606706,contrastive_vae,1205.4513374988237
24027601201__24027601204,contrastive_vae,6177.519558948457
24027601203__24027601204,contrastive_vae,-3686.9064434213215
24027601203__24027606901,contrastive_vae,-30152.44003210203
24027602100__24027602201,contrastive_vae,-2172.6127466748803
24027602100__24027602202,contrastive_vae,5322.621976585753
24027602100__24027602600,contrastive_vae,-3559.497654951243
24027602201__24027602202,contrastive_vae,-11255.104117452984
24027602201__24027602303,contrastive_vae,3825.3004489224695
24027602202__24027602304,contrastive_vae,2817.294877168785
24027602202__24027602305,contrastive_vae,-4840.522897588193
24027602202__24027602306,contrastive_vae,-2776.0456874124793
24027602202__24027602600,contrastive_vae,6835.629624545632
24027602302__24027602306,contrastive_vae,-21946.209765256746
24027602302__24027602700,contrastive_vae,237.6172438997928
24027602302__24027602800,contrastive_vae,13017.786563581343
24027602302__24027606601,contrastive_vae,-9411.553324793218
24027602302__24027606607,contrastive_vae,178.6799318762496
24027602303__24027602304,contrastive_vae,-14923.54743572796
24027602303__24027605503,contrastive_vae,-5575.512607432465
24027602304__24027602305,contrastive_vae,-19713.336436773025
24027602304__24027602306,contrastive_vae,-5271.783494934329
24027602304__24027605401,contrastive_vae,3574.8628966711767
24027602305__24027602306,contrastive_vae,-17178.384546481248
24027602306__24027602800,contrastive_vae,12305.072441659868
24027602306__24027605401,contrastive_vae,-1113.3333903882449
24027602600__24027602800,contrastive_vae,1985.9854934853574
24027602600__24027602900,contrastive_vae,4311.515135437679
24027602700__24027602800,contrastive_vae,-5752.770380280439
24027602800__24027602900,contrastive_vae,127.56649964979806
24027603001__24027603003,contrastive_vae,1974.9449442866826
24027603001__24027603004,contrastive_vae,7877.351044340699
24027603003__24027603004,contrastive_vae,142.73420141443785
24027603003__24027605104,contrastive_vae,1136.8493751513524
24027603004__24027605104,contrastive_vae,-15247.213229834
24027603004__24027605502,contrastive_vae,1092.5478747551597
24027604001__24027604002,contrastive_vae,-19010.008718446563
24027604001__24031700103,contrastive_vae,1646.0905174335476
24027604001__24031700204,contrastive_vae,-5672.667415661095
24027604002__24031700103,contrastive_vae,1414.0558601486919
24027604002__24031701317,contrastive_vae,4299.573489601752
24027605102__24027605103,contrastive_vae,6755.670494107835
24027605102__24027605504,contrastive_vae,-13459.939238360901
24027605102__24027605602,contrastive_vae,5305.203569931415
24027605102__24027606803,contrastive_vae,-2503.5228538417723
24027605102__24027606805,contrastive_vae,-7377.083975044412
24027605102__24027606806,contrastive_vae,2770.694612930609
24027605102__24031701316,contrastive_vae,4613.262797896479
24027605102__24031701408,contrastive_vae,-3814.004329576517
24027605103__24027605104,contrastive_vae,-1863.4133804076555
24027605103__24027605504,contrastive_vae,-2746.444895479932
24027605103__24031701316,contrastive_vae,4938.431055026955
24027605103__24031701317,contrastive_vae,-1771.5858603303532
24027605104__24027605502,contrastive_vae,720.2786015017864
24027605104__24027605505,contrastive_vae,-1600.8643283281272
24027605401__24027605402,contrastive_vae,8332.597879503192
24027605401__24027605503,contrastive_vae,-1462.3916172251174
24027605401__24027606601,contrastive_vae,-1456.0702100247145
24027605402__24027605503,contrastive_vae,2196.45447240083
24027605402__24027605602,contrastive_vae,-4310.755730111654
24027605402__24027606603,contrastive_vae,-6897.512179189158
24027605502__24027605503,contrastive_vae,-3481.89095285461
24027605502__24027605601,contrastive_vae,-1694.830986193996
24027605503__24027605602,contrastive_vae,874.991671431424
24027605504__24027605505,contrastive_vae,19866.33557508237
24027605505__24027605601,contrastive_vae,2863.3549451560502
24027605505__24027605602,contrastive_vae,3250.104554194404
24027605601__24027605602,contrastive_vae,-11284.516238229313
24027605602__24027606603,contrastive_vae,-6449.01324906771
24027605602__24027606701,contrastive_vae,-6803.239597255073
24027606601__24027606603,contrastive_vae,13305.93368866545
24027606601__24027606604,contrastive_vae,3009.146033041985
24027606601__24027606606,contrastive_vae,-171.38330014156872
24027606601__24027606607,contrastive_vae,-4538.871867952967
24027606603__24027606604,contrastive_vae,-4924.089899122315
24027606603__24027606701,contrastive_vae,-4314.39665944182
24027606603__24027606704,contrastive_vae,843.375892480366
24027606604__24027606606,contrastive_vae,192.8027803152636
24027606604__24027606706,contrastive_vae,-1823.7980581933225
24027606604__24027606707,contrastive_vae,-160.50358698460332
24027606606__24027606607,contrastive_vae,3332.9860618575985
24027606606__24027606706,contrastive_vae,11704.475852072836
24027606701__24027606704,contrastive_vae,187.15448416442814
24027606701__24027606707,contrastive_vae,4956.678014704641
24027606701__24027606803,contrastive_vae,9612.467703237038
24027606704__24027606705,contrastive_vae,4170.006511241343
24027606704__24027606707,contrastive_vae,10326.95108577297
24027606705__24027606707,contrastive_vae,8160.853706938513
24027606706__24027606707,contrastive_vae,-10154.06041728989
24027606706__24027606901,contrastive_vae,-4450.53836382442
24027606707__24027606804,contrastive_vae,5130.140979119868
24027606707__24027606901,contrastive_vae,-59762.69139040471
24027606803__24027606804,contrastive_vae,-2936.306229268099
24027606804__24027606806,contrastive_vae,-1544.5868862790667
24027606804__24027606905,contrastive_vae,-12354.60614845185
24027606805__24027606806,contrastive_vae,16347.571360500442
24027606805__24027606906,contrastive_vae,3606.9889284036763
24027606806__24027606905,contrastive_vae,4310.563980714531
24027606806__24027606907,contrastive_vae,-3438.9975084824255
24027606901__24027606905,contrastive_vae,-11800.228402540844
24027606904__24027606905,contrastive_vae,3137.019517540106
24027606904__24027606907,contrastive_vae,3258.198032906337
24027606905__24027606907,contrastive_vae,-475.60083581865547
24027606906__24027606907,contrastive_vae,8546.454130898324
24027606906__24033800102,contrastive_vae,-6269.020789065875
24027606906__24033800103,contrastive_vae,4479.592459205585
24029950100__24029950200,contrastive_vae,520.9456975932676
24029950100__24035810100,contrastive_vae,1119.6557941308147
24029950200__24029950300,contrastive_vae,7898.7961838507945
24029950200__24029950400,contrastive_vae,5433.110350029407
24029950300__24029950400,contrastive_vae,-2525.9473845670727
24029950300__24035810300,contrastive_vae,1632.2129832007995
24029950400__24029950500,contrastive_vae,13218.63264668643
24031700101__24031700103,contrastive_vae,-5932.733767239235
24031700101__24031700104,contrastive_vae,1090.6327689896789
24031700101__24031700206,contrastive_vae,4682.415808732949
24031700103__24031700104,contrastive_vae,-359.9565927115964
24031700103__24031700105,contrastive_vae,3544.790311051831
24031700103__24031700208,contrastive_vae,-1150.0527206952156
24031700103__24031700710,contrastive_vae,2206.2680673777977
24031700103__24031701307,contrastive_vae,6142.606164478671
24031700103__24031701317,contrastive_vae,6555.681491396746
24031700104__24031700105,contrastive_vae,4597.226752689912
24031700104__24031700715,contrastive_vae,2245.6466256515578
24031700104__24031700810,contrastive_vae,5086.692080233937
24031700104__24031700811,contrastive_vae,3230.6821227908076
24031700105__24031700715,contrastive_vae,3687.7672311373826
24031700105__24031700716,contrastive_vae,10890.719652218266
24031700204__24031700207,contrastive_vae,5940.099311365395
24031700204__24031700208,contrastive_vae,260.36034708847
24031700205__24031700207,contrastive_vae,-1037.686987971415
24031700205__24031700304,contrastive_vae,8392.317794028146
24031700205__24031700311,contrastive_vae,7182.2138009821065
24031700205__24031700835,contrastive_vae,4318.267256187439
24031700206__24031700207,contrastive_vae,1916.705212718096
24031700206__24031700208,contrastive_vae,-2205.951004193552
24031700207__24031700208,contrastive_vae,5156.162068585436
24031700304__24031700308,contrastive_vae,-53.316495726117864
24031700304__24031700309,contrastive_vae,2582.3978043941606
24031700304__24031700311,contrastive_vae,-112.0493550522915
24031700304__24031700830,contrastive_vae,-7214.105311568703
24031700304__24031700835,contrastive_vae,1079.3884031395937
24031700306__24031700310,contrastive_vae,6669.180628270125
24031700306__24031700611,contrastive_vae,-100.24106026106347
24031700306__24031700613,contrastive_vae,-905.2227647189138
24031700306__24031700815,contrastive_vae,2900.008251912408
24031700308__24031700309,contrastive_vae,6884.625243942355
24031700308__24031700312,contrastive_vae,201.70734079144313
24031700309__24031700310,contrastive_vae,2715.5238100746355
24031700309__24031700818,contrastive_vae,-9023.156637868553
24031700310__24031700312,contrastive_vae,-2725.7183147404503
24031700310__24031700818,contrastive_vae,-2810.6422578607157
24031700311__24031700312,contrastive_vae,427.2481811163816
24031700312__24031700400,contrastive_vae,-11338.932567682015
24031700312__24031700611,contrastive_vae,-3003.1449473125003
24031700400__24031700500,contrastive_vae,11981.69282170391
24031700400__24031700611,contrastive_vae,2220.1795287528294
24031700500__24031700604,contrastive_vae,-276.1677442106993
24031700500__24031700611,contrastive_vae,-1253.2244308957452
24031700604__24031700611,contrastive_vae,-2121.5241560097
24031700604__24031700613,contrastive_vae,19086.79322655593
24031700604__24031700615,contrastive_vae,507.85877179448653
24031700604__24031700616,contrastive_vae,-3185.715258925913
24031700604__24031700824,contrastive_vae,3123.2022361676572
24031700606__24031700607,contrastive_vae,3599.3617496493716
24031700606__24031700608,contrastive_vae,10108.404415956122
24031700606__24031700828,contrastive_vae,2923.004358692693
24031700607__24031700608,contrastive_vae,15575.075682367076
24031700607__24031700816,contrastive_vae,-2220.7489958216465
24031700607__24031700828,contrastive_vae,-850.6256156854242
24031700607__24031701221,contrastive_vae,-3113.2316774917417
24031700608__24031701220,contrastive_vae,6029.901052898786
24031700608__24031701221,contrastive_vae,-10.707790493946504
24031700608__24031706007,contrastive_vae,10227.61449855371
24031700608__24031706008,contrastive_vae,4260.418439581797
24031700610__24031700614,contrastive_vae,177.24945360898346
24031700610__24031700706,contrastive_vae,1414.2112828555182
24031700610__24031700820,contrastive_vae,1636.7445701250017
24031700611__24031700613,contrastive_vae,-4252.652425493099
24031700613__24031700614,contrastive_vae,5408.344554787027
24031700613__24031700815,contrastive_vae,146.90083572472213
24031700614__24031700706,contrastive_vae,-364.59637143750024
24031700614__24031700815,contrastive_vae,2235.8301468749996
24031700615__24031700616,contrastive_vae,-3970.751198699665
24031700616__24031700824,contrastive_vae,5023.22314780737
24031700704__24031700711,contrastive_vae,-19111.513609361686
24031700704__24031700717,contrastive_vae,15400.573862017773
24031700704__24031700718,contrastive_vae,6944.93014171323
24031700704__24031700719,contrastive_vae,12736.51582903169
24031700704__24031701211,contrastive_vae,3150.0580113734504
24031700706__24031700722,contrastive_vae,10141.721888215528
24031700706__24031700723,contrastive_vae,4812.772937099715
24031700706__24031700724,contrastive_vae,3120.454950160929
24031700706__24031700815,contrastive_vae,1182.250357625
24031700706__24031700820,contrastive_vae,-7755.449674516927
24031700706__24031700822,contrastive_vae,3110.036139347605
24031700706__24031700829,contrastive_vae,2097.7976432937503
24031700710__24031700711,contrastive_vae,11893.264261228343
24031700710__24031700716,contrastive_vae,12157.413296211515
24031700710__24031700720,contrastive_vae,-863.9477318724385
24031700710__24031701212,contrastive_vae,1389.5762109325115
24031700711__24031700719,contrastive_vae,4762.500845375
24031700711__24031700720,contrastive_vae,-10115.067188825258
24031700711__24031701211,contrastive_vae,10686.545156260485
24031700711__24031701212,contrastive_vae,-14261.327632115373
24031700713__24031700719,contrastive_vae,1460.91797821199
24031700713__24031700721,contrastive_vae,14746.369451581668
24031700713__24031700722,contrastive_vae,3377.820154378409
24031700713__24031700723,contrastive_vae,22875.101438729173
24031700713__24031700812,contrastive_vae,19504.122981538887
24031700715__24031700716,contrastive_vae,-223.2452095923527
24031700715__24031700811,contrastive_vae,4714.242186844527
24031700715__24031700812,contrastive_vae,8291.477064641036
24031700716__24031700719,contrastive_vae,11.089511749803933
24031700716__24031700720,contrastive_vae,7258.6687211101835
24031700716__24031700812,contrastive_vae,1277.8934054398524
24031700717__24031700718,contrastive_vae,12335.549751288316
24031700717__24031700723,contrastive_vae,-2505.0024144668896
24031700717__24031700724,contrastive_vae,-9073.421758062668
24031700717__24031700816,contrastive_vae,5894.971234692523
24031700718__24031700817,contrastive_vae,4642.166621814162
24031700718__24031701007,contrastive_vae,-584.5552040612347
24031700718__24031701211,contrastive_vae,-11557.647520468534
24031700719__24031700720,contrastive_vae,9091.863319294134
24031700719__24031700723,contrastive_vae,6522.528392801061
24031700721__24031700722,contrastive_vae,-10432.254636123604
24031700722__24031700723,contrastive_vae,7339.269190897161
24031700722__24031700813,contrastive_vae,12282.124703571833
24031700722__24031700832,contrastive_vae,1712.0640333299125
24031700722__24031700833,contrastive_vae,1771.0076704902458
24031700723__24031700724,contrastive_vae,-8512.12016466619
24031700724__24031700829,contrastive_vae,2681.3826889755546
24031700810__24031700811,contrastive_vae,1937.7107749071602
24031700811__24031700812,contrastive_vae,-1671.9660992693189
24031700812__24031700813,contrastive_vae,4401.522374119686
24031700813__24031700833,contrastive_vae,7216.074744279667
24031700815__24031700818,contrastive_vae,6285.720405649383
24031700816__24031700817,contrastive_vae,11575.824992618596
24031700816__24031700828,contrastive_vae,-2237.1711379966728
24031700816__24031700829,contrastive_vae,-3499.5770844476356
24031700816__24031701221,contrastive_vae,-1342.121862375001
24031700817__24031701007,contrastive_vae,-832.8413725485589
24031700817__24031701221,contrastive_vae,2297.271751812499
24031700818__24031700819,contrastive_vae,-5948.209163626452
24031700818__24031700830,contrastive_vae,2151.640915625001
24031700819__24031700832,contrastive_vae,5280.496276227263
24031700820__24031700822,contrastive_vae,3294.6614089204013
24031700822__24031700829,contrastive_vae,549.6071850749831
24031700823__24031700826,contrastive_vae,-526.8483547500018
24031700823__24031700829,contrastive_vae,-8539.314088491901
24031700826__24031700829,contrastive_vae,-2863.199571887093
24031700828__24031700829,contrastive_vae,-6050.097794465873
24031700830__24031700832,contrastive_vae,1607.6371765580552
24031700830__24031700834,contrastive_vae,9296.06858797322
24031700830__24031700835,contrastive_vae,1935.6521756496895
24031700832__24031700833,contrastive_vae,9493.255485369878
24031700832__24031700834,contrastive_vae,79.7034724999994
24031700833__24031700834,contrastive_vae,-8220.997333021915
24031700834__24031700835,contrastive_vae,-12821.551251463174
24031700901__24031700902,contrastive_vae,7639.733437347488
24031700901__24031700904,contrastive_vae,1254.17359344726
24031700901__24031701001,contrastive_vae,-5526.085792889469
24031700901__24031701004,contrastive_vae,-11035.361640785319
24031700901__24031701005,contrastive_vae,2843.2883663936373
24031700902__24031700903,contrastive_vae,6532.7925075886815
24031700902__24031701004,contrastive_vae,-4610.099756536132
24031700902__24031701101,contrastive_vae,9855.624527503493
24031700902__24031701102,contrastive_vae,-3920.716910740928
24031700902__24031701211,contrastive_vae,-9244.368032480434
24031700903__24031701101,contrastive_vae,-17739.603946880776
24031700903__24031701211,contrastive_vae,-15153.402823566637
24031700903__24031701212,contrastive_vae,37.41646037547616
24031700903__24031701303,contrastive_vae,3019.4447998169144
24031700903__24031703202,contrastive_vae,2633.7733779677737
24031700904__24031700905,contrastive_vae,618.6219630112082
24031700904__24031701001,contrastive_vae,-21941.070703341247
24031700904__24031701102,contrastive_vae,14204.734619803537
24031700904__24031701218,contrastive_vae,-2606.7192588089383
24031700904__24031701219,contrastive_vae,5463.232745119783
24031700905__24031701001,contrastive_vae,-7778.448607338745
24031700905__24031701205,contrastive_vae,-4750.967085855009
24031700905__24031701218,contrastive_vae,4513.653049136496
24031701001__24031701002,contrastive_vae,1021.1367282811552
24031701001__24031701005,contrastive_vae,1232.2368584810793
24031701001__24031701006,contrastive_vae,874.9364896723309
24031701001__24031701205,contrastive_vae,141.34846457513777
24031701002__24031701006,contrastive_vae,6063.003948804457
24031701002__24031701205,contrastive_vae,-221.07162217537552
24031701002__24031701206,contrastive_vae,-467.1854447102669
24031701002__24031701210,contrastive_vae,130.16588374064668
24031701004__24031701005,contrastive_vae,368.312847111476
24031701004__24031701007,contrastive_vae,3552.6793070242275
24031701004__24031701211,contrastive_vae,13228.834314679574
24031701005__24031701006,contrastive_vae,2754.7719671649975
24031701005__24031701007,contrastive_vae,-638.2260469528665
24031701006__24031701007,contrastive_vae,-6184.623074204501
24031701006__24031701210,contrastive_vae,1767.7578247773454
24031701006__24031701220,contrastive_vae,6819.638262257158
24031701006__24031701221,contrastive_vae,-5252.444395832681
24031701007__24031701211,contrastive_vae,-1119.7671207334133
24031701101__24031701102,contrastive_vae,-1246.945412470257
24031701101__24031701219,contrastive_vae,2210.0561410240407
24031701101__24031703201,contrastive_vae,6550.014521325877
24031701101__24031703202,contrastive_vae,974.5203105008759
24031701102__24031701219,contrastive_vae,-10713.158287736318
24031701201__24031701202,contrastive_vae,-5288.4815348006105
24031701201__24031701219,contrastive_vae,-16325.745822071694
24031701201__24031703501,contrastive_vae,-15856.171442109247
24031701201__24031703502,contrastive_vae,701.0228716946222
24031701202__24031701213,contrastive_vae,14598.238115438606
24031701202__24031701214,contrastive_vae,-7435.191745284781
24031701202__24031701216,contrastive_vae,-582.862921651089
24031701202__24031703502,contrastive_vae,-24.549220014110688
24031701202__24031704300,contrastive_vae,5870.883993762252
24031701205__24031701206,contrastive_vae,10745.066901822545
24031701205__24031701213,contrastive_vae,-9863.311702816449
24031701205__24031701215,contrastive_vae,714.8762661634682
24031701205__24031701216,contrastive_vae,-10089.643263555245
24031701205__24031704401,contrastive_vae,-1059.9406940069894
24031701205__24031704501,contrastive_vae,-1875.8801702604178
24031701205__24031706012,contrastive_vae,12617.601042984708
24031701206__24031701210,contrastive_vae,-202.31460524999966
24031701206__24031706007,contrastive_vae,-1734.7588462100503
24031701206__24031706011,contrastive_vae,-1345.3610793124317
24031701206__24031706012,contrastive_vae,3222.6858383707877
24031701210__24031701220,contrastive_vae,9912.810197330482
24031701210__24031706007,contrastive_vae,2650.452549122001
24031701211__24031701212,contrastive_vae,-15235.17735893072
24031701212__24031701303,contrastive_vae,-6544.723092415883
24031701212__24031701307,contrastive_vae,7279.206311698359
24031701213__24031701214,contrastive_vae,910.2421857040899
24031701213__24031701215,contrastive_vae,-8376.232363814146
24031701213__24031701216,contrastive_vae,-4165.3427063661
24031701214__24031701215,contrastive_vae,-2569.777202971816
24031701214__24031704300,contrastive_vae,-14448.753590152603
24031701214__24031704401,contrastive_vae,340.0151053861191
24031701215__24031704401,contrastive_vae,4898.388052156297
24031701216__24031701218,contrastive_vae,-23218.2073235832
24031701216__24031701219,contrastive_vae,7644.5101407768925
24031701218__24031701219,contrastive_vae,6424.879549433175
24031701219__24031703501,contrastive_vae,6207.326100794093
24031701220__24031701221,contrastive_vae,5509.197896425914
24031701303__24031701308,contrastive_vae,116.74094086265177
24031701303__24031703202,contrastive_vae,-11925.055112588292
24031701304__24031701307,contrastive_vae,1672.0447067287332
24031701304__24031701312,contrastive_vae,9161.746822856021
24031701304__24031701315,contrastive_vae,1467.197354037
24031701304__24031701317,contrastive_vae,2930.3274813413227
24031701306__24031701308,contrastive_vae,-4252.476416363763
24031701306__24031701313,contrastive_vae,-3557.9536072221454
24031701307__24031701308,contrastive_vae,-266.487867063508
24031701307__24031701312,contrastive_vae,-612.0183133439523
24031701308__24031701313,contrastive_vae,-2386.8421765543244
24031701308__24031701314,contrastive_vae,-7229.765825955346
24031701308__24031701316,contrastive_vae,1518.2974817495815
24031701308__24031701407,contrastive_vae,446.5055512300687
24031701308__24031703202,contrastive_vae,-1248.1051081936962
24031701308__24031703218,contrastive_vae,1469.3855432394776
24031701308__24031703219,contrastive_vae,3161.5888125500423
24031701308__24031703220,contrastive_vae,-1157.055317170532
24031701308__24031703221,contrastive_vae,-4237.185007987582
24031701312__24031701313,contrastive_vae,-3603.961371702864
24031701312__24031701314,contrastive_vae,7062.377782556796
24031701313__24031701314,contrastive_vae,-3187.428577625702
24031701314__24031701315,contrastive_vae,9089.649278345329
24031701315__24031701316,contrastive_vae,141.6343433113616
24031701315__24031701317,contrastive_vae,-5494.022495873279
24031701316__24031701408,contrastive_vae,5460.080229139396
24031701407__24031701408,contrastive_vae,4047.860950612423
24031701407__24031701415,contrastive_vae,-1763.976505367591
24031701407__24031701507,contrastive_vae,-16249.08450194717
24031701407__24031703221,contrastive_vae,-3934.0114391575953
24031701408__24031701409,contrastive_vae,3992.820979241995
24031701408__24031701410,contrastive_vae,649.4250100836398
24031701408__24031701415,contrastive_vae,3916.35608345946
24031701409__24031701410,contrastive_vae,-1586.089843583708
24031701409__24031701414,contrastive_vae,12319.675347223732
24031701409__24031701422,contrastive_vae,-916.6263827162711
24031701409__24031701423,contrastive_vae,-3395.0100277419388
24031701410__24031701417,contrastive_vae,2464.350927446627
24031701410__24031701423,contrastive_vae,-1342.6266519371275
24031701410__24033800203,contrastive_vae,-4611.850657485556
24031701414__24031701415,contrastive_vae,-7530.19493615305
24031701414__24031701417,contrastive_vae,1792.801112503921
24031701414__24031701418,contrastive_vae,4017.8863010152636
24031701414__24031701420,contrastive_vae,2773.542751160072
24031701414__24031701421,contrastive_vae,8587.772700389367
24031701414__24031701503,contrastive_vae,9284.605418055427
24031701415__24031701503,contrastive_vae,12870.195543151247
24031701415__24031701507,contrastive_vae,7059.078322794361
24031701417__24031701418,contrastive_vae,-9827.451860130226
24031701417__24031701422,contrastive_vae,807.8793337294846
24031701417__24033807407,contrastive_vae,-1243.7176785196862
24031701418__24031701420,contrastive_vae,12555.25327094482
24031701418__24033807407,contrastive_vae,-745.6122664226384
24031701420__24031701421,contrastive_vae,13453.610180344163
24031701420__24033807407,contrastive_vae,-3648.4138258341154
24031701503__24031701506,contrastive_vae,22268.602215605948
24031701503__24031701508,contrastive_vae,5960.5178459655
24031701503__24031701509,contrastive_vae,6866.346030514935
24031701505__24031701506,contrastive_vae,-559.8185968914913
24031701505__24031701509,contrastive_vae,15685.856550102093
24031701505__24031701602,contrastive_vae,9285.22159873019
24031701505__24031702102,contrastive_vae,9079.466237747227
24031701506__24031701507,contrastive_vae,14748.81985445708
24031701506__24031703207,contrastive_vae,1138.2824715963288
24031701506__24031703208,contrastive_vae,-10416.368275348039
24031701507__24031703212,contrastive_vae,11926.141554926027
24031701508__24031701509,contrastive_vae,-13825.089315321125
24031701509__24031701601,contrastive_vae,103.25901262073967
24031701509__24033807304,contrastive_vae,-2556.488824669759
24031701509__24033807305,contrastive_vae,-173.215218537689
24031701601__24031701602,contrastive_vae,-2353.731604331755
24031701601__24033805906,contrastive_vae,311.96597726428445
24031701601__24033807305,contrastive_vae,-2535.416600386723
24031701602__24031702101,contrastive_vae,7271.362650635623
24031701701__24031701703,contrastive_vae,1643.009617290059
24031701701__24031701704,contrastive_vae,-3806.410776100711
24031701701__24031701800,contrastive_vae,-9221.28061335452
24031701702__24031701703,contrastive_vae,1800.1773394824322
24031701702__24031701800,contrastive_vae,-1913.9768582253791
24031701702__24031701900,contrastive_vae,-2974.330224220954
24031701702__24031702301,contrastive_vae,553.3194195768556
24031701702__24031702401,contrastive_vae,-6117.746784205767
24031701703__24031701704,contrastive_vae,-5497.3862292142985
24031701703__24031701900,contrastive_vae,2077.852473547332
24031701703__24031702000,contrastive_vae,1118.7432263255987
24031701703__24033805500,contrastive_vae,3925.963943776049
24031701703__24033805601,contrastive_vae,4295.697798414825
24031701704__24033805202,contrastive_vae,6399.011129257829
24031701704__24033805500,contrastive_vae,335.8312953865352
24031701800__24031702401,contrastive_vae,-320.3231074773885
24031701800__24031702402,contrastive_vae,2504.3694215230353
24031701800__24031702500,contrastive_vae,-920.6247339193433
24031701900__24031702000,contrastive_vae,-6756.149862256454
24031701900__24031702301,contrastive_vae,3358.319910135673
24031702000__24031702101,contrastive_vae,3134.9401697268677
24031702000__24031702200,contrastive_vae,209.86078469403947
24031702000__24033805700,contrastive_vae,1427.8501340708535
24031702101__24031702102,contrastive_vae,1905.4345461606226
24031702101__24031702200,contrastive_vae,11980.87315278771
24031702101__24033805700,contrastive_vae,67.13905839636209
24031702102__24031703000,contrastive_vae,10395.626127567499
24031702102__24031703100,contrastive_vae,2078.3283004047116
24031702200__24031702301,contrastive_vae,5768.944512834187
24031702200__24031702302,contrastive_vae,16937.29770353064
24031702200__24031703000,contrastive_vae,11272.774642845208
24031702301__24031702302,contrastive_vae,1383.7378280746698
24031702302__24031702900,contrastive_vae,-17408.646286866395
24031702302__24031703000,contrastive_vae,9773.516209829751
24031702401__24031702402,contrastive_vae,-9293.046302090992
24031702401__24031702900,contrastive_vae,-7953.285535379155
24031702402__24031702500,contrastive_vae,5521.689394281133
24031702500__24031702601,contrastive_vae,1238.596154358922
24031702500__24031702800,contrastive_vae,-6238.30351569712
24031702500__24031702900,contrastive_vae,13852.733688219421
24031702601__24031702602,contrastive_vae,7857.440903030103
24031702601__24031702800,contrastive_vae,10607.587758735164
24031702602__24031702700,contrastive_vae,4026.9407237070263
24031702700__24031702800,contrastive_vae,4412.586666961171
24031702700__24031704000,contrastive_vae,-3296.8653922260746
24031702700__24031704100,contrastive_vae,3699.303642966639
24031702700__24031705100,contrastive_vae,-9519.894407554508
24031702700__24031705200,contrastive_vae,-10927.979510400999
24031702800__24031702900,contrastive_vae,12551.374916004861
24031702800__24031704000,contrastive_vae,10713.65399794449
24031702900__24031703901,contrastive_vae,15116.504113347473
24031703000__24031703100,contrastive_vae,12276.216440294738
24031703100__24031703209,contrastive_vae,4022.900995510845
24031703100__24031703902,contrastive_vae,-2759.3716297137653
24031703201__24031703202,contrastive_vae,-9775.586296563404
24031703201__24031703213,contrastive_vae,6456.172685568541
24031703201__24031703214,contrastive_vae,2977.291540621358
24031703201__24031703301,contrastive_vae,13376.45067337433
24031703201__24031703302,contrastive_vae,4731.342623871991
24031703201__24031703501,contrastive_vae,3075.1713446997965
24031703202__24031703216,contrastive_vae,551.9822382381317
24031703202__24031703218,contrastive_vae,-308.64928805026284
24031703206__24031703212,contrastive_vae,16352.819432575776
24031703206__24031703215,contrastive_vae,-21332.584542106095
24031703206__24031703402,contrastive_vae,-20800.321320315452
24031703206__24031703403,contrastive_vae,-8085.02280582424
24031703207__24031703208,contrastive_vae,-11272.128983089788
24031703207__24031703209,contrastive_vae,9672.13056001713
24031703207__24031703212,contrastive_vae,11768.564813929239
24031703207__24031703702,contrastive_vae,5030.385003355732
24031703208__24031703209,contrastive_vae,4783.640156907095
24031703209__24031703702,contrastive_vae,625.7880232133903
24031703209__24031703800,contrastive_vae,6651.350658633266
24031703209__24031703902,contrastive_vae,-20851.739836793182
24031703212__24031703215,contrastive_vae,5565.77760991715
24031703212__24031703221,contrastive_vae,8685.612120752223
24031703212__24031703403,contrastive_vae,1015.368618249966
24031703213__24031703214,contrastive_vae,1623.5139481955302
24031703214__24031703215,contrastive_vae,-19776.464794046464
24031703214__24031703216,contrastive_vae,2315.9346935936815
24031703214__24031703220,contrastive_vae,-10616.53886367684
24031703214__24031703302,contrastive_vae,-457.20142569061863
24031703215__24031703220,contrastive_vae,3016.1238588782708
24031703215__24031703302,contrastive_vae,84.03845061389438
24031703215__24031703402,contrastive_vae,3702.8835824808357
24031703216__24031703219,contrastive_vae,14434.994991509091
24031703216__24031703220,contrastive_vae,-16647.885223847305
24031703219__24031703220,contrastive_vae,2318.666176507053
24031703220__24031703221,contrastive_vae,4698.74780085995
24031703301__24031703302,contrastive_vae,2403.787484659184
24031703301__24031703501,contrastive_vae,-6920.892451893389
24031703302__24031703401,contrastive_vae,-9983.429708728167
24031703302__24031703402,contrastive_vae,-6264.197127829517
24031703302__24031703501,contrastive_vae,-807.4631056735561
24031703401__24031703402,contrastive_vae,-5996.499175755253
24031703401__24031703403,contrastive_vae,-1022.4749060742097
24031703401__24031703404,contrastive_vae,12835.150259579037
24031703401__24031703501,contrastive_vae,11107.84282384397
24031703402__24031703403,contrastive_vae,-19643.737439749762
24031703403__24031703701,contrastive_vae,13797.041019093274
24031703403__24031703702,contrastive_vae,6188.612894551494
24031703404__24031703601,contrastive_vae,3101.4779938012725
24031703404__24031703701,contrastive_vae,10724.148493211997
24031703501__24031703502,contrastive_vae,14393.41924065059
24031703501__24031703601,contrastive_vae,3814.6355135501653
24031703502__24031703601,contrastive_vae,18008.10425466833
24031703502__24031704200,contrastive_vae,1942.6030043124993
24031703502__24031704300,contrastive_vae,4982.907311336848
24031703601__24031703602,contrastive_vae,-13417.2718819375
24031703601__24031703701,contrastive_vae,4138.02365570975
24031703601__24031703702,contrastive_vae,7829.302178424755
24031703601__24031704200,contrastive_vae,6310.021117699092
24031703602__24031703800,contrastive_vae,-12810.93584768489
24031703602__24031704000,contrastive_vae,-12333.075177432336
24031703602__24031704200,contrastive_vae,23922.391300749885
24031703701__24031703702,contrastive_vae,-23079.87049180865
24031703702__24031703800,contrastive_vae,17322.441961979024
24031703800__24031703902,contrastive_vae,16179.558366615238
24031703800__24031704000,contrastive_vae,-1722.3397420562378
24031703901__24031703902,contrastive_vae,-21498.53711311001
24031703901__24031704000,contrastive_vae,9954.684366722067
24031703902__24031704000,contrastive_vae,2452.25598950069
24031704000__24031704100,contrastive_vae,-9715.280346512558
24031704100__24031704200,contrastive_vae,17654.553563336787
24031704100__24031704300,contrastive_vae,-9344.565383839854
24031704100__24031704404,contrastive_vae,3519.881072651049
24031704100__24031705100,contrastive_vae,16726.531514229187
24031704200__24031704300,contrastive_vae,9111.77881746854
24031704300__24031704401,contrastive_vae,2380.7815902441816
24031704300__24031704404,contrastive_vae,1590.8131774103676
24031704401__24031704403,contrastive_vae,3391.1974436237797
24031704401__24031704404,contrastive_vae,3467.6580856931396
24031704401__24031704501,contrastive_vae,8415.128335901398
24031704403__24031704404,contrastive_vae,3932.218664165186
24031704404__24031704503,contrastive_vae,4416.487535015534
24031704404__24031705000,contrastive_vae,-10930.969391508726
24031704404__24031705100,contrastive_vae,986.4358176864916
24031704501__24031704502,contrastive_vae,14315.66098689795
24031704501__24031704503,contrastive_vae,3249.389738411566
24031704501__24031706013,contrastive_vae,2279.1168780519947
24031704502__24031704503,contrastive_vae,13467.677723835266
24031704502__24031704600,contrastive_vae,-748.288719946615
24031704502__24031705901,contrastive_vae,1804.7614034010767
24031704503__24031704600,contrastive_vae,-16839.343790945564
24031704503__24031705000,contrastive_vae,-7897.368896187312
24031704600__24031704700,contrastive_vae,-6572.337377590415
24031704600__24031704806,contrastive_vae,-8716.304971987378
24031704600__24031705000,contrastive_vae,-6822.589989800032
24031704600__24031705901,contrastive_vae,-384.7395085449425
24031704700__24031704803,contrastive_vae,2445.525861440932
24031704700__24031704804,contrastive_vae,1463.0676985749014
24031704700__24031704805,contrastive_vae,-124.68021090024195
24031704700__24031704806,contrastive_vae,-1438.333201844307
24031704700__24031705502,contrastive_vae,2137.5634630380955
24031704700__24031705901,contrastive_vae,-1893.413013498946
24031704700__24031705903,contrastive_vae,-548.8002210754239
24031704803__24031704804,contrastive_vae,3178.4209676266473
24031704803__24031705400,contrastive_vae,2760.8908469872295
24031704803__24031705502,contrastive_vae,-5733.038598967476
24031704804__24031704805,contrastive_vae,1665.681412665239
24031704806__24031705000,contrastive_vae,-4646.190724396649
24031705000__24031705100,contrastive_vae,9859.10542922061
24031705000__24031705400,contrastive_vae,-431.8019380519818
24031705100__24031705200,contrastive_vae,-9125.078345580328
24031705100__24031705300,contrastive_vae,1586.2048138486539
24031705100__24031705400,contrastive_vae,2577.148535366323
24031705200__24031705300,contrastive_vae,792.0977777770695
24031705300__24031705400,contrastive_vae,10819.547197954576
24031705300__24031705501,contrastive_vae,2393.374599211531
24031705300__24031705502,contrastive_vae,-813.811106728489
24031705400__24031705502,contrastive_vae,-3080.1359737450184
24031705501__24031705502,contrastive_vae,-7113.251155161779
24031705501__24031705601,contrastive_vae,-565.3756014999999
24031705501__24031705602,contrastive_vae,-13690.375026722722
24031705502__24031705601,contrastive_vae,-1118.7841071250004
24031705502__24031705701,contrastive_vae,-3115.3940047112956
24031705502__24031705903,contrastive_vae,-7270.618319694622
24031705601__24031705602,contrastive_vae,185.3112225580535
24031705601__24031705701,contrastive_vae,904.8385552381442
24031705601__24031705702,contrastive_vae,-901.7008670352934
24031705701__24031705702,contrastive_vae,-1786.3542750336164
24031705701__24031705800,contrastive_vae,-3448.6210729473787
24031705701__24031705902,contrastive_vae,-1163.3824448002779
24031705702__24031705800,contrastive_vae,418.0730473860385
24031705800__24031705902,contrastive_vae,-13873.286040518942
24031705800__24031706008,contrastive_vae,-920.075757562503
24031705800__24031706009,contrastive_vae,-2279.3025975498604
24031705800__51013100300,contrastive_vae,-673.0939003749991
24031705800__51059470100,contrastive_vae,-21156.53100741064
24031705800__51059480100,contrastive_vae,-863.375213657826
24031705901__24031705902,contrastive_vae,-6780.487012723002
24031705901__24031705903,contrastive_vae,-846.3565656014616
24031705901__24031706013,contrastive_vae,2058.4373079470824
24031705902__24031705903,contrastive_vae,-5763.685023865895
24031705902__24031706009,contrastive_vae,-353.5627583304704
24031706005__24031706007,contrastive_vae,14235.688410647432
24031706005__24031706008,contrastive_vae,-8483.834278970238
24031706005__24031706009,contrastive_vae,-12151.355683254049
24031706005__24031706011,contrastive_vae,5623.714445967287
24031706005__24031706013,contrastive_vae,2070.485206598303
24031706007__24031706008,contrastive_vae,6057.471348494805
24031706007__24031706011,contrastive_vae,4985.16024727814
24031706008__24031706009,contrastive_vae,14763.279435756922
24031706008__51059480100,contrastive_vae,-28895.726263471966
24031706009__24031706013,contrastive_vae,-2669.2674660305493
24031706010__24031706011,contrastive_vae,1009.5808100387367
24031706010__24031706012,contrastive_vae,4923.25012335332
24031706010__24031706013,contrastive_vae,-437.12348806250156
24031706011__24031706012,contrastive_vae,3390.6433163272086
24031706012__24031706013,contrastive_vae,-712.4943603515712
24033800102__24033800103,contrastive_vae,218.0125511627266
24033800102__24033800105,contrastive_vae,9517.562454566007
24033800102__24033800109,contrastive_vae,6619.299811333971
24033800103__24033800109,contrastive_vae,1687.015768921974
24033800103__24033800209,contrastive_vae,7661.164877832904
24033800103__24033800211,contrastive_vae,3866.3225471042533
24033800103__24033800213,contrastive_vae,3703.8509770010496
24033800105__24033800106,contrastive_vae,6864.9090310471365
24033800105__24033800109,contrastive_vae,3450.302793509567
24033800105__24033800203,contrastive_vae,-3320.9872969412572
24033800106__24033800108,contrastive_vae,-1906.3315896438835
24033800106__24033800109,contrastive_vae,3639.7562170591627
24033800106__24033800203,contrastive_vae,2496.458383545574
24033800106__24033800212,contrastive_vae,-5759.455975465458
24033800106__24033800213,contrastive_vae,-3405.7407885996236
24033800108__24033800109,contrastive_vae,-13017.526425157524
24033800108__24033800213,contrastive_vae,1580.4458530271804
24033800203__24033800212,contrastive_vae,303.44796611033325
24033800203__24033807407,contrastive_vae,-964.6053841593166
24033800206__24033800208,contrastive_vae,593.7358823286631
24033800206__24033800211,contrastive_vae,1278.4972664133675
24033800206__24033800411,contrastive_vae,5872.184632349377
24033800206__24033807408,contrastive_vae,2085.4334929714933
24033800208__24033800211,contrastive_vae,7466.695096168849
24033800208__24033800212,contrastive_vae,-1647.3976466131471
24033800208__24033800214,contrastive_vae,-6333.951255819413
24033800208__24033800215,contrastive_vae,-6946.949491729523
24033800208__24033807408,contrastive_vae,16328.446366295131
24033800209__24033800211,contrastive_vae,3022.218336562124
24033800209__24033800213,contrastive_vae,11922.218394508403
24033800210__24033800213,contrastive_vae,1645.799873068525
24033800210__24033800215,contrastive_vae,3710.5891469331727
24033800211__24033800214,contrastive_vae,318.40588123395537
24033800212__24033800213,contrastive_vae,14303.118058797409
24033800212__24033800215,contrastive_vae,3664.52617582717
24033800212__24033807408,contrastive_vae,7052.877504191194
24033800401__24033800402,contrastive_vae,-6885.963875438727
24033800401__24033800403,contrastive_vae,706.5588377097556
24033800401__24033800504,contrastive_vae,6987.86382534726
24033800402__24033800403,contrastive_vae,-6531.482512509941
24033800402__24033800409,contrastive_vae,-2175.245859815477
24033800402__24033800504,contrastive_vae,950.2112298939846
24033800402__24033800513,contrastive_vae,2892.0099797061594
24033800403__24033800409,contrastive_vae,-3712.5919547802514
24033800408__24033800409,contrastive_vae,-176.41031197517077
24033800408__24033800410,contrastive_vae,1258.4780454551951
24033800408__24033800411,contrastive_vae,-1749.2974503996156
24033800408__24033800413,contrastive_vae,85.42720140469464
24033800408__24033800514,contrastive_vae,-318.32792023530783
24033800408__24033803516,contrastive_vae,5569.031707063372
24033800409__24033800410,contrastive_vae,1068.9998504757314
24033800409__24033800513,contrastive_vae,-3084.3111163494214
24033800409__24033800514,contrastive_vae,-766.2685298270426
24033800410__24033800411,contrastive_vae,2547.176009788578
24033800411__24033800412,contrastive_vae,-773.6912913477863
24033800411__24033800413,contrastive_vae,4583.835952334637
24033800411__24033807408,contrastive_vae,3872.452477160181
24033800412__24033800413,contrastive_vae,1611.9713868140025
24033800412__24033803606,contrastive_vae,-8411.336822806436
24033800412__24033806712,contrastive_vae,4442.182728836192
24033800504__24033800505,contrastive_vae,8361.112045226168
24033800504__24033800507,contrastive_vae,2554.474815153697
24033800504__24033800513,contrastive_vae,-1382.1821677836451
24033800505__24033800513,contrastive_vae,-2290.695238619517
24033800505__24033800515,contrastive_vae,-495.9851939702712
24033800505__24033800516,contrastive_vae,2005.7269685736537
24033800507__24033800509,contrastive_vae,1047.1185916062977
24033800507__24033800511,contrastive_vae,6673.036576113984
24033800507__24033800516,contrastive_vae,3067.4061564112635
24033800507__24033800519,contrastive_vae,-7688.412680162609
24033800507__24033800520,contrastive_vae,2017.7388318318917
24033800507__24033800604,contrastive_vae,-2658.0799614067832
24033800507__24033800608,contrastive_vae,-2419.2712043269967
24033800509__24033800517,contrastive_vae,-965.265322423671
24033800509__24033800607,contrastive_vae,981.397173514837
24033800509__24033803522,contrastive_vae,234.928071362192
24033800509__24033803526,contrastive_vae,-1670.9568857136874
24033800511__24033800515,contrastive_vae,-1650.516434703969
24033800511__24033800517,contrastive_vae,-6747.306712374065
24033800511__24033800519,contrastive_vae,-10935.707231576884
24033800513__24033800514,contrastive_vae,1627.6404761261801
24033800513__24033800515,contrastive_vae,-3267.813214523703
24033800513__24033800518,contrastive_vae,2293.5293533295917
24033800514__24033800518,contrastive_vae,1677.7980336540058
24033800514__24033803516,contrastive_vae,6907.620712531527
24033800515__24033800516,contrastive_vae,11208.313597124652
24033800515__24033800519,contrastive_vae,2055.8908663349403
24033800516__24033800520,contrastive_vae,4295.163635168043
24033800517__24033800518,contrastive_vae,8431.176781836475
24033800517__24033803522,contrastive_vae,-3504.9208155609685
24033800517__24033803523,contrastive_vae,800.0455806330356
24033800518__24033803520,contrastive_vae,-564.7497052896397
24033800601__24033800604,contrastive_vae,4468.798911557214
24033800601__24033800605,contrastive_vae,7320.509445696298
24033800601__24033800608,contrastive_vae,4010.2880429692377
24033800604__24033800608,contrastive_vae,3694.8492913793643
24033800605__24033800606,contrastive_vae,3628.704362883389
24033800605__24033800607,contrastive_vae,2138.3622934011582
24033800605__24033800608,contrastive_vae,1356.9894321677057
24033800605__24033800701,contrastive_vae,3216.159572398499
24033800605__24033800707,contrastive_vae,-52.662914815058684
24033800606__24033800607,contrastive_vae,2844.868397375212
24033800606__24033800701,contrastive_vae,294.8247305138407
24033800607__24033800608,contrastive_vae,-12961.101735056702
24033800607__24033800701,contrastive_vae,915.3111936822461
24033800607__24033803512,contrastive_vae,23.1049141019721
24033800607__24033803526,contrastive_vae,2278.459436073699
24033800701__24033800707,contrastive_vae,1051.509676412301
24033800701__24033801104,contrastive_vae,2119.263342252758
24033800701__24033802201,contrastive_vae,-13616.294364558144
24033800701__24033803512,contrastive_vae,-2870.8899836622295
24033800704__24033800705,contrastive_vae,-9255.048994655632
24033800704__24033800706,contrastive_vae,5168.305833418059
24033800704__24033800707,contrastive_vae,8721.745268667948
24033800705__24033800706,contrastive_vae,3513.15016913812
24033800705__24033800800,contrastive_vae,-8770.236889191172
24033800705__24033801004,contrastive_vae,0.2652490625005157
24033800706__24033800707,contrastive_vae,1916.1413267390162
24033800706__24033801005,contrastive_vae,-1219.105633621124
24033800706__24033801006,contrastive_vae,453.76600393655826
24033800706__24033801214,contrastive_vae,4192.161578517444
24033800707__24033801104,contrastive_vae,-1976.0980443870649
24033801003__24033801004,contrastive_vae,12519.185911258632
24033801003__24033801310,contrastive_vae,11135.440054007024
24033801004__24033801005,contrastive_vae,-972.9965132481684
24033801004__24033801006,contrastive_vae,561.8995318124998
24033801005__24033801006,contrastive_vae,-3463.2755379216287
24033801005__24033801214,contrastive_vae,-69.16470982350802
24033801005__24033801215,contrastive_vae,3222.105175182587
24033801104__24033801211,contrastive_vae,-698.0296873359184
24033801104__24033801212,contrastive_vae,6203.018982530892
24033801104__24033801214,contrastive_vae,-7119.273089318427
24033801104__24033801904,contrastive_vae,12557.755771126387
24033801104__24033802201,contrastive_vae,1599.6705291964317
24033801207__24033801208,contrastive_vae,2722.4433834632655
24033801207__24033801214,contrastive_vae,4670.696670890815
24033801207__24033801215,contrastive_vae,-195.93926870629366
24033801207__24033801217,contrastive_vae,4812.820462720207
24033801208__24033801209,contrastive_vae,-1882.416386615092
24033801208__24033801216,contrastive_vae,1539.5848615
24033801208__24033801217,contrastive_vae,-2909.164089081398
24033801209__24033801216,contrastive_vae,-3589.1007792588553
24033801210__24033801211,contrastive_vae,-741.4667257759284
24033801210__24033801213,contrastive_vae,-3294.9674439927403
24033801210__24033801216,contrastive_vae,-1412.8783428316347
24033801210__24033801311,contrastive_vae,-1333.2006690266826
24033801211__24033801212,contrastive_vae,5078.83668490866
24033801211__24033801214,contrastive_vae,-852.6834254882706
24033801211__24033801217,contrastive_vae,1492.8336543103505
24033801212__24033801213,contrastive_vae,2642.844876531528
24033801212__24033801407,contrastive_vae,3559.2932761250013
24033801212__24033801901,contrastive_vae,7363.002581938737
24033801212__24033801904,contrastive_vae,6827.182626191534
24033801213__24033801305,contrastive_vae,-473.06617027342145
24033801213__24033801407,contrastive_vae,5916.934510157167
24033801214__24033801215,contrastive_vae,2151.4036936249977
24033801214__24033801217,contrastive_vae,-3864.010548778926
24033801216__24033801217,contrastive_vae,1705.6407204375028
24033801216__24033801311,contrastive_vae,1614.1383660942192
24033801302__24033801310,contrastive_vae,-6045.262755952659
24033801302__24033801311,contrastive_vae,2302.9192352500004
24033801305__24033801307,contrastive_vae,888.7603512359437
24033801305__24033801313,contrastive_vae,-2902.328240270508
24033801305__24033801406,contrastive_vae,-8551.162994132883
24033801305__24033801407,contrastive_vae,2057.792483994959
24033801307__24033801308,contrastive_vae,-527.4579268750003
24033801307__24033801309,contrastive_vae,-881.2746329899455
24033801307__24033801312,contrastive_vae,-373.9733312766821
24033801307__24033801313,contrastive_vae,-624.9714769442799
24033801307__24033801410,contrastive_vae,-3780.81262266868
24033801307__24033801411,contrastive_vae,-1422.0477305000004
24033801308__24033801309,contrastive_vae,-2042.3617936401697
24033801308__24033801312,contrastive_vae,-1355.8377982651728
24033801309__24033801312,contrastive_vae,237.61451425000269
24033801310__24033801311,contrastive_vae,1659.23285018764
24033801311__24033801312,contrastive_vae,1260.6725017108038
24033801404__24033801405,contrastive_vae,-7080.399705850985
24033801404__24033801411,contrastive_vae,-5139.840291375
24033801404__24033801500,contrastive_vae,-30351.474923746195
24033801405__24033801408,contrastive_vae,1154.9630789998628
24033801405__24033801409,contrastive_vae,5505.077885528204
24033801405__24033801500,contrastive_vae,1555.6800605996104
24033801405__24033801702,contrastive_vae,706.6935882500002
24033801405__24033801707,contrastive_vae,2910.6331880514044
24033801406__24033801407,contrastive_vae,-6619.919172106922
24033801406__24033801409,contrastive_vae,-5907.620664588114
24033801406__24033801411,contrastive_vae,-1841.466195573279
24033801407__24033801701,contrastive_vae,6955.493106494072
24033801407__24033801901,contrastive_vae,1465.3744920883655
24033801408__24033801409,contrastive_vae,1883.362281713229
24033801408__24033801701,contrastive_vae,-1625.36879378692
24033801408__24033801702,contrastive_vae,1563.1680973125003
24033801409__24033801411,contrastive_vae,-344.3097763775113
24033801410__24033801411,contrastive_vae,-558.7101535650127
24033801500__24033801600,contrastive_vae,117.5831450960759
24033801500__24033801707,contrastive_vae,-3492.2639389397027
24033801600__24033801707,contrastive_vae,3065.778240280686
24033801701__24033801702,contrastive_vae,6088.154616582561
24033801701__24033801901,contrastive_vae,5345.673455114069
24033801702__24033801708,contrastive_vae,10568.843262707553
24033801702__24033801901,contrastive_vae,597.481076875003
24033801704__24033801706,contrastive_vae,-1838.6522394559925
24033801704__24033801707,contrastive_vae,2825.32166251779
24033801704__24033801708,contrastive_vae,3300.1027273041364
24033801704__24033801807,contrastive_vae,-835.5639392893718
24033801706__24033801708,contrastive_vae,10358.09036895756
24033801706__24033801801,contrastive_vae,-2063.558525187499
24033801706__24033801807,contrastive_vae,1822.2293085424399
24033801706__24033801808,contrastive_vae,-2406.2999724486217
24033801707__24033801708,contrastive_vae,1202.023016897383
24033801708__24033801907,contrastive_vae,835.1697229999991
24033801801__24033801802,contrastive_vae,-3274.3378203124994
24033801801__24033801907,contrastive_vae,7214.706796404607
24033801802__24033801804,contrastive_vae,-10841.046169875
24033801802__24033801805,contrastive_vae,103.83690987500086
24033801802__24033801808,contrastive_vae,2522.664360972045
24033801802__24033801907,contrastive_vae,-3058.729743750002
24033801802__24033801908,contrastive_vae,-1147.5300150575713
24033801804__24033801805,contrastive_vae,5039.872149374252
24033801804__24033801807,contrastive_vae,-781.0708154374997
24033801804__24033801808,contrastive_vae,259.91039712574457
24033801805__24033801807,contrastive_vae,-2189.441047051232
24033801805__24033801908,contrastive_vae,-8.072731569918687
24033801805__24033802405,contrastive_vae,2955.423240968714
24033801807__24033801808,contrastive_vae,-7904.562503167737
24033801807__24033802405,contrastive_vae,-495.16803224999967
24033801807__24033802501,contrastive_vae,653.3718855127481
24033801901__24033801904,contrastive_vae,-10469.8648068125
24033801901__24033801905,contrastive_vae,6039.921366467775
24033801901__24033801907,contrastive_vae,3181.2806306910643
24033801904__24033801905,contrastive_vae,7566.617848959169
24033801904__24033801906,contrastive_vae,515.4827676249988
24033801904__24033802201,contrastive_vae,47.31244695364103
24033801905__24033801906,contrastive_vae,818.1461334780142
24033801905__24033801907,contrastive_vae,-9787.46513365653
24033801905__24033802001,contrastive_vae,-4086.144064666143
24033801906__24033802001,contrastive_vae,155.47776043750127
24033801906__24033802104,contrastive_vae,-1872.754049402898
24033801906__24033802106,contrastive_vae,82.510664562501
24033801906__24033802107,contrastive_vae,233.8467941250001
24033801907__24033801908,contrastive_vae,-429.1311687010857
24033801907__24033802001,contrastive_vae,4218.3565635044615
24033801908__24033802405,contrastive_vae,1112.430371548282
24033802001__24033802002,contrastive_vae,4362.849295769705
24033802001__24033802107,contrastive_vae,-634.0141620809591
24033802001__24033802405,contrastive_vae,6181.9983505126875
24033802002__24033802103,contrastive_vae,-1544.8192192417846
24033802002__24033802107,contrastive_vae,-8638.736935368917
24033802002__24033802405,contrastive_vae,2727.4752503437976
24033802002__24033802406,contrastive_vae,3143.3536535828753
24033802103__24033802104,contrastive_vae,-1105.257222635133
24033802103__24033802106,contrastive_vae,-959.7034074374988
24033802103__24033802107,contrastive_vae,-1594.5879440359058
24033802103__24033802203,contrastive_vae,1420.912156753111
24033802103__24033802301,contrastive_vae,4864.310391549205
24033802103__24033802407,contrastive_vae,5262.571725874994
24033802104__24033802106,contrastive_vae,7790.7349234225385
24033802104__24033802201,contrastive_vae,1722.517886139627
24033802104__24033802203,contrastive_vae,-2145.753435348859
24033802106__24033802107,contrastive_vae,-11184.801662507452
24033802201__24033802203,contrastive_vae,3481.208201575704
24033802201__24033802204,contrastive_vae,794.116541833313
24033802201__24033803512,contrastive_vae,761.013993915396
24033802203__24033802204,contrastive_vae,6385.327948174898
24033802203__24033802301,contrastive_vae,-4687.697790103655
24033802204__24033802301,contrastive_vae,-1761.9703676847257
24033802204__24033802404,contrastive_vae,557.1916994238218
24033802204__24033802804,contrastive_vae,-4761.15511608238
24033802204__24033803512,contrastive_vae,3686.9880104169715
24033802204__24033803519,contrastive_vae,2864.9106422119658
24033802301__24033802404,contrastive_vae,-3547.4771472044777
24033802301__24033802407,contrastive_vae,618.6671774399638
24033802301__24033802803,contrastive_vae,-1139.9862658128623
24033802404__24033802803,contrastive_vae,3134.8632978944443
24033802405__24033802406,contrastive_vae,-14226.517566956549
24033802405__24033802408,contrastive_vae,-1772.4492434772046
24033802405__24033802501,contrastive_vae,12767.48277258841
24033802405__24033802502,contrastive_vae,1637.5624477874662
24033802406__24033802407,contrastive_vae,-1981.7190010631675
24033802407__24033802408,contrastive_vae,3967.438210793189
24033802407__24033802803,contrastive_vae,5779.564695685
24033802408__24033802502,contrastive_vae,1516.165676130383
24033802408__24033802600,contrastive_vae,-912.5963714374998
24033802408__24033802803,contrastive_vae,3227.224505321399
24033802501__24033802502,contrastive_vae,-1092.359827736227
24033802502__24033802600,contrastive_vae,343.7359359535549
24033802600__24033802803,contrastive_vae,-2355.1204380409717
24033802700__24033802803,contrastive_vae,9655.602551415072
24033802700__24033802901,contrastive_vae,2611.0998393195478
24033802803__24033802804,contrastive_vae,7378.842718095748
24033802803__24033802901,contrastive_vae,-1577.453430439702
24033802804__24033802805,contrastive_vae,-1632.5068027611633
24033802804__24033802901,contrastive_vae,589.0769267289706
24033802804__24033803519,contrastive_vae,-1282.9337403707323
24033802805__24033803002,contrastive_vae,-3840.029619659429
24033802805__24033803519,contrastive_vae,1992.8965957646324
24033802805__24033803524,contrastive_vae,3623.6480121450895
24033803001__24033803002,contrastive_vae,1527.000938825452
24033803001__24033803100,contrastive_vae,2646.8636336369927
24033803002__24033803300,contrastive_vae,2063.268074903438
24033803002__24033803524,contrastive_vae,2667.5374935772707
24033803100__24033803200,contrastive_vae,2882.001668593335
24033803100__24033803300,contrastive_vae,-7853.249309133422
24033803100__24033804200,contrastive_vae,3822.5699414071623
24033803100__24033804300,contrastive_vae,4727.478584628232
24033803200__24033803300,contrastive_vae,-14430.969012943358
24033803200__24033803509,contrastive_vae,5079.773198549061
24033803200__24033804101,contrastive_vae,12192.280414201334
24033803300__24033803401,contrastive_vae,2222.6085697866038
24033803300__24033803402,contrastive_vae,-5367.391315741088
24033803300__24033803509,contrastive_vae,-303.53085087952786
24033803401__24033803402,contrastive_vae,4.736064696762696
24033803401__24033803508,contrastive_vae,573.2611373921027
24033803402__24033803508,contrastive_vae,-544.1851329800429
24033803402__24033803524,contrastive_vae,-3869.3676744417635
24033803402__24033803525,contrastive_vae,-11543.241892059199
24033803508__24033803509,contrastive_vae,3264.8401282435225
24033803508__24033803521,contrastive_vae,2167.306617018905
24033803508__24033803525,contrastive_vae,6641.578227401813
24033803508__24033803601,contrastive_vae,1490.2482317932117
24033803508__24033803602,contrastive_vae,3063.396974248937
24033803509__24033803602,contrastive_vae,9135.222754670096
24033803509__24033803612,contrastive_vae,3062.666990058913
24033803509__24033803700,contrastive_vae,3397.9689100569594
24033803509__24033804101,contrastive_vae,1498.0303766259385
24033803509__24033804102,contrastive_vae,5950.726583012511
24033803512__24033803513,contrastive_vae,8807.565732262083
24033803512__24033803514,contrastive_vae,-1779.4123173360567
24033803512__24033803526,contrastive_vae,-2107.430890683004
24033803513__24033803514,contrastive_vae,6240.471385153331
24033803513__24033803526,contrastive_vae,-5374.5592441348135
24033803513__24033803527,contrastive_vae,6031.183434219623
24033803514__24033803519,contrastive_vae,-5389.599379348772
24033803514__24033803521,contrastive_vae,355.3534255295672
24033803514__24033803522,contrastive_vae,-1358.3457007307006
24033803514__24033803523,contrastive_vae,3831.1893257814936
24033803514__24033803525,contrastive_vae,2358.8609386053577
24033803514__24033803527,contrastive_vae,7580.225371995817
24033803516__24033803520,contrastive_vae,7172.9148122931365
24033803516__24033803608,contrastive_vae,14326.419695663353
24033803519__24033803524,contrastive_vae,-9209.463815295858
24033803519__24033803525,contrastive_vae,1708.065523621528
24033803520__24033803521,contrastive_vae,1335.3409195441272
24033803520__24033803523,contrastive_vae,506.7898787849299
24033803520__24033803601,contrastive_vae,-1140.4453730770638
24033803521__24033803523,contrastive_vae,8639.528727606858
24033803522__24033803523,contrastive_vae,-7236.198170696616
24033803522__24033803526,contrastive_vae,1957.8306382002702
24033803522__24033803527,contrastive_vae,-2206.6006284566283
24033803524__24033803525,contrastive_vae,-2216.1601285787983
24033803601__24033803602,contrastive_vae,7813.561598524073
24033803601__24033803608,contrastive_vae,8909.735704684688
24033803602__24033803608,contrastive_vae,11874.742037835182
24033803602__24033803612,contrastive_vae,16584.425610883693
24033803605__24033803606,contrastive_vae,9975.337950022076
24033803605__24033803610,contrastive_vae,18865.685015268282
24033803605__24033803612,contrastive_vae,3333.5666291900416
24033803605__24033803613,contrastive_vae,3738.6693870265917
24033803605__24033803803,contrastive_vae,2695.180322448665
24033803605__24033806602,contrastive_vae,-4621.453080392411
24033803605__24033806706,contrastive_vae,8647.270732870355
24033803606__24033803607,contrastive_vae,6546.5284344574375
24033803606__24033803608,contrastive_vae,6944.626770850853
24033803606__24033806710,contrastive_vae,5989.48190971202
24033803606__24033806711,contrastive_vae,6429.275131493705
24033803607__24033803608,contrastive_vae,-21300.198425717514
24033803608__24033803612,contrastive_vae,1353.7953609700007
24033803610__24033803612,contrastive_vae,2024.6475557697122
24033803610__24033803613,contrastive_vae,3552.5390164348228
24033803612__24033803613,contrastive_vae,-6335.01556659863
24033803612__24033803700,contrastive_vae,3657.657036622626
24033803612__24033803803,contrastive_vae,-3222.783278381396
24033803613__24033803803,contrastive_vae,10751.46939034283
24033803700__24033803801,contrastive_vae,-2676.207361875991
24033803700__24033803803,contrastive_vae,-3577.3922906741886
24033803801__24033803803,contrastive_vae,-10679.84533425841
24033803801__24033804001,contrastive_vae,10050.351410744071
24033803801__24033804102,contrastive_vae,12089.024508825642
24033803803__24033806601,contrastive_vae,4447.713404075992
24033803900__24033804001,contrastive_vae,-7066.324095979081
24033803900__24033804002,contrastive_vae,7377.468733634732
24033803900__24033806300,contrastive_vae,3963.8601925547346
24033803900__24033806501,contrastive_vae,1280.4026444974115
24033803900__24033806601,contrastive_vae,4315.477512560649
24033804001__24033804002,contrastive_vae,3135.074742369319
24033804001__24033804300,contrastive_vae,1537.2632956473972
24033804002__24033804300,contrastive_vae,9617.991771648798
24033804002__24033804400,contrastive_vae,11155.679973483591
24033804002__24033806300,contrastive_vae,766.4902085625581
24033804101__24033804102,contrastive_vae,11303.248012418306
24033804101__24033804200,contrastive_vae,16676.9754649694
24033804102__24033804200,contrastive_vae,3150.177485428081
24033804102__24033804300,contrastive_vae,1541.5068218168017
24033804200__24033804300,contrastive_vae,14583.334868837836
24033804300__24033804400,contrastive_vae,8263.124784151441
24033804400__24033804600,contrastive_vae,-4552.338185654122
24033804400__24033804700,contrastive_vae,4342.687245311694
24033804400__24033806300,contrastive_vae,1295.5473655640635
24033804600__24033804700,contrastive_vae,-4963.626439038224
24033804600__24033806200,contrastive_vae,-1990.549699922969
24033804600__24033806300,contrastive_vae,-336.39339653881143
24033804700__24033804801,contrastive_vae,-7059.665913509982
24033804801__24033804900,contrastive_vae,2760.7593993556948
24033804802__24033804900,contrastive_vae,1170.8563047380012
24033804802__24033805000,contrastive_vae,266.8517362499988
24033804802__24033806100,contrastive_vae,920.4133260620947
24033804900__24033805000,contrastive_vae,-412.4717573469752
24033805000__24033805101,contrastive_vae,1225.8255264836407
24033805000__24033805201,contrastive_vae,5135.645035953163
24033805000__24033805202,contrastive_vae,3767.8934216794078
24033805101__24033805202,contrastive_vae,373.5148509570281
24033805101__24033805802,contrastive_vae,-227.46642136067385
24033805101__24033806000,contrastive_vae,5266.774264664353
24033805101__24033806100,contrastive_vae,-483.85864904395567
24033805202__24033805500,contrastive_vae,277.7392675285955
24033805500__24033805601,contrastive_vae,1381.6114083355278
24033805500__24033805700,contrastive_vae,2603.017646013548
24033805500__24033805802,contrastive_vae,3093.735832622944
24033805601__24033805602,contrastive_vae,5242.519531973512
24033805601__24033805700,contrastive_vae,4334.563761724807
24033805602__24033805700,contrastive_vae,6289.581855497836
24033805700__24033805801,contrastive_vae,504.588772729624
24033805700__24033805907,contrastive_vae,2477.1088046455407
24033805801__24033805802,contrastive_vae,-2670.0952851049115
24033805801__24033805909,contrastive_vae,5.009235587782314
24033805904__24033805906,contrastive_vae,3956.371009066199
24033805904__24033805907,contrastive_vae,2664.7490170349065
24033805904__24033805909,contrastive_vae,-709.4760363387977
24033805904__24033807200,contrastive_vae,-5877.32915453185
24033805904__24033807305,contrastive_vae,6288.0300780535945
24033805906__24033807305,contrastive_vae,4754.092893969988
24033805908__24033805909,contrastive_vae,-830.9810500092135
24033805908__24033806000,contrastive_vae,-8589.348997376943
24033805908__24033806200,contrastive_vae,-112.52718168749925
24033805908__24033806400,contrastive_vae,-120.8674642659098
24033805909__24033806000,contrastive_vae,277.0741567209525
24033805909__24033806400,contrastive_vae,-5933.055575352384
24033806000__24033806100,contrastive_vae,8543.116350431941
24033806000__24033806200,contrastive_vae,2915.304763369073
24033806100__24033806200,contrastive_vae,7860.8252489804145
24033806200__24033806300,contrastive_vae,-12889.377592178625
24033806200__24033806400,contrastive_vae,1766.582719945698
24033806200__24033806501,contrastive_vae,-374.1056765533431
24033806300__24033806501,contrastive_vae,-10950.28791404327
24033806400__24033806501,contrastive_vae,-2289.757236441277
24033806400__24033807102,contrastive_vae,810.226997956699
24033806400__24033807200,contrastive_vae,-2789.3043996949127
24033806501__24033806601,contrastive_vae,6279.553490494251
24033806501__24033807102,contrastive_vae,10003.423123152192
24033806601__24033806602,contrastive_vae,8614.284922618186
24033806601__24033807102,contrastive_vae,558.5526746484393
24033806602__24033806706,contrastive_vae,5042.1019994479575
24033806602__24033807102,contrastive_vae,7041.668561487102
24033806706__24033806708,contrastive_vae,9283.68522107447
24033806706__24033806710,contrastive_vae,2909.7761989161663
24033806706__24033806713,contrastive_vae,5079.135006562283
24033806706__24033806800,contrastive_vae,11087.146420867473
24033806706__24033807102,contrastive_vae,724.8076869574179
24033806706__24033807408,contrastive_vae,1916.253831896167
24033806708__24033806710,contrastive_vae,2440.236093696207
24033806708__24033806712,contrastive_vae,12432.853543178499
24033806708__24033807408,contrastive_vae,13656.672668044317
24033806710__24033806711,contrastive_vae,6767.240833508738
24033806710__24033806712,contrastive_vae,4830.644047686743
24033806711__24033806712,contrastive_vae,4488.239185490181
24033806712__24033807408,contrastive_vae,-5856.4915582712565
24033806713__24033806714,contrastive_vae,-11530.684263451076
24033806713__24033806800,contrastive_vae,6188.192260831027
24033806713__24033807408,contrastive_vae,3558.908221897669
24033806714__24033806800,contrastive_vae,-2557.987583770705
24033806714__24033806900,contrastive_vae,-11614.624594050687
24033806714__24033807408,contrastive_vae,-3543.4882369808165
24033806800__24033807000,contrastive_vae,-4100.321836748371
24033806800__24033807102,contrastive_vae,4384.675640945537
24033806900__24033807000,contrastive_vae,-9604.751715476941
24033806900__24033807301,contrastive_vae,6841.414546638887
24033806900__24033807404,contrastive_vae,3082.117192796839
24033807000__24033807200,contrastive_vae,-2008.2451054379271
24033807000__24033807301,contrastive_vae,5931.550641024391
24033807102__24033807200,contrastive_vae,-11134.423286272257
24033807200__24033807301,contrastive_vae,6371.02096797905
24033807200__24033807305,contrastive_vae,-1455.9759415320077
24033807301__24033807305,contrastive_vae,-2209.917884012011
24033807301__24033807404,contrastive_vae,1187.9345901832712
24033807301__24033807405,contrastive_vae,10864.463521728438
24033807304__24033807305,contrastive_vae,1776.2407643526676
24033807304__24033807405,contrastive_vae,-4156.286449444029
24033807304__24033807409,contrastive_vae,7211.848475463226
24033807404__24033807405,contrastive_vae,15066.487943347696
24033807404__24033807408,contrastive_vae,9495.086199509948
24033807405__24033807408,contrastive_vae,-1842.918248728265
24033807405__24033807409,contrastive_vae,1619.4431935555476
24033807407__24033807408,contrastive_vae,-2965.9904194161645
24033807407__24033807409,contrastive_vae,2071.033743520842
24033807407__24033807410,contrastive_vae,4975.898005608316
24033807409__24033807410,contrastive_vae,4754.801487842131
24035810100__24035810200,contrastive_vae,-3034.147585276567
24035810100__24035810300,contrastive_vae,10087.261059428089
24035810200__24035810300,contrastive_vae,6046.169566262433
24035810200__24035810500,contrastive_vae,-3076.0230849375
24035810400__24035810500,contrastive_vae,15513.916106094919
24035810400__24035810600,contrastive_vae,-1684.4631435848278
24035810500__24035810600,contrastive_vae,4137.721507244441
24035810500__24041960100,contrastive_vae,-13150.08191423269
24035810600__24035810700,contrastive_vae,-10357.5797166173
24035810800__24035810901,contrastive_vae,6322.328247558151
24035810800__24035811000,contrastive_vae,27949.124934534775
24035810901__24035811000,contrastive_vae,5260.765182572075
24037875000__24037875100,contrastive_vae,374.9661648038291
24037875000__24037875201,contrastive_vae,349.5354083830098
24037875000__24037875600,contrastive_vae,1205.2059435625015
24037875100__24037875201,contrastive_vae,1096.5715957500015
24037875201__24037875202,contrastive_vae,-5491.724786571389
24037875201__24037875300,contrastive_vae,6.876446874999601
24037875201__24037875500,contrastive_vae,1838.28152275088
24037875201__24037875600,contrastive_vae,2676.0081935000007
24037875300__24037875400,contrastive_vae,36.72811806249956
24037875400__24037875500,contrastive_vae,8094.901287624991
24037875500__24037875600,contrastive_vae,-8457.490014112853
24037875600__24037875700,contrastive_vae,2884.3208655294584
24037875600__24037875802,contrastive_vae,-1553.459132838576
24037875600__24037876002,contrastive_vae,1375.8060843569292
24037875700__24037875802,contrastive_vae,7344.088619699152
24037875801__24037875802,contrastive_vae,-11445.1384445625
24037875801__24037875901,contrastive_vae,10635.000224750078
24037875801__24037876001,contrastive_vae,3615.196059312497
24037875802__24037876001,contrastive_vae,3147.649109124999
24037875802__24037876002,contrastive_vae,8692.783860843236
24037875901__24037875902,contrastive_vae,-4248.924177375001
24037875901__24037876001,contrastive_vae,-429.0543633750003
24037875901__24037876200,contrastive_vae,-1383.1245108750409
24037875902__24037876001,contrastive_vae,4294.830342062501
24037875902__24037876002,contrastive_vae,9785.210950749999
24037875902__24037876100,contrastive_vae,2444.8929640000006
24037875902__24037876200,contrastive_vae,-1032.6853296874997
24037876001__24037876002,contrastive_vae,-11345.443230625
24037876002__24037876100,contrastive_vae,-224.5237908859708
24039930101__24039930102,contrastive_vae,1596.2382035704795
24039930101__24047951400,contrastive_vae,-1712.0267137330502
24039930102__24045010800,contrastive_vae,3277.6546304500307
24039930300__24039980400,contrastive_vae,933.041432198188
24039930300__24047951400,contrastive_vae,-3385.5979116932813
24039930300__24047951500,contrastive_vae,1250.072097832377
24039930500__24039930600,contrastive_vae,3269.646844179938
24041960201__24041960300,contrastive_vae,1956.327921237098
24041960201__24041960400,contrastive_vae,-3728.37796165941
24041960201__24041960501,contrastive_vae,-1221.8309090615512
24041960201__24041960502,contrastive_vae,-2182.216951165923
24041960300__24041960400,contrastive_vae,-10550.069273396424
24041960300__24041960501,contrastive_vae,7744.581955430982
24041960400__24041960501,contrastive_vae,-1483.2781346361298
24041960400__24041960502,contrastive_vae,-3000.639793528291
24041960501__24041960502,contrastive_vae,-2310.2039857501386
24041960600__24041960700,contrastive_vae,19171.617209760276
24041960700__24041960800,contrastive_vae,25270.04308043468
24043000100__24043000200,contrastive_vae,6546.466637009022
24043000100__24043000500,contrastive_vae,1234.3487263388379
24043000100__24043010300,contrastive_vae,-35.90486169792621
24043000100__24043011202,contrastive_vae,1051.0062939311956
24043000200__24043000301,contrastive_vae,-971.5032124340432
24043000200__24043000302,contrastive_vae,-2396.0995588197175
24043000200__24043000400,contrastive_vae,-4737.244089231379
24043000200__24043010300,contrastive_vae,3611.131587329477
24043000301__24043000302,contrastive_vae,-3353.4092375941136
24043000301__24043000900,contrastive_vae,-1365.1540781213698
24043000301__24043010300,contrastive_vae,-1586.501290255299
24043000301__24043010400,contrastive_vae,2537.7694613978383
24043000302__24043000400,contrastive_vae,1084.0352328774352
24043000302__24043000900,contrastive_vae,1000.1926282951317
24043000400__24043000500,contrastive_vae,-1316.4757632859291
24043000400__24043000700,contrastive_vae,1513.357301344533
24043000400__24043000800,contrastive_vae,-5860.561331929247
24043000400__24043000900,contrastive_vae,423.8416368607709
24043000500__24043000601,contrastive_vae,-35.73995120204927
24043000500__24043000700,contrastive_vae,1846.3846429644059
24043000500__24043011201,contrastive_vae,-3150.5139048263154
24043000601__24043000602,contrastive_vae,3446.1517071715425
24043000601__24043000700,contrastive_vae,-284.58901539793305
24043000601__24043011201,contrastive_vae,7304.816524642472
24043000602__24043000700,contrastive_vae,-6592.390555844877
24043000602__24043001001,contrastive_vae,6499.430567260839
24043000602__24043010900,contrastive_vae,-846.8067388497313
24043000602__24043011100,contrastive_vae,889.8369402992721
24043000602__24043011201,contrastive_vae,8.248621532053221
24043000700__24043000800,contrastive_vae,-6198.31486283485
24043000800__24043000900,contrastive_vae,458.79617156266704
24043000900__24043001001,contrastive_vae,-16429.62803641991
24043000900__24043001002,contrastive_vae,-501.3365813454502
24043000900__24043010500,contrastive_vae,2349.4931354046857
24043001001__24043001002,contrastive_vae,2601.038521838209
24043001001__24043010900,contrastive_vae,-5554.3794199831855
24043001002__24043010500,contrastive_vae,-722.9016654614097
24043001002__24043010801,contrastive_vae,2029.2330747239466
24043001002__24043010802,contrastive_vae,-1742.7302076278993
24043010200__24043011202,contrastive_vae,6193.080674118784
24043010200__24043011301,contrastive_vae,3393.86132173262
24043010300__24043010400,contrastive_vae,-9592.041136807005
24043010300__24043011202,contrastive_vae,-10688.051021283303
24043010400__24043010500,contrastive_vae,7017.042802538781
24043010500__24043010600,contrastive_vae,1688.1855527362623
24043010500__24043010801,contrastive_vae,6174.482064822427
24043010600__24043010700,contrastive_vae,1692.9796517405757
24043010801__24043010802,contrastive_vae,6203.106904694414
24043010802__24043010900,contrastive_vae,-415.5002615006797
24043010900__24043011100,contrastive_vae,2599.559233983601
24043010900__24043011600,contrastive_vae,-761.3396352831355
24043011100__24043011201,contrastive_vae,9881.12202349351
24043011100__24043011302,contrastive_vae,3526.7005404536612
24043011201__24043011202,contrastive_vae,6000.775303110713
24043011201__24043011302,contrastive_vae,299.60162927954843
24043011202__24043011301,contrastive_vae,2540.148751138322
24043011202__24043011302,contrastive_vae,11382.460068359573
24043011301__24043011302,contrastive_vae,-473.30082931535253
24043011302__24043011400,contrastive_vae,-1586.7841118940296
24043011500__24043011600,contrastive_vae,-167.16051508210512
24045000100__24045000200,contrastive_vae,10373.84137641151
24045000100__24045000500,contrastive_vae,3249.8186196584666
24045000100__24045010101,contrastive_vae,-14178.770778041337
24045000100__24045010102,contrastive_vae,-6307.308533410214
24045000200__24045000300,contrastive_vae,1553.2387805355838
24045000200__24045000400,contrastive_vae,4867.148555324793
24045000200__24045010101,contrastive_vae,464.2986850326288
24045000200__24045010200,contrastive_vae,-943.2694727813637
24045000300__24045000400,contrastive_vae,476.0254385114604
24045000300__24045010200,contrastive_vae,358.3846922371922
24045000300__24045010300,contrastive_vae,-2699.1250982263446
24045000400__24045000500,contrastive_vae,2752.519013044279
24045000400__24045010400,contrastive_vae,5845.522601660279
24045000500__24045010502,contrastive_vae,1216.3291495711164
24045010101__24045010102,contrastive_vae,-5117.716255215893
24045010101__24045010200,contrastive_vae,1666.5025608626001
24045010101__24045010603,contrastive_vae,2839.8679558257973
24045010101__24045010702,contrastive_vae,-5528.267619107042
24045010102__24045010502,contrastive_vae,-4547.964821214246
24045010102__24045010606,contrastive_vae,2675.7988388972844
24045010200__24045010300,contrastive_vae,3530.875799519359
24045010200__24045010702,contrastive_vae,7698.380585262534
24045010300__24045010400,contrastive_vae,3796.7946316367997
24045010300__24045010800,contrastive_vae,6202.585549755842
24045010400__24045010501,contrastive_vae,-252.10370433971548
24045010400__24045010502,contrastive_vae,808.377018418516
24045010400__24045010800,contrastive_vae,511.60921105437683
24045010501__24045010502,contrastive_vae,-7874.62754772301
24045010501__24045010605,contrastive_vae,-419.1499628379679
24045010502__24045010605,contrastive_vae,5558.705598324559
24045010502__24045010606,contrastive_vae,-176.96624627286565
24045010603__24045010604,contrastive_vae,11004.351707900843
24045010603__24045010606,contrastive_vae,-243.78438293949148
24045010603__24045010702,contrastive_vae,-16482.66342785796
24045010604__24045010606,contrastive_vae,-6994.233869009469
24045010605__24045010606,contrastive_vae,-1110.1024930824206
24045010605__24047951400,contrastive_vae,-2276.2253965490636
24045010606__24047950800,contrastive_vae,10959.947149255113
24045010701__24045010702,contrastive_vae,28740.266978778483
24047950000__24047950100,contrastive_vae,1224.5068314514538
24047950000__24047950400,contrastive_vae,8836.676514252256
24047950000__24047951700,contrastive_vae,2358.1630445205046
24047950400__24047951700,contrastive_vae,15694.416409432757
24047950600__24047950700,contrastive_vae,-2821.1894937130455
24047950600__24047950900,contrastive_vae,2683.687140667423
24047950600__24047951100,contrastive_vae,-7665.313892642531
24047950700__24047950800,contrastive_vae,5481.514101999445
24047950700__24047950900,contrastive_vae,2873.7046355178154
24047950800__24047950900,contrastive_vae,-4747.961136122189
24047950800__24047951000,contrastive_vae,16678.580494797257
24047950900__24047951000,contrastive_vae,1204.3982442474262
24047950900__24047951100,contrastive_vae,-11790.619658894375
24047950900__24047951700,contrastive_vae,-2911.992601084017
24047951200__24047951300,contrastive_vae,4769.536163931289
24047951400__24047951500,contrastive_vae,1025.3074373093696
24510010100__24510010200,contrastive_vae,-7692.078799277762
24510010100__24510010400,contrastive_vae,-14688.901056609327
24510010100__24510261100,contrastive_vae,-8535.05141190207
24510010200__24510261100,contrastive_vae,-2779.4251526530534
24510010300__24510010400,contrastive_vae,4606.792834315572
24510010300__24510010500,contrastive_vae,9744.39526210272
24510010300__24510060200,contrastive_vae,6195.0232573035755
24510010300__24510060300,contrastive_vae,649.2335135684498
24510010400__24510010500,contrastive_vae,3708.8703178228006
24510010400__24510020300,contrastive_vae,-7757.958198252574
24510010500__24510020100,contrastive_vae,-14734.82953967513
24510010500__24510060300,contrastive_vae,2978.434871391697
24510020100__24510020200,contrastive_vae,11137.539834813408
24510020100__24510020300,contrastive_vae,2327.5069854866033
24510020200__24510020300,contrastive_vae,7018.569106868039
24510020200__24510030100,contrastive_vae,11504.687250597992
24510020300__24510030100,contrastive_vae,-1913.7795039512057
24510020300__24510030200,contrastive_vae,-11231.833249127543
24510030100__24510030200,contrastive_vae,-7938.6841527243705
24510030100__24510280500,contrastive_vae,905.283651231548
24510030200__24510040100,contrastive_vae,3098.6957870835613
24510030200__24510220100,contrastive_vae,6260.71791784868
24510030200__24510280500,contrastive_vae,-1822.4908995853802
24510040100__24510040200,contrastive_vae,-7432.961812904177
24510040100__24510110100,contrastive_vae,-1814.6831704815231
24510040100__24510110200,contrastive_vae,724.183410054975
24510040100__24510170100,contrastive_vae,-1183.439697377995
24510040100__24510220100,contrastive_vae,-1529.5025947566464
24510040100__24510280500,contrastive_vae,2831.0856764489145
24510040200__24510170100,contrastive_vae,5262.425271225751
24510040200__24510180100,contrastive_vae,1063.7438666250127
24510040200__24510180300,contrastive_vae,-1951.661265001885
24510040200__24510220100,contrastive_vae,4046.7925602816613
24510060100__24510060200,contrastive_vae,-11642.38325631405
24510060100__24510070100,contrastive_vae,-6558.251022366603
24510060100__24510261000,contrastive_vae,-6605.091267452065
24510060200__24510060300,contrastive_vae,2595.294746413979
24510060200__24510070200,contrastive_vae,-2163.7670200920907
24510060300__24510070300,contrastive_vae,-1558.8838013282602
24510070100__24510070200,contrastive_vae,-5284.7114489399755
24510070100__24510080302,contrastive_vae,2632.31682216791
24510070100__24510260404,contrastive_vae,5106.199248061857
24510070100__24510261000,contrastive_vae,2219.7577961771676
24510070200__24510070300,contrastive_vae,-5560.568056926446
24510080101__24510080102,contrastive_vae,-2754.610659125943
24510080101__24510080200,contrastive_vae,-6699.106454778737
24510080101__24510080500,contrastive_vae,-2783.3401122298874
24510080101__24510090200,contrastive_vae,6216.317773005912
24510080101__24510090600,contrastive_vae,113.26236876895928
24510080101__24510090700,contrastive_vae,2495.579703875497
24510080101__24510260301,contrastive_vae,-3289.3709687453893
24510080101__24510270101,contrastive_vae,-11381.407229733122
24510080102__24510080200,contrastive_vae,-7381.789913055296
24510080200__24510080301,contrastive_vae,-2890.6916002014314
24510080200__24510080400,contrastive_vae,-1542.9980880510475
24510080200__24510080500,contrastive_vae,-5625.883705787263
24510080200__24510260303,contrastive_vae,-1319.8837606689049
24510080301__24510080302,contrastive_vae,576.8239967126319
24510080301__24510080400,contrastive_vae,-4260.764523922659
24510080302__24510260404,contrastive_vae,391.1931778253056
24510080500__24510080600,contrastive_vae,4861.501189638428
24510080500__24510090800,contrastive_vae,-358.8648450318651
24510080500__24510090900,contrastive_vae,1671.8514619459256
24510080600__24510080700,contrastive_vae,-6434.1545769294935
24510080600__24510090900,contrastive_vae,4222.109952579589
24510090100__24510090200,contrastive_vae,-7454.1513694142595
24510090100__24510090300,contrastive_vae,-9800.290419839737
24510090100__24510120100,contrastive_vae,-647.6912623653425
24510090100__24510271001,contrastive_vae,-5545.455497677274
24510090100__24510271102,contrastive_vae,-971.1250739785686
24510090200__24510090300,contrastive_vae,8058.709249484829
24510090200__24510090600,contrastive_vae,502.3170161665148
24510090200__24510270200,contrastive_vae,-5059.110763513609
24510090200__24510270903,contrastive_vae,-6389.067346294789
24510090300__24510090500,contrastive_vae,11583.148239796043
24510090300__24510120100,contrastive_vae,3418.9509835833105
24510090400__24510090500,contrastive_vae,-3363.302590029587
24510090500__24510090600,contrastive_vae,1696.1062369852225
24510090500__24510090700,contrastive_vae,-4708.617275377312
24510090600__24510090700,contrastive_vae,489.0353465623775
24510090700__24510090800,contrastive_vae,956.1971551704519
24510090800__24510090900,contrastive_vae,-7271.873499028916
24510090800__24510120400,contrastive_vae,-4583.601269219351
24510090900__24510100100,contrastive_vae,-10995.181617665174
24510090900__24510120500,contrastive_vae,-2826.752250894151
24510100100__24510100200,contrastive_vae,-10319.976485633892
24510100100__24510100300,contrastive_vae,324.9547870034821
24510100100__24510110100,contrastive_vae,4807.1087422170185
24510100100__24510120500,contrastive_vae,173.1309178203319
24510100200__24510100300,contrastive_vae,-257.98874370221347
24510100200__24510280500,contrastive_vae,7868.485647646015
24510100300__24510110100,contrastive_vae,1675.799918135841
24510100300__24510280500,contrastive_vae,-683.5390785090858
24510110100__24510110200,contrastive_vae,14226.202657668196
24510110100__24510120500,contrastive_vae,-600.882477158435
24510110100__24510280500,contrastive_vae,475.48520904282486
24510110200__24510120500,contrastive_vae,5249.302631989849
24510110200__24510140100,contrastive_vae,6723.984821143909
24510110200__24510170100,contrastive_vae,-3561.653113482109
24510110200__24510170200,contrastive_vae,2855.447874904523
24510120100__24510120201,contrastive_vae,-578.3589509142894
24510120100__24510120202,contrastive_vae,-7181.821160894404
24510120100__24510271102,contrastive_vae,-9433.31351924748
24510120100__24510271400,contrastive_vae,-6985.05621036792
24510120201__24510120202,contrastive_vae,-7724.59608150092
24510120201__24510120300,contrastive_vae,-559.9119398318398
24510120202__24510120600,contrastive_vae,-3450.455268722724
24510120202__24510120700,contrastive_vae,-1218.7929817028253
24510120300__24510120400,contrastive_vae,-5451.1491146964945
24510120300__24510120600,contrastive_vae,-3979.6569243686026
24510120400__24510120500,contrastive_vae,-3325.8720113937306
24510120400__24510120600,contrastive_vae,1457.0460059889247
24510120500__24510120600,contrastive_vae,-955.3733153088942
24510120500__24510120700,contrastive_vae,-1627.677427914914
24510120500__24510140100,contrastive_vae,2630.786034229426
24510120600__24510120700,contrastive_vae,16109.14243582415
24510120700__24510130100,contrastive_vae,1728.7974121790903
24510120700__24510130200,contrastive_vae,7786.442938286898
24510120700__24510130400,contrastive_vae,1700.6336891003557
24510120700__24510130600,contrastive_vae,-4839.839644757074
24510130100__24510130200,contrastive_vae,4731.791458866617
24510130100__24510130300,contrastive_vae,-321.4760274159062
24510130100__24510130400,contrastive_vae,3036.3781444621472
24510130200__24510130300,contrastive_vae,4.840574999174805
24510130200__24510140100,contrastive_vae,9949.853129604679
24510130200__24510140300,contrastive_vae,239.72787739770274
24510130300__24510130400,contrastive_vae,1180.9282065755524
24510130300__24510140300,contrastive_vae,-514.3093507420981
24510130300__24510150400,contrastive_vae,-1264.6316505468549
24510130400__24510130600,contrastive_vae,1794.2768037177557
24510130400__24510130804,contrastive_vae,380.12572097190787
24510130400__24510130806,contrastive_vae,-2549.3243741977785
24510130400__24510150400,contrastive_vae,6405.026435867094
24510130400__24510150500,contrastive_vae,2755.291282914135
24510130400__24510151200,contrastive_vae,1496.424605478911
24510130600__24510130700,contrastive_vae,-14015.944661172114
24510130600__24510130804,contrastive_vae,7896.014880529936
24510130700__24510130803,contrastive_vae,-9601.924863914708
24510130700__24510130804,contrastive_vae,-3729.5300850103195
24510130700__24510271400,contrastive_vae,-16682.11435034951
24510130803__24510130804,contrastive_vae,-8538.17270910973
24510130803__24510130806,contrastive_vae,5626.895527398039
24510130803__24510271400,contrastive_vae,3015.3571459340037
24510130803__24510271503,contrastive_vae,7881.893330660461
24510130804__24510130806,contrastive_vae,-6297.50473486513
24510130805__24510130806,contrastive_vae,4447.795961058393
24510130805__24510271501,contrastive_vae,6333.833064377315
24510130805__24510271503,contrastive_vae,5366.5404365906725
24510130805__24510271600,contrastive_vae,-1848.67974935842
24510130805__24510271700,contrastive_vae,-6382.539914742618
24510130806__24510151300,contrastive_vae,1685.8784692059126
24510130806__24510271600,contrastive_vae,1694.6564209145672
24510140100__24510140200,contrastive_vae,-1645.7408369006234
24510140100__24510140300,contrastive_vae,-3996.663720474133
24510140100__24510170200,contrastive_vae,-8104.333791644753
24510140200__24510140300,contrastive_vae,-8639.130233739026
24510140200__24510160100,contrastive_vae,-743.0620951364526
24510140200__24510170200,contrastive_vae,-4013.47003712934
24510140200__24510170300,contrastive_vae,-755.0618197279118
24510140300__24510150100,contrastive_vae,-9829.663695918696
24510150100__24510150200,contrastive_vae,-6589.876824723355
24510150100__24510150400,contrastive_vae,1575.3263976006037
24510150100__24510160100,contrastive_vae,1053.4863571460482
24510150100__24510160200,contrastive_vae,3707.4148240809973
24510150100__24510160300,contrastive_vae,-57.530765880545005
24510150200__24510150300,contrastive_vae,-4834.250596460619
24510150200__24510150400,contrastive_vae,5747.760776604047
24510150200__24510160300,contrastive_vae,682.156258239831
24510150200__24510160400,contrastive_vae,-1940.3623723038727
24510150200__24510160500,contrastive_vae,946.7957112821659
24510150400__24510150500,contrastive_vae,5887.680843995986
24510150400__24510150600,contrastive_vae,-3225.248429261438
24510150500__24510150701,contrastive_vae,7037.395350073177
24510150500__24510151100,contrastive_vae,-66.64379405167892
24510150600__24510150701,contrastive_vae,-1153.7144263319597
24510150600__24510150702,contrastive_vae,-6136.888806346706
24510150600__24510150800,contrastive_vae,-660.7299890458826
24510150600__24510150900,contrastive_vae,-2452.4540945458866
24510150600__24510160700,contrastive_vae,-9016.005722865742
24510150701__24510150702,contrastive_vae,-3116.4383323890215
24510150701__24510150800,contrastive_vae,-12851.126385618427
24510150701__24510151100,contrastive_vae,3442.8736028667827
24510150702__24510150800,contrastive_vae,-921.4858258023551
24510150800__24510150900,contrastive_vae,-7474.24209386795
24510150800__24510151000,contrastive_vae,107.03825731275356
24510150800__24510151100,contrastive_vae,-5579.980587840468
24510150900__24510151000,contrastive_vae,-1700.581645765481
24510150900__24510160700,contrastive_vae,-3078.3342512490954
24510150900__24510160802,contrastive_vae,-2591.159539032098
24510150900__24510280301,contrastive_vae,-2093.427723569952
24510150900__24510280302,contrastive_vae,-7900.770350843417
24510151000__24510151100,contrastive_vae,-8425.269629541337
24510151000__24510280101,contrastive_vae,-384.1614365471305
24510151000__24510280102,contrastive_vae,-13082.3629678031
24510151000__24510280200,contrastive_vae,-1034.2407609212587
24510151100__24510151200,contrastive_vae,-2243.139572124799
24510151100__24510151300,contrastive_vae,-1823.6020279903532
24510151200__24510151300,contrastive_vae,-5189.683250768092
24510151300__24510271600,contrastive_vae,-2945.137557017817
24510151300__24510280101,contrastive_vae,1602.5689746738465
24510160100__24510160200,contrastive_vae,3204.727756102937
24510160100__24510170300,contrastive_vae,635.0161584059679
24510160100__24510180100,contrastive_vae,1178.9247606476551
24510160100__24510180200,contrastive_vae,2310.238902933983
24510160200__24510160300,contrastive_vae,-2442.439414712666
24510160200__24510190100,contrastive_vae,917.5230398398853
24510160300__24510160400,contrastive_vae,-326.28211669370285
24510160300__24510190100,contrastive_vae,1290.5037218645011
24510160400__24510160500,contrastive_vae,-821.8808867973949
24510160400__24510200100,contrastive_vae,531.2836375211027
24510160500__24510160600,contrastive_vae,-2635.103412565264
24510160500__24510200200,contrastive_vae,-770.9988132398212
24510160600__24510160700,contrastive_vae,-161.46684224481396
24510160600__24510200200,contrastive_vae,-1367.817475601898
24510160700__24510160802,contrastive_vae,4532.153089386025
24510160700__24510200600,contrastive_vae,432.57601450837683
24510160801__24510160802,contrastive_vae,-2820.5211048239144
24510160801__24510200701,contrastive_vae,815.5235491420044
24510160801__24510280402,contrastive_vae,-2483.468606758448
24510160802__24510200600,contrastive_vae,1630.3852349929375
24510160802__24510200701,contrastive_vae,-3618.8268068516436
24510170100__24510170200,contrastive_vae,-4495.704118927624
24510170100__24510170300,contrastive_vae,1585.3296062638183
24510170200__24510170300,contrastive_vae,-1238.7517251315057
24510170300__24510180100,contrastive_vae,1417.6543441383055
24510180100__24510180200,contrastive_vae,-2619.6535206518747
24510180100__24510180300,contrastive_vae,1831.680803991243
24510180200__24510180300,contrastive_vae,-2565.361577830268
24510180200__24510190100,contrastive_vae,5744.90983063816
24510180300__24510190200,contrastive_vae,-3207.550950333817
24510180300__24510210100,contrastive_vae,875.9939425480634
24510180300__24510210200,contrastive_vae,1957.9642516099266
24510190100__24510200100,contrastive_vae,2076.14538247179
24510190200__24510190300,contrastive_vae,-4217.036814715058
24510190200__24510210200,contrastive_vae,-223.06570302594992
24510190300__24510200300,contrastive_vae,5079.889798202847
24510190300__24510200500,contrastive_vae,-1467.135900199959
24510190300__24510210200,contrastive_vae,4845.474896988109
24510200100__24510200200,contrastive_vae,-36.50121382100224
24510200200__24510200600,contrastive_vae,-2303.3925007872785
24510200300__24510200400,contrastive_vae,381.31273059236037
24510200300__24510200500,contrastive_vae,3325.56082465118
24510200400__24510200500,contrastive_vae,1469.1511840596231
24510200500__24510200600,contrastive_vae,2706.0758173204113
24510200500__24510210200,contrastive_vae,1677.6159047674228
24510200500__24510250206,contrastive_vae,-1198.6958650754718
24510200600__24510200701,contrastive_vae,3088.3849094947145
24510200600__24510200702,contrastive_vae,-3848.1806918087423
24510200600__24510200800,contrastive_vae,-383.9883981000712
24510200600__24510250206,contrastive_vae,-3325.3069039106813
24510200701__24510200702,contrastive_vae,-4045.830352926726
24510200701__24510200800,contrastive_vae,-4613.6703877193295
24510200701__24510280402,contrastive_vae,-223.71539940754883
24510200701__24510280404,contrastive_vae,-826.0708669566029
24510200702__24510200800,contrastive_vae,-9135.621271487837
24510210100__24510210200,contrastive_vae,5973.832206561681
24510210100__24510220100,contrastive_vae,2688.3154469267465
24510210100__24510230100,contrastive_vae,4877.206904415609
24510210100__24510230300,contrastive_vae,2816.084281901669
24510210100__24510250301,contrastive_vae,2008.8851711065217
24510210200__24510250206,contrastive_vae,10266.80537295161
24510210200__24510250301,contrastive_vae,1027.8194496842716
24510210200__24510250303,contrastive_vae,-120.8819000927615
24510220100__24510230100,contrastive_vae,2930.9358453952373
24510220100__24510230200,contrastive_vae,1566.1082478102726
24510220100__24510240200,contrastive_vae,2513.1519125013165
24510220100__24510240300,contrastive_vae,-1023.6073861423474
24510230100__24510230200,contrastive_vae,-9399.519434605609
24510230100__24510230300,contrastive_vae,2550.1458424397715
24510230200__24510230300,contrastive_vae,-1319.2641750976618
24510230200__24510240300,contrastive_vae,-7054.158175045326
24510230200__24510240400,contrastive_vae,757.9156523968913
24510230300__24510240400,contrastive_vae,464.34761458782305
24510230300__24510250301,contrastive_vae,5835.267611983709
24510240100__24510240400,contrastive_vae,-22517.946899018756
24510240200__24510240300,contrastive_vae,7211.818899387956
24510240200__24510240400,contrastive_vae,-11399.083252421866
24510240300__24510240400,contrastive_vae,6074.778591086174
24510250101__24510250102,contrastive_vae,841.0692285385921
24510250101__24510250103,contrastive_vae,281.8632303165359
24510250101__24510280403,contrastive_vae,3096.5006647794435
24510250102__24510250103,contrastive_vae,39.082437962777476
24510250102__24510280403,contrastive_vae,-601.9161667641288
24510250102__24510280404,contrastive_vae,42.3813894184359
24510250103__24510250206,contrastive_vae,13848.964354636453
24510250203__24510250204,contrastive_vae,-4624.167080110914
24510250203__24510250205,contrastive_vae,5034.593878683634
24510250203__24510250207,contrastive_vae,516.1690097620658
24510250203__24510250600,contrastive_vae,4142.411742165681
24510250204__24510250205,contrastive_vae,-6824.960463909156
24510250204__24510250207,contrastive_vae,-5394.967287940995
24510250204__24510250301,contrastive_vae,4249.59878042705
24510250205__24510250206,contrastive_vae,-1061.111383809639
24510250205__24510250301,contrastive_vae,-7225.122393237347
24510250205__24510250401,contrastive_vae,1676.0117772284138
24510250206__24510250303,contrastive_vae,6677.526523569773
24510250301__24510250303,contrastive_vae,970.1279305470125
24510250401__24510250402,contrastive_vae,-5448.993261484538
24510250401__24510250500,contrastive_vae,-3244.837504437758
24510250401__24510250600,contrastive_vae,978.1335275524325
24510250402__24510250500,contrastive_vae,-475.07447867709834
24510250500__24510250600,contrastive_vae,-12430.23246458163
24510260101__24510260102,contrastive_vae,-12074.64833229558
24510260101__24510270401,contrastive_vae,10836.017877943948
24510260101__24510270502,contrastive_vae,-596.4468737289853
24510260102__24510260201,contrastive_vae,-2813.014519884531
24510260102__24510260203,contrastive_vae,-2088.8296034710793
24510260102__24510260403,contrastive_vae,858.712022216916
24510260102__24510270401,contrastive_vae,8240.722703454667
24510260201__24510260202,contrastive_vae,7739.537287569652
24510260201__24510260203,contrastive_vae,3759.681079482496
24510260201__24510270102,contrastive_vae,6048.238457174677
24510260201__24510270401,contrastive_vae,800.4958525847032
24510260202__24510260301,contrastive_vae,-5696.434065361926
24510260202__24510260302,contrastive_vae,-2242.9390106822957
24510260202__24510270101,contrastive_vae,642.0230720241743
24510260203__24510260303,contrastive_vae,3551.5839850693155
24510260203__24510260402,contrastive_vae,-1253.5411488672034
24510260203__24510260403,contrastive_vae,-1108.8835677766156
24510260301__24510260302,contrastive_vae,-11164.475720453793
24510260302__24510260303,contrastive_vae,-5605.8637144266795
24510260303__24510260404,contrastive_vae,-2889.8981030501145
24510260401__24510260402,contrastive_vae,7595.207231948349
24510260401__24510260403,contrastive_vae,4225.672284056898
24510260401__24510260404,contrastive_vae,16981.448016544848
24510260402__24510260403,contrastive_vae,9469.358153317284
24510260403__24510260404,contrastive_vae,5727.756668156537
24510260404__24510260501,contrastive_vae,4154.959510498651
24510260404__24510260700,contrastive_vae,2643.2994955803515
24510260404__24510261000,contrastive_vae,-7422.85033622413
24510260501__24510260604,contrastive_vae,-1371.0797115594523
24510260501__24510260605,contrastive_vae,3268.1544641551664
24510260501__24510260700,contrastive_vae,8093.659391555997
24510260604__24510260605,contrastive_vae,-3912.2294999102287
24510260605__24510260700,contrastive_vae,2468.8819503986415
24510260700__24510260900,contrastive_vae,-6005.939409348686
24510260800__24510260900,contrastive_vae,6729.22610016683
24510260800__24510261000,contrastive_vae,-9549.963754207623
24510260900__24510261100,contrastive_vae,-17057.88533597342
24510261000__24510261100,contrastive_vae,-1060.5338373799398
24510270101__24510270102,contrastive_vae,4476.7472419905425
24510270101__24510270200,contrastive_vae,1351.3924349785157
24510270102__24510270302,contrastive_vae,2027.8311616396295
24510270102__24510270401,contrastive_vae,-6174.595172628975
24510270200__24510270301,contrastive_vae,-518.6644906738966
24510270200__24510270302,contrastive_vae,1183.1398053738158
24510270200__24510270903,contrastive_vae,-6533.230907061763
24510270301__24510270302,contrastive_vae,1953.2049487386575
24510270301__24510270600,contrastive_vae,7028.054762418693
24510270301__24510270902,contrastive_vae,-4170.577258077254
24510270302__24510270402,contrastive_vae,-896.2086054501833
24510270401__24510270402,contrastive_vae,-13005.391101736757
24510270401__24510270502,contrastive_vae,-7270.254822173732
24510270402__24510270502,contrastive_vae,-12855.533434422303
24510270402__24510270600,contrastive_vae,-4462.078415944274
24510270402__24510270702,contrastive_vae,-138.26631180033473
24510270501__24510270502,contrastive_vae,-3527.1274007767242
24510270501__24510270703,contrastive_vae,-3379.515473539821
24510270502__24510270702,contrastive_vae,3910.35027105026
24510270600__24510270702,contrastive_vae,-8543.495765182404
24510270600__24510270803,contrastive_vae,5277.248817445121
24510270701__24510270702,contrastive_vae,-4168.814149302272
24510270701__24510270703,contrastive_vae,-10.183909144990139
24510270701__24510270803,contrastive_vae,-2777.333234402866
24510270702__24510270703,contrastive_vae,1854.4989529101877
24510270702__24510270803,contrastive_vae,-5040.91156695895
24510270801__24510270802,contrastive_vae,-14318.25674957144
24510270801__24510270803,contrastive_vae,2339.5393738696584
24510270801__24510270804,contrastive_vae,-350.44458372049667
24510270802__24510270803,contrastive_vae,5434.89613679067
24510270802__24510270805,contrastive_vae,-6342.016680303834
24510270802__24510270901,contrastive_vae,-7675.820912380988
24510270803__24510270902,contrastive_vae,-4165.614244463384
24510270804__24510270805,contrastive_vae,-4295.999104567261
24510270804__24510271200,contrastive_vae,-3745.459508999058
24510270805__24510271002,contrastive_vae,-7140.519907744139
24510270805__24510271200,contrastive_vae,8523.54722008267
24510270901__24510270902,contrastive_vae,-8640.14223489993
24510270901__24510270903,contrastive_vae,2783.7290434818806
24510270901__24510271002,contrastive_vae,1096.0730796686967
24510270902__24510270903,contrastive_vae,-6800.993937345496
24510270903__24510271001,contrastive_vae,1788.0927248709158
24510271001__24510271002,contrastive_vae,4737.027228258896
24510271001__24510271102,contrastive_vae,7134.656702047778
24510271002__24510271101,contrastive_vae,6279.8205205714385
24510271002__24510271200,contrastive_vae,1241.5215284080423
24510271101__24510271102,contrastive_vae,-12472.859044622877
24510271101__24510271200,contrastive_vae,-6253.209886653902
24510271102__24510271200,contrastive_vae,-2127.063143694504
24510271102__24510271400,contrastive_vae,-3108.295553992066
24510271200__24510271300,contrastive_vae,-5098.199754815978
24510271300__24510271400,contrastive_vae,-12011.4155302129
24510271300__24510271501,contrastive_vae,4817.095902598714
24510271300__24510271503,contrastive_vae,-2291.8294388541362
24510271400__24510271503,contrastive_vae,-6212.827774879635
24510271501__24510271503,contrastive_vae,-2164.564085614842
24510271501__24510271700,contrastive_vae,-3900.3826117816097
24510271501__24510271900,contrastive_vae,2020.1827685211974
24510271501__24510272003,contrastive_vae,-3508.0310389441856
24510271600__24510271700,contrastive_vae,-757.8430712664886
24510271700__24510271801,contrastive_vae,5329.70405894483
24510271700__24510271802,contrastive_vae,5260.702456770487
24510271700__24510271900,contrastive_vae,-7912.405578110258
24510271801__24510271802,contrastive_vae,-7585.731327808891
24510271801__24510271900,contrastive_vae,-5608.894887902301
24510271801__24510280101,contrastive_vae,2325.003501830588
24510271802__24510280101,contrastive_vae,-716.3726018340531
24510271900__24510272003,contrastive_vae,-5705.311315622246
24510271900__24510272006,contrastive_vae,312.1808992540082
24510271900__24510280101,contrastive_vae,-8245.015327093719
24510272003__24510272004,contrastive_vae,-9897.364366001097
24510272003__24510272005,contrastive_vae,-1367.39887164217
24510272003__24510272006,contrastive_vae,-9954.92798402875
24510272004__24510272005,contrastive_vae,-10066.19628581723
24510272005__24510272007,contrastive_vae,-13516.062103372715
24510272006__24510272007,contrastive_vae,9211.460103488582
24510272006__24510280101,contrastive_vae,7009.2711410258125
24510272007__24510280101,contrastive_vae,1580.1408306114863
24510280101__24510280102,contrastive_vae,-12109.920970227824
24510280102__24510280200,contrastive_vae,-8554.927060685186
24510280200__24510280301,contrastive_vae,-149.56759777415573
24510280200__24510280302,contrastive_vae,-4459.48863600786
24510280301__24510280401,contrastive_vae,6321.970047721174
24510280401__24510280402,contrastive_vae,-8262.040140285804
24510280401__24510280403,contrastive_vae,4854.842991466619
24510280401__24510280404,contrastive_vae,2615.097142895429
24510280403__24510280404,contrastive_vae,4928.075788878028
51013100300__51059470100,contrastive_vae,-2068.9126674375
51059470100__51059480100,contrastive_vae,-5254.419781286531
51107610101__51107610102,contrastive_vae,-3745.5046817710117
