value,count
140003618,74
140058990,55
170100443,53
170007850,48
170025744,47
140016106,45
180056429,45
140039691,44
170050695,44
170006186,43
180017814,43
180254474,43
140016742,42
180071032,42
140052915,41
180072357,41
180093381,41
170070423,40
180027185,40
180166219,40
140010127,39
140022995,39
170048812,39
180130514,39
140058296,38
180064231,38
180143194,38
180174082,38
140052722,37
170009634,37
170060933,37
180101345,37
180166908,37
180197687,37
140033585,36
170027860,36
170039566,36
170090843,36
180009320,36
180126396,36
180191594,36
140029422,35
140038820,35
170003359,35
180004278,35
180164127,35
140001818,34
140016514,34
140024870,34
140030224,34
170063409,34
170068560,34
170080180,34
170081867,34
180008743,34
180011055,34
180029668,34
180040494,34
180105467,34
180185635,34
140007310,33
140013840,33
140026954,33
140040247,33
140059743,33
170000371,33
170029084,33
170057538,33
170094831,33
170103732,33
180036352,33
180176427,33
180252243,33
140006299,32
140009376,32
140053131,32
140061168,32
170019100,32
170036768,32
180032171,32
180075674,32
180193783,32
180195727,32
180202931,32
140024547,31
140025190,31
140027471,31
140058336,31
170041981,31
170045403,31
170084002,31
170085625,31
180044897,31
180067294,31
180164431,31
140000671,30
140022074,30
140027278,30
140027443,30
140037691,30
140064282,30
170001994,30
170018456,30
170019262,30
170033133,30
170078464,30
170093611,30
180027731,30
180030273,30
180033153,30
180054296,30
180060268,30
180072096,30
180102980,30
180113804,30
180146254,30
180156615,30
180168287,30
180174283,30
140002988,29
140006271,29
140013149,29
140017031,29
140020410,29
140063169,29
170007821,29
170008944,29
170016199,29
170018904,29
170020252,29
170023024,29
170028598,29
170029033,29
170040726,29
170044989,29
170052152,29
170086123,29
170087931,29
170096644,29
170102523,29
180005762,29
180123331,29
180138941,29
180172816,29
180173909,29
180250971,29
140000646,28
140007486,28
140010995,28
140023551,28
140024632,28
140036097,28
140036762,28
140039919,28
140061751,28
170002940,28
170003779,28
170008092,28
170017004,28
170023113,28
170030612,28
170034069,28
170043890,28
170069818,28
170095440,28
170100576,28
170106444,28
170106965,28
180003195,28
180005276,28
180007664,28
180066936,28
180069851,28
180095955,28
180137494,28
180200053,28
180232739,28
180236932,28
180247546,28
180247587,28
140013213,27
140013982,27
140018845,27
140029279,27
140033263,27
140035537,27
140035685,27
140040487,27
140051670,27
140056134,27
140061237,27
140063551,27
140065262,27
140065865,27
140074745,27
170002232,27
170008423,27
170014881,27
170036428,27
170093318,27
170098803,27
180009220,27
180009522,27
180011703,27
180016590,27
180034539,27
180045124,27
180057194,27
180089193,27
180145893,27
180151116,27
180157887,27
180228708,27
180233615,27
180240067,27
140000393,26
140010292,26
140012584,26
140012740,26
140012842,26
140013516,26
140014043,26
140014295,26
140015695,26
140020860,26
140024166,26
140026396,26
140030997,26
140033598,26
140035315,26
140040309,26
140051710,26
140064884,26
170014721,26
170017226,26
170020350,26
170031714,26
170053161,26
170069457,26
170073752,26
170090445,26
170110400,26
180014346,26
180015604,26
180048687,26
180056357,26
180057734,26
180059015,26
180069816,26
180104446,26
180115326,26
180129591,26
180141189,26
180164614,26
180173946,26
180181131,26
180194869,26
180195339,26
180223805,26
180224786,26
140000071,25
140006473,25
140012793,25
140012987,25
140014008,25
140025671,25
140026010,25
140028398,25
140028421,25
140041813,25
140050856,25
140050886,25
140056221,25
140060981,25
140062432,25
170003449,25
170012491,25
170030926,25
170031231,25
170033489,25
170074369,25
170089654,25
170091086,25
170100858,25
170109659,25
180031786,25
180039514,25
180047014,25
180047348,25
180054762,25
180057676,25
180067400,25
180075200,25
180109903,25
180119363,25
180127153,25
180149613,25
180160526,25
180172391,25
180181555,25
180187088,25
180187627,25
180224273,25
180244784,25
140004558,24
140008061,24
140008840,24
140014000,24
140014439,24
140015815,24
140016768,24
140025531,24
140027775,24
140032026,24
140033374,24
140035195,24
140037140,24
140039547,24
140050575,24
140052328,24
140052419,24
140055431,24
140063613,24
170003477,24
170005694,24
170010825,24
170012507,24
170024129,24
170034268,24
170039165,24
170041063,24
170043276,24
170046222,24
170046312,24
170046551,24
170053726,24
170058391,24
170061566,24
170069554,24
170072896,24
170088756,24
170091111,24
170110592,24
180012633,24
180019799,24
180020803,24
180024428,24
180029501,24
180029655,24
180044941,24
180049713,24
180051271,24
180051504,24
180063813,24
180067157,24
180073403,24
180075956,24
180102817,24
180105357,24
180108776,24
180116426,24
180142905,24
180160900,24
180190863,24
180203300,24
180206121,24
180206707,24
180206919,24
180210038,24
180211278,24
180218481,24
180222715,24
180223589,24
140000326,23
140002459,23
140008282,23
140009207,23
140014145,23
140014254,23
140024155,23
140024512,23
140028584,23
140031437,23
140050896,23
170003665,23
170006726,23
170008386,23
170016683,23
170037797,23
170046237,23
170047698,23
170054133,23
170060283,23
170087240,23
170089238,23
170100113,23
170104761,23
170110780,23
180000740,23
180005066,23
180006492,23
180019357,23
180020035,23
180026302,23
180039583,23
180040468,23
180071754,23
180105838,23
180109909,23
180116386,23
180123533,23
180143948,23
180149749,23
180153944,23
180156439,23
180169856,23
180182216,23
180182339,23
180183349,23
180185779,23
180194793,23
180195479,23
180201718,23
180203209,23
180213174,23
180222798,23
180225416,23
140000966,22
140001111,22
140002035,22
140002062,22
140005885,22
140006039,22
140007073,22
140009253,22
140012021,22
140025798,22
140026031,22
140026701,22
140027288,22
140029206,22
140032822,22
140033345,22
140036783,22
140037878,22
140038156,22
140039396,22
140063445,22
140065404,22
170002565,22
170003045,22
170004038,22
170010609,22
170010846,22
170018844,22
170028483,22
170031603,22
170031805,22
170031877,22
170035949,22
170036912,22
170038836,22
170046029,22
170050285,22
170053685,22
170053901,22
170057039,22
170063518,22
170064743,22
170068395,22
170077814,22
170095372,22
170104735,22
170108711,22
180012906,22
180014315,22
180022294,22
180022579,22
180055084,22
180055158,22
180062685,22
180064557,22
180064974,22
180071390,22
180075847,22
180075930,22
180085057,22
180091849,22
180092533,22
180097028,22
180103929,22
180111744,22
180116685,22
180118018,22
180120128,22
180121384,22
180128154,22
180147000,22
180151829,22
180152191,22
180162197,22
180166639,22
180167388,22
180169527,22
180214104,22
180220524,22
180222534,22
180223885,22
180224641,22
180231032,22
180236993,22
180248049,22
140001331,21
140001490,21
140002885,21
140010827,21
140012113,21
140013901,21
140015408,21
140015982,21
140018066,21
140018120,21
140018829,21
140022833,21
140023503,21
140025360,21
140025811,21
140026145,21
140027033,21
140028073,21
140028966,21
140029163,21
140035474,21
140040167,21
140054897,21
140056790,21
140058051,21
140061905,21
140063544,21
140063567,21
140064771,21
140074127,21
170002624,21
170005679,21
170006658,21
170009153,21
170021906,21
170026425,21
170026822,21
170031710,21
170035891,21
170036652,21
170040204,21
170045309,21
170045367,21
170048395,21
170051950,21
170051980,21
170053886,21
170062038,21
170062551,21
170065704,21
170068331,21
170070904,21
170072366,21
170081206,21
170084709,21
170090944,21
170091992,21
170094190,21
170095591,21
170101263,21
170106759,21
170107386,21
180001835,21
180007395,21
180037044,21
180042497,21
180043180,21
180052457,21
180067553,21
180067880,21
180072067,21
180073553,21
180080454,21
180087820,21
180087867,21
180091506,21
180092791,21
180100724,21
180103844,21
180105593,21
180123506,21
180136943,21
180139013,21
180139581,21
180153002,21
180174412,21
180181917,21
180190995,21
180193108,21
180203133,21
180206188,21
180211333,21
180228005,21
180228137,21
180232056,21
180247435,21
180248309,21
140000692,20
140001573,20
140001943,20
140003577,20
140003990,20
140004659,20
140005689,20
140006110,20
140006134,20
140010282,20
140011021,20
140011033,20
140011400,20
140011706,20
140014064,20
140015788,20
140016140,20
140021528,20
140024236,20
140024390,20
140025275,20
140026724,20
140027130,20
140028150,20
140028906,20
140030644,20
140033270,20
140036729,20
140037519,20
140037960,20
140038872,20
140039334,20
140041527,20
140041534,20
140054583,20
140057577,20
140061946,20
140062303,20
140062671,20
140063062,20
140064429,20
170003814,20
170007311,20
170008223,20
170009033,20
170011943,20
170018759,20
170019434,20
170020619,20
170026745,20
170027400,20
170031394,20
170034134,20
170042396,20
170042812,20
170045381,20
170045518,20
170063005,20
170064141,20
170064467,20
170078252,20
170078518,20
170085985,20
170090537,20
170091492,20
170093358,20
170094772,20
170096199,20
170098052,20
170098121,20
170102496,20
170103264,20
170109720,20
170110330,20
180001052,20
180001233,20
180004613,20
180012094,20
180014153,20
180016091,20
180019247,20
180025501,20
180025702,20
180029375,20
180029968,20
180031829,20
180033191,20
180039760,20
180040062,20
180043512,20
180046006,20
180047936,20
180050223,20
180050511,20
180055276,20
180055883,20
180057157,20
180058182,20
180060567,20
180061775,20
180071456,20
180074852,20
180076274,20
180081466,20
180081954,20
180082990,20
180086494,20
180086984,20
180090308,20
180093013,20
180094876,20
180097045,20
180097637,20
180103831,20
180108838,20
180116851,20
180119419,20
180121482,20
180123498,20
180123885,20
180140034,20
180143282,20
180144190,20
180147570,20
180151297,20
180151899,20
180154996,20
180156815,20
180161137,20
180172402,20
180175899,20
180177419,20
180180791,20
180183638,20
180184856,20
180190767,20
180198325,20
180203002,20
180208373,20
180215108,20
180215156,20
180227862,20
180244932,20
180245505,20
180247506,20
180252614,20
180253620,20
180255085,20
140001585,19
140003658,19
140003985,19
140004504,19
140006506,19
140008553,19
140008907,19
140009221,19
140010070,19
140010902,19
140014422,19
140014632,19
140014737,19
140015123,19
140015999,19
140016694,19
140019243,19
140021141,19
140026241,19
140027331,19
140027707,19
140027811,19
140028013,19
140028219,19
140028419,19
140029109,19
140030324,19
140032400,19
140035308,19
140036000,19
140037734,19
140037998,19
140038681,19
140039392,19
140040128,19
140040373,19
140040440,19
140040822,19
140041471,19
140041596,19
140050357,19
140052779,19
140058090,19
140060996,19
140062280,19
140064431,19
140065286,19
140065949,19
140066157,19
140066402,19
170000832,19
170002977,19
170006342,19
170008472,19
170013766,19
170015139,19
170015178,19
170015420,19
170018657,19
170020506,19
170020524,19
170024317,19
170025097,19
170026919,19
170027942,19
170031383,19
170032372,19
170035196,19
170036400,19
170040280,19
170043010,19
170058324,19
170058970,19
170060667,19
170060909,19
170068895,19
170069083,19
170070795,19
170072934,19
170075357,19
170075862,19
170079056,19
170081748,19
170085714,19
170092254,19
170093975,19
170095022,19
170096266,19
170097853,19
170098047,19
170099763,19
170103701,19
170108836,19
180006916,19
180009085,19
180032328,19
180032986,19
180034608,19
180037986,19
180043936,19
180048112,19
180050770,19
180051576,19
180056615,19
180058949,19
180063007,19
180065610,19
180072949,19
180077004,19
180080681,19
180081751,19
180081985,19
180083746,19
180084233,19
180086747,19
180087282,19
180088978,19
180100171,19
180100220,19
180103781,19
180106937,19
180118467,19
180125826,19
180128939,19
180134818,19
180137769,19
180137966,19
180145467,19
180149699,19
180157219,19
180170168,19
180179663,19
180180652,19
180182132,19
180182398,19
180185741,19
180186133,19
180190419,19
180191659,19
180194385,19
180200207,19
180201212,19
180202970,19
180203771,19
180206270,19
180207298,19
180208710,19
180210123,19
180210361,19
180215863,19
180218403,19
180223800,19
180227543,19
180227569,19
180233494,19
180234680,19
180244134,19
140000767,18
140001778,18
140001934,18
140001944,18
140003050,18
140003927,18
140004086,18
140005196,18
140008537,18
140009899,18
140010837,18
140010953,18
140012139,18
140012996,18
140013118,18
140014346,18
140014399,18
140014440,18
140015287,18
140016010,18
140016699,18
140016821,18
140016922,18
140017913,18
140018863,18
140019451,18
140020661,18
140021006,18
140022776,18
140022789,18
140023567,18
140025285,18
140026068,18
140026562,18
140027287,18
140028373,18
140028732,18
140028863,18
140029241,18
140029293,18
140033257,18
140036151,18
140036505,18
140036961,18
140038419,18
140038905,18
140039333,18
140040065,18
140040074,18
140040858,18
140041022,18
140041494,18
140041903,18
140050926,18
140056966,18
140058468,18
140058975,18
140059297,18
140059575,18
140059745,18
140062565,18
140062738,18
140064213,18
140064252,18
140064259,18
140067714,18
140074739,18
140075091,18
170001184,18
170001627,18
170005509,18
170006087,18
170007893,18
170008564,18
170009566,18
170010252,18
170014210,18
170015901,18
170018847,18
170019800,18
170020287,18
170020745,18
170021214,18
170022768,18
170023062,18
170026641,18
170027327,18
170028960,18
170029945,18
170031393,18
170031622,18
170033043,18
170035160,18
170035676,18
170036201,18
170039911,18
170040885,18
170041221,18
170043156,18
170049542,18
170057229,18
170060297,18
170062483,18
170062987,18
170063430,18
170063859,18
170064223,18
170066062,18
170068103,18
170068282,18
170070291,18
170072593,18
170073559,18
170074044,18
170074486,18
170075398,18
170076784,18
170080163,18
170080740,18
170086825,18
170089286,18
170090082,18
170091045,18
170091811,18
170092004,18
170095473,18
170096695,18
170108117,18
170109405,18
170109535,18
170110427,18
170111232,18
180015082,18
180018246,18
180018886,18
180019634,18
180019775,18
180021175,18
180022445,18
180025156,18
180027437,18
180033592,18
180040580,18
180042736,18
180045512,18
180053823,18
180055466,18
180057139,18
180060528,18
180064757,18
180066045,18
180067140,18
180068814,18
180071308,18
180072943,18
180076366,18
180077973,18
180083314,18
180084710,18
180085586,18
180088288,18
180089803,18
180094000,18
180099377,18
180100845,18
180103803,18
180111522,18
180117681,18
180123202,18
180124858,18
180125856,18
180129009,18
180129443,18
180130034,18
180132082,18
180132090,18
180132166,18
180133832,18
180138660,18
180142122,18
180144503,18
180145961,18
180146699,18
180147081,18
180150384,18
180153264,18
180154770,18
180154863,18
180156103,18
180156979,18
180162207,18
180165813,18
180167722,18
180169726,18
180171610,18
180173168,18
180177660,18
180179983,18
180181027,18
180183901,18
180196052,18
180200667,18
180201450,18
180203122,18
180204941,18
180211832,18
180214578,18
180214748,18
180217777,18
180218172,18
180218362,18
180219272,18
180219991,18
180221085,18
180222567,18
180223566,18
180223969,18
180225015,18
180228373,18
180229150,18
180232986,18
180234887,18
180235411,18
180240132,18
180244528,18
180247102,18
180247708,18
180249838,18
180250893,18
140001645,17
140001859,17
140002302,17
140003545,17
140004178,17
140005991,17
140007242,17
140007352,17
140009640,17
140010632,17
140010952,17
140011481,17
140012984,17
140013039,17
140015827,17
140016067,17
140017056,17
140023055,17
140024317,17
140025667,17
140026024,17
140026158,17
140027927,17
140028191,17
140028324,17
140028985,17
140029230,17
140031098,17
140031123,17
140031179,17
140031208,17
140033690,17
140035531,17
140037064,17
140037903,17
140050813,17
140052790,17
140054224,17
140059376,17
140061333,17
140061409,17
140062833,17
140063556,17
140063796,17
140066321,17
140066325,17
140066586,17
140066643,17
140067350,17
140069066,17
140071185,17
140073703,17
140074052,17
140074642,17
140074658,17
140075348,17
170000537,17
170001021,17
170001622,17
170010562,17
170016323,17
170017961,17
170018520,17
170018717,17
170023557,17
170023913,17
170027437,17
170027482,17
170031379,17
170032725,17
170032870,17
170033497,17
170036452,17
170037486,17
170039285,17
170041485,17
170041631,17
170041638,17
170042050,17
170042374,17
170043743,17
170046543,17
170047089,17
170049160,17
170050977,17
170053141,17
170053401,17
170055715,17
170056594,17
170061602,17
170062711,17
170067894,17
170069035,17
170073392,17
170076661,17
170079852,17
170080482,17
170089120,17
170089741,17
170092872,17
170093133,17
170094185,17
170096296,17
170097076,17
170097859,17
170098853,17
170099478,17
170099937,17
170100334,17
170100939,17
170103398,17
170104556,17
170106768,17
180000150,17
180001767,17
180001777,17
180003539,17
180005938,17
180006849,17
180007865,17
180012010,17
180014329,17
180026951,17
180028375,17
180028952,17
180030671,17
180030950,17
180031709,17
180036314,17
180038334,17
180038796,17
180041179,17
180042534,17
180042835,17
180043304,17
180043308,17
180043615,17
180044287,17
180047224,17
180052946,17
180056057,17
180057168,17
180059932,17
180065292,17
180068049,17
180068950,17
180068961,17
180071896,17
180074251,17
180075707,17
180077273,17
180083999,17
180087636,17
180093986,17
180099307,17
180101291,17
180102557,17
180103538,17
180103909,17
180109155,17
180110362,17
180111321,17
180112742,17
180112967,17
180117875,17
180118375,17
180119005,17
180119800,17
180122003,17
180122405,17
180127515,17
180127796,17
180130636,17
180130641,17
180134562,17
180134570,17
180136930,17
180137919,17
180143421,17
180147783,17
180148344,17
180152068,17
180154559,17
180157541,17
180159047,17
180159498,17
180162358,17
180165503,17
180167740,17
180171162,17
180171798,17
180171999,17
180172061,17
180178111,17
180178636,17
180184686,17
180184961,17
180186019,17
180190288,17
180192632,17
180199313,17
180201237,17
180201889,17
180204576,17
180205798,17
180207895,17
180209813,17
180211332,17
180212082,17
180214165,17
180219891,17
180220024,17
180220314,17
180220857,17
180222205,17
180223338,17
180224106,17
180227575,17
180228003,17
180228547,17
180232627,17
180234255,17
180241858,17
180243845,17
180246276,17
180247846,17
180254133,17
180255582,17
180256422,17
140001152,16
140001829,16
140001893,16
140003799,16
140004089,16
140004643,16
140005529,16
140006180,16
140006904,16
140008938,16
140009392,16
140009638,16
140010279,16
140010524,16
140010822,16
140011024,16
140011173,16
140011205,16
140011267,16
140011313,16
140011419,16
140011716,16
140011729,16
140011874,16
140012684,16
140012889,16
140012990,16
140013038,16
140014059,16
140014103,16
140014147,16
140014752,16
140014780,16
140014967,16
140015030,16
140015401,16
140016292,16
140016540,16
140016832,16
140016852,16
140017208,16
140018144,16
140019596,16
140020883,16
140021038,16
140022474,16
140022729,16
140023639,16
140023672,16
140023966,16
140024290,16
140024376,16
140025311,16
140025961,16
140026092,16
140026143,16
140026635,16
140026694,16
140026804,16
140026989,16
140027281,16
140027365,16
140027577,16
140027681,16
140027716,16
140028063,16
140028846,16
140028989,16
140029003,16
140031086,16
140031146,16
140031549,16
140035317,16
140036357,16
140036834,16
140037413,16
140037981,16
140038252,16
140038367,16
140038550,16
140040175,16
140041231,16
140050347,16
140053637,16
140053993,16
140054038,16
140055449,16
140056196,16
140057140,16
140058261,16
140058288,16
140058604,16
140058643,16
140059180,16
140059732,16
140060530,16
140061656,16
140063390,16
140063887,16
140064147,16
140064483,16
140064914,16
140065006,16
140065318,16
140065616,16
140066650,16
140066718,16
140070029,16
140070632,16
140071112,16
140071210,16
140073225,16
140073900,16
140073975,16
140074797,16
140075370,16
170001079,16
170001967,16
170008032,16
170009403,16
170010782,16
170011653,16
170011750,16
170011847,16
170011932,16
170011999,16
170012169,16
170013202,16
170015312,16
170016348,16
170017726,16
170019593,16
170022134,16
170027145,16
170028155,16
170030032,16
170030754,16
170032006,16
170032217,16
170032247,16
170032703,16
170033097,16
170035633,16
170035968,16
170036470,16
170037043,16
170037186,16
170038689,16
170040708,16
170041068,16
170041182,16
170044004,16
170044192,16
170044370,16
170045559,16
170046530,16
170047842,16
170048952,16
170049197,16
170049659,16
170049739,16
170051081,16
170051094,16
170051807,16
170052835,16
170053923,16
170055697,16
170059187,16
170060330,16
170062510,16
170066024,16
170068691,16
170069732,16
170069908,16
170071114,16
170074981,16
170075353,16
170077116,16
170079049,16
170082508,16
170084446,16
170084677,16
170087122,16
170087583,16
170087733,16
170089665,16
170090214,16
170094359,16
170094548,16
170094597,16
170096443,16
170096794,16
170097701,16
170101534,16
170104249,16
170105033,16
170105292,16
170106215,16
170106673,16
170106837,16
170108570,16
170110291,16
170111035,16
180000454,16
180001557,16
180002000,16
180005863,16
180014140,16
180020912,16
180022878,16
180024245,16
180030101,16
180032287,16
180032912,16
180035854,16
180036669,16
180042632,16
180048471,16
180054885,16
180059450,16
180060277,16
180063194,16
180063423,16
180064055,16
180065513,16
180065614,16
180065688,16
180066242,16
180066897,16
180067763,16
180069903,16
180075948,16
180076618,16
180078452,16
180079479,16
180083260,16
180083320,16
180084922,16
180088582,16
180089252,16
180091985,16
180092284,16
180096956,16
180097013,16
180099868,16
180100000,16
180100404,16
180100521,16
180103152,16
180108404,16
180110897,16
180111507,16
180113555,16
180114551,16
180115100,16
180116657,16
180117166,16
180117664,16
180122303,16
180122821,16
180122834,16
180123017,16
180124489,16
180125809,16
180129023,16
180130237,16
180132987,16
180133215,16
180136455,16
180136683,16
180137625,16
180138974,16
180139159,16
180139930,16
180140712,16
180141130,16
180141705,16
180142909,16
180146413,16
180147834,16
180150937,16
180151418,16
180151595,16
180154202,16
180154551,16
180156826,16
180157442,16
180158700,16
180162755,16
180165716,16
180166134,16
180166785,16
180170354,16
180171709,16
180173079,16
180173944,16
180177296,16
180179169,16
180183906,16
180188057,16
180188059,16
180190236,16
180190370,16
180190666,16
180192238,16
180192510,16
180194837,16
180195359,16
180196236,16
180198994,16
180199224,16
180200578,16
180203731,16
180203751,16
180205087,16
180209056,16
180210735,16
180211565,16
180212270,16
180212448,16
180213760,16
180215759,16
180217715,16
180219225,16
180220867,16
180222816,16
180222844,16
180224884,16
180228865,16
180229230,16
180230293,16
180232580,16
180233027,16
180235290,16
180236872,16
180240878,16
180243896,16
180250698,16
180251645,16
180251963,16
180252661,16
180254256,16
180254503,16
140000365,15
140001801,15
140001865,15
140002465,15
140002696,15
140002763,15
140003787,15
140004075,15
140005503,15
140005704,15
140006325,15
140008898,15
140009266,15
140009722,15
140009934,15
140010002,15
140010389,15
140012982,15
140013155,15
140014036,15
140014609,15
140014813,15
140015044,15
140015722,15
140015833,15
140016153,15
140017432,15
140017659,15
140018354,15
140019139,15
140019421,15
140020562,15
140022746,15
140023752,15
140024629,15
140024635,15
140025057,15
140025252,15
140025665,15
140025893,15
140026007,15
140026238,15
140026770,15
140026834,15
140027225,15
140027396,15
140027900,15
140028399,15
140029095,15
140029267,15
140030553,15
140031177,15
140031250,15
140031287,15
140031987,15
140032461,15
140032767,15
140033191,15
140034988,15
140037699,15
140038281,15
140038565,15
140039135,15
140039793,15
140040116,15
140040315,15
140041679,15
140041872,15
140041933,15
140050645,15
140051497,15
140052257,15
140052333,15
140052436,15
140055212,15
140056123,15
140058011,15
140058176,15
140058460,15
140058480,15
140058534,15
140059829,15
140060536,15
140061371,15
140061465,15
140062163,15
140062179,15
140062586,15
140062845,15
140063013,15
140063443,15
140063533,15
140064430,15
140066009,15
140066715,15
140072897,15
140074702,15
140074756,15
140075687,15
170000714,15
170006845,15
170007314,15
170007507,15
170009241,15
170009458,15
170010306,15
170012615,15
170012625,15
170013493,15
170013512,15
170015662,15
170017298,15
170019314,15
170019367,15
170019378,15
170019558,15
170020010,15
170021787,15
170024049,15
170024481,15
170026300,15
170026648,15
170027324,15
170028168,15
170029323,15
170030862,15
170030968,15
170032090,15
170033073,15
170034191,15
170035330,15
170035439,15
170036334,15
170040194,15
170040660,15
170041006,15
170044674,15
170046055,15
170050209,15
170050396,15
170051247,15
170051441,15
170053983,15
170053984,15
170055072,15
170060365,15
170062064,15
170063099,15
170063595,15
170063847,15
170064164,15
170068841,15
170068971,15
170070197,15
170070760,15
170071220,15
170072155,15
170072807,15
170072832,15
170072865,15
170078565,15
170078786,15
170079290,15
170080077,15
170081059,15
170081085,15
170081248,15
170081515,15
170082049,15
170082065,15
170082323,15
170084563,15
170087902,15
170088070,15
170088880,15
170089935,15
170090184,15
170092905,15
170093023,15
170096619,15
170097451,15
170097584,15
170098315,15
170103185,15
170105927,15
170106048,15
170106885,15
170108096,15
170108532,15
170109549,15
170110827,15
170110874,15
170111285,15
180000692,15
180004664,15
180005291,15
180006379,15
180006871,15
180006921,15
180010723,15
180014636,15
180015472,15
180018884,15
180020798,15
180021046,15
180022062,15
180022655,15
180023023,15
180025197,15
180026108,15
180029919,15
180031353,15
180031817,15
180033782,15
180036005,15
180037944,15
180038470,15
180039588,15
180040989,15
180041542,15
180043635,15
180045742,15
180045963,15
180046404,15
180047806,15
180048110,15
180048432,15
180050884,15
180051124,15
180056754,15
180062934,15
180066373,15
180067706,15
180070146,15
180073934,15
180074618,15
180076526,15
180079044,15
180079577,15
180081311,15
180081909,15
180082376,15
180085424,15
180085713,15
180090461,15
180091523,15
180093411,15
180093575,15
180094540,15
180095295,15
180098063,15
180099456,15
180099704,15
180099728,15
180100328,15
180102591,15
180102780,15
180106963,15
180112929,15
180113521,15
180114443,15
180116909,15
180119181,15
180122822,15
180123122,15
180123934,15
180125061,15
180127290,15
180130798,15
180131709,15
180131997,15
180134874,15
180135262,15
180138347,15
180141352,15
180142845,15
180143073,15
180144483,15
180145106,15
180145953,15
180149531,15
180149566,15
180151916,15
180152377,15
180153098,15
180153972,15
180158513,15
180161304,15
180163665,15
180164256,15
180165407,15
180166096,15
180169405,15
180171833,15
180176552,15
180179003,15
180179229,15
180179723,15
180179969,15
180181272,15
180182569,15
180183362,15
180184119,15
180186161,15
180194946,15
180194989,15
180195450,15
180198686,15
180198774,15
180198945,15
180199192,15
180200124,15
180202881,15
180203258,15
180207985,15
180212609,15
180215236,15
180217442,15
180221579,15
180221797,15
180222902,15
180224067,15
180225852,15
180226247,15
180227120,15
180229102,15
180229250,15
180231993,15
180234268,15
180237192,15
180237273,15
180237990,15
180239834,15
180239848,15
180241920,15
180242064,15
180242545,15
180243441,15
180248785,15
180251642,15
180253014,15
180253475,15
180253601,15
140000791,14
140001135,14
140001814,14
140002347,14
140002363,14
140003370,14
140003443,14
140003562,14
140003758,14
140003863,14
140003970,14
140004746,14
140004853,14
140005022,14
140005480,14
140005568,14
140006040,14
140006451,14
140006599,14
140006996,14
140007426,14
140008071,14
140008119,14
140008564,14
140009267,14
140009645,14
140009652,14
140010196,14
140010252,14
140010257,14
140010330,14
140010546,14
140011067,14
140011279,14
140011749,14
140012327,14
140012619,14
140012943,14
140013009,14
140013064,14
140013209,14
140013575,14
140013857,14
140013992,14
140014006,14
140014007,14
140014013,14
140014280,14
140014863,14
140014945,14
140015062,14
140015334,14
140015572,14
140015578,14
140015699,14
140015773,14
140015778,14
140015842,14
140016096,14
140016424,14
140016536,14
140016849,14
140016915,14
140017010,14
140017064,14
140017066,14
140017479,14
140018045,14
140018582,14
140018795,14
140018868,14
140019901,14
140020078,14
140020136,14
140020423,14
140020587,14
140020725,14
140021220,14
140021228,14
140022444,14
140024030,14
140024988,14
140025033,14
140025353,14
140025948,14
140026114,14
140026248,14
140026827,14
140026994,14
140027434,14
140027537,14
140027542,14
140027739,14
140027807,14
140027877,14
140028212,14
140028763,14
140028855,14
140028860,14
140029052,14
140029955,14
140031150,14
140031337,14
140032872,14
140033052,14
140033594,14
140033772,14
140034941,14
140035290,14
140037086,14
140037535,14
140038203,14
140038639,14
140038884,14
140039175,14
140039395,14
140039420,14
140039490,14
140039647,14
140041034,14
140041193,14
140041870,14
140050411,14
140050803,14
140050952,14
140051535,14
140052011,14
140052324,14
140054230,14
140054846,14
140055676,14
140056417,14
140057487,14
140057571,14
140057629,14
140058519,14
140059083,14
140060842,14
140060903,14
140060930,14
140061478,14
140061576,14
140061582,14
140061886,14
140062286,14
140062672,14
140062701,14
140062883,14
140062900,14
140063159,14
140064012,14
140064672,14
140064743,14
140064746,14
140065138,14
140065284,14
140066106,14
140066287,14
140066328,14
140067120,14
140067612,14
140069520,14
140072965,14
140072989,14
140073619,14
140074659,14
140074693,14
140075521,14
170000734,14
170001617,14
170001770,14
170003945,14
170004334,14
170004905,14
170005927,14
170006524,14
170009217,14
170010499,14
170010549,14
170010587,14
170010680,14
170010935,14
170010989,14
170011056,14
170011911,14
170011919,14
170012495,14
170013411,14
170013503,14
170013597,14
170013972,14
170013978,14
170015203,14
170015631,14
170015708,14
170015936,14
170016527,14
170016946,14
170017688,14
170017762,14
170018696,14
170019765,14
170019844,14
170020855,14
170021347,14
170021870,14
170023472,14
170023633,14
170024805,14
170028612,14
170029400,14
170030992,14
170031733,14
170032802,14
170032815,14
170034129,14
170034202,14
170035263,14
170036936,14
170038514,14
170039030,14
170039267,14
170040605,14
170041425,14
170042469,14
170043292,14
170043760,14
170044425,14
170044428,14
170045183,14
170045650,14
170046522,14
170047847,14
170049645,14
170050871,14
170051078,14
170051216,14
170051828,14
170051952,14
170053817,14
170054356,14
170054683,14
170055955,14
170056145,14
170056240,14
170056783,14
170057190,14
170060961,14
170060978,14
170061710,14
170062442,14
170063057,14
170063255,14
170063453,14
170065146,14
170065806,14
170065878,14
170066318,14
170066773,14
170067871,14
170070236,14
170072071,14
170072561,14
170073164,14
170074005,14
170074343,14
170074436,14
170074622,14
170074801,14
170075308,14
170075661,14
170075806,14
170075956,14
170076269,14
170077096,14
170078239,14
170079062,14
170079346,14
170079469,14
170079595,14
170081638,14
170081892,14
170081962,14
170082799,14
170083014,14
170083142,14
170084287,14
170084484,14
170084952,14
170086859,14
170087549,14
170087740,14
170087851,14
170087944,14
170088095,14
170088475,14
170089696,14
170089814,14
170090617,14
170092941,14
170093016,14
170093247,14
170093399,14
170093900,14
170094616,14
170095258,14
170095883,14
170096042,14
170096806,14
170096863,14
170097163,14
170097501,14
170098045,14
170098090,14
170098391,14
170099956,14
170100012,14
170100100,14
170100760,14
170102703,14
170104317,14
170104651,14
170106382,14
170106400,14
170108258,14
170108687,14
170108957,14
170110374,14
170111349,14
180001815,14
180002031,14
180004515,14
180005650,14
180006853,14
180007586,14
180007717,14
180010773,14
180010930,14
180014171,14
180016247,14
180018525,14
180019764,14
180019953,14
180022620,14
180023266,14
180024696,14
180025586,14
180027127,14
180027223,14
180027428,14
180027810,14
180029416,14
180030837,14
180031366,14
180032092,14
180033466,14
180034315,14
180038684,14
180039121,14
180039502,14
180040308,14
180040335,14
180040469,14
180040499,14
180040934,14
180041174,14
180041470,14
180042117,14
180042250,14
180042372,14
180043463,14
180043722,14
180043752,14
180043903,14
180046207,14
180046300,14
180047291,14
180048978,14
180048992,14
180049508,14
180051947,14
180052326,14
180055755,14
180056758,14
180057649,14
180058055,14
180058434,14
180058826,14
180060772,14
180062209,14
180063560,14
180063942,14
180064074,14
180066988,14
180069301,14
180069598,14
180070893,14
180071250,14
180071688,14
180072685,14
180073080,14
180073916,14
180076057,14
180077382,14
180077533,14
180078609,14
180082435,14
180083764,14
180084511,14
180084606,14
180085099,14
180085232,14
180085502,14
180089290,14
180089942,14
180090108,14
180090756,14
180091407,14
180092574,14
180092841,14
180093699,14
180095339,14
180095838,14
180096752,14
180098651,14
180099499,14
180099794,14
180100717,14
180101549,14
180101732,14
180102661,14
180104957,14
180107376,14
180108465,14
180109649,14
180109871,14
180109904,14
180110324,14
180110691,14
180111997,14
180112621,14
180114384,14
180117249,14
180117662,14
180118233,14
180118561,14
180119326,14
180120131,14
180120560,14
180121902,14
180122238,14
180124018,14
180124079,14
180128239,14
180128316,14
180128477,14
180128727,14
180128825,14
180130972,14
180131166,14
180132467,14
180132958,14
180133943,14
180135457,14
180138094,14
180138949,14
180140097,14
180143076,14
180144170,14
180145777,14
180148196,14
180150221,14
180150471,14
180151001,14
180151468,14
180154600,14
180154708,14
180155444,14
180155904,14
180156662,14
180156746,14
180157843,14
180159981,14
180161230,14
180162861,14
180165787,14
180167195,14
180168010,14
180168089,14
180169110,14
180169932,14
180171099,14
180171845,14
180172714,14
180175643,14
180177742,14
180177781,14
180177923,14
180177932,14
180178803,14
180179469,14
180180527,14
180180743,14
180180933,14
180184256,14
180184991,14
180185502,14
180185636,14
180185996,14
180187138,14
180187676,14
180188501,14
180189729,14
180190677,14
180190754,14
180190875,14
180192943,14
180194399,14
180194511,14
180199508,14
180200052,14
180201215,14
180206486,14
180210933,14
180211288,14
180211578,14
180212936,14
180215597,14
180216182,14
180216870,14
180217717,14
180219924,14
180221045,14
180221959,14
180223319,14
180223948,14
180224803,14
180225727,14
180227515,14
180227861,14
180228693,14
180228811,14
180228855,14
180230707,14
180230903,14
180231805,14
180232192,14
180234267,14
180234544,14
180235376,14
180236209,14
180237540,14
180237799,14
180239787,14
180240187,14
180240833,14
180241260,14
180241429,14
180242834,14
180244399,14
180245032,14
180245171,14
180247970,14
180248729,14
180250522,14
180250647,14
180252732,14
180252895,14
180253044,14
180253149,14
180253163,14
180253740,14
180254294,14
180254810,14
180256244,14
180256684,14
140000019,13
140000316,13
140000471,13
140000535,13
140000683,13
140000886,13
140001049,13
140002440,13
140002955,13
140003569,13
140004219,13
140004311,13
140006049,13
140006298,13
140007640,13
140008805,13
140009054,13
140009164,13
140009358,13
140009705,13
140009976,13
140010186,13
140010307,13
140010424,13
140010653,13
140010981,13
140011038,13
140011139,13
140011294,13
140011430,13
140011802,13
140012230,13
140012427,13
140012586,13
140013093,13
140013160,13
140013467,13
140013576,13
140013996,13
140014016,13
140014101,13
140014111,13
140014611,13
140014852,13
140015138,13
140015644,13
140015658,13
140015702,13
140015789,13
140015964,13
140016746,13
140017105,13
140017627,13
140019492,13
140020791,13
140022275,13
140022377,13
140022441,13
140022505,13
140022688,13
140022735,13
140022956,13
140023051,13
140023112,13
140023841,13
140024690,13
140024825,13
140026146,13
140027199,13
140027223,13
140027417,13
140028428,13
140028461,13
140029319,13
140029352,13
140029390,13
140029632,13
140030423,13
140031274,13
140031865,13
140034114,13
140034702,13
140034707,13
140035306,13
140035463,13
140035533,13
140036153,13
140037497,13
140037543,13
140037732,13
140037772,13
140037901,13
140037904,13
140038762,13
140039375,13
140039427,13
140039608,13
140039626,13
140039920,13
140040112,13
140040870,13
140041117,13
140041344,13
140041732,13
140050636,13
140051178,13
140051338,13
140051802,13
140052040,13
140052351,13
140052788,13
140054037,13
140054625,13
140054685,13
140054769,13
140054925,13
140055408,13
140055877,13
140058421,13
140058517,13
140059317,13
140059937,13
140060385,13
140060685,13
140060688,13
140060867,13
140061579,13
140062696,13
140062851,13
140063110,13
140063784,13
140064295,13
140064366,13
140065328,13
140065607,13
140065781,13
140065859,13
140066870,13
140067697,13
140068211,13
140068471,13
140068706,13
140070887,13
140071140,13
140072148,13
140072771,13
140072776,13
140074174,13
170000057,13
170000671,13
170001147,13
170002023,13
170003875,13
170003891,13
170005192,13
170005306,13
170005461,13
170007329,13
170007638,13
170007775,13
170008273,13
170009275,13
170009990,13
170010584,13
170012439,13
170013298,13
170013861,13
170014094,13
170014201,13
170015064,13
170015406,13
170015507,13
170015678,13
170018204,13
170020561,13
170025577,13
170028641,13
170028730,13
170029388,13
170031258,13
170033617,13
170034029,13
170035440,13
170035761,13
170035772,13
170036867,13
170038789,13
170038883,13
170039159,13
170039208,13
170039245,13
170040228,13
170040799,13
170041010,13
170042321,13
170043668,13
170044310,13
170045137,13
170045312,13
170045635,13
170046322,13
170047806,13
170047894,13
170047990,13
170048281,13
170051607,13
170053410,13
170053714,13
170054389,13
170055338,13
170056028,13
170056827,13
170057007,13
170057475,13
170058348,13
170059051,13
170059166,13
170059938,13
170060244,13
170062343,13
170064073,13
170064796,13
170067241,13
170070778,13
170070797,13
170071361,13
170072104,13
170073831,13
170074892,13
170075705,13
170076205,13
170076785,13
170077410,13
170077648,13
170078278,13
170078513,13
170081039,13
170081793,13
170082717,13
170083656,13
170084068,13
170084224,13
170084459,13
170086635,13
170086788,13
170087382,13
170087702,13
170087988,13
170088871,13
170089129,13
170089594,13
170089650,13
170089826,13
170089911,13
170089920,13
170091082,13
170092636,13
170092760,13
170093181,13
170093234,13
170093346,13
170093787,13
170093933,13
170095980,13
170096392,13
170096533,13
170097170,13
170098648,13
170098978,13
170099344,13
170100890,13
170101378,13
170103524,13
170104685,13
170106346,13
170106504,13
170107840,13
170108733,13
170110423,13
180008147,13
180009397,13
180010413,13
180010436,13
180013088,13
180013383,13
180015540,13
180016121,13
180016259,13
180016694,13
180020740,13
180022166,13
180023484,13
180024344,13
180026103,13
180027201,13
180028245,13
180029330,13
180030681,13
180032130,13
180032736,13
180032963,13
180033017,13
180036059,13
180037071,13
180039722,13
180040052,13
180041640,13
180041642,13
180042661,13
180049988,13
180053023,13
180054534,13
180055427,13
180055653,13
180059308,13
180059694,13
180059816,13
180059858,13
180060095,13
180061717,13
180062030,13
180062748,13
180063370,13
180064246,13
180064321,13
180067182,13
180069094,13
180069830,13
180070269,13
180070308,13
180072257,13
180074683,13
180075044,13
180075326,13
180076125,13
180076597,13
180077222,13
180078133,13
180078409,13
180078641,13
180079298,13
180079657,13
180079904,13
180080889,13
180081630,13
180081889,13
180082798,13
180086093,13
180087094,13
180088038,13
180089327,13
180089853,13
180090531,13
180091128,13
180092580,13
180093517,13
180093619,13
180094454,13
180094480,13
180095240,13
180096037,13
180097643,13
180098732,13
180100003,13
180101385,13
180105041,13
180105346,13
180108726,13
180108813,13
180109129,13
180112971,13
180113871,13
180113983,13
180115672,13
180117283,13
180119429,13
180121026,13
180123400,13
180125014,13
180125560,13
180126949,13
180127407,13
180128643,13
180128817,13
180130081,13
180131616,13
180131939,13
180132449,13
180132598,13
180133461,13
180134471,13
180136426,13
180138296,13
180139084,13
180139577,13
180139822,13
180140239,13
180140773,13
180141045,13
180141487,13
180142749,13
180144775,13
180145091,13
180145576,13
180145833,13
180145899,13
180148791,13
180152981,13
180156959,13
180157012,13
180157027,13
180157971,13
180161822,13
180163474,13
180163838,13
180163883,13
180163996,13
180164444,13
180165021,13
180165352,13
180165477,13
180166795,13
180167791,13
180167847,13
180169943,13
180170462,13
180171828,13
180173882,13
180174939,13
180175195,13
180176254,13
180176608,13
180177185,13
180178568,13
180178839,13
180179864,13
180180158,13
180180191,13
180182800,13
180183277,13
180185138,13
180186970,13
180190285,13
180190591,13
180190817,13
180191150,13
180191891,13
180193701,13
180193805,13
180195302,13
180195372,13
180196896,13
180197492,13
180198224,13
180198382,13
180198659,13
180198703,13
180203283,13
180204372,13
180205049,13
180205526,13
180206033,13
180207006,13
180208380,13
180208471,13
180208894,13
180209182,13
180211791,13
180212257,13
180212919,13
180215040,13
180216961,13
180217041,13
180217127,13
180219713,13
180220436,13
180220658,13
180221464,13
180221493,13
180221839,13
180224357,13
180225473,13
180226472,13
180226550,13
180226948,13
180230366,13
180231187,13
180232093,13
180233343,13
180233656,13
180234468,13
180235792,13
180236804,13
180237237,13
180237699,13
180237933,13
180238145,13
180240002,13
180240044,13
180240673,13
180241952,13
180243457,13
180244249,13
180244553,13
180246970,13
180247423,13
180247868,13
180249483,13
180249785,13
180250278,13
180256058,13
140000169,12
140000181,12
140000309,12
140000355,12
140000367,12
140000407,12
140000566,12
140000594,12
140000658,12
140000742,12
140000757,12
140000888,12
140001444,12
140001540,12
140001832,12
140001861,12
140002811,12
140003299,12
140003980,12
140004126,12
140004159,12
140004315,12
140004496,12
140004577,12
140005411,12
140005542,12
140005691,12
140006578,12
140006635,12
140006638,12
140006709,12
140006936,12
140007343,12
140007557,12
140007969,12
140008510,12
140008643,12
140008762,12
140008819,12
140009203,12
140009208,12
140009711,12
140010121,12
140010236,12
140010264,12
140010479,12
140010495,12
140010508,12
140010560,12
140010810,12
140010982,12
140010991,12
140011114,12
140011365,12
140011548,12
140011600,12
140011644,12
140011653,12
140011721,12
140012279,12
140012291,12
140012643,12
140012826,12
140012846,12
140012888,12
140012928,12
140012969,12
140012981,12
140013021,12
140013110,12
140013277,12
140013330,12
140013384,12
140013413,12
140013471,12
140013495,12
140013823,12
140013843,12
140013915,12
140013932,12
140014039,12
140014047,12
140014058,12
140014585,12
140014991,12
140015068,12
140015107,12
140015223,12
140015622,12
140016105,12
140016302,12
140016359,12
140016740,12
140016929,12
140016982,12
140017035,12
140017096,12
140017179,12
140017197,12
140017284,12
140017511,12
140017566,12
140017645,12
140018546,12
140018896,12
140019338,12
140019991,12
140020416,12
140020581,12
140020653,12
140021770,12
140021972,12
140022091,12
140022218,12
140022520,12
140022567,12
140022611,12
140022862,12
140022990,12
140023007,12
140023075,12
140023304,12
140023605,12
140023724,12
140023766,12
140023781,12
140023786,12
140023965,12
140024010,12
140024039,12
140024261,12
140024293,12
140024310,12
140024410,12
140024452,12
140024586,12
140024700,12
140024739,12
140024879,12
140024982,12
140025223,12
140025286,12
140025320,12
140025532,12
140025875,12
140025956,12
140026276,12
140026440,12
140026463,12
140026756,12
140026850,12
140026961,12
140027168,12
140027187,12
140027337,12
140027379,12
140027388,12
140027763,12
140027765,12
140028282,12
140028377,12
140028412,12
140028789,12
140029011,12
140029169,12
140029314,12
140029412,12
140029626,12
140029996,12
140030453,12
140030463,12
140030914,12
140030939,12
140030976,12
140031039,12
140031047,12
140031114,12
140031379,12
140031781,12
140032024,12
140032989,12
140033308,12
140033524,12
140033660,12
140034442,12
140034954,12
140035109,12
140035488,12
140035746,12
140035908,12
140035954,12
140036115,12
140036131,12
140036409,12
140036739,12
140037175,12
140037232,12
140037829,12
140038006,12
140038029,12
140038405,12
140038808,12
140038861,12
140039223,12
140039247,12
140039297,12
140039326,12
140039390,12
140039451,12
140039603,12
140039750,12
140039930,12
140040107,12
140040138,12
140040438,12
140040994,12
140041517,12
140041714,12
140041915,12
140050088,12
140050467,12
140050918,12
140051810,12
140051862,12
140051957,12
140052564,12
140053100,12
140053634,12
140053850,12
140053908,12
140053910,12
140054029,12
140054195,12
140054623,12
140054873,12
140054968,12
140056013,12
140056275,12
140056308,12
140056457,12
140056615,12
140057622,12
140058097,12
140058184,12
140058310,12
140058586,12
140059092,12
140059345,12
140059682,12
140059853,12
140060039,12
140060057,12
140060208,12
140060818,12
140060896,12
140061239,12
140061477,12
140061748,12
140062287,12
140062324,12
140062588,12
140062646,12
140063042,12
140063299,12
140063369,12
140063464,12
140063703,12
140063853,12
140063980,12
140064076,12
140064206,12
140064408,12
140065140,12
140065180,12
140065512,12
140065619,12
140065871,12
140066087,12
140066255,12
140066276,12
140066799,12
140067079,12
140067135,12
140067463,12
140067639,12
140069141,12
140070064,12
140071088,12
140071197,12
140072357,12
140073374,12
140073924,12
140074581,12
140075275,12
140075639,12
140075673,12
170000199,12
170001309,12
170001632,12
170002413,12
170002468,12
170003053,12
170003952,12
170004980,12
170005201,12
170006100,12
170006722,12
170007781,12
170007810,12
170008064,12
170008660,12
170008673,12
170009594,12
170009677,12
170010372,12
170011393,12
170012189,12
170013711,12
170014938,12
170015729,12
170015957,12
170017225,12
170017322,12
170017653,12
170017715,12
170018497,12
170018797,12
170018799,12
170018891,12
170018993,12
170019029,12
170020382,12
170021105,12
170021344,12
170022152,12
170023015,12
170023402,12
170023433,12
170024333,12
170024370,12
170026209,12
170026266,12
170026369,12
170026625,12
170026929,12
170027107,12
170028618,12
170028786,12
170029036,12
170029501,12
170029860,12
170030135,12
170031610,12
170032655,12
170033657,12
170034006,12
170034281,12
170035689,12
170037222,12
170037354,12
170038711,12
170038861,12
170039129,12
170039900,12
170039971,12
170040056,12
170040572,12
170040621,12
170041171,12
170041366,12
170041733,12
170042007,12
170042099,12
170042955,12
170044066,12
170044139,12
170045990,12
170047028,12
170047692,12
170047918,12
170048161,12
170048204,12
170048421,12
170048554,12
170049079,12
170049432,12
170049538,12
170050036,12
170051856,12
170051907,12
170052646,12
170054154,12
170054597,12
170054649,12
170055137,12
170055966,12
170057458,12
170057899,12
170059389,12
170059515,12
170059875,12
170062859,12
170062938,12
170063342,12
170064645,12
170064733,12
170066093,12
170066935,12
170067969,12
170067971,12
170068797,12
170069042,12
170069664,12
170070791,12
170070965,12
170072530,12
170072556,12
170073523,12
170073543,12
170074396,12
170074656,12
170075659,12
170076119,12
170076178,12
170076849,12
170077483,12
170078525,12
170078770,12
170080071,12
170082711,12
170082900,12
170083442,12
170083505,12
170085391,12
170085464,12
170085652,12
170085749,12
170087299,12
170087401,12
170088285,12
170090334,12
170090707,12
170092513,12
170093078,12
170093150,12
170093284,12
170093580,12
170093650,12
170093793,12
170094108,12
170095286,12
170095677,12
170095693,12
170095814,12
170095969,12
170099037,12
170099279,12
170099472,12
170099565,12
170099664,12
170100645,12
170101021,12
170101488,12
170101860,12
170102054,12
170102627,12
170102683,12
170102956,12
170103454,12
170103888,12
170103982,12
170104532,12
170105863,12
170106762,12
170106803,12
170106933,12
170107866,12
170108285,12
170108610,12
170109578,12
170111722,12
180000018,12
180000224,12
180000436,12
180001210,12
180001313,12
180001666,12
180002072,12
180002715,12
180002944,12
180004728,12
180005030,12
180005092,12
180007441,12
180008335,12
180010802,12
180012270,12
180013043,12
180013404,12
180013443,12
180013514,12
180014616,12
180015727,12
180015757,12
180016759,12
180016872,12
180017565,12
180017607,12
180018273,12
180018859,12
180020014,12
180020108,12
180020115,12
180020363,12
180021049,12
180023075,12
180025265,12
180026559,12
180026635,12
180026799,12
180027883,12
180029067,12
180031897,12
180032600,12
180033978,12
180035143,12
180035658,12
180037695,12
180039361,12
180040038,12
180040160,12
180040398,12
180040617,12
180041412,12
180041674,12
180042292,12
180044951,12
180045224,12
180045301,12
180046659,12
180048605,12
180049959,12
180050024,12
180051550,12
180052798,12
180053634,12
180053895,12
180054358,12
180054840,12
180055417,12
180055476,12
180056549,12
180057234,12
180057434,12
180059764,12
180060072,12
180060527,12
180061828,12
180062653,12
180063043,12
180063238,12
180063420,12
180063690,12
180063829,12
180065110,12
180065355,12
180066915,12
180067445,12
180070679,12
180071197,12
180072540,12
180073062,12
180073684,12
180074708,12
180075130,12
180076079,12
180076144,12
180076582,12
180076765,12
180077116,12
180078402,12
180079111,12
180079884,12
180080393,12
180080453,12
180080607,12
180081752,12
180082423,12
180082660,12
180083800,12
180084235,12
180084475,12
180086117,12
180086734,12
180087144,12
180089692,12
180090219,12
180090877,12
180092103,12
180093003,12
180093212,12
180094086,12
180095375,12
180097898,12
180098682,12
180098800,12
180101015,12
180101419,12
180101515,12
180101603,12
180101675,12
180101825,12
180102033,12
180102917,12
180102963,12
180104667,12
180105950,12
180106447,12
180106870,12
180108217,12
180108932,12
180109160,12
180109522,12
180110357,12
180111101,12
180111960,12
180113355,12
180113558,12
180113706,12
180113760,12
180114378,12
180115806,12
180116655,12
180118943,12
180120874,12
180121829,12
180122849,12
180123672,12
180126549,12
180127589,12
180127781,12
180128217,12
180128909,12
180130623,12
180130628,12
180130955,12
180131254,12
180131302,12
180133682,12
180135159,12
180135902,12
180137861,12
180139321,12
180140047,12
180141946,12
180142531,12
180143870,12
180143905,12
180144477,12
180145086,12
180145151,12
180145341,12
180148048,12
180148392,12
180149153,12
180150076,12
180150192,12
180151730,12
180151806,12
180152720,12
180152983,12
180153128,12
180153263,12
180154795,12
180156512,12
180156766,12
180158427,12
180158872,12
180159202,12
180159606,12
180159797,12
180160795,12
180160841,12
180161735,12
180161976,12
180162588,12
180162888,12
180163232,12
180164726,12
180164942,12
180166039,12
180168770,12
180169387,12
180169853,12
180170076,12
180170575,12
180170895,12
180172011,12
180172501,12
180173080,12
180173851,12
180174417,12
180175077,12
180175404,12
180175463,12
180176829,12
180176979,12
180179905,12
180180715,12
180181202,12
180181240,12
180183270,12
180185277,12
180185628,12
180187793,12
180188569,12
180189268,12
180189549,12
180189635,12
180189725,12
180190346,12
180190507,12
180190603,12
180190724,12
180191894,12
180192088,12
180192681,12
180196603,12
180196757,12
180198287,12
180200096,12
180205139,12
180205677,12
180205722,12
180207266,12
180208113,12
180208752,12
180209885,12
180209964,12
180211214,12
180211237,12
180212322,12
180212628,12
180215604,12
180216513,12
180217263,12
180218489,12
180218820,12
180219236,12
180219270,12
180219292,12
180219293,12
180220515,12
180220695,12
180220877,12
180221631,12
180221677,12
180222399,12
180223021,12
180225872,12
180226044,12
180226222,12
180227256,12
180227994,12
180228973,12
180229194,12
180230654,12
180231337,12
180232589,12
180232772,12
180233253,12
180234233,12
180234707,12
180235060,12
180236077,12
180236112,12
180236940,12
180237016,12
180237508,12
180237850,12
180240739,12
180240901,12
180243046,12
180243692,12
180244704,12
180244770,12
180244953,12
180245681,12
180245742,12
180246063,12
180246500,12
180246518,12
180246556,12
180247017,12
180248871,12
180251216,12
180251576,12
180251917,12
180253793,12
180253941,12
180253967,12
180253979,12
180255240,12
180255370,12
180255492,12
180255611,12
180255619,12
180255649,12
180255685,12
180256015,12
140000198,11
140000416,11
140000450,11
140000843,11
140001629,11
140001633,11
140001737,11
140001781,11
140002135,11
140002214,11
140002391,11
140003284,11
140003345,11
140003869,11
140004062,11
140004343,11
140004886,11
140004890,11
140005114,11
140005588,11
140005833,11
140006201,11
140006232,11
140006571,11
140006665,11
140006733,11
140006767,11
140006785,11
140007142,11
140007357,11
140007779,11
140008228,11
140008508,11
140008554,11
140008890,11
140009175,11
140009369,11
140009420,11
140009833,11
140010228,11
140010309,11
140010679,11
140010682,11
140011460,11
140011782,11
140011850,11
140012536,11
140012614,11
140012655,11
140012852,11
140012872,11
140012946,11
140013646,11
140013972,11
140014063,11
140014214,11
140014259,11
140014377,11
140014602,11
140014630,11
140014844,11
140014985,11
140015117,11
140015453,11
140016386,11
140016661,11
140016851,11
140016861,11
140016866,11
140017122,11
140017430,11
140017642,11
140018922,11
140019278,11
140019608,11
140019679,11
140020269,11
140020505,11
140021371,11
140021433,11
140021726,11
140022145,11
140023032,11
140023192,11
140023280,11
140023307,11
140023440,11
140024224,11
140024298,11
140024521,11
140024940,11
140025508,11
140025817,11
140025963,11
140026072,11
140026753,11
140026767,11
140026782,11
140027456,11
140027495,11
140028228,11
140028304,11
140028560,11
140028750,11
140028964,11
140029010,11
140029139,11
140029214,11
140029306,11
140029419,11
140029554,11
140029932,11
140030473,11
140032373,11
140032861,11
140033488,11
140033589,11
140035351,11
140035438,11
140035447,11
140035549,11
140035990,11
140036187,11
140036421,11
140036650,11
140036832,11
140037291,11
140037512,11
140037523,11
140037692,11
140037957,11
140038138,11
140038929,11
140039067,11
140039831,11
140040099,11
140040479,11
140040650,11
140040734,11
140040804,11
140040806,11
140040979,11
140041014,11
140041095,11
140041152,11
140041506,11
140041557,11
140041632,11
140041825,11
140050112,11
140050251,11
140051470,11
140052181,11
140053520,11
140053653,11
140054262,11
140054525,11
140055066,11
140056007,11
140056250,11
140056625,11
140057476,11
140058278,11
140058702,11
140059106,11
140059434,11
140059466,11
140059713,11
140060203,11
140060570,11
140060611,11
140060884,11
140060977,11
140061051,11
140061187,11
140061544,11
140061877,11
140062009,11
140062192,11
140062341,11
140062348,11
140062569,11
140062574,11
140062934,11
140063674,11
140064072,11
140064218,11
140065019,11
140065803,11
140065959,11
140066159,11
140066174,11
140067691,11
140068594,11
140068724,11
140069264,11
140069366,11
140070201,11
140071065,11
140072383,11
140072949,11
140073133,11
140073865,11
140074130,11
140075284,11
140075537,11
140075773,11
170001535,11
170002186,11
170003825,11
170003924,11
170005404,11
170008096,11
170008816,11
170008912,11
170009456,11
170009983,11
170010676,11
170010889,11
170010956,11
170011201,11
170012610,11
170012633,11
170013605,11
170013768,11
170015017,11
170016427,11
170016796,11
170017792,11
170018611,11
170018777,11
170019998,11
170021272,11
170021340,11
170022795,11
170023019,11
170023070,11
170024297,11
170024729,11
170024993,11
170025067,11
170025855,11
170026430,11
170026726,11
170027360,11
170027990,11
170028032,11
170029094,11
170030708,11
170032151,11
170035018,11
170035217,11
170035281,11
170035491,11
170036157,11
170036160,11
170037373,11
170037497,11
170037626,11
170037892,11
170038227,11
170038695,11
170039340,11
170039490,11
170039655,11
170040060,11
170040079,11
170042755,11
170043393,11
170043696,11
170044803,11
170045803,11
170046089,11
170046714,11
170046759,11
170046987,11
170047850,11
170049529,11
170049544,11
170049674,11
170050263,11
170050809,11
170051063,11
170051474,11
170051986,11
170052830,11
170053115,11
170054003,11
170055223,11
170055934,11
170056105,11
170056811,11
170057550,11
170057584,11
170057786,11
170058393,11
170058960,11
170060652,11
170061430,11
170061551,11
170064462,11
170064523,11
170065423,11
170065469,11
170065629,11
170066082,11
170066433,11
170067359,11
170070119,11
170072707,11
170072828,11
170072954,11
170073210,11
170074765,11
170075571,11
170076265,11
170076506,11
170076516,11
170076685,11
170078928,11
170078942,11
170079753,11
170080549,11
170081118,11
170081205,11
170081726,11
170082955,11
170083525,11
170083739,11
170083899,11
170085057,11
170086896,11
170087104,11
170087243,11
170087586,11
170088173,11
170088635,11
170090335,11
170090402,11
170090464,11
170090797,11
170091856,11
170092137,11
170092766,11
170094651,11
170094897,11
170095469,11
170096187,11
170096308,11
170096933,11
170096954,11
170099244,11
170099584,11
170100571,11
170101044,11
170101748,11
170102175,11
170102187,11
170102226,11
170102480,11
170102850,11
170104111,11
170106492,11
170106604,11
170106905,11
170107151,11
170108603,11
170108943,11
170110045,11
170111302,11
170111541,11
180001566,11
180001902,11
180002374,11
180002378,11
180003269,11
180004291,11
180004321,11
180006707,11
180006789,11
180007466,11
180007679,11
180008430,11
180008632,11
180009205,11
180009454,11
180010739,11
180011048,11
180011607,11
180014273,11
180014642,11
180015557,11
180016084,11
180016557,11
180019682,11
180019756,11
180020442,11
180020576,11
180021885,11
180024585,11
180025761,11
180026328,11
180026521,11
180027179,11
180027313,11
180027581,11
180027627,11
180027807,11
180028999,11
180029151,11
180029793,11
180030534,11
180030563,11
180030922,11
180031381,11
180032601,11
180032829,11
180033111,11
180033204,11
180033462,11
180034249,11
180036111,11
180036153,11
180038561,11
180039069,11
180039526,11
180040279,11
180041486,11
180041872,11
180043222,11
180044250,11
180044615,11
180044858,11
180044901,11
180046163,11
180046484,11
180046571,11
180047328,11
180047439,11
180047534,11
180047672,11
180047974,11
180051852,11
180053278,11
180053711,11
180054741,11
180054890,11
180055048,11
180055149,11
180058642,11
180059739,11
180062550,11
180063919,11
180064455,11
180065251,11
180067430,11
180067448,11
180067643,11
180069829,11
180070623,11
180070764,11
180071514,11
180072542,11
180072876,11
180072954,11
180073134,11
180073990,11
180074011,11
180074282,11
180078364,11
180078548,11
180078855,11
180079046,11
180079945,11
180081081,11
180082109,11
180082235,11
180084439,11
180085855,11
180086274,11
180087149,11
180087229,11
180087489,11
180088109,11
180088132,11
180089618,11
180090784,11
180093265,11
180093624,11
180094495,11
180102654,11
180103302,11
180105127,11
180106593,11
180108302,11
180108697,11
180108733,11
180109136,11
180109670,11
180111758,11
180114166,11
180114258,11
180114478,11
180116260,11
180116407,11
180116567,11
180120249,11
180121027,11
180121305,11
180122087,11
180122168,11
180122255,11
180122898,11
180123190,11
180123587,11
180124981,11
180127861,11
180128069,11
180128170,11
180128369,11
180128430,11
180128807,11
180130800,11
180132401,11
180132676,11
180133058,11
180133205,11
180133285,11
180133874,11
180134288,11
180134842,11
180135156,11
180137386,11
180138394,11
180138999,11
180139119,11
180140437,11
180144191,11
180145099,11
180145414,11
180146472,11
180146882,11
180147189,11
180148270,11
180148298,11
180148641,11
180148827,11
180148955,11
180149737,11
180150653,11
180150714,11
180151543,11
180151676,11
180152169,11
180152385,11
180152764,11
180154897,11
180156348,11
180156920,11
180157228,11
180158771,11
180159268,11
180159361,11
180159407,11
180162176,11
180162848,11
180163229,11
180163318,11
180164172,11
180166265,11
180166607,11
180167117,11
180167658,11
180167884,11
180168883,11
180169560,11
180170461,11
180170602,11
180170910,11
180171780,11
180172256,11
180172306,11
180172376,11
180173083,11
180173540,11
180173705,11
180174358,11
180175131,11
180176544,11
180176759,11
180178097,11
180178103,11
180178459,11
180179868,11
180181239,11
180181839,11
180184506,11
180185080,11
180185352,11
180185876,11
180186268,11
180186843,11
180188737,11
180189148,11
180190150,11
180190308,11
180190878,11
180191644,11
180191944,11
180192128,11
180192352,11
180192366,11
180193245,11
180194229,11
180194259,11
180194285,11
180194782,11
180195093,11
180195935,11
180196252,11
180197699,11
180199184,11
180202117,11
180202469,11
180203921,11
180205793,11
180207246,11
180208699,11
180209049,11
180209322,11
180212123,11
180212835,11
180213677,11
180215784,11
180215899,11
180215983,11
180217743,11
180217841,11
180220180,11
180222566,11
180223283,11
180224528,11
180225072,11
180226391,11
180230631,11
180230693,11
180232186,11
180232970,11
180233745,11
180234117,11
180234568,11
180235371,11
180236924,11
180236930,11
180237159,11
180237254,11
180237378,11
180237632,11
180239777,11
180240189,11
180240923,11
180241954,11
180242110,11
180242188,11
180243767,11
180243995,11
180244640,11
180244671,11
180244996,11
180247500,11
180248315,11
180248878,11
180249573,11
180249922,11
180250849,11
180250883,11
180250954,11
180251284,11
180251843,11
180252573,11
180253018,11
180253110,11
180255861,11
180256816,11
180256875,11
140000017,10
140000054,10
140000063,10
140000166,10
140000369,10
140000612,10
140000681,10
140000832,10
140000961,10
140001426,10
140001796,10
140001800,10
140001931,10
140001933,10
140001940,10
140001972,10
140002157,10
140002204,10
140002321,10
140002378,10
140002432,10
140002444,10
140002478,10
140002566,10
140002627,10
140002774,10
140002796,10
140003187,10
140003289,10
140003523,10
140003590,10
140003655,10
140003930,10
140004008,10
140004224,10
140004371,10
140004517,10
140005151,10
140005463,10
140005589,10
140005930,10
140006064,10
140006355,10
140006576,10
140006579,10
140006683,10
140006738,10
140006869,10
140007110,10
140007737,10
140008115,10
140008126,10
140008193,10
140008561,10
140008655,10
140008899,10
140008905,10
140009188,10
140009249,10
140009261,10
140009472,10
140009568,10
140009714,10
140009962,10
140010191,10
140010218,10
140010265,10
140010300,10
140010340,10
140010487,10
140010833,10
140010959,10
140010999,10
140011018,10
140011199,10
140011223,10
140011345,10
140011498,10
140011664,10
140011775,10
140011812,10
140011851,10
140011886,10
140011981,10
140012038,10
140012043,10
140012183,10
140012398,10
140012914,10
140012972,10
140013428,10
140013542,10
140013551,10
140013654,10
140013662,10
140013894,10
140013933,10
140013987,10
140014191,10
140014287,10
140014457,10
140014840,10
140014911,10
140015120,10
140015126,10
140015166,10
140015168,10
140015171,10
140015700,10
140015806,10
140015814,10
140015859,10
140015957,10
140016009,10
140016051,10
140016059,10
140016341,10
140016372,10
140016373,10
140016376,10
140016466,10
140016624,10
140016760,10
140016914,10
140017192,10
140017193,10
140017224,10
140017342,10
140017435,10
140017444,10
140017556,10
140017871,10
140018098,10
140018407,10
140018893,10
140019202,10
140019916,10
140019923,10
140021198,10
140021679,10
140021688,10
140021967,10
140021977,10
140021988,10
140022242,10
140022601,10
140022632,10
140023223,10
140023420,10
140023525,10
140023709,10
140023908,10
140024044,10
140024255,10
140024339,10
140024459,10
140024476,10
140024510,10
140024636,10
140024749,10
140024761,10
140024767,10
140024771,10
140024974,10
140024987,10
140025187,10
140025207,10
140025687,10
140025911,10
140025912,10
140026022,10
140026034,10
140026078,10
140026099,10
140026256,10
140026311,10
140026557,10
140026844,10
140026925,10
140027020,10
140027190,10
140027232,10
140027233,10
140027256,10
140027442,10
140027694,10
140027704,10
140027764,10
140027821,10
140027824,10
140028109,10
140028537,10
140028745,10
140028771,10
140028800,10
140029097,10
140029129,10
140029539,10
140029742,10
140030440,10
140030524,10
140030572,10
140030837,10
140030851,10
140030947,10
140031030,10
140032101,10
140032289,10
140033048,10
140033644,10
140034243,10
140034423,10
140034439,10
140034489,10
140034506,10
140035282,10
140035335,10
140035419,10
140035442,10
140035522,10
140035900,10
140035995,10
140036074,10
140036348,10
140036641,10
140036855,10
140036925,10
140037501,10
140037776,10
140037788,10
140038007,10
140038020,10
140038285,10
140038402,10
140038611,10
140038757,10
140038855,10
140038910,10
140039447,10
140039943,10
140039978,10
140040284,10
140040423,10
140040429,10
140040523,10
140040606,10
140040609,10
140040613,10
140040704,10
140040785,10
140041347,10
140041423,10
140041470,10
140041630,10
140041873,10
140041921,10
140050210,10
140050553,10
140050791,10
140051002,10
140051362,10
140051793,10
140051845,10
140051849,10
140051944,10
140052043,10
140052267,10
140052418,10
140052733,10
140052794,10
140052934,10
140053169,10
140053503,10
140053615,10
140054696,10
140054745,10
140055144,10
140055388,10
140055953,10
140056025,10
140056161,10
140056391,10
140056522,10
140056639,10
140057228,10
140057464,10
140057615,10
140057770,10
140057915,10
140058082,10
140058155,10
140058214,10
140058431,10
140058959,10
140058964,10
140059022,10
140059301,10
140059349,10
140059351,10
140059371,10
140059495,10
140059550,10
140059625,10
140059811,10
140059876,10
140059893,10
140060168,10
140060815,10
140060848,10
140060985,10
140061335,10
140061823,10
140061902,10
140062398,10
140062414,10
140062510,10
140062686,10
140063129,10
140063353,10
140063403,10
140063463,10
140063528,10
140063828,10
140063955,10
140064004,10
140064046,10
140064157,10
140064311,10
140064460,10
140064626,10
140064629,10
140065177,10
140065189,10
140065336,10
140065466,10
140065620,10
140065936,10
140066388,10
140066685,10
140067323,10
140067909,10
140068286,10
140068537,10
140068552,10
140068785,10
140069415,10
140071099,10
140072892,10
140073232,10
140073333,10
140073582,10
140073842,10
140074189,10
140074740,10
140075138,10
140075624,10
170001489,10
170002009,10
170002201,10
170003430,10
170004159,10
170004347,10
170004357,10
170004410,10
170004767,10
170005087,10
170005384,10
170005609,10
170006300,10
170006809,10
170007210,10
170007679,10
170008001,10
170008252,10
170008562,10
170008937,10
170009441,10
170010637,10
170011064,10
170011263,10
170011313,10
170012162,10
170012170,10
170012440,10
170013552,10
170013639,10
170014915,10
170015450,10
170015483,10
170015607,10
170016051,10
170016973,10
170019030,10
170019785,10
170020066,10
170020088,10
170020463,10
170020826,10
170021144,10
170021835,10
170022185,10
170022549,10
170022752,10
170023297,10
170023424,10
170024995,10
170025433,10
170026270,10
170026788,10
170027177,10
170027191,10
170027300,10
170028262,10
170028493,10
170028907,10
170029232,10
170029693,10
170029999,10
170030105,10
170030823,10
170031057,10
170031129,10
170031164,10
170031961,10
170032193,10
170032960,10
170032971,10
170033401,10
170033421,10
170034257,10
170034421,10
170034495,10
170034731,10
170035081,10
170035565,10
170035663,10
170036576,10
170037192,10
170037568,10
170039104,10
170039175,10
170039193,10
170039305,10
170039621,10
170039634,10
170039827,10
170040099,10
170040263,10
170040471,10
170040528,10
170040704,10
170040822,10
170041427,10
170042175,10
170043283,10
170044099,10
170044215,10
170045088,10
170045344,10
170045447,10
170046365,10
170047164,10
170047186,10
170047219,10
170048246,10
170048290,10
170048808,10
170048980,10
170049800,10
170049863,10
170049893,10
170050090,10
170050848,10
170051024,10
170051480,10
170052793,10
170052927,10
170053214,10
170053569,10
170053647,10
170054523,10
170054632,10
170055901,10
170056163,10
170056214,10
170056407,10
170056564,10
170056847,10
170057078,10
170057391,10
170058012,10
170058068,10
170058071,10
170058247,10
170059324,10
170059894,10
170059933,10
170062067,10
170062310,10
170062705,10
170062954,10
170063048,10
170063354,10
170063677,10
170063685,10
170063871,10
170064149,10
170064241,10
170064337,10
170064415,10
170065171,10
170065237,10
170065337,10
170066319,10
170067056,10
170067142,10
170067299,10
170067767,10
170067870,10
170068245,10
170068383,10
170068547,10
170068869,10
170069089,10
170069675,10
170070086,10
170070093,10
170070189,10
170070806,10
170070949,10
170071107,10
170073221,10
170074078,10
170074264,10
170075174,10
170075320,10
170075781,10
170075820,10
170076083,10
170076111,10
170076434,10
170077051,10
170077082,10
170079451,10
170079524,10
170079571,10
170079924,10
170079926,10
170080111,10
170080125,10
170080371,10
170081398,10
170081951,10
170082409,10
170082434,10
170082724,10
170082735,10
170083658,10
170084110,10
170085084,10
170085423,10
170085470,10
170085568,10
170085588,10
170085631,10
170085752,10
170085955,10
170086062,10
170086351,10
170086846,10
170086958,10
170087824,10
170087981,10
170088072,10
170088658,10
170089036,10
170089512,10
170090273,10
170090700,10
170091022,10
170091107,10
170091287,10
170091525,10
170092053,10
170092225,10
170092584,10
170092637,10
170092773,10
170093089,10
170093262,10
170094032,10
170094236,10
170094374,10
170094939,10
170095898,10
170096058,10
170096356,10
170097161,10
170098159,10
170098194,10
170098395,10
170098551,10
170098939,10
170099986,10
170100146,10
170100185,10
170100297,10
170100561,10
170100570,10
170101004,10
170101029,10
170101207,10
170101948,10
170102799,10
170102916,10
170102961,10
170103726,10
170103756,10
170104123,10
170104170,10
170104483,10
170104517,10
170104952,10
170105137,10
170105210,10
170105661,10
170105665,10
170106252,10
170106309,10
170106711,10
170107176,10
170107903,10
170108028,10
170108409,10
170108438,10
170108895,10
170108980,10
170109322,10
170109397,10
170110751,10
170110802,10
170111084,10
170111670,10
180000487,10
180000979,10
180002312,10
180002582,10
180003232,10
180003315,10
180004141,10
180004173,10
180004741,10
180006007,10
180006172,10
180006178,10
180007384,10
180008589,10
180009278,10
180010391,10
180010604,10
180011655,10
180011939,10
180012269,10
180012845,10
180012992,10
180013545,10
180014728,10
180015855,10
180016273,10
180016500,10
180016888,10
180017017,10
180018090,10
180018468,10
180019711,10
180019784,10
180020178,10
180020748,10
180022709,10
180022841,10
180023206,10
180024457,10
180024880,10
180026641,10
180027141,10
180027336,10
180027730,10
180028125,10
180028250,10
180031157,10
180031169,10
180031451,10
180031905,10
180032338,10
180032593,10
180034855,10
180035293,10
180035422,10
180036341,10
180036408,10
180037095,10
180037589,10
180037652,10
180037987,10
180038480,10
180038531,10
180038676,10
180039138,10
180039186,10
180040016,10
180040336,10
180040416,10
180040442,10
180040551,10
180040809,10
180040828,10
180041302,10
180041408,10
180042046,10
180042241,10
180043483,10
180044363,10
180045108,10
180045456,10
180047046,10
180048274,10
180048980,10
180049226,10
180049721,10
180049921,10
180049939,10
180050021,10
180050603,10
180050996,10
180051234,10
180052518,10
180052996,10
180053259,10
180053291,10
180053479,10
180053789,10
180054383,10
180054853,10
180056538,10
180056847,10
180057226,10
180057349,10
180057627,10
180057710,10
180057721,10
180058755,10
180058916,10
180060296,10
180061131,10
180063572,10
180064179,10
180064730,10
180065526,10
180066714,10
180067039,10
180067652,10
180067814,10
180069999,10
180070007,10
180070028,10
180070411,10
180070462,10
180070552,10
180070664,10
180070837,10
180072836,10
180072961,10
180073279,10
180073409,10
180073428,10
180073521,10
180073975,10
180074066,10
180075078,10
180075171,10
180075722,10
180076001,10
180076147,10
180076468,10
180076607,10
180076737,10
180077186,10
180077579,10
180079127,10
180079486,10
180079612,10
180079956,10
180080141,10
180080199,10
180081407,10
180081431,10
180081437,10
180081832,10
180082408,10
180085206,10
180085879,10
180086862,10
180087385,10
180087910,10
180088013,10
180088482,10
180088786,10
180089132,10
180089350,10
180090251,10
180090369,10
180090510,10
180090861,10
180090947,10
180092355,10
180093050,10
180093427,10
180094420,10
180094718,10
180094844,10
180095819,10
180096714,10
180097150,10
180097243,10
180097507,10
180097631,10
180097934,10
180097956,10
180098034,10
180098318,10
180098416,10
180098919,10
180099004,10
180099325,10
180100229,10
180101077,10
180101192,10
180101436,10
180102782,10
180102941,10
180103034,10
180103559,10
180104225,10
180104732,10
180105294,10
180105768,10
180108030,10
180108208,10
180108411,10
180109022,10
180109392,10
180110093,10
180110297,10
180110456,10
180110568,10
180110956,10
180111751,10
180112710,10
180112943,10
180113036,10
180113318,10
180113494,10
180113546,10
180114582,10
180115240,10
180115246,10
180115339,10
180115491,10
180115500,10
180115886,10
180116093,10
180116824,10
180116949,10
180117416,10
180117462,10
180117533,10
180118117,10
180118221,10
180118309,10
180118633,10
180118782,10
180118815,10
180118824,10
180119052,10
180119745,10
180120345,10
180120954,10
180120962,10
180121117,10
180121523,10
180122881,10
180123092,10
180123448,10
180123733,10
180124363,10
180124546,10
180124920,10
180124960,10
180125037,10
180125412,10
180125443,10
180125689,10
180126269,10
180126370,10
180127280,10
180127636,10
180128253,10
180128336,10
180128741,10
180128972,10
180129064,10
180129169,10
180129593,10
180129643,10
180130103,10
180130241,10
180131137,10
180131381,10
180131843,10
180132106,10
180132391,10
180132466,10
180132609,10
180133091,10
180133611,10
180134521,10
180134567,10
180135750,10
180136217,10
180136708,10
180137235,10
180137486,10
180137570,10
180139272,10
180139346,10
180141548,10
180141816,10
180141951,10
180142067,10
180142771,10
180142892,10
180142897,10
180143363,10
180143823,10
180144361,10
180145115,10
180145709,10
180145770,10
180145992,10
180146671,10
180146909,10
180147266,10
180147669,10
180148675,10
180148888,10
180148967,10
180149560,10
180149617,10
180150334,10
180150655,10
180150695,10
180150790,10
180151212,10
180152823,10
180153211,10
180153393,10
180153626,10
180153693,10
180154332,10
180154448,10
180155467,10
180155502,10
180155902,10
180156734,10
180157548,10
180159574,10
180159580,10
180160118,10
180160192,10
180161479,10
180161651,10
180162463,10
180162571,10
180162784,10
180162808,10
180163147,10
180165270,10
180165395,10
180166136,10
180167000,10
180167145,10
180167371,10
180167765,10
180167929,10
180167993,10
180168296,10
180168472,10
180169122,10
180169219,10
180169251,10
180169284,10
180169641,10
180170999,10
180171781,10
180172140,10
180172603,10
180173181,10
180173248,10
180173683,10
180174002,10
180174325,10
180174467,10
180175561,10
180176337,10
180176974,10
180176999,10
180177258,10
180177497,10
180177636,10
180177652,10
180177723,10
180177875,10
180178499,10
180179285,10
180181379,10
180181416,10
180182148,10
180182165,10
180182255,10
180182579,10
180183619,10
180184123,10
180184759,10
180184774,10
180184874,10
180184919,10
180185294,10
180187247,10
180187290,10
180188323,10
180188518,10
180188972,10
180189891,10
180190069,10
180190852,10
180191797,10
180193933,10
180194438,10
180194926,10
180195118,10
180195990,10
180197072,10
180197612,10
180198852,10
180199221,10
180199619,10
180200421,10
180200457,10
180200592,10
180200905,10
180201613,10
180202466,10
180202514,10
180203087,10
180203268,10
180203473,10
180203894,10
180204431,10
180204951,10
180205013,10
180205838,10
180206353,10
180207281,10
180207563,10
180207713,10
180208059,10
180208173,10
180209295,10
180209501,10
180209794,10
180209854,10
180210486,10
180210724,10
180210962,10
180211285,10
180211856,10
180212359,10
180212366,10
180212939,10
180213000,10
180213655,10
180214017,10
180214435,10
180214566,10
180214851,10
180215367,10
180215651,10
180215844,10
180216384,10
180217767,10
180217885,10
180218313,10
180218398,10
180218442,10
180218604,10
180218623,10
180218818,10
180219448,10
180219525,10
180219770,10
180219789,10
180220208,10
180222711,10
180223714,10
180224705,10
180224802,10
180224876,10
180225471,10
180227244,10
180227406,10
180228413,10
180229455,10
180229550,10
180229696,10
180230434,10
180230734,10
180230913,10
180232622,10
180232928,10
180233037,10
180234001,10
180234358,10
180234846,10
180235025,10
180235124,10
180235260,10
180235776,10
180235985,10
180236141,10
180236373,10
180236551,10
180236961,10
180237711,10
180237818,10
180238365,10
180238902,10
180238970,10
180240215,10
180240813,10
180241295,10
180241525,10
180241874,10
180243208,10
180243994,10
180244891,10
180246297,10
180246776,10
180247183,10
180247188,10
180247396,10
180247705,10
180247952,10
180248306,10
180248522,10
180249636,10
180249675,10
180250191,10
180252142,10
180252163,10
180252180,10
180252564,10
180255292,10
180255399,10
180256940,10
140000123,9
140000151,9
140000173,9
140000354,9
140000415,9
140000727,9
140000954,9
140001033,9
140001182,9
140001816,9
140001904,9
140001946,9
140001976,9
140002053,9
140002139,9
140002339,9
140002364,9
140002463,9
140002637,9
140002954,9
140003122,9
140003304,9
140003420,9
140003486,9
140003795,9
140003950,9
140004001,9
140004116,9
140004790,9
140004970,9
140005162,9
140005171,9
140005247,9
140005598,9
140006173,9
140006239,9
140006553,9
140006736,9
140006776,9
140006930,9
140007007,9
140007015,9
140007609,9
140007815,9
140007859,9
140007866,9
140008084,9
140008557,9
140008580,9
140008648,9
140008727,9
140008983,9
140009224,9
140009387,9
140009590,9
140009673,9
140009740,9
140009751,9
140009758,9
140009762,9
140009923,9
140010112,9
140010289,9
140010762,9
140010777,9
140011290,9
140011449,9
140011572,9
140011613,9
140012409,9
140012675,9
140013014,9
140013036,9
140013549,9
140013709,9
140013746,9
140013799,9
140013830,9
140013925,9
140013978,9
140014935,9
140014977,9
140015039,9
140015261,9
140015276,9
140015398,9
140015665,9
140015863,9
140015955,9
140016048,9
140016177,9
140016181,9
140016281,9
140016513,9
140016847,9
140017362,9
140017387,9
140017406,9
140017613,9
140018544,9
140018938,9
140019438,9
140019475,9
140019523,9
140020075,9
140020318,9
140020885,9
140021129,9
140021926,9
140022216,9
140022462,9
140022780,9
140023070,9
140023083,9
140023589,9
140023637,9
140023715,9
140024152,9
140024171,9
140024257,9
140024697,9
140025048,9
140025063,9
140025254,9
140025292,9
140025381,9
140025692,9
140025720,9
140025772,9
140026320,9
140026704,9
140026721,9
140027028,9
140027109,9
140027157,9
140027273,9
140027277,9
140027286,9
140027302,9
140027483,9
140027796,9
140027842,9
140028407,9
140028719,9
140028773,9
140028832,9
140028882,9
140028902,9
140029160,9
140029218,9
140030125,9
140030387,9
140030828,9
140031397,9
140032378,9
140032866,9
140034192,9
140035420,9
140035458,9
140035677,9
140036154,9
140036165,9
140036404,9
140036751,9
140037199,9
140038087,9
140038303,9
140038326,9
140038346,9
140038617,9
140038661,9
140038694,9
140038794,9
140038907,9
140038964,9
140039387,9
140039415,9
140039456,9
140039457,9
140040293,9
140040419,9
140040528,9
140040795,9
140040834,9
140041137,9
140041150,9
140041155,9
140051202,9
140052208,9
140053452,9
140053920,9
140054213,9
140055150,9
140055453,9
140055868,9
140056206,9
140056817,9
140057573,9
140059125,9
140059176,9
140059481,9
140059545,9
140059561,9
140059849,9
140060302,9
140060479,9
140060522,9
140060714,9
140060803,9
140061330,9
140061367,9
140061726,9
140061907,9
140062034,9
140062310,9
140062317,9
140062723,9
140062736,9
140063008,9
140063273,9
140063285,9
140063324,9
140063557,9
140063626,9
140063691,9
140063713,9
140063857,9
140063985,9
140064343,9
140064624,9
140064727,9
140064774,9
140064915,9
140065046,9
140065202,9
140065274,9
140065878,9
140065934,9
140065942,9
140065987,9
140066122,9
140066220,9
140066350,9
140066407,9
140066768,9
140066826,9
140067078,9
140067259,9
140067387,9
140067916,9
140068093,9
140068133,9
140068886,9
140069861,9
140070068,9
140070136,9
140070419,9
140071184,9
140072549,9
140072997,9
140073353,9
140073496,9
140073527,9
140073591,9
140074350,9
140074534,9
140074735,9
140074760,9
140074813,9
170002370,9
170002456,9
170002472,9
170002734,9
170004355,9
170004361,9
170005457,9
170005546,9
170005558,9
170007026,9
170007909,9
170007962,9
170008536,9
170008638,9
170008722,9
170008936,9
170009590,9
170010290,9
170010575,9
170010854,9
170011140,9
170011459,9
170011762,9
170012392,9
170012547,9
170013046,9
170013921,9
170014695,9
170015772,9
170017111,9
170017529,9
170018243,9
170019580,9
170020143,9
170020151,9
170020991,9
170021647,9
170022033,9
170022417,9
170022994,9
170023266,9
170023551,9
170024107,9
170024948,9
170024966,9
170025493,9
170025923,9
170026744,9
170026913,9
170027418,9
170027424,9
170027986,9
170028656,9
170028662,9
170029470,9
170029473,9
170029622,9
170029692,9
170029940,9
170030073,9
170030803,9
170031162,9
170031389,9
170031485,9
170031508,9
170032038,9
170032572,9
170032970,9
170033016,9
170034877,9
170035079,9
170035082,9
170035784,9
170036491,9
170037085,9
170037523,9
170037879,9
170037888,9
170038128,9
170038216,9
170038324,9
170038441,9
170038457,9
170038651,9
170038991,9
170039171,9
170039952,9
170040309,9
170040923,9
170041109,9
170041201,9
170041332,9
170041615,9
170042111,9
170042674,9
170042903,9
170043017,9
170043326,9
170043338,9
170044631,9
170044665,9
170044690,9
170045337,9
170045507,9
170045776,9
170046372,9
170046812,9
170046902,9
170047241,9
170048094,9
170049356,9
170049575,9
170051277,9
170051316,9
170051470,9
170051533,9
170051982,9
170052402,9
170052768,9
170052911,9
170054130,9
170054433,9
170054516,9
170054866,9
170054893,9
170055182,9
170055722,9
170055806,9
170056233,9
170056453,9
170056544,9
170056736,9
170057484,9
170057581,9
170057983,9
170059250,9
170059474,9
170059602,9
170059604,9
170060895,9
170061028,9
170061493,9
170062309,9
170062543,9
170062689,9
170062815,9
170062882,9
170063783,9
170063944,9
170064508,9
170064700,9
170065070,9
170065241,9
170065693,9
170065915,9
170066035,9
170066124,9
170066140,9
170067128,9
170067582,9
170067744,9
170068091,9
170068201,9
170068284,9
170069185,9
170069281,9
170070266,9
170070357,9
170071339,9
170071417,9
170071560,9
170072636,9
170073255,9
170074996,9
170075517,9
170076082,9
170076236,9
170076404,9
170076427,9
170076650,9
170077110,9
170077534,9
170077821,9
170077878,9
170078307,9
170079372,9
170079564,9
170079790,9
170079953,9
170079966,9
170080836,9
170080937,9
170081911,9
170081967,9
170082357,9
170082683,9
170083113,9
170083578,9
170083645,9
170084047,9
170085073,9
170085461,9
170085871,9
170085900,9
170086153,9
170086535,9
170086745,9
170087797,9
170087890,9
170087909,9
170088039,9
170088395,9
170088411,9
170088450,9
170088736,9
170089576,9
170089586,9
170090050,9
170091050,9
170091471,9
170091590,9
170091744,9
170091911,9
170092175,9
170092483,9
170092624,9
170092857,9
170093128,9
170093302,9
170093380,9
170093649,9
170093765,9
170093835,9
170094081,9
170094208,9
170094688,9
170095166,9
170095261,9
170095466,9
170095856,9
170095914,9
170096403,9
170098582,9
170099205,9
170099338,9
170099371,9
170099509,9
170099555,9
170100367,9
170102268,9
170103367,9
170103434,9
170103586,9
170105147,9
170106513,9
170107133,9
170107910,9
170107933,9
170108224,9
170108457,9
170109494,9
170109759,9
170110272,9
170110354,9
170110892,9
170111088,9
170111205,9
180000196,9
180000355,9
180000491,9
180000772,9
180001041,9
180001065,9
180001340,9
180001417,9
180001860,9
180002557,9
180002821,9
180003966,9
180004067,9
180004129,9
180004283,9
180005197,9
180005422,9
180005607,9
180005631,9
180006727,9
180007951,9
180008046,9
180008221,9
180009072,9
180011699,9
180011819,9
180012667,9
180012697,9
180013064,9
180013245,9
180013282,9
180013408,9
180013580,9
180013761,9
180013810,9
180014938,9
180015499,9
180015783,9
180015952,9
180016432,9
180017081,9
180017418,9
180017439,9
180017618,9
180017862,9
180018050,9
180018635,9
180018742,9
180019016,9
180019027,9
180019909,9
180021515,9
180021930,9
180022005,9
180023297,9
180023808,9
180024130,9
180024867,9
180025226,9
180026003,9
180027199,9
180029347,9
180029712,9
180031649,9
180031704,9
180031881,9
180033798,9
180034102,9
180035206,9
180035916,9
180036368,9
180036738,9
180038236,9
180038871,9
180039375,9
180040870,9
180040909,9
180041336,9
180041793,9
180041812,9
180043247,9
180045238,9
180045340,9
180045653,9
180046114,9
180047241,9
180047504,9
180048123,9
180049227,9
180050204,9
180052199,9
180052665,9
180052977,9
180053077,9
180053105,9
180053199,9
180056382,9
180057400,9
180057666,9
180059163,9
180059495,9
180061184,9
180061400,9
180063576,9
180063854,9
180063968,9
180065703,9
180066901,9
180067119,9
180067352,9
180069622,9
180069836,9
180070342,9
180070593,9
180070777,9
180071183,9
180071196,9
180071243,9
180071748,9
180071863,9
180072289,9
180072719,9
180073123,9
180073400,9
180073430,9
180074572,9
180074725,9
180075216,9
180075350,9
180076852,9
180077433,9
180077770,9
180077911,9
180078661,9
180078973,9
180079126,9
180080224,9
180080240,9
180081454,9
180081648,9
180084323,9
180085907,9
180086337,9
180086350,9
180087024,9
180087033,9
180087631,9
180088063,9
180088488,9
180088632,9
180089534,9
180091585,9
180091934,9
180092447,9
180092814,9
180093223,9
180093772,9
180094415,9
180094884,9
180095782,9
180095832,9
180097345,9
180097878,9
180098787,9
180099463,9
180099747,9
180099760,9
180099978,9
180100490,9
180100608,9
180102993,9
180104035,9
180104039,9
180104334,9
180104470,9
180105091,9
180105238,9
180105694,9
180106909,9
180107070,9
180107144,9
180107168,9
180108580,9
180108921,9
180109374,9
180109860,9
180110748,9
180111652,9
180112616,9
180113908,9
180113998,9
180114072,9
180115519,9
180117313,9
180117361,9
180117627,9
180119391,9
180119942,9
180120887,9
180120921,9
180121031,9
180122614,9
180122891,9
180123084,9
180123212,9
180124132,9
180124227,9
180124455,9
180125589,9
180126674,9
180127185,9
180127343,9
180127352,9
180127838,9
180128451,9
180130091,9
180130141,9
180131673,9
180132074,9
180132094,9
180132243,9
180134192,9
180134534,9
180135304,9
180135434,9
180136142,9
180136442,9
180136657,9
180137520,9
180138101,9
180138718,9
180139253,9
180140007,9
180141626,9
180142029,9
180144263,9
180144668,9
180144785,9
180144890,9
180145054,9
180145666,9
180145958,9
180146385,9
180146438,9
180146461,9
180146742,9
180146946,9
180147098,9
180147557,9
180148853,9
180149688,9
180149843,9
180150852,9
180151095,9
180151331,9
180151664,9
180152495,9
180153711,9
180153790,9
180153967,9
180154401,9
180154712,9
180158108,9
180158585,9
180158665,9
180159341,9
180160152,9
180160683,9
180160930,9
180161228,9
180161877,9
180162154,9
180164063,9
180165834,9
180166483,9
180166653,9
180166841,9
180168701,9
180168937,9
180169084,9
180169188,9
180169536,9
180169858,9
180170087,9
180171095,9
180173321,9
180174108,9
180175250,9
180175281,9
180176595,9
180176778,9
180177600,9
180177683,9
180179611,9
180180889,9
180181565,9
180181916,9
180182649,9
180182865,9
180183181,9
180185520,9
180185526,9
180187579,9
180189039,9
180189166,9
180189298,9
180189414,9
180189611,9
180190293,9
180190358,9
180190459,9
180190844,9
180191709,9
180193128,9
180193315,9
180193518,9
180194155,9
180194787,9
180195588,9
180196061,9
180196123,9
180196271,9
180196832,9
180196837,9
180198153,9
180199005,9
180200444,9
180200662,9
180200786,9
180201470,9
180201582,9
180201706,9
180203385,9
180203571,9
180204142,9
180205156,9
180208014,9
180208450,9
180209153,9
180209695,9
180209851,9
180210242,9
180210394,9
180211656,9
180211756,9
180212484,9
180213827,9
180214328,9
180214375,9
180214971,9
180216037,9
180216300,9
180217137,9
180217718,9
180218163,9
180218504,9
180220012,9
180220997,9
180221782,9
180221894,9
180222596,9
180222962,9
180223864,9
180223981,9
180224833,9
180225814,9
180226514,9
180226539,9
180226589,9
180226901,9
180227070,9
180227293,9
180228054,9
180228800,9
180229319,9
180230266,9
180230584,9
180230984,9
180231416,9
180231562,9
180231715,9
180232500,9
180232651,9
180233487,9
180234015,9
180234273,9
180235649,9
180235837,9
180238327,9
180238710,9
180239737,9
180239990,9
180240688,9
180241006,9
180242190,9
180243633,9
180243769,9
180244577,9
180245568,9
180245865,9
180246199,9
180247110,9
180247152,9
180247404,9
180247662,9
180248252,9
180248623,9
180249366,9
180249381,9
180249544,9
180250350,9
180250691,9
180250910,9
180251229,9
180251268,9
180251458,9
180251776,9
180251832,9
180252543,9
180253924,9
180254936,9
180255180,9
180255654,9
180255830,9
180256078,9
140000043,8
140000340,8
140000374,8
140000390,8
140000598,8
140000766,8
140000812,8
140000881,8
140001148,8
140001154,8
140001186,8
140001187,8
140001230,8
140001262,8
140001306,8
140001325,8
140001739,8
140001821,8
140002058,8
140002138,8
140002165,8
140002271,8
140002507,8
140002573,8
140002934,8
140002937,8
140002952,8
140003106,8
140003128,8
140003151,8
140003269,8
140003343,8
140003479,8
140003507,8
140003542,8
140003591,8
140003657,8
140003739,8
140003767,8
140003792,8
140004052,8
140004188,8
140004632,8
140004812,8
140004873,8
140004876,8
140005006,8
140005064,8
140005103,8
140005139,8
140005630,8
140005878,8
140006032,8
140006189,8
140006287,8
140006294,8
140006376,8
140006464,8
140006488,8
140006626,8
140006753,8
140006788,8
140006824,8
140007214,8
140007301,8
140007306,8
140008067,8
140008094,8
140008111,8
140008155,8
140008163,8
140008199,8
140008864,8
140008959,8
140009069,8
140009160,8
140009201,8
140009333,8
140009360,8
140009372,8
140009384,8
140009809,8
140009944,8
140010029,8
140010063,8
140010322,8
140010331,8
140010335,8
140010408,8
140010425,8
140010465,8
140010490,8
140010514,8
140010578,8
140010667,8
140010718,8
140010814,8
140010816,8
140010850,8
140010905,8
140010979,8
140011005,8
140011128,8
140011200,8
140011213,8
140011266,8
140011286,8
140011301,8
140011376,8
140011492,8
140011516,8
140011717,8
140011719,8
140011765,8
140011772,8
140011864,8
140012177,8
140012287,8
140012317,8
140012363,8
140012479,8
140012522,8
140012737,8
140013005,8
140013012,8
140013075,8
140013109,8
140013135,8
140013219,8
140013313,8
140013378,8
140013416,8
140013452,8
140013587,8
140013678,8
140013789,8
140013887,8
140013991,8
140014041,8
140014107,8
140014142,8
140014405,8
140014464,8
140014470,8
140014640,8
140014651,8
140014661,8
140014757,8
140014892,8
140014912,8
140014915,8
140014927,8
140014948,8
140014976,8
140015116,8
140015121,8
140015452,8
140015487,8
140015489,8
140015502,8
140015633,8
140015779,8
140015907,8
140016185,8
140016253,8
140016333,8
140016417,8
140016545,8
140016652,8
140016707,8
140016900,8
140016935,8
140017223,8
140017270,8
140017315,8
140017326,8
140017388,8
140017439,8
140017510,8
140017529,8
140017676,8
140017686,8
140017790,8
140017834,8
140017963,8
140018032,8
140018062,8
140018136,8
140018547,8
140018672,8
140018836,8
140019483,8
140019787,8
140020060,8
140020640,8
140020870,8
140020898,8
140021076,8
140021284,8
140021508,8
140021852,8
140021934,8
140021964,8
140022049,8
140022139,8
140022175,8
140022328,8
140022370,8
140022576,8
140022694,8
140022823,8
140022878,8
140022954,8
140023124,8
140023245,8
140023423,8
140023493,8
140023514,8
140023587,8
140023606,8
140023630,8
140023801,8
140023837,8
140023892,8
140023976,8
140024045,8
140024077,8
140024318,8
140024386,8
140024391,8
140024397,8
140024426,8
140024624,8
140024633,8
140024782,8
140024838,8
140025237,8
140025304,8
140025478,8
140025724,8
140025916,8
140025954,8
140025962,8
140026111,8
140026148,8
140026201,8
140026253,8
140026261,8
140026264,8
140026349,8
140026577,8
140026603,8
140026720,8
140026821,8
140027005,8
140027011,8
140027036,8
140027039,8
140027316,8
140027371,8
140027457,8
140027604,8
140027654,8
140027731,8
140027778,8
140027834,8
140028157,8
140028159,8
140028349,8
140028358,8
140028838,8
140028847,8
140028873,8
140028983,8
140029075,8
140029261,8
140029507,8
140029715,8
140029804,8
140029808,8
140030010,8
140030332,8
140030470,8
140030555,8
140030611,8
140030794,8
140030801,8
140030870,8
140031410,8
140031425,8
140031439,8
140031458,8
140031462,8
140031504,8
140032009,8
140032459,8
140032477,8
140032507,8
140032676,8
140032971,8
140033467,8
140033600,8
140033658,8
140034383,8
140034478,8
140034755,8
140034791,8
140035106,8
140035205,8
140035561,8
140035575,8
140035637,8
140035664,8
140036185,8
140036539,8
140036674,8
140036716,8
140036828,8
140036923,8
140036941,8
140037046,8
140037182,8
140037689,8
140037805,8
140037896,8
140037905,8
140038060,8
140038180,8
140038238,8
140038302,8
140038491,8
140038533,8
140038871,8
140038898,8
140038940,8
140039052,8
140039205,8
140039356,8
140039413,8
140039563,8
140039648,8
140039759,8
140039902,8
140040031,8
140040040,8
140040183,8
140040279,8
140040320,8
140040513,8
140040811,8
140040819,8
140040824,8
140040837,8
140040840,8
140040844,8
140040889,8
140041136,8
140041236,8
140041686,8
140041798,8
140041839,8
140050015,8
140050315,8
140050375,8
140050516,8
140050648,8
140050654,8
140050774,8
140050823,8
140050922,8
140051324,8
140051468,8
140051596,8
140051835,8
140051918,8
140052050,8
140052052,8
140052088,8
140052093,8
140052095,8
140052119,8
140052249,8
140052334,8
140052547,8
140052639,8
140052734,8
140052994,8
140053242,8
140053800,8
140053832,8
140053882,8
140054143,8
140054233,8
140054572,8
140054854,8
140054906,8
140054958,8
140055972,8
140056060,8
140056171,8
140056223,8
140056237,8
140056585,8
140056957,8
140057098,8
140057384,8
140057633,8
140058054,8
140058362,8
140058454,8
140058615,8
140058625,8
140058694,8
140058743,8
140058834,8
140058909,8
140058997,8
140059005,8
140059268,8
140059358,8
140059379,8
140059441,8
140059525,8
140059531,8
140059589,8
140059623,8
140059671,8
140059809,8
140059835,8
140059925,8
140060197,8
140060381,8
140060412,8
140060497,8
140060541,8
140060844,8
140060845,8
140060988,8
140061233,8
140061375,8
140061595,8
140061787,8
140061936,8
140062426,8
140062567,8
140062816,8
140062843,8
140062872,8
140062979,8
140063084,8
140063200,8
140063282,8
140063359,8
140063470,8
140063577,8
140063792,8
140063852,8
140064048,8
140064298,8
140064370,8
140064475,8
140064849,8
140064880,8
140064918,8
140065051,8
140065297,8
140065684,8
140065862,8
140065890,8
140065995,8
140066063,8
140066084,8
140066216,8
140066226,8
140066692,8
140066760,8
140066995,8
140067159,8
140067230,8
140067800,8
140068073,8
140068154,8
140068310,8
140068384,8
140068415,8
140068543,8
140068601,8
140068688,8
140068689,8
140068758,8
140068761,8
140069218,8
140069261,8
140069435,8
140070027,8
140071036,8
140071202,8
140072450,8
140072685,8
140073109,8
140073117,8
140073287,8
140073322,8
140073334,8
140073646,8
140073745,8
140073933,8
140073972,8
140074738,8
140075019,8
140075394,8
170000332,8
170000503,8
170000780,8
170000837,8
170000859,8
170000909,8
170000972,8
170001641,8
170001920,8
170002204,8
170002303,8
170002499,8
170002620,8
170003102,8
170003293,8
170003858,8
170004292,8
170004348,8
170005060,8
170005359,8
170006083,8
170006353,8
170006562,8
170006589,8
170007077,8
170007119,8
170007252,8
170007566,8
170007777,8
170007802,8
170008004,8
170008233,8
170008249,8
170008308,8
170008469,8
170008717,8
170009229,8
170009367,8
170009726,8
170009895,8
170010463,8
170010764,8
170011449,8
170011774,8
170011953,8
170012102,8
170012115,8
170012234,8
170012542,8
170013303,8
170013342,8
170013400,8
170013992,8
170014333,8
170014443,8
170014549,8
170015318,8
170015348,8
170015485,8
170015767,8
170016010,8
170016318,8
170016388,8
170016784,8
170016865,8
170017187,8
170017336,8
170017345,8
170017382,8
170017584,8
170017708,8
170017733,8
170017740,8
170017902,8
170018261,8
170018352,8
170018693,8
170018851,8
170019290,8
170019380,8
170019565,8
170019767,8
170019849,8
170020660,8
170020676,8
170020681,8
170020767,8
170021521,8
170021725,8
170021883,8
170022194,8
170022310,8
170022563,8
170023135,8
170023357,8
170023430,8
170024117,8
170024606,8
170024903,8
170025447,8
170025892,8
170026151,8
170026156,8
170026337,8
170027044,8
170027625,8
170027759,8
170027782,8
170028558,8
170028619,8
170028644,8
170028956,8
170029135,8
170029221,8
170029305,8
170029427,8
170029673,8
170029947,8
170030227,8
170030673,8
170031070,8
170031119,8
170031924,8
170031926,8
170032149,8
170032581,8
170032796,8
170032944,8
170033001,8
170033397,8
170034045,8
170034255,8
170035211,8
170036436,8
170036477,8
170036498,8
170036633,8
170036669,8
170037017,8
170037528,8
170037534,8
170037539,8
170037589,8
170037610,8
170037851,8
170038396,8
170038483,8
170039232,8
170039323,8
170039436,8
170039745,8
170040183,8
170040337,8
170040359,8
170040449,8
170040767,8
170041015,8
170041330,8
170041352,8
170042272,8
170042826,8
170043286,8
170043517,8
170043724,8
170043904,8
170043953,8
170044340,8
170044915,8
170045284,8
170045406,8
170045711,8
170045753,8
170045779,8
170046506,8
170046575,8
170046684,8
170046876,8
170047343,8
170047736,8
170047762,8
170048032,8
170048237,8
170048389,8
170048475,8
170048798,8
170049123,8
170049190,8
170049772,8
170049981,8
170050168,8
170050268,8
170050366,8
170050725,8
170050931,8
170051123,8
170051420,8
170051979,8
170052456,8
170052463,8
170052618,8
170052678,8
170052984,8
170053571,8
170053868,8
170054376,8
170054411,8
170054579,8
170054638,8
170054753,8
170055153,8
170055183,8
170055660,8
170055831,8
170056249,8
170056391,8
170056738,8
170056782,8
170056936,8
170057076,8
170057603,8
170057784,8
170057939,8
170057940,8
170058330,8
170058364,8
170058718,8
170058735,8
170058943,8
170059055,8
170059172,8
170059198,8
170059889,8
170060080,8
170060140,8
170060441,8
170060488,8
170060724,8
170060844,8
170060967,8
170061025,8
170061033,8
170061189,8
170061549,8
170061620,8
170061804,8
170062179,8
170062296,8
170062704,8
170063311,8
170063514,8
170064181,8
170064394,8
170064423,8
170064679,8
170065273,8
170065422,8
170065565,8
170066435,8
170066536,8
170066726,8
170066782,8
170066841,8
170067503,8
170067571,8
170067575,8
170067608,8
170067965,8
170068118,8
170068353,8
170068668,8
170068892,8
170069189,8
170069259,8
170069353,8
170069531,8
170069565,8
170069648,8
170069659,8
170069845,8
170070019,8
170070607,8
170070737,8
170071221,8
170071497,8
170071701,8
170071800,8
170072214,8
170072259,8
170072486,8
170072860,8
170073046,8
170073556,8
170074161,8
170074250,8
170074505,8
170074521,8
170074655,8
170074702,8
170075191,8
170075654,8
170075849,8
170075858,8
170075927,8
170076263,8
170076316,8
170076647,8
170077451,8
170078674,8
170078852,8
170079127,8
170079174,8
170079340,8
170079624,8
170080088,8
170080440,8
170080839,8
170080919,8
170081147,8
170081155,8
170081283,8
170081517,8
170082881,8
170082910,8
170082952,8
170082987,8
170083145,8
170083408,8
170083512,8
170083573,8
170083588,8
170084120,8
170084859,8
170085381,8
170085602,8
170085623,8
170085644,8
170085816,8
170086112,8
170086246,8
170086978,8
170086981,8
170087171,8
170087447,8
170087521,8
170087602,8
170087719,8
170087763,8
170088253,8
170088701,8
170088786,8
170089780,8
170090150,8
170090746,8
170091270,8
170092093,8
170092244,8
170092446,8
170092642,8
170092741,8
170092835,8
170092878,8
170093007,8
170093197,8
170093774,8
170094044,8
170094272,8
170094580,8
170094662,8
170094786,8
170094913,8
170095316,8
170095616,8
170095721,8
170096104,8
170096255,8
170096430,8
170096452,8
170097127,8
170097197,8
170097639,8
170097744,8
170098114,8
170098384,8
170098482,8
170098512,8
170098596,8
170098599,8
170098752,8
170098918,8
170099463,8
170099466,8
170099519,8
170099580,8
170099725,8
170099728,8
170099935,8
170100070,8
170100665,8
170100868,8
170101301,8
170101735,8
170101736,8
170102191,8
170102613,8
170102628,8
170102751,8
170102833,8
170102944,8
170102962,8
170103361,8
170103718,8
170104056,8
170104197,8
170104355,8
170104389,8
170104587,8
170104914,8
170105268,8
170105417,8
170105494,8
170105625,8
170105901,8
170105902,8
170106242,8
170106251,8
170106516,8
170107138,8
170107486,8
170107540,8
170107722,8
170108511,8
170108835,8
170108996,8
170109005,8
170109151,8
170109169,8
170109220,8
170109238,8
170109398,8
170109588,8
170109614,8
170109921,8
170110261,8
170110363,8
170111790,8
180000137,8
180000336,8
180000345,8
180000594,8
180000955,8
180001103,8
180001127,8
180001756,8
180001898,8
180002037,8
180002201,8
180002535,8
180003093,8
180003525,8
180003589,8
180003610,8
180003947,8
180004933,8
180005073,8
180005352,8
180005883,8
180006234,8
180006446,8
180006621,8
180006634,8
180006646,8
180006664,8
180006961,8
180007389,8
180008018,8
180008181,8
180008373,8
180008445,8
180008550,8
180008571,8
180008851,8
180009344,8
180009514,8
180010058,8
180010409,8
180010758,8
180011151,8
180011157,8
180011301,8
180011514,8
180012056,8
180012099,8
180012288,8
180012361,8
180012425,8
180012563,8
180012570,8
180012743,8
180013210,8
180013922,8
180014252,8
180014318,8
180014366,8
180014778,8
180015181,8
180015387,8
180015416,8
180015502,8
180015558,8
180015950,8
180016058,8
180016308,8
180016480,8
180016661,8
180017766,8
180018138,8
180018280,8
180019166,8
180019590,8
180019875,8
180020072,8
180020460,8
180020812,8
180021195,8
180021268,8
180021900,8
180022173,8
180022386,8
180022435,8
180022498,8
180023557,8
180024123,8
180024481,8
180024487,8
180025997,8
180026018,8
180026931,8
180027316,8
180027388,8
180027473,8
180027616,8
180027778,8
180027879,8
180027926,8
180027977,8
180028103,8
180028364,8
180028893,8
180028914,8
180029017,8
180029878,8
180030024,8
180030958,8
180031731,8
180031904,8
180032713,8
180032804,8
180033089,8
180033449,8
180034246,8
180034503,8
180034760,8
180035524,8
180035654,8
180035915,8
180036720,8
180037750,8
180038150,8
180038367,8
180038592,8
180038948,8
180038957,8
180039179,8
180039262,8
180039654,8
180040013,8
180040536,8
180040547,8
180040631,8
180040694,8
180040992,8
180041225,8
180041245,8
180041569,8
180041996,8
180041998,8
180042524,8
180042969,8
180043164,8
180044208,8
180044324,8
180044818,8
180044842,8
180045726,8
180046121,8
180047365,8
180047780,8
180047998,8
180048090,8
180048152,8
180048158,8
180048477,8
180048977,8
180049245,8
180049353,8
180049475,8
180049613,8
180049983,8
180050064,8
180050119,8
180050245,8
180050287,8
180050384,8
180050430,8
180050687,8
180051343,8
180051902,8
180052441,8
180053393,8
180053536,8
180053582,8
180053631,8
180053681,8
180053867,8
180053956,8
180054261,8
180054352,8
180054498,8
180054846,8
180054967,8
180055030,8
180055135,8
180055293,8
180055572,8
180055832,8
180056183,8
180056550,8
180056980,8
180057004,8
180057521,8
180058387,8
180058543,8
180058891,8
180059244,8
180059847,8
180059904,8
180060449,8
180060915,8
180060987,8
180061075,8
180061209,8
180061841,8
180062488,8
180062526,8
180062877,8
180063161,8
180063410,8
180063596,8
180064152,8
180064322,8
180064513,8
180064578,8
180064935,8
180064994,8
180065120,8
180065305,8
180065640,8
180066095,8
180066108,8
180066212,8
180066402,8
180066679,8
180066708,8
180066835,8
180066882,8
180067171,8
180067472,8
180068291,8
180068401,8
180068981,8
180069424,8
180070570,8
180071027,8
180071274,8
180071540,8
180071552,8
180071646,8
180071916,8
180071917,8
180072030,8
180072364,8
180072422,8
180072483,8
180073106,8
180073314,8
180073506,8
180073534,8
180073631,8
180074487,8
180076005,8
180076338,8
180076479,8
180076871,8
180077486,8
180078029,8
180078132,8
180078218,8
180078250,8
180078426,8
180079713,8
180080125,8
180080155,8
180080172,8
180080402,8
180080435,8
180081558,8
180081991,8
180082103,8
180082194,8
180082296,8
180082722,8
180083128,8
180083672,8
180083686,8
180085164,8
180085656,8
180085843,8
180086538,8
180086745,8
180087402,8
180087556,8
180088187,8
180088224,8
180088577,8
180088761,8
180088920,8
180088922,8
180089059,8
180089073,8
180089283,8
180089642,8
180089704,8
180089971,8
180090061,8
180090451,8
180090576,8
180090717,8
180090806,8
180090887,8
180091706,8
180091855,8
180091862,8
180092094,8
180092438,8
180092750,8
180092868,8
180093558,8
180094493,8
180094698,8
180095385,8
180095414,8
180095926,8
180096097,8
180096150,8
180097301,8
180097365,8
180097549,8
180098512,8
180098610,8
180098707,8
180098786,8
180098829,8
180099444,8
180099578,8
180099832,8
180100275,8
180100497,8
180100921,8
180101070,8
180101674,8
180101686,8
180101836,8
180101925,8
180102173,8
180102220,8
180102504,8
180102785,8
180102930,8
180103660,8
180103682,8
180104003,8
180104478,8
180104496,8
180104630,8
180104734,8
180104775,8
180105021,8
180105889,8
180105893,8
180105992,8
180106270,8
180106411,8
180106875,8
180107091,8
180107103,8
180107206,8
180107258,8
180107306,8
180107330,8
180107583,8
180107894,8
180108230,8
180108251,8
180108493,8
180108875,8
180110636,8
180110675,8
180110806,8
180110891,8
180110999,8
180111564,8
180111783,8
180111915,8
180112358,8
180112381,8
180112401,8
180112678,8
180112964,8
180113107,8
180113387,8
180113519,8
180113830,8
180114495,8
180114867,8
180115147,8
180115586,8
180115628,8
180115696,8
180115971,8
180116146,8
180116632,8
180116900,8
180117025,8
180117167,8
180117471,8
180117988,8
180118454,8
180118601,8
180118733,8
180118901,8
180119053,8
180119687,8
180120850,8
180121147,8
180121316,8
180121410,8
180121507,8
180121550,8
180121648,8
180122528,8
180122532,8
180123481,8
180123972,8
180124240,8
180124308,8
180124352,8
180124450,8
180124551,8
180125226,8
180125237,8
180125447,8
180126159,8
180126585,8
180127195,8
180127267,8
180128168,8
180128599,8
180129217,8
180129538,8
180130013,8
180130328,8
180130397,8
180130501,8
180130674,8
180131021,8
180131087,8
180131178,8
180131728,8
180132247,8
180132393,8
180134819,8
180135105,8
180135631,8
180136126,8
180136453,8
180136553,8
180136562,8
180136765,8
180138229,8
180138460,8
180138797,8
180139016,8
180139059,8
180139609,8
180139801,8
180139887,8
180140157,8
180140303,8
180140310,8
180140944,8
180140954,8
180141034,8
180141721,8
180142134,8
180142635,8
180142638,8
180143109,8
180143396,8
180143933,8
180144294,8
180144352,8
180144841,8
180145047,8
180145275,8
180146032,8
180146049,8
180146521,8
180147692,8
180148052,8
180148213,8
180148237,8
180148546,8
180148605,8
180149623,8
180150295,8
180150355,8
180150441,8
180150807,8
180151202,8
180151716,8
180151814,8
180151889,8
180151965,8
180152179,8
180152582,8
180153658,8
180153961,8
180154101,8
180154396,8
180154686,8
180154999,8
180155150,8
180155321,8
180155831,8
180155857,8
180157043,8
180157436,8
180157524,8
180157535,8
180157712,8
180157912,8
180158306,8
180158374,8
180158970,8
180159291,8
180159881,8
180159926,8
180160190,8
180160213,8
180160701,8
180160773,8
180161052,8
180161053,8
180161480,8
180161509,8
180161582,8
180161923,8
180162552,8
180162663,8
180163057,8
180163387,8
180163542,8
180163738,8
180163976,8
180164454,8
180164593,8
180164622,8
180165323,8
180165600,8
180166315,8
180166332,8
180166434,8
180166455,8
180166823,8
180166856,8
180167447,8
180167863,8
180169303,8
180169838,8
180169839,8
180170007,8
180170280,8
180170370,8
180170506,8
180170715,8
180171327,8
180171611,8
180171808,8
180172184,8
180172403,8
180172626,8
180172708,8
180173240,8
180173352,8
180173838,8
180173993,8
180174229,8
180174714,8
180174815,8
180174897,8
180175478,8
180176610,8
180176822,8
180176888,8
180177475,8
180178523,8
180178996,8
180179766,8
180179796,8
180180025,8
180180033,8
180180042,8
180180087,8
180180572,8
180180579,8
180180799,8
180181118,8
180181354,8
180181391,8
180182042,8
180182096,8
180182235,8
180182237,8
180182564,8
180182641,8
180182960,8
180183019,8
180183166,8
180183486,8
180183746,8
180183781,8
180183929,8
180183985,8
180184062,8
180184500,8
180184648,8
180185480,8
180185507,8
180185920,8
180186092,8
180186238,8
180186431,8
180186548,8
180187291,8
180188153,8
180188532,8
180189511,8
180189540,8
180189821,8
180189947,8
180190447,8
180190586,8
180190647,8
180191054,8
180191134,8
180191193,8
180191459,8
180191676,8
180191688,8
180191850,8
180192891,8
180192913,8
180193094,8
180193280,8
180193323,8
180193634,8
180194767,8
180194938,8
180195176,8
180195651,8
180196059,8
180196146,8
180196687,8
180197367,8
180197500,8
180198274,8
180198427,8
180199759,8
180199777,8
180199959,8
180200280,8
180200281,8
180200542,8
180200587,8
180200703,8
180200789,8
180201766,8
180201778,8
180201967,8
180202295,8
180202617,8
180202747,8
180202939,8
180203599,8
180203905,8
180203992,8
180204316,8
180204566,8
180205152,8
180205703,8
180205847,8
180206454,8
180206669,8
180206852,8
180207340,8
180207703,8
180208178,8
180208679,8
180209214,8
180209337,8
180209407,8
180209901,8
180209928,8
180210037,8
180210352,8
180211315,8
180211881,8
180211920,8
180212803,8
180213181,8
180213620,8
180213823,8
180214188,8
180214276,8
180214587,8
180214965,8
180215068,8
180215580,8
180216151,8
180216910,8
180216955,8
180217332,8
180217983,8
180218746,8
180218840,8
180219623,8
180219743,8
180220054,8
180220975,8
180222130,8
180222477,8
180223182,8
180223269,8
180223322,8
180223695,8
180223744,8
180223944,8
180223979,8
180224972,8
180226144,8
180226188,8
180226803,8
180227547,8
180227557,8
180227735,8
180227974,8
180228410,8
180228907,8
180229336,8
180230936,8
180231661,8
180231855,8
180232002,8
180232592,8
180233091,8
180233243,8
180233832,8
180233941,8
180234204,8
180234407,8
180234695,8
180235295,8
180235638,8
180236228,8
180236474,8
180236856,8
180236949,8
180237133,8
180237443,8
180238459,8
180238596,8
180238918,8
180239092,8
180239681,8
180239940,8
180240269,8
180240312,8
180240532,8
180240717,8
180240904,8
180242050,8
180242307,8
180242929,8
180242930,8
180243341,8
180243880,8
180244280,8
180245057,8
180245276,8
180246771,8
180246994,8
180247814,8
180248417,8
180248759,8
180248816,8
180250360,8
180250784,8
180251147,8
180251422,8
180251659,8
180252036,8
180252457,8
180252773,8
180253017,8
180253186,8
180253241,8
180253455,8
180253674,8
180255015,8
180255332,8
180255338,8
180255877,8
180256049,8
180256581,8
180256829,8
140000013,7
140000025,7
140000082,7
140000183,7
140000271,7
140000349,7
140000376,7
140000411,7
140000481,7
140000512,7
140001083,7
140002031,7
140002097,7
140002156,7
140002267,7
140002295,7
140002475,7
140002854,7
140002879,7
140002979,7
140003156,7
140003165,7
140003218,7
140003446,7
140003512,7
140003773,7
140003873,7
140003976,7
140004009,7
140004229,7
140004512,7
140004598,7
140004606,7
140004679,7
140004693,7
140004770,7
140004819,7
140004847,7
140004928,7
140005019,7
140005099,7
140005388,7
140005545,7
140005710,7
140005905,7
140005964,7
140005995,7
140006231,7
140006265,7
140006278,7
140006392,7
140006527,7
140006573,7
140006629,7
140006762,7
140006814,7
140006946,7
140007316,7
140007362,7
140007884,7
140008176,7
140008352,7
140008548,7
140008569,7
140008776,7
140008784,7
140008901,7
140008921,7
140008940,7
140009246,7
140009254,7
140009301,7
140009317,7
140009357,7
140009581,7
140009677,7
140009787,7
140009871,7
140009939,7
140010109,7
140010133,7
140010217,7
140010319,7
140010378,7
140010466,7
140010555,7
140010573,7
140010925,7
140010936,7
140010964,7
140011001,7
140011141,7
140011277,7
140011296,7
140011317,7
140011477,7
140011536,7
140011561,7
140011614,7
140011615,7
140011752,7
140012075,7
140012349,7
140012510,7
140012564,7
140012617,7
140012913,7
140013157,7
140013509,7
140013753,7
140013880,7
140013889,7
140013965,7
140013977,7
140013988,7
140014037,7
140014048,7
140014248,7
140014352,7
140014384,7
140014452,7
140014655,7
140014660,7
140014758,7
140014824,7
140014829,7
140014906,7
140014913,7
140014998,7
140015027,7
140015162,7
140015320,7
140015326,7
140015354,7
140015457,7
140015560,7
140015648,7
140015837,7
140015872,7
140015884,7
140015910,7
140015965,7
140016176,7
140016314,7
140016461,7
140016479,7
140016569,7
140016616,7
140016630,7
140016656,7
140016701,7
140016741,7
140016801,7
140016979,7
140017071,7
140017160,7
140017276,7
140017303,7
140017332,7
140017401,7
140017413,7
140017455,7
140017499,7
140017637,7
140017699,7
140018064,7
140018511,7
140018647,7
140018803,7
140019209,7
140019449,7
140019465,7
140019491,7
140020021,7
140020120,7
140020569,7
140020577,7
140021266,7
140021350,7
140021448,7
140021472,7
140021473,7
140021566,7
140021641,7
140021797,7
140022042,7
140022104,7
140022476,7
140022751,7
140022771,7
140022778,7
140023065,7
140023247,7
140023273,7
140023290,7
140023596,7
140023743,7
140024071,7
140024098,7
140024191,7
140024220,7
140024230,7
140024265,7
140024403,7
140024509,7
140024564,7
140024704,7
140024850,7
140024918,7
140025171,7
140025201,7
140025253,7
140025457,7
140025525,7
140025612,7
140025788,7
140025985,7
140026102,7
140026370,7
140026406,7
140026692,7
140026893,7
140027067,7
140027159,7
140027169,7
140027358,7
140027400,7
140027540,7
140027545,7
140027720,7
140027991,7
140028220,7
140028311,7
140028423,7
140028444,7
140028741,7
140028787,7
140028864,7
140028866,7
140028893,7
140028895,7
140029038,7
140029501,7
140030628,7
140030708,7
140030890,7
140031008,7
140031049,7
140031126,7
140031203,7
140031310,7
140031572,7
140031671,7
140031672,7
140031697,7
140031711,7
140031894,7
140032873,7
140033010,7
140033212,7
140033294,7
140033310,7
140033468,7
140033757,7
140034180,7
140034194,7
140034200,7
140034237,7
140034271,7
140034317,7
140034343,7
140034352,7
140034678,7
140034904,7
140035035,7
140035138,7
140035160,7
140035164,7
140035312,7
140035322,7
140035380,7
140035443,7
140035530,7
140035666,7
140035672,7
140035943,7
140035973,7
140036162,7
140036392,7
140036583,7
140036722,7
140036965,7
140037185,7
140037515,7
140037518,7
140037556,7
140037626,7
140037700,7
140037801,7
140037928,7
140037950,7
140038015,7
140038151,7
140038191,7
140038235,7
140038650,7
140038766,7
140038943,7
140038958,7
140039270,7
140039281,7
140039400,7
140039618,7
140039758,7
140040124,7
140040174,7
140040233,7
140040236,7
140040280,7
140040369,7
140040466,7
140040629,7
140040722,7
140040733,7
140040754,7
140040812,7
140040876,7
140040985,7
140041370,7
140041502,7
140041631,7
140050248,7
140050920,7
140051005,7
140051349,7
140051377,7
140051532,7
140051696,7
140051848,7
140051931,7
140051960,7
140052160,7
140052234,7
140052266,7
140052325,7
140052368,7
140052737,7
140052889,7
140053051,7
140053241,7
140053645,7
140053761,7
140053866,7
140054196,7
140054285,7
140054469,7
140054516,7
140054668,7
140055016,7
140055289,7
140055892,7
140056363,7
140056443,7
140056484,7
140056519,7
140057142,7
140057174,7
140057545,7
140057564,7
140057582,7
140057693,7
140057777,7
140058474,7
140058663,7
140059471,7
140059587,7
140059635,7
140060693,7
140060753,7
140061267,7
140061382,7
140061545,7
140061701,7
140061760,7
140061915,7
140062132,7
140062299,7
140062304,7
140062399,7
140062438,7
140062527,7
140062570,7
140062628,7
140062707,7
140063234,7
140063332,7
140063333,7
140063746,7
140063871,7
140063914,7
140063961,7
140063963,7
140064301,7
140064323,7
140064352,7
140064362,7
140064733,7
140064844,7
140064930,7
140065100,7
140065147,7
140065168,7
140065263,7
140065519,7
140066200,7
140066259,7
140066306,7
140066513,7
140066628,7
140066743,7
140066786,7
140067303,7
140067635,7
140067715,7
140067944,7
140067956,7
140068228,7
140068257,7
140068316,7
140068335,7
140068340,7
140068479,7
140068679,7
140068750,7
140068824,7
140068884,7
140069397,7
140069567,7
140069659,7
140070207,7
140071167,7
140071480,7
140071688,7
140071832,7
140072257,7
140072899,7
140073102,7
140073302,7
140073314,7
140073324,7
140073475,7
140073946,7
140073978,7
140074030,7
140074150,7
140074246,7
140074248,7
140074276,7
140074627,7
140074657,7
140074685,7
140075344,7
140075733,7
170000024,7
170000309,7
170000480,7
170000515,7
170001361,7
170001763,7
170002259,7
170002277,7
170002568,7
170002831,7
170003164,7
170003454,7
170003596,7
170004908,7
170005118,7
170005470,7
170005802,7
170005868,7
170006303,7
170006351,7
170006545,7
170006639,7
170006715,7
170006779,7
170006803,7
170007200,7
170007467,7
170008149,7
170008289,7
170008479,7
170008576,7
170008577,7
170008714,7
170008806,7
170008854,7
170009042,7
170009477,7
170009856,7
170009914,7
170009969,7
170010392,7
170010541,7
170010615,7
170011122,7
170011180,7
170011245,7
170011442,7
170011529,7
170012214,7
170012466,7
170012691,7
170012859,7
170013362,7
170013893,7
170014385,7
170014524,7
170014564,7
170014765,7
170015069,7
170015278,7
170015344,7
170015415,7
170015581,7
170015865,7
170015951,7
170015952,7
170016113,7
170016153,7
170016385,7
170017588,7
170017651,7
170018042,7
170018291,7
170018704,7
170018748,7
170018964,7
170018981,7
170019243,7
170019804,7
170020210,7
170020537,7
170020711,7
170020892,7
170020964,7
170021295,7
170021414,7
170021535,7
170021538,7
170021770,7
170022219,7
170023359,7
170023775,7
170024361,7
170024774,7
170024781,7
170025027,7
170025969,7
170026952,7
170027592,7
170027724,7
170027873,7
170029283,7
170029543,7
170029730,7
170029836,7
170029848,7
170029855,7
170030038,7
170030300,7
170030341,7
170030759,7
170030827,7
170030918,7
170030991,7
170031225,7
170031724,7
170031743,7
170031944,7
170032288,7
170033034,7
170033082,7
170033212,7
170033737,7
170033772,7
170033945,7
170034014,7
170034372,7
170035567,7
170036107,7
170036386,7
170036681,7
170036810,7
170037106,7
170037341,7
170037773,7
170039548,7
170039570,7
170039742,7
170039844,7
170040148,7
170040164,7
170040673,7
170040685,7
170042670,7
170042926,7
170043175,7
170043275,7
170043320,7
170044110,7
170044439,7
170046504,7
170046669,7
170046732,7
170047453,7
170047729,7
170047808,7
170048075,7
170048101,7
170048408,7
170048627,7
170048770,7
170048783,7
170048784,7
170048902,7
170049872,7
170050672,7
170050810,7
170051658,7
170051747,7
170051793,7
170051840,7
170051904,7
170052418,7
170052469,7
170052594,7
170052639,7
170052799,7
170052854,7
170052986,7
170053035,7
170053106,7
170053547,7
170054105,7
170054285,7
170055077,7
170056152,7
170056179,7
170056235,7
170056290,7
170056503,7
170056616,7
170056845,7
170057118,7
170057364,7
170057949,7
170058295,7
170058752,7
170059416,7
170059531,7
170059829,7
170060225,7
170061166,7
170061433,7
170063331,7
170063337,7
170063887,7
170064006,7
170064035,7
170064266,7
170065189,7
170065263,7
170065277,7
170065374,7
170066509,7
170066543,7
170066611,7
170066720,7
170067662,7
170067832,7
170068030,7
170068212,7
170068946,7
170069105,7
170069774,7
170069780,7
170070212,7
170070699,7
170070955,7
170071316,7
170071658,7
170072186,7
170072491,7
170073891,7
170074407,7
170074783,7
170074830,7
170074855,7
170075293,7
170075640,7
170075965,7
170076069,7
170076353,7
170076369,7
170076523,7
170076535,7
170076658,7
170076688,7
170077219,7
170077860,7
170078706,7
170079222,7
170079367,7
170079429,7
170079891,7
170080232,7
170080271,7
170080289,7
170080340,7
170080348,7
170080504,7
170080594,7
170081100,7
170081209,7
170081518,7
170081993,7
170082125,7
170082452,7
170083154,7
170083323,7
170083396,7
170083788,7
170084618,7
170084836,7
170084993,7
170085210,7
170085320,7
170085526,7
170085634,7
170085907,7
170086255,7
170086347,7
170086640,7
170086802,7
170087166,7
170087562,7
170087716,7
170088559,7
170088560,7
170088764,7
170088861,7
170089151,7
170090648,7
170090784,7
170090850,7
170090956,7
170091025,7
170091166,7
170091233,7
170091543,7
170091720,7
170092193,7
170092426,7
170093096,7
170093813,7
170093899,7
170094061,7
170094096,7
170094406,7
170094747,7
170094925,7
170096254,7
170096321,7
170096480,7
170096899,7
170097340,7
170097712,7
170097713,7
170097745,7
170097838,7
170097893,7
170098297,7
170098952,7
170099075,7
170099261,7
170099373,7
170099686,7
170099779,7
170099782,7
170099876,7
170100034,7
170100182,7
170100285,7
170100447,7
170100616,7
170101779,7
170101831,7
170101875,7
170102345,7
170102603,7
170102652,7
170102963,7
170102987,7
170105204,7
170105641,7
170105884,7
170106832,7
170107062,7
170107165,7
170107401,7
170107976,7
170108369,7
170108521,7
170109776,7
170109855,7
170109873,7
170110067,7
170110302,7
170111070,7
180000783,7
180000840,7
180001521,7
180002641,7
180003368,7
180003766,7
180003923,7
180004977,7
180005440,7
180005852,7
180006039,7
180006438,7
180007390,7
180007684,7
180008458,7
180008721,7
180009037,7
180009981,7
180010580,7
180011587,7
180012051,7
180012171,7
180012335,7
180012984,7
180013544,7
180013555,7
180013719,7
180014150,7
180015477,7
180015576,7
180015773,7
180016900,7
180017485,7
180017488,7
180017986,7
180018220,7
180018227,7
180020118,7
180020284,7
180020516,7
180020997,7
180021915,7
180022701,7
180022901,7
180023169,7
180023369,7
180023411,7
180024222,7
180024535,7
180024689,7
180024877,7
180025331,7
180025555,7
180025831,7
180026556,7
180026744,7
180027308,7
180027938,7
180028432,7
180028563,7
180028840,7
180029019,7
180029549,7
180030172,7
180030194,7
180030596,7
180031548,7
180031700,7
180031790,7
180033644,7
180033883,7
180034449,7
180035139,7
180035271,7
180035439,7
180035888,7
180036350,7
180036568,7
180036829,7
180037372,7
180037585,7
180037609,7
180037789,7
180038007,7
180040362,7
180042208,7
180042732,7
180043007,7
180043431,7
180044187,7
180044936,7
180044979,7
180045139,7
180045497,7
180045691,7
180045818,7
180046235,7
180046639,7
180047098,7
180047527,7
180047762,7
180048027,7
180048375,7
180048399,7
180048711,7
180048775,7
180048840,7
180049054,7
180049060,7
180049307,7
180049518,7
180049688,7
180049929,7
180050476,7
180050686,7
180051660,7
180051719,7
180051991,7
180052575,7
180053456,7
180053623,7
180053964,7
180054138,7
180054851,7
180056197,7
180056729,7
180057376,7
180057453,7
180058610,7
180059905,7
180059915,7
180060099,7
180060114,7
180060394,7
180061829,7
180061903,7
180061905,7
180062717,7
180062774,7
180063591,7
180063887,7
180064800,7
180065522,7
180066020,7
180066502,7
180066855,7
180067058,7
180067602,7
180068043,7
180068050,7
180068334,7
180068913,7
180069234,7
180069849,7
180070999,7
180071086,7
180071341,7
180072353,7
180073026,7
180073214,7
180074149,7
180074789,7
180076030,7
180076450,7
180076974,7
180077014,7
180077241,7
180078126,7
180078291,7
180079021,7
180079190,7
180080217,7
180080790,7
180081643,7
180083031,7
180083157,7
180083626,7
180083804,7
180083818,7
180083923,7
180083962,7
180084169,7
180084584,7
180084886,7
180086536,7
180086642,7
180087799,7
180088111,7
180088268,7
180088798,7
180089256,7
180090240,7
180090503,7
180091249,7
180091948,7
180092942,7
180093261,7
180093804,7
180094423,7
180094794,7
180094813,7
180095847,7
180096202,7
180096239,7
180096323,7
180096659,7
180097130,7
180097417,7
180098070,7
180098840,7
180099547,7
180099918,7
180100563,7
180100622,7
180101171,7
180101317,7
180102008,7
180102024,7
180102236,7
180102414,7
180102909,7
180103431,7
180103643,7
180104746,7
180106073,7
180106191,7
180106351,7
180106465,7
180107222,7
180107762,7
180108253,7
180108582,7
180108745,7
180108866,7
180109755,7
180110130,7
180110181,7
180110721,7
180111183,7
180111312,7
180112561,7
180112718,7
180112854,7
180113704,7
180113943,7
180113971,7
180114074,7
180114200,7
180114356,7
180115068,7
180115516,7
180115960,7
180116022,7
180116127,7
180116297,7
180116681,7
180116831,7
180117257,7
180117352,7
180117396,7
180117968,7
180118910,7
180119117,7
180119411,7
180119821,7
180119838,7
180119861,7
180120191,7
180120404,7
180120544,7
180120708,7
180121644,7
180121671,7
180121828,7
180121888,7
180122101,7
180122728,7
180123417,7
180123471,7
180123904,7
180124051,7
180124090,7
180125153,7
180125374,7
180126147,7
180126172,7
180126176,7
180127053,7
180127519,7
180127640,7
180128450,7
180130134,7
180130299,7
180130718,7
180131441,7
180131570,7
180132099,7
180132150,7
180132548,7
180132605,7
180133270,7
180134121,7
180135585,7
180135862,7
180136151,7
180137739,7
180137839,7
180137962,7
180138017,7
180138567,7
180138706,7
180138760,7
180139007,7
180139355,7
180139501,7
180139809,7
180140006,7
180140073,7
180140604,7
180140807,7
180140891,7
180141224,7
180141399,7
180141585,7
180141716,7
180142566,7
180142621,7
180144012,7
180144996,7
180145162,7
180145947,7
180146035,7
180146436,7
180146825,7
180146857,7
180146858,7
180147972,7
180148147,7
180148748,7
180148865,7
180149233,7
180149874,7
180150710,7
180150870,7
180151440,7
180151696,7
180151847,7
180152592,7
180152815,7
180152921,7
180152958,7
180152964,7
180153884,7
180155682,7
180155807,7
180155840,7
180156307,7
180156975,7
180158453,7
180158471,7
180158865,7
180159509,7
180159599,7
180161706,7
180161982,7
180162037,7
180162225,7
180162643,7
180163950,7
180166108,7
180166233,7
180166453,7
180166640,7
180167051,7
180167159,7
180167841,7
180168291,7
180168315,7
180168372,7
180168380,7
180168476,7
180168536,7
180168781,7
180168960,7
180169341,7
180169526,7
180170753,7
180171569,7
180172045,7
180172498,7
180172558,7
180172750,7
180173661,7
180174647,7
180175305,7
180175529,7
180175803,7
180175927,7
180176007,7
180176407,7
180176671,7
180176890,7
180176897,7
180177757,7
180178448,7
180178605,7
180178749,7
180179155,7
180179398,7
180180222,7
180181243,7
180181531,7
180181537,7
180182160,7
180182225,7
180182444,7
180182621,7
180182991,7
180183501,7
180184074,7
180184907,7
180185270,7
180185501,7
180185834,7
180186610,7
180186800,7
180186907,7
180187163,7
180188321,7
180188376,7
180188734,7
180188785,7
180189219,7
180189364,7
180189408,7
180189506,7
180189901,7
180190058,7
180191051,7
180193024,7
180193271,7
180193749,7
180193828,7
180194717,7
180195168,7
180195299,7
180195429,7
180198216,7
180198522,7
180198877,7
180199054,7
180199147,7
180199685,7
180199738,7
180200549,7
180200595,7
180200606,7
180201048,7
180201064,7
180201482,7
180203498,7
180204043,7
180204609,7
180204863,7
180205177,7
180205643,7
180206000,7
180206072,7
180206198,7
180206631,7
180206794,7
180206801,7
180206906,7
180207132,7
180207288,7
180207737,7
180207803,7
180207948,7
180208424,7
180208770,7
180209177,7
180209386,7
180209497,7
180209643,7
180210484,7
180210601,7
180210777,7
180211437,7
180211456,7
180211820,7
180212207,7
180212900,7
180212947,7
180213430,7
180213971,7
180215185,7
180215334,7
180215391,7
180215524,7
180215787,7
180216280,7
180216308,7
180216761,7
180217206,7
180217372,7
180217646,7
180217692,7
180218364,7
180218699,7
180219320,7
180219409,7
180219721,7
180219833,7
180219988,7
180220190,7
180220225,7
180220544,7
180221405,7
180221967,7
180222047,7
180222219,7
180222432,7
180222930,7
180223058,7
180223195,7
180223288,7
180223653,7
180223973,7
180224020,7
180224084,7
180224174,7
180224298,7
180224557,7
180225535,7
180225580,7
180225608,7
180225977,7
180226138,7
180226917,7
180226956,7
180227423,7
180227715,7
180227792,7
180227903,7
180228728,7
180229023,7
180229288,7
180229654,7
180229705,7
180229745,7
180229829,7
180229954,7
180230290,7
180230343,7
180230566,7
180230981,7
180230990,7
180231063,7
180231512,7
180231762,7
180231927,7
180231935,7
180232816,7
180232940,7
180233006,7
180234791,7
180235150,7
180235183,7
180235454,7
180235463,7
180235982,7
180236035,7
180236186,7
180236952,7
180236992,7
180237369,7
180238408,7
180238607,7
180238707,7
180239106,7
180239220,7
180239315,7
180239572,7
180239798,7
180240963,7
180241246,7
180241516,7
180241740,7
180242266,7
180242431,7
180244036,7
180244152,7
180244501,7
180244644,7
180245006,7
180245054,7
180246242,7
180246262,7
180247276,7
180248692,7
180248696,7
180249110,7
180249274,7
180249397,7
180250213,7
180250358,7
180251068,7
180251266,7
180251567,7
180252868,7
180254130,7
180254459,7
180254469,7
180254498,7
180254662,7
180256051,7
180256360,7
180256489,7
180256575,7
180256580,7
180256758,7
140000153,6
140000160,6
140000170,6
140000215,6
140000243,6
140000324,6
140000475,6
140000523,6
140000551,6
140000572,6
140000622,6
140000693,6
140000819,6
140000856,6
140000949,6
140001112,6
140001125,6
140001126,6
140001184,6
140001226,6
140001251,6
140001319,6
140001456,6
140001624,6
140001813,6
140001869,6
140001945,6
140001985,6
140002084,6
140002140,6
140002148,6
140002314,6
140002376,6
140002437,6
140002500,6
140002527,6
140002633,6
140002886,6
140002919,6
140003064,6
140003393,6
140003411,6
140003481,6
140003518,6
140003582,6
140003619,6
140003686,6
140003735,6
140003752,6
140003908,6
140003912,6
140004005,6
140004020,6
140004030,6
140004108,6
140004162,6
140004254,6
140004263,6
140004452,6
140004538,6
140004610,6
140004731,6
140004814,6
140004957,6
140005144,6
140005289,6
140005355,6
140005548,6
140005550,6
140005641,6
140005827,6
140005841,6
140006015,6
140006058,6
140006078,6
140006164,6
140006186,6
140006212,6
140006533,6
140006672,6
140006726,6
140006806,6
140006841,6
140006902,6
140006915,6
140006923,6
140007147,6
140007361,6
140007368,6
140007399,6
140007433,6
140007465,6
140007511,6
140007729,6
140007746,6
140007833,6
140007849,6
140007895,6
140008052,6
140008056,6
140008197,6
140008241,6
140008435,6
140008650,6
140008664,6
140008717,6
140008813,6
140008821,6
140008865,6
140008937,6
140009010,6
140009039,6
140009131,6
140009139,6
140009250,6
140009283,6
140009356,6
140009423,6
140009644,6
140009675,6
140009697,6
140009733,6
140009769,6
140009860,6
140009878,6
140009890,6
140009893,6
140009916,6
140010014,6
140010056,6
140010076,6
140010131,6
140010154,6
140010240,6
140010336,6
140010356,6
140010402,6
140010415,6
140010421,6
140010437,6
140010585,6
140010669,6
140010750,6
140010764,6
140010775,6
140010824,6
140011049,6
140011070,6
140011194,6
140011217,6
140011228,6
140011249,6
140011260,6
140011280,6
140011316,6
140011412,6
140011648,6
140011789,6
140011794,6
140011818,6
140011947,6
140011962,6
140012044,6
140012079,6
140012151,6
140012254,6
140012418,6
140012517,6
140012690,6
140012973,6
140013004,6
140013026,6
140013290,6
140013346,6
140013415,6
140013420,6
140013531,6
140013574,6
140013683,6
140013731,6
140013772,6
140013773,6
140013798,6
140013876,6
140013882,6
140013909,6
140013920,6
140014017,6
140014060,6
140014078,6
140014108,6
140014138,6
140014256,6
140014323,6
140014374,6
140014382,6
140014409,6
140014476,6
140014675,6
140014772,6
140014796,6
140015034,6
140015090,6
140015135,6
140015167,6
140015278,6
140015307,6
140015314,6
140015329,6
140015369,6
140015389,6
140015479,6
140015544,6
140015641,6
140015651,6
140015759,6
140015760,6
140015834,6
140015989,6
140016044,6
140016141,6
140016350,6
140016519,6
140016579,6
140016589,6
140016663,6
140016709,6
140016872,6
140016911,6
140017023,6
140017222,6
140017309,6
140017321,6
140017352,6
140017353,6
140017431,6
140017438,6
140017495,6
140017552,6
140017585,6
140017672,6
140017764,6
140017776,6
140017870,6
140017992,6
140018063,6
140018193,6
140018301,6
140018386,6
140018392,6
140018489,6
140018497,6
140018573,6
140018797,6
140018979,6
140019133,6
140019137,6
140019149,6
140019422,6
140019444,6
140019461,6
140019464,6
140019474,6
140019586,6
140019630,6
140019698,6
140019807,6
140020157,6
140020165,6
140020218,6
140020546,6
140020636,6
140020654,6
140021134,6
140021193,6
140021211,6
140021224,6
140021285,6
140021368,6
140021378,6
140021714,6
140021930,6
140021942,6
140022115,6
140022278,6
140022378,6
140022515,6
140022558,6
140022563,6
140022739,6
140022752,6
140022782,6
140022890,6
140023258,6
140023269,6
140023428,6
140023446,6
140023563,6
140023600,6
140023632,6
140023646,6
140023799,6
140023902,6
140023914,6
140023937,6
140024064,6
140024095,6
140024151,6
140024180,6
140024366,6
140024378,6
140024432,6
140024487,6
140024498,6
140024676,6
140024705,6
140024773,6
140024886,6
140024971,6
140025194,6
140025448,6
140025578,6
140025691,6
140025782,6
140025820,6
140025964,6
140026001,6
140026081,6
140026100,6
140026124,6
140026240,6
140026246,6
140026260,6
140026278,6
140026309,6
140026332,6
140026451,6
140026491,6
140026628,6
140026766,6
140026786,6
140026824,6
140026825,6
140026854,6
140026871,6
140026876,6
140026930,6
140027008,6
140027017,6
140027071,6
140027264,6
140027289,6
140027293,6
140027362,6
140027499,6
140027550,6
140027586,6
140027666,6
140027698,6
140027727,6
140027767,6
140028052,6
140028122,6
140028173,6
140028234,6
140028248,6
140028265,6
140028278,6
140028364,6
140028365,6
140028416,6
140028426,6
140028696,6
140029018,6
140029020,6
140029040,6
140029055,6
140029244,6
140029247,6
140029425,6
140029441,6
140029442,6
140029522,6
140029555,6
140029744,6
140029963,6
140030030,6
140030409,6
140030422,6
140030465,6
140030583,6
140030667,6
140030673,6
140030785,6
140030786,6
140030797,6
140030840,6
140030903,6
140031157,6
140031284,6
140031348,6
140031613,6
140031888,6
140031996,6
140032107,6
140032210,6
140032348,6
140032715,6
140032871,6
140032948,6
140033043,6
140033190,6
140033239,6
140033329,6
140033459,6
140033508,6
140033577,6
140033668,6
140033730,6
140033752,6
140033769,6
140034167,6
140034354,6
140034417,6
140034531,6
140034600,6
140034608,6
140034907,6
140034916,6
140035085,6
140035334,6
140035346,6
140035374,6
140036138,6
140036202,6
140036331,6
140036358,6
140036478,6
140036498,6
140036572,6
140036683,6
140036702,6
140036824,6
140036934,6
140037017,6
140037073,6
140037296,6
140037385,6
140037513,6
140037522,6
140037590,6
140037632,6
140037662,6
140037833,6
140038000,6
140038174,6
140038255,6
140038486,6
140038561,6
140038591,6
140038774,6
140038824,6
140038971,6
140038982,6
140039001,6
140039066,6
140039248,6
140039267,6
140039363,6
140039604,6
140039638,6
140039727,6
140039768,6
140039818,6
140039934,6
140040041,6
140040092,6
140040165,6
140040172,6
140040212,6
140040468,6
140040768,6
140040774,6
140041081,6
140041101,6
140041121,6
140041160,6
140041254,6
140041354,6
140041369,6
140041371,6
140041397,6
140041532,6
140041533,6
140041590,6
140041675,6
140041680,6
140041701,6
140041896,6
140041906,6
140050311,6
140050388,6
140050404,6
140050414,6
140050503,6
140050737,6
140050860,6
140050865,6
140050894,6
140050899,6
140050937,6
140051093,6
140051096,6
140051106,6
140051252,6
140051693,6
140051844,6
140051925,6
140052072,6
140052235,6
140052314,6
140052355,6
140052477,6
140052649,6
140052711,6
140052767,6
140052877,6
140052933,6
140052991,6
140053092,6
140053175,6
140053179,6
140053230,6
140053474,6
140053892,6
140053976,6
140054053,6
140054108,6
140054117,6
140054210,6
140054524,6
140054588,6
140054746,6
140054799,6
140054932,6
140055161,6
140055251,6
140055381,6
140055624,6
140055749,6
140055857,6
140055976,6
140056178,6
140056332,6
140056507,6
140056638,6
140056706,6
140056841,6
140056857,6
140057121,6
140057147,6
140057588,6
140057699,6
140057773,6
140057913,6
140057957,6
140058041,6
140058058,6
140058088,6
140058175,6
140058204,6
140058375,6
140058523,6
140058618,6
140058664,6
140058754,6
140058783,6
140058788,6
140058797,6
140058911,6
140059075,6
140059088,6
140059101,6
140059184,6
140059396,6
140059430,6
140059461,6
140059489,6
140059500,6
140059665,6
140059695,6
140059830,6
140060016,6
140060024,6
140060048,6
140060095,6
140060219,6
140060250,6
140060309,6
140060382,6
140060408,6
140060598,6
140060686,6
140060778,6
140060855,6
140060907,6
140060914,6
140060935,6
140060941,6
140061347,6
140061385,6
140061648,6
140061804,6
140061887,6
140061989,6
140062015,6
140062016,6
140062031,6
140062056,6
140062071,6
140062125,6
140062334,6
140062357,6
140062476,6
140062706,6
140062827,6
140063027,6
140063140,6
140063208,6
140063375,6
140063420,6
140063430,6
140063717,6
140063762,6
140063827,6
140063844,6
140063847,6
140063967,6
140064050,6
140064120,6
140064350,6
140064367,6
140064445,6
140064464,6
140064489,6
140064494,6
140064777,6
140064942,6
140065163,6
140065299,6
140065301,6
140065344,6
140065502,6
140065690,6
140065733,6
140065797,6
140065946,6
140066079,6
140066139,6
140066151,6
140066248,6
140066290,6
140066345,6
140066704,6
140067665,6
140067701,6
140068182,6
140068390,6
140068491,6
140068555,6
140068653,6
140068703,6
140068797,6
140069422,6
140069485,6
140069554,6
140069721,6
140069874,6
140070172,6
140070415,6
140070937,6
140071064,6
140071330,6
140071334,6
140071387,6
140071636,6
140071810,6
140071964,6
140072173,6
140072222,6
140072455,6
140072633,6
140072821,6
140073173,6
140073336,6
140073361,6
140073458,6
140073573,6
140073589,6
140073639,6
140073750,6
140073795,6
140073990,6
140074311,6
140074347,6
140074371,6
140074707,6
140074717,6
140074967,6
140075239,6
140075660,6
140075794,6
170001019,6
170001398,6
170001891,6
170001930,6
170002073,6
170002553,6
170002679,6
170002724,6
170002795,6
170002919,6
170003312,6
170003380,6
170003621,6
170003692,6
170004230,6
170004456,6
170004580,6
170004594,6
170004651,6
170004981,6
170005000,6
170005019,6
170005025,6
170005172,6
170005287,6
170005440,6
170005501,6
170005517,6
170005549,6
170005936,6
170005953,6
170006016,6
170006171,6
170006350,6
170006430,6
170006656,6
170006805,6
170006859,6
170006876,6
170006920,6
170007075,6
170007289,6
170007430,6
170008002,6
170008047,6
170008068,6
170008184,6
170008242,6
170008521,6
170008588,6
170009220,6
170009371,6
170009483,6
170009654,6
170010506,6
170010670,6
170010884,6
170011132,6
170011291,6
170011377,6
170011682,6
170011991,6
170012042,6
170012127,6
170012279,6
170012295,6
170012658,6
170012661,6
170012843,6
170012892,6
170013049,6
170013194,6
170013498,6
170013706,6
170013730,6
170013815,6
170014320,6
170014666,6
170014750,6
170014785,6
170015039,6
170015089,6
170015727,6
170015777,6
170015850,6
170015955,6
170016593,6
170017008,6
170017450,6
170017473,6
170017514,6
170017743,6
170018404,6
170018550,6
170018647,6
170018732,6
170018996,6
170019387,6
170019461,6
170019504,6
170020307,6
170020384,6
170020632,6
170021043,6
170021147,6
170021667,6
170022243,6
170022254,6
170022554,6
170022853,6
170023106,6
170023936,6
170024212,6
170024391,6
170024396,6
170024581,6
170024618,6
170024672,6
170024748,6
170025344,6
170025369,6
170025603,6
170025784,6
170026168,6
170026395,6
170026544,6
170026596,6
170027079,6
170027228,6
170027362,6
170027406,6
170027588,6
170027859,6
170028281,6
170029260,6
170029902,6
170029976,6
170030162,6
170030451,6
170030762,6
170031063,6
170031391,6
170031417,6
170031494,6
170031530,6
170031620,6
170031642,6
170032061,6
170032176,6
170032301,6
170032387,6
170032511,6
170033166,6
170033237,6
170033951,6
170034171,6
170034652,6
170034694,6
170034749,6
170034763,6
170035036,6
170035055,6
170035078,6
170035357,6
170035587,6
170036228,6
170036856,6
170036893,6
170037242,6
170037466,6
170037577,6
170037706,6
170037757,6
170037874,6
170037936,6
170038023,6
170038073,6
170038211,6
170038328,6
170038454,6
170039099,6
170039158,6
170039188,6
170039448,6
170039521,6
170039612,6
170039944,6
170040068,6
170040097,6
170040238,6
170040457,6
170040556,6
170040661,6
170040926,6
170041666,6
170041786,6
170042035,6
170042037,6
170042083,6
170042203,6
170042681,6
170042690,6
170042923,6
170043038,6
170043454,6
170043661,6
170043723,6
170043850,6
170043903,6
170043973,6
170044013,6
170044146,6
170044814,6
170044971,6
170045221,6
170045306,6
170045533,6
170045789,6
170045974,6
170046765,6
170046947,6
170047290,6
170047684,6
170047788,6
170047875,6
170047879,6
170048007,6
170048271,6
170048466,6
170048664,6
170048741,6
170048885,6
170049032,6
170049264,6
170049324,6
170050194,6
170050414,6
170050709,6
170051013,6
170051265,6
170051675,6
170051884,6
170051975,6
170051992,6
170052351,6
170052595,6
170052694,6
170052736,6
170052784,6
170052976,6
170052979,6
170053199,6
170053295,6
170053581,6
170053790,6
170053807,6
170053990,6
170054070,6
170054098,6
170054213,6
170054737,6
170054888,6
170054914,6
170055149,6
170055155,6
170055207,6
170055306,6
170055463,6
170055625,6
170055774,6
170055817,6
170056415,6
170056711,6
170056875,6
170057334,6
170057354,6
170057730,6
170057958,6
170058116,6
170058264,6
170058454,6
170058483,6
170058614,6
170058623,6
170058809,6
170059417,6
170059863,6
170059951,6
170060022,6
170060035,6
170060166,6
170060249,6
170060635,6
170060644,6
170060774,6
170061078,6
170061725,6
170062015,6
170062107,6
170062168,6
170062280,6
170062857,6
170062865,6
170062877,6
170063011,6
170063056,6
170063075,6
170063293,6
170063533,6
170063555,6
170064055,6
170064095,6
170064380,6
170064412,6
170064555,6
170064609,6
170064718,6
170065116,6
170065204,6
170065756,6
170066157,6
170066587,6
170066667,6
170066758,6
170067195,6
170067239,6
170067569,6
170067572,6
170067585,6
170067648,6
170067709,6
170067745,6
170067837,6
170067958,6
170067988,6
170068498,6
170068816,6
170069117,6
170069392,6
170069627,6
170069738,6
170069775,6
170070001,6
170070130,6
170070682,6
170070786,6
170071007,6
170071037,6
170071199,6
170071521,6
170071806,6
170071860,6
170071982,6
170072038,6
170072258,6
170072328,6
170072353,6
170072526,6
170072779,6
170072911,6
170073035,6
170074051,6
170074106,6
170074335,6
170074384,6
170074479,6
170074673,6
170075242,6
170075422,6
170075788,6
170076280,6
170076552,6
170076934,6
170077104,6
170077140,6
170077309,6
170077324,6
170077838,6
170077881,6
170078338,6
170079060,6
170079190,6
170079421,6
170079810,6
170080140,6
170080432,6
170080471,6
170080481,6
170080622,6
170080732,6
170080814,6
170081025,6
170081136,6
170081473,6
170081670,6
170081822,6
170082095,6
170082244,6
170082324,6
170082518,6
170082638,6
170083023,6
170083305,6
170083613,6
170085091,6
170085134,6
170085164,6
170085180,6
170085403,6
170085450,6
170085679,6
170085789,6
170085971,6
170086065,6
170086111,6
170086341,6
170086853,6
170087035,6
170087102,6
170087188,6
170087190,6
170087631,6
170088030,6
170088152,6
170088331,6
170088637,6
170088967,6
170088970,6
170089160,6
170089307,6
170089359,6
170089563,6
170089769,6
170089882,6
170090024,6
170090791,6
170090909,6
170090946,6
170090964,6
170091291,6
170091305,6
170091361,6
170091435,6
170091451,6
170091891,6
170091934,6
170092503,6
170092527,6
170092837,6
170092888,6
170093147,6
170093151,6
170093418,6
170093444,6
170093681,6
170093781,6
170094037,6
170094126,6
170094212,6
170094275,6
170094408,6
170094931,6
170094974,6
170095057,6
170095232,6
170095574,6
170095905,6
170095913,6
170096070,6
170096096,6
170096330,6
170096823,6
170097098,6
170097356,6
170097467,6
170097662,6
170098269,6
170098829,6
170098972,6
170098980,6
170099019,6
170099045,6
170099551,6
170099645,6
170100190,6
170100451,6
170100675,6
170100688,6
170100738,6
170101077,6
170101865,6
170102289,6
170102529,6
170102597,6
170102677,6
170102855,6
170103024,6
170103359,6
170103806,6
170103877,6
170103993,6
170104205,6
170104230,6
170104402,6
170104443,6
170104707,6
170104738,6
170104963,6
170105000,6
170105075,6
170105160,6
170105206,6
170105309,6
170105324,6
170105657,6
170105839,6
170106052,6
170106087,6
170106266,6
170106801,6
170106917,6
170107050,6
170107197,6
170107541,6
170107613,6
170108159,6
170108219,6
170108295,6
170108298,6
170108374,6
170108695,6
170108804,6
170109072,6
170109147,6
170109199,6
170109587,6
170109609,6
170109696,6
170109799,6
170110358,6
170110622,6
170111063,6
170111081,6
170111116,6
170111152,6
170111260,6
170111580,6
180000134,6
180000197,6
180000470,6
180000691,6
180000752,6
180000893,6
180001153,6
180001749,6
180002014,6
180002021,6
180002073,6
180002244,6
180003017,6
180003152,6
180003174,6
180003498,6
180003696,6
180003774,6
180003822,6
180004429,6
180004805,6
180005053,6
180005569,6
180005659,6
180006084,6
180006201,6
180006385,6
180006388,6
180006405,6
180006526,6
180006536,6
180006541,6
180006939,6
180006940,6
180006954,6
180006960,6
180007330,6
180007396,6
180007579,6
180007855,6
180008093,6
180008379,6
180008842,6
180008904,6
180009308,6
180009509,6
180009707,6
180009819,6
180010149,6
180010171,6
180010245,6
180010512,6
180010749,6
180010776,6
180010847,6
180010860,6
180010943,6
180011023,6
180011145,6
180011547,6
180011759,6
180011775,6
180012298,6
180012384,6
180012386,6
180013208,6
180013277,6
180013811,6
180013851,6
180014012,6
180014698,6
180014731,6
180014889,6
180015226,6
180015675,6
180015677,6
180015843,6
180015915,6
180016152,6
180016204,6
180016230,6
180016384,6
180016605,6
180016690,6
180016964,6
180017076,6
180017519,6
180017917,6
180017998,6
180018149,6
180018432,6
180018632,6
180018661,6
180018823,6
180019064,6
180019208,6
180019395,6
180019699,6
180019710,6
180020040,6
180020171,6
180020544,6
180020881,6
180021775,6
180021971,6
180022153,6
180022449,6
180022687,6
180023589,6
180023647,6
180023650,6
180024226,6
180024330,6
180025401,6
180025618,6
180025848,6
180026113,6
180026264,6
180027083,6
180027344,6
180027715,6
180028046,6
180028070,6
180028304,6
180028519,6
180028764,6
180028870,6
180029003,6
180029112,6
180029520,6
180029897,6
180029917,6
180030156,6
180030406,6
180030478,6
180030814,6
180030967,6
180031090,6
180031259,6
180031519,6
180032565,6
180032841,6
180032981,6
180033581,6
180033878,6
180034023,6
180034389,6
180034421,6
180034456,6
180034715,6
180035549,6
180036150,6
180036921,6
180037290,6
180037459,6
180037994,6
180038024,6
180038105,6
180038339,6
180038588,6
180039056,6
180039323,6
180039753,6
180040215,6
180040819,6
180041203,6
180041228,6
180041691,6
180041737,6
180041899,6
180042141,6
180042366,6
180042680,6
180042685,6
180043190,6
180043514,6
180043627,6
180044056,6
180044360,6
180044627,6
180044854,6
180045159,6
180045291,6
180045312,6
180045483,6
180045650,6
180045654,6
180046130,6
180046387,6
180046574,6
180046777,6
180046926,6
180047604,6
180047695,6
180048009,6
180048085,6
180048115,6
180048309,6
180048334,6
180048420,6
180049115,6
180049157,6
180049332,6
180049500,6
180049592,6
180049930,6
180050124,6
180050455,6
180050518,6
180050761,6
180050941,6
180051206,6
180051570,6
180052079,6
180052251,6
180052557,6
180052742,6
180053297,6
180053816,6
180054708,6
180054987,6
180055137,6
180055195,6
180055245,6
180055390,6
180055604,6
180056034,6
180056098,6
180056262,6
180056263,6
180056505,6
180056533,6
180056767,6
180057307,6
180057384,6
180057975,6
180057990,6
180058411,6
180058416,6
180058578,6
180058858,6
180058897,6
180059028,6
180059273,6
180059685,6
180059727,6
180060128,6
180060205,6
180060222,6
180060365,6
180060437,6
180060707,6
180061525,6
180061712,6
180061791,6
180061848,6
180062170,6
180062497,6
180062546,6
180062611,6
180062806,6
180062826,6
180062872,6
180062930,6
180062992,6
180063118,6
180063570,6
180064010,6
180064112,6
180064158,6
180064414,6
180064672,6
180064752,6
180064859,6
180064961,6
180064985,6
180065069,6
180065238,6
180065432,6
180065668,6
180066062,6
180066295,6
180066501,6
180066749,6
180066831,6
180066970,6
180067164,6
180067342,6
180067502,6
180067876,6
180067994,6
180068055,6
180068644,6
180068667,6
180068870,6
180068944,6
180069455,6
180069671,6
180069901,6
180069921,6
180069973,6
180070137,6
180070445,6
180070479,6
180071409,6
180071648,6
180071856,6
180072129,6
180072710,6
180072925,6
180073053,6
180073068,6
180073699,6
180073771,6
180073881,6
180074014,6
180075699,6
180075728,6
180076085,6
180076152,6
180076369,6
180076682,6
180076965,6
180077353,6
180077925,6
180078025,6
180078514,6
180079018,6
180079632,6
180079753,6
180079936,6
180080220,6
180080317,6
180080553,6
180080882,6
180081338,6
180081378,6
180081641,6
180081834,6
180081886,6
180082113,6
180082224,6
180082299,6
180082591,6
180082689,6
180082872,6
180083027,6
180083360,6
180083365,6
180083554,6
180083753,6
180083922,6
180083981,6
180084093,6
180084160,6
180084432,6
180084520,6
180084884,6
180085216,6
180085345,6
180085776,6
180085880,6
180086044,6
180086357,6
180086495,6
180086520,6
180086555,6
180087273,6
180087283,6
180087620,6
180087996,6
180088007,6
180088677,6
180089248,6
180089848,6
180090001,6
180090021,6
180090471,6
180090716,6
180091408,6
180092068,6
180092070,6
180092393,6
180092698,6
180092717,6
180092818,6
180092827,6
180093421,6
180093920,6
180094041,6
180094147,6
180095686,6
180095759,6
180096119,6
180096134,6
180096164,6
180096606,6
180097276,6
180097327,6
180097970,6
180098032,6
180098278,6
180098289,6
180098420,6
180098447,6
180098807,6
180098890,6
180099168,6
180099188,6
180099432,6
180099488,6
180099563,6
180099638,6
180100066,6
180100222,6
180100645,6
180100670,6
180100709,6
180100833,6
180100999,6
180101435,6
180101666,6
180101917,6
180101958,6
180102202,6
180102337,6
180102380,6
180102722,6
180102986,6
180103265,6
180103452,6
180103493,6
180103510,6
180103727,6
180103858,6
180103887,6
180103974,6
180104191,6
180104620,6
180104919,6
180104977,6
180105014,6
180105108,6
180105358,6
180105752,6
180106108,6
180106217,6
180106254,6
180106398,6
180106546,6
180106920,6
180107232,6
180107649,6
180107653,6
180108143,6
180108261,6
180108350,6
180108374,6
180108691,6
180109493,6
180109542,6
180109617,6
180109874,6
180110405,6
180111243,6
180111304,6
180111380,6
180111413,6
180111912,6
180112088,6
180112203,6
180112432,6
180112940,6
180113025,6
180113269,6
180113783,6
180113881,6
180113912,6
180113956,6
180114083,6
180114542,6
180114706,6
180114890,6
180114928,6
180115062,6
180115698,6
180115761,6
180115838,6
180115953,6
180116104,6
180116243,6
180116607,6
180117058,6
180117999,6
180118399,6
180118451,6
180118817,6
180119250,6
180119283,6
180119531,6
180120706,6
180121400,6
180121501,6
180121825,6
180122112,6
180122622,6
180122720,6
180122848,6
180122938,6
180123165,6
180123228,6
180123243,6
180123651,6
180123731,6
180124124,6
180124907,6
180125100,6
180125331,6
180125540,6
180125542,6
180125795,6
180126041,6
180126180,6
180126604,6
180126846,6
180127203,6
180127622,6
180127683,6
180129196,6
180130036,6
180130105,6
180130168,6
180130306,6
180130337,6
180130364,6
180130456,6
180130524,6
180130835,6
180130948,6
180131114,6
180131494,6
180131681,6
180131740,6
180131793,6
180131999,6
180132051,6
180132240,6
180133018,6
180133518,6
180134001,6
180134152,6
180134157,6
180134297,6
180135130,6
180135310,6
180135576,6
180135730,6
180135761,6
180135773,6
180136175,6
180136413,6
180136507,6
180136558,6
180136645,6
180136771,6
180137489,6
180137552,6
180137600,6
180137762,6
180137783,6
180137829,6
180137845,6
180138077,6
180138140,6
180138150,6
180138728,6
180138915,6
180139146,6
180139182,6
180139531,6
180139605,6
180139781,6
180139856,6
180140436,6
180140650,6
180141001,6
180142274,6
180142637,6
180142779,6
180142799,6
180142887,6
180143021,6
180143060,6
180143154,6
180143316,6
180144082,6
180144215,6
180144349,6
180144439,6
180144521,6
180144690,6
180145352,6
180145420,6
180145481,6
180145657,6
180146334,6
180146427,6
180146428,6
180146566,6
180146714,6
180146986,6
180147295,6
180147327,6
180147895,6
180148072,6
180148662,6
180148718,6
180149260,6
180149513,6
180149599,6
180149679,6
180149936,6
180150279,6
180150464,6
180150676,6
180150821,6
180150882,6
180151137,6
180151140,6
180151739,6
180151915,6
180151939,6
180152063,6
180152605,6
180152719,6
180153192,6
180153194,6
180153365,6
180153373,6
180153492,6
180153654,6
180153876,6
180153949,6
180154135,6
180154203,6
180154329,6
180154482,6
180154586,6
180155165,6
180155271,6
180155598,6
180155895,6
180156045,6
180156145,6
180156748,6
180156886,6
180156968,6
180157094,6
180157102,6
180157266,6
180157373,6
180157551,6
180157769,6
180158209,6
180158295,6
180158748,6
180158760,6
180158779,6
180159319,6
180159646,6
180159790,6
180159818,6
180160260,6
180160270,6
180160286,6
180160543,6
180160720,6
180161005,6
180161009,6
180161144,6
180161437,6
180161695,6
180162058,6
180162501,6
180162572,6
180162841,6
180163219,6
180163430,6
180163558,6
180163646,6
180163716,6
180164043,6
180164205,6
180164328,6
180164421,6
180164966,6
180165009,6
180165129,6
180165206,6
180165299,6
180165303,6
180165382,6
180165897,6
180166167,6
180166442,6
180166495,6
180166753,6
180166870,6
180167377,6
180167761,6
180167793,6
180168552,6
180168894,6
180169414,6
180169504,6
180169629,6
180169715,6
180170079,6
180170234,6
180170365,6
180170599,6
180170856,6
180170893,6
180171023,6
180171373,6
180171775,6
180171849,6
180172634,6
180172699,6
180172857,6
180173199,6
180173292,6
180173442,6
180174072,6
180174150,6
180174151,6
180174227,6
180174355,6
180174401,6
180174501,6
180175043,6
180175733,6
180176511,6
180177362,6
180177476,6
180178056,6
180178308,6
180178686,6
180179259,6
180179416,6
180179470,6
180179716,6
180179861,6
180180037,6
180180065,6
180180354,6
180181268,6
180181302,6
180181517,6
180181525,6
180181826,6
180181940,6
180182198,6
180182896,6
180183056,6
180183625,6
180183963,6
180184406,6
180185335,6
180185357,6
180185717,6
180186231,6
180186590,6
180187119,6
180187230,6
180187360,6
180187616,6
180187860,6
180187879,6
180188010,6
180188052,6
180188245,6
180188287,6
180188588,6
180188611,6
180188954,6
180188963,6
180189007,6
180189017,6
180189452,6
180189521,6
180190318,6
180190639,6
180190758,6
180190762,6
180190787,6
180190794,6
180190916,6
180190988,6
180191075,6
180191264,6
180191457,6
180191825,6
180192388,6
180192417,6
180192556,6
180192621,6
180192691,6
180192977,6
180193160,6
180193177,6
180193648,6
180193970,6
180194056,6
180194078,6
180194267,6
180194425,6
180194627,6
180195121,6
180195165,6
180195231,6
180195390,6
180195760,6
180196030,6
180196173,6
180196237,6
180196688,6
180197003,6
180197347,6
180197635,6
180198040,6
180198098,6
180198439,6
180198709,6
180198923,6
180199410,6
180199597,6
180199658,6
180199774,6
180200114,6
180200282,6
180200840,6
180200921,6
180201059,6
180201109,6
180201164,6
180201211,6
180201538,6
180201578,6
180201845,6
180201857,6
180202324,6
180202666,6
180202738,6
180203017,6
180203148,6
180203301,6
180203589,6
180203629,6
180204060,6
180204263,6
180204288,6
180204406,6
180204463,6
180204580,6
180204751,6
180204773,6
180205207,6
180205369,6
180206089,6
180206117,6
180206125,6
180206381,6
180206714,6
180206866,6
180207424,6
180207601,6
180207639,6
180207993,6
180208372,6
180208389,6
180208502,6
180208667,6
180208682,6
180208683,6
180208809,6
180208928,6
180209470,6
180209554,6
180210507,6
180210771,6
180210897,6
180211375,6
180211692,6
180211990,6
180212094,6
180212102,6
180212133,6
180212153,6
180212592,6
180212788,6
180212996,6
180213063,6
180213072,6
180213603,6
180213688,6
180213871,6
180214052,6
180214526,6
180214928,6
180215051,6
180215125,6
180215274,6
180215308,6
180215427,6
180215529,6
180215982,6
180216200,6
180216627,6
180216877,6
180217551,6
180217899,6
180219137,6
180219198,6
180219361,6
180219458,6
180219612,6
180219647,6
180219819,6
180220433,6
180220510,6
180220568,6
180220679,6
180220754,6
180220959,6
180221055,6
180221353,6
180221746,6
180221831,6
180222787,6
180223039,6
180223348,6
180223454,6
180223483,6
180223865,6
180224021,6
180224183,6
180224785,6
180224843,6
180226079,6
180226098,6
180226265,6
180226662,6
180227069,6
180227113,6
180227195,6
180227379,6
180227574,6
180227668,6
180227694,6
180227856,6
180227967,6
180228036,6
180228076,6
180228188,6
180228395,6
180229599,6
180229750,6
180229883,6
180229933,6
180230191,6
180230213,6
180230283,6
180230396,6
180230451,6
180230457,6
180230483,6
180230506,6
180230924,6
180230951,6
180231353,6
180231579,6
180231881,6
180231884,6
180232516,6
180232545,6
180232577,6
180232825,6
180232869,6
180233201,6
180233262,6
180233268,6
180233467,6
180233532,6
180234007,6
180234283,6
180234419,6
180234770,6
180234870,6
180234995,6
180235004,6
180235102,6
180235244,6
180235712,6
180235824,6
180235899,6
180236549,6
180236702,6
180237025,6
180237398,6
180237464,6
180237648,6
180237892,6
180238054,6
180238291,6
180238796,6
180239086,6
180239100,6
180239146,6
180239456,6
180239906,6
180240504,6
180240968,6
180241845,6
180241872,6
180242103,6
180242452,6
180242583,6
180243095,6
180243620,6
180243822,6
180244098,6
180244374,6
180244735,6
180244746,6
180245202,6
180245329,6
180245592,6
180245658,6
180246137,6
180246624,6
180247073,6
180247268,6
180247452,6
180247518,6
180248132,6
180248424,6
180248431,6
180248893,6
180249061,6
180249495,6
180249616,6
180249628,6
180249649,6
180249732,6
180249802,6
180249944,6
180250007,6
180250244,6
180250342,6
180250490,6
180250846,6
180251674,6
180251790,6
180251870,6
180251988,6
180252123,6
180252340,6
180252963,6
180253033,6
180253133,6
180253450,6
180253626,6
180253691,6
180254262,6
180254413,6
180254827,6
180254870,6
180254915,6
180254917,6
180255046,6
180255080,6
180255280,6
180255589,6
180256035,6
180256046,6
180256100,6
180256163,6
180256667,6
180256819,6
180256848,6
140000124,5
140000204,5
140000280,5
140000284,5
140000291,5
140000335,5
140000336,5
140000733,5
140000829,5
140000977,5
140001072,5
140001143,5
140001190,5
140001202,5
140001437,5
140001448,5
140001503,5
140001691,5
140001929,5
140001941,5
140001965,5
140001992,5
140002013,5
140002030,5
140002292,5
140002542,5
140002681,5
140002682,5
140002789,5
140002793,5
140002902,5
140002974,5
140002984,5
140002987,5
140003025,5
140003147,5
140003522,5
140003532,5
140003649,5
140003650,5
140003958,5
140004377,5
140004380,5
140004383,5
140004411,5
140004423,5
140004456,5
140004576,5
140004583,5
140004650,5
140004680,5
140004984,5
140005184,5
140005309,5
140005383,5
140005402,5
140005473,5
140005526,5
140005838,5
140005901,5
140005957,5
140005999,5
140006011,5
140006077,5
140006100,5
140006276,5
140006292,5
140006304,5
140006367,5
140006429,5
140006760,5
140006925,5
140007060,5
140007097,5
140007153,5
140007197,5
140007208,5
140007245,5
140007470,5
140007525,5
140007852,5
140007865,5
140007882,5
140008015,5
140008028,5
140008195,5
140008213,5
140008370,5
140008423,5
140008495,5
140008567,5
140008582,5
140008646,5
140008736,5
140009034,5
140009103,5
140009133,5
140009277,5
140009363,5
140009405,5
140009467,5
140009513,5
140009592,5
140009655,5
140009750,5
140009760,5
140009851,5
140009857,5
140010025,5
140010170,5
140010172,5
140010202,5
140010259,5
140010406,5
140010419,5
140010800,5
140010830,5
140010851,5
140010883,5
140010911,5
140010933,5
140011007,5
140011097,5
140011109,5
140011204,5
140011221,5
140011224,5
140011427,5
140011857,5
140011894,5
140011995,5
140012022,5
140012138,5
140012332,5
140012532,5
140012550,5
140012566,5
140012620,5
140012628,5
140012841,5
140013043,5
140013194,5
140013441,5
140013513,5
140013532,5
140013712,5
140013740,5
140013775,5
140013841,5
140013861,5
140014086,5
140014102,5
140014404,5
140014465,5
140014467,5
140014551,5
140014568,5
140014587,5
140014620,5
140014664,5
140014696,5
140014761,5
140014818,5
140014848,5
140014896,5
140015051,5
140015098,5
140015115,5
140015186,5
140015188,5
140015238,5
140015269,5
140015270,5
140015281,5
140015784,5
140015791,5
140015803,5
140015874,5
140015875,5
140016025,5
140016042,5
140016164,5
140016168,5
140016171,5
140016188,5
140016254,5
140016407,5
140016671,5
140016775,5
140016798,5
140016853,5
140017021,5
140017036,5
140017155,5
140017165,5
140017305,5
140017373,5
140017452,5
140017541,5
140017608,5
140017610,5
140017742,5
140017849,5
140017924,5
140018135,5
140018318,5
140018327,5
140018453,5
140018535,5
140018619,5
140018675,5
140018682,5
140018788,5
140019002,5
140019561,5
140019606,5
140019666,5
140019984,5
140020053,5
140021208,5
140021887,5
140021895,5
140021956,5
140021973,5
140021995,5
140022117,5
140022168,5
140022248,5
140022270,5
140022307,5
140022327,5
140022350,5
140022498,5
140022566,5
140022606,5
140022860,5
140022971,5
140023164,5
140023218,5
140023237,5
140023272,5
140023321,5
140023593,5
140023666,5
140023682,5
140023704,5
140023798,5
140023922,5
140023947,5
140023957,5
140024088,5
140024234,5
140024384,5
140024415,5
140024447,5
140024469,5
140024534,5
140024563,5
140024584,5
140024597,5
140024696,5
140024756,5
140025155,5
140025221,5
140025238,5
140025545,5
140025551,5
140025625,5
140025630,5
140025631,5
140025729,5
140026030,5
140026340,5
140026404,5
140026634,5
140026829,5
140026856,5
140026858,5
140026877,5
140026956,5
140027022,5
140027142,5
140027356,5
140027560,5
140027702,5
140027729,5
140028025,5
140028133,5
140028155,5
140028205,5
140028243,5
140028273,5
140028538,5
140028550,5
140028652,5
140028712,5
140028921,5
140028993,5
140029022,5
140029061,5
140029086,5
140029234,5
140029388,5
140029431,5
140029505,5
140029582,5
140029584,5
140029590,5
140029759,5
140029802,5
140029977,5
140030029,5
140030166,5
140030633,5
140030877,5
140030889,5
140030906,5
140030972,5
140031018,5
140031056,5
140031096,5
140031207,5
140031210,5
140031404,5
140031407,5
140031413,5
140031932,5
140032037,5
140032081,5
140032144,5
140032395,5
140032464,5
140032728,5
140032832,5
140032859,5
140033070,5
140033092,5
140033296,5
140033568,5
140033710,5
140034164,5
140034216,5
140034229,5
140034402,5
140034422,5
140034473,5
140034560,5
140035075,5
140035082,5
140035095,5
140035230,5
140035382,5
140035444,5
140035460,5
140035714,5
140035916,5
140035989,5
140036200,5
140036327,5
140036431,5
140036504,5
140036853,5
140036880,5
140037077,5
140037100,5
140037277,5
140037286,5
140037335,5
140037436,5
140037448,5
140037737,5
140037831,5
140037982,5
140038053,5
140038125,5
140038259,5
140038542,5
140038553,5
140038597,5
140038741,5
140038906,5
140039134,5
140039365,5
140039429,5
140039487,5
140039504,5
140039789,5
140039876,5
140039937,5
140040075,5
140040222,5
140040224,5
140040232,5
140040375,5
140040736,5
140041071,5
140041195,5
140041213,5
140041237,5
140041270,5
140041399,5
140041574,5
140041731,5
140041774,5
140050000,5
140050023,5
140050054,5
140050124,5
140050307,5
140050382,5
140050416,5
140050592,5
140050720,5
140050805,5
140050904,5
140051228,5
140051495,5
140051651,5
140051870,5
140052111,5
140052151,5
140052169,5
140052453,5
140052510,5
140052537,5
140052627,5
140052749,5
140052797,5
140052918,5
140052974,5
140052997,5
140053165,5
140053270,5
140053462,5
140053688,5
140053695,5
140053789,5
140053842,5
140053942,5
140053951,5
140054056,5
140054064,5
140054075,5
140054324,5
140054777,5
140054928,5
140055317,5
140055675,5
140055899,5
140056314,5
140056440,5
140056477,5
140056487,5
140057071,5
140057094,5
140057151,5
140057450,5
140057503,5
140057676,5
140057783,5
140057828,5
140057967,5
140057999,5
140058106,5
140058363,5
140058390,5
140058432,5
140058477,5
140058487,5
140058492,5
140058747,5
140058961,5
140059014,5
140059073,5
140059191,5
140059391,5
140059479,5
140059643,5
140059761,5
140059986,5
140060037,5
140060086,5
140060354,5
140060567,5
140060750,5
140061017,5
140061075,5
140061257,5
140061432,5
140061565,5
140061587,5
140061736,5
140061835,5
140061938,5
140062029,5
140062172,5
140062374,5
140062388,5
140062439,5
140063105,5
140063149,5
140063361,5
140063619,5
140063837,5
140063912,5
140064158,5
140064516,5
140064520,5
140064698,5
140064934,5
140065351,5
140065388,5
140065719,5
140065753,5
140065845,5
140065913,5
140065998,5
140066011,5
140066034,5
140066182,5
140066265,5
140066394,5
140066576,5
140066795,5
140066925,5
140067197,5
140067327,5
140067380,5
140067673,5
140067734,5
140068097,5
140068110,5
140068208,5
140068309,5
140068416,5
140068427,5
140068598,5
140068609,5
140068651,5
140068735,5
140068765,5
140068860,5
140069226,5
140069506,5
140069681,5
140069918,5
140070206,5
140070233,5
140070250,5
140070933,5
140071148,5
140071178,5
140071682,5
140072057,5
140072071,5
140072135,5
140072456,5
140073385,5
140073391,5
140073531,5
140073606,5
140073796,5
140074060,5
140074067,5
140074324,5
140074434,5
140074836,5
140075606,5
140075738,5
170000070,5
170000618,5
170001002,5
170001973,5
170002358,5
170002601,5
170003148,5
170003557,5
170003697,5
170003878,5
170003926,5
170003987,5
170004078,5
170004564,5
170004575,5
170005176,5
170005246,5
170005379,5
170005699,5
170005715,5
170006033,5
170006591,5
170006672,5
170006783,5
170006919,5
170006932,5
170006947,5
170007040,5
170007064,5
170007091,5
170007411,5
170007804,5
170007828,5
170007915,5
170008144,5
170008234,5
170008383,5
170008678,5
170008831,5
170008837,5
170008890,5
170009197,5
170009355,5
170009791,5
170010138,5
170010576,5
170011001,5
170011747,5
170011753,5
170011788,5
170011807,5
170012285,5
170012496,5
170012971,5
170012996,5
170013085,5
170013245,5
170014246,5
170014284,5
170014577,5
170014821,5
170014842,5
170015198,5
170015818,5
170015945,5
170016075,5
170016664,5
170017429,5
170017655,5
170017964,5
170018054,5
170018081,5
170018298,5
170018370,5
170018405,5
170018726,5
170019185,5
170019677,5
170019770,5
170019938,5
170020110,5
170020165,5
170020209,5
170020528,5
170020646,5
170020671,5
170020903,5
170021045,5
170021170,5
170021546,5
170022107,5
170022642,5
170023023,5
170023347,5
170023736,5
170024007,5
170024044,5
170024682,5
170024726,5
170024878,5
170024953,5
170025188,5
170025587,5
170026052,5
170026067,5
170026173,5
170026466,5
170026807,5
170026979,5
170027077,5
170027163,5
170027676,5
170028093,5
170028204,5
170028368,5
170028835,5
170028852,5
170029042,5
170029128,5
170029163,5
170029310,5
170029331,5
170029564,5
170029966,5
170029990,5
170030292,5
170030590,5
170030596,5
170030634,5
170030645,5
170030989,5
170031244,5
170031705,5
170031727,5
170031942,5
170032170,5
170032203,5
170032273,5
170033087,5
170033924,5
170033999,5
170034054,5
170034735,5
170035500,5
170036204,5
170036406,5
170036733,5
170036868,5
170036984,5
170037285,5
170037779,5
170037794,5
170037990,5
170038584,5
170038735,5
170038754,5
170039359,5
170039550,5
170039657,5
170039778,5
170040034,5
170040476,5
170040958,5
170041293,5
170041297,5
170041727,5
170041762,5
170041819,5
170042233,5
170042537,5
170042573,5
170042695,5
170043702,5
170043929,5
170044223,5
170044353,5
170044423,5
170044539,5
170044758,5
170044771,5
170045362,5
170045398,5
170045859,5
170046095,5
170046476,5
170047084,5
170048120,5
170048153,5
170048254,5
170048329,5
170048419,5
170048651,5
170048683,5
170048816,5
170048892,5
170049075,5
170049200,5
170049201,5
170049459,5
170049906,5
170050452,5
170050638,5
170050714,5
170051250,5
170051344,5
170051616,5
170051618,5
170051647,5
170052155,5
170052252,5
170052804,5
170052905,5
170053254,5
170053335,5
170053340,5
170053438,5
170053627,5
170053849,5
170054232,5
170054233,5
170054335,5
170054383,5
170054771,5
170054824,5
170055106,5
170055241,5
170055383,5
170055667,5
170055709,5
170055996,5
170056066,5
170056409,5
170056488,5
170056525,5
170056717,5
170056905,5
170056922,5
170057034,5
170057380,5
170057389,5
170057467,5
170057493,5
170057909,5
170058074,5
170058210,5
170058405,5
170059199,5
170059201,5
170059605,5
170059694,5
170059956,5
170060118,5
170060298,5
170060380,5
170060956,5
170060988,5
170061730,5
170061742,5
170062348,5
170062357,5
170062523,5
170062528,5
170062895,5
170063108,5
170063258,5
170063282,5
170063455,5
170063473,5
170063487,5
170064145,5
170064306,5
170064315,5
170064422,5
170064907,5
170065155,5
170065362,5
170065548,5
170065715,5
170065754,5
170065920,5
170065939,5
170066005,5
170066343,5
170066568,5
170067283,5
170067481,5
170067847,5
170068110,5
170068260,5
170068549,5
170068931,5
170069155,5
170069289,5
170069372,5
170069530,5
170069546,5
170069801,5
170069886,5
170070473,5
170070544,5
170071527,5
170071879,5
170071934,5
170072413,5
170072456,5
170072600,5
170072722,5
170073031,5
170073090,5
170073171,5
170073513,5
170073725,5
170073877,5
170074439,5
170074463,5
170074494,5
170074646,5
170074805,5
170074832,5
170074961,5
170075207,5
170075375,5
170075895,5
170076033,5
170076241,5
170076703,5
170077626,5
170077784,5
170078137,5
170078208,5
170078471,5
170078487,5
170078821,5
170078962,5
170079047,5
170079109,5
170079326,5
170079475,5
170079545,5
170079654,5
170079672,5
170080001,5
170080050,5
170080352,5
170080438,5
170080493,5
170080497,5
170080651,5
170082011,5
170082177,5
170082327,5
170082783,5
170082795,5
170083108,5
170083361,5
170083485,5
170083555,5
170084326,5
170085040,5
170085093,5
170085193,5
170085202,5
170085313,5
170085691,5
170085877,5
170085924,5
170085974,5
170086073,5
170086250,5
170086587,5
170086746,5
170086749,5
170086923,5
170086977,5
170087157,5
170087312,5
170087323,5
170087325,5
170087333,5
170087337,5
170087378,5
170087676,5
170088469,5
170088927,5
170089537,5
170089684,5
170090057,5
170090517,5
170090853,5
170091024,5
170091093,5
170091103,5
170091614,5
170091869,5
170091920,5
170091962,5
170092910,5
170093312,5
170093564,5
170093578,5
170094186,5
170094472,5
170095175,5
170095273,5
170095333,5
170095654,5
170095746,5
170095798,5
170096353,5
170096361,5
170096872,5
170096946,5
170096969,5
170097168,5
170097361,5
170097565,5
170097732,5
170098166,5
170098371,5
170098390,5
170098510,5
170098684,5
170099127,5
170100117,5
170100130,5
170100343,5
170100385,5
170101142,5
170101685,5
170101932,5
170101972,5
170102205,5
170102528,5
170102721,5
170102900,5
170102913,5
170103004,5
170103078,5
170103135,5
170103738,5
170103754,5
170103859,5
170104146,5
170104166,5
170104214,5
170104305,5
170104611,5
170104750,5
170104910,5
170105048,5
170105244,5
170105273,5
170105336,5
170105481,5
170106137,5
170106464,5
170106507,5
170106810,5
170107102,5
170107146,5
170107218,5
170107478,5
170107538,5
170108207,5
170108932,5
170108958,5
170109086,5
170109480,5
170109666,5
170110120,5
170110202,5
170110775,5
170110985,5
170111044,5
170111199,5
170111333,5
170111412,5
170111592,5
170111644,5
170111651,5
180000377,5
180000762,5
180001452,5
180001563,5
180001600,5
180001689,5
180001691,5
180001942,5
180001993,5
180002020,5
180002448,5
180003089,5
180003357,5
180003395,5
180003546,5
180004482,5
180004967,5
180005249,5
180005359,5
180005724,5
180005752,5
180006029,5
180006384,5
180006460,5
180007231,5
180007288,5
180008637,5
180009089,5
180009295,5
180009529,5
180009888,5
180010130,5
180010140,5
180010442,5
180010585,5
180010652,5
180010747,5
180010763,5
180010842,5
180011344,5
180011447,5
180011557,5
180011621,5
180011638,5
180011752,5
180012546,5
180013108,5
180013165,5
180013275,5
180013861,5
180014718,5
180014732,5
180015356,5
180015619,5
180016026,5
180016269,5
180016523,5
180017040,5
180017426,5
180017847,5
180018451,5
180018683,5
180018758,5
180018932,5
180019378,5
180020729,5
180020864,5
180020927,5
180021174,5
180022757,5
180023403,5
180023667,5
180023715,5
180023739,5
180024008,5
180024680,5
180024779,5
180024961,5
180025496,5
180025573,5
180025755,5
180026079,5
180026719,5
180026908,5
180027206,5
180027347,5
180027450,5
180027469,5
180027754,5
180027793,5
180027808,5
180028388,5
180028655,5
180029178,5
180029361,5
180029363,5
180029410,5
180029566,5
180029717,5
180030490,5
180030823,5
180031298,5
180031306,5
180031383,5
180031691,5
180031989,5
180032122,5
180032590,5
180032611,5
180032854,5
180032975,5
180033114,5
180033278,5
180033345,5
180033424,5
180034603,5
180034668,5
180034823,5
180035374,5
180035443,5
180037298,5
180037317,5
180037327,5
180037564,5
180037855,5
180037970,5
180038842,5
180038985,5
180039091,5
180039651,5
180040365,5
180040366,5
180040838,5
180040903,5
180041034,5
180041321,5
180041426,5
180041706,5
180042143,5
180042398,5
180043550,5
180043699,5
180043891,5
180044153,5
180044648,5
180044701,5
180045167,5
180045241,5
180045461,5
180045525,5
180045716,5
180046134,5
180046619,5
180046841,5
180047045,5
180047187,5
180047435,5
180047555,5
180047660,5
180047682,5
180047692,5
180047726,5
180048260,5
180048990,5
180049354,5
180049525,5
180049676,5
180049970,5
180050308,5
180050848,5
180051371,5
180051589,5
180051703,5
180051709,5
180052171,5
180052271,5
180052400,5
180052703,5
180052810,5
180053066,5
180053455,5
180053957,5
180054591,5
180054745,5
180054863,5
180054964,5
180054968,5
180055098,5
180055110,5
180055349,5
180055552,5
180055800,5
180056116,5
180056338,5
180056608,5
180056727,5
180056923,5
180057047,5
180058005,5
180058353,5
180058524,5
180059986,5
180060320,5
180060343,5
180060721,5
180060906,5
180061360,5
180061558,5
180061569,5
180061785,5
180061843,5
180062072,5
180062616,5
180062757,5
180063004,5
180063307,5
180063365,5
180063381,5
180063646,5
180063825,5
180063846,5
180064004,5
180064094,5
180064339,5
180065869,5
180066170,5
180066238,5
180066500,5
180066727,5
180067622,5
180067927,5
180068837,5
180069435,5
180069727,5
180069769,5
180070644,5
180070799,5
180071049,5
180071431,5
180071491,5
180071569,5
180072406,5
180072812,5
180072899,5
180073454,5
180073593,5
180073605,5
180073939,5
180073949,5
180074477,5
180074654,5
180075297,5
180075448,5
180075854,5
180076346,5
180076431,5
180076624,5
180077043,5
180077153,5
180077168,5
180077250,5
180077554,5
180077607,5
180077847,5
180078441,5
180078481,5
180079014,5
180079220,5
180079673,5
180079918,5
180080112,5
180080485,5
180080526,5
180080567,5
180080591,5
180081510,5
180081734,5
180081876,5
180081917,5
180082384,5
180082489,5
180082860,5
180082929,5
180083598,5
180083713,5
180084337,5
180085577,5
180085642,5
180086221,5
180086259,5
180086277,5
180086532,5
180087675,5
180087701,5
180087827,5
180089306,5
180089335,5
180089541,5
180089767,5
180090547,5
180090726,5
180090746,5
180091048,5
180091159,5
180091207,5
180091771,5
180091923,5
180092257,5
180092732,5
180092988,5
180093242,5
180093414,5
180093683,5
180094251,5
180094291,5
180094594,5
180094927,5
180094954,5
180095257,5
180095653,5
180096218,5
180096265,5
180096357,5
180096500,5
180096699,5
180096815,5
180097002,5
180097008,5
180097361,5
180097611,5
180097824,5
180097848,5
180098194,5
180098653,5
180098684,5
180098853,5
180099150,5
180099656,5
180099847,5
180099938,5
180100110,5
180100259,5
180100767,5
180101100,5
180101447,5
180101543,5
180102051,5
180102168,5
180102248,5
180102999,5
180103041,5
180103071,5
180103262,5
180103364,5
180103785,5
180103820,5
180103839,5
180103900,5
180104606,5
180104799,5
180105253,5
180105815,5
180105905,5
180106605,5
180106683,5
180106988,5
180107058,5
180107275,5
180107384,5
180107704,5
180108017,5
180108088,5
180108893,5
180108904,5
180108965,5
180109763,5
180109766,5
180110026,5
180110109,5
180110270,5
180110337,5
180110396,5
180110511,5
180110526,5
180110700,5
180111346,5
180111882,5
180111932,5
180112106,5
180112413,5
180112511,5
180113896,5
180114517,5
180115030,5
180115037,5
180115279,5
180115779,5
180116038,5
180116067,5
180116933,5
180117653,5
180117657,5
180118023,5
180118202,5
180118476,5
180118684,5
180119407,5
180119440,5
180119476,5
180119871,5
180120524,5
180120693,5
180121022,5
180121090,5
180121395,5
180121466,5
180121605,5
180121610,5
180121857,5
180122057,5
180122448,5
180122487,5
180122600,5
180122899,5
180124080,5
180124899,5
180125647,5
180125935,5
180127123,5
180127756,5
180128053,5
180128243,5
180128592,5
180128677,5
180128774,5
180128846,5
180129379,5
180130428,5
180130726,5
180131233,5
180131593,5
180131601,5
180131659,5
180132343,5
180132860,5
180133248,5
180133357,5
180133514,5
180133700,5
180133907,5
180133979,5
180134034,5
180134248,5
180134452,5
180135214,5
180135547,5
180135670,5
180135784,5
180135788,5
180136780,5
180136881,5
180137181,5
180137744,5
180138187,5
180138287,5
180138504,5
180138520,5
180138782,5
180139046,5
180139300,5
180139591,5
180139683,5
180140205,5
180140581,5
180141075,5
180141404,5
180141818,5
180142082,5
180142414,5
180142489,5
180142995,5
180143134,5
180143313,5
180143322,5
180144112,5
180144138,5
180144471,5
180144960,5
180145164,5
180145306,5
180146129,5
180146163,5
180146169,5
180146420,5
180146755,5
180147322,5
180147653,5
180147869,5
180148350,5
180149727,5
180150331,5
180150711,5
180150789,5
180150942,5
180151268,5
180151934,5
180153174,5
180153210,5
180153395,5
180153478,5
180153976,5
180154274,5
180154627,5
180154890,5
180155079,5
180155265,5
180155372,5
180155479,5
180155640,5
180155657,5
180156122,5
180156392,5
180156978,5
180157404,5
180157627,5
180157628,5
180157644,5
180158124,5
180158168,5
180158642,5
180158864,5
180158977,5
180159526,5
180159839,5
180160114,5
180161301,5
180161406,5
180161471,5
180161518,5
180161869,5
180162045,5
180162824,5
180162890,5
180162999,5
180163450,5
180163490,5
180163527,5
180163569,5
180164220,5
180164807,5
180165389,5
180165459,5
180165586,5
180165981,5
180166568,5
180166571,5
180167003,5
180167657,5
180167712,5
180167991,5
180168152,5
180168501,5
180168724,5
180168953,5
180169161,5
180169201,5
180169419,5
180169451,5
180169959,5
180170096,5
180170228,5
180170411,5
180170458,5
180170503,5
180172089,5
180172652,5
180172720,5
180173017,5
180173789,5
180174747,5
180175119,5
180175136,5
180175621,5
180175906,5
180175942,5
180175968,5
180176986,5
180177347,5
180177523,5
180177788,5
180177951,5
180178411,5
180178532,5
180178874,5
180179620,5
180179732,5
180180054,5
180180216,5
180180265,5
180180393,5
180180763,5
180180917,5
180181108,5
180181216,5
180181611,5
180181691,5
180181787,5
180182008,5
180182342,5
180182635,5
180183053,5
180183534,5
180183540,5
180183566,5
180184060,5
180184087,5
180184376,5
180184584,5
180184801,5
180184914,5
180184960,5
180185018,5
180185609,5
180185623,5
180185671,5
180185812,5
180185841,5
180186138,5
180186719,5
180186731,5
180187566,5
180187692,5
180187710,5
180188014,5
180188018,5
180188179,5
180188888,5
180189234,5
180189295,5
180189318,5
180189343,5
180189785,5
180189805,5
180190215,5
180190642,5
180191088,5
180191232,5
180191244,5
180191308,5
180191381,5
180191571,5
180192111,5
180192808,5
180192859,5
180193131,5
180193135,5
180193295,5
180193407,5
180194024,5
180194038,5
180194698,5
180195259,5
180195418,5
180195799,5
180196004,5
180196088,5
180196220,5
180196369,5
180196836,5
180197109,5
180197139,5
180197166,5
180197196,5
180197824,5
180197833,5
180198083,5
180198449,5
180198508,5
180198924,5
180199316,5
180199363,5
180199444,5
180199577,5
180199622,5
180200239,5
180201523,5
180201572,5
180201677,5
180201763,5
180201809,5
180201862,5
180202318,5
180202614,5
180202849,5
180202918,5
180203376,5
180203430,5
180204029,5
180204056,5
180204195,5
180204805,5
180204843,5
180205621,5
180205783,5
180206067,5
180206146,5
180206340,5
180206447,5
180206989,5
180207046,5
180207367,5
180207427,5
180207430,5
180207670,5
180208230,5
180208546,5
180208841,5
180208993,5
180209041,5
180209126,5
180209224,5
180209486,5
180210859,5
180210862,5
180211230,5
180211911,5
180211963,5
180212328,5
180212414,5
180213049,5
180213160,5
180213438,5
180214012,5
180214451,5
180214772,5
180214913,5
180215172,5
180215262,5
180215407,5
180215638,5
180215897,5
180216103,5
180216216,5
180216341,5
180216592,5
180216884,5
180217130,5
180218021,5
180218095,5
180218140,5
180218563,5
180219275,5
180219280,5
180219366,5
180219722,5
180220805,5
180220896,5
180221176,5
180222031,5
180222620,5
180222624,5
180223184,5
180223309,5
180223385,5
180224166,5
180224382,5
180224674,5
180224875,5
180225088,5
180225328,5
180226166,5
180226404,5
180226437,5
180226446,5
180226498,5
180226761,5
180226951,5
180227288,5
180227633,5
180228647,5
180229509,5
180229690,5
180229811,5
180230099,5
180230240,5
180230932,5
180231580,5
180231593,5
180231836,5
180232169,5
180232330,5
180232400,5
180232514,5
180232629,5
180233177,5
180233742,5
180234303,5
180234339,5
180234345,5
180234389,5
180234767,5
180234799,5
180235256,5
180235453,5
180236727,5
180237126,5
180237130,5
180237860,5
180237927,5
180238074,5
180238156,5
180238216,5
180238700,5
180238737,5
180239010,5
180239246,5
180239415,5
180239505,5
180239536,5
180239738,5
180239759,5
180240205,5
180240741,5
180240817,5
180240841,5
180240855,5
180241275,5
180241291,5
180241347,5
180241384,5
180241396,5
180241857,5
180242012,5
180242694,5
180243031,5
180243558,5
180244291,5
180244514,5
180245488,5
180245545,5
180245701,5
180246043,5
180246162,5
180246208,5
180246246,5
180246426,5
180246570,5
180246669,5
180246727,5
180246811,5
180246915,5
180247576,5
180248008,5
180248124,5
180248180,5
180248268,5
180248295,5
180248460,5
180248517,5
180248666,5
180248736,5
180249563,5
180249893,5
180249913,5
180249954,5
180250451,5
180251210,5
180251553,5
180251672,5
180251848,5
180251901,5
180252120,5
180252293,5
180252462,5
180252481,5
180253720,5
180253746,5
180253783,5
180253866,5
180254688,5
180254740,5
180254752,5
180254816,5
180254861,5
180255126,5
180255238,5
180255396,5
180255456,5
180255740,5
180256528,5
180256572,5
180256936,5
180256941,5
140000034,4
140000061,4
140000152,4
140000186,4
140000353,4
140000382,4
140000456,4
140000476,4
140000537,4
140000549,4
140000634,4
140000754,4
140000782,4
140000784,4
140000800,4
140000958,4
140000973,4
140000987,4
140000995,4
140001039,4
140001044,4
140001074,4
140001229,4
140001243,4
140001267,4
140001333,4
140001395,4
140001560,4
140001853,4
140001942,4
140001993,4
140002026,4
140002040,4
140002136,4
140002208,4
140002215,4
140002359,4
140002377,4
140002395,4
140002402,4
140002442,4
140002470,4
140002670,4
140002821,4
140002909,4
140002932,4
140003104,4
140003214,4
140003249,4
140003279,4
140003391,4
140003493,4
140003719,4
140003870,4
140003936,4
140003968,4
140004025,4
140004029,4
140004056,4
140004119,4
140004171,4
140004191,4
140004266,4
140004305,4
140004306,4
140004417,4
140004430,4
140004440,4
140004473,4
140004531,4
140004581,4
140004602,4
140004612,4
140004700,4
140004920,4
140004979,4
140005063,4
140005092,4
140005098,4
140005122,4
140005131,4
140005181,4
140005197,4
140005228,4
140005281,4
140005323,4
140005410,4
140005428,4
140005549,4
140005567,4
140005581,4
140005655,4
140005724,4
140006140,4
140006157,4
140006166,4
140006200,4
140006374,4
140006523,4
140006558,4
140006729,4
140006759,4
140006801,4
140006992,4
140007005,4
140007084,4
140007113,4
140007212,4
140007226,4
140007260,4
140007269,4
140007315,4
140007378,4
140007418,4
140007580,4
140007628,4
140007637,4
140007733,4
140007862,4
140007985,4
140008166,4
140008606,4
140008788,4
140008841,4
140009118,4
140009200,4
140009315,4
140009349,4
140009541,4
140009687,4
140009706,4
140009712,4
140009828,4
140009836,4
140009870,4
140009936,4
140009961,4
140010026,4
140010053,4
140010068,4
140010165,4
140010203,4
140010227,4
140010297,4
140010349,4
140010370,4
140010428,4
140010430,4
140010489,4
140010609,4
140010614,4
140010636,4
140010713,4
140010726,4
140010769,4
140010896,4
140011040,4
140011044,4
140011147,4
140011322,4
140011356,4
140011393,4
140011417,4
140011442,4
140011523,4
140011632,4
140011709,4
140011714,4
140011723,4
140011756,4
140011859,4
140011897,4
140011982,4
140012002,4
140012029,4
140012058,4
140012147,4
140012303,4
140012469,4
140012621,4
140012646,4
140012691,4
140012770,4
140012775,4
140012856,4
140012858,4
140012883,4
140012891,4
140012970,4
140012971,4
140013032,4
140013045,4
140013132,4
140013170,4
140013172,4
140013276,4
140013326,4
140013362,4
140013366,4
140013481,4
140013535,4
140013554,4
140013681,4
140013819,4
140013923,4
140013956,4
140014070,4
140014143,4
140014166,4
140014292,4
140014425,4
140014443,4
140014482,4
140014681,4
140014718,4
140014809,4
140014819,4
140014882,4
140014993,4
140015109,4
140015153,4
140015217,4
140015262,4
140015275,4
140015402,4
140015505,4
140015530,4
140015545,4
140015762,4
140015845,4
140015886,4
140015942,4
140015946,4
140016082,4
140016107,4
140016132,4
140016142,4
140016149,4
140016289,4
140016374,4
140016378,4
140016460,4
140016492,4
140016567,4
140016689,4
140016704,4
140016719,4
140016878,4
140016972,4
140017092,4
140017235,4
140017465,4
140017604,4
140017802,4
140017825,4
140017839,4
140017901,4
140017998,4
140018103,4
140018107,4
140018117,4
140018129,4
140018186,4
140018228,4
140018297,4
140018394,4
140018397,4
140018401,4
140018473,4
140018554,4
140018574,4
140018599,4
140018646,4
140018677,4
140018902,4
140018923,4
140018946,4
140019030,4
140019147,4
140019165,4
140019166,4
140019254,4
140019275,4
140019323,4
140019347,4
140019484,4
140019575,4
140019676,4
140019919,4
140019957,4
140019974,4
140019985,4
140020497,4
140020547,4
140020584,4
140020771,4
140020814,4
140020819,4
140020892,4
140021179,4
140021327,4
140021557,4
140021789,4
140021856,4
140021874,4
140021881,4
140021922,4
140022030,4
140022110,4
140022119,4
140022129,4
140022169,4
140022171,4
140022181,4
140022205,4
140022259,4
140022430,4
140022449,4
140022518,4
140022681,4
140022686,4
140022863,4
140022870,4
140023014,4
140023047,4
140023140,4
140023179,4
140023319,4
140023491,4
140023586,4
140023702,4
140023718,4
140023916,4
140023984,4
140024037,4
140024072,4
140024389,4
140024401,4
140024420,4
140024434,4
140024474,4
140024661,4
140024852,4
140024911,4
140025024,4
140025088,4
140025491,4
140025646,4
140025683,4
140025779,4
140025807,4
140025882,4
140025922,4
140025970,4
140026093,4
140026191,4
140026208,4
140026229,4
140026237,4
140026321,4
140026331,4
140026355,4
140026399,4
140026758,4
140026894,4
140026902,4
140027000,4
140027106,4
140027123,4
140027143,4
140027322,4
140027342,4
140027346,4
140027354,4
140027368,4
140027549,4
140027551,4
140027587,4
140027735,4
140027736,4
140027741,4
140027809,4
140027999,4
140028023,4
140028111,4
140028196,4
140028218,4
140028232,4
140028355,4
140028380,4
140028617,4
140028660,4
140028695,4
140028803,4
140028912,4
140029035,4
140029060,4
140029066,4
140029120,4
140029146,4
140029204,4
140029228,4
140029239,4
140029300,4
140029343,4
140029438,4
140029475,4
140029586,4
140029736,4
140029923,4
140030108,4
140030184,4
140030229,4
140030267,4
140030287,4
140030361,4
140030660,4
140030767,4
140030923,4
140031014,4
140031025,4
140031173,4
140031278,4
140031327,4
140031346,4
140031390,4
140031400,4
140031482,4
140031621,4
140031708,4
140031793,4
140031978,4
140031984,4
140032242,4
140032292,4
140032359,4
140032372,4
140032443,4
140032485,4
140032536,4
140032593,4
140032652,4
140032682,4
140032713,4
140032812,4
140032852,4
140032891,4
140032952,4
140033114,4
140033176,4
140033252,4
140033344,4
140033356,4
140033360,4
140033537,4
140033558,4
140033699,4
140033709,4
140033718,4
140033837,4
140033904,4
140034007,4
140034084,4
140034092,4
140034116,4
140034172,4
140034193,4
140034250,4
140034289,4
140034330,4
140034332,4
140034344,4
140034616,4
140034658,4
140034742,4
140034873,4
140035131,4
140035237,4
140035269,4
140035375,4
140035416,4
140035765,4
140035868,4
140035905,4
140036036,4
140036081,4
140036168,4
140036196,4
140036197,4
140036212,4
140036248,4
140036261,4
140036263,4
140036273,4
140036294,4
140036333,4
140036425,4
140036573,4
140036585,4
140036624,4
140036786,4
140036945,4
140036958,4
140037050,4
140037060,4
140037174,4
140037204,4
140037509,4
140037516,4
140037564,4
140037587,4
140037589,4
140037609,4
140037613,4
140037664,4
140037675,4
140037696,4
140037716,4
140037717,4
140037790,4
140037815,4
140037868,4
140037907,4
140037916,4
140037956,4
140038013,4
140038063,4
140038116,4
140038214,4
140038368,4
140038429,4
140038447,4
140038531,4
140038549,4
140038594,4
140038669,4
140038727,4
140038891,4
140038893,4
140038979,4
140038997,4
140039061,4
140039084,4
140039113,4
140039171,4
140039227,4
140039307,4
140039352,4
140039472,4
140039545,4
140039552,4
140039578,4
140039687,4
140039693,4
140039747,4
140039755,4
140039816,4
140039843,4
140039849,4
140039894,4
140039983,4
140039997,4
140040035,4
140040049,4
140040085,4
140040157,4
140040163,4
140040176,4
140040246,4
140040256,4
140040427,4
140040483,4
140040511,4
140040715,4
140040814,4
140040894,4
140040972,4
140040977,4
140041035,4
140041048,4
140041067,4
140041120,4
140041174,4
140041308,4
140041324,4
140041526,4
140041540,4
140041553,4
140041655,4
140041717,4
140041738,4
140041811,4
140050106,4
140050288,4
140050352,4
140050510,4
140050519,4
140050568,4
140050583,4
140050593,4
140050641,4
140050675,4
140050679,4
140050692,4
140050761,4
140050827,4
140050869,4
140050969,4
140051010,4
140051648,4
140051662,4
140051727,4
140052082,4
140052128,4
140052153,4
140052217,4
140052445,4
140052446,4
140052460,4
140052541,4
140052682,4
140052769,4
140053034,4
140053316,4
140053447,4
140053451,4
140053610,4
140053621,4
140053638,4
140053643,4
140053670,4
140053755,4
140053775,4
140053903,4
140054077,4
140054239,4
140054461,4
140054462,4
140054791,4
140054814,4
140054953,4
140055012,4
140055064,4
140055114,4
140055133,4
140055179,4
140055185,4
140055483,4
140055719,4
140055839,4
140055867,4
140055879,4
140055996,4
140056198,4
140056241,4
140056458,4
140056476,4
140056609,4
140056707,4
140056854,4
140056945,4
140057017,4
140057146,4
140057178,4
140057321,4
140057540,4
140057727,4
140058068,4
140058256,4
140058533,4
140058626,4
140058644,4
140058678,4
140058842,4
140058958,4
140058987,4
140059039,4
140059081,4
140059207,4
140059221,4
140059316,4
140059344,4
140059523,4
140059634,4
140059698,4
140059908,4
140059921,4
140060064,4
140060222,4
140060295,4
140060328,4
140060340,4
140060350,4
140060415,4
140060984,4
140060986,4
140061044,4
140061201,4
140061238,4
140061283,4
140061299,4
140061551,4
140061594,4
140061633,4
140061784,4
140061885,4
140061909,4
140061970,4
140062046,4
140062279,4
140062307,4
140062384,4
140062495,4
140062564,4
140062837,4
140062852,4
140062880,4
140062985,4
140063036,4
140063093,4
140063219,4
140063327,4
140063457,4
140063479,4
140063545,4
140063699,4
140063737,4
140063794,4
140063884,4
140063991,4
140063992,4
140064034,4
140064070,4
140064119,4
140064306,4
140064414,4
140064469,4
140064670,4
140064711,4
140064917,4
140064962,4
140064992,4
140065081,4
140065090,4
140065118,4
140065141,4
140065450,4
140065560,4
140065635,4
140065683,4
140065699,4
140065778,4
140065792,4
140065910,4
140065926,4
140065938,4
140065951,4
140065971,4
140066143,4
140066221,4
140066324,4
140066359,4
140066487,4
140066534,4
140066568,4
140066637,4
140066642,4
140066736,4
140066751,4
140066762,4
140066773,4
140066957,4
140067026,4
140067065,4
140067179,4
140067206,4
140067215,4
140067318,4
140067532,4
140067628,4
140067653,4
140067877,4
140068100,4
140068108,4
140068119,4
140068128,4
140068239,4
140068254,4
140068280,4
140068660,4
140068691,4
140068708,4
140068749,4
140068883,4
140069703,4
140069757,4
140069936,4
140070197,4
140070999,4
140071008,4
140071071,4
140071075,4
140071083,4
140071158,4
140071201,4
140071298,4
140071410,4
140072112,4
140072289,4
140072305,4
140072330,4
140072373,4
140072485,4
140072488,4
140072556,4
140072588,4
140072609,4
140072962,4
140073013,4
140073244,4
140073332,4
140073742,4
140074367,4
140074655,4
140074710,4
140074973,4
140074993,4
140075146,4
140075234,4
140075286,4
140075326,4
140075393,4
140075466,4
140075467,4
140075506,4
140075600,4
140075623,4
140075805,4
170000467,4
170000511,4
170000981,4
170001018,4
170001127,4
170001198,4
170001414,4
170001553,4
170001564,4
170001565,4
170001568,4
170001623,4
170001719,4
170001724,4
170001858,4
170001963,4
170002086,4
170002581,4
170002660,4
170002915,4
170003255,4
170003297,4
170003494,4
170003548,4
170003756,4
170003763,4
170003769,4
170003897,4
170003912,4
170004108,4
170004566,4
170004839,4
170004917,4
170005018,4
170005111,4
170005125,4
170005303,4
170005323,4
170005499,4
170005669,4
170005770,4
170006086,4
170006400,4
170006441,4
170006539,4
170006540,4
170006685,4
170006778,4
170006788,4
170007246,4
170007288,4
170007436,4
170007643,4
170008053,4
170008176,4
170008396,4
170008590,4
170008677,4
170008680,4
170008688,4
170008810,4
170008869,4
170009046,4
170009142,4
170009309,4
170009414,4
170009562,4
170009707,4
170010149,4
170010326,4
170010630,4
170010787,4
170011593,4
170011910,4
170011937,4
170012613,4
170012783,4
170013003,4
170013570,4
170013636,4
170014019,4
170014088,4
170014613,4
170014622,4
170014682,4
170014693,4
170014816,4
170015092,4
170015233,4
170015267,4
170015289,4
170015393,4
170015434,4
170015559,4
170015697,4
170015866,4
170016083,4
170016114,4
170016248,4
170016282,4
170016366,4
170016469,4
170016732,4
170016897,4
170017295,4
170017608,4
170017808,4
170017925,4
170018016,4
170018196,4
170018334,4
170018584,4
170018645,4
170018795,4
170019330,4
170019554,4
170019688,4
170019782,4
170019964,4
170020011,4
170020220,4
170020325,4
170020341,4
170020425,4
170020482,4
170020583,4
170020733,4
170020883,4
170021164,4
170021212,4
170021250,4
170021312,4
170021431,4
170021636,4
170021748,4
170021915,4
170021943,4
170022266,4
170022306,4
170022332,4
170022497,4
170022929,4
170023014,4
170023097,4
170023200,4
170023233,4
170023720,4
170024206,4
170024218,4
170024488,4
170024637,4
170025294,4
170025334,4
170025380,4
170025432,4
170025485,4
170025811,4
170026146,4
170026159,4
170026271,4
170026570,4
170026597,4
170026747,4
170027263,4
170027272,4
170027335,4
170027432,4
170027549,4
170027550,4
170027624,4
170028052,4
170028141,4
170028258,4
170028396,4
170028419,4
170028614,4
170029604,4
170029767,4
170030003,4
170030179,4
170030224,4
170030376,4
170030437,4
170030570,4
170030742,4
170030894,4
170031014,4
170031112,4
170031135,4
170031234,4
170031450,4
170031549,4
170031675,4
170031803,4
170032001,4
170032754,4
170032981,4
170032987,4
170033302,4
170033344,4
170033410,4
170033434,4
170033681,4
170033682,4
170033769,4
170033971,4
170034103,4
170034235,4
170034455,4
170034789,4
170034879,4
170035289,4
170035646,4
170035812,4
170035903,4
170035975,4
170036026,4
170036225,4
170036316,4
170036382,4
170036504,4
170037002,4
170037083,4
170037163,4
170037768,4
170038024,4
170038087,4
170038268,4
170038298,4
170038365,4
170038464,4
170038671,4
170038812,4
170039074,4
170039085,4
170039242,4
170039337,4
170039598,4
170039650,4
170039680,4
170039681,4
170039768,4
170039811,4
170039824,4
170039851,4
170039888,4
170040020,4
170040043,4
170040129,4
170040276,4
170040340,4
170040374,4
170040517,4
170040682,4
170040735,4
170040745,4
170041012,4
170041138,4
170041177,4
170041428,4
170041459,4
170041491,4
170041589,4
170041715,4
170041899,4
170041966,4
170041989,4
170042028,4
170042292,4
170042540,4
170042596,4
170042626,4
170042671,4
170043103,4
170043176,4
170043593,4
170043785,4
170043823,4
170043848,4
170043880,4
170044678,4
170044998,4
170045100,4
170045186,4
170045777,4
170045918,4
170046028,4
170046353,4
170046510,4
170046636,4
170046661,4
170046665,4
170046686,4
170046729,4
170047236,4
170047753,4
170047810,4
170048037,4
170048301,4
170048373,4
170048463,4
170048637,4
170048675,4
170048771,4
170048845,4
170049294,4
170049304,4
170049306,4
170049347,4
170049399,4
170049411,4
170049820,4
170050330,4
170050682,4
170050703,4
170050758,4
170050869,4
170051028,4
170051117,4
170051138,4
170051205,4
170051338,4
170051524,4
170051726,4
170051970,4
170051978,4
170052401,4
170052504,4
170052685,4
170052925,4
170052960,4
170053209,4
170053242,4
170053281,4
170053852,4
170054751,4
170054911,4
170054948,4
170055040,4
170055219,4
170055335,4
170055592,4
170055619,4
170055632,4
170055648,4
170055707,4
170055859,4
170055993,4
170056012,4
170056300,4
170056322,4
170056419,4
170056431,4
170056584,4
170056614,4
170056739,4
170056846,4
170056871,4
170056873,4
170057000,4
170057015,4
170057311,4
170057400,4
170058200,4
170058244,4
170058354,4
170059120,4
170059180,4
170059200,4
170059828,4
170060069,4
170060095,4
170060176,4
170060195,4
170060226,4
170060438,4
170060555,4
170060565,4
170060612,4
170060631,4
170060741,4
170060788,4
170060848,4
170060995,4
170061167,4
170061355,4
170061398,4
170061545,4
170062135,4
170062169,4
170062193,4
170062318,4
170063278,4
170063389,4
170063617,4
170063638,4
170063993,4
170064111,4
170064357,4
170064475,4
170064520,4
170064559,4
170064727,4
170064871,4
170064932,4
170064939,4
170064960,4
170064987,4
170065151,4
170065530,4
170065563,4
170065688,4
170065700,4
170065709,4
170065856,4
170066150,4
170066190,4
170066356,4
170066392,4
170066482,4
170066636,4
170066691,4
170066867,4
170066871,4
170066941,4
170067115,4
170067154,4
170067185,4
170067306,4
170067584,4
170067776,4
170068102,4
170068402,4
170068453,4
170068606,4
170068707,4
170068740,4
170068799,4
170068812,4
170068890,4
170069107,4
170069518,4
170069784,4
170070029,4
170070228,4
170070908,4
170070910,4
170071711,4
170071736,4
170071756,4
170071835,4
170072094,4
170072187,4
170072197,4
170072283,4
170072309,4
170072399,4
170072404,4
170072423,4
170072602,4
170072695,4
170072759,4
170072767,4
170072844,4
170072940,4
170073012,4
170073089,4
170073098,4
170073380,4
170073403,4
170073615,4
170073823,4
170074025,4
170074083,4
170074091,4
170074148,4
170074191,4
170074195,4
170074270,4
170074659,4
170074694,4
170075011,4
170075240,4
170075377,4
170075385,4
170075456,4
170075597,4
170075966,4
170076070,4
170076086,4
170076148,4
170076199,4
170076503,4
170076734,4
170076852,4
170076909,4
170077036,4
170077097,4
170077307,4
170077340,4
170077435,4
170077516,4
170077597,4
170077941,4
170078226,4
170078287,4
170078312,4
170078411,4
170079149,4
170079262,4
170079288,4
170079528,4
170079576,4
170079752,4
170079867,4
170080073,4
170080085,4
170080359,4
170080439,4
170080454,4
170080557,4
170080830,4
170081068,4
170081441,4
170081705,4
170082182,4
170082263,4
170082386,4
170082450,4
170082741,4
170082801,4
170082810,4
170082980,4
170083311,4
170083741,4
170083798,4
170083849,4
170084063,4
170084107,4
170084171,4
170084330,4
170084493,4
170084567,4
170084627,4
170084720,4
170084766,4
170084768,4
170084945,4
170084988,4
170085085,4
170085224,4
170085312,4
170085399,4
170085475,4
170085549,4
170085857,4
170085923,4
170085950,4
170086150,4
170086518,4
170086671,4
170086684,4
170086966,4
170086998,4
170087132,4
170087133,4
170087392,4
170087448,4
170087510,4
170087517,4
170087535,4
170087572,4
170088032,4
170088068,4
170088597,4
170088616,4
170088700,4
170088767,4
170089276,4
170089680,4
170089734,4
170089805,4
170089955,4
170089992,4
170090035,4
170090126,4
170090202,4
170090294,4
170090319,4
170090560,4
170090749,4
170090930,4
170090996,4
170091076,4
170091089,4
170091265,4
170091407,4
170091454,4
170091529,4
170092083,4
170092122,4
170092200,4
170092459,4
170092515,4
170092538,4
170092770,4
170092861,4
170092877,4
170092923,4
170092951,4
170092969,4
170093085,4
170093204,4
170093213,4
170093604,4
170094381,4
170094432,4
170094436,4
170094534,4
170094591,4
170094902,4
170094923,4
170094961,4
170095392,4
170095463,4
170095491,4
170095781,4
170095830,4
170096009,4
170096018,4
170096044,4
170096135,4
170096616,4
170096688,4
170096733,4
170096818,4
170096835,4
170097070,4
170097304,4
170097614,4
170097636,4
170097689,4
170097762,4
170097768,4
170098138,4
170098172,4
170098264,4
170098423,4
170098526,4
170098856,4
170099082,4
170099114,4
170099295,4
170099322,4
170099448,4
170099541,4
170099659,4
170099666,4
170099707,4
170099761,4
170099899,4
170099942,4
170100022,4
170100492,4
170100530,4
170100687,4
170100789,4
170100969,4
170101070,4
170101085,4
170101117,4
170101130,4
170101222,4
170101230,4
170101248,4
170101473,4
170101597,4
170101696,4
170101737,4
170101993,4
170102180,4
170102232,4
170102711,4
170102793,4
170102858,4
170103060,4
170103234,4
170103481,4
170103551,4
170103557,4
170103916,4
170103950,4
170103964,4
170104065,4
170104174,4
170104567,4
170104804,4
170104876,4
170104883,4
170104900,4
170104964,4
170105280,4
170105468,4
170105666,4
170105714,4
170105965,4
170106198,4
170106201,4
170106557,4
170106597,4
170106938,4
170107044,4
170107072,4
170107298,4
170107783,4
170108379,4
170108445,4
170108615,4
170108680,4
170108909,4
170109298,4
170109538,4
170109617,4
170109672,4
170109766,4
170109963,4
170109973,4
170110098,4
170110217,4
170110842,4
170111189,4
170111223,4
170111388,4
170111597,4
170111696,4
180000027,4
180000052,4
180000391,4
180000905,4
180001094,4
180001641,4
180001663,4
180002022,4
180002184,4
180002227,4
180002352,4
180002666,4
180002830,4
180003038,4
180003086,4
180003160,4
180003709,4
180003735,4
180004043,4
180004299,4
180004403,4
180004590,4
180004740,4
180004955,4
180005099,4
180005362,4
180005760,4
180005789,4
180005828,4
180005873,4
180005942,4
180006013,4
180006182,4
180006320,4
180006339,4
180006480,4
180006481,4
180006602,4
180006917,4
180007015,4
180007093,4
180007337,4
180007752,4
180007810,4
180008400,4
180008498,4
180008556,4
180009149,4
180009524,4
180009606,4
180009640,4
180009903,4
180010703,4
180011125,4
180011218,4
180011261,4
180011922,4
180012360,4
180012423,4
180012558,4
180012640,4
180012889,4
180013372,4
180013467,4
180013715,4
180013983,4
180014074,4
180014128,4
180014634,4
180014802,4
180014951,4
180015033,4
180015200,4
180015214,4
180015317,4
180015533,4
180015636,4
180015967,4
180016709,4
180016780,4
180016937,4
180017508,4
180017662,4
180017674,4
180017753,4
180018349,4
180018861,4
180018942,4
180018949,4
180019167,4
180019218,4
180019222,4
180019255,4
180019337,4
180019397,4
180019520,4
180019916,4
180020298,4
180020572,4
180021252,4
180021412,4
180021497,4
180021602,4
180021668,4
180022321,4
180022729,4
180022755,4
180022930,4
180022996,4
180023209,4
180023718,4
180023816,4
180023867,4
180024060,4
180024346,4
180024662,4
180025200,4
180025457,4
180025724,4
180025874,4
180026008,4
180026126,4
180026298,4
180026527,4
180026548,4
180026942,4
180026966,4
180027095,4
180027105,4
180027171,4
180027187,4
180027312,4
180027358,4
180027423,4
180027656,4
180027892,4
180028078,4
180028450,4
180028503,4
180028584,4
180028624,4
180029050,4
180029232,4
180029379,4
180029444,4
180029649,4
180030117,4
180030538,4
180030680,4
180030688,4
180030947,4
180030962,4
180031015,4
180031039,4
180031107,4
180031150,4
180031308,4
180031720,4
180031961,4
180032068,4
180032214,4
180032364,4
180032749,4
180033054,4
180033169,4
180033248,4
180033932,4
180034147,4
180034323,4
180034656,4
180034660,4
180034726,4
180034803,4
180034837,4
180035217,4
180035220,4
180035319,4
180035375,4
180035437,4
180036287,4
180036668,4
180037099,4
180037149,4
180037223,4
180037273,4
180037311,4
180037374,4
180037712,4
180037759,4
180038165,4
180038707,4
180038878,4
180039368,4
180039391,4
180039574,4
180039700,4
180039726,4
180040209,4
180040278,4
180040419,4
180040591,4
180040623,4
180040794,4
180040827,4
180041133,4
180041324,4
180041478,4
180041571,4
180041722,4
180041738,4
180041938,4
180042305,4
180042719,4
180042873,4
180042899,4
180043081,4
180043143,4
180043175,4
180043432,4
180043485,4
180043513,4
180043581,4
180043629,4
180043740,4
180043754,4
180043835,4
180043847,4
180044193,4
180044402,4
180044411,4
180044465,4
180044598,4
180044772,4
180044777,4
180045269,4
180045272,4
180045437,4
180045522,4
180045748,4
180046093,4
180046202,4
180046234,4
180046250,4
180046384,4
180046435,4
180046593,4
180046638,4
180046978,4
180047077,4
180047137,4
180047149,4
180047290,4
180047367,4
180047673,4
180047710,4
180048028,4
180048043,4
180048247,4
180048285,4
180048660,4
180048698,4
180048801,4
180048888,4
180049316,4
180050103,4
180051274,4
180051656,4
180051720,4
180051948,4
180051971,4
180052230,4
180052339,4
180052558,4
180052740,4
180052748,4
180052894,4
180052960,4
180053237,4
180053287,4
180053384,4
180053436,4
180053543,4
180053929,4
180054698,4
180054795,4
180054817,4
180054946,4
180055177,4
180055199,4
180055683,4
180056291,4
180056644,4
180057205,4
180057245,4
180057388,4
180057826,4
180057846,4
180058009,4
180058159,4
180058303,4
180058442,4
180058606,4
180058773,4
180058811,4
180058937,4
180059043,4
180059099,4
180059210,4
180059540,4
180059769,4
180059916,4
180060358,4
180060485,4
180060599,4
180061285,4
180061367,4
180061696,4
180061883,4
180062197,4
180062459,4
180062724,4
180062797,4
180062891,4
180062931,4
180062963,4
180063015,4
180063800,4
180063848,4
180064082,4
180064185,4
180064203,4
180064250,4
180064464,4
180064552,4
180064749,4
180064808,4
180064912,4
180064957,4
180064958,4
180065269,4
180065332,4
180065530,4
180065626,4
180066078,4
180066411,4
180066541,4
180066817,4
180067027,4
180067271,4
180067275,4
180067298,4
180067608,4
180068316,4
180068510,4
180068686,4
180068896,4
180069262,4
180069500,4
180069619,4
180069968,4
180070022,4
180070029,4
180070424,4
180070669,4
180070909,4
180070916,4
180071493,4
180071533,4
180071707,4
180071818,4
180071925,4
180071932,4
180072098,4
180072423,4
180072705,4
180072733,4
180072897,4
180073103,4
180073258,4
180073524,4
180073590,4
180073925,4
180073942,4
180074129,4
180074278,4
180074332,4
180074334,4
180074384,4
180074611,4
180074765,4
180075069,4
180075238,4
180075335,4
180075345,4
180075380,4
180075464,4
180075537,4
180075595,4
180075833,4
180075841,4
180075945,4
180076000,4
180076051,4
180076074,4
180076096,4
180076101,4
180076441,4
180076508,4
180076542,4
180076814,4
180077220,4
180077291,4
180077428,4
180077553,4
180077935,4
180078057,4
180078141,4
180078388,4
180078650,4
180078791,4
180078827,4
180078952,4
180079324,4
180079358,4
180079496,4
180079499,4
180079654,4
180080234,4
180080771,4
180080794,4
180081097,4
180081263,4
180081408,4
180081457,4
180081610,4
180082166,4
180082466,4
180082827,4
180083057,4
180083059,4
180083141,4
180083480,4
180083564,4
180083669,4
180083682,4
180083695,4
180084163,4
180084410,4
180084570,4
180084775,4
180085127,4
180086176,4
180086295,4
180086381,4
180086675,4
180087193,4
180087357,4
180087506,4
180087545,4
180088465,4
180089032,4
180089198,4
180089348,4
180089866,4
180090034,4
180090293,4
180091063,4
180091094,4
180091153,4
180091168,4
180091257,4
180091444,4
180091450,4
180091691,4
180091802,4
180091883,4
180091973,4
180092154,4
180092337,4
180093067,4
180093551,4
180093967,4
180093972,4
180093973,4
180094380,4
180094645,4
180094671,4
180095218,4
180095313,4
180095366,4
180095379,4
180095413,4
180095455,4
180095734,4
180095751,4
180095810,4
180095990,4
180096030,4
180096141,4
180096327,4
180096353,4
180096364,4
180096657,4
180096694,4
180096799,4
180096828,4
180096998,4
180096999,4
180097038,4
180097060,4
180097311,4
180097430,4
180097569,4
180097674,4
180097765,4
180097867,4
180097891,4
180098019,4
180098097,4
180098136,4
180098549,4
180099242,4
180099603,4
180099841,4
180100206,4
180100512,4
180100655,4
180101023,4
180101144,4
180101630,4
180101657,4
180101757,4
180101904,4
180102078,4
180102103,4
180102192,4
180102375,4
180102670,4
180102749,4
180102901,4
180103354,4
180104055,4
180104296,4
180104314,4
180104391,4
180104396,4
180104450,4
180104646,4
180104670,4
180104740,4
180105032,4
180105101,4
180105240,4
180105292,4
180105529,4
180105575,4
180105704,4
180106040,4
180106182,4
180106824,4
180106896,4
180107166,4
180107358,4
180107537,4
180108198,4
180108228,4
180108724,4
180108792,4
180108829,4
180108839,4
180108918,4
180109203,4
180109397,4
180109530,4
180109580,4
180109616,4
180109618,4
180109624,4
180109677,4
180109718,4
180109749,4
180110017,4
180110235,4
180110320,4
180110514,4
180110716,4
180110900,4
180111023,4
180111197,4
180111244,4
180111410,4
180111453,4
180112018,4
180112247,4
180112427,4
180112677,4
180112805,4
180112985,4
180113198,4
180113354,4
180113630,4
180113635,4
180113817,4
180114029,4
180114069,4
180114152,4
180114820,4
180114942,4
180115004,4
180115154,4
180115178,4
180115203,4
180115211,4
180115354,4
180115723,4
180115930,4
180116005,4
180116188,4
180116280,4
180116644,4
180116829,4
180116861,4
180116919,4
180116921,4
180116922,4
180117023,4
180117065,4
180117335,4
180117412,4
180117439,4
180117676,4
180117695,4
180117718,4
180117790,4
180118070,4
180118414,4
180118441,4
180118885,4
180119187,4
180119354,4
180119553,4
180119979,4
180120026,4
180120031,4
180120155,4
180120571,4
180120736,4
180120795,4
180121221,4
180121291,4
180121298,4
180121350,4
180121555,4
180121751,4
180121833,4
180122066,4
180122301,4
180122543,4
180122552,4
180122608,4
180122744,4
180122844,4
180123057,4
180123095,4
180123343,4
180123998,4
180124200,4
180124235,4
180124368,4
180124376,4
180124480,4
180124557,4
180124606,4
180125903,4
180126057,4
180126404,4
180126482,4
180126737,4
180127008,4
180127046,4
180127405,4
180127448,4
180127670,4
180127686,4
180127749,4
180127887,4
180128923,4
180129802,4
180129929,4
180130562,4
180130704,4
180130710,4
180130716,4
180130849,4
180130860,4
180131171,4
180131742,4
180131940,4
180131950,4
180132234,4
180132405,4
180132691,4
180133130,4
180133753,4
180133824,4
180134047,4
180134367,4
180134517,4
180134549,4
180134758,4
180134971,4
180135574,4
180135592,4
180135673,4
180135688,4
180135951,4
180136040,4
180136080,4
180136210,4
180136417,4
180136433,4
180136461,4
180136530,4
180136673,4
180136717,4
180136963,4
180137408,4
180137450,4
180137525,4
180137891,4
180137992,4
180138131,4
180138199,4
180138209,4
180138221,4
180138359,4
180139133,4
180139314,4
180139338,4
180139785,4
180140010,4
180140251,4
180140334,4
180140420,4
180140455,4
180140782,4
180141067,4
180141080,4
180141412,4
180141462,4
180141470,4
180141916,4
180141922,4
180141978,4
180142033,4
180142116,4
180142184,4
180142248,4
180142287,4
180142461,4
180142878,4
180142898,4
180143254,4
180143452,4
180143726,4
180143887,4
180144007,4
180144299,4
180144762,4
180145026,4
180145184,4
180145261,4
180145292,4
180145497,4
180145532,4
180145536,4
180145619,4
180145627,4
180145923,4
180146104,4
180146251,4
180146278,4
180146665,4
180146745,4
180146843,4
180146889,4
180147072,4
180147187,4
180147206,4
180147210,4
180147298,4
180147477,4
180147542,4
180147832,4
180148137,4
180148194,4
180148326,4
180148764,4
180149031,4
180149213,4
180149220,4
180149429,4
180149571,4
180149628,4
180149705,4
180150017,4
180150272,4
180150497,4
180150602,4
180150616,4
180150632,4
180150796,4
180150889,4
180150929,4
180151197,4
180151534,4
180151576,4
180151786,4
180152313,4
180152372,4
180152438,4
180152658,4
180152982,4
180153061,4
180153089,4
180153176,4
180153238,4
180153292,4
180153354,4
180153436,4
180154078,4
180154763,4
180154792,4
180154874,4
180154891,4
180154975,4
180155224,4
180155658,4
180156167,4
180156262,4
180156347,4
180156411,4
180156445,4
180156537,4
180156552,4
180156592,4
180156612,4
180156921,4
180157150,4
180157542,4
180157556,4
180157890,4
180157926,4
180157959,4
180158733,4
180158880,4
180159105,4
180159603,4
180159934,4
180160287,4
180160310,4
180160436,4
180160695,4
180160952,4
180161114,4
180161307,4
180161407,4
180162143,4
180162318,4
180162331,4
180162589,4
180162602,4
180162644,4
180162925,4
180163213,4
180163242,4
180163632,4
180163804,4
180163978,4
180164092,4
180164188,4
180164258,4
180164730,4
180164754,4
180164778,4
180165171,4
180165202,4
180165256,4
180165277,4
180165301,4
180165508,4
180165613,4
180166104,4
180166182,4
180166295,4
180166733,4
180166886,4
180166947,4
180167276,4
180167962,4
180167963,4
180168310,4
180168356,4
180168850,4
180169098,4
180169105,4
180169140,4
180169155,4
180169372,4
180169597,4
180169692,4
180169816,4
180171014,4
180171037,4
180171096,4
180171133,4
180171267,4
180171725,4
180172038,4
180172573,4
180172584,4
180172623,4
180172844,4
180172985,4
180173185,4
180173387,4
180173503,4
180174027,4
180174405,4
180174854,4
180174893,4
180174997,4
180175406,4
180175918,4
180176023,4
180176169,4
180176179,4
180176230,4
180176233,4
180176237,4
180176452,4
180176471,4
180176547,4
180176864,4
180176918,4
180176927,4
180176975,4
180177031,4
180177295,4
180177498,4
180177696,4
180177820,4
180177857,4
180177895,4
180178222,4
180178249,4
180178358,4
180178599,4
180178683,4
180178902,4
180178921,4
180179058,4
180179119,4
180179338,4
180179805,4
180180436,4
180180484,4
180180511,4
180180776,4
180180904,4
180181311,4
180181449,4
180181590,4
180181741,4
180181761,4
180182133,4
180182397,4
180182556,4
180182819,4
180182867,4
180182945,4
180182968,4
180183074,4
180183175,4
180183717,4
180183791,4
180183834,4
180183919,4
180183987,4
180184199,4
180184361,4
180184426,4
180184451,4
180184731,4
180184978,4
180184996,4
180184999,4
180185068,4
180185548,4
180185656,4
180185691,4
180185887,4
180185946,4
180186002,4
180186086,4
180186107,4
180186286,4
180186645,4
180186656,4
180186998,4
180187001,4
180187180,4
180187261,4
180187458,4
180188065,4
180188279,4
180188309,4
180188522,4
180188977,4
180188983,4
180189069,4
180189894,4
180190053,4
180190223,4
180190239,4
180190326,4
180190500,4
180191309,4
180191671,4
180191768,4
180192279,4
180192414,4
180192751,4
180192776,4
180192847,4
180192973,4
180193233,4
180193297,4
180193538,4
180193622,4
180193756,4
180193867,4
180194008,4
180194129,4
180194204,4
180194507,4
180194519,4
180194544,4
180194755,4
180194763,4
180194774,4
180195150,4
180195267,4
180195655,4
180195989,4
180196145,4
180196177,4
180196260,4
180196411,4
180196520,4
180196559,4
180196781,4
180196827,4
180196941,4
180197009,4
180197020,4
180198069,4
180198149,4
180198165,4
180198193,4
180198403,4
180198523,4
180198652,4
180198927,4
180198949,4
180199465,4
180199518,4
180199915,4
180200178,4
180200287,4
180200460,4
180200600,4
180200645,4
180200760,4
180200910,4
180201421,4
180202231,4
180202273,4
180202302,4
180202710,4
180202924,4
180202986,4
180203105,4
180203458,4
180203480,4
180203492,4
180203807,4
180204117,4
180204366,4
180204705,4
180204811,4
180204856,4
180204956,4
180205223,4
180205351,4
180205502,4
180205516,4
180205985,4
180206036,4
180206440,4
180206576,4
180206655,4
180206922,4
180206967,4
180207389,4
180207794,4
180208107,4
180208245,4
180208337,4
180208447,4
180208521,4
180208698,4
180209284,4
180209381,4
180209382,4
180209539,4
180210088,4
180210849,4
180210992,4
180211060,4
180211417,4
180211496,4
180211500,4
180211548,4
180211588,4
180211778,4
180211872,4
180212019,4
180212219,4
180212473,4
180212486,4
180212522,4
180212568,4
180212663,4
180212719,4
180213403,4
180213557,4
180214016,4
180214023,4
180214033,4
180214425,4
180214690,4
180215033,4
180215552,4
180215562,4
180215878,4
180215996,4
180216048,4
180216081,4
180216271,4
180216382,4
180216549,4
180216604,4
180216731,4
180216785,4
180216853,4
180217265,4
180217447,4
180217482,4
180217791,4
180218173,4
180218434,4
180218461,4
180218565,4
180218648,4
180218725,4
180219148,4
180219150,4
180219419,4
180219587,4
180219648,4
180219737,4
180219850,4
180219914,4
180219973,4
180220228,4
180220518,4
180220634,4
180220748,4
180221572,4
180221641,4
180221820,4
180221917,4
180222181,4
180222444,4
180222524,4
180222585,4
180222682,4
180222699,4
180222924,4
180222925,4
180223356,4
180223682,4
180223697,4
180224065,4
180224095,4
180224098,4
180224159,4
180224198,4
180224202,4
180224247,4
180224466,4
180224592,4
180224595,4
180225191,4
180225199,4
180225231,4
180225454,4
180225554,4
180225882,4
180226512,4
180226854,4
180227089,4
180227241,4
180227460,4
180227680,4
180228009,4
180228366,4
180229174,4
180229362,4
180229685,4
180229721,4
180229727,4
180229896,4
180230773,4
180231193,4
180231688,4
180232181,4
180232221,4
180232246,4
180232769,4
180233074,4
180233105,4
180233132,4
180233219,4
180233486,4
180233854,4
180234161,4
180234169,4
180234319,4
180234510,4
180234580,4
180234891,4
180235678,4
180235838,4
180236236,4
180236283,4
180236314,4
180236471,4
180236580,4
180236604,4
180236750,4
180236765,4
180236768,4
180236899,4
180237021,4
180237190,4
180237471,4
180237517,4
180237662,4
180237696,4
180238715,4
180238717,4
180238798,4
180239237,4
180239240,4
180239412,4
180239419,4
180239827,4
180239962,4
180240302,4
180240559,4
180240718,4
180241113,4
180241279,4
180241656,4
180242320,4
180242547,4
180242559,4
180242798,4
180242924,4
180242957,4
180243238,4
180243273,4
180243427,4
180244126,4
180244253,4
180244676,4
180244692,4
180244722,4
180244756,4
180244797,4
180245004,4
180245286,4
180245389,4
180245617,4
180246337,4
180246525,4
180246846,4
180247085,4
180247203,4
180247490,4
180247524,4
180247791,4
180247819,4
180247928,4
180248034,4
180248048,4
180248115,4
180248189,4
180248227,4
180248281,4
180248302,4
180248366,4
180248374,4
180248553,4
180248854,4
180248989,4
180249065,4
180249147,4
180249833,4
180249903,4
180249972,4
180249997,4
180250259,4
180250714,4
180250922,4
180251161,4
180251179,4
180251480,4
180251617,4
180251752,4
180252058,4
180252533,4
180252556,4
180252598,4
180253015,4
180253030,4
180253076,4
180253415,4
180253598,4
180253693,4
180254183,4
180254333,4
180254645,4
180254856,4
180255044,4
180255314,4
180255443,4
180255575,4
180255650,4
180255750,4
180256271,4
180256410,4
180256774,4
180256868,4
140000024,3
140000053,3
140000130,3
140000188,3
140000435,3
140000581,3
140000818,3
140001185,3
140001572,3
140001646,3
140001827,3
140001952,3
140001953,3
140002122,3
140002169,3
140002195,3
140002223,3
140002350,3
140002451,3
140002494,3
140002581,3
140002626,3
140002700,3
140002712,3
140003084,3
140003302,3
140003332,3
140003676,3
140003803,3
140003822,3
140004256,3
140004342,3
140004385,3
140004597,3
140004758,3
140004789,3
140004831,3
140004912,3
140005109,3
140005187,3
140005190,3
140005232,3
140005445,3
140005531,3
140006101,3
140006163,3
140006242,3
140006245,3
140006524,3
140006534,3
140006546,3
140006587,3
140006719,3
140006813,3
140006862,3
140007032,3
140007447,3
140007510,3
140007676,3
140008077,3
140008361,3
140008525,3
140008584,3
140008733,3
140008806,3
140008833,3
140008871,3
140009527,3
140009738,3
140009817,3
140009872,3
140009895,3
140010032,3
140010058,3
140010106,3
140010332,3
140010338,3
140010387,3
140010451,3
140010582,3
140010711,3
140010768,3
140010949,3
140010994,3
140011255,3
140011292,3
140011306,3
140011475,3
140011672,3
140011683,3
140011715,3
140012249,3
140012557,3
140012704,3
140012851,3
140012916,3
140013078,3
140013102,3
140013274,3
140013355,3
140013600,3
140013833,3
140014168,3
140014318,3
140014429,3
140014442,3
140014629,3
140014663,3
140014762,3
140015063,3
140015095,3
140015291,3
140015309,3
140015338,3
140015391,3
140015500,3
140015608,3
140015630,3
140015647,3
140015687,3
140015761,3
140015794,3
140015836,3
140015858,3
140015877,3
140016256,3
140016383,3
140016397,3
140016438,3
140016471,3
140016660,3
140017107,3
140017111,3
140017324,3
140017417,3
140017473,3
140017740,3
140018166,3
140018313,3
140018687,3
140018815,3
140018872,3
140018908,3
140018909,3
140018937,3
140019198,3
140019216,3
140019512,3
140019675,3
140019748,3
140019825,3
140019846,3
140019926,3
140019954,3
140020007,3
140020009,3
140020574,3
140020582,3
140020719,3
140020769,3
140020803,3
140021065,3
140021269,3
140021286,3
140021300,3
140021575,3
140021701,3
140021910,3
140022103,3
140022125,3
140022281,3
140022483,3
140022484,3
140022555,3
140022816,3
140022824,3
140022946,3
140023042,3
140023120,3
140023485,3
140023495,3
140023545,3
140023711,3
140023809,3
140023886,3
140023950,3
140023956,3
140024021,3
140024049,3
140024104,3
140024207,3
140024453,3
140024491,3
140024577,3
140024631,3
140024724,3
140024798,3
140024904,3
140025299,3
140025454,3
140025681,3
140025709,3
140025710,3
140025715,3
140025732,3
140025735,3
140025950,3
140025983,3
140026286,3
140026403,3
140026810,3
140026864,3
140026965,3
140026982,3
140027311,3
140027418,3
140027466,3
140027524,3
140027529,3
140027855,3
140028100,3
140028145,3
140028146,3
140028154,3
140028185,3
140028192,3
140028306,3
140028312,3
140028553,3
140028582,3
140028674,3
140028802,3
140028968,3
140029015,3
140029082,3
140029186,3
140029362,3
140029461,3
140029701,3
140030247,3
140030429,3
140030697,3
140030783,3
140030900,3
140030936,3
140030965,3
140030979,3
140031087,3
140031357,3
140031687,3
140031883,3
140031889,3
140031912,3
140031948,3
140032001,3
140032067,3
140032506,3
140032518,3
140032597,3
140032601,3
140032651,3
140032672,3
140032717,3
140032778,3
140032847,3
140032904,3
140032914,3
140032959,3
140033152,3
140033370,3
140033535,3
140034223,3
140034713,3
140034818,3
140034909,3
140035299,3
140035339,3
140035408,3
140035473,3
140035665,3
140035693,3
140035704,3
140035835,3
140035996,3
140036394,3
140036696,3
140036733,3
140036767,3
140036830,3
140036990,3
140037087,3
140037421,3
140037469,3
140037738,3
140037794,3
140038016,3
140038170,3
140038278,3
140038332,3
140038350,3
140038506,3
140038613,3
140038900,3
140039180,3
140039397,3
140039430,3
140039450,3
140039540,3
140039584,3
140039765,3
140040024,3
140040066,3
140040242,3
140040271,3
140040302,3
140040514,3
140040697,3
140040769,3
140040849,3
140040926,3
140041184,3
140041260,3
140041416,3
140041483,3
140041683,3
140041715,3
140041801,3
140041850,3
140041942,3
140050335,3
140050356,3
140050394,3
140050398,3
140050806,3
140050955,3
140051181,3
140051477,3
140051729,3
140051753,3
140051998,3
140052008,3
140052225,3
140052469,3
140052542,3
140052655,3
140052751,3
140052982,3
140053406,3
140053602,3
140053675,3
140053878,3
140053971,3
140053995,3
140054486,3
140054585,3
140055023,3
140055310,3
140055440,3
140055478,3
140055750,3
140055842,3
140055895,3
140055909,3
140055942,3
140055969,3
140056116,3
140056320,3
140056805,3
140057388,3
140057797,3
140058159,3
140058332,3
140058405,3
140058716,3
140058766,3
140058944,3
140059006,3
140059252,3
140059454,3
140059888,3
140060031,3
140060132,3
140060190,3
140060199,3
140060229,3
140060237,3
140060266,3
140060523,3
140060594,3
140060872,3
140060991,3
140061060,3
140061415,3
140061532,3
140061549,3
140061568,3
140061819,3
140061925,3
140061939,3
140062278,3
140062396,3
140062437,3
140062498,3
140062538,3
140062559,3
140062590,3
140062642,3
140062821,3
140062887,3
140063040,3
140063210,3
140063350,3
140063513,3
140063669,3
140063804,3
140063866,3
140063905,3
140063906,3
140063939,3
140064234,3
140064545,3
140064995,3
140065001,3
140065166,3
140065354,3
140065470,3
140065776,3
140065981,3
140066233,3
140066396,3
140066591,3
140066728,3
140066851,3
140066881,3
140067091,3
140068287,3
140068353,3
140068674,3
140068806,3
140068833,3
140068849,3
140069295,3
140069351,3
140069464,3
140069560,3
140069776,3
140069781,3
140069826,3
140069834,3
140069836,3
140070042,3
140070138,3
140070219,3
140070545,3
140070598,3
140071024,3
140071132,3
140071226,3
140071417,3
140071560,3
140071678,3
140071917,3
140071939,3
140071978,3
140072078,3
140072102,3
140072128,3
140072540,3
140072650,3
140072840,3
140073233,3
140073580,3
140073680,3
140074819,3
140075142,3
140075213,3
140075246,3
140075254,3
140075299,3
140075325,3
140075347,3
140075680,3
140075836,3
170000334,3
170000601,3
170000864,3
170001029,3
170001409,3
170001625,3
170001760,3
170002119,3
170002378,3
170002380,3
170002454,3
170002665,3
170003458,3
170003768,3
170004427,3
170004955,3
170004998,3
170005334,3
170005463,3
170005921,3
170006327,3
170006555,3
170006891,3
170007310,3
170007623,3
170007749,3
170008279,3
170008331,3
170008405,3
170008503,3
170008579,3
170008725,3
170008844,3
170008924,3
170008943,3
170009116,3
170010070,3
170010456,3
170010729,3
170010797,3
170010978,3
170011129,3
170011156,3
170011256,3
170011351,3
170011430,3
170011834,3
170011876,3
170011931,3
170013389,3
170013599,3
170014021,3
170014026,3
170014143,3
170014223,3
170014232,3
170014336,3
170014343,3
170014807,3
170014860,3
170015365,3
170015371,3
170015470,3
170015735,3
170016212,3
170016901,3
170017234,3
170017485,3
170017574,3
170017698,3
170017736,3
170017891,3
170017898,3
170017996,3
170018879,3
170019016,3
170019445,3
170019556,3
170019576,3
170019619,3
170019718,3
170019982,3
170020422,3
170020532,3
170020819,3
170020887,3
170021828,3
170021838,3
170021949,3
170022172,3
170022370,3
170023066,3
170023142,3
170023247,3
170023288,3
170023414,3
170023462,3
170023577,3
170024019,3
170024419,3
170024523,3
170024607,3
170024642,3
170024958,3
170025171,3
170025468,3
170025482,3
170026034,3
170026235,3
170026394,3
170027435,3
170027449,3
170027787,3
170027966,3
170028162,3
170028315,3
170028636,3
170028785,3
170028970,3
170029522,3
170029686,3
170029837,3
170030026,3
170030871,3
170031087,3
170031392,3
170031790,3
170032005,3
170032023,3
170032355,3
170032427,3
170032446,3
170032456,3
170032955,3
170033836,3
170034427,3
170034705,3
170035095,3
170036069,3
170036284,3
170036671,3
170036688,3
170036841,3
170036925,3
170037178,3
170037193,3
170037349,3
170037726,3
170037846,3
170038099,3
170038630,3
170039343,3
170039374,3
170039445,3
170039700,3
170039928,3
170040045,3
170040447,3
170040902,3
170041391,3
170041721,3
170041788,3
170042404,3
170042562,3
170043433,3
170043700,3
170043803,3
170044075,3
170044108,3
170044249,3
170044416,3
170044505,3
170044729,3
170045142,3
170045182,3
170045452,3
170045457,3
170046094,3
170047165,3
170047174,3
170047198,3
170047853,3
170047887,3
170047908,3
170048773,3
170049057,3
170049213,3
170050079,3
170050120,3
170050197,3
170051486,3
170051639,3
170051888,3
170052060,3
170052103,3
170052313,3
170052459,3
170052464,3
170052680,3
170053167,3
170053327,3
170053715,3
170053851,3
170053972,3
170054096,3
170054216,3
170055145,3
170055195,3
170055380,3
170055491,3
170055504,3
170055524,3
170055795,3
170056245,3
170056558,3
170056620,3
170057372,3
170057609,3
170057819,3
170058250,3
170058302,3
170058567,3
170058684,3
170059754,3
170059755,3
170060396,3
170060523,3
170060954,3
170060986,3
170061067,3
170061279,3
170061671,3
170062253,3
170062602,3
170063179,3
170063287,3
170063452,3
170063904,3
170063987,3
170064130,3
170064374,3
170064447,3
170064765,3
170065083,3
170065413,3
170065500,3
170065687,3
170066182,3
170066465,3
170066496,3
170066625,3
170066738,3
170066856,3
170067140,3
170067171,3
170067248,3
170067581,3
170067710,3
170067833,3
170068043,3
170068546,3
170068572,3
170069375,3
170069427,3
170069809,3
170069842,3
170069848,3
170069887,3
170070163,3
170070173,3
170070447,3
170070706,3
170070745,3
170070830,3
170071111,3
170071232,3
170071249,3
170072053,3
170072173,3
170072958,3
170073076,3
170073105,3
170075271,3
170076488,3
170076674,3
170077971,3
170078888,3
170079084,3
170079198,3
170079702,3
170080161,3
170080194,3
170080397,3
170080601,3
170080787,3
170080928,3
170081296,3
170081459,3
170082215,3
170082471,3
170082554,3
170082708,3
170083017,3
170083106,3
170083373,3
170083416,3
170083703,3
170083779,3
170084375,3
170084411,3
170085255,3
170086567,3
170086615,3
170086690,3
170087087,3
170087429,3
170087533,3
170087745,3
170087773,3
170088018,3
170088110,3
170088212,3
170088225,3
170088990,3
170089127,3
170089208,3
170089764,3
170089829,3
170089986,3
170090499,3
170090882,3
170091348,3
170091685,3
170091851,3
170092048,3
170092600,3
170092683,3
170093386,3
170093931,3
170094138,3
170094323,3
170094523,3
170094627,3
170094955,3
170095378,3
170095420,3
170095719,3
170095881,3
170095951,3
170096124,3
170096363,3
170096613,3
170096978,3
170097649,3
170097916,3
170098152,3
170098348,3
170098630,3
170099931,3
170100048,3
170100064,3
170100404,3
170100419,3
170100585,3
170100614,3
170100816,3
170100882,3
170101016,3
170101303,3
170101498,3
170101745,3
170101901,3
170101905,3
170102193,3
170102336,3
170102351,3
170102685,3
170102767,3
170103224,3
170103406,3
170103655,3
170103796,3
170104041,3
170104152,3
170104866,3
170104924,3
170105233,3
170105588,3
170105962,3
170106420,3
170106674,3
170106918,3
170107105,3
170107212,3
170107738,3
170108145,3
170109032,3
170109255,3
170109444,3
170110183,3
170110492,3
170110673,3
170111192,3
170111225,3
180000266,3
180000290,3
180000733,3
180000759,3
180001677,3
180001933,3
180002769,3
180003605,3
180004086,3
180004421,3
180004673,3
180005055,3
180005780,3
180005946,3
180006295,3
180006815,3
180007206,3
180007388,3
180008124,3
180008357,3
180008499,3
180008716,3
180009633,3
180009679,3
180009782,3
180010623,3
180011260,3
180011889,3
180012689,3
180012880,3
180013019,3
180013558,3
180013685,3
180014422,3
180015086,3
180015482,3
180015528,3
180015582,3
180015603,3
180015755,3
180015836,3
180016276,3
180016542,3
180017047,3
180018195,3
180018203,3
180018586,3
180018726,3
180019500,3
180019573,3
180020018,3
180020191,3
180020595,3
180020981,3
180021308,3
180021493,3
180021708,3
180021752,3
180021842,3
180022384,3
180022388,3
180022523,3
180022569,3
180022596,3
180023072,3
180024175,3
180024257,3
180024976,3
180025179,3
180025585,3
180025603,3
180025760,3
180025771,3
180026023,3
180026051,3
180026610,3
180027030,3
180027224,3
180027244,3
180027446,3
180027791,3
180027852,3
180028126,3
180028683,3
180029358,3
180029370,3
180030115,3
180030268,3
180030356,3
180030895,3
180031207,3
180031352,3
180031550,3
180032202,3
180033366,3
180033873,3
180034178,3
180034253,3
180034889,3
180035451,3
180035651,3
180036374,3
180036503,3
180036570,3
180036810,3
180036860,3
180037333,3
180037523,3
180037537,3
180037975,3
180038349,3
180038481,3
180038837,3
180039411,3
180039945,3
180040321,3
180040369,3
180040785,3
180040997,3
180041038,3
180041214,3
180041895,3
180042411,3
180042878,3
180043055,3
180043068,3
180043223,3
180043680,3
180043806,3
180043843,3
180044021,3
180044054,3
180045573,3
180046080,3
180046140,3
180046233,3
180046249,3
180046331,3
180046506,3
180046529,3
180046708,3
180046753,3
180047023,3
180047408,3
180047835,3
180048245,3
180048263,3
180049652,3
180049719,3
180049792,3
180050155,3
180050727,3
180051018,3
180052548,3
180053281,3
180053532,3
180053614,3
180053626,3
180054018,3
180054589,3
180055007,3
180055406,3
180055744,3
180056271,3
180056354,3
180056361,3
180056838,3
180057230,3
180057526,3
180057610,3
180058139,3
180058527,3
180058567,3
180059378,3
180059482,3
180059619,3
180059841,3
180059972,3
180060049,3
180060170,3
180060761,3
180061108,3
180061533,3
180061540,3
180062098,3
180062101,3
180062154,3
180062269,3
180062369,3
180062471,3
180062905,3
180063045,3
180063160,3
180063174,3
180064050,3
180064151,3
180064199,3
180064241,3
180064485,3
180065438,3
180065619,3
180065862,3
180066481,3
180066839,3
180067176,3
180067241,3
180067765,3
180068260,3
180068301,3
180068895,3
180069007,3
180069434,3
180069495,3
180069626,3
180069954,3
180070413,3
180071013,3
180071015,3
180071203,3
180071395,3
180071628,3
180072420,3
180073109,3
180073182,3
180073883,3
180074051,3
180075246,3
180075985,3
180076015,3
180076313,3
180076768,3
180076988,3
180077588,3
180077784,3
180078580,3
180079112,3
180079219,3
180079223,3
180079832,3
180079877,3
180079925,3
180079958,3
180079983,3
180080705,3
180080774,3
180080978,3
180081185,3
180081392,3
180081411,3
180081647,3
180081940,3
180082082,3
180082464,3
180083195,3
180083843,3
180083938,3
180084730,3
180085066,3
180085448,3
180085612,3
180085765,3
180086082,3
180086291,3
180086391,3
180086440,3
180086509,3
180087724,3
180087728,3
180087978,3
180088222,3
180088340,3
180088431,3
180089540,3
180090495,3
180091429,3
180091841,3
180092248,3
180092310,3
180092582,3
180093122,3
180093440,3
180093875,3
180093978,3
180094026,3
180095452,3
180095465,3
180095518,3
180096033,3
180096206,3
180096490,3
180097705,3
180098199,3
180098483,3
180099963,3
180099985,3
180100225,3
180100227,3
180100355,3
180100684,3
180100907,3
180101228,3
180101281,3
180101797,3
180102101,3
180102234,3
180103449,3
180103484,3
180103611,3
180103623,3
180103924,3
180104121,3
180104241,3
180104419,3
180104464,3
180104719,3
180105068,3
180105258,3
180105747,3
180105772,3
180106115,3
180106158,3
180106497,3
180106759,3
180107326,3
180107545,3
180107588,3
180107636,3
180108066,3
180108128,3
180108160,3
180108956,3
180109174,3
180109185,3
180109361,3
180109367,3
180109385,3
180109806,3
180110683,3
180111044,3
180111475,3
180112145,3
180112262,3
180112488,3
180112772,3
180112916,3
180114035,3
180114368,3
180114836,3
180116506,3
180116837,3
180116975,3
180116997,3
180117211,3
180117609,3
180117795,3
180117848,3
180118371,3
180118535,3
180118857,3
180118882,3
180119475,3
180119507,3
180119615,3
180119626,3
180119771,3
180119928,3
180119975,3
180119989,3
180120055,3
180120170,3
180120459,3
180120612,3
180120634,3
180120844,3
180121391,3
180121447,3
180121499,3
180121519,3
180121612,3
180122526,3
180122627,3
180122827,3
180124220,3
180124479,3
180124495,3
180124612,3
180124800,3
180125244,3
180125433,3
180126027,3
180126490,3
180126858,3
180126903,3
180127391,3
180127449,3
180127664,3
180127804,3
180128498,3
180128778,3
180129106,3
180129494,3
180129551,3
180129754,3
180129911,3
180130035,3
180130814,3
180131828,3
180131976,3
180132278,3
180132435,3
180132615,3
180133594,3
180135354,3
180135470,3
180136139,3
180136415,3
180136471,3
180136571,3
180136812,3
180137515,3
180138071,3
180138074,3
180138129,3
180138230,3
180138262,3
180138481,3
180138596,3
180139112,3
180139460,3
180139482,3
180139925,3
180140718,3
180140853,3
180140967,3
180141047,3
180141388,3
180141959,3
180142048,3
180142068,3
180142821,3
180142861,3
180142963,3
180143931,3
180144078,3
180144472,3
180144688,3
180144985,3
180145144,3
180145495,3
180145504,3
180146089,3
180146376,3
180146772,3
180147153,3
180148068,3
180148794,3
180148810,3
180149507,3
180149595,3
180149828,3
180149900,3
180150693,3
180150856,3
180150998,3
180151286,3
180151555,3
180151575,3
180151683,3
180151728,3
180152234,3
180152299,3
180152497,3
180152606,3
180152759,3
180152829,3
180152999,3
180154188,3
180154779,3
180155256,3
180155746,3
180155977,3
180156190,3
180156773,3
180157208,3
180157396,3
180157813,3
180158002,3
180158301,3
180159494,3
180159705,3
180159948,3
180160127,3
180160159,3
180160311,3
180161347,3
180161359,3
180161525,3
180161997,3
180162072,3
180162399,3
180162414,3
180162479,3
180163151,3
180163509,3
180163523,3
180166189,3
180166385,3
180166623,3
180166701,3
180166759,3
180167178,3
180167179,3
180167396,3
180167742,3
180167910,3
180168324,3
180168345,3
180168421,3
180168519,3
180168718,3
180169094,3
180169118,3
180169223,3
180169267,3
180169656,3
180170003,3
180170261,3
180170791,3
180171151,3
180171557,3
180171817,3
180172102,3
180172863,3
180172990,3
180173053,3
180173238,3
180173454,3
180173652,3
180173659,3
180173830,3
180174291,3
180174375,3
180174535,3
180175729,3
180175910,3
180176017,3
180176640,3
180176916,3
180177026,3
180177728,3
180177751,3
180177972,3
180177994,3
180178647,3
180178664,3
180178838,3
180179250,3
180179360,3
180179689,3
180180425,3
180180525,3
180181535,3
180181652,3
180181907,3
180181938,3
180182249,3
180182424,3
180182467,3
180182805,3
180183402,3
180183651,3
180184964,3
180185208,3
180185487,3
180185579,3
180186042,3
180186110,3
180186555,3
180187450,3
180187502,3
180187507,3
180187912,3
180187924,3
180188576,3
180188696,3
180189444,3
180189507,3
180189597,3
180190016,3
180190581,3
180191039,3
180191084,3
180191142,3
180192349,3
180192735,3
180193066,3
180194569,3
180194699,3
180194797,3
180196713,3
180196821,3
180197242,3
180197341,3
180197623,3
180197665,3
180197872,3
180198091,3
180198136,3
180199115,3
180199245,3
180199269,3
180199500,3
180200449,3
180200597,3
180200928,3
180201300,3
180201489,3
180201529,3
180201712,3
180201842,3
180201955,3
180202062,3
180202400,3
180202606,3
180202955,3
180203902,3
180203951,3
180204227,3
180204391,3
180204488,3
180204511,3
180205155,3
180205546,3
180205689,3
180205935,3
180206068,3
180206069,3
180206976,3
180207556,3
180208405,3
180208430,3
180208482,3
180208652,3
180208801,3
180208942,3
180209314,3
180209917,3
180210042,3
180210043,3
180210081,3
180210552,3
180210675,3
180210708,3
180210950,3
180211138,3
180211889,3
180211907,3
180212280,3
180212399,3
180212734,3
180212893,3
180213032,3
180213274,3
180213277,3
180213556,3
180214197,3
180214338,3
180214570,3
180214593,3
180214615,3
180214666,3
180214918,3
180215215,3
180215368,3
180215932,3
180216093,3
180216174,3
180216195,3
180216656,3
180217281,3
180218100,3
180218258,3
180218264,3
180218424,3
180220292,3
180220309,3
180220376,3
180220377,3
180220581,3
180221399,3
180221630,3
180222103,3
180222472,3
180223044,3
180224000,3
180224182,3
180224201,3
180224447,3
180224522,3
180225229,3
180225771,3
180226128,3
180226159,3
180226418,3
180226620,3
180227623,3
180229311,3
180229324,3
180229645,3
180230309,3
180230632,3
180230771,3
180231078,3
180231273,3
180231484,3
180232069,3
180232340,3
180233061,3
180233129,3
180233372,3
180233861,3
180234153,3
180234390,3
180234811,3
180235404,3
180235544,3
180235659,3
180235959,3
180236104,3
180236299,3
180236369,3
180236711,3
180236915,3
180237092,3
180237737,3
180238219,3
180238315,3
180238397,3
180238540,3
180238577,3
180238585,3
180239186,3
180239217,3
180239611,3
180239910,3
180239916,3
180240022,3
180240063,3
180240098,3
180240255,3
180240334,3
180240588,3
180240928,3
180241204,3
180242157,3
180242295,3
180242317,3
180242380,3
180242405,3
180242486,3
180242820,3
180242840,3
180243266,3
180243299,3
180243436,3
180243528,3
180243826,3
180244177,3
180245736,3
180245743,3
180245756,3
180245797,3
180245981,3
180246066,3
180247680,3
180247776,3
180247893,3
180247905,3
180248131,3
180248394,3
180248564,3
180248938,3
180249273,3
180249789,3
180249797,3
180250093,3
180250186,3
180250201,3
180250613,3
180250918,3
180251817,3
180251977,3
180252231,3
180252334,3
180252571,3
180253458,3
180253472,3
180253755,3
180253826,3
180254254,3
180254433,3
180254573,3
180254719,3
180254833,3
180254875,3
180255343,3
180255353,3
180256442,3
180256791,3
140000006,2
140000132,2
140000299,2
140000599,2
140000608,2
140000713,2
140000762,2
140000764,2
140000833,2
140000851,2
140000882,2
140000903,2
140000962,2
140000990,2
140001124,2
140001192,2
140001274,2
140001436,2
140001543,2
140001755,2
140001783,2
140001925,2
140001968,2
140002039,2
140002170,2
140002247,2
140002285,2
140002303,2
140002330,2
140002449,2
140002467,2
140002477,2
140002488,2
140002490,2
140002669,2
140002695,2
140002828,2
140002838,2
140002917,2
140003040,2
140003114,2
140003145,2
140003215,2
140003435,2
140003502,2
140003703,2
140003802,2
140003844,2
140003937,2
140004057,2
140004130,2
140004268,2
140004398,2
140004697,2
140004821,2
140004871,2
140005040,2
140005080,2
140005128,2
140005233,2
140005265,2
140005358,2
140005363,2
140005401,2
140005437,2
140005541,2
140005571,2
140005578,2
140005712,2
140005754,2
140005773,2
140005802,2
140005823,2
140005931,2
140006014,2
140006036,2
140006051,2
140006113,2
140006210,2
140006237,2
140006243,2
140006301,2
140006331,2
140006358,2
140006372,2
140006509,2
140006525,2
140006544,2
140006594,2
140006604,2
140006605,2
140006621,2
140006669,2
140006698,2
140006769,2
140006798,2
140007008,2
140007128,2
140007257,2
140007358,2
140007482,2
140007611,2
140007879,2
140007891,2
140007993,2
140007999,2
140008047,2
140008116,2
140008171,2
140008174,2
140008288,2
140008307,2
140008463,2
140008558,2
140008644,2
140008732,2
140008828,2
140008854,2
140008904,2
140008944,2
140009058,2
140009124,2
140009127,2
140009150,2
140009171,2
140009366,2
140009431,2
140009465,2
140009517,2
140009549,2
140009653,2
140009689,2
140009737,2
140010086,2
140010174,2
140010327,2
140010399,2
140010494,2
140010550,2
140010631,2
140011017,2
140011222,2
140011331,2
140011383,2
140011413,2
140011494,2
140011519,2
140011549,2
140011595,2
140011605,2
140011639,2
140011797,2
140011863,2
140012045,2
140012121,2
140012417,2
140012444,2
140012450,2
140012451,2
140012548,2
140013085,2
140013178,2
140013187,2
140013190,2
140013223,2
140013254,2
140013264,2
140013398,2
140013567,2
140013762,2
140013808,2
140013896,2
140013913,2
140013939,2
140014046,2
140014096,2
140014176,2
140014314,2
140014368,2
140014400,2
140014495,2
140014516,2
140014623,2
140014698,2
140014702,2
140014755,2
140015015,2
140015208,2
140015215,2
140015390,2
140015460,2
140015484,2
140015543,2
140015689,2
140015848,2
140016014,2
140016023,2
140016130,2
140016218,2
140016385,2
140016425,2
140016433,2
140016476,2
140016594,2
140016817,2
140016875,2
140016955,2
140017422,2
140017424,2
140017470,2
140017559,2
140017571,2
140017689,2
140017733,2
140017830,2
140017873,2
140017971,2
140018007,2
140018034,2
140018329,2
140018343,2
140018381,2
140018382,2
140018531,2
140018550,2
140018608,2
140018919,2
140019015,2
140019065,2
140019154,2
140019402,2
140019432,2
140019571,2
140019574,2
140019576,2
140019704,2
140019948,2
140020039,2
140020044,2
140020115,2
140020132,2
140020229,2
140020400,2
140020431,2
140020499,2
140020575,2
140020656,2
140020726,2
140020781,2
140020805,2
140020943,2
140021042,2
140021067,2
140021098,2
140021447,2
140021637,2
140021875,2
140022023,2
140022070,2
140022109,2
140022217,2
140022296,2
140022342,2
140022439,2
140022443,2
140022485,2
140022559,2
140022616,2
140022730,2
140022791,2
140022797,2
140022812,2
140022872,2
140023008,2
140023259,2
140023323,2
140023336,2
140023400,2
140023444,2
140023471,2
140023617,2
140023695,2
140023708,2
140023880,2
140023968,2
140024097,2
140024377,2
140024569,2
140024790,2
140025076,2
140025104,2
140025161,2
140025170,2
140025246,2
140025249,2
140025258,2
140025330,2
140025428,2
140025609,2
140025713,2
140025716,2
140025800,2
140025831,2
140025949,2
140026077,2
140026080,2
140026130,2
140026179,2
140026195,2
140026263,2
140026267,2
140026294,2
140026359,2
140026495,2
140026498,2
140026582,2
140026592,2
140026596,2
140026623,2
140026708,2
140026773,2
140027057,2
140027131,2
140027196,2
140027297,2
140027340,2
140027452,2
140027501,2
140027546,2
140027547,2
140027724,2
140028019,2
140028201,2
140028206,2
140028517,2
140028620,2
140028688,2
140028749,2
140028755,2
140029161,2
140029243,2
140029278,2
140029313,2
140029347,2
140029460,2
140029577,2
140029604,2
140029679,2
140029703,2
140029706,2
140029758,2
140030006,2
140030175,2
140030220,2
140030265,2
140030274,2
140030316,2
140030379,2
140030454,2
140030528,2
140030533,2
140030683,2
140030734,2
140030859,2
140030919,2
140031095,2
140031101,2
140031132,2
140031188,2
140031340,2
140031433,2
140031591,2
140031695,2
140031754,2
140031782,2
140031799,2
140031920,2
140031941,2
140031991,2
140032045,2
140032205,2
140032330,2
140032367,2
140032374,2
140032380,2
140032396,2
140032426,2
140032516,2
140032538,2
140032703,2
140032789,2
140032836,2
140033053,2
140033131,2
140033146,2
140033416,2
140033435,2
140033470,2
140033507,2
140033632,2
140033681,2
140033732,2
140033762,2
140033777,2
140033951,2
140034081,2
140034117,2
140034249,2
140034382,2
140034394,2
140034523,2
140034655,2
140034729,2
140034798,2
140034800,2
140034867,2
140035003,2
140035090,2
140035212,2
140035314,2
140035393,2
140035727,2
140035895,2
140035961,2
140036132,2
140036208,2
140036258,2
140036458,2
140036471,2
140036551,2
140036628,2
140036665,2
140036940,2
140037005,2
140037129,2
140037152,2
140037197,2
140037402,2
140037511,2
140037666,2
140037680,2
140037695,2
140037719,2
140037823,2
140037930,2
140037947,2
140038017,2
140038025,2
140038114,2
140038432,2
140038443,2
140038603,2
140038615,2
140038792,2
140038796,2
140038813,2
140038926,2
140039043,2
140039091,2
140039403,2
140039650,2
140039656,2
140039661,2
140039695,2
140040190,2
140040346,2
140040588,2
140040699,2
140041112,2
140041192,2
140041356,2
140041402,2
140041459,2
140041509,2
140041515,2
140041591,2
140041626,2
140041759,2
140041845,2
140041920,2
140050137,2
140050207,2
140050246,2
140050509,2
140050632,2
140050811,2
140051056,2
140051111,2
140051267,2
140051462,2
140051576,2
140051644,2
140051711,2
140051754,2
140051988,2
140052089,2
140052158,2
140052287,2
140052288,2
140052481,2
140052492,2
140052642,2
140052667,2
140052809,2
140052875,2
140052931,2
140052958,2
140053009,2
140053030,2
140053087,2
140053331,2
140053389,2
140053471,2
140053625,2
140053697,2
140053715,2
140053737,2
140053857,2
140053962,2
140054044,2
140054138,2
140054479,2
140054488,2
140054513,2
140054531,2
140054534,2
140054551,2
140054645,2
140054755,2
140054837,2
140054901,2
140055237,2
140055293,2
140055447,2
140055795,2
140056118,2
140056218,2
140056297,2
140056398,2
140056446,2
140056488,2
140056593,2
140056782,2
140056807,2
140056934,2
140057180,2
140057310,2
140057492,2
140057537,2
140057609,2
140057656,2
140057877,2
140058169,2
140058414,2
140058709,2
140058908,2
140059129,2
140059440,2
140059499,2
140059530,2
140059619,2
140060134,2
140060377,2
140060380,2
140060428,2
140060532,2
140060635,2
140060847,2
140060948,2
140060958,2
140061091,2
140061092,2
140061113,2
140061234,2
140061316,2
140061585,2
140061605,2
140061974,2
140062164,2
140062577,2
140062584,2
140062660,2
140062715,2
140062763,2
140062834,2
140063212,2
140063270,2
140063283,2
140063610,2
140063653,2
140063795,2
140063855,2
140063868,2
140063940,2
140063952,2
140063982,2
140063990,2
140064014,2
140064030,2
140064203,2
140064212,2
140064437,2
140064627,2
140064785,2
140064821,2
140065000,2
140065024,2
140065265,2
140065409,2
140065828,2
140065974,2
140066000,2
140066056,2
140066083,2
140066229,2
140066244,2
140066386,2
140066493,2
140066560,2
140066659,2
140066739,2
140066748,2
140066904,2
140066906,2
140066987,2
140067047,2
140067115,2
140067124,2
140067220,2
140067290,2
140067506,2
140067544,2
140068135,2
140068181,2
140068456,2
140068489,2
140068561,2
140068670,2
140068718,2
140068861,2
140069185,2
140069603,2
140069736,2
140069935,2
140069997,2
140070026,2
140070079,2
140070086,2
140070143,2
140070309,2
140070655,2
140070832,2
140070857,2
140070898,2
140070961,2
140070979,2
140070997,2
140071055,2
140071130,2
140071139,2
140071236,2
140071569,2
140071620,2
140071693,2
140071775,2
140072039,2
140072191,2
140072195,2
140072316,2
140072327,2
140072563,2
140072752,2
140073017,2
140073206,2
140073439,2
140073450,2
140073666,2
140073737,2
140073835,2
140073871,2
140073876,2
140074259,2
140074332,2
140074366,2
140074604,2
140074647,2
140074676,2
140074711,2
140074801,2
140074933,2
140074963,2
140075026,2
140075108,2
140075166,2
140075396,2
140075724,2
140075777,2
140075782,2
140075826,2
170000114,2
170000278,2
170000487,2
170000551,2
170000813,2
170000996,2
170001133,2
170001150,2
170001190,2
170001228,2
170001525,2
170001588,2
170001914,2
170002049,2
170002115,2
170002957,2
170003405,2
170003530,2
170004167,2
170004227,2
170004379,2
170004525,2
170004616,2
170004693,2
170004727,2
170004904,2
170004937,2
170005167,2
170005867,2
170006052,2
170006090,2
170006129,2
170006295,2
170006348,2
170006460,2
170006602,2
170007243,2
170007255,2
170007264,2
170007377,2
170007532,2
170008200,2
170008437,2
170008512,2
170008543,2
170008611,2
170009308,2
170009540,2
170009575,2
170009585,2
170009591,2
170009644,2
170010327,2
170010896,2
170010923,2
170011447,2
170011655,2
170011691,2
170011879,2
170011964,2
170012084,2
170012303,2
170012703,2
170012841,2
170013228,2
170013295,2
170013631,2
170013859,2
170013937,2
170013938,2
170014073,2
170014260,2
170014410,2
170014738,2
170014886,2
170015040,2
170015079,2
170015391,2
170015508,2
170015622,2
170015798,2
170015858,2
170015930,2
170016247,2
170016281,2
170016401,2
170016471,2
170016585,2
170018040,2
170018053,2
170018169,2
170018195,2
170018573,2
170018692,2
170018782,2
170018811,2
170018936,2
170019009,2
170019206,2
170019257,2
170019442,2
170019715,2
170020028,2
170020280,2
170020557,2
170020633,2
170020725,2
170020796,2
170020882,2
170020932,2
170021003,2
170021030,2
170021054,2
170021073,2
170021176,2
170021520,2
170021788,2
170021863,2
170021966,2
170022012,2
170022032,2
170022067,2
170022203,2
170022205,2
170022420,2
170022500,2
170022606,2
170022626,2
170022750,2
170022820,2
170023075,2
170023437,2
170023480,2
170023745,2
170023748,2
170023921,2
170023940,2
170024045,2
170024562,2
170024586,2
170024617,2
170024707,2
170024832,2
170024888,2
170024889,2
170024922,2
170025359,2
170025385,2
170025854,2
170026018,2
170026051,2
170026055,2
170026205,2
170026552,2
170026855,2
170026892,2
170026988,2
170027440,2
170027448,2
170027868,2
170027981,2
170028364,2
170028425,2
170028453,2
170028461,2
170028707,2
170028741,2
170029032,2
170029063,2
170029195,2
170029549,2
170029581,2
170029648,2
170029676,2
170029742,2
170030569,2
170030626,2
170030906,2
170031424,2
170031486,2
170032096,2
170032300,2
170032344,2
170032366,2
170032597,2
170032614,2
170032708,2
170033135,2
170033141,2
170033249,2
170033255,2
170033417,2
170033717,2
170033857,2
170034063,2
170034383,2
170034540,2
170034790,2
170034969,2
170035084,2
170035392,2
170035643,2
170035794,2
170035936,2
170036044,2
170036072,2
170036299,2
170036376,2
170036422,2
170036554,2
170036705,2
170037113,2
170037262,2
170037294,2
170038201,2
170038287,2
170038297,2
170038384,2
170038414,2
170038418,2
170038462,2
170038491,2
170038737,2
170038847,2
170038860,2
170039350,2
170039725,2
170040047,2
170040064,2
170040169,2
170040226,2
170040248,2
170040349,2
170040400,2
170040402,2
170040691,2
170040766,2
170041028,2
170041521,2
170041560,2
170041699,2
170041998,2
170042016,2
170042074,2
170042314,2
170042607,2
170042663,2
170042669,2
170042700,2
170043155,2
170043213,2
170043268,2
170043335,2
170043774,2
170043967,2
170044198,2
170044240,2
170044349,2
170044450,2
170044578,2
170044787,2
170045254,2
170045297,2
170045402,2
170045444,2
170045563,2
170045699,2
170047026,2
170047158,2
170047378,2
170047423,2
170047472,2
170048014,2
170048349,2
170048916,2
170048974,2
170049009,2
170049049,2
170049194,2
170049382,2
170049587,2
170049805,2
170049883,2
170049925,2
170050008,2
170050052,2
170050190,2
170050729,2
170050957,2
170051025,2
170051199,2
170051360,2
170051791,2
170051893,2
170051934,2
170051951,2
170052027,2
170052086,2
170052115,2
170052534,2
170052660,2
170052758,2
170052787,2
170052855,2
170053082,2
170053148,2
170053166,2
170053545,2
170053704,2
170053899,2
170054067,2
170054101,2
170054137,2
170054171,2
170054377,2
170055190,2
170055480,2
170055645,2
170055716,2
170055746,2
170055950,2
170056048,2
170056774,2
170056957,2
170057017,2
170057084,2
170057124,2
170057145,2
170057251,2
170057277,2
170057305,2
170057351,2
170057468,2
170057657,2
170057768,2
170057900,2
170058137,2
170058252,2
170058430,2
170058951,2
170059559,2
170059644,2
170059765,2
170059852,2
170059883,2
170059939,2
170060481,2
170060683,2
170060900,2
170061011,2
170061691,2
170061705,2
170062177,2
170062227,2
170062250,2
170062325,2
170062354,2
170062356,2
170062472,2
170062561,2
170062619,2
170062933,2
170062936,2
170063540,2
170063682,2
170063706,2
170063730,2
170063822,2
170063837,2
170064399,2
170064471,2
170064490,2
170064952,2
170065103,2
170065205,2
170065487,2
170065849,2
170066194,2
170066210,2
170066371,2
170066731,2
170067038,2
170067150,2
170067224,2
170067274,2
170067315,2
170067374,2
170067447,2
170067545,2
170067574,2
170067779,2
170067955,2
170068149,2
170068448,2
170068731,2
170069273,2
170069609,2
170070180,2
170070235,2
170070735,2
170070901,2
170071085,2
170071357,2
170071399,2
170071430,2
170071624,2
170071850,2
170071906,2
170072047,2
170072174,2
170072346,2
170072502,2
170072777,2
170073009,2
170073476,2
170073794,2
170073919,2
170074173,2
170074455,2
170074492,2
170074647,2
170074731,2
170074760,2
170074867,2
170074944,2
170074960,2
170075473,2
170075490,2
170075644,2
170075921,2
170076074,2
170076144,2
170076271,2
170076490,2
170076635,2
170076637,2
170076646,2
170076745,2
170077491,2
170077621,2
170077798,2
170077853,2
170077958,2
170078084,2
170078308,2
170078329,2
170078897,2
170079368,2
170079527,2
170079636,2
170079732,2
170079901,2
170079969,2
170080208,2
170080226,2
170080237,2
170080280,2
170080854,2
170080986,2
170081531,2
170081564,2
170081735,2
170081754,2
170082229,2
170082309,2
170082410,2
170082507,2
170082813,2
170082820,2
170083082,2
170083204,2
170083270,2
170083414,2
170083632,2
170083729,2
170083827,2
170083915,2
170084149,2
170084242,2
170084582,2
170084740,2
170085062,2
170085090,2
170085108,2
170085251,2
170085409,2
170085442,2
170085651,2
170085680,2
170085684,2
170085918,2
170086205,2
170086362,2
170086409,2
170086457,2
170086670,2
170086736,2
170086955,2
170087164,2
170087241,2
170087316,2
170087569,2
170087723,2
170087756,2
170087775,2
170087791,2
170087799,2
170087866,2
170087896,2
170088350,2
170088424,2
170088452,2
170088544,2
170088646,2
170088710,2
170088772,2
170088832,2
170088941,2
170089150,2
170089300,2
170089404,2
170089457,2
170089473,2
170089479,2
170089536,2
170089857,2
170090213,2
170090217,2
170090658,2
170090895,2
170090989,2
170091036,2
170091080,2
170091109,2
170091178,2
170091404,2
170091415,2
170091499,2
170091518,2
170091550,2
170092020,2
170092320,2
170092520,2
170092834,2
170093111,2
170093259,2
170093634,2
170093656,2
170093830,2
170094166,2
170094477,2
170094665,2
170094666,2
170094905,2
170094966,2
170094981,2
170095134,2
170095223,2
170095994,2
170096230,2
170096239,2
170096309,2
170096901,2
170097017,2
170097081,2
170097125,2
170097310,2
170097629,2
170097869,2
170097896,2
170097908,2
170098294,2
170098645,2
170098670,2
170098720,2
170099156,2
170099181,2
170099314,2
170099315,2
170099739,2
170099969,2
170100066,2
170100099,2
170100152,2
170100335,2
170100508,2
170100666,2
170100748,2
170100884,2
170100893,2
170101260,2
170101363,2
170101533,2
170101720,2
170101869,2
170101903,2
170101999,2
170102124,2
170102294,2
170102361,2
170102397,2
170102469,2
170103409,2
170103529,2
170103671,2
170103874,2
170104189,2
170104331,2
170104442,2
170105211,2
170105242,2
170105390,2
170105828,2
170105980,2
170105990,2
170106123,2
170106270,2
170106305,2
170106350,2
170106518,2
170106621,2
170106669,2
170106726,2
170106843,2
170106926,2
170106991,2
170106994,2
170107053,2
170107083,2
170107142,2
170107311,2
170107498,2
170107709,2
170107979,2
170108420,2
170108674,2
170109065,2
170109080,2
170109087,2
170109209,2
170109233,2
170109286,2
170109465,2
170109622,2
170109860,2
170109923,2
170109960,2
170110094,2
170110260,2
170110359,2
170110370,2
170110375,2
170110744,2
170111130,2
170111157,2
180000216,2
180000239,2
180000310,2
180000417,2
180000545,2
180000848,2
180000997,2
180001232,2
180002007,2
180002026,2
180002212,2
180002435,2
180002609,2
180002652,2
180003516,2
180003828,2
180004023,2
180004031,2
180004145,2
180004247,2
180004280,2
180004594,2
180004792,2
180005158,2
180005252,2
180005515,2
180005645,2
180005764,2
180006099,2
180006314,2
180006416,2
180006922,2
180007340,2
180007369,2
180007408,2
180007718,2
180007722,2
180008117,2
180008538,2
180008752,2
180008847,2
180008956,2
180009118,2
180009251,2
180009411,2
180009739,2
180009907,2
180010125,2
180010459,2
180010465,2
180010775,2
180011335,2
180011374,2
180011381,2
180011387,2
180011740,2
180011851,2
180012509,2
180013179,2
180013483,2
180013698,2
180013728,2
180013859,2
180013982,2
180014028,2
180014062,2
180014245,2
180014293,2
180014352,2
180014372,2
180014390,2
180014451,2
180014769,2
180014804,2
180015017,2
180015309,2
180015573,2
180015632,2
180015849,2
180015900,2
180016199,2
180016210,2
180016288,2
180016453,2
180016502,2
180016628,2
180016924,2
180016977,2
180017012,2
180017456,2
180017700,2
180017828,2
180017901,2
180018008,2
180018027,2
180018190,2
180018446,2
180018573,2
180018857,2
180019089,2
180019382,2
180019675,2
180019730,2
180020077,2
180020158,2
180020189,2
180020192,2
180020632,2
180020983,2
180021183,2
180021346,2
180021403,2
180021864,2
180021982,2
180022406,2
180022572,2
180022659,2
180023329,2
180023439,2
180024143,2
180024216,2
180024403,2
180024412,2
180024475,2
180024486,2
180024676,2
180024789,2
180024994,2
180025038,2
180025201,2
180025268,2
180025307,2
180025319,2
180025405,2
180025493,2
180025801,2
180026130,2
180026440,2
180026461,2
180026580,2
180027079,2
180027112,2
180027196,2
180027253,2
180027481,2
180027718,2
180028010,2
180028138,2
180028163,2
180028189,2
180028203,2
180028332,2
180028422,2
180028569,2
180029044,2
180029224,2
180029334,2
180029990,2
180030022,2
180030091,2
180030120,2
180030232,2
180030812,2
180030886,2
180030911,2
180031336,2
180031555,2
180032153,2
180032221,2
180032312,2
180032320,2
180032336,2
180032587,2
180032684,2
180032746,2
180033062,2
180033088,2
180033460,2
180033501,2
180033512,2
180033601,2
180033783,2
180033789,2
180034069,2
180034130,2
180034706,2
180034860,2
180034925,2
180035642,2
180035784,2
180036293,2
180036370,2
180036405,2
180037031,2
180037226,2
180037465,2
180037538,2
180037711,2
180037888,2
180038176,2
180038311,2
180038333,2
180038496,2
180038593,2
180038683,2
180038999,2
180039293,2
180039457,2
180040132,2
180040177,2
180040251,2
180040345,2
180040394,2
180040463,2
180041823,2
180041860,2
180041986,2
180042114,2
180042204,2
180042243,2
180042355,2
180042409,2
180042428,2
180042473,2
180042545,2
180042716,2
180042720,2
180042794,2
180042903,2
180043269,2
180043422,2
180043564,2
180043692,2
180043772,2
180044014,2
180044131,2
180044207,2
180044262,2
180044292,2
180044480,2
180044733,2
180044806,2
180044983,2
180045052,2
180045219,2
180045736,2
180045771,2
180045846,2
180045947,2
180046087,2
180046199,2
180046347,2
180046449,2
180046741,2
180047102,2
180047433,2
180047628,2
180047786,2
180048232,2
180049418,2
180049694,2
180049750,2
180050057,2
180050087,2
180050181,2
180050407,2
180050456,2
180051037,2
180051216,2
180051268,2
180051317,2
180051514,2
180051633,2
180051661,2
180051668,2
180051896,2
180052003,2
180052224,2
180052332,2
180052386,2
180052420,2
180052460,2
180052566,2
180052610,2
180052925,2
180053102,2
180053121,2
180053350,2
180053411,2
180053499,2
180053752,2
180053915,2
180054254,2
180054290,2
180054411,2
180054474,2
180054576,2
180054704,2
180054837,2
180054843,2
180055224,2
180055264,2
180055279,2
180055632,2
180055918,2
180055929,2
180056136,2
180056148,2
180056259,2
180056305,2
180056309,2
180056600,2
180056896,2
180056977,2
180057018,2
180057024,2
180057172,2
180057263,2
180057708,2
180057756,2
180057892,2
180058269,2
180058709,2
180058828,2
180059174,2
180059854,2
180060057,2
180060546,2
180061030,2
180061329,2
180061858,2
180062149,2
180062213,2
180062243,2
180062244,2
180062347,2
180062483,2
180062484,2
180062583,2
180062775,2
180062821,2
180063140,2
180063215,2
180063445,2
180063541,2
180063778,2
180064370,2
180064449,2
180064790,2
180064913,2
180065013,2
180065543,2
180065782,2
180065947,2
180066003,2
180066185,2
180066259,2
180066319,2
180066530,2
180066594,2
180067264,2
180067372,2
180067537,2
180067549,2
180067750,2
180067977,2
180068028,2
180068673,2
180068840,2
180069217,2
180069296,2
180069760,2
180070157,2
180070180,2
180070295,2
180070692,2
180070991,2
180071092,2
180071095,2
180071244,2
180072047,2
180072126,2
180072255,2
180072714,2
180073261,2
180073287,2
180073365,2
180073472,2
180073752,2
180074152,2
180074179,2
180074466,2
180074542,2
180074622,2
180074809,2
180074879,2
180075006,2
180075070,2
180075108,2
180075150,2
180076006,2
180076047,2
180076056,2
180076327,2
180076559,2
180076683,2
180077038,2
180077277,2
180077548,2
180077573,2
180077649,2
180077863,2
180078096,2
180078175,2
180078306,2
180078326,2
180078639,2
180079261,2
180079326,2
180079636,2
180079870,2
180079882,2
180080006,2
180080204,2
180080360,2
180080418,2
180080784,2
180081038,2
180081136,2
180081140,2
180081351,2
180081906,2
180081925,2
180082097,2
180082213,2
180082743,2
180082804,2
180082856,2
180083108,2
180083250,2
180083824,2
180083931,2
180084006,2
180084034,2
180084349,2
180084419,2
180084501,2
180084546,2
180084818,2
180085069,2
180085192,2
180085237,2
180085526,2
180085529,2
180085703,2
180085741,2
180085756,2
180085800,2
180085906,2
180085993,2
180086448,2
180086559,2
180086648,2
180086668,2
180086831,2
180086835,2
180087560,2
180087668,2
180087873,2
180088044,2
180088150,2
180088430,2
180088457,2
180088526,2
180088653,2
180089052,2
180089180,2
180089225,2
180089401,2
180089782,2
180089786,2
180090170,2
180090338,2
180090352,2
180090360,2
180090606,2
180090647,2
180090686,2
180090961,2
180091273,2
180091354,2
180091644,2
180091653,2
180091686,2
180091903,2
180091906,2
180091975,2
180091995,2
180091996,2
180092063,2
180092203,2
180092772,2
180092780,2
180093023,2
180093858,2
180093911,2
180094024,2
180094084,2
180094745,2
180094897,2
180094903,2
180095153,2
180095262,2
180095609,2
180095693,2
180096078,2
180096127,2
180096169,2
180096330,2
180096389,2
180096563,2
180096677,2
180097215,2
180097321,2
180097359,2
180097475,2
180097638,2
180097699,2
180097745,2
180097855,2
180097932,2
180098061,2
180098161,2
180098284,2
180098473,2
180098716,2
180098722,2
180098758,2
180098770,2
180098848,2
180098911,2
180099285,2
180099405,2
180100256,2
180100287,2
180100595,2
180100633,2
180100851,2
180100964,2
180100980,2
180101002,2
180101163,2
180101172,2
180101430,2
180101562,2
180101772,2
180102053,2
180102330,2
180102408,2
180102513,2
180102536,2
180102554,2
180102625,2
180102767,2
180102890,2
180103023,2
180103246,2
180103311,2
180103421,2
180103477,2
180103747,2
180104081,2
180104376,2
180104389,2
180104431,2
180105080,2
180105289,2
180105295,2
180105610,2
180105664,2
180105805,2
180106139,2
180106510,2
180106645,2
180106737,2
180107279,2
180107443,2
180107951,2
180108041,2
180108313,2
180108382,2
180108385,2
180109074,2
180109211,2
180109216,2
180109218,2
180109326,2
180109372,2
180109381,2
180109554,2
180109997,2
180110084,2
180110149,2
180110592,2
180110742,2
180110815,2
180110845,2
180111467,2
180111480,2
180111984,2
180112134,2
180112424,2
180112459,2
180112489,2
180112614,2
180112665,2
180112703,2
180112819,2
180113099,2
180113126,2
180113331,2
180113392,2
180113535,2
180113670,2
180113728,2
180113865,2
180114000,2
180114014,2
180114019,2
180114151,2
180114529,2
180115158,2
180115366,2
180115448,2
180115611,2
180115622,2
180116211,2
180116264,2
180116345,2
180116604,2
180116667,2
180116683,2
180116761,2
180116841,2
180117186,2
180117290,2
180117743,2
180117801,2
180118255,2
180118346,2
180118537,2
180118729,2
180118834,2
180118909,2
180118934,2
180119917,2
180119941,2
180120519,2
180120621,2
180120696,2
180120774,2
180121015,2
180121098,2
180121126,2
180121458,2
180121783,2
180121936,2
180122147,2
180122155,2
180122247,2
180122463,2
180122512,2
180122524,2
180123193,2
180123434,2
180123461,2
180123563,2
180123611,2
180124134,2
180124413,2
180124650,2
180124836,2
180125094,2
180125124,2
180125172,2
180125305,2
180125483,2
180125639,2
180126435,2
180126653,2
180126660,2
180126957,2
180127180,2
180127413,2
180127486,2
180127868,2
180128226,2
180128487,2
180128699,2
180128953,2
180129310,2
180129404,2
180129654,2
180129750,2
180129776,2
180129786,2
180129799,2
180129874,2
180129988,2
180130441,2
180130559,2
180130620,2
180130733,2
180130790,2
180131197,2
180131301,2
180131589,2
180131608,2
180131675,2
180131921,2
180132226,2
180132323,2
180132329,2
180132493,2
180132498,2
180132542,2
180132606,2
180132765,2
180133022,2
180133172,2
180133258,2
180133668,2
180133679,2
180134179,2
180134431,2
180134895,2
180135108,2
180135287,2
180135341,2
180135566,2
180135617,2
180135861,2
180135907,2
180135998,2
180136042,2
180136048,2
180136377,2
180136650,2
180137173,2
180137184,2
180137242,2
180137260,2
180137313,2
180138498,2
180138747,2
180139027,2
180139144,2
180139210,2
180139224,2
180139454,2
180139842,2
180140425,2
180140562,2
180141068,2
180141179,2
180141381,2
180141431,2
180141491,2
180141504,2
180141527,2
180141629,2
180141688,2
180141855,2
180141868,2
180141918,2
180142102,2
180142146,2
180142331,2
180142565,2
180142757,2
180142842,2
180143183,2
180143382,2
180143471,2
180143663,2
180143832,2
180143860,2
180143894,2
180143984,2
180144056,2
180144160,2
180144222,2
180144248,2
180144622,2
180144781,2
180144788,2
180144942,2
180145024,2
180145087,2
180145158,2
180145262,2
180145484,2
180145553,2
180145660,2
180145789,2
180145936,2
180146112,2
180146343,2
180146694,2
180146822,2
180147296,2
180147393,2
180147399,2
180147409,2
180147531,2
180147688,2
180148074,2
180148142,2
180148173,2
180148185,2
180148513,2
180149069,2
180149203,2
180149863,2
180150033,2
180150356,2
180150524,2
180150530,2
180150690,2
180150697,2
180150844,2
180151346,2
180151393,2
180151666,2
180152278,2
180152347,2
180152799,2
180152863,2
180153055,2
180153299,2
180153426,2
180153458,2
180153763,2
180153940,2
180153942,2
180153998,2
180154094,2
180154149,2
180154167,2
180154374,2
180154515,2
180154909,2
180155059,2
180155348,2
180155386,2
180155430,2
180155740,2
180155941,2
180156290,2
180156319,2
180157030,2
180157345,2
180157600,2
180157608,2
180157892,2
180157895,2
180158083,2
180158358,2
180158584,2
180158634,2
180158898,2
180158918,2
180159371,2
180159409,2
180159437,2
180159530,2
180159656,2
180159730,2
180160092,2
180160334,2
180160442,2
180160518,2
180160568,2
180160780,2
180160960,2
180161093,2
180161484,2
180161817,2
180161983,2
180161992,2
180162140,2
180162193,2
180162743,2
180163117,2
180163562,2
180163575,2
180163936,2
180164000,2
180164257,2
180164408,2
180164936,2
180165051,2
180165712,2
180165785,2
180166246,2
180166387,2
180166590,2
180166915,2
180166923,2
180167126,2
180167314,2
180167518,2
180167564,2
180167688,2
180167718,2
180167911,2
180168582,2
180169675,2
180169750,2
180169917,2
180170018,2
180170273,2
180170303,2
180170328,2
180170553,2
180170824,2
180171093,2
180171193,2
180171336,2
180171423,2
180171482,2
180171745,2
180172007,2
180172228,2
180172265,2
180172541,2
180172638,2
180172644,2
180173146,2
180173477,2
180173489,2
180174349,2
180174588,2
180175097,2
180175770,2
180175836,2
180175847,2
180176889,2
180176938,2
180177063,2
180177441,2
180177773,2
180178004,2
180178125,2
180178270,2
180178336,2
180178353,2
180178398,2
180178752,2
180179025,2
180179240,2
180179371,2
180179511,2
180179604,2
180179959,2
180180269,2
180180843,2
180180974,2
180180992,2
180181031,2
180181192,2
180181255,2
180181450,2
180181679,2
180181738,2
180182445,2
180182985,2
180182996,2
180183046,2
180183190,2
180183207,2
180183491,2
180183830,2
180183918,2
180183950,2
180184032,2
180184073,2
180184091,2
180184217,2
180184262,2
180184369,2
180184523,2
180184689,2
180184791,2
180185278,2
180185281,2
180185742,2
180185925,2
180186051,2
180186211,2
180186366,2
180186657,2
180186824,2
180186858,2
180187150,2
180187524,2
180187666,2
180187784,2
180187977,2
180188122,2
180188215,2
180188523,2
180188538,2
180188845,2
180188859,2
180189026,2
180189052,2
180189165,2
180189191,2
180189194,2
180189446,2
180189577,2
180189583,2
180189801,2
180189853,2
180189986,2
180190243,2
180190362,2
180190374,2
180190547,2
180190993,2
180191030,2
180191323,2
180191403,2
180191452,2
180191518,2
180191849,2
180191994,2
180192170,2
180192270,2
180192468,2
180192552,2
180192686,2
180192690,2
180192716,2
180193142,2
180193553,2
180193601,2
180194027,2
180194190,2
180194200,2
180194247,2
180194428,2
180194466,2
180194877,2
180194897,2
180195158,2
180195274,2
180195489,2
180195501,2
180195549,2
180195618,2
180195998,2
180196169,2
180196170,2
180196197,2
180196431,2
180196878,2
180197097,2
180197359,2
180197791,2
180197898,2
180198293,2
180198645,2
180199010,2
180199037,2
180199059,2
180199118,2
180199145,2
180199629,2
180200101,2
180200659,2
180200946,2
180201230,2
180201493,2
180201616,2
180201855,2
180202064,2
180202067,2
180202531,2
180202715,2
180203207,2
180203377,2
180203426,2
180203561,2
180203615,2
180203675,2
180203735,2
180203810,2
180204147,2
180204437,2
180204540,2
180205011,2
180205036,2
180205096,2
180205120,2
180205473,2
180205684,2
180205825,2
180205976,2
180206018,2
180206123,2
180206240,2
180206357,2
180206635,2
180207621,2
180207806,2
180207856,2
180208171,2
180208226,2
180209034,2
180209294,2
180209595,2
180209686,2
180210050,2
180210130,2
180210462,2
180210472,2
180210998,2
180211032,2
180211444,2
180211632,2
180211697,2
180211891,2
180212063,2
180212130,2
180212229,2
180212451,2
180212500,2
180212520,2
180212575,2
180212692,2
180212792,2
180213103,2
180213163,2
180213260,2
180213334,2
180213908,2
180213912,2
180214216,2
180214846,2
180214849,2
180215081,2
180215484,2
180215589,2
180215719,2
180215815,2
180215916,2
180215969,2
180216025,2
180216156,2
180216247,2
180216647,2
180216652,2
180216768,2
180216860,2
180217140,2
180217258,2
180217289,2
180217362,2
180217424,2
180217584,2
180217688,2
180217757,2
180217762,2
180217952,2
180217971,2
180217986,2
180218010,2
180218022,2
180218221,2
180218245,2
180218322,2
180218560,2
180218573,2
180218676,2
180218743,2
180218773,2
180219132,2
180219158,2
180219215,2
180219249,2
180219442,2
180219473,2
180219627,2
180219821,2
180220145,2
180220178,2
180220743,2
180220817,2
180221222,2
180221325,2
180221539,2
180221847,2
180221942,2
180222013,2
180222085,2
180222241,2
180222250,2
180222580,2
180222698,2
180223023,2
180223254,2
180223260,2
180223357,2
180224036,2
180224121,2
180224486,2
180224526,2
180224577,2
180224617,2
180224670,2
180224773,2
180225997,2
180226068,2
180226119,2
180226297,2
180226327,2
180226443,2
180226815,2
180226822,2
180227043,2
180227430,2
180227895,2
180228773,2
180228824,2
180228829,2
180228932,2
180229077,2
180229369,2
180229399,2
180229563,2
180229588,2
180229618,2
180229867,2
180229928,2
180230054,2
180230174,2
180230603,2
180230928,2
180231060,2
180231107,2
180231330,2
180232046,2
180232073,2
180232263,2
180232297,2
180232353,2
180232380,2
180232779,2
180232820,2
180233655,2
180234252,2
180234449,2
180234454,2
180234907,2
180235039,2
180235267,2
180235493,2
180235711,2
180235816,2
180235958,2
180236153,2
180236262,2
180236745,2
180237267,2
180237295,2
180237825,2
180238017,2
180238438,2
180238834,2
180239159,2
180239203,2
180239277,2
180239711,2
180239841,2
180239995,2
180240200,2
180240216,2
180240377,2
180240390,2
180240636,2
180240687,2
180240852,2
180241050,2
180241063,2
180241144,2
180241407,2
180241660,2
180241717,2
180242070,2
180242248,2
180242345,2
180242372,2
180242437,2
180242817,2
180242911,2
180242979,2
180243760,2
180244378,2
180244772,2
180244807,2
180244888,2
180244956,2
180245063,2
180245427,2
180245565,2
180245628,2
180245867,2
180246104,2
180246301,2
180246321,2
180246695,2
180246756,2
180247108,2
180247144,2
180247178,2
180247253,2
180247477,2
180247676,2
180247855,2
180248347,2
180248395,2
180248462,2
180248629,2
180248935,2
180248946,2
180249226,2
180249311,2
180249384,2
180249389,2
180249973,2
180250082,2
180250266,2
180250421,2
180250675,2
180250683,2
180250808,2
180250915,2
180251101,2
180251777,2
180251862,2
180251959,2
180252041,2
180252324,2
180252390,2
180252493,2
180253115,2
180253673,2
180253738,2
180253753,2
180253898,2
180254214,2
180254945,2
180255479,2
180256514,2
180256601,2
180256767,2
180256797,2
140001871,1
140001988,1
140002785,1
140003843,1
140005800,1
140006410,1
140007163,1
140009731,1
140010354,1
140010411,1
140010707,1
140011583,1
140011652,1
140011770,1
140012953,1
140016112,1
140017493,1
140017561,1
140017732,1
140017920,1
140018642,1
140019122,1
140019619,1
140019891,1
140020030,1
140020797,1
140020884,1
140021212,1
140021458,1
140021572,1
140022285,1
140023361,1
140023692,1
140024338,1
140024837,1
140026242,1
140026282,1
140027692,1
140028576,1
140029402,1
140029426,1
140031148,1
140031301,1
140031735,1
140031787,1
140031949,1
140032275,1
140032313,1
140035508,1
140035741,1
140035867,1
140036013,1
140037358,1
140038439,1
140039378,1
140039896,1
140041684,1
140050383,1
140050655,1
140053280,1
140054033,1
140055922,1
140056083,1
140057117,1
140057747,1
140058946,1
140060201,1
140061395,1
140062840,1
140064260,1
140064393,1
140066167,1
140069280,1
140069442,1
140069767,1
140070432,1
140071080,1
140071196,1
140075588,1
170000235,1
170007308,1
170016997,1
170018232,1
170026261,1
170030562,1
170033256,1
170035313,1
170035872,1
170036473,1
170040546,1
170041583,1
170045643,1
170067923,1
170074144,1
170083463,1
170084214,1
170085716,1
170097302,1
170100618,1
170100832,1
180003155,1
180003246,1
180011918,1
180017875,1
180021061,1
180032029,1
180040920,1
180043138,1
180049730,1
180051374,1
180056459,1
180060699,1
180067118,1
180068607,1
180070303,1
180072398,1
180074890,1
180084417,1
180095458,1
180103617,1
180109086,1
180112006,1
180114021,1
180115230,1
180119096,1
180122363,1
180126104,1
180126651,1
180127642,1
180134094,1
180134457,1
180150615,1
180152274,1
180155763,1
180158126,1
180164524,1
180165022,1
180167854,1
180168918,1
180171445,1
180171938,1
180174657,1
180176629,1
180180999,1
180188619,1
180189281,1
180190582,1
180192169,1
180193559,1
180195015,1
180196364,1
180200417,1
180216100,1
180216427,1
180217920,1
180222419,1
180223626,1
180225123,1
180230241,1
180232087,1
180232262,1
180233153,1
180241200,1
180244089,1
180244131,1
