LOCATION_ID,COUNTY_DESC,ROADNAME,ID_PREFIX,ID_RTE_NO,ID_MP,BEGIN_SECTION,END_SECTION,STATION_DESC,ROAD_SECTION,RURAL_URBAN,F_SYSTEM,F_SYSTEM_DESC,MAIN_LINE,PEAK_HOUR_DIRECTION,NUM_LANES,COUNTED_FACTORED,K_FACTOR,D_FACTOR,NORTH_EAST_SPLIT,SOUTH_WEST_SPLIT,AADT_2017,AADT_2018,AAWDT_2017,AAWDT_2018,AADT,AAWDT,TRUCK_AADT,LINK,longitude,latitude,station_class,is_mainline,is_ramp,candidate_reason,candidate_for_tract_screenline_seed,AADT_2017_NUM,AADT_2018_NUM,AAWDT_2017_NUM,AAWDT_2018_NUM,AADT_NUM,AAWDT_NUM,NUM_LANES_NUM,MAIN_LINE_NUM,ID_RTE_NO_NUM,K_FACTOR_NUM,D_FACTOR_NUM,tract_index,station_tract_geoid,station_county_geoid,station_tract_label,assignment_status,station_to_boundary_m
S2012150651,Montgomery,Riding Stable Rd                        ,CO,90.0,0.06,0.0,0.67,Riding Stable Rd - Between Md 198 & Huckburn Ct,Sandy Spring Rd To Jerald Rd,Urban,5.0,Major Collector,1.0,North,2.0,F,10.25,65.03,49.85,50.15,3655.0,3420.0,3875.0,3630.0,3421.0,3761.0,,https://maps.roads.maryland.gov/itms_public/?stationid=S2012150651,-76.91035484432284,39.10623935991592,S,True,False,pg_montgomery_spatial,True,3655.0,3420.0,3875.0,3630.0,3421.0,3761.0,2.0,1.0,90.0,10.25,65.03,573,24031701410,24031,Census Tract 7014.10,reject_not_near_tract_boundary,229.35767560824715
S2012161202,Prince George's,High Bridge Rd,CO,5068.0,1.4,0.0,1.55,High Bridge Rd - .10 Mi North Of Md 450,Chestnut Ave (back) To Annapolis Rd,Urban,5.0,Major Collector,1.0,North,3.0,F,11.39,57.91,48.68,51.32,7275.0,6890.0,7715.0,7300.0,6891.0,7581.0,,https://maps.roads.maryland.gov/itms_public/?stationid=S2012161202,-76.77294510420458,38.97432728422414,S,True,False,pg_dc_spatial,True,7275.0,6890.0,7715.0,7300.0,6891.0,7581.0,3.0,1.0,5068.0,11.39,57.91,1504,24033800409,24033,Census Tract 8004.09,reject_not_near_tract_boundary,232.15981414557282
B3229,Prince George's,Piscataway Rd,MD,223.0,7.2,7.17,7.4,Md223-between Pineview La & Md5,Pine View La To Md 5 Ramps,Urban,4.0,Minor Arterial,1.0,South,4.0,C,7.12,50.65,54.03,45.97,46791.0,46372.0,50071.0,49622.0,43200.0,45790.0,,https://maps.roads.maryland.gov/itms_public/?stationid=B3229,-76.88829185982212,38.766866133321976,B,True,False,pg_dc_spatial,True,46791.0,46372.0,50071.0,49622.0,43200.0,45790.0,4.0,1.0,223.0,7.12,50.65,680,24033801217,24033,Census Tract 8012.17,reject_not_near_tract_boundary,339.21686029143734
B3268,Prince George's,Oxon Hill Rd,MD,414.0,0.72,0.52,1.039,Md414-.20 Mi E Of Md210,Md 210 To Livingston Rd,Urban,3.0,Principal Arterial Other,1.0,East,5.0,C,6.59,64.5,49.67,50.33,24671.0,24452.0,26401.0,26162.0,26870.0,28480.0,,https://maps.roads.maryland.gov/itms_public/?stationid=B3268,-76.99540072831437,38.80261862416586,B,True,False,pg_dc_spatial,True,24671.0,24452.0,26401.0,26162.0,26870.0,28480.0,5.0,1.0,414.0,6.59,64.5,1568,24033801405,24033,Census Tract 8014.05,reject_not_near_tract_boundary,244.8680418760211
B2815,Montgomery,River Rd,MD,190.0,0.1,0.0,3.03,Md190-.10 Mi E Of Md112,Md 112 To Travilah Rd,Rural,5.0,Major Collector,1.0,East,2.0,C,10.89,85.81,51.62,48.38,3624.0,3605.0,3844.0,3825.0,3690.0,3910.0,,https://maps.roads.maryland.gov/itms_public/?stationid=B2815,-77.32698546012514,39.07754510972021,B,True,False,montgomery_dc_route,True,3624.0,3605.0,3844.0,3825.0,3690.0,3910.0,2.0,1.0,190.0,10.89,85.81,1403,24031700604,24031,Census Tract 7006.04,reject_not_near_tract_boundary,869.5183443472268
B2827,Montgomery,Metropolitan Ave,MD,192.0,0.49,0.29,2.14,Md192-.10 Mi E Of Md185,Plyers Mill Rd (back) To Seminary Rd,Urban,4.0,Minor Arterial,1.0,West,2.0,C,8.31,58.4,48.47,51.53,9274.0,9195.0,9924.0,9845.0,10190.0,10800.0,399.0,https://maps.roads.maryland.gov/itms_public/?stationid=B2827,-77.0742927366897,39.029348404464095,B,True,False,montgomery_dc_spatial;pg_montgomery_spatial,True,9274.0,9195.0,9924.0,9845.0,10190.0,10800.0,2.0,1.0,192.0,8.31,58.4,557,24031704200,24031,Census Tract 7042,reject_not_near_tract_boundary,312.98148519947347
S2012150692,Montgomery,Seven Locks Rd,CO,148.0,0.09,0.0,0.94,Seven Locks Rd - .10 Mile North Of Macarthur Blvd,Macarthur Blvd To Lilly Stone Dr,Urban,5.0,Major Collector,1.0,South,2.0,F,9.54,70.61,50.07,49.93,5295.0,4690.0,5615.0,4970.0,4691.0,5161.0,,https://maps.roads.maryland.gov/itms_public/?stationid=S2012150692,-77.16146387833656,38.97574490142657,S,True,False,montgomery_dc_spatial,True,5295.0,4690.0,5615.0,4970.0,4691.0,5161.0,2.0,1.0,148.0,9.54,70.61,1392,24031705800,24031,Census Tract 7058,reject_not_near_tract_boundary,776.7701079226828
B2712,Montgomery,W Montgomery Ave,MD,28.0,21.45,21.15,22.72,Md28-.30 Mi E Of Is270,Is 270 To Md 355,Urban,3.0,Principal Arterial Other,1.0,West,3.0,F,8.05,53.81,49.53,50.47,26302.0,25660.0,28142.0,27460.0,25661.0,27201.0,777.0,https://maps.roads.maryland.gov/itms_public/?stationid=B2712,-77.16761045154783,39.085586419600986,B,True,False,montgomery_dc_spatial,True,26302.0,25660.0,28142.0,27460.0,25661.0,27201.0,3.0,1.0,28.0,8.05,53.81,212,24031701005,24031,Census Tract 7010.05,reject_not_near_tract_boundary,273.22341474471915
S2012161031,Prince George's,Ardwick Ardmore Rd,CO,65.0,2.4,1.65,2.45,Ardwick Ardmore Rd - Between Pennsy Dr & Ardwick Pl,Md 704 To Us 50 Pa,Urban,5.0,Major Collector,1.0,East,4.0,F,7.32,61.52,49.8,50.2,22535.0,17840.0,23895.0,18910.0,18051.0,19621.0,,https://maps.roads.maryland.gov/itms_public/?stationid=S2012161031,-76.87057769956189,38.94292470674974,S,True,False,pg_dc_spatial;pg_montgomery_spatial,True,22535.0,17840.0,23895.0,18910.0,18051.0,19621.0,4.0,1.0,65.0,7.32,61.52,483,24033803602,24033,Census Tract 8036.02,reject_not_near_tract_boundary,491.82669270439425
S2012150704,Montgomery,Good Hope Rd,CO,161.0,0.1,0.0,1.15,Good Hope Rd - .10 Mile South Of Md 198,Md 198 To Briggs Chaney Rd,Urban,5.0,Major Collector,1.0,South,2.0,F,8.44,51.55,48.9,51.1,2285.0,2080.0,2425.0,2210.0,2081.0,2291.0,,https://maps.roads.maryland.gov/itms_public/?stationid=S2012150704,-76.977032559493,39.11673031430958,S,True,False,montgomery_dc_spatial;pg_montgomery_spatial,True,2285.0,2080.0,2425.0,2210.0,2081.0,2291.0,2.0,1.0,161.0,8.44,51.55,1394,24031701408,24031,Census Tract 7014.08,reject_not_near_tract_boundary,1269.8150159638458
S2012161026,Prince George's,Chestnut Ave,CO,51.0,0.07,0.04,0.98,Chestnut Ave - Between 11th St & 12th St,11th St To High Bridge Rd (ahead),Urban,5.0,Major Collector,1.0,South,2.0,F,8.06,56.31,52.46,47.54,3285.0,3420.0,3485.0,3630.0,3421.0,3761.0,,https://maps.roads.maryland.gov/itms_public/?stationid=S2012161026,-76.7787016891066,39.00620490669379,S,True,False,pg_dc_spatial,True,3285.0,3420.0,3485.0,3630.0,3421.0,3761.0,2.0,1.0,51.0,8.06,56.31,447,24033800410,24033,Census Tract 8004.10,reject_not_near_tract_boundary,570.9462030832683
S2012150679,Montgomery,Avery Rd,CO,139.0,1.0,0.43,1.08,Avery Rd - .10 Mile South Of Southlawn La,Avery Rd (back) To Southlawn La,Urban,5.0,Major Collector,1.0,North,2.0,F,11.45,68.38,50.41,49.59,3825.0,4030.0,4065.0,4270.0,4031.0,4431.0,,https://maps.roads.maryland.gov/itms_public/?stationid=S2012150679,-77.12125711339269,39.105609860072526,S,True,False,montgomery_dc_spatial,True,3825.0,4030.0,4065.0,4270.0,4031.0,4431.0,2.0,1.0,139.0,11.45,68.38,1407,24031701212,24031,Census Tract 7012.12,reject_not_near_tract_boundary,340.4731573237736
S2012150978,Montgomery,N Washington St,MU,3151.0,0.5,0.0,0.55,N Washington St - Between Md 355 & Martins La,E Montgomery Ave At Courthouse Sq To Hungerford Dr,Urban,4.0,Minor Arterial,1.0,North,2.0,F,8.17,56.97,50.01,49.99,12575.0,12300.0,13465.0,13160.0,12301.0,13041.0,,https://maps.roads.maryland.gov/itms_public/?stationid=S2012150978,-77.15356336878759,39.09138767850854,S,True,False,montgomery_dc_spatial,True,12575.0,12300.0,13465.0,13160.0,12301.0,13041.0,2.0,1.0,3151.0,8.17,56.97,195,24031700901,24031,Census Tract 7009.01,reject_not_near_tract_boundary,228.78850803125792
B3101,Prince George's,Rhode Island Ave,US,1.0,0.58,0.48,1.82,Us1-.10 Mi N Of Md208,Md 208 To Us 1al,Urban,3.0,Principal Arterial Other,1.0,North,4.0,C,9.08,69.74,48.09,51.91,17371.0,17222.0,18591.0,18432.0,16440.0,17430.0,,https://maps.roads.maryland.gov/itms_public/?stationid=B3101,-76.95447930595124,38.93978962640816,B,True,False,pg_dc_route;pg_dc_spatial;pg_montgomery_spatial,True,17371.0,17222.0,18591.0,18432.0,16440.0,17430.0,4.0,1.0,1.0,9.08,69.74,1517,24033804600,24033,Census Tract 8046,reject_not_near_tract_boundary,230.65864732513353
B3175,Prince George's,Laurel Bowie Rd,MD,197.0,11.54,10.13,11.866,Md197-.30 Mi S Of Md295,Powder Mill Rd To Md 295,Urban,4.0,Minor Arterial,1.0,North,4.0,C,10.33,53.14,50.17,49.83,26101.0,25872.0,27931.0,27682.0,27060.0,28680.0,,https://maps.roads.maryland.gov/itms_public/?stationid=B3175,-76.83789389482946,39.054189955361046,B,True,False,pg_dc_spatial;pg_montgomery_spatial,True,26101.0,25872.0,27931.0,27682.0,27060.0,28680.0,4.0,1.0,197.0,10.33,53.14,1511,24033800206,24033,Census Tract 8002.06,reject_not_near_tract_boundary,235.43394726614704
S1997160138,Prince George's,Capitol Heights Blvd,CO,393.0,1.13,1.11,1.25,Capitol Heights Ave - North Of Md 332 (one Way),Md 332 To Chamber Ave,Urban,5.0,Major Collector,1.0,North,2.0,F,14.06,100.0,100.0,0.0,425.0,450.0,455.0,480.0,451.0,501.0,,https://maps.roads.maryland.gov/itms_public/?stationid=S1997160138,-76.91363063185477,38.88512171563374,S,True,False,pg_dc_spatial,True,425.0,450.0,455.0,480.0,451.0,501.0,2.0,1.0,393.0,14.06,100.0,594,24033802700,24033,Census Tract 8027,reject_not_near_tract_boundary,302.13588438188265
S2005160003,Prince George's,Harry S Truman Dr,CO,3465.0,2.59,2.19,2.689,Harry S Truman Dr North Of Largo Dr West,Md 202c (back) To Ent To Shop Ctr,Urban,4.0,Minor Arterial,1.0,South,3.0,F,10.79,69.25,52.71,47.29,6120.0,6071.0,6490.0,6441.0,6072.0,6682.0,,https://maps.roads.maryland.gov/itms_public/?stationid=S2005160003,-76.84653382835006,38.89890049801728,S,True,False,pg_dc_spatial,True,6120.0,6071.0,6490.0,6441.0,6072.0,6682.0,3.0,1.0,3465.0,10.79,69.25,472,24033803514,24033,Census Tract 8035.14,reject_not_near_tract_boundary,280.5129355432974
S2017150272,Montgomery,Indianola Dr,CO,5052.0,0.39,0.34,1.23,Indianola Dr - .05 Mile North Of Crabbs Branch Way,Crabbs Branch Way To Cul De Sac,Urban,6.0,Minor Collector,1.0,South,2.0,F,9.15,72.97,47.72,52.28,1910.0,1891.0,2030.0,2001.0,1892.0,2082.0,,https://maps.roads.maryland.gov/itms_public/?stationid=S2017150272,-77.15607262927747,39.11470575718005,S,True,False,montgomery_dc_spatial,True,1910.0,1891.0,2030.0,2001.0,1892.0,2082.0,2.0,1.0,5052.0,9.15,72.97,1404,24031701211,24031,Census Tract 7012.11,reject_not_near_tract_boundary,500.67046791307075
B150100,Montgomery,Norbeck Rd,CO,7445.0,2.33,0.0,2.526,Norbeck Rd-.20 Mi W Of Md650,Md 28/md 182 To Md650/md198,Urban,3.0,Principal Arterial Other,1.0,West,3.0,F,9.97,64.49,47.49,52.51,20520.0,20341.0,21960.0,21771.0,21202.0,21562.0,,https://maps.roads.maryland.gov/itms_public/?stationid=B150100,-76.99257375796302,39.1216117529335,B,True,False,pg_montgomery_spatial,True,20520.0,20341.0,21960.0,21771.0,21202.0,21562.0,3.0,1.0,7445.0,9.97,64.49,1394,24031701408,24031,Census Tract 7014.08,reject_not_near_tract_boundary,1510.7039329333033
B160030,Prince George's,Crescent Rd,MU,70.0,0.41,0.36,1.74,Crescent Rd-.10 Mi S Of Garden Way,South Way To Md 201,Urban,5.0,Major Collector,1.0,South,3.0,F,9.01,59.23,39.75,60.25,5800.0,5751.0,6150.0,6101.0,5752.0,6332.0,134.0,https://maps.roads.maryland.gov/itms_public/?stationid=B160030,-76.87623134022728,39.00059361435683,B,True,False,pg_dc_spatial;pg_montgomery_spatial,True,5800.0,5751.0,6150.0,6101.0,5752.0,6332.0,3.0,1.0,70.0,9.01,59.23,303,24033806708,24033,Census Tract 8067.08,reject_not_near_tract_boundary,411.2422690073411
S2012150737,Montgomery,Saul Rd,CO,318.0,1.1,0.0,1.81,Saul Rd - .10 Mile North Of Md 185,Parkwood Dr To Kenmore Dr,Urban,5.0,Major Collector,1.0,North,2.0,F,11.38,50.19,49.05,50.95,2615.0,1980.0,2775.0,2100.0,1981.0,2181.0,,https://maps.roads.maryland.gov/itms_public/?stationid=S2012150737,-77.08010244256772,39.01555456135064,S,True,False,montgomery_dc_spatial;pg_montgomery_spatial,True,2615.0,1980.0,2775.0,2100.0,1981.0,2181.0,2.0,1.0,318.0,11.38,50.19,1195,24031704100,24031,Census Tract 7041,reject_not_near_tract_boundary,598.3604558488793
S2012161002,Prince George's,Bond Mill Rd,CO,1.0,0.05,0.0,1.57,Bond Mill Rd - Between Md 198 & Clayburn Dr,Sandy Spring Rd (wb) To Brooklyn Bridge Rd,Urban,5.0,Major Collector,1.0,North,3.0,F,8.98,61.31,50.71,49.29,4745.0,4390.0,5035.0,4650.0,4391.0,4831.0,,https://maps.roads.maryland.gov/itms_public/?stationid=S2012161002,-76.90642909514014,39.10172082364443,S,True,False,pg_dc_route;pg_montgomery_spatial,True,4745.0,4390.0,5035.0,4650.0,4391.0,4831.0,3.0,1.0,1.0,8.98,61.31,1537,24033800203,24033,Census Tract 8002.03,reject_not_near_tract_boundary,304.2229947830873
B2885,Montgomery,Dale Dr,CO,7074.0,1.02,0.92,1.44,Dale Dr-.10 Mi E Of Us29,Us 29 To Wayne Ave,Urban,4.0,Minor Arterial,1.0,West,2.0,F,9.19,57.64,49.29,50.71,9212.0,9133.0,9862.0,9773.0,9134.0,9684.0,,https://maps.roads.maryland.gov/itms_public/?stationid=B2885,-77.02151470421639,39.00430730957556,B,True,False,montgomery_dc_spatial;pg_montgomery_spatial,True,9212.0,9133.0,9862.0,9773.0,9134.0,9684.0,2.0,1.0,7074.0,9.19,57.64,344,24031702900,24031,Census Tract 7029,reject_not_near_tract_boundary,305.25730381523533
S2012161109,Prince George's,Walker Mill Rd,CO,367.0,0.03,0.0,2.606,Walker Mill Rd - Between Ritchie Marlboro Rd & Hampton Park Blvd,Ritchie Marlboro Rd To Addison Rd,Urban,4.0,Minor Arterial,1.0,East,4.0,F,7.19,54.03,49.66,50.34,22815.0,31960.0,24415.0,34200.0,31961.0,33881.0,,https://maps.roads.maryland.gov/itms_public/?stationid=S2012161109,-76.85098065699141,38.86969120253978,S,True,False,pg_dc_spatial,True,22815.0,31960.0,24415.0,34200.0,31961.0,33881.0,4.0,1.0,367.0,7.19,54.03,1505,24033802204,24033,Census Tract 8022.04,reject_not_near_tract_boundary,531.7624403871557
S2012150697,Montgomery,Seven Locks Rd,CO,148.0,4.56,4.12,4.69,Seven Locks Rd - Between Seven Hill La & Tuckerman La,Bells Mill Rd To Tuckerman La,Urban,4.0,Minor Arterial,1.0,North,3.0,F,8.94,59.0,48.38,51.62,15765.0,14790.0,16875.0,15830.0,14791.0,15681.0,,https://maps.roads.maryland.gov/itms_public/?stationid=S2012150697,-77.15893035524921,39.0388689273973,S,True,False,montgomery_dc_spatial,True,15765.0,14790.0,16875.0,15830.0,14791.0,15681.0,3.0,1.0,148.0,8.94,59.0,1327,24031706011,24031,Census Tract 7060.11,reject_not_near_tract_boundary,176.0149035035792
S2012150643,Montgomery,Glen Rd                                 ,CO,53.0,1.11,0.94,3.94,Glen Rd - Between Piney Meetinghouse Rd & Partridge Run La,Piney Meetinghouse Rd To Query Mill Rd,Urban,5.0,Major Collector,1.0,East,2.0,F,12.39,87.62,50.47,49.53,5335.0,5030.0,5665.0,5330.0,5031.0,5531.0,,https://maps.roads.maryland.gov/itms_public/?stationid=S2012150643,-77.23568236910693,39.0498872493673,S,True,False,montgomery_dc_spatial,True,5335.0,5030.0,5665.0,5330.0,5031.0,5531.0,2.0,1.0,53.0,12.39,87.62,1413,24031700608,24031,Census Tract 7006.08,reject_not_near_tract_boundary,223.64020850412592
B2964,Montgomery,Eisenhower Memorial Hwy,IS,270.0,2.13,1.54,2.68,Is270-.30 Mi N Of Md187b,Md 187 To Is 270y,Urban,1.0,Interstate,1.0,North,6.0,F,7.31,55.54,49.91,50.09,118682.0,117973.0,123432.0,122693.0,118804.0,123564.0,5795.0,https://maps.roads.maryland.gov/itms_public/?stationid=B2964,-77.13714493489992,39.03250868986789,B,True,False,montgomery_dc_spatial,True,118682.0,117973.0,123432.0,122693.0,118804.0,123564.0,6.0,1.0,270.0,7.31,55.54,554,24031701205,24031,Census Tract 7012.05,reject_not_near_tract_boundary,487.36417202190887
S2012161024,Prince George's,Good Luck Rd,CO,42.0,6.69,6.409,6.857,Good Luck Rd - .10 Mi West Of Springfield Rd,Wingate Dr To Springfield Rd,Urban,5.0,Major Collector,1.0,East,2.0,F,11.68,79.12,54.32,45.68,1475.0,1390.0,1565.0,1470.0,1391.0,1531.0,,https://maps.roads.maryland.gov/itms_public/?stationid=S2012161024,-76.81319552996624,39.006029973820034,S,True,False,pg_dc_spatial;pg_montgomery_spatial,True,1475.0,1390.0,1565.0,1470.0,1391.0,1531.0,2.0,1.0,42.0,11.68,79.12,448,24033800411,24033,Census Tract 8004.11,reject_not_near_tract_boundary,1438.6340576742878
B160043,Prince George's,Cherrywood La,MU,40.0,1.48,0.0,1.58,Cherrywood La-.10 Mi S Of Md201,Md 193 To Md 201,Urban,5.0,Major Collector,1.0,North,3.0,F,9.4,65.54,48.69,51.31,8880.0,8801.0,9410.0,9331.0,8802.0,9682.0,214.0,https://maps.roads.maryland.gov/itms_public/?stationid=B160043,-76.89408401980602,39.01107604644002,B,True,False,pg_dc_spatial;pg_montgomery_spatial,True,8880.0,8801.0,9410.0,9331.0,8802.0,9682.0,3.0,1.0,40.0,9.4,65.54,1566,24033807408,24033,Census Tract 8074.08,reject_not_near_tract_boundary,522.2944843632888
S2012161216,Prince George's,Preinkert Dr                            ,SR,71.0,0.06,0.0,0.3,Preinkert Dr - Between Campus Dr & Lehigh Rd,Campus Dr To Mowatt La,Urban,5.0,Major Collector,1.0,South,2.0,F,7.35,51.82,48.03,51.97,3795.0,3820.0,4025.0,4050.0,3821.0,4201.0,,https://maps.roads.maryland.gov/itms_public/?stationid=S2012161216,-76.94573184588776,38.98468212242415,S,True,False,pg_dc_spatial;pg_montgomery_spatial,True,3795.0,3820.0,4025.0,4050.0,3821.0,4201.0,2.0,1.0,71.0,7.35,51.82,1523,24033807200,24033,Census Tract 8072,reject_not_near_tract_boundary,253.35691939039904
S2012150882,Montgomery,Crabbs Branch Way,CO,4991.0,2.12,1.59,2.25,Crabbs Branch Way - .10 Mi North Of E Gude Dr,Indianola Dr To E Gude Dr,Urban,4.0,Minor Arterial,1.0,North,4.0,F,8.88,63.52,49.25,50.75,21225.0,19670.0,22715.0,21050.0,19671.0,20851.0,,https://maps.roads.maryland.gov/itms_public/?stationid=S2012150882,-77.1522315049878,39.10837311439863,S,True,False,montgomery_dc_spatial,True,21225.0,19670.0,22715.0,21050.0,19671.0,20851.0,4.0,1.0,4991.0,8.88,63.52,1404,24031701211,24031,Census Tract 7012.11,reject_not_near_tract_boundary,556.7808156917426
S2017150269,Montgomery,Avenel Farm Dr,CO,6187.0,0.1,0.0,1.08,Avenel Farm Dr - .10 Mile North Of Oaklyn Dr,Oaklyn Dr To Oaklyn Dr,Urban,6.0,Minor Collector,1.0,North,2.0,F,9.03,57.14,49.76,50.24,580.0,581.0,620.0,621.0,582.0,642.0,3.0,https://maps.roads.maryland.gov/itms_public/?stationid=S2017150269,-77.19902008588124,39.00094034131425,S,True,False,montgomery_dc_spatial,True,580.0,581.0,620.0,621.0,582.0,642.0,2.0,1.0,6187.0,9.03,57.14,1389,24031706009,24031,Census Tract 7060.09,reject_not_near_tract_boundary,920.9660811912938
S2012150662,Montgomery,Lockwood Dr,CO,109.0,0.4,0.33,1.4,Lockwood Dr - Between Burnt Mills Ave & Northwest Dr,Burnt Mills Rd To Stewart La,Urban,5.0,Major Collector,1.0,North,3.0,F,10.81,60.53,50.35,49.65,12645.0,12830.0,13535.0,13730.0,12831.0,13601.0,,https://maps.roads.maryland.gov/itms_public/?stationid=S2012150662,-76.99629540721823,39.03619376160447,S,True,False,montgomery_dc_spatial;pg_montgomery_spatial,True,12645.0,12830.0,13535.0,13730.0,12831.0,13601.0,3.0,1.0,109.0,10.81,60.53,580,24031701505,24031,Census Tract 7015.05,reject_not_near_tract_boundary,288.14313374705426
B160002,Prince George's,Montgomery Rd,CO,19.0,1.38,0.0,1.68,Montgomery Rd-.10 Mi S Of 34th Pl,Old Gunpowder Rd To Powder Mill Rd,Urban,5.0,Major Collector,1.0,North,2.0,F,9.14,90.61,86.57,13.43,2520.0,2501.0,2670.0,2651.0,2502.0,2752.0,164.0,https://maps.roads.maryland.gov/itms_public/?stationid=B160002,-76.92520219754213,39.04695452804613,B,True,False,pg_dc_spatial;pg_montgomery_spatial,True,2520.0,2501.0,2670.0,2651.0,2502.0,2752.0,2.0,1.0,19.0,9.14,90.61,181,24033807405,24033,Census Tract 8074.05,reject_not_near_tract_boundary,480.34751303248385
S2012161184,Prince George's,Palmer Rd,CO,3645.0,0.11,0.0,1.4,Palmer Rd - .10 Mi East Of Md 210,Indian Head Hwy To Tucker Rd,Urban,4.0,Minor Arterial,1.0,West,2.0,F,7.1,72.63,50.21,49.79,13745.0,14120.0,14715.0,15110.0,14121.0,14971.0,,https://maps.roads.maryland.gov/itms_public/?stationid=S2012161184,-76.99240483426541,38.76646930909044,S,True,False,pg_dc_spatial,True,13745.0,14120.0,14715.0,15110.0,14121.0,14971.0,2.0,1.0,3645.0,7.1,72.63,1560,24033801406,24033,Census Tract 8014.06,reject_not_near_tract_boundary,185.09431450002253
S2012161157,Prince George's,Pennsy Dr,CO,2428.0,1.38,0.0,1.97,Pennsy Dr - .10 Mi East Of Md 410,Old Landover Rd To Corporate Dr,Urban,5.0,Major Collector,1.0,East,3.0,F,7.58,65.51,59.96,40.04,15405.0,16150.0,16335.0,17120.0,16151.0,17771.0,,https://maps.roads.maryland.gov/itms_public/?stationid=S2012161157,-76.8742461344163,38.9399169155427,S,True,False,pg_dc_spatial;pg_montgomery_spatial,True,15405.0,16150.0,16335.0,17120.0,16151.0,17771.0,3.0,1.0,2428.0,7.58,65.51,483,24033803602,24033,Census Tract 8036.02,reject_not_near_tract_boundary,348.2062555286021
B2955,Montgomery,University Blvd W,MD,193.0,1.04,0.0,1.24,Md193-.20 Mi W Of Md586,Md 185 To Md 586,Urban,3.0,Principal Arterial Other,1.0,East,6.0,F,7.74,58.93,46.42,53.58,24122.0,22010.0,25812.0,23550.0,22011.0,23331.0,426.0,https://maps.roads.maryland.gov/itms_public/?stationid=B2955,-77.05830180565583,39.03828654157597,B,True,False,montgomery_dc_route;pg_montgomery_route;montgomery_dc_spatial;pg_montgomery_spatial,True,24122.0,22010.0,25812.0,23550.0,22011.0,23331.0,6.0,1.0,193.0,7.74,58.93,1191,24031703800,24031,Census Tract 7038,reject_not_near_tract_boundary,219.3698619577593
S2017150268,Montgomery,Diamondback Dr,CO,6166.0,0.1,0.0,0.7,Diamondback Dr - .10 Mile North Ofmd 28,Md 28 To Diamondback Dr (ahead),Urban,6.0,Minor Collector,1.0,North,3.0,F,13.1,53.64,45.5,54.5,3970.0,3931.0,4210.0,4171.0,3932.0,4332.0,,https://maps.roads.maryland.gov/itms_public/?stationid=S2017150268,-77.20206940633342,39.10648709143226,S,True,False,montgomery_dc_spatial,True,3970.0,3931.0,4210.0,4171.0,3932.0,4332.0,3.0,1.0,6166.0,13.1,53.64,363,24031700817,24031,Census Tract 7008.17,reject_not_near_tract_boundary,485.89345389437096
S2017150264,Montgomery,Broschart Rd,CO,4910.0,0.41,0.0,0.51,Broschart Rd - .10 Mile South Of Md 28,Medical Center Dr To Md 28,Urban,6.0,Minor Collector,1.0,South,4.0,F,10.83,76.15,54.24,45.76,3410.0,3381.0,3620.0,3581.0,3382.0,3722.0,,https://maps.roads.maryland.gov/itms_public/?stationid=S2017150264,-77.20043036452054,39.10391988291857,S,True,False,montgomery_dc_spatial,True,3410.0,3381.0,3620.0,3581.0,3382.0,3722.0,4.0,1.0,4910.0,10.83,76.15,363,24031700817,24031,Census Tract 7008.17,reject_not_near_tract_boundary,506.7961826123667
S2012150876,Montgomery,Sligo Ave,CO,4592.0,0.02,0.0,0.9,Sligo Ave - Between Us 29 & Philadelphia Ave,Georgia Ave To Piney Branch Rd,Urban,5.0,Major Collector,1.0,East,3.0,F,7.83,60.3,50.63,49.37,6065.0,5390.0,6435.0,5710.0,5391.0,5931.0,,https://maps.roads.maryland.gov/itms_public/?stationid=S2012150876,-77.02616325494466,38.99027331315982,S,True,False,montgomery_dc_spatial;pg_montgomery_spatial,True,6065.0,5390.0,6435.0,5710.0,5391.0,5931.0,3.0,1.0,4592.0,7.83,60.3,339,24031702500,24031,Census Tract 7025,reject_not_near_tract_boundary,190.69713090094203
S2012161180,Prince George's,Lake Arbor Way,CO,3460.0,1.71,0.0,1.8,Lake Arbor Way - .10 Mi South Of Md 202,Central Ave To Largo Rd,Urban,5.0,Major Collector,1.0,South,4.0,F,8.5,55.97,50.54,49.46,13885.0,13200.0,14725.0,13990.0,13201.0,14521.0,,https://maps.roads.maryland.gov/itms_public/?stationid=S2012161180,-76.83192955026348,38.90445049371307,S,True,False,pg_dc_spatial,True,13885.0,13200.0,14725.0,13990.0,13201.0,14521.0,4.0,1.0,3460.0,8.5,55.97,472,24033803514,24033,Census Tract 8035.14,reject_not_near_tract_boundary,426.07028979166995
B2904,Montgomery,Franklin Ave,CO,7075.0,0.77,0.58,0.9,Franklin Ave-.20 Mi E Of Flower Ave,Flower Ave To Md 193,Urban,5.0,Major Collector,1.0,West,2.0,F,8.65,73.33,54.08,45.92,11403.0,11304.0,12093.0,11984.0,11305.0,12445.0,,https://maps.roads.maryland.gov/itms_public/?stationid=B2904,-77.00484725733193,39.01107596896064,B,True,False,montgomery_dc_spatial;pg_montgomery_spatial,True,11403.0,11304.0,12093.0,11984.0,11305.0,12445.0,2.0,1.0,7075.0,8.65,73.33,1448,24031702200,24031,Census Tract 7022,reject_not_near_tract_boundary,229.32758194453473
B160001,Prince George's,Contee Rd,CO,6.0,1.48,1.18,1.818,Contee Rd-.30 Mi W Of Us1,Us 1 To Bell Chase Blvd,Urban,5.0,Major Collector,1.0,East,3.0,F,7.61,55.39,51.77,48.23,12550.0,12441.0,13300.0,13191.0,12442.0,13692.0,375.0,https://maps.roads.maryland.gov/itms_public/?stationid=B160001,-76.87326718545394,39.07768431585368,B,True,False,pg_dc_spatial;pg_montgomery_spatial,True,12550.0,12441.0,13300.0,13191.0,12442.0,13692.0,3.0,1.0,6.0,7.61,55.39,848,24033800212,24033,Census Tract 8002.12,reject_not_near_tract_boundary,453.4247690251012
B3197,Prince George's,Landover Rd,MD,202.0,13.62,13.42,13.92,Md202-.20 Mi N Of Md295,Md 295 To Md 450,Urban,3.0,Principal Arterial Other,1.0,North,6.0,C,8.05,52.25,48.4,51.6,31821.0,31542.0,34051.0,33752.0,33830.0,35860.0,1281.0,https://maps.roads.maryland.gov/itms_public/?stationid=B3197,-76.92022383035727,38.93659017442815,B,True,False,pg_dc_route;pg_dc_spatial;pg_montgomery_spatial,True,31821.0,31542.0,34051.0,33752.0,33830.0,35860.0,6.0,1.0,202.0,8.05,52.25,1502,24033804300,24033,Census Tract 8043,reject_not_near_tract_boundary,278.6282451209943
B2957,Montgomery,Rockville Pike,MD,355.0,3.59,3.22,3.68,Md355-.40 Mi S Of Is495,Cedar La To Alta Vista Rd,Urban,3.0,Principal Arterial Other,1.0,South,7.0,F,7.88,68.85,49.07,50.93,58122.0,54680.0,62192.0,58510.0,54681.0,57961.0,,https://maps.roads.maryland.gov/itms_public/?stationid=B2957,-77.09795554794789,39.01184693106148,B,True,False,montgomery_dc_route;montgomery_dc_spatial;pg_montgomery_spatial,True,58122.0,54680.0,62192.0,58510.0,54681.0,57961.0,7.0,1.0,355.0,7.88,68.85,912,24031704404,24031,Census Tract 7044.04,reject_not_near_tract_boundary,384.47070936719274
B2918,Montgomery,New Hampshire Ave,MD,650.0,10.5,9.98,11.0,Md650-.50 Mi S Of Md198,Briggs Chaney Rd To Md 198,Urban,3.0,Principal Arterial Other,1.0,North,4.0,F,9.28,62.09,52.02,47.98,14580.0,13930.0,15600.0,14910.0,13931.0,14771.0,701.0,https://maps.roads.maryland.gov/itms_public/?stationid=B2918,-76.99279498876298,39.11472289613535,B,True,False,montgomery_dc_route;pg_montgomery_route;montgomery_dc_spatial;pg_montgomery_spatial,True,14580.0,13930.0,15600.0,14910.0,13931.0,14771.0,4.0,1.0,650.0,9.28,62.09,1394,24031701408,24031,Census Tract 7014.08,reject_not_near_tract_boundary,808.1630761565775
B160059,Prince George's,52nd Ave,MD,769.0,0.1,0.0,1.06,Md769c-.10 Mi N Of Md201,Md 201 To Md 201,Urban,7.0,Local,1.0,North,2.0,F,6.98,56.03,51.13,48.87,5593.0,5544.0,5933.0,5884.0,5545.0,6105.0,688.0,https://maps.roads.maryland.gov/itms_public/?stationid=B160059,-76.93092521419861,38.93088328731855,B,True,False,pg_dc_spatial;pg_montgomery_spatial,True,5593.0,5544.0,5933.0,5884.0,5545.0,6105.0,2.0,1.0,769.0,6.98,56.03,1502,24033804300,24033,Census Tract 8043,reject_not_near_tract_boundary,408.3769206732692
S2012161194,Prince George's,Heathermore Blvd,CO,3923.0,0.22,0.0,1.23,Heathermore Blvd - .10 Mi South Of Us 301,Crain Hwy (sb) To Road End,Urban,5.0,Major Collector,1.0,South,4.0,F,7.67,63.53,49.48,50.52,8115.0,8640.0,8605.0,9160.0,8641.0,9511.0,,https://maps.roads.maryland.gov/itms_public/?stationid=S2012161194,-76.79668988673245,38.77468081436661,S,True,False,pg_dc_spatial,True,8115.0,8640.0,8605.0,9160.0,8641.0,9511.0,4.0,1.0,3923.0,7.67,63.53,1365,24033800704,24033,Census Tract 8007.04,reject_not_near_tract_boundary,345.30823701728355
B3113,Prince George's,Baltimore Ave,US,1.0,1.89,1.03,2.09,Us1al-.20 Mi S Of Us1,Md 450 To Us 1,Urban,4.0,Minor Arterial,1.0,South,3.0,C,6.61,50.8,53.43,46.57,16871.0,16722.0,18051.0,17892.0,15610.0,16550.0,612.0,https://maps.roads.maryland.gov/itms_public/?stationid=B3113,-76.94067219823769,38.95100010102709,B,True,False,pg_dc_route;pg_dc_spatial;pg_montgomery_spatial,True,16871.0,16722.0,18051.0,17892.0,15610.0,16550.0,3.0,1.0,1.0,6.61,50.8,1559,24033806300,24033,Census Tract 8063,reject_not_near_tract_boundary,230.16526107221554
S2012161260,Prince George's,Fifth St,MU,9050.0,0.3,0.0,0.85,Fifth St - Between Md 198 & Carroll Ave (one Way),Main St To Green Hill Ave,Urban,6.0,Minor Collector,1.0,South,2.0,F,11.82,100.0,0.0,100.0,995.0,970.0,1065.0,1030.0,971.0,1071.0,,https://maps.roads.maryland.gov/itms_public/?stationid=S2012161260,-76.8527708080115,39.103063901502765,S,True,False,pg_montgomery_spatial,True,995.0,970.0,1065.0,1030.0,971.0,1071.0,2.0,1.0,9050.0,11.82,100.0,1567,24033800102,24033,Census Tract 8001.02,reject_not_near_tract_boundary,176.01091490588075
B160079,Prince George's,Mellwood Rd,MD,223.0,12.62,12.48,12.633,Md223-.05 Mi N Of Old Marlboro Pike,Md 4 To Mellwood Rd (ahead),Urban,5.0,Major Collector,1.0,North,3.0,F,10.31,65.06,49.46,50.54,1440.0,1431.0,1530.0,1521.0,1432.0,1582.0,81.0,https://maps.roads.maryland.gov/itms_public/?stationid=B160079,-76.82491980476034,38.81611323214153,B,True,False,pg_dc_spatial,True,1440.0,1431.0,1530.0,1521.0,1432.0,1582.0,3.0,1.0,223.0,10.31,65.06,1499,24033800701,24033,Census Tract 8007.01,reject_not_near_tract_boundary,250.41966280532526
S2012150830,Montgomery,Rock Spring Dr,CO,3386.0,0.49,0.0,0.62,Rock Spring Dr - .10 Mi South Of Md 187,Fernwood Rd To Old Georgetown Rd,Urban,5.0,Major Collector,1.0,North,5.0,F,9.03,51.01,54.14,45.86,13745.0,12190.0,14575.0,12920.0,12191.0,13411.0,,https://maps.roads.maryland.gov/itms_public/?stationid=S2012150830,-77.12857357966642,39.026557019635774,S,True,False,montgomery_dc_spatial,True,13745.0,12190.0,14575.0,12920.0,12191.0,13411.0,5.0,1.0,3386.0,9.03,51.01,554,24031701205,24031,Census Tract 7012.05,reject_not_near_tract_boundary,210.64045970271874
B2897,Montgomery,Philadelphia Ave,MD,410.0,4.85,4.56,4.96,Md410-.10 Mi W Of Md320,Chicago Ave To Md 320,Urban,4.0,Minor Arterial,1.0,East,2.0,F,7.86,55.44,49.08,50.92,10890.0,10791.0,11650.0,11551.0,10792.0,11442.0,,https://maps.roads.maryland.gov/itms_public/?stationid=B2897,-77.01725767611983,38.983932829408936,B,True,False,montgomery_dc_route;montgomery_dc_spatial;pg_montgomery_spatial,True,10890.0,10791.0,11650.0,11551.0,10792.0,11442.0,2.0,1.0,410.0,7.86,55.44,605,24031701800,24031,Census Tract 7018,reject_not_near_tract_boundary,297.2695571996996
B3330,Prince George's,Bladensburg Rd,US,1.0,0.57,0.47,1.03,Us1al-.10 Mi N Of Md208,Md 208 To Md 450,Urban,4.0,Minor Arterial,1.0,North,4.0,F,9.19,59.03,50.88,49.12,23121.0,22912.0,24741.0,24522.0,22913.0,24293.0,,https://maps.roads.maryland.gov/itms_public/?stationid=B3330,-76.94933539722582,38.93562378143108,B,True,False,pg_dc_route;pg_dc_spatial;pg_montgomery_spatial,True,23121.0,22912.0,24741.0,24522.0,22913.0,24293.0,4.0,1.0,1.0,9.19,59.03,1516,24033804400,24033,Census Tract 8044,reject_not_near_tract_boundary,401.92244444957123
S2012150808,Montgomery,Marcliff Rd                             ,CO,2553.0,0.11,0.0,0.56,Marcliff Rd - .10 Mile South Of Tilden La,Tilden La To Tuckerman La,Urban,6.0,Minor Collector,1.0,North,2.0,F,15.05,68.38,49.77,50.23,1875.0,1720.0,1995.0,1820.0,1721.0,1891.0,,https://maps.roads.maryland.gov/itms_public/?stationid=S2012150808,-77.12977306682764,39.04196548614689,S,True,False,montgomery_dc_spatial,True,1875.0,1720.0,1995.0,1820.0,1721.0,1891.0,2.0,1.0,2553.0,15.05,68.38,554,24031701205,24031,Census Tract 7012.05,reject_not_near_tract_boundary,663.2804041564863
S2012150863,Montgomery,Democracy La                            ,CO,4231.0,0.08,0.0,0.62,Democracy La - .10 Mi North Of Democracy Blvd,Democracy Blvd To Bells Mill Rd,Urban,5.0,Major Collector,1.0,South,2.0,F,10.17,67.46,49.26,50.74,1515.0,1540.0,1615.0,1630.0,1541.0,1701.0,,https://maps.roads.maryland.gov/itms_public/?stationid=S2012150863,-77.16492997036818,39.02424168117344,S,True,False,montgomery_dc_spatial,True,1515.0,1540.0,1615.0,1630.0,1541.0,1701.0,2.0,1.0,4231.0,10.17,67.46,1025,24031706010,24031,Census Tract 7060.10,reject_not_near_tract_boundary,274.09480808770144
S2012150816,Montgomery,Ardennes Ave,CO,3162.0,0.92,0.85,0.95,Ardennes Ave - Between Twinbrook Pkwy & Higgins Pl,Ardennes Ave (back) To Twinbrook Pkwy,Urban,6.0,Minor Collector,1.0,North,2.0,F,10.45,59.93,48.81,51.19,5275.0,4650.0,5595.0,4930.0,4651.0,5121.0,,https://maps.roads.maryland.gov/itms_public/?stationid=S2012150816,-77.11658055499045,39.0638546017486,S,True,False,montgomery_dc_spatial;pg_montgomery_spatial,True,5275.0,4650.0,5595.0,4930.0,4651.0,5121.0,2.0,1.0,3162.0,10.45,59.93,1326,24031701219,24031,Census Tract 7012.19,reject_not_near_tract_boundary,188.28152703848045
S2012150832,Montgomery,Westlake Terr,CO,3438.0,0.39,0.0,0.79,Westlake Terr  - .10 Mi East Of Westlake Dr,Cul De Sac To Rockledge Dr,Urban,5.0,Major Collector,1.0,East,3.0,F,8.38,53.15,53.86,46.14,13985.0,14130.0,14825.0,14980.0,14131.0,15541.0,,https://maps.roads.maryland.gov/itms_public/?stationid=S2012150832,-77.14653867172487,39.02693816879693,S,True,False,montgomery_dc_spatial,True,13985.0,14130.0,14825.0,14980.0,14131.0,15541.0,3.0,1.0,3438.0,8.38,53.15,1329,24031706012,24031,Census Tract 7060.12,reject_not_near_tract_boundary,389.1258518711967
S2009160021,Prince George's,Berwyn Rd,MU,10.0,0.11,0.0,0.86,Berwyn Rd Over Structure #16072 Indian Creek,Road End To 63rd Ave #2,Urban,7.0,Local,1.0,East,2.0,F,11.04,62.26,48.49,51.51,482.0,483.0,512.0,513.0,484.0,534.0,,https://maps.roads.maryland.gov/itms_public/?stationid=S2009160021,-76.91973357119772,38.99341047141839,S,True,False,pg_dc_spatial;pg_montgomery_spatial,True,482.0,483.0,512.0,513.0,484.0,534.0,2.0,1.0,10.0,11.04,62.26,312,24033806800,24033,Census Tract 8068,reject_not_near_tract_boundary,194.14532831797848
S2008150025,Montgomery,Jones Bridge Rd,CO,537.0,0.3,0.0,1.13,Jones Bridge Rd- Between Gladwyne Dr & Lynbrook Dr,Md 355 To Md 185,Urban,4.0,Minor Arterial,1.0,East,4.0,F,8.24,72.6,50.51,49.49,22143.0,21944.0,23693.0,23484.0,21945.0,23265.0,,https://maps.roads.maryland.gov/itms_public/?stationid=S2008150025,-77.09108155585048,38.997201087433,S,True,False,montgomery_dc_spatial;pg_montgomery_spatial,True,22143.0,21944.0,23693.0,23484.0,21945.0,23265.0,4.0,1.0,537.0,8.24,72.6,575,24031705000,24031,Census Tract 7050,reject_not_near_tract_boundary,557.1313789647091
S2012150875,Montgomery,Old Columbia Pike,MD,929.0,0.6,0.56,0.65,Md 929c - 400ft South Of E Randolph Rd,Old Columbia Pike To Randolph Rd(md 929),Urban,5.0,Major Collector,1.0,South,3.0,F,9.42,62.54,48.76,51.24,8485.0,8720.0,8995.0,9240.0,8721.0,9591.0,,https://maps.roads.maryland.gov/itms_public/?stationid=S2012150875,-76.96641437581665,39.06260502120195,S,True,False,montgomery_dc_spatial;pg_montgomery_spatial,True,8485.0,8720.0,8995.0,9240.0,8721.0,9591.0,3.0,1.0,929.0,9.42,62.54,1412,24031701414,24031,Census Tract 7014.14,reject_not_near_tract_boundary,272.658754957956
B160057,Prince George's,John Hanson Hwy,US,50.0,0.3,0.18,0.5,Us50-.20 Mi W Of Md201 ,Md 295 To Md 201,Urban,2.0,Principal Arterial Other Freeways and Expressways,1.0,East,4.0,C,6.46,51.28,47.23,52.77,84951.0,84192.0,90901.0,90092.0,89810.0,95200.0,3993.0,https://maps.roads.maryland.gov/itms_public/?stationid=B160057,-76.93609839003598,38.91904085610802,B,True,False,pg_dc_route;pg_dc_spatial,True,84951.0,84192.0,90901.0,90092.0,89810.0,95200.0,4.0,1.0,50.0,6.46,51.28,1502,24033804300,24033,Census Tract 8043,reject_not_near_tract_boundary,366.0415544708199
S2012150764,Montgomery,Carroll Ave,CO,725.0,0.08,0.0,0.43,Carroll Ave - .10 Mile North Of Md 193,University Blvd E To Piney Branch Rd,Urban,4.0,Minor Arterial,1.0,South,2.0,F,8.7,76.55,42.06,57.94,10515.0,10680.0,11255.0,11430.0,10681.0,11321.0,,https://maps.roads.maryland.gov/itms_public/?stationid=S2012150764,-76.99234345238204,38.99514391123585,S,True,False,montgomery_dc_spatial;pg_montgomery_spatial,True,10515.0,10680.0,11255.0,11430.0,10681.0,11321.0,2.0,1.0,725.0,8.7,76.55,1447,24031702000,24031,Census Tract 7020,reject_not_near_tract_boundary,245.72120031070327
B2831,Montgomery,University Blvd W,MD,193.0,1.36,1.24,1.46,Md193-.10 Mi W Of Md97,Md 586 To Md 97,Urban,3.0,Principal Arterial Other,1.0,East,6.0,F,8.21,58.63,49.18,50.82,32972.0,31040.0,35282.0,33210.0,31041.0,32901.0,883.0,https://maps.roads.maryland.gov/itms_public/?stationid=B2831,-77.05355020918128,39.04084884894832,B,True,False,montgomery_dc_route;pg_montgomery_route;montgomery_dc_spatial;pg_montgomery_spatial,True,32972.0,31040.0,35282.0,33210.0,31041.0,32901.0,6.0,1.0,193.0,8.21,58.63,1191,24031703800,24031,Census Tract 7038,reject_not_near_tract_boundary,176.1456717683821
S2012150969,Montgomery,Research Blvd,MU,2540.0,0.66,0.0,0.7,Research Blvd - .10 Mi South Of W Gude Dr,Md 28 To W Gude Dr,Urban,5.0,Major Collector,1.0,North,4.0,F,10.76,59.85,48.69,51.31,12765.0,11750.0,13535.0,12460.0,11751.0,12931.0,,https://maps.roads.maryland.gov/itms_public/?stationid=S2012150969,-77.18163887270636,39.09960135920431,S,True,False,montgomery_dc_spatial,True,12765.0,11750.0,13535.0,12460.0,11751.0,12931.0,4.0,1.0,2540.0,10.76,59.85,895,24031701007,24031,Census Tract 7010.07,reject_not_near_tract_boundary,272.5073960948162
B160049,Prince George's,40th Pl,MU,9403.0,0.1,0.0,0.31,40th Pl-between Gallatin St & Emerson St,Gallatin St To Crittenden St,Urban,4.0,Minor Arterial,1.0,South,2.0,F,8.05,55.97,49.66,50.34,4450.0,4411.0,4760.0,4721.0,4412.0,4682.0,105.0,https://maps.roads.maryland.gov/itms_public/?stationid=B160049,-76.948363290731,38.95132129876305,B,True,False,pg_dc_spatial;pg_montgomery_spatial,True,4450.0,4411.0,4760.0,4721.0,4412.0,4682.0,2.0,1.0,9403.0,8.05,55.97,1558,24033806200,24033,Census Tract 8062,reject_not_near_tract_boundary,215.54142479813424
B2830,Montgomery,Forest Glen Rd                          ,CO,697.0,0.2,0.0,1.47,Forest Glen Rd-.20 Mi E Of Md97,Md 97 To Stirling Rd,Urban,5.0,Major Collector,1.0,East,3.0,F,8.36,54.98,48.49,51.51,14795.0,13270.0,15685.0,14070.0,13431.0,14601.0,,https://maps.roads.maryland.gov/itms_public/?stationid=B2830,-77.03922079670706,39.01584181742016,B,True,False,montgomery_dc_spatial;pg_montgomery_spatial,True,14795.0,13270.0,15685.0,14070.0,13431.0,14601.0,3.0,1.0,697.0,8.36,54.98,1192,24031703901,24031,Census Tract 7039.01,reject_not_near_tract_boundary,286.4374233751537
B3136,Prince George's,John Hanson Hwy,US,50.0,0.7,0.5,1.45,Us50-.20 Mi E Of Md201,Md 201 To Md 459,Urban,2.0,Principal Arterial Other Freeways and Expressways,1.0,East,4.0,C,6.92,52.58,48.67,51.33,90650.0,89831.0,97000.0,96121.0,88000.0,93280.0,5397.0,https://maps.roads.maryland.gov/itms_public/?stationid=B3136,-76.92906839111645,38.917951962917606,B,True,False,pg_dc_route;pg_dc_spatial,True,90650.0,89831.0,97000.0,96121.0,88000.0,93280.0,4.0,1.0,50.0,6.92,52.58,1502,24033804300,24033,Census Tract 8043,reject_not_near_tract_boundary,457.12766763787647
S2012150716,Montgomery,Brickyard Rd                            ,CO,188.0,0.04,0.0,2.44,Brickyard Rd - Between Macarthur Blvd & Stable La,Macarthur Blvd To Belmart Rd,Urban,6.0,Minor Collector,1.0,North,3.0,F,8.67,64.67,48.53,51.47,3635.0,3510.0,3855.0,3720.0,3511.0,3861.0,,https://maps.roads.maryland.gov/itms_public/?stationid=S2012150716,-77.21368843630547,38.979164709062495,S,True,False,montgomery_dc_spatial,True,3635.0,3510.0,3855.0,3720.0,3511.0,3861.0,3.0,1.0,188.0,8.67,64.67,1391,24031706008,24031,Census Tract 7060.08,reject_not_near_tract_boundary,940.5658176481344
B150097,Montgomery,Rockville Pike,MD,355.0,2.65,2.55,3.22,Md355-.10 Mi N Of Jones Bridge Rd,Jones Bridge Rd To Cedar La,Urban,3.0,Principal Arterial Other,1.0,North,7.0,C,7.48,52.82,48.66,51.34,40241.0,39882.0,43061.0,42672.0,40280.0,42700.0,891.0,https://maps.roads.maryland.gov/itms_public/?stationid=B150097,-77.09669401055673,38.998402877724665,B,True,False,montgomery_dc_route;montgomery_dc_spatial;pg_montgomery_spatial,True,40241.0,39882.0,43061.0,42672.0,40280.0,42700.0,7.0,1.0,355.0,7.48,52.82,575,24031705000,24031,Census Tract 7050,reject_not_near_tract_boundary,493.02220565391093
S2012161218,Prince George's,Montgomery St,MU,260.0,0.09,0.0,0.66,Montgomery St - Between Us 1 & Stanley Pl,Us 1 Second St (nb) To Md 216 Seventh St,Urban,5.0,Major Collector,1.0,North,2.0,F,10.79,59.48,51.35,48.65,3655.0,3790.0,3875.0,4020.0,3791.0,4171.0,,https://maps.roads.maryland.gov/itms_public/?stationid=S2012161218,-76.84628174401333,39.10241193819769,S,True,False,pg_montgomery_spatial,True,3655.0,3790.0,3875.0,4020.0,3791.0,4171.0,2.0,1.0,260.0,10.79,59.48,1520,24033800103,24033,Census Tract 8001.03,reject_not_near_tract_boundary,304.79069558439977
S2012150962,Montgomery,Monroe St,MU,2140.0,0.3,0.0,1.1,Monroe St - Between Md 28 & Fleet St,E Middle La To Road End,Urban,5.0,Major Collector,1.0,North,2.0,F,8.93,61.43,56.19,43.81,6505.0,6650.0,6905.0,7050.0,6651.0,7321.0,,https://maps.roads.maryland.gov/itms_public/?stationid=S2012150962,-77.14975852655394,39.081078453947946,S,True,False,montgomery_dc_spatial,True,6505.0,6650.0,6905.0,7050.0,6651.0,7321.0,2.0,1.0,2140.0,8.93,61.43,195,24031700901,24031,Census Tract 7009.01,reject_not_near_tract_boundary,263.32648291262933
B3106,Prince George's,Baltimore Ave,US,1.0,5.44,5.24,6.43,Us1-.20 Mi N Of Md193,Md 193 To Is 95,Urban,3.0,Principal Arterial Other,1.0,North,4.0,C,7.79,58.16,50.46,49.54,47811.0,47382.0,51161.0,50702.0,46800.0,49610.0,,https://maps.roads.maryland.gov/itms_public/?stationid=B3106,-76.93040122689338,39.00428050401215,B,True,False,pg_dc_route;pg_dc_spatial;pg_montgomery_spatial,True,47811.0,47382.0,51161.0,50702.0,46800.0,49610.0,4.0,1.0,1.0,7.79,58.16,1500,24033807000,24033,Census Tract 8070,reject_not_near_tract_boundary,349.94747686207734
S2012161219,Prince George's,Montgomery St,MU,260.0,0.7,0.66,1.0,Montgomery St - Between Md 216 & St Marys Pl,Md 216 Seventh St To Tenth St,Urban,5.0,Major Collector,1.0,South,2.0,F,9.63,51.79,48.25,51.75,6465.0,6730.0,6855.0,7130.0,6731.0,7401.0,,https://maps.roads.maryland.gov/itms_public/?stationid=S2012161219,-76.85573632642742,39.10647858856949,S,True,False,pg_montgomery_spatial,True,6465.0,6730.0,6855.0,7130.0,6731.0,7401.0,2.0,1.0,260.0,9.63,51.79,1567,24033800102,24033,Census Tract 8001.02,reject_not_near_tract_boundary,399.08799543243794
B150112,Montgomery,Sandy Spring Rd,MD,198.0,3.71,3.61,4.75,Md198-.10 Mi E Of Us29,Us 29 To Riding Stable Rd,Urban,3.0,Principal Arterial Other,1.0,West,5.0,F,8.62,53.55,48.7,51.3,37280.0,36941.0,39890.0,39531.0,36942.0,39162.0,5771.0,https://maps.roads.maryland.gov/itms_public/?stationid=B150112,-76.92720631288987,39.111388241169365,B,True,False,pg_montgomery_route;pg_montgomery_spatial,True,37280.0,36941.0,39890.0,39531.0,36942.0,39162.0,5.0,1.0,198.0,8.62,53.55,573,24031701410,24031,Census Tract 7014.10,reject_not_near_tract_boundary,404.23327653389657
B2840,Montgomery,Spencerville Rd,MD,198.0,0.2,0.0,3.11,Md198-.20 Mi E Of Md650,Md 650 To Old Columbia Pike,Urban,3.0,Principal Arterial Other,1.0,West,3.0,F,8.57,59.15,48.43,51.57,21870.0,21671.0,23400.0,23191.0,21672.0,22972.0,2005.0,https://maps.roads.maryland.gov/itms_public/?stationid=B2840,-76.98558551273788,39.12017179502255,B,True,False,pg_montgomery_route;pg_montgomery_spatial,True,21870.0,21671.0,23400.0,23191.0,21672.0,22972.0,3.0,1.0,198.0,8.57,59.15,1394,24031701408,24031,Census Tract 7014.08,reject_not_near_tract_boundary,1651.084380140922
B3288,Prince George's,Silver Hill Rd,MD,458.0,2.61,2.28,3.12,Md458-.10 Mi W Of Marlboro Pike,Md 4 To Walker Mill Rd,Urban,3.0,Principal Arterial Other,1.0,East,6.0,F,7.89,50.94,50.46,49.54,25192.0,25390.0,26962.0,27170.0,25391.0,26911.0,401.0,https://maps.roads.maryland.gov/itms_public/?stationid=B3288,-76.90536979187563,38.85592451289978,B,True,False,pg_dc_spatial,True,25192.0,25390.0,26962.0,27170.0,25391.0,26911.0,6.0,1.0,458.0,7.89,50.94,734,24033802407,24033,Census Tract 8024.07,reject_not_near_tract_boundary,196.481173760243
S2012161007,Prince George's,Brooklyn Bridge Rd,CO,3.0,1.41,1.36,2.31,Brooklyn Bridge Rd - .10 Mi West Of Bond Mill Rd,Bond Mill Rd To Montgomery Co/l,Urban,5.0,Major Collector,1.0,West,2.0,F,11.49,53.88,50.35,49.65,2115.0,1940.0,2245.0,2060.0,1941.0,2141.0,,https://maps.roads.maryland.gov/itms_public/?stationid=S2012161007,-76.8892659803398,39.11674007675209,S,True,False,pg_montgomery_spatial,True,2115.0,1940.0,2245.0,2060.0,1941.0,2141.0,2.0,1.0,3.0,11.49,53.88,1537,24033800203,24033,Census Tract 8002.03,reject_not_near_tract_boundary,901.3855108368066
B3349,Prince George's,9th St,MD,564.0,5.5,4.12,6.73,Md564-.10 Mi W Of Chestnut Ave,Springfield Rd To Road End,Urban,4.0,Minor Arterial,1.0,East,2.0,F,9.47,65.53,50.6,49.4,8982.0,8940.0,9612.0,9570.0,8941.0,9481.0,319.0,https://maps.roads.maryland.gov/itms_public/?stationid=B3349,-76.7811125041228,39.00823100702581,B,True,False,pg_dc_spatial,True,8982.0,8940.0,9612.0,9570.0,8941.0,9481.0,2.0,1.0,564.0,9.47,65.53,447,24033800410,24033,Census Tract 8004.10,reject_not_near_tract_boundary,283.08579244842167
B150096,Montgomery,Bradley Blvd,MD,191.0,1.45,1.35,2.84,Md191-.10 Mi N Of Seven Locks Rd,Seven Locks Rd To Burning Tree Rd,Urban,4.0,Minor Arterial,1.0,South,2.0,F,9.67,68.92,49.18,50.82,10135.0,10850.0,10845.0,11610.0,10851.0,11501.0,271.0,https://maps.roads.maryland.gov/itms_public/?stationid=B150096,-77.15848288284663,39.01238841279561,B,True,False,montgomery_dc_route;montgomery_dc_spatial,True,10135.0,10850.0,10845.0,11610.0,10851.0,11501.0,2.0,1.0,191.0,9.67,68.92,1328,24031706013,24031,Census Tract 7060.13,reject_not_near_tract_boundary,687.6363518254839
S2012150811,Montgomery,Old Stage Rd,CO,2879.0,0.07,0.0,1.07,Old Stage Rd - .10 Mi North Of Tilden La,Tilden La To Dinwiddie Dr,Urban,6.0,Minor Collector,1.0,South,2.0,F,12.71,71.34,50.66,49.34,2615.0,2340.0,2775.0,2480.0,2341.0,2581.0,,https://maps.roads.maryland.gov/itms_public/?stationid=S2012150811,-77.1388024775161,39.04500466682936,S,True,False,montgomery_dc_spatial,True,2615.0,2340.0,2775.0,2480.0,2341.0,2581.0,2.0,1.0,2879.0,12.71,71.34,554,24031701205,24031,Census Tract 7012.05,reject_not_near_tract_boundary,859.4606122266907
S2012150804,Montgomery,Marianna Dr                             ,CO,1895.0,0.64,0.0,0.66,Marianna Dr - Between Bauer Dr & Parkland Dr,Aspen Hill Rd To Parkland Dr,Urban,6.0,Minor Collector,1.0,South,2.0,F,9.67,59.79,48.72,51.28,4975.0,4530.0,5275.0,4800.0,4531.0,4981.0,,https://maps.roads.maryland.gov/itms_public/?stationid=S2012150804,-77.08725687701872,39.08593694049951,S,True,False,montgomery_dc_spatial;pg_montgomery_spatial,True,4975.0,4530.0,5275.0,4800.0,4531.0,4981.0,2.0,1.0,1895.0,9.67,59.79,1410,24031703201,24031,Census Tract 7032.01,reject_not_near_tract_boundary,688.5727742313657
B3277,Prince George's,Annapolis Rd,MD,450.0,0.37,0.27,0.93,Md450-.10 Mi E Of Md201,Md 201 To Md 202,Urban,3.0,Principal Arterial Other,1.0,East,4.0,F,6.99,59.18,49.23,50.77,30772.0,33080.0,32932.0,35400.0,33081.0,35071.0,791.0,https://maps.roads.maryland.gov/itms_public/?stationid=B3277,-76.93522574770437,38.939372767146914,B,True,False,pg_dc_route;pg_dc_spatial;pg_montgomery_spatial,True,30772.0,33080.0,32932.0,35400.0,33081.0,35071.0,4.0,1.0,450.0,6.99,59.18,1488,24033804002,24033,Census Tract 8040.02,reject_not_near_tract_boundary,435.15761589076186
S2012150817,Montgomery,Kentsdale Dr,CO,3217.0,0.03,0.0,1.06,Kentsdale Dr - Between Md 191 & Tobin Cir,Bradley Blvd To Newbridge Dr,Urban,6.0,Minor Collector,1.0,North,2.0,F,12.23,62.33,57.68,42.32,3175.0,3140.0,3375.0,3330.0,3141.0,3461.0,,https://maps.roads.maryland.gov/itms_public/?stationid=S2012150817,-77.1714045265745,39.009125027695774,S,True,False,montgomery_dc_spatial,True,3175.0,3140.0,3375.0,3330.0,3141.0,3461.0,2.0,1.0,3217.0,12.23,62.33,1414,24031706005,24031,Census Tract 7060.05,reject_not_near_tract_boundary,238.05649210568214
B160087,Prince George's,Silver Hill Rd,MD,458.0,0.35,0.0,0.83,Md458-.10 Mi N Of Md414,Md 5 To Suitland Pkwy,Urban,3.0,Principal Arterial Other,1.0,South,5.0,F,7.85,50.76,52.95,47.05,41202.0,44280.0,44092.0,47380.0,44281.0,46941.0,683.0,https://maps.roads.maryland.gov/itms_public/?stationid=B160087,-76.94039076504232,38.84122683246509,B,True,False,pg_dc_spatial,True,41202.0,44280.0,44092.0,47380.0,44281.0,46941.0,5.0,1.0,458.0,7.85,50.76,688,24033801908,24033,Census Tract 8019.08,reject_not_near_tract_boundary,223.8962759873628
T0010,Montgomery,Intercounty Connector,MD,200.0,11.541,10.445,13.245,Md 200 - Between Md 182 & Md 650,Md 182 To Md 650,Urban,2.0,Principal Arterial Other Freeways and Expressways,1.0,West,6.0,C,12.9,55.0,50.0,50.0,56650.0,58146.0,63626.0,65263.0,60420.0,67898.0,,https://maps.roads.maryland.gov/itms_public/?stationid=T0010,-77.02806442875072,39.0898057638459,T,True,False,pg_montgomery_route;montgomery_dc_spatial;pg_montgomery_spatial,True,56650.0,58146.0,63626.0,65263.0,60420.0,67898.0,6.0,1.0,200.0,12.9,55.0,337,24031703212,24031,Census Tract 7032.12,reject_not_near_tract_boundary,185.5358115984509
B3307,Prince George's,Martin Luther King Jr Hwy,MD,704.0,0.2,0.0,1.51,Md704-.20 Mi E Of Wash Dc Line,Washington Dc/l To Sheriff Rd,Urban,3.0,Principal Arterial Other,1.0,East,5.0,F,7.93,58.67,51.56,48.44,19905.0,18430.0,21305.0,19720.0,18431.0,19541.0,338.0,https://maps.roads.maryland.gov/itms_public/?stationid=B3307,-76.90781299654773,38.89566519035384,B,True,False,pg_dc_route;pg_dc_spatial,True,19905.0,18430.0,21305.0,19720.0,18431.0,19541.0,5.0,1.0,704.0,7.93,58.67,508,24033802901,24033,Census Tract 8029.01,reject_not_near_tract_boundary,315.4811667230108
B160105,Prince George's,Tulip Grove Rd,MU,3010.0,0.2,0.0,0.64,Tulip Grove Rd-.20 Mi E Of Md197,Md 197 To Belair Dr,Urban,6.0,Minor Collector,1.0,West,3.0,F,9.38,65.54,51.05,48.95,2720.0,2701.0,2880.0,2861.0,2702.0,2972.0,55.0,https://maps.roads.maryland.gov/itms_public/?stationid=B160105,-76.75170038701134,38.96718214398928,B,True,False,pg_dc_spatial,True,2720.0,2701.0,2880.0,2861.0,2702.0,2972.0,3.0,1.0,3010.0,9.38,65.54,1363,24033800513,24033,Census Tract 8005.13,reject_not_near_tract_boundary,527.7293064509627
B3273,Prince George's,Old Silver Hill Rd,MD,414.0,5.25,5.149,5.639,Md414-.10 Mi E Of Md458,Md 458 To Md 5,Urban,5.0,Major Collector,1.0,West,3.0,F,7.75,53.44,51.17,48.83,10482.0,10393.0,11112.0,11023.0,10394.0,11434.0,439.0,https://maps.roads.maryland.gov/itms_public/?stationid=B3273,-76.94385240592169,38.8411048435055,B,True,False,pg_dc_spatial,True,10482.0,10393.0,11112.0,11023.0,10394.0,11434.0,3.0,1.0,414.0,7.75,53.44,688,24033801908,24033,Census Tract 8019.08,reject_not_near_tract_boundary,256.69979407598527
S2012150834,Montgomery,Westlake Dr                             ,CO,3439.0,0.54,0.46,1.17,Westlake Dr - .10 Mi North Of Westlake Terr,Westlake Terr To Tuckerman La,Urban,5.0,Major Collector,1.0,North,3.0,F,8.88,52.22,45.49,54.51,16305.0,14860.0,17285.0,15750.0,14861.0,16351.0,,https://maps.roads.maryland.gov/itms_public/?stationid=S2012150834,-77.14718787609586,39.02828701500523,S,True,False,montgomery_dc_spatial,True,16305.0,14860.0,17285.0,15750.0,14861.0,16351.0,3.0,1.0,3439.0,8.88,52.22,1329,24031706012,24031,Census Tract 7060.12,reject_not_near_tract_boundary,454.2396733911435
S2012150939,Montgomery,Cabin John Pkwy,MU,490.0,0.03,0.0,0.49,Cabin John Pkwy - Between Monroe St & Blandford St,Monroe St To Leverton Rd,Urban,5.0,Major Collector,1.0,West,2.0,F,10.13,60.83,37.99,62.01,1135.0,1050.0,1205.0,1110.0,1051.0,1161.0,,https://maps.roads.maryland.gov/itms_public/?stationid=S2012150939,-77.15243464461625,39.07535970688345,S,True,False,montgomery_dc_spatial,True,1135.0,1050.0,1205.0,1110.0,1051.0,1161.0,2.0,1.0,490.0,10.13,60.83,209,24031701001,24031,Census Tract 7010.01,reject_not_near_tract_boundary,276.96973355712475
S2012150945,Montgomery,W Edmonston Dr,MU,1010.0,0.58,0.0,0.65,W Edmonston Dr - Between Curtis Pl & Hardy Pl,Cabin John Pkwy To Wootton Pkwy,Urban,5.0,Major Collector,1.0,East,2.0,F,10.06,62.98,51.2,48.8,2335.0,2350.0,2485.0,2490.0,2351.0,2591.0,,https://maps.roads.maryland.gov/itms_public/?stationid=S2012150945,-77.1406524392661,39.07146583720705,S,True,False,montgomery_dc_spatial,True,2335.0,2350.0,2485.0,2490.0,2351.0,2591.0,2.0,1.0,1010.0,10.06,62.98,209,24031701001,24031,Census Tract 7010.01,reject_not_near_tract_boundary,245.65715427093133
B160123,Prince George's,Nightingale Dr                          ,CO,4092.0,0.4,0.0,0.43,Nightingale Dr-.03 Mi W Of Cipriano Rd,Road End To Cipriano Rd,Urban,7.0,Local,1.0,West,2.0,F,13.62,53.75,49.19,50.81,1112.0,1103.0,1182.0,1173.0,1104.0,1214.0,,https://maps.roads.maryland.gov/itms_public/?stationid=B160123,-76.8556030999826,38.98210559054336,B,True,False,pg_dc_spatial;pg_montgomery_spatial,True,1112.0,1103.0,1182.0,1173.0,1104.0,1214.0,2.0,1.0,4092.0,13.62,53.75,310,24033806711,24033,Census Tract 8067.11,reject_not_near_tract_boundary,236.72597777029475
S2012150947,Montgomery,Fleet St,MU,1125.0,0.05,0.0,0.55,Fleet St - Between Maryland Ave & Monroe St,Maryland Ave To Mt Vernon Pl,Urban,5.0,Major Collector,1.0,West,4.0,F,10.18,57.84,55.1,44.9,10055.0,9770.0,10665.0,10360.0,9771.0,10751.0,,https://maps.roads.maryland.gov/itms_public/?stationid=S2012150947,-77.15052422804423,39.08090090872069,S,True,False,montgomery_dc_spatial,True,10055.0,9770.0,10665.0,10360.0,9771.0,10751.0,4.0,1.0,1125.0,10.18,57.84,195,24031700901,24031,Census Tract 7009.01,reject_not_near_tract_boundary,196.67393838477588
S2012150711,Montgomery,Bells Mill Rd                           ,CO,165.0,1.8,1.27,1.96,Bells Mill Rd - Between Deborah Dr & Seven Locks Rd,Gainsborough Rd To Seven Locks Rd,Urban,5.0,Major Collector,1.0,West,3.0,F,9.2,64.61,50.5,49.5,3775.0,3590.0,4005.0,3810.0,3591.0,3951.0,,https://maps.roads.maryland.gov/itms_public/?stationid=S2012150711,-77.16316790158218,39.03180158829995,S,True,False,montgomery_dc_spatial,True,3775.0,3590.0,4005.0,3810.0,3591.0,3951.0,3.0,1.0,165.0,9.2,64.61,1025,24031706010,24031,Census Tract 7060.10,reject_not_near_tract_boundary,194.08722983304153
B3342,Prince George's,Central Ave,MD,214.0,11.25,10.85,12.92,Md214-.40 Mi E Of Us301,Us 301 To Queen Anne Bridge Rd,Rural,4.0,Minor Arterial,1.0,East,3.0,F,9.87,69.18,48.56,51.44,7151.0,7112.0,7511.0,7472.0,7203.0,7493.0,345.0,https://maps.roads.maryland.gov/itms_public/?stationid=B3342,-76.71077341665301,38.89784485053809,B,True,False,pg_dc_route,True,7151.0,7112.0,7511.0,7472.0,7203.0,7493.0,3.0,1.0,214.0,9.87,69.18,1525,24033800507,24033,Census Tract 8005.07,reject_not_near_tract_boundary,647.4567890030326
S2012160523,Prince George's,Jericho Park Rd,MD,197.0,0.04,0.0,0.09,Md 197c - Between Jericho Park Rd & Md 197,Jericho Park Rd To Md 197,Urban,5.0,Major Collector,1.0,North,3.0,F,8.32,53.19,48.41,51.59,5765.0,10570.0,6115.0,11200.0,10571.0,11631.0,,https://maps.roads.maryland.gov/itms_public/?stationid=S2012160523,-76.76236693418595,39.015579460677934,S,True,False,pg_dc_spatial,True,5765.0,10570.0,6115.0,11200.0,10571.0,11631.0,3.0,1.0,197.0,8.32,53.19,447,24033800410,24033,Census Tract 8004.10,reject_not_near_tract_boundary,1070.4614196199657
S2012150768,Montgomery,Persimmon Tree Rd,CO,781.0,2.1,1.99,3.54,Persimmon Tree Rd - .10 Mile North Of Bradley Blvd,Bradley Blvd To River Rd,Urban,5.0,Major Collector,1.0,South,2.0,F,10.89,78.77,43.33,56.67,2615.0,2440.0,2775.0,2590.0,2441.0,2691.0,,https://maps.roads.maryland.gov/itms_public/?stationid=S2012150768,-77.19067132868359,38.99822782991346,S,True,False,montgomery_dc_spatial,True,2615.0,2440.0,2775.0,2590.0,2441.0,2691.0,2.0,1.0,781.0,10.89,78.77,1389,24031706009,24031,Census Tract 7060.09,reject_not_near_tract_boundary,778.8614267302943
B160135,Prince George's,Woodyard Rd,MD,223.0,6.97,6.65,7.17,Md223-between Old Branch Ave/brandywine Rd & Pine View La,Brandywine Rd To Pine View La,Urban,4.0,Minor Arterial,1.0,North,4.0,C,6.64,56.62,50.46,49.54,26831.0,26592.0,28711.0,28452.0,24860.0,26350.0,,https://maps.roads.maryland.gov/itms_public/?stationid=B160135,-76.89242940300272,38.766495350719865,B,True,False,pg_dc_spatial,True,26831.0,26592.0,28711.0,28452.0,24860.0,26350.0,4.0,1.0,223.0,6.64,56.62,680,24033801217,24033,Census Tract 8012.17,reject_not_near_tract_boundary,509.89587383764734
B2814,Montgomery,Great Falls Rd,MU,1281.0,5.6,5.05,5.7,Great Falls Rd-.10 Mi S Of Md28,Maryland Ave To W. Montgomery Ave,Urban,5.0,Major Collector,1.0,North,2.0,C,9.53,52.55,51.58,48.42,9504.0,9425.0,10074.0,9995.0,8830.0,9710.0,,https://maps.roads.maryland.gov/itms_public/?stationid=B2814,-77.15827743185292,39.08300405005601,B,True,False,montgomery_dc_spatial,True,9504.0,9425.0,10074.0,9995.0,8830.0,9710.0,2.0,1.0,1281.0,9.53,52.55,212,24031701005,24031,Census Tract 7010.05,reject_not_near_tract_boundary,262.73358634207045
B150077,Montgomery,Clara Barton Pkwy,GV,6.0,6.19,3.37,6.39,Clara Barton Pkwy-.20 Mi N Of Washington Dc/l,Is 495x (cabin John Pkwy) To Wash Dc/l,Urban,2.0,Principal Arterial Other Freeways and Expressways,1.0,South,3.0,F,7.98,100.0,53.58,46.42,22300.0,22101.0,23860.0,23651.0,22102.0,23432.0,169.0,https://maps.roads.maryland.gov/itms_public/?stationid=B150077,-77.11936513474187,38.938549863871366,B,True,False,montgomery_dc_spatial;pg_montgomery_spatial,True,22300.0,22101.0,23860.0,23651.0,22102.0,23432.0,3.0,1.0,6.0,7.98,100.0,1392,24031705800,24031,Census Tract 7058,reject_not_near_tract_boundary,289.24942166474904
B150043,Montgomery,Ritchie Pkwy,MU,2592.0,0.1,0.0,0.47,Ritchie Pkwy-.10 Mi W Of Wooten Pkwy,Fleet St To W. Edmonston Dr,Urban,6.0,Minor Collector,1.0,West,2.0,F,9.02,68.51,38.37,61.63,3280.0,3251.0,3480.0,3451.0,3252.0,3582.0,88.0,https://maps.roads.maryland.gov/itms_public/?stationid=B150043,-77.1427994163884,39.0755058743566,B,True,False,montgomery_dc_spatial,True,3280.0,3251.0,3480.0,3451.0,3252.0,3582.0,2.0,1.0,2592.0,9.02,68.51,209,24031701001,24031,Census Tract 7010.01,reject_not_near_tract_boundary,198.88385547964782
B150067,Montgomery,Randolph Rd,CO,1659.0,2.02,1.76,2.28,Randolph Rd-.10 Mi E Of Md 586,Md 586 To Md 185,Urban,3.0,Principal Arterial Other,1.0,East,6.0,F,8.53,66.62,50.79,49.21,31352.0,30150.0,33552.0,32260.0,30151.0,31961.0,681.0,https://maps.roads.maryland.gov/itms_public/?stationid=B150067,-77.078309286683,39.05746513454996,B,True,False,montgomery_dc_spatial;pg_montgomery_spatial,True,31352.0,30150.0,33552.0,32260.0,30151.0,31961.0,6.0,1.0,1659.0,8.53,66.62,200,24031703401,24031,Census Tract 7034.01,reject_not_near_tract_boundary,341.88436000182503
S2012161211,Prince George's,Yellowwood La                           ,CO,5928.0,0.09,0.0,0.52,Yellowwood La - .10 Mi West Of Lottsford Vista Rd,Lottsford Vista Rd To Ardwick Ardmore Rd,Urban,5.0,Major Collector,1.0,East,2.0,F,8.81,61.94,50.28,49.72,4435.0,4710.0,4705.0,4990.0,4711.0,5181.0,,https://maps.roads.maryland.gov/itms_public/?stationid=S2012161211,-76.82364970103465,38.93051565560118,S,True,False,pg_dc_spatial;pg_montgomery_spatial,True,4435.0,4710.0,4705.0,4990.0,4711.0,5181.0,2.0,1.0,5928.0,8.81,61.94,454,24033803520,24033,Census Tract 8035.20,reject_not_near_tract_boundary,192.07667375645465
B160119,Prince George's,Arena Dr,CO,5342.0,0.33,0.0,0.86,Arena Dr-.10 Mi W Of Largo Center Dr,Md 202 To Md 202f (ahead),Urban,4.0,Minor Arterial,1.0,East,6.0,F,9.53,68.48,56.53,43.47,14672.0,13400.0,15702.0,14340.0,13401.0,14211.0,186.0,https://maps.roads.maryland.gov/itms_public/?stationid=B160119,-76.83935618502537,38.90331481548518,B,True,False,pg_dc_spatial,True,14672.0,13400.0,15702.0,14340.0,13401.0,14211.0,6.0,1.0,5342.0,9.53,68.48,472,24033803514,24033,Census Tract 8035.14,reject_not_near_tract_boundary,818.7292286337988
B3131,Prince George's,Branch Ave,MD,5.0,12.25,11.95,13.47,Md5-.30 Mi N Of Is95,Is 95 To Md 414,Urban,2.0,Principal Arterial Other Freeways and Expressways,1.0,South,6.0,C,7.17,62.17,52.48,47.52,61771.0,61222.0,66101.0,65512.0,71350.0,75630.0,,https://maps.roads.maryland.gov/itms_public/?stationid=B3131,-76.92215206950455,38.82337166171705,B,True,False,pg_dc_route;pg_dc_spatial,True,61771.0,61222.0,66101.0,65512.0,71350.0,75630.0,6.0,1.0,5.0,7.17,62.17,1519,24033801905,24033,Census Tract 8019.05,reject_not_near_tract_boundary,362.2732964739367
S2012150826,Montgomery,Lyttonsville Rd,CO,3337.0,0.05,0.0,0.55,Lyttonsville Rd - .10 Mi North Of Grubb Rd,Grubb Rd To Maine Ave,Urban,5.0,Major Collector,1.0,North,2.0,F,10.04,57.87,53.09,46.91,9635.0,9555.0,10215.0,10135.0,9565.0,10525.0,,https://maps.roads.maryland.gov/itms_public/?stationid=S2012150826,-77.05411893528262,38.99576549624481,S,True,False,montgomery_dc_spatial;pg_montgomery_spatial,True,9635.0,9555.0,10215.0,10135.0,9565.0,10525.0,2.0,1.0,3337.0,10.04,57.87,342,24031702700,24031,Census Tract 7027,reject_not_near_tract_boundary,288.6308279120106
S2012150966,Montgomery,Park Rd                                 ,MU,2362.0,0.03,0.0,0.21,Park Rd - Between S Horners La & Seth Pl,S Horners La To Charles St,Urban,7.0,Local,1.0,South,2.0,F,10.34,60.87,49.27,50.73,415.0,400.0,445.0,420.0,401.0,441.0,,https://maps.roads.maryland.gov/itms_public/?stationid=S2012150966,-77.14228907808562,39.08682462877862,S,True,False,montgomery_dc_spatial,True,415.0,400.0,445.0,420.0,401.0,441.0,2.0,1.0,2362.0,10.34,60.87,1381,24031700902,24031,Census Tract 7009.02,reject_not_near_tract_boundary,421.2870698830855
B2987,Montgomery,Gaither Rd,CO,213.0,0.31,0.03,0.54,Gaither Rd-.10 Mi E Of Industrial Dr,Gaither Rd (back) To Shady Grove Rd,Urban,7.0,Local,1.0,West,2.0,F,9.11,61.38,50.78,49.22,9802.0,9713.0,10392.0,10303.0,9714.0,10694.0,997.0,https://maps.roads.maryland.gov/itms_public/?stationid=B2987,-77.18791801569397,39.117548907877065,B,True,False,montgomery_dc_spatial,True,9802.0,9713.0,10392.0,10303.0,9714.0,10694.0,2.0,1.0,213.0,9.11,61.38,894,24031700718,24031,Census Tract 7007.18,reject_not_near_tract_boundary,438.1790951286655
B3206,Prince George's,Indian Head Hwy,MD,210.0,13.45,13.132,13.97,Md210-.30 Mi N Of Is95,Is 95 To Livingston Rd,Urban,4.0,Minor Arterial,1.0,South,5.0,F,8.6,68.37,47.2,52.8,22365.0,25030.0,23935.0,26780.0,25031.0,26531.0,962.0,https://maps.roads.maryland.gov/itms_public/?stationid=B3206,-76.99842597751017,38.80792105532482,B,True,False,pg_dc_route;pg_dc_spatial,True,22365.0,25030.0,23935.0,26780.0,25031.0,26531.0,5.0,1.0,210.0,8.6,68.37,1569,24033801500,24033,Census Tract 8015,reject_not_near_tract_boundary,391.0664115994951
B150066,Montgomery,Gaither Rd,MU,1190.0,0.74,0.54,1.64,Gaither Rd-.20 Mi E Of Shady Grove Rd,Shady Grove Rd To W. Gude Dr,Urban,5.0,Major Collector,1.0,West,3.0,F,8.87,59.11,43.66,56.34,9332.0,9253.0,9892.0,9813.0,9254.0,10184.0,,https://maps.roads.maryland.gov/itms_public/?stationid=B150066,-77.18021188180954,39.11606387926467,B,True,False,montgomery_dc_spatial,True,9332.0,9253.0,9892.0,9813.0,9254.0,10184.0,3.0,1.0,1190.0,8.87,59.11,894,24031700718,24031,Census Tract 7007.18,reject_not_near_tract_boundary,547.7308078744142
B160053,Prince George's,Lottsford Rd,CO,64.0,2.26,2.06,3.3,Lottsford Rd-.20 Mi W Of Md202,Md 202 To Largo Dr,Urban,4.0,Minor Arterial,1.0,West,4.0,F,9.8,61.74,49.86,50.14,12530.0,12421.0,13410.0,13291.0,12422.0,13172.0,,https://maps.roads.maryland.gov/itms_public/?stationid=B160053,-76.84050906848798,38.91020388568703,B,True,False,pg_dc_spatial,True,12530.0,12421.0,13410.0,13291.0,12422.0,13172.0,4.0,1.0,64.0,9.8,61.74,472,24033803514,24033,Census Tract 8035.14,reject_not_near_tract_boundary,332.62420367165
S2012150973,Montgomery,Seven Locks Rd,MU,2730.0,6.55,6.23,6.91,Seven Locks Rd - .10 Mi South Of Wootton Pkwy,Seven Locks Rd (back) To Ent To Co Police,Urban,4.0,Minor Arterial,1.0,North,3.0,F,8.97,63.15,47.8,52.2,19675.0,18660.0,21055.0,19970.0,18661.0,19781.0,,https://maps.roads.maryland.gov/itms_public/?stationid=S2012150973,-77.16122069540602,39.06597902183868,S,True,False,montgomery_dc_spatial,True,19675.0,18660.0,21055.0,19970.0,18661.0,19781.0,3.0,1.0,2730.0,8.97,63.15,210,24031701002,24031,Census Tract 7010.02,reject_not_near_tract_boundary,340.658865450428
B3234,Prince George's,Baltimore Washington Pkwy,MD,295.0,0.5,0.0,1.65,Md295-.50 Mi N Of Us50,Us 50 To Md 202,Urban,2.0,Principal Arterial Other Freeways and Expressways,1.0,North,5.0,F,6.3,59.94,50.83,49.17,114120.0,113091.0,122110.0,121011.0,113092.0,119882.0,1542.0,https://maps.roads.maryland.gov/itms_public/?stationid=B3234,-76.93095907259998,38.9232870774884,B,True,False,pg_dc_route;pg_dc_spatial,True,114120.0,113091.0,122110.0,121011.0,113092.0,119882.0,5.0,1.0,295.0,6.3,59.94,1502,24033804300,24033,Census Tract 8043,reject_not_near_tract_boundary,246.24904601681902
B3339,Prince George's,Largo Rd,MD,202.0,4.14,2.93,4.35,Md202-.20 Mi S Of Md193,Town Farm Rd To Md 193,Urban,3.0,Principal Arterial Other,1.0,South,3.0,C,8.28,61.37,49.42,50.58,23111.0,22902.0,24731.0,24512.0,22760.0,24130.0,647.0,https://maps.roads.maryland.gov/itms_public/?stationid=B3339,-76.78124807786548,38.87188672514017,B,True,False,pg_dc_route;pg_dc_spatial,True,23111.0,22902.0,24731.0,24512.0,22760.0,24130.0,3.0,1.0,202.0,8.28,61.37,451,24033800607,24033,Census Tract 8006.07,reject_not_near_tract_boundary,334.72768288445434
B3179,Prince George's,Kenilworth Ave,MD,201.0,1.82,1.12,2.12,Md201-.30 Mi S Of Md450,Md 295 To Md 450,Urban,3.0,Principal Arterial Other,1.0,South,5.0,F,7.1,51.02,48.08,51.92,32692.0,33600.0,34982.0,35950.0,33601.0,35621.0,3002.0,https://maps.roads.maryland.gov/itms_public/?stationid=B3179,-76.93609247642647,38.93585023418754,B,True,False,pg_dc_route;pg_dc_spatial;pg_montgomery_spatial,True,32692.0,33600.0,34982.0,35950.0,33601.0,35621.0,5.0,1.0,201.0,7.1,51.02,1488,24033804002,24033,Census Tract 8040.02,reject_not_near_tract_boundary,249.08437223512092
B150042,Montgomery,E Gude Dr,MU,1295.0,3.59,3.03,3.69,E. Gude Dr-.10 Mi W Of Md28,E. Gude Dr (back) To Md 28,Urban,4.0,Minor Arterial,1.0,East,5.0,F,8.39,57.6,50.65,49.35,33300.0,33001.0,35630.0,35311.0,33002.0,34982.0,2691.0,https://maps.roads.maryland.gov/itms_public/?stationid=B150042,-77.13021236276452,39.0912095477651,B,True,False,montgomery_dc_spatial,True,33300.0,33001.0,35630.0,35311.0,33002.0,34982.0,5.0,1.0,1295.0,8.39,57.6,196,24031700903,24031,Census Tract 7009.03,reject_not_near_tract_boundary,519.6897671206827
B3164,Prince George's,Greenbelt Rd,MD,193.0,6.21,5.83,6.41,Md193-.20 Mi W Of Is95,Md 201 To Is 95,Urban,3.0,Principal Arterial Other,1.0,East,6.0,F,8.41,58.29,51.04,48.96,47762.0,49420.0,51112.0,52880.0,49421.0,52391.0,893.0,https://maps.roads.maryland.gov/itms_public/?stationid=B3164,-76.89320411729028,38.99593750336764,B,True,False,pg_montgomery_route;pg_dc_spatial;pg_montgomery_spatial,True,47762.0,49420.0,51112.0,52880.0,49421.0,52391.0,6.0,1.0,193.0,8.41,58.29,1378,24033806706,24033,Census Tract 8067.06,reject_not_near_tract_boundary,284.29095971910857
B150108,Montgomery,Tower Oaks Blvd,MU,2934.0,0.2,0.0,0.93,Tower Oak S Blvd-.20 Mi N Of Montrose Rd,Montrose Rd To Wootton Pkwy,Urban,5.0,Major Collector,1.0,South,4.0,F,8.7,81.2,25.26,74.74,11340.0,11241.0,12020.0,11921.0,11242.0,12372.0,509.0,https://maps.roads.maryland.gov/itms_public/?stationid=B150108,-77.15142528947818,39.057931276759874,B,True,False,montgomery_dc_spatial,True,11340.0,11241.0,12020.0,11921.0,11242.0,12372.0,4.0,1.0,2934.0,8.7,81.2,209,24031701001,24031,Census Tract 7010.01,reject_not_near_tract_boundary,225.89064772525907
S2012150972,Montgomery,Seth Pl                                 ,MU,2720.0,0.09,0.0,0.17,Seth Pl - Between Charles St & Park Rd,Charles St To Park Rd,Urban,6.0,Minor Collector,1.0,North,2.0,C,9.17,57.58,52.99,47.01,364.0,365.0,394.0,395.0,320.0,350.0,17.0,https://maps.roads.maryland.gov/itms_public/?stationid=S2012150972,-77.14039665027717,39.08607022139195,S,True,False,montgomery_dc_spatial,True,364.0,365.0,394.0,395.0,320.0,350.0,2.0,1.0,2720.0,9.17,57.58,1381,24031700902,24031,Census Tract 7009.02,reject_not_near_tract_boundary,368.5820244050747
B3161,Prince George's,University Blvd,MD,193.0,2.52,2.22,3.435,Md193-.30 Mi E Of Adelphi Rd,Adelphi Rd To Metzerott Rd,Urban,3.0,Principal Arterial Other,1.0,East,4.0,F,8.43,54.89,51.11,48.89,32912.0,31450.0,35222.0,33650.0,31451.0,33341.0,777.0,https://maps.roads.maryland.gov/itms_public/?stationid=B3161,-76.95313365570676,38.99012270596834,B,True,False,pg_montgomery_route;pg_dc_spatial;pg_montgomery_spatial,True,32912.0,31450.0,35222.0,33650.0,31451.0,33341.0,4.0,1.0,193.0,8.43,54.89,1523,24033807200,24033,Census Tract 8072,reject_not_near_tract_boundary,301.615866386315
S2012161156,Prince George's,Greenmount Ave                          ,CO,2370.0,0.04,0.0,0.71,Greenmount Ave - Between Briggs Chaney Rd & Castleleigh Rd,Briggs Chaney Rd To Calverton Blvd,Urban,6.0,Minor Collector,1.0,South,2.0,F,9.34,55.52,51.01,48.99,2765.0,2860.0,2935.0,3030.0,2861.0,3151.0,,https://maps.roads.maryland.gov/itms_public/?stationid=S2012161156,-76.93586786975767,39.063098859256925,S,True,False,pg_dc_spatial;pg_montgomery_spatial,True,2765.0,2860.0,2935.0,3030.0,2861.0,3151.0,2.0,1.0,2370.0,9.34,55.52,183,24033807407,24033,Census Tract 8074.07,reject_not_near_tract_boundary,193.25509921723804
S2012161206,Prince George's,Belcrest Rd,CO,5678.0,0.45,0.25,0.83,Belcrest Rd - .10 Mi North Of Md 410,Md 410 East West Hwy To Co 232 Adelphi Rd,Urban,5.0,Major Collector,1.0,North,5.0,F,7.77,50.26,47.24,52.76,13125.0,13070.0,13915.0,13850.0,13071.0,14381.0,,https://maps.roads.maryland.gov/itms_public/?stationid=S2012161206,-76.95394140823385,38.96849442346738,S,True,False,pg_dc_spatial;pg_montgomery_spatial,True,13125.0,13070.0,13915.0,13850.0,13071.0,14381.0,5.0,1.0,5678.0,7.77,50.26,739,24033805908,24033,Census Tract 8059.08,reject_not_near_tract_boundary,199.4119083463719
B160134,Prince George's,Pennsylvania Ave,MD,4.0,8.87,8.43,9.07,Md4-.20 Mi S Of Old Marlboro Pike/westphalia Rd,Md 337 To Old Marlboro Pike/westphalia Rd,Urban,2.0,Principal Arterial Other Freeways and Expressways,1.0,South,5.0,C,6.66,52.34,55.2,44.8,52141.0,51672.0,55791.0,55292.0,53020.0,56200.0,,https://maps.roads.maryland.gov/itms_public/?stationid=B160134,-76.85902666037875,38.83567782205487,B,True,False,pg_dc_route;pg_dc_spatial,True,52141.0,51672.0,55791.0,55292.0,53020.0,56200.0,5.0,1.0,4.0,6.66,52.34,1557,24033802201,24033,Census Tract 8022.01,reject_not_near_tract_boundary,659.3409157647028
B3177,Prince George's,Kenilworth Ave,MD,201.0,0.2,0.0,0.49,Md201-.20 Mi N Of Wash Dc Line,Washington Dc/l To Us 50,Urban,2.0,Principal Arterial Other Freeways and Expressways,1.0,South,5.0,C,5.83,50.61,49.28,50.72,147590.0,146261.0,157920.0,156501.0,113520.0,120330.0,7203.0,https://maps.roads.maryland.gov/itms_public/?stationid=B3177,-76.93261779560245,38.91445559081419,B,True,False,pg_dc_route;pg_dc_spatial,True,147590.0,146261.0,157920.0,156501.0,113520.0,120330.0,5.0,1.0,201.0,5.83,50.61,1502,24033804300,24033,Census Tract 8043,reject_not_near_tract_boundary,263.5486616048136
S2012150952,Montgomery,S Horners La,MU,1451.0,0.16,0.0,0.19,S Horners La - Between Park Rd & N Horners La,Cul De Sac To Park Rd,Urban,7.0,Local,1.0,North,2.0,F,7.58,51.43,50.95,49.05,785.0,830.0,835.0,880.0,831.0,911.0,,https://maps.roads.maryland.gov/itms_public/?stationid=S2012150952,-77.14294923291992,39.086620545407605,S,True,False,montgomery_dc_spatial,True,785.0,830.0,835.0,880.0,831.0,911.0,2.0,1.0,1451.0,7.58,51.43,1381,24031700902,24031,Census Tract 7009.02,reject_not_near_tract_boundary,363.61561086070606
B160058,Prince George's,Capital Beltway,IS,495.0,1.42,1.17,1.75,Is495-at Struc #1613105 Little Paint Branch,Is 95x To Is 95 (ahead),Urban,1.0,Interstate,1.0,East,7.0,F,6.42,55.16,52.83,47.17,144392.0,139350.0,150172.0,144920.0,140331.0,145941.0,4861.0,https://maps.roads.maryland.gov/itms_public/?stationid=B160058,-76.94594818715764,39.02116820461925,B,True,False,pg_montgomery_route;pg_dc_spatial;pg_montgomery_spatial,True,144392.0,139350.0,150172.0,144920.0,140331.0,145941.0,7.0,1.0,495.0,6.42,55.16,1510,24033807301,24033,Census Tract 8073.01,reject_not_near_tract_boundary,177.7931734024678
S2012161191,Prince George's,Olson St,CO,3705.0,0.07,0.0,0.47,Olson St - .10 Mi West Of St Clair Dr,St Clair Dr To Lyons St,Urban,7.0,Local,1.0,East,2.0,F,9.99,56.11,45.85,54.15,2925.0,2760.0,3105.0,2930.0,2761.0,3041.0,,https://maps.roads.maryland.gov/itms_public/?stationid=S2012161191,-76.94764280234727,38.83110684677408,S,True,False,pg_dc_spatial,True,2925.0,2760.0,3105.0,2930.0,2761.0,3041.0,2.0,1.0,3705.0,9.99,56.11,1530,24033801801,24033,Census Tract 8018.01,reject_not_near_tract_boundary,201.43176576594297
S2012150959,Montgomery,Martins La,MU,2000.0,0.41,0.0,0.45,Martins La - Between Bickford Ave & N Washington St,Mannakee St To N Washington St,Urban,5.0,Major Collector,1.0,West,2.0,F,9.31,59.17,50.46,49.54,5365.0,5260.0,5695.0,5580.0,5261.0,5791.0,,https://maps.roads.maryland.gov/itms_public/?stationid=S2012150959,-77.15438619774007,39.090987545891146,S,True,False,montgomery_dc_spatial,True,5365.0,5260.0,5695.0,5580.0,5261.0,5791.0,2.0,1.0,2000.0,9.31,59.17,195,24031700901,24031,Census Tract 7009.01,reject_not_near_tract_boundary,266.7805297795512
S2012161171,Prince George's,Marlboro Pike,CO,3074.0,2.11,2.07,3.26,Marlboro Pike - Between Md 458 & Belwood St,Md 458 To Donnell Dr,Urban,4.0,Minor Arterial,1.0,South,4.0,F,8.39,56.76,50.59,49.41,14885.0,16160.0,15935.0,17290.0,16161.0,17131.0,,https://maps.roads.maryland.gov/itms_public/?stationid=S2012161171,-76.90396246689703,38.856889553171314,S,True,False,pg_dc_spatial,True,14885.0,16160.0,15935.0,17290.0,16161.0,17131.0,4.0,1.0,3074.0,8.39,56.76,734,24033802407,24033,Census Tract 8024.07,reject_not_near_tract_boundary,233.00609984736448
S2012150935,Montgomery,Avery Rd,MU,205.0,0.07,0.0,0.43,Avery Rd - .10 Mi North Of Md 28,Norbeck Rd To Avery Rd (ahead),Urban,5.0,Major Collector,1.0,North,2.0,F,11.1,75.63,52.04,47.96,3825.0,3940.0,4065.0,4180.0,3941.0,4341.0,,https://maps.roads.maryland.gov/itms_public/?stationid=S2012150935,-77.12324902782221,39.093783317487215,S,True,False,montgomery_dc_spatial,True,3825.0,3940.0,4065.0,4180.0,3941.0,4341.0,2.0,1.0,205.0,11.1,75.63,196,24031700903,24031,Census Tract 7009.03,reject_not_near_tract_boundary,385.7219537998761
S2001150060,Montgomery,Briggs Chaney Rd,CO,95.0,3.83,3.64,4.262,Briggs Chaney Rd -.50 Mile East Of Us 29,Robey Rd To Sawgrass Dr,Urban,4.0,Minor Arterial,1.0,West,3.0,F,8.73,53.78,50.18,49.82,18045.0,17300.0,19315.0,18510.0,17301.0,18341.0,672.0,https://maps.roads.maryland.gov/itms_public/?stationid=S2001150060,-76.94289712487215,39.07734325615467,S,True,False,pg_montgomery_route;montgomery_dc_spatial;pg_montgomery_spatial,True,18045.0,17300.0,19315.0,18510.0,17301.0,18341.0,3.0,1.0,95.0,8.73,53.78,590,24031701417,24031,Census Tract 7014.17,reject_not_near_tract_boundary,257.5005994310289
S2017160356,Prince George's,Woods Way,OP,5631.0,0.1,0.0,0.53,Woods Way - .10 Mile East Of Md 5,Ramp 5 To Old Soper Rd,Urban,5.0,Major Collector,1.0,West,4.0,F,13.77,80.15,33.22,66.78,5540.0,5491.0,5870.0,5821.0,5492.0,6042.0,267.0,https://maps.roads.maryland.gov/itms_public/?stationid=S2017160356,-76.92083027851402,38.82377026534064,S,True,False,pg_dc_spatial,True,5540.0,5491.0,5870.0,5821.0,5492.0,6042.0,4.0,1.0,5631.0,13.77,80.15,1519,24033801905,24033,Census Tract 8019.05,reject_not_near_tract_boundary,423.02982260681216
B150086,Montgomery,Norbeck Rd,MD,28.0,24.19,24.09,27.31,Md28-.10 Mi E Of E. Gude Dr,E. Gude Dr To Md 97,Urban,3.0,Principal Arterial Other,1.0,East,4.0,F,7.7,58.61,49.53,50.47,48372.0,44360.0,51762.0,47470.0,44361.0,47021.0,1972.0,https://maps.roads.maryland.gov/itms_public/?stationid=B150086,-77.12721847375528,39.09087836270511,B,True,False,montgomery_dc_spatial,True,48372.0,44360.0,51762.0,47470.0,44361.0,47021.0,4.0,1.0,28.0,7.7,58.61,196,24031700903,24031,Census Tract 7009.03,reject_not_near_tract_boundary,737.3819992960325
B3355,Prince George's,Baltimore Washington Pkwy,MD,295.0,5.69,3.63,5.99,Md295-.30 Mi S Of Is95,Riverdale Rd To Is 95,Urban,2.0,Principal Arterial Other Freeways and Expressways,1.0,South,4.0,F,6.26,50.88,47.32,52.68,106451.0,105492.0,113901.0,112882.0,105493.0,111823.0,2488.0,https://maps.roads.maryland.gov/itms_public/?stationid=B3355,-76.889607611439,38.98770265381697,B,True,False,pg_dc_route;pg_dc_spatial;pg_montgomery_spatial,True,106451.0,105492.0,113901.0,112882.0,105493.0,111823.0,4.0,1.0,295.0,6.26,50.88,1378,24033806706,24033,Census Tract 8067.06,reject_not_near_tract_boundary,512.6569894880232
B3129,Prince George's,Branch Ave,MD,5.0,11.08,10.68,11.95,Md5-.50 Mi N Of Md337,Md 337 To Is 95,Urban,2.0,Principal Arterial Other Freeways and Expressways,1.0,South,7.0,C,6.58,63.99,51.22,48.78,131331.0,130152.0,140521.0,139262.0,136140.0,144310.0,,https://maps.roads.maryland.gov/itms_public/?stationid=B3129,-76.90948895552555,38.81023956761363,B,True,False,pg_dc_route;pg_dc_spatial,True,131331.0,130152.0,140521.0,139262.0,136140.0,144310.0,7.0,1.0,5.0,6.58,63.99,1563,24033801904,24033,Census Tract 8019.04,reject_not_near_tract_boundary,592.9869144175079
S2012150940,Montgomery,Charles St                              ,MU,660.0,0.14,0.0,0.16,Charles St - Between Baltimore Rd & Seth Pl,Park Rd To Baltimore Rd,Urban,7.0,Local,1.0,South,2.0,F,10.94,54.64,37.73,62.27,495.0,790.0,535.0,840.0,791.0,871.0,,https://maps.roads.maryland.gov/itms_public/?stationid=S2012150940,-77.13890220488567,39.08495559669021,S,True,False,montgomery_dc_spatial,True,495.0,790.0,535.0,840.0,791.0,871.0,2.0,1.0,660.0,10.94,54.64,1381,24031700902,24031,Census Tract 7009.02,reject_not_near_tract_boundary,228.75570734348534
B3100,Prince George's,Rhode Island Ave,US,1.0,0.2,0.0,0.48,Us1-.20 Mi N Of Wash Dc Line,Washington Dc/l To Md 208,Urban,3.0,Principal Arterial Other,1.0,North,4.0,C,9.15,74.37,53.94,46.06,21721.0,21532.0,23241.0,23042.0,19530.0,20700.0,663.0,https://maps.roads.maryland.gov/itms_public/?stationid=B3100,-76.96025745940322,38.936673361645504,B,True,False,pg_dc_route;pg_dc_spatial;pg_montgomery_spatial,True,21721.0,21532.0,23241.0,23042.0,19530.0,20700.0,4.0,1.0,1.0,9.15,74.37,1518,24033804700,24033,Census Tract 8047,reject_not_near_tract_boundary,269.62851458959034
S2012150778,Montgomery,Glenallan Ave,CO,1114.0,0.12,0.0,0.27,Glenallan Ave - .10 Mile East Of Md 97,Md 97 To Md 182,Urban,6.0,Minor Collector,1.0,West,4.0,F,9.99,52.42,50.52,49.48,11005.0,10930.0,11675.0,11590.0,11061.0,12021.0,,https://maps.roads.maryland.gov/itms_public/?stationid=S2012150778,-77.05295119907512,39.064028739383815,S,True,False,montgomery_dc_spatial;pg_montgomery_spatial,True,11005.0,10930.0,11675.0,11590.0,11061.0,12021.0,4.0,1.0,1114.0,9.99,52.42,351,24031703206,24031,Census Tract 7032.06,reject_not_near_tract_boundary,181.65062798846387
B3216,Prince George's,Riggs Rd,MD,212.0,4.65,3.83,5.41,Md212-.20 Mi S Of Is495,Adelphi Rd To Powder Mill Rd,Urban,4.0,Minor Arterial,1.0,North,2.0,F,8.85,54.76,51.64,48.36,17370.0,17211.0,18590.0,18421.0,17212.0,18252.0,354.0,https://maps.roads.maryland.gov/itms_public/?stationid=B3216,-76.96456887779526,39.0158570191128,B,True,False,pg_dc_route;pg_montgomery_route;pg_dc_spatial;pg_montgomery_spatial,True,17370.0,17211.0,18590.0,18421.0,17212.0,18252.0,2.0,1.0,212.0,8.85,54.76,180,24033807305,24033,Census Tract 8073.05,reject_not_near_tract_boundary,339.53294467646225
B3165,Prince George's,Greenbelt Rd,MD,193.0,6.68,6.41,6.88,Md193-.20 Mi W Of Md295,Is 95 To Md 295,Urban,3.0,Principal Arterial Other,1.0,East,6.0,F,8.32,56.67,49.23,50.77,50942.0,47480.0,54512.0,50800.0,47481.0,50331.0,814.0,https://maps.roads.maryland.gov/itms_public/?stationid=B3165,-76.88465044988473,38.99548213469844,B,True,False,pg_montgomery_route;pg_dc_spatial;pg_montgomery_spatial,True,50942.0,47480.0,54512.0,50800.0,47481.0,50331.0,6.0,1.0,193.0,8.32,56.67,303,24033806708,24033,Census Tract 8067.08,reject_not_near_tract_boundary,226.91856184378457
S2012161205,Prince George's,Iverson St,CO,5466.0,1.29,0.54,1.39,Iverson St - .10 Mi West Of Md 5,Co 1084 23rd Pkwy To Md 5 Branch Ave,Urban,4.0,Minor Arterial,1.0,East,4.0,F,7.4,50.11,50.81,49.19,16525.0,17520.0,17685.0,18750.0,17521.0,18571.0,,https://maps.roads.maryland.gov/itms_public/?stationid=S2012161205,-76.94825752129282,38.8387076747773,S,True,False,pg_dc_spatial,True,16525.0,17520.0,17685.0,18750.0,17521.0,18571.0,4.0,1.0,5466.0,7.4,50.11,1581,24033801802,24033,Census Tract 8018.02,reject_not_near_tract_boundary,185.71380070879385
B3276,Prince George's,Annapolis Rd,MD,450.0,0.1,0.0,0.27,Md450-.10 Mi E Of Us1al,Us 1al To Md 201,Urban,4.0,Minor Arterial,1.0,West,4.0,F,6.99,66.84,50.28,49.72,37905.0,44920.0,40565.0,48060.0,44921.0,47621.0,1695.0,https://maps.roads.maryland.gov/itms_public/?stationid=B3276,-76.93998328024628,38.93913112982849,B,True,False,pg_dc_route;pg_dc_spatial;pg_montgomery_spatial,True,37905.0,44920.0,40565.0,48060.0,44921.0,47621.0,4.0,1.0,450.0,6.99,66.84,1488,24033804002,24033,Census Tract 8040.02,reject_not_near_tract_boundary,248.71426745711562
S2012161195,Prince George's,Old Marlboro Pike,CO,4024.0,0.07,0.0,2.75,Old Marlboro Pike - .10 Mi East Of Md 223,Mellwood Rd To Ritchie Marlboro Rd,Urban,5.0,Major Collector,1.0,East,2.0,F,9.26,76.61,58.04,41.96,6015.0,5750.0,6385.0,6100.0,5751.0,6331.0,,https://maps.roads.maryland.gov/itms_public/?stationid=S2012161195,-76.8237169363404,38.81547745017416,S,True,False,pg_dc_spatial,True,6015.0,5750.0,6385.0,6100.0,5751.0,6331.0,2.0,1.0,4024.0,9.26,76.61,1499,24033800701,24033,Census Tract 8007.01,reject_not_near_tract_boundary,224.37173230902636
S2013160346,Prince George's,Sellman Rd,CO,6701.0,0.58,0.48,1.737,Sellman Rd - .10 Mile West Of Montgomery Rd,Montgomery Rd To Cherry Hill Rd,Urban,5.0,Major Collector,1.0,East,2.0,C,9.02,51.81,49.83,50.17,5514.0,5465.0,5854.0,5795.0,5510.0,6060.0,,https://maps.roads.maryland.gov/itms_public/?stationid=S2013160346,-76.92303809493725,39.03471800984629,S,True,False,pg_dc_spatial;pg_montgomery_spatial,True,5514.0,5465.0,5854.0,5795.0,5510.0,6060.0,2.0,1.0,6701.0,9.02,51.81,181,24033807405,24033,Census Tract 8074.05,reject_not_near_tract_boundary,821.7059024075928
S2012161168,Prince George's,Marlboro Pike,CO,3050.0,1.7,0.0,2.04,Marlboro Pike - .10 Mi East Of Md 223,Dower House Rd To William Beanes Rd,Urban,7.0,Local,1.0,West,2.0,F,8.22,84.85,47.52,52.48,10235.0,11120.0,10855.0,11790.0,11251.0,11931.0,,https://maps.roads.maryland.gov/itms_public/?stationid=S2012161168,-76.82168629643726,38.81079874240846,S,True,False,pg_dc_spatial,True,10235.0,11120.0,10855.0,11790.0,11251.0,11931.0,2.0,1.0,3050.0,8.22,84.85,455,24033800707,24033,Census Tract 8007.07,reject_not_near_tract_boundary,187.41881159393228
B3119,Prince George's,Pennsylvania Ave,MD,4.0,9.1,9.07,9.37,Md4-between Is95 & Old Marlboro Pike/westphalia Rd,Old Marlboro Pike/westphalia Rd To Is 95,Urban,2.0,Principal Arterial Other Freeways and Expressways,1.0,South,5.0,F,6.52,54.36,50.83,49.17,62142.0,65550.0,66492.0,70140.0,65551.0,69481.0,4956.0,https://maps.roads.maryland.gov/itms_public/?stationid=B3119,-76.8625095239567,38.837935780454686,B,True,False,pg_dc_route;pg_dc_spatial,True,62142.0,65550.0,66492.0,70140.0,65551.0,69481.0,5.0,1.0,4.0,6.52,54.36,1557,24033802201,24033,Census Tract 8022.01,reject_not_near_tract_boundary,438.66087931581285
S2012150894,Montgomery,Leland St,CO,6133.0,0.07,0.0,0.23,Leland St - .10 Mi North Of Md 191,Md 191 To Woodmont Ave,Urban,6.0,Minor Collector,1.0,North,2.0,C,9.68,88.08,77.56,22.44,1664.0,1655.0,1764.0,1755.0,2330.0,2560.0,,https://maps.roads.maryland.gov/itms_public/?stationid=S2012150894,-77.09624236458133,38.97914527390361,S,True,False,montgomery_dc_spatial;pg_montgomery_spatial,True,1664.0,1655.0,1764.0,1755.0,2330.0,2560.0,2.0,1.0,6133.0,9.68,88.08,1336,24031704803,24031,Census Tract 7048.03,reject_not_near_tract_boundary,198.1662659463153
B2884,Montgomery,Dale Dr,CO,7074.0,0.82,0.0,0.92,Dale Dr-.10 Mi W Of Us29,Columbia Blvd To Us 29,Urban,4.0,Minor Arterial,1.0,West,2.0,F,8.69,61.12,50.02,49.98,7922.0,7853.0,8482.0,8403.0,7854.0,8334.0,,https://maps.roads.maryland.gov/itms_public/?stationid=B2884,-77.02451965328339,39.00597150756326,B,True,False,montgomery_dc_spatial;pg_montgomery_spatial,True,7922.0,7853.0,8482.0,8403.0,7854.0,8334.0,2.0,1.0,7074.0,8.69,61.12,344,24031702900,24031,Census Tract 7029,reject_not_near_tract_boundary,380.0111979948159
S2017150258,Montgomery,Deborah Dr,CO,2996.0,0.1,0.0,1.29,Deborah Dr - .10 Mile South Of Gainsborough Rd,Gainsborough Rd To Bells Mill Rd,Urban,6.0,Minor Collector,1.0,North,2.0,F,10.57,70.73,57.55,42.45,370.0,371.0,390.0,391.0,372.0,412.0,,https://maps.roads.maryland.gov/itms_public/?stationid=S2017150258,-77.16691523097641,39.04510177584154,S,True,False,montgomery_dc_spatial,True,370.0,371.0,390.0,391.0,372.0,412.0,2.0,1.0,2996.0,10.57,70.73,555,24031701206,24031,Census Tract 7012.06,reject_not_near_tract_boundary,402.1965265736778
S2013160345,Prince George's,Jericho Park Rd,CO,4457.0,0.08,0.0,0.58,Jericho Park Rd - .10 Mile North Of Race Track Rd,Race Track Rd To Jerico Park Rd,Urban,5.0,Major Collector,1.0,South,2.0,C,9.81,72.31,54.08,45.92,6054.0,6005.0,6424.0,6375.0,4940.0,5430.0,,https://maps.roads.maryland.gov/itms_public/?stationid=S2013160345,-76.75495343369184,39.01346308846677,S,True,False,pg_dc_spatial,True,6054.0,6005.0,6424.0,6375.0,4940.0,5430.0,2.0,1.0,4457.0,9.81,72.31,447,24033800410,24033,Census Tract 8004.10,reject_not_near_tract_boundary,671.5360338063114
B160084,Prince George's,Fort Meade Rd,MD,198.0,3.73,3.53,3.93,Md198-.20 Mi W Of Md197,Second St (us 1 Nb) To Md 197,Urban,3.0,Principal Arterial Other,1.0,East,6.0,F,8.06,52.19,50.94,49.06,44550.0,44151.0,47670.0,47241.0,44152.0,46802.0,1095.0,https://maps.roads.maryland.gov/itms_public/?stationid=B160084,-76.84554735779385,39.09652286873465,B,True,False,pg_montgomery_route;pg_montgomery_spatial,True,44550.0,44151.0,47670.0,47241.0,44152.0,46802.0,6.0,1.0,198.0,8.06,52.19,1520,24033800103,24033,Census Tract 8001.03,reject_not_near_tract_boundary,188.2185391029632
T0013,Prince George's,Intercounty Connector,MD,200.0,2.02,1.4,2.965,Md 200 - Between Is 95 & Us 1,I 95 To Us 1,Urban,2.0,Principal Arterial Other Freeways and Expressways,1.0,East,4.0,C,13.0,54.0,50.0,50.0,10069.0,10760.0,11811.0,12600.0,11550.0,13476.0,,https://maps.roads.maryland.gov/itms_public/?stationid=T0013,-76.89775906805754,39.06722872400066,T,True,False,pg_montgomery_route;pg_dc_spatial;pg_montgomery_spatial,True,10069.0,10760.0,11811.0,12600.0,11550.0,13476.0,4.0,1.0,200.0,13.0,54.0,1566,24033807408,24033,Census Tract 8074.08,reject_not_near_tract_boundary,757.4344874250105
S2010160013,Prince George's,Old Soper Rd,OP,18.0,0.05,0.0,0.11,Old Soper Rd - .05 Mile North Of Auth Rd/capital Gateway Dr,Co 127 Auth Rd To Entrance To Metro,Urban,7.0,Local,1.0,South,3.0,F,9.71,56.34,51.95,48.05,7661.0,7592.0,8121.0,8052.0,7593.0,8353.0,,https://maps.roads.maryland.gov/itms_public/?stationid=S2010160013,-76.91247500314064,38.824715037465744,S,True,False,pg_dc_spatial,True,7661.0,7592.0,8121.0,8052.0,7593.0,8353.0,3.0,1.0,18.0,9.71,56.34,1519,24033801905,24033,Census Tract 8019.05,reject_not_near_tract_boundary,647.1583390917934
B160132,Prince George's,Contee Rd,CO,6.0,2.09,1.818,2.19,Contee Rd-.10 Mi E Of Van Dusen Rd,Bell Chase Blvd To Van Dusen Rd,Urban,5.0,Major Collector,1.0,East,2.0,F,8.05,59.91,51.61,48.39,11880.0,11771.0,12590.0,12481.0,11772.0,12952.0,,https://maps.roads.maryland.gov/itms_public/?stationid=B160132,-76.88261373557367,39.08239468742978,B,True,False,pg_montgomery_spatial,True,11880.0,11771.0,12590.0,12481.0,11772.0,12952.0,2.0,1.0,6.0,8.05,59.91,848,24033800212,24033,Census Tract 8002.12,reject_not_near_tract_boundary,584.0656955004347
B3102,Prince George's,Baltimore Ave,US,1.0,1.92,1.82,2.61,Us1-.10 Mi N Of Us1al,Us 1al To Md 410,Urban,3.0,Principal Arterial Other,1.0,North,4.0,C,7.11,59.8,51.58,48.42,31851.0,31562.0,34081.0,33772.0,30680.0,32520.0,,https://maps.roads.maryland.gov/itms_public/?stationid=B3102,-76.94033946495139,38.95455780669944,B,True,False,pg_dc_route;pg_dc_spatial;pg_montgomery_spatial,True,31851.0,31562.0,34081.0,33772.0,30680.0,32520.0,4.0,1.0,1.0,7.11,59.8,1559,24033806300,24033,Census Tract 8063,reject_not_near_tract_boundary,216.07415899693515
B150018,Montgomery,Glen Rd,CO,195.0,1.21,0.0,1.49,Glen Rd-.10 Mi W Of Beekman Pl,Md 189 To S. Glen Rd,Urban,5.0,Major Collector,1.0,East,2.0,F,10.24,79.6,50.39,49.61,4092.0,3550.0,4342.0,3760.0,3551.0,3911.0,126.0,https://maps.roads.maryland.gov/itms_public/?stationid=B150018,-77.21329412260813,39.04779225823144,B,True,False,montgomery_dc_spatial,True,4092.0,3550.0,4342.0,3760.0,3551.0,3911.0,2.0,1.0,195.0,10.24,79.6,597,24031706007,24031,Census Tract 7060.07,reject_not_near_tract_boundary,1494.0141171229254
S2012161008,Prince George's,Cherry La,CO,7.0,1.7,1.53,2.27,Cherry La - .10 Mi East Of Us 1,Contee Rd To Laurel Bowie Rd,Urban,4.0,Minor Arterial,1.0,East,6.0,F,8.17,50.43,50.6,49.4,21095.0,20840.0,22575.0,22300.0,21721.0,22091.0,,https://maps.roads.maryland.gov/itms_public/?stationid=S2012161008,-76.85530697933234,39.08967625648331,S,True,False,pg_montgomery_spatial,True,21095.0,20840.0,22575.0,22300.0,21721.0,22091.0,6.0,1.0,7.0,8.17,50.43,446,24033800213,24033,Census Tract 8002.13,reject_not_near_tract_boundary,277.4986521940673
B3180,Prince George's,Kenilworth Ave,MD,201.0,2.32,2.12,2.87,Md201-.20 Mi N Of Md450,Md 450 To Decatur St,Urban,3.0,Principal Arterial Other,1.0,North,5.0,F,7.7,54.08,53.1,46.9,24201.0,22170.0,25901.0,23720.0,22171.0,23501.0,2403.0,https://maps.roads.maryland.gov/itms_public/?stationid=B3180,-76.93558568197746,38.94189483842409,B,True,False,pg_dc_route;pg_dc_spatial;pg_montgomery_spatial,True,24201.0,22170.0,25901.0,23720.0,22171.0,23501.0,5.0,1.0,201.0,7.7,54.08,1488,24033804002,24033,Census Tract 8040.02,reject_not_near_tract_boundary,207.2391356687585
S2012161117,Prince George's,Emerson St                              ,CO,484.0,0.13,0.0,0.58,Emerson St - Between Edmonston Rd & 53rd Pl,Kenilworth Ave To Emerson St (ahead),Urban,5.0,Major Collector,1.0,North,2.0,F,7.97,64.92,54.65,45.35,3245.0,3380.0,3445.0,3580.0,3381.0,3721.0,,https://maps.roads.maryland.gov/itms_public/?stationid=S2012161117,-76.92593126483682,38.94865107508903,S,True,False,pg_dc_spatial;pg_montgomery_spatial,True,3245.0,3380.0,3445.0,3580.0,3381.0,3721.0,2.0,1.0,484.0,7.97,64.92,514,24033803900,24033,Census Tract 8039,reject_not_near_tract_boundary,188.28728367776708
B2977,Montgomery,Bradley Blvd                            ,CO,7070.0,0.32,0.0,0.52,Bradley Blvd-.20 Mi S Of Md190,Persimmon Tree Rd To Md 190,Urban,4.0,Minor Arterial,1.0,North,2.0,F,9.56,55.19,52.8,47.2,6540.0,6481.0,7000.0,6941.0,6482.0,6872.0,307.0,https://maps.roads.maryland.gov/itms_public/?stationid=B2977,-77.18396900463699,39.000513610888845,B,True,False,montgomery_dc_spatial,True,6540.0,6481.0,7000.0,6941.0,6482.0,6872.0,2.0,1.0,7070.0,9.56,55.19,1389,24031706009,24031,Census Tract 7060.09,reject_not_near_tract_boundary,279.8324677544642
B160127,Prince George's,Dunwood Valley Dr,MU,585.0,1.58,0.89,1.63,Dunwood Valley Dr-.05 Mi E Of Church Rd,Dunwood Valley Dr (back) To Church Rd,Urban,7.0,Local,1.0,East,2.0,F,8.48,60.0,49.93,50.07,1362.0,1353.0,1442.0,1433.0,1354.0,1494.0,,https://maps.roads.maryland.gov/itms_public/?stationid=B160127,-76.76291783411878,38.935389037873335,B,True,False,pg_dc_spatial,True,1362.0,1353.0,1442.0,1433.0,1354.0,1494.0,2.0,1.0,585.0,8.48,60.0,449,24033800518,24033,Census Tract 8005.18,reject_not_near_tract_boundary,1146.849990101303
S2012150905,Montgomery,Persimmon Tree La,CO,7069.0,0.08,0.0,0.59,Persimmon Tree La - Between Persimmon Tree Rd & Comanche Ct,Persimmon Tree Rd To Persimmon Tree Rd,Urban,6.0,Minor Collector,1.0,South,2.0,F,10.98,58.64,51.95,48.05,1415.0,1350.0,1505.0,1430.0,1351.0,1491.0,,https://maps.roads.maryland.gov/itms_public/?stationid=S2012150905,-77.17245689125174,38.98326254040346,S,True,False,montgomery_dc_spatial,True,1415.0,1350.0,1505.0,1430.0,1351.0,1491.0,2.0,1.0,7069.0,10.98,58.64,1389,24031706009,24031,Census Tract 7060.09,reject_not_near_tract_boundary,183.35121054748603
S2012150833,Montgomery,Westlake Dr                             ,CO,3439.0,0.21,0.0,0.46,Westlake Dr - .10 Mi North Of Democracy Blvd,Bells Mill Rd To Westlake Terr,Urban,5.0,Major Collector,1.0,South,3.0,F,8.01,50.94,46.8,53.2,17425.0,15390.0,18475.0,16310.0,15391.0,16931.0,,https://maps.roads.maryland.gov/itms_public/?stationid=S2012150833,-77.14963678507,39.02396249887137,S,True,False,montgomery_dc_spatial,True,17425.0,15390.0,18475.0,16310.0,15391.0,16931.0,3.0,1.0,3439.0,8.01,50.94,1329,24031706012,24031,Census Tract 7060.12,reject_not_near_tract_boundary,333.640824191689
B3139,Prince George's,John Hanson Hwy,US,50.0,4.93,4.1,5.04,Us50-.40 Mi W Of Is95,Md 410 To Is 595,Urban,2.0,Principal Arterial Other Freeways and Expressways,1.0,East,6.0,F,7.22,69.24,54.79,45.21,114310.0,113281.0,122310.0,121211.0,113282.0,120082.0,9365.0,https://maps.roads.maryland.gov/itms_public/?stationid=B3139,-76.86549492747976,38.94479228366127,B,True,False,pg_dc_route;pg_dc_spatial;pg_montgomery_spatial,True,114310.0,113281.0,122310.0,121211.0,113282.0,120082.0,6.0,1.0,50.0,7.22,69.24,483,24033803602,24033,Census Tract 8036.02,reject_not_near_tract_boundary,589.7276313251697
S2012150827,Montgomery,Lyttonsville Pl,CO,3338.0,0.08,0.0,0.175,Lyttonsville Pl - .10 Mo North Of Lyttonsville Rd,Lyttonsville Rd To Brookville Rd,Urban,5.0,Major Collector,1.0,North,3.0,F,9.08,54.3,52.63,47.37,9565.0,9485.0,10145.0,10055.0,9495.0,10455.0,,https://maps.roads.maryland.gov/itms_public/?stationid=S2012150827,-77.05327031929158,38.99973173713968,S,True,False,montgomery_dc_spatial;pg_montgomery_spatial,True,9565.0,9485.0,10145.0,10055.0,9495.0,10455.0,3.0,1.0,3338.0,9.08,54.3,342,24031702700,24031,Census Tract 7027,reject_not_near_tract_boundary,600.1596257224651
S2012150967,Montgomery,Piccard Dr,MU,2405.0,0.13,0.0,1.382,Piccard Dr - .10 Mi North Of W Gude Dr,W Gude Dr To Grand Champion Dr,Urban,7.0,Local,1.0,South,2.0,F,12.42,76.79,38.2,61.8,5285.0,5110.0,5605.0,5420.0,5111.0,5621.0,,https://maps.roads.maryland.gov/itms_public/?stationid=S2012150967,-77.17811333555915,39.10354113592681,S,True,False,montgomery_dc_spatial,True,5285.0,5110.0,5605.0,5420.0,5111.0,5621.0,2.0,1.0,2405.0,12.42,76.79,1404,24031701211,24031,Census Tract 7012.11,reject_not_near_tract_boundary,179.6222993877665
S2012150884,Montgomery,Omega Dr,CO,5319.0,0.09,0.0,0.56,Omega Dr - .10 Mi North Of Md 28,Key West Ave To Washingtonian Blvd,Urban,5.0,Major Collector,1.0,North,4.0,F,11.89,72.35,47.76,52.24,10125.0,10370.0,10735.0,10990.0,10371.0,11411.0,,https://maps.roads.maryland.gov/itms_public/?stationid=S2012150884,-77.1957579967591,39.10661213107662,S,True,False,montgomery_dc_spatial,True,10125.0,10370.0,10735.0,10990.0,10371.0,11411.0,4.0,1.0,5319.0,11.89,72.35,363,24031700817,24031,Census Tract 7008.17,reject_not_near_tract_boundary,475.3679444518539
S2012161027,Prince George's,Prospect Hill Rd,CO,56.0,0.91,0.0,0.98,Prospect Hill Rd - .10 Mi East Of Md 193,Hillmeade Rd To Md 193,Urban,6.0,Minor Collector,1.0,West,3.0,F,9.16,71.6,47.14,52.86,6905.0,7240.0,7325.0,7670.0,7241.0,7971.0,,https://maps.roads.maryland.gov/itms_public/?stationid=S2012161027,-76.80764615945083,38.98331053017579,S,True,False,pg_dc_spatial;pg_montgomery_spatial,True,6905.0,7240.0,7325.0,7670.0,7241.0,7971.0,3.0,1.0,56.0,9.16,71.6,1524,24033800408,24033,Census Tract 8004.08,reject_not_near_tract_boundary,788.9168462653118
S2012150970,Montgomery,Research Blvd,MU,2540.0,0.74,0.7,1.29,Research Blvd - .10 Mi North Of W Gude Dr,W Gude Dr To Research Blvd (ahead),Urban,5.0,Major Collector,1.0,South,4.0,F,11.49,55.44,49.67,50.33,9875.0,9330.0,10475.0,9890.0,9331.0,10261.0,,https://maps.roads.maryland.gov/itms_public/?stationid=S2012150970,-77.18227114922414,39.100651277206055,S,True,False,montgomery_dc_spatial,True,9875.0,9330.0,10475.0,9890.0,9331.0,10261.0,4.0,1.0,2540.0,11.49,55.44,895,24031701007,24031,Census Tract 7010.07,reject_not_near_tract_boundary,279.943766555986
S2012150907,Montgomery,Old Georgetown Rd,CO,7220.0,0.38,0.28,0.58,Old Georgetown Rd - .10 Mi East Of Md 355,Md 355 To Nebel St,Urban,5.0,Major Collector,1.0,East,3.0,F,8.0,57.8,48.04,51.96,9285.0,9230.0,9845.0,9780.0,9231.0,10151.0,,https://maps.roads.maryland.gov/itms_public/?stationid=S2012150907,-77.11240407972376,39.049784789131046,S,True,False,montgomery_dc_spatial;pg_montgomery_spatial,True,9285.0,9230.0,9845.0,9780.0,9231.0,10151.0,3.0,1.0,7220.0,8.0,57.8,1045,24031701216,24031,Census Tract 7012.16,reject_not_near_tract_boundary,394.8421132512507
B160036,Prince George's,Muirkirk Meadows Dr,CO,2737.0,0.55,0.4,0.655,Muirkirk Meadows Dr- Between Us1 & Kiln Ct,Muirkirk Rd To Us 1,Urban,6.0,Minor Collector,1.0,South,4.0,F,7.64,58.89,45.68,54.32,5260.0,5211.0,5580.0,5521.0,5212.0,5732.0,366.0,https://maps.roads.maryland.gov/itms_public/?stationid=B160036,-76.88841300123146,39.06158154459264,B,True,False,pg_dc_spatial;pg_montgomery_spatial,True,5260.0,5211.0,5580.0,5521.0,5212.0,5732.0,4.0,1.0,2737.0,7.64,58.89,1566,24033807408,24033,Census Tract 8074.08,reject_not_near_tract_boundary,298.21708284316566
S2012161266,Prince George's,Clagett Rd,MU,40.0,0.07,0.0,0.62,Clagett Rd - .10 Mi North Of Queens Chapel Rd,Queens Chapel Rd To Eversfield Dr,Urban,5.0,Major Collector,1.0,South,2.0,F,9.97,53.03,41.24,58.76,585.0,600.0,625.0,640.0,601.0,661.0,,https://maps.roads.maryland.gov/itms_public/?stationid=S2012161266,-76.94048227372538,38.97262651454256,S,True,False,pg_dc_spatial;pg_montgomery_spatial,True,585.0,600.0,625.0,640.0,601.0,661.0,2.0,1.0,40.0,9.97,53.03,1547,24033806400,24033,Census Tract 8064,reject_not_near_tract_boundary,217.5445667085783
B160037,Prince George's,Auth Way,CO,3584.0,0.1,0.0,1.004,Auth Way-.10 Mi N Of Md5,Md 5 To Capital Gateway Dr (ahead),Urban,5.0,Major Collector,1.0,South,3.0,F,8.98,67.67,37.16,62.84,13830.0,13711.0,14660.0,14531.0,13712.0,15082.0,424.0,https://maps.roads.maryland.gov/itms_public/?stationid=B160037,-76.9231223560126,38.8264545354391,B,True,False,pg_dc_spatial,True,13830.0,13711.0,14660.0,14531.0,13712.0,15082.0,3.0,1.0,3584.0,8.98,67.67,1519,24033801905,24033,Census Tract 8019.05,reject_not_near_tract_boundary,327.75092060152366
S2012150932,Montgomery,Plyers Mill Rd,MU,300.0,1.8,1.5,1.84,Plyers Mill Rd - Between Md 192 & Nash Pl,Plyers Mill Rd (back) To Concord St,Urban,4.0,Minor Arterial,1.0,North,3.0,F,9.83,62.75,50.78,49.22,6985.0,6900.0,7475.0,7380.0,6901.0,7321.0,,https://maps.roads.maryland.gov/itms_public/?stationid=S2012150932,-77.07404123356295,39.029758511018095,S,True,False,montgomery_dc_spatial;pg_montgomery_spatial,True,6985.0,6900.0,7475.0,7380.0,6901.0,7321.0,3.0,1.0,300.0,9.83,62.75,557,24031704200,24031,Census Tract 7042,reject_not_near_tract_boundary,312.98146724032796
S2012150649,Montgomery,Notley Rd,CO,78.0,0.15,0.0,1.31,Notley Rd - .10 Mile West Of Md 650,New Hampshire Ave To Bonifant Rd,Urban,5.0,Major Collector,1.0,East,2.0,F,8.79,58.35,49.48,50.52,4895.0,4910.0,5195.0,5210.0,4911.0,5401.0,,https://maps.roads.maryland.gov/itms_public/?stationid=S2012150649,-77.00388037543881,39.08111752625032,S,True,False,montgomery_dc_spatial;pg_montgomery_spatial,True,4895.0,4910.0,5195.0,5210.0,4911.0,5401.0,2.0,1.0,78.0,8.79,58.35,1399,24031701507,24031,Census Tract 7015.07,reject_not_near_tract_boundary,226.2073131900159
B2854,Montgomery,Piney Branch Rd,MD,320.0,0.28,0.0,0.39,Md320-.10 Mi S Of Md410,Washington Dc/l To Md 410,Urban,4.0,Minor Arterial,1.0,North,3.0,F,8.85,61.37,49.68,50.32,14061.0,13932.0,15051.0,14912.0,13933.0,14773.0,,https://maps.roads.maryland.gov/itms_public/?stationid=B2854,-77.01594608819431,38.98163270532689,B,True,False,montgomery_dc_spatial;pg_montgomery_spatial,True,14061.0,13932.0,15051.0,14912.0,13933.0,14773.0,3.0,1.0,320.0,8.85,61.37,605,24031701800,24031,Census Tract 7018,reject_not_near_tract_boundary,382.09095061814276
B150056,Montgomery,Georgia Ave,US,29.0,0.72,0.18,0.82,Us 29-.10 Mi S Of Md97/md384,Md 410 To Md 97/md 384,Urban,3.0,Principal Arterial Other,1.0,North,6.0,C,7.35,55.88,51.64,48.36,35651.0,35332.0,38151.0,37812.0,38150.0,40440.0,,https://maps.roads.maryland.gov/itms_public/?stationid=B150056,-77.02702558192188,38.99501287786946,B,True,False,montgomery_dc_route;pg_montgomery_route;montgomery_dc_spatial;pg_montgomery_spatial,True,35651.0,35332.0,38151.0,37812.0,38150.0,40440.0,6.0,1.0,29.0,7.35,55.88,339,24031702500,24031,Census Tract 7025,reject_not_near_tract_boundary,229.6715012615609
S2012150642,Montgomery,Glen Rd                                 ,CO,53.0,0.61,0.0,0.94,Glen Rd - Between S Glen Rd & Piney Meetinghouse Rd,Glen Mill Rd To Piney Meetinghouse Rd,Urban,5.0,Major Collector,1.0,East,2.0,F,14.06,83.39,48.88,51.12,3985.0,3840.0,4225.0,4070.0,3841.0,4231.0,,https://maps.roads.maryland.gov/itms_public/?stationid=S2012150642,-77.22737445561029,39.04711871831098,S,True,False,montgomery_dc_spatial,True,3985.0,3840.0,4225.0,4070.0,3841.0,4231.0,2.0,1.0,53.0,14.06,83.39,597,24031706007,24031,Census Tract 7060.07,reject_not_near_tract_boundary,503.9457292892116
S2000160307,Prince George's,Powder Mill Rd,MD,212.0,1.6,1.452,1.952,Md 212a (powder Mill Rd) -.15 Mile East Of Us 1,Us 1 To Powder Mill Rd,Urban,4.0,Minor Arterial,1.0,East,2.0,F,7.67,60.02,53.59,46.41,19955.0,21200.0,21355.0,22680.0,21201.0,22471.0,,https://maps.roads.maryland.gov/itms_public/?stationid=S2000160307,-76.90490874143754,39.03450738551524,S,True,False,pg_dc_route;pg_montgomery_route;pg_dc_spatial;pg_montgomery_spatial,True,19955.0,21200.0,21355.0,22680.0,21201.0,22471.0,2.0,1.0,212.0,7.67,60.02,510,24033807404,24033,Census Tract 8074.04,reject_not_near_tract_boundary,552.2658022238692
B150080,Montgomery,Little Falls Pkwy,GV,33.0,0.79,0.0,1.54,Little Falls Pkwy-.20 Mi N Of Md190 (river Rd),Fairfax Rd To Md 396,Urban,5.0,Major Collector,1.0,South,3.0,F,9.4,54.56,46.86,53.14,16840.0,16691.0,17850.0,17691.0,16692.0,18362.0,192.0,https://maps.roads.maryland.gov/itms_public/?stationid=B150080,-77.10068732832015,38.96575544863302,B,True,False,montgomery_dc_spatial;pg_montgomery_spatial,True,16840.0,16691.0,17850.0,17691.0,16692.0,18362.0,3.0,1.0,33.0,9.4,54.56,743,24031705502,24031,Census Tract 7055.02,reject_not_near_tract_boundary,252.84423738938332
B160050,Prince George's,Queens Chapel Rd,MU,105.0,0.18,0.0,0.73,Queens Chapel Rd-.10 Mi N Of Sheridan St,Road End To Us 1,Urban,7.0,Local,1.0,South,2.0,F,16.48,59.15,50.15,49.85,953.0,944.0,1013.0,1004.0,945.0,1045.0,,https://maps.roads.maryland.gov/itms_public/?stationid=B160050,-76.94529193011336,38.968209570548936,B,True,False,pg_dc_spatial;pg_montgomery_spatial,True,953.0,944.0,1013.0,1004.0,945.0,1045.0,2.0,1.0,105.0,16.48,59.15,1547,24033806400,24033,Census Tract 8064,reject_not_near_tract_boundary,238.63571309964527
B3270,Prince George's,St Barnabas Rd,MD,414.0,2.48,2.179,3.719,Md414-.30 Mi E Of Is95,Is 95 To Temple Hill Rd,Urban,3.0,Principal Arterial Other,1.0,West,4.0,C,6.38,56.63,47.1,52.9,43151.0,42762.0,46171.0,45762.0,44030.0,46670.0,888.0,https://maps.roads.maryland.gov/itms_public/?stationid=B3270,-76.96691993687877,38.81204010057412,B,True,False,pg_dc_spatial,True,43151.0,42762.0,46171.0,45762.0,44030.0,46670.0,4.0,1.0,414.0,6.38,56.63,1508,24033801708,24033,Census Tract 8017.08,reject_not_near_tract_boundary,179.46186740092165
S2012150934,Montgomery,Ardennes Ave,MU,140.0,0.16,0.0,0.85,Ardennes Ave - .10 Mi South Of Md 586,Veirs Mill Rd To Ardennes Ave (ahead),Urban,6.0,Minor Collector,1.0,North,2.0,F,10.12,80.54,59.8,40.2,1295.0,1310.0,1375.0,1390.0,1311.0,1441.0,,https://maps.roads.maryland.gov/itms_public/?stationid=S2012150934,-77.12019503433395,39.0739460142109,S,True,False,montgomery_dc_spatial,True,1295.0,1310.0,1375.0,1390.0,1311.0,1441.0,2.0,1.0,140.0,10.12,80.54,1415,24031701102,24031,Census Tract 7011.02,reject_not_near_tract_boundary,236.62006492872717
B2829,Montgomery,Forest Glen Rd,MD,192.0,2.65,2.14,2.82,Md192-.20 Mi W Of Md97,Seminary Rd To Md 97,Urban,5.0,Major Collector,1.0,East,3.0,F,10.15,77.84,63.13,36.87,9452.0,9080.0,10022.0,9630.0,9191.0,9991.0,,https://maps.roads.maryland.gov/itms_public/?stationid=B2829,-77.0459681739601,39.015493123336334,B,True,False,montgomery_dc_spatial;pg_montgomery_spatial,True,9452.0,9080.0,10022.0,9630.0,9191.0,9991.0,3.0,1.0,192.0,10.15,77.84,1194,24031704000,24031,Census Tract 7040,reject_not_near_tract_boundary,230.08188376814672
S2017160040,Prince George's,Coventry Way,MD,5.0,0.18,0.13,0.23,Md 5l (coventry Way) - 250ft West Of Md 5,Md 5 To Coventry Way (ahead),Urban,4.0,Minor Arterial,1.0,South,4.0,F,6.33,59.01,57.73,42.27,20130.0,19951.0,21340.0,21151.0,19952.0,21952.0,392.0,https://maps.roads.maryland.gov/itms_public/?stationid=S2017160040,-76.8951658267667,38.78251742306554,S,True,False,pg_dc_route;pg_dc_spatial,True,20130.0,19951.0,21340.0,21151.0,19952.0,21952.0,4.0,1.0,5.0,6.33,59.01,881,24033801211,24033,Census Tract 8012.11,reject_not_near_tract_boundary,282.26166299481366
S2012150762,Montgomery,Fenton St,CO,629.0,0.14,0.0,1.074,Fenton St - Between Us 29 & Roeder Rd,Cameron St To Fenton St (ahead),Urban,5.0,Major Collector,1.0,East,3.0,F,8.22,57.04,51.86,48.14,11195.0,10570.0,11875.0,11200.0,10571.0,11631.0,,https://maps.roads.maryland.gov/itms_public/?stationid=S2012150762,-77.02649319447043,38.99742635485272,S,True,False,montgomery_dc_spatial;pg_montgomery_spatial,True,11195.0,10570.0,11875.0,11200.0,10571.0,11631.0,3.0,1.0,629.0,8.22,57.04,339,24031702500,24031,Census Tract 7025,reject_not_near_tract_boundary,176.73667243906533
B150088,Montgomery,Georgia Ave,MD,97.0,9.07,8.82,9.428,Md97-.25 Mi N Of Md28,Md 28 To Md 200,Urban,3.0,Principal Arterial Other,1.0,South,6.0,F,8.23,67.77,47.62,52.38,50532.0,46910.0,54072.0,50190.0,48881.0,49721.0,,https://maps.roads.maryland.gov/itms_public/?stationid=B150088,-77.07540660542118,39.1130899678034,B,True,False,montgomery_dc_route;montgomery_dc_spatial;pg_montgomery_spatial,True,50532.0,46910.0,54072.0,50190.0,48881.0,49721.0,6.0,1.0,97.0,8.23,67.77,1395,24031701308,24031,Census Tract 7013.08,reject_not_near_tract_boundary,224.12034588862923
S2012161154,Prince George's,23rd Pkwy                               ,CO,1712.0,0.05,0.0,0.18,23rd Pkwy - .05 Mi West Of Oxon Run Dr,Oxon Run Dr To Wash Dc Line,Urban,5.0,Major Collector,1.0,West,2.0,F,13.18,82.49,43.79,56.21,6695.0,6370.0,7105.0,6750.0,6371.0,7011.0,,https://maps.roads.maryland.gov/itms_public/?stationid=S2012161154,-76.96905370247819,38.843592751259024,S,True,False,pg_dc_spatial,True,6695.0,6370.0,7105.0,6750.0,6371.0,7011.0,2.0,1.0,1712.0,13.18,82.49,1503,24033801807,24033,Census Tract 8018.07,reject_not_near_tract_boundary,211.15492961894046
B2881,Montgomery,Seminary Rd,CO,7073.0,0.6,0.0,0.69,Seminary Rd-.50 Mi S Of Is495,Md 192 To Brookville Rd,Urban,4.0,Minor Arterial,1.0,North,2.0,F,10.6,51.79,49.82,50.18,7202.0,7143.0,7712.0,7643.0,7144.0,7574.0,250.0,https://maps.roads.maryland.gov/itms_public/?stationid=B2881,-77.04604885435073,39.010107521924986,B,True,False,montgomery_dc_spatial;pg_montgomery_spatial,True,7202.0,7143.0,7712.0,7643.0,7144.0,7574.0,2.0,1.0,7073.0,10.6,51.79,343,24031702800,24031,Census Tract 7028,reject_not_near_tract_boundary,367.80839424695415
S2012150660,Montgomery,Powder Mill Rd,CO,104.0,0.18,0.0,0.73,Powder Mill Rd - .10 Mile East Of Md 650,Ent To National Labor College To Prince Georges Co/l,Urban,4.0,Minor Arterial,1.0,West,4.0,F,7.94,73.36,40.2,59.8,12955.0,12960.0,13865.0,13870.0,12961.0,13741.0,,https://maps.roads.maryland.gov/itms_public/?stationid=S2012150660,-76.97552847068691,39.022921050477066,S,True,False,montgomery_dc_spatial;pg_montgomery_spatial,True,12955.0,12960.0,13865.0,13870.0,12961.0,13741.0,4.0,1.0,104.0,7.94,73.36,689,24031701509,24031,Census Tract 7015.09,reject_not_near_tract_boundary,190.0802367597031
S2012150828,Montgomery,Bauer Dr,CO,3377.0,0.93,0.0,2.03,Bauer Dr - .10 Mi West Of Md 28,Emory La To Arctic Ave,Urban,6.0,Minor Collector,1.0,East,2.0,F,9.11,57.28,49.28,50.72,9895.0,9560.0,10495.0,10130.0,9561.0,10521.0,,https://maps.roads.maryland.gov/itms_public/?stationid=S2012150828,-77.10925410573896,39.09447260512791,S,True,False,montgomery_dc_spatial;pg_montgomery_spatial,True,9895.0,9560.0,10495.0,10130.0,9561.0,10521.0,2.0,1.0,3377.0,9.11,57.28,1231,24031703202,24031,Census Tract 7032.02,reject_not_near_tract_boundary,185.3265466354047
B3112,Prince George's,Bladensburg Rd,US,1.0,0.2,0.0,0.47,Us1al-.20 Mi N Of Wash Dc Line,Washington Dc/l To Md 208,Urban,4.0,Minor Arterial,1.0,North,4.0,F,7.43,64.65,48.43,51.57,21131.0,20942.0,22611.0,22412.0,20943.0,22203.0,792.0,https://maps.roads.maryland.gov/itms_public/?stationid=B3112,-76.95481439821347,38.93266844028294,B,True,False,pg_dc_route;pg_dc_spatial;pg_montgomery_spatial,True,21131.0,20942.0,22611.0,22412.0,20943.0,22203.0,4.0,1.0,1.0,7.43,64.65,1516,24033804400,24033,Census Tract 8044,reject_not_near_tract_boundary,211.57755975734864
S2008160042,Prince George's,Linda La,MD,5.0,0.1,0.0,0.16,Md 5q (linda La) - .10 Mile South Of Md 5,Branch Ave To Linda La (ahead),Urban,7.0,Local,1.0,West,2.0,F,11.36,84.51,18.41,81.59,5823.0,5774.0,6173.0,6124.0,5775.0,6355.0,,https://maps.roads.maryland.gov/itms_public/?stationid=S2008160042,-76.91311844571743,38.812003057298405,S,True,False,pg_dc_route;pg_dc_spatial,True,5823.0,5774.0,6173.0,6124.0,5775.0,6355.0,2.0,1.0,5.0,11.36,84.51,1563,24033801904,24033,Census Tract 8019.04,reject_not_near_tract_boundary,221.98615851841865
B150073,Montgomery,Twinbrook Pkwy,MU,2970.0,0.82,0.0,0.91,Twinbrook Pkwy-.10 Mi N Of Md586,Baltimore Rd To Twinbrook Pkwy (ahead),Urban,4.0,Minor Arterial,1.0,South,2.0,F,8.92,64.01,49.73,50.27,9730.0,9641.0,10410.0,10321.0,9642.0,10222.0,,https://maps.roads.maryland.gov/itms_public/?stationid=B150073,-77.11130433250854,39.07491781058,B,True,False,montgomery_dc_spatial;pg_montgomery_spatial,True,9730.0,9641.0,10410.0,10321.0,9642.0,10222.0,2.0,1.0,2970.0,8.92,64.01,1188,24031701101,24031,Census Tract 7011.01,reject_not_near_tract_boundary,177.2481004106815
S2017160149,Prince George's,Konterra Dr,MD,206.0,2.41,2.13,3.17,Md 206 - .05 Mile North Of Sweitzer La,Is 95 To Old Gunpowder Rd,Urban,5.0,Major Collector,1.0,North,4.0,F,8.46,58.04,49.13,50.87,8120.0,8051.0,8610.0,8531.0,8052.0,8862.0,,https://maps.roads.maryland.gov/itms_public/?stationid=S2017160149,-76.9015812486745,39.08693357628971,S,True,False,pg_montgomery_spatial,True,8120.0,8051.0,8610.0,8531.0,8052.0,8862.0,4.0,1.0,206.0,8.46,58.04,1537,24033800203,24033,Census Tract 8002.03,reject_not_near_tract_boundary,304.47428791868043
P0089,Prince George's,Glenn Dale Rd,MD,953.0,1.01,0.91,3.53,Md 953 - .10 Mile North Of Atwell Ave (atr#89),Atwell Ave To Road End,Urban,5.0,Major Collector,1.0,South,3.0,F,8.98,63.52,49.6,50.4,6328.0,6230.0,6429.0,6334.0,5891.0,6017.0,103.0,https://maps.roads.maryland.gov/itms_public/?stationid=P0089,-76.81270063819476,38.95245599631463,P,True,False,pg_dc_route;pg_dc_spatial;pg_montgomery_spatial,True,6328.0,6230.0,6429.0,6334.0,5891.0,6017.0,3.0,1.0,953.0,8.98,63.52,474,24033803516,24033,Census Tract 8035.16,reject_not_near_tract_boundary,502.1944561898067
S2012150871,Montgomery,Shepherd St                             ,CO,4495.0,0.06,0.0,0.16,Shepherd St - Between Turner La & Brennon La,Turner La To Shepherd St (ahead),Urban,5.0,Major Collector,1.0,South,2.0,F,9.95,69.28,48.68,51.32,1625.0,1520.0,1725.0,1610.0,1521.0,1671.0,,https://maps.roads.maryland.gov/itms_public/?stationid=S2012150871,-77.06586242504063,38.97942341383608,S,True,False,montgomery_dc_spatial;pg_montgomery_spatial,True,1625.0,1520.0,1725.0,1610.0,1521.0,1671.0,2.0,1.0,4495.0,9.95,69.28,577,24031705200,24031,Census Tract 7052,reject_not_near_tract_boundary,245.7079594883133
S2012161028,Prince George's,Prospect Hill Rd,CO,56.0,1.03,0.98,1.52,Prospect Hill Rd - Between Md 193 & Old Prospect Hill Rd,Md 193 To Glenn Dale Rd,Urban,5.0,Major Collector,1.0,East,2.0,F,10.26,67.14,49.68,50.32,3275.0,3040.0,3475.0,3220.0,3041.0,3351.0,,https://maps.roads.maryland.gov/itms_public/?stationid=S2012161028,-76.80925653871793,38.98237488470514,S,True,False,pg_dc_spatial;pg_montgomery_spatial,True,3275.0,3040.0,3475.0,3220.0,3041.0,3351.0,2.0,1.0,56.0,10.26,67.14,1524,24033800408,24033,Census Tract 8004.08,reject_not_near_tract_boundary,796.0901029839935
S2013160559,Prince George's,Ritchie Station Ct,OP,5560.0,0.1,0.0,0.325,Ritchie Station Ct - .10 Mile South Of Walker Mill Rd,Walker Mill Rd To Road End,Urban,5.0,Major Collector,1.0,South,4.0,C,7.91,50.03,51.56,48.44,11234.0,11135.0,11914.0,11805.0,20980.0,23080.0,,https://maps.roads.maryland.gov/itms_public/?stationid=S2013160559,-76.85073942969323,38.86795443027224,S,True,False,pg_dc_spatial,True,11234.0,11135.0,11914.0,11805.0,20980.0,23080.0,4.0,1.0,5560.0,7.91,50.03,1505,24033802204,24033,Census Tract 8022.04,reject_not_near_tract_boundary,428.1399773322278
B150075,Montgomery,Clara Barton Pkwy,GV,6.0,0.2,0.0,1.67,Clara Barton Pkwy-.20 Mi S Of Macarthur Blvd,Macarthur Blvd To Is 495,Urban,2.0,Principal Arterial Other Freeways and Expressways,1.0,South,3.0,C,11.41,90.86,45.55,54.45,11541.0,11442.0,12351.0,12242.0,11330.0,12010.0,136.0,https://maps.roads.maryland.gov/itms_public/?stationid=B150075,-77.20372943638462,38.97720698544007,B,True,False,montgomery_dc_spatial,True,11541.0,11442.0,12351.0,12242.0,11330.0,12010.0,3.0,1.0,6.0,11.41,90.86,1391,24031706008,24031,Census Tract 7060.08,reject_not_near_tract_boundary,854.0073779043489
S2012161009,Prince George's,Virginia Manor Rd,MD,206.0,0.1,0.0,0.615,Md 206 (virginia Manor Rd) - .10 Mi North Of Md 212 (ritz Way),Md 212 To Md 200,Urban,5.0,Major Collector,1.0,South,5.0,F,9.46,64.93,50.04,49.96,10440.0,10351.0,11070.0,10971.0,10352.0,11392.0,,https://maps.roads.maryland.gov/itms_public/?stationid=S2012161009,-76.89219815778398,39.06058226978644,S,True,False,pg_dc_spatial;pg_montgomery_spatial,True,10440.0,10351.0,11070.0,10971.0,10352.0,11392.0,5.0,1.0,206.0,9.46,64.93,1566,24033807408,24033,Census Tract 8074.08,reject_not_near_tract_boundary,642.7415996649287
B160042,Prince George's,Ardwick Ardmore Rd,US,50.0,0.01,0.0,0.21,Us50pa-.20 Mi N Of Pennsy Dr (one Way),Garden City Dr (back) To Pennsy Dr,Urban,5.0,Major Collector,1.0,South,3.0,C,12.78,100.0,0.0,100.0,8711.0,8632.0,9231.0,9152.0,7970.0,8770.0,331.0,https://maps.roads.maryland.gov/itms_public/?stationid=B160042,-76.87236169532565,38.94528351018111,B,True,False,pg_dc_route;pg_dc_spatial;pg_montgomery_spatial,True,8711.0,8632.0,9231.0,9152.0,7970.0,8770.0,3.0,1.0,50.0,12.78,100.0,483,24033803602,24033,Census Tract 8036.02,reject_not_near_tract_boundary,206.98734578382795
S2012150957,Montgomery,Mannakee St                             ,MU,1900.0,0.03,0.0,0.14,Mannakee St - Between Md 28 & Mannakee Alley,W Montgomery Ave To Henderson Cir,Urban,6.0,Minor Collector,1.0,North,2.0,F,8.17,51.59,50.2,49.8,4495.0,4470.0,4775.0,4740.0,4471.0,4921.0,,https://maps.roads.maryland.gov/itms_public/?stationid=S2012150957,-77.16753818837144,39.08600152402263,S,True,False,montgomery_dc_spatial,True,4495.0,4470.0,4775.0,4740.0,4471.0,4921.0,2.0,1.0,1900.0,8.17,51.59,212,24031701005,24031,Census Tract 7010.05,reject_not_near_tract_boundary,227.4964460178183
S2002160122,Prince George's,Redskins Rd,CO,5801.0,0.3,0.0,0.41,Redskins Rd North Of Fedex Way,Brightseat Rd To Fedex Way,Urban,4.0,Minor Arterial,1.0,South,6.0,F,8.76,50.86,50.04,49.96,8945.0,9650.0,9575.0,10330.0,9651.0,10231.0,,https://maps.roads.maryland.gov/itms_public/?stationid=S2002160122,-76.86290636730988,38.91091636271683,S,True,False,pg_dc_spatial,True,8945.0,9650.0,9575.0,10330.0,9651.0,10231.0,6.0,1.0,5801.0,8.76,50.86,900,24033803525,24033,Census Tract 8035.25,reject_not_near_tract_boundary,378.03355223779243
S2012150857,Montgomery,Marinelli Rd,CO,4122.0,0.34,0.0,0.41,Marinelli Rd - .10 Mi East Of Md 355,Nebel St To Md 355,Urban,5.0,Major Collector,1.0,East,3.0,F,8.79,69.79,49.25,50.75,7095.0,6830.0,7525.0,7240.0,6831.0,7511.0,,https://maps.roads.maryland.gov/itms_public/?stationid=S2012150857,-77.111689796902,39.0474800701974,S,True,False,montgomery_dc_spatial;pg_montgomery_spatial,True,7095.0,6830.0,7525.0,7240.0,6831.0,7511.0,3.0,1.0,4122.0,8.79,69.79,1045,24031701216,24031,Census Tract 7012.16,reject_not_near_tract_boundary,293.51797412521125
B3299,Prince George's,Watkins Park Dr,MD,193.0,17.42,17.31,19.07,Md 193 Between Md 214 & Chesterton Dr,Md 214 To Oakgrove Rd,Urban,4.0,Minor Arterial,1.0,East,3.0,F,8.23,61.29,50.48,49.52,14845.0,17740.0,15885.0,18980.0,17741.0,18811.0,,https://maps.roads.maryland.gov/itms_public/?stationid=B3299,-76.79151943009545,38.898766260838656,B,True,False,pg_montgomery_route;pg_dc_spatial,True,14845.0,17740.0,15885.0,18980.0,17741.0,18811.0,3.0,1.0,193.0,8.23,61.29,1498,24033800509,24033,Census Tract 8005.09,reject_not_near_tract_boundary,192.8951578062631
B150021,Montgomery,Stoneybrook Dr,CO,533.0,0.1,0.0,0.76,Stoneybrook Dr-.10 Mi W Of Capitol View Ave,Md 192 To Forsythe Ave,Urban,5.0,Major Collector,1.0,West,2.0,F,9.56,81.68,50.3,49.7,3852.0,3700.0,4122.0,3960.0,3701.0,3921.0,125.0,https://maps.roads.maryland.gov/itms_public/?stationid=B150021,-77.06346962483916,39.02045747068699,B,True,False,montgomery_dc_spatial;pg_montgomery_spatial,True,3852.0,3700.0,4122.0,3960.0,3701.0,3921.0,2.0,1.0,533.0,9.56,81.68,1195,24031704100,24031,Census Tract 7041,reject_not_near_tract_boundary,247.2359592637784
S2012150805,Montgomery,Renn St                                 ,CO,1897.0,0.45,0.0,0.48,Renn St - Between Bauer Dr & Parkland Dr,Arctic Ave To Parkland Dr,Urban,7.0,Local,1.0,East,2.0,F,12.57,57.44,49.06,50.94,1925.0,1760.0,2045.0,1870.0,1761.0,1941.0,,https://maps.roads.maryland.gov/itms_public/?stationid=S2012150805,-77.08771534480039,39.080938920493466,S,True,False,montgomery_dc_spatial;pg_montgomery_spatial,True,1925.0,1760.0,2045.0,1870.0,1761.0,1941.0,2.0,1.0,1897.0,12.57,57.44,1410,24031703201,24031,Census Tract 7032.01,reject_not_near_tract_boundary,199.61158540335637
S2012150698,Montgomery,Seven Locks Rd,CO,148.0,5.48,4.69,5.56,Seven Locks Rd - Between Fontaine St & Postoak Rd,Tuckerman La To Postoak Rd,Urban,4.0,Minor Arterial,1.0,North,3.0,F,9.09,57.5,51.01,48.99,20845.0,19590.0,22305.0,20960.0,19591.0,20771.0,,https://maps.roads.maryland.gov/itms_public/?stationid=S2012150698,-77.16409877450714,39.05117457353835,S,True,False,montgomery_dc_spatial,True,20845.0,19590.0,22305.0,20960.0,19591.0,20771.0,3.0,1.0,148.0,9.09,57.5,555,24031701206,24031,Census Tract 7012.06,reject_not_near_tract_boundary,631.0293780366391
S2012150772,Montgomery,Lindale Dr                              ,CO,1009.0,0.52,0.0,0.56,Lindale Dr - Between Bradmoor Dr & Sonoma Rd,Melvern Dr To Bradmoor Dr,Urban,5.0,Major Collector,1.0,North,2.0,F,13.44,70.03,49.9,50.1,2655.0,2460.0,2815.0,2610.0,2461.0,2711.0,,https://maps.roads.maryland.gov/itms_public/?stationid=S2012150772,-77.12097025706794,39.00258167486652,S,True,False,montgomery_dc_spatial,True,2655.0,2460.0,2815.0,2610.0,2461.0,2711.0,2.0,1.0,1009.0,13.44,70.03,561,24031704503,24031,Census Tract 7045.03,reject_not_near_tract_boundary,176.29807996763492
B160023,Prince George's,Springfield Rd,CO,3641.0,0.1,0.0,3.43,Springfield Rd-.10 Mi N Of Md564,Md 564 To Powder Mill Rd,Urban,5.0,Major Collector,1.0,South,2.0,F,13.77,51.55,51.61,48.39,1780.0,1761.0,1910.0,1881.0,1762.0,1872.0,70.0,https://maps.roads.maryland.gov/itms_public/?stationid=B160023,-76.8022040109494,38.99825509714579,B,True,False,pg_dc_spatial;pg_montgomery_spatial,True,1780.0,1761.0,1910.0,1881.0,1762.0,1872.0,2.0,1.0,3641.0,13.77,51.55,448,24033800411,24033,Census Tract 8004.11,reject_not_near_tract_boundary,320.0030655486744
S2012161147,Prince George's,Rhode Island Ave,CO,1291.0,2.11,0.949,2.219,Rhode Island Ave - .10 Mi North Of Md 193,Edgewood Rd To Md 430,Urban,5.0,Major Collector,1.0,North,3.0,F,8.51,56.68,52.53,47.47,16331.0,16182.0,17311.0,17152.0,16183.0,17803.0,,https://maps.roads.maryland.gov/itms_public/?stationid=S2012161147,-76.9252228893364,38.99984030103875,S,True,False,pg_dc_spatial;pg_montgomery_spatial,True,16331.0,16182.0,17311.0,17152.0,16183.0,17803.0,3.0,1.0,1291.0,8.51,56.68,1500,24033807000,24033,Census Tract 8070,reject_not_near_tract_boundary,480.98397292779515
S2012161135,Prince George's,Larchmont Ave,CO,828.0,0.02,0.0,1.05,Larchmont Ave - Between Md 332 & Clovis Ave,Central Ave To Marlboro Pike,Urban,5.0,Major Collector,1.0,North,2.0,F,8.44,63.56,51.11,48.89,6695.0,9050.0,7105.0,9590.0,9161.0,9961.0,,https://maps.roads.maryland.gov/itms_public/?stationid=S2012161135,-76.91605040576928,38.88485382176332,S,True,False,pg_dc_spatial,True,6695.0,9050.0,7105.0,9590.0,9161.0,9961.0,2.0,1.0,828.0,8.44,63.56,594,24033802700,24033,Census Tract 8027,reject_not_near_tract_boundary,221.29438832524653
B2720,Montgomery,Colesville Rd,US,29.0,0.91,0.82,1.51,Us29-.10 Mi N Of Md97/md384(reversable Lanes 3&4),Md 97/md 384 To Dale Dr,Urban,3.0,Principal Arterial Other,1.0,South,7.0,F,7.75,73.43,47.18,52.82,35624.0,28000.0,38124.0,29960.0,28001.0,29681.0,1002.0,https://maps.roads.maryland.gov/itms_public/?stationid=B2720,-77.02721482820616,38.9973786252854,B,True,False,montgomery_dc_route;pg_montgomery_route;montgomery_dc_spatial;pg_montgomery_spatial,True,35624.0,28000.0,38124.0,29960.0,28001.0,29681.0,7.0,1.0,29.0,7.75,73.43,339,24031702500,24031,Census Tract 7025,reject_not_near_tract_boundary,198.24781655030844
B160120,Prince George's,Fedex Way,CO,5802.0,0.1,0.0,0.68,Fedex Way-.10 Mi N Of Bishop Pebbles Dr (one Way),Bishop Pebbles Dr To Bishop Pebles Dr,Urban,7.0,Local,1.0,North,3.0,F,8.52,100.0,100.0,0.0,7912.0,8710.0,8472.0,9320.0,8711.0,9231.0,201.0,https://maps.roads.maryland.gov/itms_public/?stationid=B160120,-76.8623965419451,38.908043944216445,B,True,False,pg_dc_spatial,True,7912.0,8710.0,8472.0,9320.0,8711.0,9231.0,3.0,1.0,5802.0,8.52,100.0,900,24033803525,24033,Census Tract 8035.25,reject_not_near_tract_boundary,307.25745131553657
S2012161187,Prince George's,Old Branch Ave,CO,3675.0,1.25,1.2,1.52,Old Branch Ave - .10 Mi North Of Coventry Way,Coventry Way To Kirby Rd,Urban,4.0,Minor Arterial,1.0,South,3.0,F,8.19,66.71,38.72,61.28,18315.0,18160.0,19605.0,19430.0,18161.0,19251.0,,https://maps.roads.maryland.gov/itms_public/?stationid=S2012161187,-76.89861697981512,38.78291811378648,S,True,False,pg_dc_spatial,True,18315.0,18160.0,19605.0,19430.0,18161.0,19251.0,3.0,1.0,3675.0,8.19,66.71,881,24033801211,24033,Census Tract 8012.11,reject_not_near_tract_boundary,423.5277989515038
S2012161006,Prince George's,Brooklyn Bridge Rd,CO,3.0,1.34,0.65,1.36,Brooklyn Bridge Rd - Between Bond Mill Rd & Supplee La,Beg Bridge Over Is 95 To Bond Mill Rd,Urban,5.0,Major Collector,1.0,East,2.0,F,10.37,50.57,49.11,50.89,3215.0,3080.0,3415.0,3270.0,3081.0,3391.0,,https://maps.roads.maryland.gov/itms_public/?stationid=S2012161006,-76.88808886572073,39.11637618492152,S,True,False,pg_montgomery_spatial,True,3215.0,3080.0,3415.0,3270.0,3081.0,3391.0,2.0,1.0,3.0,10.37,50.57,1537,24033800203,24033,Census Tract 8002.03,reject_not_near_tract_boundary,988.197302605351
B2919,Montgomery,New Hampshire Ave,MD,650.0,11.1,11.0,13.5,Md650-.10 Mi N Of Md198,Md 198 To Md 108,Urban,4.0,Minor Arterial,1.0,North,3.0,F,9.4,66.38,50.92,49.08,12462.0,12790.0,13332.0,13690.0,12791.0,13561.0,,https://maps.roads.maryland.gov/itms_public/?stationid=B2919,-76.98880985824506,39.12240307674137,B,True,False,montgomery_dc_route;pg_montgomery_route;pg_montgomery_spatial,True,12462.0,12790.0,13332.0,13690.0,12791.0,13561.0,3.0,1.0,650.0,9.4,66.38,1394,24031701408,24031,Census Tract 7014.08,reject_not_near_tract_boundary,1600.9174483097647
B3167,Prince George's,Glenn Dale Blvd,MD,193.0,10.7,10.4,11.04,Md193-.30 Mi E Of Md564,Md 564 To Prospect Hill Rd,Urban,3.0,Principal Arterial Other,1.0,East,4.0,F,9.28,62.99,51.25,48.75,30202.0,32830.0,32322.0,35130.0,32831.0,34801.0,,https://maps.roads.maryland.gov/itms_public/?stationid=B3167,-76.81370035171487,38.98557572563925,B,True,False,pg_montgomery_route;pg_dc_spatial;pg_montgomery_spatial,True,30202.0,32830.0,32322.0,35130.0,32831.0,34801.0,4.0,1.0,193.0,9.28,62.99,1524,24033800408,24033,Census Tract 8004.08,reject_not_near_tract_boundary,283.5739293329871
S2017150265,Montgomery,Medical Center Dr,CO,4911.0,1.04,0.0,1.14,Medical Center Dr - .10 Mile West Of Md 28,Great Seneca Hwy To Md 28,Urban,6.0,Minor Collector,1.0,West,4.0,F,10.37,87.56,44.33,55.67,9240.0,9161.0,9790.0,9711.0,9162.0,10082.0,,https://maps.roads.maryland.gov/itms_public/?stationid=S2017150265,-77.19647071920721,39.10398836485865,S,True,False,montgomery_dc_spatial,True,9240.0,9161.0,9790.0,9711.0,9162.0,10082.0,4.0,1.0,4911.0,10.37,87.56,363,24031700817,24031,Census Tract 7008.17,reject_not_near_tract_boundary,491.5583270149656
B3351,Prince George's,Anacostia Freeway,IS,295.0,0.6,0.0,0.8,Is295-.20 Mi S Of Wash Dc Line,Is 95 To Washington Dc/l,Urban,1.0,Interstate,1.0,South,6.0,F,6.47,72.51,48.38,51.62,97342.0,96550.0,101242.0,100410.0,97231.0,101121.0,2938.0,https://maps.roads.maryland.gov/itms_public/?stationid=B3351,-77.02127673690435,38.801978571725975,B,True,False,pg_dc_route;pg_dc_spatial,True,97342.0,96550.0,101242.0,100410.0,97231.0,101121.0,6.0,1.0,295.0,6.47,72.51,1569,24033801500,24033,Census Tract 8015,reject_not_near_tract_boundary,277.7734578375131
B150006,Montgomery,Great Seneca Hwy,MD,119.0,0.61,0.51,0.8,Md119-.10 Mi N Of Sam Eig Hwy,Sam Eig Hwy To Muddy Branch Rd,Urban,3.0,Principal Arterial Other,1.0,South,6.0,F,8.93,75.95,49.28,50.72,43840.0,43451.0,46910.0,46491.0,43452.0,46062.0,1247.0,https://maps.roads.maryland.gov/itms_public/?stationid=B150006,-77.21419412043677,39.10932989549608,B,True,False,montgomery_dc_spatial,True,43840.0,43451.0,46910.0,46491.0,43452.0,46062.0,6.0,1.0,119.0,8.93,75.95,349,24031700816,24031,Census Tract 7008.16,reject_not_near_tract_boundary,185.40425453860692
B150076,Montgomery,Clara Barton Pkwy,GV,6.0,2.57,1.67,3.37,Clara Barton Pkwy-.90 Mi S Of Is495,Is 495 To Is 495x (cabin John Pkwy),Urban,2.0,Principal Arterial Other Freeways and Expressways,1.0,North,4.0,F,10.99,61.97,47.29,52.71,18650.0,18481.0,19960.0,19781.0,18482.0,19592.0,190.0,https://maps.roads.maryland.gov/itms_public/?stationid=B150076,-77.1625157309741,38.972387484552456,B,True,False,montgomery_dc_spatial,True,18650.0,18481.0,19960.0,19781.0,18482.0,19592.0,4.0,1.0,6.0,10.99,61.97,1392,24031705800,24031,Census Tract 7058,reject_not_near_tract_boundary,542.4380027543107
S2013150315,Montgomery,Metro Access Rd,MD,200.0,0.5,0.0,0.515,Md 200a - Ent To Shady Grove Metro,Ramps To & Fr Is 370 To Ent To Shady Grove Metro,Urban,3.0,Principal Arterial Other,1.0,North,4.0,C,11.2,77.85,61.38,38.62,22531.0,22332.0,24111.0,23902.0,22420.0,23770.0,628.0,https://maps.roads.maryland.gov/itms_public/?stationid=S2013150315,-77.1606854710749,39.126760135419936,S,True,False,pg_montgomery_route,True,22531.0,22332.0,24111.0,23902.0,22420.0,23770.0,4.0,1.0,200.0,11.2,77.85,332,24031700711,24031,Census Tract 7007.11,reject_not_near_tract_boundary,544.9463865138305
S2012161167,Prince George's,Brock Bridge Rd,CO,3049.0,0.12,0.0,0.26,Brock Bridge Rd - .10 Mi North Of Montpelier Dr,Montpelier Dr To Anne Arundel Co/l,Urban,5.0,Major Collector,1.0,North,2.0,F,10.83,54.66,50.4,49.6,5065.0,5310.0,5375.0,5630.0,5311.0,5841.0,,https://maps.roads.maryland.gov/itms_public/?stationid=S2012161167,-76.83986468178183,39.070657098739815,S,True,False,pg_dc_spatial;pg_montgomery_spatial,True,5065.0,5310.0,5375.0,5630.0,5311.0,5841.0,2.0,1.0,3049.0,10.83,54.66,1543,24033800211,24033,Census Tract 8002.11,reject_not_near_tract_boundary,218.34965520174381
S2012150895,Montgomery,Park Vista Dr,CO,6171.0,0.12,0.0,0.85,Park Vista Dr - .10 Mi West Of Md 182,Layhill Rd To Longmead Crossing Dr,Urban,5.0,Major Collector,1.0,West,2.0,F,8.74,64.22,50.21,49.79,2155.0,2220.0,2285.0,2350.0,2221.0,2441.0,,https://maps.roads.maryland.gov/itms_public/?stationid=S2012150895,-77.04282751370816,39.10121364456144,S,True,False,montgomery_dc_spatial;pg_montgomery_spatial,True,2155.0,2220.0,2285.0,2350.0,2221.0,2441.0,2.0,1.0,6171.0,8.74,64.22,1026,24031703221,24031,Census Tract 7032.21,reject_not_near_tract_boundary,466.4118044635929
B150064,Montgomery,Shady Grove Rd,CO,212.0,5.72,4.97,5.92,Shady Grove Rd-.20 Mi S Of Midcounty Hwy ,Md 200-a To Midcounty Hwy,Urban,3.0,Principal Arterial Other,1.0,North,6.0,F,8.24,67.95,50.14,49.86,50982.0,49700.0,54552.0,53180.0,49701.0,52681.0,,https://maps.roads.maryland.gov/itms_public/?stationid=B150064,-77.1532544273816,39.13846267864922,B,True,False,pg_montgomery_route,True,50982.0,49700.0,54552.0,53180.0,49701.0,52681.0,6.0,1.0,212.0,8.24,67.95,331,24031700710,24031,Census Tract 7007.10,reject_not_near_tract_boundary,284.8086428875265
B3242,Prince George's,Crain Hwy,US,301.0,13.9,10.35,14.1,Us301-.20 Mi S Of Md4,Md 382 To Md 4,Rural,3.0,Principal Arterial Other,1.0,South,4.0,F,8.44,57.34,48.03,51.97,42811.0,44860.0,44951.0,47100.0,45401.0,47221.0,2184.0,https://maps.roads.maryland.gov/itms_public/?stationid=B3242,-76.73935382316878,38.8111513926307,B,True,False,pg_dc_route,True,42811.0,44860.0,44951.0,47100.0,45401.0,47221.0,4.0,1.0,301.0,8.44,57.34,1554,24033800605,24033,Census Tract 8006.05,reject_not_near_tract_boundary,292.4890902680808
B160048,Prince George's,Oxon Hill Rd,CO,114.0,0.08,0.0,2.82,Oxon Hill Rd-.60 Mi S Of Md210,Md 414 (back) To Livingston Rd,Urban,5.0,Major Collector,1.0,South,3.0,F,7.16,68.49,49.99,50.01,17022.0,16290.0,18042.0,17270.0,16291.0,17921.0,295.0,https://maps.roads.maryland.gov/itms_public/?stationid=B160048,-77.00367929295236,38.794700095736125,B,True,False,pg_dc_spatial,True,17022.0,16290.0,18042.0,17270.0,16291.0,17921.0,3.0,1.0,114.0,7.16,68.49,1506,24033801404,24033,Census Tract 8014.04,reject_not_near_tract_boundary,428.19974628091234
S2012150717,Montgomery,Oaklyn Dr,CO,189.0,2.49,0.0,2.55,Oaklyn Dr - Between Crimson Leaf Terr & Persimmon Tree Rd,Falls Rd To Persimmon Tree Rd,Urban,5.0,Major Collector,1.0,North,2.0,F,8.07,55.1,48.52,51.48,5475.0,5210.0,5805.0,5520.0,5211.0,5731.0,,https://maps.roads.maryland.gov/itms_public/?stationid=S2012150717,-77.18944439888875,38.99703495692911,S,True,False,montgomery_dc_spatial,True,5475.0,5210.0,5805.0,5520.0,5211.0,5731.0,2.0,1.0,189.0,8.07,55.1,1389,24031706009,24031,Census Tract 7060.09,reject_not_near_tract_boundary,844.1446703690114
S2012150774,Montgomery,Wilmett Rd                              ,CO,1034.0,0.08,0.0,0.96,Wilmett Rd - Between Beech Ave & Kentstone Dr,Beech Ave To Friars Rd,Urban,7.0,Local,1.0,East,2.0,F,11.41,50.84,50.62,49.38,1495.0,1450.0,1595.0,1540.0,1451.0,1601.0,,https://maps.roads.maryland.gov/itms_public/?stationid=S2012150774,-77.11778689270403,39.00903934490764,S,True,False,montgomery_dc_spatial;pg_montgomery_spatial,True,1495.0,1450.0,1595.0,1540.0,1451.0,1601.0,2.0,1.0,1034.0,11.41,50.84,561,24031704503,24031,Census Tract 7045.03,reject_not_near_tract_boundary,268.16153096951655
B160070,Prince George's,Lottsford Vista Rd,MD,950.0,0.52,0.45,0.87,Md950c (lottsford Vista Rd)-.10 Mi N Of Is595,Lottsford Vista Rd To Lottsford Vista Rd,Urban,5.0,Major Collector,1.0,South,2.0,F,9.48,61.76,48.88,51.12,10232.0,10143.0,10852.0,10753.0,10144.0,11164.0,,https://maps.roads.maryland.gov/itms_public/?stationid=B160070,-76.82602312277882,38.94889375165489,B,True,False,pg_dc_spatial;pg_montgomery_spatial,True,10232.0,10143.0,10852.0,10753.0,10144.0,11164.0,2.0,1.0,950.0,9.48,61.76,474,24033803516,24033,Census Tract 8035.16,reject_not_near_tract_boundary,195.61629026614406
B160102,Prince George's,Old Marlboro Pike,CO,4461.0,0.35,0.0,0.45,Old Marlboro Pike-.10 Mi S Of Md4,Ramps To & From Suitland Pkwy To Md 4,Urban,5.0,Major Collector,1.0,North,3.0,F,8.53,52.88,41.67,58.33,5420.0,5371.0,5750.0,5691.0,5372.0,5912.0,1091.0,https://maps.roads.maryland.gov/itms_public/?stationid=B160102,-76.86171004850667,38.83558723218459,B,True,False,pg_dc_spatial,True,5420.0,5371.0,5750.0,5691.0,5372.0,5912.0,3.0,1.0,4461.0,8.53,52.88,1557,24033802201,24033,Census Tract 8022.01,reject_not_near_tract_boundary,626.077907185591
S2012161087,Prince George's,Parkwood St                             ,CO,210.0,1.21,0.58,1.42,Parkwood St - Between Warner Ave & Gramby St,Taylor St To Cul De Sac,Urban,5.0,Major Collector,1.0,South,2.0,F,8.53,58.0,50.68,49.32,1685.0,2090.0,1795.0,2220.0,2091.0,2301.0,,https://maps.roads.maryland.gov/itms_public/?stationid=S2012161087,-76.89708322594342,38.93321826810325,S,True,False,pg_dc_route;pg_dc_spatial;pg_montgomery_spatial,True,1685.0,2090.0,1795.0,2220.0,2091.0,2301.0,2.0,1.0,210.0,8.53,58.0,517,24033804102,24033,Census Tract 8041.02,reject_not_near_tract_boundary,195.67870517656678
B2810,Montgomery,Wilson La,MD,188.0,2.46,2.34,3.25,Md188-.10 Mi E Of Md191,Md 191 To Md 187,Urban,4.0,Minor Arterial,1.0,West,3.0,C,9.25,62.37,49.01,50.99,9621.0,9532.0,10291.0,10202.0,8740.0,9260.0,249.0,https://maps.roads.maryland.gov/itms_public/?stationid=B2810,-77.11321794079475,38.98659297364194,B,True,False,montgomery_dc_spatial;pg_montgomery_spatial,True,9621.0,9532.0,10291.0,10202.0,8740.0,9260.0,3.0,1.0,188.0,9.25,62.37,574,24031704700,24031,Census Tract 7047,reject_not_near_tract_boundary,189.55350060673172
B150065,Montgomery,Shady Grove Rd,CO,212.0,6.32,5.92,6.52,Shady Grove Rd-.20 Mi S Of Md115,Midcounty Hwy To Md 115,Urban,4.0,Minor Arterial,1.0,North,5.0,F,7.8,57.15,51.17,48.83,34435.0,34480.0,36855.0,36890.0,34481.0,36551.0,,https://maps.roads.maryland.gov/itms_public/?stationid=B150065,-77.14925910727342,39.14644215056563,B,True,False,pg_montgomery_route,True,34435.0,34480.0,36855.0,36890.0,34481.0,36551.0,5.0,1.0,212.0,7.8,57.15,331,24031700710,24031,Census Tract 7007.10,reject_not_near_tract_boundary,288.65247979360794
B160010,Prince George's,Ardmore Rd,CO,171.0,0.1,0.0,0.19,Ardmore Rd-.10 Mi W Of Ardwick-ardmore Rd,Ardwick Ardmore Rd To Whitfield Chapel Rd,Urban,5.0,Major Collector,1.0,East,2.0,F,10.09,55.02,53.55,46.45,1990.0,1971.0,2110.0,2091.0,1972.0,2172.0,21.0,https://maps.roads.maryland.gov/itms_public/?stationid=B160010,-76.85188541678937,38.93759046539065,B,True,False,pg_dc_spatial;pg_montgomery_spatial,True,1990.0,1971.0,2110.0,2091.0,1972.0,2172.0,2.0,1.0,171.0,10.09,55.02,476,24033803601,24033,Census Tract 8036.01,reject_not_near_tract_boundary,320.41818000600335
B2908,Montgomery,Veirs Mill Rd,MD,586.0,5.46,5.36,5.55,Md586-.10 Mi E Of Md193,Md 193 To Grandview Ave,Urban,3.0,Principal Arterial Other,1.0,East,5.0,C,8.22,51.98,53.67,46.33,23681.0,23472.0,25341.0,25122.0,22680.0,24040.0,,https://maps.roads.maryland.gov/itms_public/?stationid=B2908,-77.05388999514089,39.03907904193985,B,True,False,montgomery_dc_spatial;pg_montgomery_spatial,True,23681.0,23472.0,25341.0,25122.0,22680.0,24040.0,5.0,1.0,586.0,8.22,51.98,1191,24031703800,24031,Census Tract 7038,reject_not_near_tract_boundary,335.5184893926905
S2012161136,Prince George's,New Riggs Rd,CO,872.0,0.28,0.0,0.31,New Riggs Rd - Between Merrimac Dr & Merrimac Dr,Road End S Of Keokee St To Road End N Of Merrimac Dr,Urban,7.0,Local,1.0,North,4.0,F,8.12,61.7,51.16,48.84,3045.0,3130.0,3235.0,3320.0,3131.0,3441.0,,https://maps.roads.maryland.gov/itms_public/?stationid=S2012161136,-76.97397403130915,38.99060920691622,S,True,False,pg_dc_spatial;pg_montgomery_spatial,True,3045.0,3130.0,3235.0,3320.0,3131.0,3441.0,4.0,1.0,872.0,8.12,61.7,1540,24033805700,24033,Census Tract 8057,reject_not_near_tract_boundary,238.72985247598086
S2012161220,Prince George's,Cunningham Dr #1                        ,MU,41.0,0.02,0.0,0.53,Cunningham Dr #1 - Between 60th Ave & Quebec St,60th Ave To Nevada St,Urban,7.0,Local,1.0,South,2.0,F,8.27,56.06,51.74,48.26,1445.0,1440.0,1535.0,1530.0,1441.0,1591.0,,https://maps.roads.maryland.gov/itms_public/?stationid=S2012161220,-76.91167181764848,38.99360904812077,S,True,False,pg_dc_spatial;pg_montgomery_spatial,True,1445.0,1440.0,1535.0,1530.0,1441.0,1591.0,2.0,1.0,41.0,8.27,56.06,312,24033806800,24033,Census Tract 8068,reject_not_near_tract_boundary,457.0400691902129
B3168,Prince George's,Glenn Dale Blvd,MD,193.0,12.54,11.04,12.74,Md193-.20 Mi W Of Md450,Prospect Hill Rd To Md 450,Urban,3.0,Principal Arterial Other,1.0,West,4.0,F,10.23,54.81,48.21,51.79,17292.0,17680.0,18502.0,18920.0,17681.0,18741.0,600.0,https://maps.roads.maryland.gov/itms_public/?stationid=B3168,-76.79746921746225,38.96398149484365,B,True,False,pg_montgomery_route;pg_dc_spatial,True,17292.0,17680.0,18502.0,18920.0,17681.0,18741.0,4.0,1.0,193.0,10.23,54.81,1524,24033800408,24033,Census Tract 8004.08,reject_not_near_tract_boundary,237.94174595748436
B160088,Prince George's,Talbott Ave (wb Couplet),MD,198.0,0.9,0.71,1.27,Md198-.10 Mi W Of Us 1 (one Way Couplet Wb - Eb See B160083),Second St (us 1 Nb) To Md 216,Urban,3.0,Principal Arterial Other,1.0,West,3.0,F,7.17,100.0,0.0,100.0,16360.0,16211.0,17510.0,17351.0,16212.0,17192.0,,https://maps.roads.maryland.gov/itms_public/?stationid=B160088,-76.84995088404524,39.10052963804083,B,True,False,pg_montgomery_route;pg_montgomery_spatial,True,16360.0,16211.0,17510.0,17351.0,16212.0,17192.0,3.0,1.0,198.0,7.17,100.0,1520,24033800103,24033,Census Tract 8001.03,reject_not_near_tract_boundary,191.01503457756831
S2012150964,Montgomery,Nelson St,MU,2210.0,0.05,0.0,1.3,Nelson St - .10 Mi North Of Md 28,W Montgomery Ave To Mannakee St,Urban,5.0,Major Collector,1.0,North,3.0,F,9.46,51.53,49.72,50.28,11855.0,11730.0,12575.0,12430.0,11731.0,12901.0,,https://maps.roads.maryland.gov/itms_public/?stationid=S2012150964,-77.17088988174822,39.08646085652666,S,True,False,montgomery_dc_spatial,True,11855.0,11730.0,12575.0,12430.0,11731.0,12901.0,3.0,1.0,2210.0,9.46,51.53,212,24031701005,24031,Census Tract 7010.05,reject_not_near_tract_boundary,199.97430511180582
B3198,Prince George's,38th Ave,MD,208.0,0.1,0.0,0.4,Md208-.10 Mi N Of Us1al,Us 1al To Us 1,Urban,5.0,Major Collector,1.0,South,2.0,F,7.49,59.84,45.63,54.37,10113.0,10024.0,10723.0,10634.0,10025.0,11035.0,358.0,https://maps.roads.maryland.gov/itms_public/?stationid=B3198,-76.95178585130225,38.93618909792115,B,True,False,pg_dc_spatial;pg_montgomery_spatial,True,10113.0,10024.0,10723.0,10634.0,10025.0,11035.0,2.0,1.0,208.0,7.49,59.84,1516,24033804400,24033,Census Tract 8044,reject_not_near_tract_boundary,192.81581535643284
B3360,Prince George's,Water St,MD,717.0,0.25,0.0,0.33,Md717-.20 Mi N Of Md4,Road End To Md 725,Urban,4.0,Minor Arterial,1.0,South,2.0,F,8.57,65.66,51.42,48.58,9113.0,9034.0,9753.0,9674.0,9035.0,9585.0,397.0,https://maps.roads.maryland.gov/itms_public/?stationid=B3360,-76.75122519978561,38.81525742886978,B,True,False,pg_dc_spatial,True,9113.0,9034.0,9753.0,9674.0,9035.0,9585.0,2.0,1.0,717.0,8.57,65.66,1554,24033800605,24033,Census Tract 8006.05,reject_not_near_tract_boundary,635.6356918962339
B150025,Montgomery,Wexford Dr,CO,1919.0,0.1,0.0,0.15,Wexford Dr-.10 Mi N Of Beach Dr,Beach Dr To Decatur Ave,Urban,6.0,Minor Collector,1.0,North,2.0,F,11.77,74.16,52.8,47.2,6500.0,6441.0,6890.0,6831.0,6442.0,7092.0,156.0,https://maps.roads.maryland.gov/itms_public/?stationid=B150025,-77.08286475398154,39.0367998919687,B,True,False,montgomery_dc_spatial;pg_montgomery_spatial,True,6500.0,6441.0,6890.0,6831.0,6442.0,7092.0,2.0,1.0,1919.0,11.77,74.16,203,24031703502,24031,Census Tract 7035.02,reject_not_near_tract_boundary,208.2228415899117
T0012,Prince George's,Intercounty Connector,MD,200.0,0.308,0.0,1.4,Md 200 - Between Us 29 & Is 95,Montgomery Co/l To I 95,Urban,2.0,Principal Arterial Other Freeways and Expressways,1.0,West,5.0,F,12.6,61.0,50.0,50.0,47110.0,48525.0,52710.0,54337.0,51271.0,57435.0,,https://maps.roads.maryland.gov/itms_public/?stationid=T0012,-76.92529219975044,39.0735628569944,T,True,False,pg_montgomery_route;pg_dc_spatial;pg_montgomery_spatial,True,47110.0,48525.0,52710.0,54337.0,51271.0,57435.0,5.0,1.0,200.0,12.6,61.0,183,24033807407,24033,Census Tract 8074.07,reject_not_near_tract_boundary,278.30113985041487
S2012150951,Montgomery,N Horners La,MU,1450.0,0.03,0.0,0.75,N Horners La - Between Park Rd & Woodland Rd,Park Rd To N Horners La (ahead),Urban,5.0,Major Collector,1.0,North,2.0,F,9.46,69.06,48.44,51.56,8385.0,8230.0,8895.0,8720.0,8231.0,9051.0,,https://maps.roads.maryland.gov/itms_public/?stationid=S2012150951,-77.14332895079052,39.08726419556957,S,True,False,montgomery_dc_spatial,True,8385.0,8230.0,8895.0,8720.0,8231.0,9051.0,2.0,1.0,1450.0,9.46,69.06,1381,24031700902,24031,Census Tract 7009.02,reject_not_near_tract_boundary,386.9533111997653
B3244,Prince George's,Crain Hwy,US,301.0,19.89,19.02,20.09,Us301-.20 Mi S Of Md214,Queen Anne Rd To Md 214,Urban,3.0,Principal Arterial Other,1.0,South,4.0,C,7.54,52.42,49.75,50.25,54711.0,54222.0,58541.0,58022.0,57560.0,61010.0,4192.0,https://maps.roads.maryland.gov/itms_public/?stationid=B3244,-76.71865074607439,38.8955659465855,B,True,False,pg_dc_route,True,54711.0,54222.0,58541.0,58022.0,57560.0,61010.0,4.0,1.0,301.0,7.54,52.42,1525,24033800507,24033,Census Tract 8005.07,reject_not_near_tract_boundary,339.29716840927483
B150027,Montgomery,Lilly Stone Dr,CO,3428.0,0.1,0.0,0.8,Lilly Stone Dr-.10 Mi N Of Persimmon Tree La,Persimmon Tree La To Seven Locks Rd,Urban,6.0,Minor Collector,1.0,North,2.0,F,11.06,57.14,55.0,45.0,1010.0,1001.0,1070.0,1061.0,1002.0,1102.0,44.0,https://maps.roads.maryland.gov/itms_public/?stationid=B150027,-77.1716235385357,38.98629134945952,B,True,False,montgomery_dc_spatial,True,1010.0,1001.0,1070.0,1061.0,1002.0,1102.0,2.0,1.0,3428.0,11.06,57.14,1389,24031706009,24031,Census Tract 7060.09,reject_not_near_tract_boundary,470.4809145857692
T0008,Montgomery,Intercounty Connector,MD,200.0,4.11,2.54,8.204,Md 200 - Between Is 370 & Md 97,Is 370 To Md 97,Urban,2.0,Principal Arterial Other Freeways and Expressways,1.0,East,6.0,C,12.8,75.0,50.0,50.0,55048.0,57410.0,61102.0,63813.0,58370.0,65410.0,,https://maps.roads.maryland.gov/itms_public/?stationid=T0008,-77.14208186908891,39.13753613552807,T,True,False,pg_montgomery_route,True,55048.0,57410.0,61102.0,63813.0,58370.0,65410.0,6.0,1.0,200.0,12.8,75.0,1407,24031701212,24031,Census Tract 7012.12,reject_not_near_tract_boundary,197.85488474096243
