screenline_id,tract_pair_id,screenline_family,assignment_quality,assignment_status,LOCATION_ID,COUNTY_DESC,ROADNAME,ID_PREFIX,ID_RTE_NO,ID_MP,STATION_DESC,ROAD_SECTION,PEAK_HOUR_DIRECTION,NUM_LANES,COUNTED_FACTORED,AADT_2017,AADT_2018,AAWDT_2017,AAWDT_2018,K_FACTOR,D_FACTOR,NORTH_EAST_SPLIT,SOUTH_WEST_SPLIT,station_tract_geoid,adjacent_tract_geoid,station_county_geoid,adjacent_county_geoid,station_to_shared_boundary_m,shared_boundary_length_m,n_adjacent_tract_candidates_within_buffer,longitude,latitude,LINK,BEGIN_SECTION,END_SECTION,RURAL_URBAN,F_SYSTEM,F_SYSTEM_DESC,MAIN_LINE,AADT,AAWDT,TRUCK_AADT,station_class,is_mainline,is_ramp,candidate_reason,candidate_for_tract_screenline_seed,AADT_2017_NUM,AADT_2018_NUM,AAWDT_2017_NUM,AAWDT_2018_NUM,AADT_NUM,AAWDT_NUM,NUM_LANES_NUM,MAIN_LINE_NUM,ID_RTE_NO_NUM,K_FACTOR_NUM,D_FACTOR_NUM,tract_index,station_tract_label,tract_a_geoid,tract_b_geoid,station_county_name,adjacent_county_name,station_to_containing_tract_boundary_m,validation_observed_daily_field_preferred,validation_model_flow_definition
sl_B2797_24031703501__24031703601,24031703501__24031703601,other_adjacent_tract_pair,medium,accepted,B2797,Montgomery,Connecticut Ave,MD,185.0,5.82,Md185-.10 Mi S Of Md586,Md 193 To Md 586,South,6.0,C,36151.0,35832.0,38681.0,38342.0,7.8,79.79,46.67,53.33,24031703601,24031703501,24031,24031,1.5858740200790262,239.22767260253718,4,-77.07505927540983,39.050141085627295,https://maps.roads.maryland.gov/itms_public/?stationid=B2797,4.54,5.92,Urban,3.0,Principal Arterial Other,1.0,36180.0,38350.0,,B,True,False,montgomery_dc_route;montgomery_dc_spatial;pg_montgomery_spatial,True,36151.0,35832.0,38681.0,38342.0,36180.0,38350.0,6.0,1.0,185.0,7.8,79.79,204,Census Tract 7036.01,24031703601,24031703501,"Montgomery County, MD","Montgomery County, MD",1.5858740200790262,AADT_2018,daily vehicle trips whose OD path crosses this tract-pair boundary; direct adjacent OD only is stricter and will undercount through traffic
sl_B2796_24031703502__24031704200,24031703502__24031704200,other_adjacent_tract_pair,low_review,accepted,B2796,Montgomery,Connecticut Ave,MD,185.0,4.5,Md185-.10 Mi N Of Md192,Md 192 To Md 193,North,6.0,C,54111.0,53622.0,57901.0,57382.0,7.02,62.59,46.97,53.03,24031704200,24031703502,24031,24031,160.01598695515852,643.5127522905234,2,-77.07519576453579,39.03106887890686,https://maps.roads.maryland.gov/itms_public/?stationid=B2796,4.4,4.54,Urban,3.0,Principal Arterial Other,1.0,52440.0,55590.0,,B,True,False,montgomery_dc_route;montgomery_dc_spatial;pg_montgomery_spatial,True,54111.0,53622.0,57901.0,57382.0,52440.0,55590.0,6.0,1.0,185.0,7.02,62.59,557,Census Tract 7042,24031704200,24031703502,"Montgomery County, MD","Montgomery County, MD",160.01598695515852,AADT_2018,daily vehicle trips whose OD path crosses this tract-pair boundary; direct adjacent OD only is stricter and will undercount through traffic
sl_B2960_24031701601__24031701602,24031701601__24031701602,other_adjacent_tract_pair,high,accepted,B2960,Montgomery,New Hampshire Ave,MD,650.0,2.98,Md650-.25 Mi S Of Is495,Adelphi Rd To Is 495,North,6.0,F,80752.0,80470.0,86412.0,86100.0,6.88,50.93,48.91,51.09,24031701601,24031701602,24031,24031,20.81999595091763,1265.2609008624895,1,-76.97762450524777,39.015604620338536,https://maps.roads.maryland.gov/itms_public/?stationid=B2960,2.68,3.23,Urban,3.0,Principal Arterial Other,1.0,80471.0,85301.0,2055.0,B,True,False,montgomery_dc_route;pg_montgomery_route;montgomery_dc_spatial;pg_montgomery_spatial,True,80752.0,80470.0,86412.0,86100.0,80471.0,85301.0,6.0,1.0,650.0,6.88,50.93,805,Census Tract 7016.01,24031701601,24031701602,"Montgomery County, MD","Montgomery County, MD",20.81999595091763,AADT_2018,daily vehicle trips whose OD path crosses this tract-pair boundary; direct adjacent OD only is stricter and will undercount through traffic
sl_B3223_24033800507__24033800511,24033800507__24033800511,other_adjacent_tract_pair,high,accepted,B3223,Prince George's,Central Ave,MD,214.0,10.35,Md214-.50 Mi W Of Us301,Church Rd To Us 301,East,5.0,F,25160.0,24931.0,26920.0,26681.0,7.92,56.29,47.59,52.41,24033800507,24033800511,24033,24033,23.781973532721914,3498.840959206688,1,-76.72749925492924,38.90001611535435,https://maps.roads.maryland.gov/itms_public/?stationid=B3223,8.64,10.85,Urban,3.0,Principal Arterial Other,1.0,24932.0,26432.0,1126.0,B,True,False,pg_dc_route,True,25160.0,24931.0,26920.0,26681.0,24932.0,26432.0,5.0,1.0,214.0,7.92,56.29,1525,Census Tract 8005.07,24033800507,24033800511,"Prince George's County, MD","Prince George's County, MD",23.781973532721914,AADT_2018,daily vehicle trips whose OD path crosses this tract-pair boundary; direct adjacent OD only is stricter and will undercount through traffic
sl_B160109_24033806200__24033806300,24033806200__24033806300,other_adjacent_tract_pair,low_review,accepted,B160109,Prince George's,Crittenden St,MU,91.0,0.1,Crittenden St-.10 Mi W Of Us1,Us 1 To 40th Pl,East,2.0,F,4840.0,4801.0,5180.0,5141.0,8.15,53.73,50.95,49.05,24033806200,24033806300,24033,24033,108.56892533886933,2146.249524485716,1,-76.94546970131817,38.94812337808544,https://maps.roads.maryland.gov/itms_public/?stationid=B160109,0.0,0.18,Urban,4.0,Minor Arterial,1.0,4802.0,5092.0,172.0,B,True,False,pg_dc_spatial;pg_montgomery_spatial,True,4840.0,4801.0,5180.0,5141.0,4802.0,5092.0,2.0,1.0,91.0,8.15,53.73,1558,Census Tract 8062,24033806200,24033806300,"Prince George's County, MD","Prince George's County, MD",108.56892533886933,AADT_2018,daily vehicle trips whose OD path crosses this tract-pair boundary; direct adjacent OD only is stricter and will undercount through traffic
sl_B160013_24033802408__24033802502,24033802408__24033802502,other_adjacent_tract_pair,high,accepted,B160013,Prince George's,Quarter Ave,CO,309.0,0.03,Quarter Ave-150 Ft N Of Md4,Md 4 To Boundry Ave,South,2.0,F,4040.0,4001.0,4280.0,4241.0,8.19,54.92,54.06,45.94,24033802408,24033802502,24033,24033,2.16926918758989,770.4846358481583,2,-76.92426584399563,38.86519932127055,https://maps.roads.maryland.gov/itms_public/?stationid=B160013,0.0,0.09,Urban,5.0,Major Collector,1.0,4002.0,4402.0,55.0,B,True,False,pg_dc_spatial,True,4040.0,4001.0,4280.0,4241.0,4002.0,4402.0,2.0,1.0,309.0,8.19,54.92,887,Census Tract 8024.08,24033802408,24033802502,"Prince George's County, MD","Prince George's County, MD",2.16926918758989,AADT_2018,daily vehicle trips whose OD path crosses this tract-pair boundary; direct adjacent OD only is stricter and will undercount through traffic
sl_S2012161110_24033802502__24033802600,24033802502__24033802600,other_adjacent_tract_pair,high,accepted,S2012161110,Prince George's,Benning Rd,CO,377.0,0.05,Benning Rd - 100ft North  Of Elfin Ave,Marlboro Pike To Wash Dc Line,South,3.0,F,8025.0,8570.0,8595.0,9170.0,7.19,60.69,52.82,47.18,24033802600,24033802502,24033,24033,45.544180615182874,1222.3490086127504,1,-76.92886339197536,38.87346413143297,https://maps.roads.maryland.gov/itms_public/?stationid=S2012161110,0.0,0.26,Urban,4.0,Minor Arterial,1.0,8571.0,9091.0,,S,True,False,pg_dc_spatial,True,8025.0,8570.0,8595.0,9170.0,8571.0,9091.0,3.0,1.0,377.0,7.19,60.69,593,Census Tract 8026,24033802600,24033802502,"Prince George's County, MD","Prince George's County, MD",45.544180615182874,AADT_2018,daily vehicle trips whose OD path crosses this tract-pair boundary; direct adjacent OD only is stricter and will undercount through traffic
sl_S2012161061_24033801407__24033801901,24033801407__24033801901,other_adjacent_tract_pair,high,accepted,S2012161061,Prince George's,Temple Hill Rd,CO,123.0,3.09,Temple Hill Rd - .10 Mi North Of Farmer Dr,Allentown Rd To Brinkley Rd,South,2.0,F,13805.0,13830.0,14775.0,14800.0,9.95,66.85,48.81,51.19,24033801407,24033801901,24033,24033,0.11281876118521164,922.2285728631299,1,-76.92782789945576,38.7967099511791,https://maps.roads.maryland.gov/itms_public/?stationid=S2012161061,2.85,3.43,Urban,4.0,Minor Arterial,1.0,13831.0,14661.0,,S,True,False,pg_dc_spatial,True,13805.0,13830.0,14775.0,14800.0,13831.0,14661.0,2.0,1.0,123.0,9.95,66.85,1556,Census Tract 8014.07,24033801407,24033801901,"Prince George's County, MD","Prince George's County, MD",0.11281876118521164,AADT_2018,daily vehicle trips whose OD path crosses this tract-pair boundary; direct adjacent OD only is stricter and will undercount through traffic
sl_S2012161186_24033801216__24033801217,24033801216__24033801217,other_adjacent_tract_pair,medium,accepted,S2012161186,Prince George's,Old Branch Ave,CO,3675.0,0.04,Old Branch Ave - Between Md 223 & Clinton St,Brandywine Rd To Coventry Way,South,3.0,F,14585.0,12510.0,15615.0,13390.0,7.3,62.4,47.41,52.59,24033801217,24033801216,24033,24033,71.18594531147001,3588.2321944554733,1,-76.8983839909664,38.7658121624463,https://maps.roads.maryland.gov/itms_public/?stationid=S2012161186,0.0,1.2,Urban,4.0,Minor Arterial,1.0,12511.0,13261.0,,S,True,False,pg_dc_spatial,True,14585.0,12510.0,15615.0,13390.0,12511.0,13261.0,3.0,1.0,3675.0,7.3,62.4,680,Census Tract 8012.17,24033801217,24033801216,"Prince George's County, MD","Prince George's County, MD",71.18594531147001,AADT_2018,daily vehicle trips whose OD path crosses this tract-pair boundary; direct adjacent OD only is stricter and will undercount through traffic
sl_S2012150979_24031700901__24031700902,24031700901__24031700902,other_adjacent_tract_pair,low_review,accepted,S2012150979,Montgomery,E Middle La,MU,3356.0,0.23,E Middle La - Between Md 355 & Monroe St,N Washington St To Hungerford Dr,East,4.0,F,11395.0,10300.0,12085.0,10920.0,9.11,59.32,52.44,47.56,24031700901,24031700902,24031,24031,121.53223212162621,2156.0656665041347,1,-77.14864376489706,39.085091784312645,https://maps.roads.maryland.gov/itms_public/?stationid=S2012150979,0.0,0.25,Urban,5.0,Major Collector,1.0,10301.0,11331.0,,S,True,False,montgomery_dc_spatial,True,11395.0,10300.0,12085.0,10920.0,10301.0,11331.0,4.0,1.0,3356.0,9.11,59.32,195,Census Tract 7009.01,24031700901,24031700902,"Montgomery County, MD","Montgomery County, MD",121.53223212162621,AADT_2018,daily vehicle trips whose OD path crosses this tract-pair boundary; direct adjacent OD only is stricter and will undercount through traffic
sl_B150074_24031701420__24031701421,24031701420__24031701421,other_adjacent_tract_pair,high,accepted,B150074,Montgomery,Cherry Hill Rd,CO,4359.0,0.4,Cherry Hill Rd-.40 Mi S Of Us29,Md 929b (back) To Prince Georges Co/l,North,4.0,F,35522.0,33780.0,38012.0,36150.0,8.26,50.96,51.49,48.51,24031701420,24031701421,24031,24031,0.4256258059137423,2322.1557752677268,1,-76.95624808694905,39.05975944272242,https://maps.roads.maryland.gov/itms_public/?stationid=B150074,0.25,1.47,Urban,4.0,Minor Arterial,1.0,35201.0,35811.0,,B,True,False,montgomery_dc_spatial;pg_montgomery_spatial,True,35522.0,33780.0,38012.0,36150.0,35201.0,35811.0,4.0,1.0,4359.0,8.26,50.96,1332,Census Tract 7014.20,24031701420,24031701421,"Montgomery County, MD","Montgomery County, MD",0.4256258059137423,AADT_2018,daily vehicle trips whose OD path crosses this tract-pair boundary; direct adjacent OD only is stricter and will undercount through traffic
sl_S2012150977_24031700901__24031701005,24031700901__24031701005,other_adjacent_tract_pair,low_review,accepted,S2012150977,Montgomery,S Washington St,MU,3150.0,0.37,S Washington St - Between Md 28 & E Montgomery Ave,Argyle St To E Montgomery Ave At Courthouse Sq,South,2.0,F,5475.0,5060.0,5865.0,5410.0,8.07,50.0,45.1,54.9,24031700901,24031701005,24031,24031,165.68455784855593,1850.2778080675369,1,-77.15288573004291,39.08374948955166,https://maps.roads.maryland.gov/itms_public/?stationid=S2012150977,0.0,0.4,Urban,7.0,Local,1.0,5061.0,5371.0,,S,True,False,montgomery_dc_spatial,True,5475.0,5060.0,5865.0,5410.0,5061.0,5371.0,2.0,1.0,3150.0,8.07,50.0,195,Census Tract 7009.01,24031700901,24031701005,"Montgomery County, MD","Montgomery County, MD",165.68455784855593,AADT_2018,daily vehicle trips whose OD path crosses this tract-pair boundary; direct adjacent OD only is stricter and will undercount through traffic
sl_B160016_24033800605__24033800701,24033800605__24033800701,other_adjacent_tract_pair,high,accepted,B160016,Prince George's,Ritchie Marlboro Rd,CO,974.0,0.1,Ritchie Marlboro Rd-.10 Mi N Of Old Marlboro Pike,Old Marlboro Pike To White House Rd,North,3.0,F,10090.0,10001.0,10800.0,10701.0,8.61,73.17,50.74,49.26,24033800605,24033800701,24033,24033,0.34321760521233546,4760.62397255316,1,-76.77926234474342,38.816824901437386,https://maps.roads.maryland.gov/itms_public/?stationid=B160016,0.0,4.927,Urban,4.0,Minor Arterial,1.0,10002.0,10602.0,757.0,B,True,False,pg_dc_spatial,True,10090.0,10001.0,10800.0,10701.0,10002.0,10602.0,3.0,1.0,974.0,8.61,73.17,1554,Census Tract 8006.05,24033800605,24033800701,"Prince George's County, MD","Prince George's County, MD",0.34321760521233546,AADT_2018,daily vehicle trips whose OD path crosses this tract-pair boundary; direct adjacent OD only is stricter and will undercount through traffic
sl_S2012161057_24033801407__24033801701,24033801407__24033801701,other_adjacent_tract_pair,high,accepted,S2012161057,Prince George's,Brinkley Rd                             ,CO,122.0,2.62,Brinkley Rd - Between Temple Hill Rd & Lujean La,Fisher Rd To Temple Hill Rd,East,2.0,F,11565.0,11720.0,12265.0,12420.0,8.48,53.72,50.27,49.73,24033801701,24033801407,24033,24033,1.4079833759993134,1501.3674589117559,2,-76.92975294599049,38.80073996528815,https://maps.roads.maryland.gov/itms_public/?stationid=S2012161057,0.95,2.66,Urban,5.0,Major Collector,1.0,11721.0,12891.0,,S,True,False,pg_dc_spatial,True,11565.0,11720.0,12265.0,12420.0,11721.0,12891.0,2.0,1.0,122.0,8.48,53.72,1509,Census Tract 8017.01,24033801701,24033801407,"Prince George's County, MD","Prince George's County, MD",1.4079833759993134,AADT_2018,daily vehicle trips whose OD path crosses this tract-pair boundary; direct adjacent OD only is stricter and will undercount through traffic
sl_B2970_24031705901__24031706013,24031705901__24031706013,other_adjacent_tract_pair,high,accepted,B2970,Montgomery,Capital Beltway,IS,495.0,3.07,Is495-.70 Mi E Of Md190,Md 190 To Is 270y,West,8.0,C,248891.0,247402.0,258851.0,257302.0,6.98,50.95,49.71,50.29,24031706013,24031705901,24031,24031,0.6926617353003484,2233.9992185239726,1,-77.15668468651484,39.00113066825362,https://maps.roads.maryland.gov/itms_public/?stationid=B2970,2.37,3.95,Urban,1.0,Interstate,1.0,255090.0,265290.0,,B,True,False,montgomery_dc_route;pg_montgomery_route;montgomery_dc_spatial,True,248891.0,247402.0,258851.0,257302.0,255090.0,265290.0,8.0,1.0,495.0,6.98,50.95,1328,Census Tract 7060.13,24031706013,24031705901,"Montgomery County, MD","Montgomery County, MD",0.6926617353003484,AADT_2018,daily vehicle trips whose OD path crosses this tract-pair boundary; direct adjacent OD only is stricter and will undercount through traffic
sl_S2012150900_24031700607__24031700816,24031700607__24031700816,other_adjacent_tract_pair,high,accepted,S2012150900,Montgomery,Darnestown Rd,CO,7009.0,0.03,Darnestown Rd - Between Md 28 & Hunting La,Md 28 To Shady Grove Rd,East,4.0,F,17735.0,17010.0,18985.0,18200.0,9.46,66.34,51.51,48.49,24031700607,24031700816,24031,24031,2.4639802738513845,1342.5774577563068,1,-77.21335188787415,39.10026444753669,https://maps.roads.maryland.gov/itms_public/?stationid=S2012150900,0.0,1.09,Urban,4.0,Minor Arterial,1.0,17011.0,18031.0,,S,True,False,montgomery_dc_spatial,True,17735.0,17010.0,18985.0,18200.0,17011.0,18031.0,4.0,1.0,7009.0,9.46,66.34,1434,Census Tract 7006.07,24031700607,24031700816,"Montgomery County, MD","Montgomery County, MD",2.4639802738513845,AADT_2018,daily vehicle trips whose OD path crosses this tract-pair boundary; direct adjacent OD only is stricter and will undercount through traffic
sl_S2017150247_24031701508__24031701509,24031701508__24031701509,other_adjacent_tract_pair,high,accepted,S2017150247,Montgomery,Stewart La,CO,112.0,0.12,Stewart La - .10 Mile East Of Us 29,Milestone Dr To Lockwood Dr,East,2.0,F,6970.0,6911.0,7390.0,7331.0,7.62,60.59,55.49,44.51,24031701508,24031701509,24031,24031,0.5537886630974002,2375.252642838747,2,-76.98553698125465,39.04575710138072,https://maps.roads.maryland.gov/itms_public/?stationid=S2017150247,0.0,0.47,Urban,5.0,Major Collector,1.0,6912.0,7602.0,,S,True,False,montgomery_dc_spatial;pg_montgomery_spatial,True,6970.0,6911.0,7390.0,7331.0,6912.0,7602.0,2.0,1.0,112.0,7.62,60.59,1331,Census Tract 7015.08,24031701508,24031701509,"Montgomery County, MD","Montgomery County, MD",0.5537886630974002,AADT_2018,daily vehicle trips whose OD path crosses this tract-pair boundary; direct adjacent OD only is stricter and will undercount through traffic
sl_B2811_24031706008__24031706009,24031706008__24031706009,other_adjacent_tract_pair,high,accepted,B2811,Montgomery,Falls Rd                                ,CO,7068.0,1.87,Falls Rd-.10 Mi S Of Md190,Mcarthur Blvd To Md 190,North,3.0,F,14720.0,14591.0,15750.0,15611.0,9.79,60.47,49.9,50.1,24031706008,24031706009,24031,24031,1.3020609707533815,9309.72775464845,2,-77.21014667827917,39.016968535965866,https://maps.roads.maryland.gov/itms_public/?stationid=B2811,0.0,1.97,Urban,4.0,Minor Arterial,1.0,15202.0,15472.0,,B,True,False,montgomery_dc_spatial,True,14720.0,14591.0,15750.0,15611.0,15202.0,15472.0,3.0,1.0,7068.0,9.79,60.47,1391,Census Tract 7060.08,24031706008,24031706009,"Montgomery County, MD","Montgomery County, MD",1.3020609707533815,AADT_2018,daily vehicle trips whose OD path crosses this tract-pair boundary; direct adjacent OD only is stricter and will undercount through traffic
sl_S2012161104_24033803002__24033803524,24033803002__24033803524,other_adjacent_tract_pair,high,accepted,S2012161104,Prince George's,Hill Rd,CO,360.0,0.08,Hill Rd - Between Md 704 & Highland Park Dr,Md 704 To Seat Pleasant Dr,South,3.0,F,11935.0,12060.0,12655.0,12780.0,8.23,52.34,52.23,47.77,24033803002,24033803524,24033,24033,0.48239723154370556,1223.2051565317995,1,-76.89365497993474,38.90650771457701,https://maps.roads.maryland.gov/itms_public/?stationid=S2012161104,0.0,0.58,Urban,5.0,Major Collector,1.0,12061.0,13271.0,,S,True,False,pg_dc_spatial,True,11935.0,12060.0,12655.0,12780.0,12061.0,13271.0,3.0,1.0,360.0,8.23,52.34,607,Census Tract 8030.02,24033803002,24033803524,"Prince George's County, MD","Prince George's County, MD",0.48239723154370556,AADT_2018,daily vehicle trips whose OD path crosses this tract-pair boundary; direct adjacent OD only is stricter and will undercount through traffic
sl_S2012150691_24031703601__24031703702,24031703601__24031703702,other_adjacent_tract_pair,medium,accepted,S2012150691,Montgomery,Newport Mill Rd,CO,147.0,0.69,Newport Mill Rd - Between College View Dr & Md 586,Denfeld Ave To Md 586,South,2.0,F,5955.0,5905.0,6315.0,6265.0,14.13,58.59,53.13,46.87,24031703601,24031703702,24031,24031,54.90330763364361,742.435211970476,2,-77.06559734298008,39.04472614561765,https://maps.roads.maryland.gov/itms_public/?stationid=S2012150691,0.0,0.73,Urban,6.0,Minor Collector,1.0,5915.0,6515.0,,S,True,False,montgomery_dc_spatial;pg_montgomery_spatial,True,5955.0,5905.0,6315.0,6265.0,5915.0,6515.0,2.0,1.0,147.0,14.13,58.59,204,Census Tract 7036.01,24031703601,24031703702,"Montgomery County, MD","Montgomery County, MD",54.90330763364361,AADT_2018,daily vehicle trips whose OD path crosses this tract-pair boundary; direct adjacent OD only is stricter and will undercount through traffic
sl_B150078_24031702302__24031702900,24031702302__24031702900,other_adjacent_tract_pair,high,accepted,B150078,Montgomery,Sligo Creek Pkwy,GV,7.0,2.19,Sligo Creek Pkwy-.10 Mi W Of Us29,Us 29 To Md 193,West,2.0,F,9560.0,9471.0,10130.0,10041.0,9.26,53.9,50.16,49.84,24031702302,24031702900,24031,24031,13.841127741806833,2858.0456453101183,1,-77.02128298019556,39.00865660685061,https://maps.roads.maryland.gov/itms_public/?stationid=B150078,2.09,4.56,Urban,5.0,Major Collector,1.0,9472.0,10422.0,245.0,B,True,False,montgomery_dc_spatial;pg_montgomery_spatial,True,9560.0,9471.0,10130.0,10041.0,9472.0,10422.0,2.0,1.0,7.0,9.26,53.9,1450,Census Tract 7023.02,24031702302,24031702900,"Montgomery County, MD","Montgomery County, MD",13.841127741806833,AADT_2018,daily vehicle trips whose OD path crosses this tract-pair boundary; direct adjacent OD only is stricter and will undercount through traffic
sl_S2012150715_24031705901__24031705902,24031705901__24031705902,other_adjacent_tract_pair,medium,accepted,S2012150715,Montgomery,Burdette Rd,CO,169.0,1.39,Burdette Rd - .10 Mile North Of Md 190,Md 191 To Royal Dominion Dr,South,2.0,F,3675.0,3590.0,3905.0,3810.0,10.22,52.24,52.16,47.84,24031705901,24031705902,24031,24031,77.67586292896088,1900.2877083353128,1,-77.15218386642995,38.990846644914654,https://maps.roads.maryland.gov/itms_public/?stationid=S2012150715,0.2,1.61,Urban,5.0,Major Collector,1.0,3591.0,3951.0,,S,True,False,montgomery_dc_spatial,True,3675.0,3590.0,3905.0,3810.0,3591.0,3951.0,2.0,1.0,169.0,10.22,52.24,1388,Census Tract 7059.01,24031705901,24031705902,"Montgomery County, MD","Montgomery County, MD",77.67586292896088,AADT_2018,daily vehicle trips whose OD path crosses this tract-pair boundary; direct adjacent OD only is stricter and will undercount through traffic
sl_S2012150937_24031700901__24031700902,24031700901__24031700902,other_adjacent_tract_pair,low_review,accepted,S2012150937,Montgomery,Beall Ave #2,MU,272.0,0.87,Beall Ave #2 - Between Md 355 & Maryland Ave,Henderson Cir To Hungerford Dr,East,2.0,F,6725.0,6290.0,7135.0,6670.0,8.42,53.43,53.65,46.35,24031700901,24031700902,24031,24031,149.48843507419693,2156.0656665041347,1,-77.1506993797617,39.08723315144396,https://maps.roads.maryland.gov/itms_public/?stationid=S2012150937,0.0,0.91,Urban,6.0,Minor Collector,1.0,6291.0,6921.0,,S,True,False,montgomery_dc_spatial,True,6725.0,6290.0,7135.0,6670.0,6291.0,6921.0,2.0,1.0,272.0,8.42,53.43,195,Census Tract 7009.01,24031700901,24031700902,"Montgomery County, MD","Montgomery County, MD",149.48843507419693,AADT_2018,daily vehicle trips whose OD path crosses this tract-pair boundary; direct adjacent OD only is stricter and will undercount through traffic
sl_B2762_24031701212__24031701307,24031701212__24031701307,other_adjacent_tract_pair,high,accepted,B2762,Montgomery,Muncaster Mill Rd,MD,115.0,4.48,Md115-.20 Mi W Of Emory La,Shady Grove Rd To Emory La,East,3.0,F,17572.0,16780.0,18802.0,17960.0,9.87,63.37,49.67,50.33,24031701307,24031701212,24031,24031,0.3743196006381558,5118.709280847784,3,-77.10164256625058,39.11790211417529,https://maps.roads.maryland.gov/itms_public/?stationid=B2762,1.02,4.66,Urban,4.0,Minor Arterial,1.0,16781.0,17791.0,693.0,B,True,False,montgomery_dc_spatial;pg_montgomery_spatial,True,17572.0,16780.0,18802.0,17960.0,16781.0,17791.0,3.0,1.0,115.0,9.87,63.37,335,Census Tract 7013.07,24031701307,24031701212,"Montgomery County, MD","Montgomery County, MD",0.3743196006381558,AADT_2018,daily vehicle trips whose OD path crosses this tract-pair boundary; direct adjacent OD only is stricter and will undercount through traffic
sl_S2012150732_24031703207__24031703702,24031703207__24031703702,other_adjacent_tract_pair,medium,accepted,S2012150732,Montgomery,Parker Ave                              ,CO,284.0,0.72,Parker Ave - Between Gandview Ave & Md 97,Newport Mill Rd To Md 97,West,2.0,F,765.0,810.0,815.0,860.0,7.68,81.43,37.01,62.99,24031703702,24031703207,24031,24031,50.6238980674296,1242.1918617649155,1,-77.05240874510258,39.04949847815653,https://maps.roads.maryland.gov/itms_public/?stationid=S2012150732,0.0,1.15,Urban,6.0,Minor Collector,1.0,811.0,891.0,,S,True,False,montgomery_dc_spatial;pg_montgomery_spatial,True,765.0,810.0,815.0,860.0,811.0,891.0,2.0,1.0,284.0,7.68,81.43,1419,Census Tract 7037.02,24031703702,24031703207,"Montgomery County, MD","Montgomery County, MD",50.6238980674296,AADT_2018,daily vehicle trips whose OD path crosses this tract-pair boundary; direct adjacent OD only is stricter and will undercount through traffic
sl_S2012161023_24033800411__24033800413,24033800411__24033800413,other_adjacent_tract_pair,medium,accepted,S2012161023,Prince George's,Good Luck Rd,CO,42.0,4.99,Good Luck Rd - .10 Mi East Of Md 193,Md 193 To Wingate Dr,East,3.0,F,13355.0,12490.0,14165.0,13240.0,9.15,51.37,50.47,49.53,24033800411,24033800413,24033,24033,76.68436312446282,1804.439039262707,2,-76.83606028960413,38.991601876292926,https://maps.roads.maryland.gov/itms_public/?stationid=S2012161023,4.94,6.409,Urban,5.0,Major Collector,1.0,12491.0,13741.0,,S,True,False,pg_dc_spatial;pg_montgomery_spatial,True,13355.0,12490.0,14165.0,13240.0,12491.0,13741.0,3.0,1.0,42.0,9.15,51.37,448,Census Tract 8004.11,24033800411,24033800413,"Prince George's County, MD","Prince George's County, MD",76.68436312446282,AADT_2018,daily vehicle trips whose OD path crosses this tract-pair boundary; direct adjacent OD only is stricter and will undercount through traffic
sl_S2012161127_24033803900__24033804002,24033803900__24033804002,other_adjacent_tract_pair,high,accepted,S2012161127,Prince George's,Decatur St,CO,601.0,0.02,Decatur St - Between Md 201 & 53rd Ave,Kenilworth Ave To Road End,East,2.0,F,3465.0,3160.0,3675.0,3350.0,9.39,60.96,48.29,51.71,24033804002,24033803900,24033,24033,1.8725254929773145,1450.2913307657368,2,-76.92892702863007,38.94791119713408,https://maps.roads.maryland.gov/itms_public/?stationid=S2012161127,0.0,0.26,Urban,7.0,Local,1.0,3161.0,3481.0,,S,True,False,pg_dc_spatial;pg_montgomery_spatial,True,3465.0,3160.0,3675.0,3350.0,3161.0,3481.0,2.0,1.0,601.0,9.39,60.96,1488,Census Tract 8040.02,24033804002,24033803900,"Prince George's County, MD","Prince George's County, MD",1.8725254929773145,AADT_2018,daily vehicle trips whose OD path crosses this tract-pair boundary; direct adjacent OD only is stricter and will undercount through traffic
sl_B2795_24031704100__24031704200,24031704100__24031704200,other_adjacent_tract_pair,low_review,accepted,B2795,Montgomery,Connecticut Ave,MD,185.0,3.74,Md185-.50 Mi S Of Md547,Saul Rd To Md 192,South,6.0,F,38231.0,37892.0,40911.0,40542.0,7.42,75.22,46.62,53.38,24031704100,24031704200,24031,24031,160.3055272792882,1922.08977565605,1,-77.07698448723457,39.02053388313674,https://maps.roads.maryland.gov/itms_public/?stationid=B2795,3.37,4.4,Urban,3.0,Principal Arterial Other,1.0,39483.0,40173.0,,B,True,False,montgomery_dc_route;montgomery_dc_spatial;pg_montgomery_spatial,True,38231.0,37892.0,40911.0,40542.0,39483.0,40173.0,6.0,1.0,185.0,7.42,75.22,1195,Census Tract 7041,24031704100,24031704200,"Montgomery County, MD","Montgomery County, MD",160.3055272792882,AADT_2018,daily vehicle trips whose OD path crosses this tract-pair boundary; direct adjacent OD only is stricter and will undercount through traffic
sl_B3107_24033807404__24033807405,24033807404__24033807405,other_adjacent_tract_pair,high,accepted,B3107,Prince George's,Baltimore Ave,US,1.0,6.63,Us1-.20 Mi N Of Is95,Is 95 To Md 212-a,South,5.0,F,46462.0,41040.0,49712.0,43910.0,6.72,50.22,46.91,53.09,24033807404,24033807405,24033,24033,14.772397225191023,4787.634547448451,1,-76.92549396226158,39.02095596541178,https://maps.roads.maryland.gov/itms_public/?stationid=B3107,6.43,8.0,Urban,3.0,Principal Arterial Other,1.0,41041.0,43501.0,1622.0,B,True,False,pg_dc_route;pg_dc_spatial;pg_montgomery_spatial,True,46462.0,41040.0,49712.0,43910.0,41041.0,43501.0,5.0,1.0,1.0,6.72,50.22,510,Census Tract 8074.04,24033807404,24033807405,"Prince George's County, MD","Prince George's County, MD",14.772397225191023,AADT_2018,daily vehicle trips whose OD path crosses this tract-pair boundary; direct adjacent OD only is stricter and will undercount through traffic
sl_S2012150650_24031701408__24031701409,24031701408__24031701409,other_adjacent_tract_pair,high,accepted,S2012150650,Montgomery,Peach Orchard Rd,CO,79.0,0.17,Peach Orchard - Between Md 198 & Rowland La,Spencerville Rd To Briggs Chaney Rd,South,2.0,F,2465.0,2360.0,2615.0,2500.0,8.46,55.91,48.65,51.35,24031701408,24031701409,24031,24031,1.0199857975713789,5643.956189584929,1,-76.96257801619123,39.11366895972461,https://maps.roads.maryland.gov/itms_public/?stationid=S2012150650,0.0,1.58,Urban,6.0,Minor Collector,1.0,2361.0,2601.0,,S,True,False,montgomery_dc_spatial;pg_montgomery_spatial,True,2465.0,2360.0,2615.0,2500.0,2361.0,2601.0,2.0,1.0,79.0,8.46,55.91,1394,Census Tract 7014.08,24031701408,24031701409,"Montgomery County, MD","Montgomery County, MD",1.0199857975713789,AADT_2018,daily vehicle trips whose OD path crosses this tract-pair boundary; direct adjacent OD only is stricter and will undercount through traffic
sl_B3214_24033805601__24033805700,24033805601__24033805700,other_adjacent_tract_pair,high,accepted,B3214,Prince George's,Riggs Rd,MD,212.0,2.19,Md212-.10 Mi N Of Md193,Md 193 To Adelphi Rd,North,3.0,F,20620.0,20431.0,22060.0,21861.0,7.58,51.35,47.17,52.83,24033805601,24033805700,24033,24033,0.7237437193063593,1663.8703403282993,3,-76.97823131991716,38.98489247342454,https://maps.roads.maryland.gov/itms_public/?stationid=B3214,2.09,3.83,Urban,4.0,Minor Arterial,1.0,20432.0,21662.0,700.0,B,True,False,pg_dc_route;pg_montgomery_route;pg_dc_spatial;pg_montgomery_spatial,True,20620.0,20431.0,22060.0,21861.0,20432.0,21662.0,3.0,1.0,212.0,7.58,51.35,1535,Census Tract 8056.01,24033805601,24033805700,"Prince George's County, MD","Prince George's County, MD",0.7237437193063593,AADT_2018,daily vehicle trips whose OD path crosses this tract-pair boundary; direct adjacent OD only is stricter and will undercount through traffic
sl_S2012161043_24033800701__24033802201,24033800701__24033802201,other_adjacent_tract_pair,medium,accepted,S2012161043,Prince George's,Westphalia Rd,CO,91.0,1.18,Westphalia Rd - .10 Mi East Of D Arcy Rd,Darcy Rd To Ritchie Marlboro Rd,West,2.0,F,3955.0,4100.0,4195.0,4350.0,9.81,78.92,50.1,49.9,24033800701,24033802201,24033,24033,55.6542535286937,7078.1603099477,1,-76.84520248018322,38.84448475618571,https://maps.roads.maryland.gov/itms_public/?stationid=S2012161043,1.14,3.1,Urban,5.0,Major Collector,1.0,4101.0,4511.0,,S,True,False,pg_dc_spatial,True,3955.0,4100.0,4195.0,4350.0,4101.0,4511.0,2.0,1.0,91.0,9.81,78.92,1499,Census Tract 8007.01,24033800701,24033802201,"Prince George's County, MD","Prince George's County, MD",55.6542535286937,AADT_2018,daily vehicle trips whose OD path crosses this tract-pair boundary; direct adjacent OD only is stricter and will undercount through traffic
sl_B2823_24031704700__24031705903,24031704700__24031705903,other_adjacent_tract_pair,high,accepted,B2823,Montgomery,Bradley Blvd,MD,191.0,4.81,Md191-.10 Mi S Of Md188,Md 188 To Md 614,North,3.0,F,13335.0,12370.0,14275.0,13240.0,9.7,54.69,49.19,50.81,24031704700,24031705903,24031,24031,1.072705648702703,1929.9769586700556,1,-77.11505966499362,38.98474303835614,https://maps.roads.maryland.gov/itms_public/?stationid=B2823,4.71,5.53,Urban,4.0,Minor Arterial,1.0,12371.0,13111.0,312.0,B,True,False,montgomery_dc_route;montgomery_dc_spatial;pg_montgomery_spatial,True,13335.0,12370.0,14275.0,13240.0,12371.0,13111.0,3.0,1.0,191.0,9.7,54.69,574,Census Tract 7047,24031704700,24031705903,"Montgomery County, MD","Montgomery County, MD",1.072705648702703,AADT_2018,daily vehicle trips whose OD path crosses this tract-pair boundary; direct adjacent OD only is stricter and will undercount through traffic
sl_S2012161129_24033805601__24033805700,24033805601__24033805700,other_adjacent_tract_pair,high,accepted,S2012161129,Prince George's,Merrimac Dr,CO,668.0,0.724,Merrimac Dr - Between Md 650 & New Hampshire Ave Ser La,New Riggs Rd To Md 650,East,3.0,F,5915.0,5700.0,6275.0,6040.0,8.93,63.27,52.09,47.91,24033805601,24033805700,24033,24033,16.355302971465232,1663.8703403282993,2,-76.98646692352499,38.99304250211731,https://maps.roads.maryland.gov/itms_public/?stationid=S2012161129,0.0,0.73,Urban,5.0,Major Collector,1.0,5701.0,6271.0,,S,True,False,pg_dc_spatial;pg_montgomery_spatial,True,5915.0,5700.0,6275.0,6040.0,5701.0,6271.0,3.0,1.0,668.0,8.93,63.27,1535,Census Tract 8056.01,24033805601,24033805700,"Prince George's County, MD","Prince George's County, MD",16.355302971465232,AADT_2018,daily vehicle trips whose OD path crosses this tract-pair boundary; direct adjacent OD only is stricter and will undercount through traffic
sl_S2012161130_24033805601__24033805700,24033805601__24033805700,other_adjacent_tract_pair,high,accepted,S2012161130,Prince George's,Merrimac Dr,CO,668.0,0.736,Merrimac Dr - Between Md 650 & New Hampshire Ave (serv La),Md 650 To Montgomery Co/l,West,2.0,F,5305.0,5120.0,5625.0,5430.0,8.37,53.46,51.58,48.42,24033805700,24033805601,24033,24033,2.7471843666445768,1663.8703403282998,2,-76.98667063897355,38.99310836032446,https://maps.roads.maryland.gov/itms_public/?stationid=S2012161130,0.73,0.96,Urban,5.0,Major Collector,1.0,5121.0,5631.0,,S,True,False,pg_dc_spatial;pg_montgomery_spatial,True,5305.0,5120.0,5625.0,5430.0,5121.0,5631.0,2.0,1.0,668.0,8.37,53.46,1540,Census Tract 8057,24033805700,24033805601,"Prince George's County, MD","Prince George's County, MD",2.7471843666445768,AADT_2018,daily vehicle trips whose OD path crosses this tract-pair boundary; direct adjacent OD only is stricter and will undercount through traffic
sl_S2012161037_24033802204__24033802804,24033802204__24033802804,other_adjacent_tract_pair,low_review,accepted,S2012161037,Prince George's,Ritchie Rd,CO,87.0,2.41,Ritchie Rd - .10 Mi South Of Walker Mill Rd,Forestville Rd To Walker Mill Rd,South,3.0,F,21765.0,21370.0,23295.0,22870.0,8.3,61.11,44.53,55.47,24033802204,24033802804,24033,24033,165.74969897713294,4633.737682846893,1,-76.85627004069056,38.87165459417584,https://maps.roads.maryland.gov/itms_public/?stationid=S2012161037,0.29,2.499,Urban,4.0,Minor Arterial,1.0,21371.0,22651.0,,S,True,False,pg_dc_spatial,True,21765.0,21370.0,23295.0,22870.0,21371.0,22651.0,3.0,1.0,87.0,8.3,61.11,1505,Census Tract 8022.04,24033802204,24033802804,"Prince George's County, MD","Prince George's County, MD",165.74969897713294,AADT_2018,daily vehicle trips whose OD path crosses this tract-pair boundary; direct adjacent OD only is stricter and will undercount through traffic
sl_S2012150652_24031701417__24031701422,24031701417__24031701422,other_adjacent_tract_pair,high,accepted,S2012150652,Montgomery,Robey Rd,CO,94.0,0.78,Robey Rd - .10 Mi East Of Briggs Chaney Rd,Greencastle Rd To Briggs Chaney Rd,West,2.0,F,5315.0,4850.0,5635.0,5140.0,9.9,53.72,48.76,51.24,24031701422,24031701417,24031,24031,0.899404865581033,1181.4232495774568,1,-76.94323695125591,39.08051997957319,https://maps.roads.maryland.gov/itms_public/?stationid=S2012150652,0.0,0.9,Urban,5.0,Major Collector,1.0,4851.0,5341.0,,S,True,False,montgomery_dc_spatial;pg_montgomery_spatial,True,5315.0,4850.0,5635.0,5140.0,4851.0,5341.0,2.0,1.0,94.0,9.9,53.72,1359,Census Tract 7014.22,24031701422,24031701417,"Montgomery County, MD","Montgomery County, MD",0.899404865581033,AADT_2018,daily vehicle trips whose OD path crosses this tract-pair boundary; direct adjacent OD only is stricter and will undercount through traffic
sl_B3250_24033801104__24033801904,24033801104__24033801904,other_adjacent_tract_pair,high,accepted,B3250,Prince George's,Allentown Rd,MD,337.0,1.81,Md337-.20 Mi N Of Suitland Rd,Suitland Rd To Forestville Rd,North,4.0,F,25590.0,25361.0,27380.0,27141.0,6.88,53.57,50.17,49.83,24033801904,24033801104,24033,24033,1.6176243281031568,4198.583139216432,2,-76.8836365834073,38.82288403851918,https://maps.roads.maryland.gov/itms_public/?stationid=B3250,1.61,2.2,Urban,4.0,Minor Arterial,1.0,25362.0,26882.0,757.0,B,True,False,pg_dc_spatial,True,25590.0,25361.0,27380.0,27141.0,25362.0,26882.0,4.0,1.0,337.0,6.88,53.57,1563,Census Tract 8019.04,24033801904,24033801104,"Prince George's County, MD","Prince George's County, MD",1.6176243281031568,AADT_2018,daily vehicle trips whose OD path crosses this tract-pair boundary; direct adjacent OD only is stricter and will undercount through traffic
sl_S2012150699_24031701002__24031701206,24031701002__24031701206,other_adjacent_tract_pair,low_review,accepted,S2012150699,Montgomery,Seven Locks Rd,CO,148.0,5.85,Seven Locks Rd - Between Goya Dr & Montrose Rd,Postoak Rd To Montrose Rd,North,2.0,C,23994.0,23785.0,25674.0,25455.0,8.63,55.89,52.06,47.94,24031701206,24031701002,24031,24031,116.69402494234946,2194.7796543536797,1,-77.16195751426329,39.05611485933914,https://maps.roads.maryland.gov/itms_public/?stationid=S2012150699,5.56,5.93,Urban,4.0,Minor Arterial,1.0,23780.0,25210.0,803.0,S,True,False,montgomery_dc_spatial,True,23994.0,23785.0,25674.0,25455.0,23780.0,25210.0,2.0,1.0,148.0,8.63,55.89,555,Census Tract 7012.06,24031701206,24031701002,"Montgomery County, MD","Montgomery County, MD",116.69402494234946,AADT_2018,daily vehicle trips whose OD path crosses this tract-pair boundary; direct adjacent OD only is stricter and will undercount through traffic
sl_B160004_24033807404__24033807408,24033807404__24033807408,other_adjacent_tract_pair,high,accepted,B160004,Prince George's,Old Baltimore Pike,CO,23.0,1.03,Old Baltimore Pike-.10 Mi S Of Ammendale Rd,Muirkirk Rd To Edmonston Ave,North,2.0,F,16140.0,16001.0,17270.0,17121.0,8.48,51.03,50.2,49.8,24033807404,24033807408,24033,24033,0.7060968304017134,8285.069261936966,1,-76.89176226286877,39.0475492606349,https://maps.roads.maryland.gov/itms_public/?stationid=B160004,0.0,1.2,Urban,4.0,Minor Arterial,1.0,16002.0,16962.0,1720.0,B,True,False,pg_dc_spatial;pg_montgomery_spatial,True,16140.0,16001.0,17270.0,17121.0,16002.0,16962.0,2.0,1.0,23.0,8.48,51.03,510,Census Tract 8074.04,24033807404,24033807408,"Prince George's County, MD","Prince George's County, MD",0.7060968304017134,AADT_2018,daily vehicle trips whose OD path crosses this tract-pair boundary; direct adjacent OD only is stricter and will undercount through traffic
sl_B2954_24031701703__24031702000,24031701703__24031702000,other_adjacent_tract_pair,low_review,accepted,B2954,Montgomery,University Blvd E,MD,193.0,6.6,Md193-between Md195 & Merrimac Dr,Md 195 To Merrimac Dr,East,6.0,F,38722.0,37810.0,41432.0,40460.0,7.5,50.07,51.05,48.95,24031702000,24031701703,24031,24031,137.95267813075517,836.851655321423,3,-76.99246006448571,38.99371110595958,https://maps.roads.maryland.gov/itms_public/?stationid=B2954,6.58,6.69,Urban,3.0,Principal Arterial Other,1.0,37811.0,40081.0,886.0,B,True,False,montgomery_dc_route;pg_montgomery_route;montgomery_dc_spatial;pg_montgomery_spatial,True,38722.0,37810.0,41432.0,40460.0,37811.0,40081.0,6.0,1.0,193.0,7.5,50.07,1447,Census Tract 7020,24031702000,24031701703,"Montgomery County, MD","Montgomery County, MD",137.95267813075517,AADT_2018,daily vehicle trips whose OD path crosses this tract-pair boundary; direct adjacent OD only is stricter and will undercount through traffic
sl_B2713_24031700901__24031700904,24031700901__24031700904,other_adjacent_tract_pair,high,accepted,B2713,Montgomery,Veirs Mill Rd,MD,28.0,22.85,Md28-.30 Mi W Of Md586,Md 355 To Md 586,East,4.0,F,27752.0,26340.0,29702.0,28180.0,7.78,57.54,50.55,49.45,24031700901,24031700904,24031,24031,2.1968786999429915,865.1801017052737,3,-77.14339214188087,39.08086380414545,https://maps.roads.maryland.gov/itms_public/?stationid=B2713,22.72,23.15,Urban,3.0,Principal Arterial Other,1.0,26341.0,27921.0,805.0,B,True,False,montgomery_dc_spatial,True,27752.0,26340.0,29702.0,28180.0,26341.0,27921.0,4.0,1.0,28.0,7.78,57.54,195,Census Tract 7009.01,24031700901,24031700904,"Montgomery County, MD","Montgomery County, MD",2.1968786999429915,AADT_2018,daily vehicle trips whose OD path crosses this tract-pair boundary; direct adjacent OD only is stricter and will undercount through traffic
sl_B2821_24031705601__24031705602,24031705601__24031705602,other_adjacent_tract_pair,high,accepted,B2821,Montgomery,River Rd,MD,190.0,15.56,Md190-.30 Mi W Of Wash Dc Line,Little Falls Pkwy To Washington Dc/l,West,4.0,C,20601.0,20422.0,22041.0,21852.0,8.5,52.63,51.97,48.03,24031705602,24031705601,24031,24031,0.45287440269456153,646.1834665855173,2,-77.09574909696387,38.959576750699725,https://maps.roads.maryland.gov/itms_public/?stationid=B2821,15.19,15.88,Urban,3.0,Principal Arterial Other,1.0,20180.0,21390.0,,B,True,False,montgomery_dc_route;montgomery_dc_spatial;pg_montgomery_spatial,True,20601.0,20422.0,22041.0,21852.0,20180.0,21390.0,4.0,1.0,190.0,8.5,52.63,1385,Census Tract 7056.02,24031705602,24031705601,"Montgomery County, MD","Montgomery County, MD",0.45287440269456153,AADT_2018,daily vehicle trips whose OD path crosses this tract-pair boundary; direct adjacent OD only is stricter and will undercount through traffic
sl_S2012161090_24033807200__24033807301,24033807200__24033807301,other_adjacent_tract_pair,medium,accepted,S2012161090,Prince George's,Metzerott Rd,CO,230.0,2.05,Metzerott Rd - .10 Mi West Of Md 193,Adelphi Rd To Md 193,West,3.0,F,14245.0,13880.0,15105.0,14710.0,8.5,52.27,49.06,50.94,24033807200,24033807301,24033,24033,80.59741142905327,4790.67770724873,1,-76.94375406824585,39.00075103171413,https://maps.roads.maryland.gov/itms_public/?stationid=S2012161090,0.87,2.11,Urban,5.0,Major Collector,1.0,13881.0,15271.0,,S,True,False,pg_dc_spatial;pg_montgomery_spatial,True,14245.0,13880.0,15105.0,14710.0,13881.0,15271.0,3.0,1.0,230.0,8.5,52.27,1523,Census Tract 8072,24033807200,24033807301,"Prince George's County, MD","Prince George's County, MD",80.59741142905327,AADT_2018,daily vehicle trips whose OD path crosses this tract-pair boundary; direct adjacent OD only is stricter and will undercount through traffic
sl_B2741_24031703201__24031703214,24031703201__24031703214,other_adjacent_tract_pair,high,accepted,B2741,Montgomery,Georgia Ave,MD,97.0,6.8,Md97-.20 Mi S Of Md185,Md 182 To Md 185,North,6.0,F,33132.0,30180.0,35452.0,32290.0,7.79,54.56,50.29,49.71,24031703201,24031703214,24031,24031,4.859260541461585,447.8737817435277,2,-77.07588953702297,39.08129637980066,https://maps.roads.maryland.gov/itms_public/?stationid=B2741,4.81,7.0,Urban,3.0,Principal Arterial Other,1.0,30181.0,31991.0,,B,True,False,montgomery_dc_route;montgomery_dc_spatial;pg_montgomery_spatial,True,33132.0,30180.0,35452.0,32290.0,30181.0,31991.0,6.0,1.0,97.0,7.79,54.56,1410,Census Tract 7032.01,24031703201,24031703214,"Montgomery County, MD","Montgomery County, MD",4.859260541461585,AADT_2018,daily vehicle trips whose OD path crosses this tract-pair boundary; direct adjacent OD only is stricter and will undercount through traffic
sl_S2012161085_24033801405__24033801409,24033801405__24033801409,other_adjacent_tract_pair,medium,accepted,S2012161085,Prince George's,Tucker Rd,CO,193.0,0.05,Tucker Rd - .10 Mi South Of St Barnabas Rd,St Barnabas Rd To Palmer Rd,North,2.0,F,5025.0,4780.0,5335.0,5070.0,9.68,85.69,49.11,50.89,24033801409,24033801405,24033,24033,83.99712488262668,2806.9950389580877,1,-76.9822263732257,38.79735777393415,https://maps.roads.maryland.gov/itms_public/?stationid=S2012161085,0.0,1.75,Urban,5.0,Major Collector,1.0,4781.0,5261.0,,S,True,False,pg_montgomery_route;pg_dc_spatial,True,5025.0,4780.0,5335.0,5070.0,4781.0,5261.0,2.0,1.0,193.0,9.68,85.69,682,Census Tract 8014.09,24033801409,24033801405,"Prince George's County, MD","Prince George's County, MD",83.99712488262668,AADT_2018,daily vehicle trips whose OD path crosses this tract-pair boundary; direct adjacent OD only is stricter and will undercount through traffic
sl_B3238_24033806708__24033806712,24033806708__24033806712,other_adjacent_tract_pair,high,accepted,B3238,Prince George's,Baltimore Washington Pkwy,MD,295.0,6.76,Md295-.40 Mi N Of Md193,Md 193 To Powder Mill Rd,South,4.0,F,111140.0,110141.0,118920.0,117851.0,6.0,50.28,48.23,51.77,24033806712,24033806708,24033,24033,19.002888991226556,2177.310215388686,1,-76.87361154653328,38.99694884200214,https://maps.roads.maryland.gov/itms_public/?stationid=B3238,6.36,9.65,Urban,2.0,Principal Arterial Other Freeways and Expressways,1.0,110142.0,116752.0,1319.0,B,True,False,pg_dc_route;pg_dc_spatial;pg_montgomery_spatial,True,111140.0,110141.0,118920.0,117851.0,110142.0,116752.0,4.0,1.0,295.0,6.0,50.28,311,Census Tract 8067.12,24033806712,24033806708,"Prince George's County, MD","Prince George's County, MD",19.002888991226556,AADT_2018,daily vehicle trips whose OD path crosses this tract-pair boundary; direct adjacent OD only is stricter and will undercount through traffic
sl_B2880_24031702800__24031702900,24031702800__24031702900,other_adjacent_tract_pair,low_review,accepted,B2880,Montgomery,16th St,MD,390.0,1.0,Md390-.10 Mi S Of Md97,Second Ave To Md 97,North,6.0,C,29771.0,29502.0,31861.0,31572.0,7.57,57.82,51.92,48.08,24031702800,24031702900,24031,24031,138.27258489984015,1797.7823211455957,1,-77.04002845940259,39.00530315219916,https://maps.roads.maryland.gov/itms_public/?stationid=B2880,0.85,1.09,Urban,3.0,Principal Arterial Other,1.0,31290.0,33170.0,,B,True,False,montgomery_dc_route;montgomery_dc_spatial;pg_montgomery_spatial,True,29771.0,29502.0,31861.0,31572.0,31290.0,33170.0,6.0,1.0,390.0,7.57,57.82,343,Census Tract 7028,24031702800,24031702900,"Montgomery County, MD","Montgomery County, MD",138.27258489984015,AADT_2018,daily vehicle trips whose OD path crosses this tract-pair boundary; direct adjacent OD only is stricter and will undercount through traffic
sl_B2946_24031701006__24031701007,24031701006__24031701007,other_adjacent_tract_pair,high,accepted,B2946,Montgomery,W Montgomery Ave,MD,28.0,20.86,Md28-.30 Mi W Of Is270,Shady Grove Rd To Is 270,West,5.0,C,50821.0,50362.0,54381.0,53892.0,8.3,54.71,48.15,51.85,24031701006,24031701007,24031,24031,15.014196510692573,2262.45967063154,1,-77.17723857230514,39.08825483856456,https://maps.roads.maryland.gov/itms_public/?stationid=B2946,19.51,21.15,Urban,3.0,Principal Arterial Other,1.0,51310.0,54390.0,,B,True,False,montgomery_dc_spatial,True,50821.0,50362.0,54381.0,53892.0,51310.0,54390.0,5.0,1.0,28.0,8.3,54.71,896,Census Tract 7010.06,24031701006,24031701007,"Montgomery County, MD","Montgomery County, MD",15.014196510692573,AADT_2018,daily vehicle trips whose OD path crosses this tract-pair boundary; direct adjacent OD only is stricter and will undercount through traffic
sl_S2016160123_24033806400__24033807200,24033806400__24033807200,other_adjacent_tract_pair,low_review,accepted,S2016160123,Prince George's,Hartwick Rd,MU,561.0,0.16,Hartwick Rd - .10 Mile West Of Us 1,Guilford Dr To Princeton Ave,West,2.0,F,2631.0,2612.0,2791.0,2772.0,7.87,57.96,42.79,57.21,24033807200,24033806400,24033,24033,159.15230142406926,1964.259526898886,2,-76.93970361583372,38.9798414404674,https://maps.roads.maryland.gov/itms_public/?stationid=S2016160123,0.0,0.38,Urban,5.0,Major Collector,1.0,2613.0,2873.0,,S,True,False,pg_dc_spatial;pg_montgomery_spatial,True,2631.0,2612.0,2791.0,2772.0,2613.0,2873.0,2.0,1.0,561.0,7.87,57.96,1523,Census Tract 8072,24033807200,24033806400,"Prince George's County, MD","Prince George's County, MD",159.15230142406926,AADT_2018,daily vehicle trips whose OD path crosses this tract-pair boundary; direct adjacent OD only is stricter and will undercount through traffic
sl_B2794_24031704100__24031705100,24031704100__24031705100,other_adjacent_tract_pair,medium,accepted,B2794,Montgomery,Connecticut Ave,MD,185.0,2.77,Md185-.15 Mi N Of Is495,Is 495 To Saul Rd,North,6.0,F,45191.0,44782.0,48351.0,47922.0,7.34,58.76,49.62,50.38,24031704100,24031705100,24031,24031,56.20695908615668,1944.5409626330202,2,-77.07965134636127,39.00740813001796,https://maps.roads.maryland.gov/itms_public/?stationid=B2794,2.62,3.37,Urban,3.0,Principal Arterial Other,1.0,46663.0,47473.0,,B,True,False,montgomery_dc_route;montgomery_dc_spatial;pg_montgomery_spatial,True,45191.0,44782.0,48351.0,47922.0,46663.0,47473.0,6.0,1.0,185.0,7.34,58.76,1195,Census Tract 7041,24031704100,24031705100,"Montgomery County, MD","Montgomery County, MD",56.20695908615668,AADT_2018,daily vehicle trips whose OD path crosses this tract-pair boundary; direct adjacent OD only is stricter and will undercount through traffic
sl_S2012150706_24031701214__24031701215,24031701214__24031701215,other_adjacent_tract_pair,low_review,accepted,S2012150706,Montgomery,Tuckerman La,CO,164.0,0.09,Tuckerman La - .10 Mile East Of Md 355,Md 355 (south Entrence) To Md 355 (north Entrence),East,4.0,F,11045.0,10955.0,11715.0,11615.0,12.09,64.76,48.69,51.31,24031701214,24031701215,24031,24031,124.68266777469644,928.9338304555246,2,-77.1017970100041,39.02455585337402,https://maps.roads.maryland.gov/itms_public/?stationid=S2012150706,0.0,0.72,Urban,5.0,Major Collector,1.0,10965.0,12065.0,,S,True,False,montgomery_dc_spatial;pg_montgomery_spatial,True,11045.0,10955.0,11715.0,11615.0,10965.0,12065.0,4.0,1.0,164.0,12.09,64.76,564,Census Tract 7012.14,24031701214,24031701215,"Montgomery County, MD","Montgomery County, MD",124.68266777469644,AADT_2018,daily vehicle trips whose OD path crosses this tract-pair boundary; direct adjacent OD only is stricter and will undercount through traffic
sl_S2012161040_24033801410__24033801411,24033801410__24033801411,other_adjacent_tract_pair,high,accepted,S2012161040,Prince George's,Fort Foote Rd,CO,88.0,3.07,Fort Foote Rd - Between Stony Hill Dr & Oxon Hill Rd,Sandy Bar Dr To Oxon Hill Rd,East,2.0,F,11685.0,10960.0,12395.0,11620.0,6.87,54.4,53.89,46.11,24033801411,24033801410,24033,24033,2.751850842903025,2923.842725377193,1,-77.00523951119231,38.76090534044624,https://maps.roads.maryland.gov/itms_public/?stationid=S2012161040,2.03,3.1,Urban,6.0,Minor Collector,1.0,10961.0,12061.0,,S,True,False,pg_dc_spatial,True,11685.0,10960.0,12395.0,11620.0,10961.0,12061.0,2.0,1.0,88.0,6.87,54.4,885,Census Tract 8014.11,24033801411,24033801410,"Prince George's County, MD","Prince George's County, MD",2.751850842903025,AADT_2018,daily vehicle trips whose OD path crosses this tract-pair boundary; direct adjacent OD only is stricter and will undercount through traffic
sl_S2012150910_24031701214__24031704401,24031701214__24031704401,other_adjacent_tract_pair,high,accepted,S2012150910,Montgomery,No Name,GV,48.0,0.13,No Name (grosvenor La ) - Between Gv 53 (no Name) & Md 355,Rockville Pike To Rockville Pike,North,2.0,F,9525.0,9445.0,10195.0,10115.0,9.51,100.0,100.0,0.0,24031704401,24031701214,24031,24031,17.734345901271364,137.38100406919773,3,-77.10248750633545,39.022298901477456,https://maps.roads.maryland.gov/itms_public/?stationid=S2012150910,0.0,0.14,Urban,7.0,Local,1.0,9455.0,10025.0,,S,True,False,montgomery_dc_spatial;pg_montgomery_spatial,True,9525.0,9445.0,10195.0,10115.0,9455.0,10025.0,2.0,1.0,48.0,9.51,100.0,559,Census Tract 7044.01,24031704401,24031701214,"Montgomery County, MD","Montgomery County, MD",17.734345901271364,AADT_2018,daily vehicle trips whose OD path crosses this tract-pair boundary; direct adjacent OD only is stricter and will undercount through traffic
sl_S2012161025_24033800410__24033800411,24033800410__24033800411,other_adjacent_tract_pair,high,accepted,S2012161025,Prince George's,Duckettown Rd,CO,47.0,0.24,Duckettown Rd - .10 Mi West Of Maple Ave,Maple Ave To Springfield Rd,East,2.0,F,1295.0,1190.0,1375.0,1260.0,8.4,52.68,50.75,49.25,24033800411,24033800410,24033,24033,1.8808113318890725,8742.514862346425,1,-76.7835792545368,39.01066721218334,https://maps.roads.maryland.gov/itms_public/?stationid=S2012161025,0.15,1.71,Urban,5.0,Major Collector,1.0,1191.0,1311.0,,S,True,False,pg_dc_spatial,True,1295.0,1190.0,1375.0,1260.0,1191.0,1311.0,2.0,1.0,47.0,8.4,52.68,448,Census Tract 8004.11,24033800411,24033800410,"Prince George's County, MD","Prince George's County, MD",1.8808113318890725,AADT_2018,daily vehicle trips whose OD path crosses this tract-pair boundary; direct adjacent OD only is stricter and will undercount through traffic
sl_S2012161107_24033802805__24033803002,24033802805__24033803002,other_adjacent_tract_pair,high,accepted,S2012161107,Prince George's,Seat Pleasant Dr                        ,CO,361.0,0.02,Seat Pleasant Dr - Between Hill Rd & Pepper Mill Rd,Hill Rd To Seat Pleasant Dr (ahead),South,2.0,F,5425.0,5490.0,5755.0,5820.0,7.98,55.8,49.04,50.96,24033803002,24033802805,24033,24033,1.8759573455739593,1255.1418829166598,2,-76.8870657645622,38.901918437735205,https://maps.roads.maryland.gov/itms_public/?stationid=S2012161107,0.0,0.79,Urban,5.0,Major Collector,1.0,5491.0,6041.0,,S,True,False,pg_dc_spatial,True,5425.0,5490.0,5755.0,5820.0,5491.0,6041.0,2.0,1.0,361.0,7.98,55.8,607,Census Tract 8030.02,24033803002,24033802805,"Prince George's County, MD","Prince George's County, MD",1.8759573455739593,AADT_2018,daily vehicle trips whose OD path crosses this tract-pair boundary; direct adjacent OD only is stricter and will undercount through traffic
sl_S2012150700_24031701002__24031701206,24031701002__24031701206,other_adjacent_tract_pair,low_review,accepted,S2012150700,Montgomery,Seven Locks Rd,CO,148.0,6.01,Seven Locks Rd - .10 Mile North Of Montrose Rd,Montrose Rd To Seven Locks Rd (ahead),North,4.0,F,17835.0,16830.0,19085.0,18010.0,9.02,61.89,48.99,51.01,24031701002,24031701206,24031,24031,142.18428765433893,2194.77965435368,1,-77.16140583099954,39.05844347829676,https://maps.roads.maryland.gov/itms_public/?stationid=S2012150700,5.93,6.23,Urban,4.0,Minor Arterial,1.0,16831.0,17841.0,,S,True,False,montgomery_dc_spatial,True,17835.0,16830.0,19085.0,18010.0,16831.0,17841.0,4.0,1.0,148.0,9.02,61.89,210,Census Tract 7010.02,24031701002,24031701206,"Montgomery County, MD","Montgomery County, MD",142.18428765433893,AADT_2018,daily vehicle trips whose OD path crosses this tract-pair boundary; direct adjacent OD only is stricter and will undercount through traffic
sl_S2012150668_24031703208__24031703209,24031703208__24031703209,other_adjacent_tract_pair,high,accepted,S2012150668,Montgomery,Arcola Ave,CO,124.0,1.9,Arcola Ave - Between Lamberton Dr & Watermill La,Lamberton Dr To Md 193,East,3.0,F,16945.0,16160.0,18135.0,17290.0,9.23,62.36,50.65,49.35,24031703208,24031703209,24031,24031,0.4785380854680315,1294.1353263416684,1,-77.02816570930743,39.039774733284574,https://maps.roads.maryland.gov/itms_public/?stationid=S2012150668,1.79,2.23,Urban,4.0,Minor Arterial,1.0,16161.0,17131.0,,S,True,False,montgomery_dc_spatial;pg_montgomery_spatial,True,16945.0,16160.0,18135.0,17290.0,16161.0,17131.0,3.0,1.0,124.0,9.23,62.36,1423,Census Tract 7032.08,24031703208,24031703209,"Montgomery County, MD","Montgomery County, MD",0.4785380854680315,AADT_2018,daily vehicle trips whose OD path crosses this tract-pair boundary; direct adjacent OD only is stricter and will undercount through traffic
sl_S2012161014_24033803606__24033803607,24033803606__24033803607,other_adjacent_tract_pair,low_review,accepted,S2012161014,Prince George's,Cipriano Rd,CO,28.0,1.9,Cipriano Rd - Between Md 564 & Magnolia Ave,Good Luck Rd To Md 564,North,3.0,F,16325.0,16350.0,17315.0,17330.0,7.94,53.23,51.07,48.93,24033803606,24033803607,24033,24033,140.9627927458798,2178.4464676358953,2,-76.85872777112078,38.9652976102103,https://maps.roads.maryland.gov/itms_public/?stationid=S2012161014,0.94,1.93,Urban,5.0,Major Collector,1.0,16351.0,17991.0,,S,True,False,pg_dc_spatial;pg_montgomery_spatial,True,16325.0,16350.0,17315.0,17330.0,16351.0,17991.0,3.0,1.0,28.0,7.94,53.23,484,Census Tract 8036.06,24033803606,24033803607,"Prince George's County, MD","Prince George's County, MD",140.9627927458798,AADT_2018,daily vehicle trips whose OD path crosses this tract-pair boundary; direct adjacent OD only is stricter and will undercount through traffic
sl_B2818_24031705901__24031705902,24031705901__24031705902,other_adjacent_tract_pair,high,accepted,B2818,Montgomery,River Rd,MD,190.0,12.58,Md190-.20 Mi W Of Md188,Is 495 To Md 188,West,4.0,C,46671.0,46252.0,49941.0,49492.0,7.68,51.93,50.7,49.3,24031705902,24031705901,24031,24031,11.723367026298847,1900.2877083353126,2,-77.13953841422776,38.98458919825929,https://maps.roads.maryland.gov/itms_public/?stationid=B2818,11.52,12.71,Urban,3.0,Principal Arterial Other,1.0,46380.0,49160.0,1676.0,B,True,False,montgomery_dc_route;montgomery_dc_spatial,True,46671.0,46252.0,49941.0,49492.0,46380.0,49160.0,4.0,1.0,190.0,7.68,51.93,595,Census Tract 7059.02,24031705902,24031705901,"Montgomery County, MD","Montgomery County, MD",11.723367026298847,AADT_2018,daily vehicle trips whose OD path crosses this tract-pair boundary; direct adjacent OD only is stricter and will undercount through traffic
sl_B2951_24031705000__24031705100,24031705000__24031705100,other_adjacent_tract_pair,high,accepted,B2951,Montgomery,Connecticut Ave,MD,185.0,2.42,Md185-.20 Mi S Of Is495,Md 410 To Is 495,South,6.0,C,73351.0,72692.0,78491.0,77782.0,6.77,57.45,51.66,48.34,24031705100,24031705000,24031,24031,6.581151980076266,1985.440823149291,1,-77.0772113989804,39.00263231896586,https://maps.roads.maryland.gov/itms_public/?stationid=B2951,1.38,2.62,Urban,3.0,Principal Arterial Other,1.0,77530.0,82180.0,1667.0,B,True,False,montgomery_dc_route;montgomery_dc_spatial;pg_montgomery_spatial,True,73351.0,72692.0,78491.0,77782.0,77530.0,82180.0,6.0,1.0,185.0,6.77,57.45,576,Census Tract 7051,24031705100,24031705000,"Montgomery County, MD","Montgomery County, MD",6.581151980076266,AADT_2018,daily vehicle trips whose OD path crosses this tract-pair boundary; direct adjacent OD only is stricter and will undercount through traffic
sl_S2012161134_24033802103__24033802203,24033802103__24033802203,other_adjacent_tract_pair,medium,accepted,S2012161134,Prince George's,Lakehurst Ave,CO,729.0,0.42,Lakehurst Ave - Between Marlboro Pike & Millvale Ave,Longfields Pl To Marbury Dr,North,2.0,F,1915.0,1790.0,2035.0,1900.0,8.5,56.21,51.31,48.69,24033802203,24033802103,24033,24033,54.47836209011672,2000.6293955780789,1,-76.87859950772537,38.848498971930425,https://maps.roads.maryland.gov/itms_public/?stationid=S2012161134,0.0,1.02,Urban,6.0,Minor Collector,1.0,1791.0,1971.0,,S,True,False,pg_dc_spatial,True,1915.0,1790.0,2035.0,1900.0,1791.0,1971.0,2.0,1.0,729.0,8.5,56.21,546,Census Tract 8022.03,24033802203,24033802103,"Prince George's County, MD","Prince George's County, MD",54.47836209011672,AADT_2018,daily vehicle trips whose OD path crosses this tract-pair boundary; direct adjacent OD only is stricter and will undercount through traffic
sl_B2807_24031705901__24031705902,24031705901__24031705902,other_adjacent_tract_pair,low_review,accepted,B2807,Montgomery,Wilson La,MD,188.0,0.8,Md188-.10 Mi W Of Md190,Mcarthur Blvd To Md 190,East,3.0,C,6444.0,6395.0,6904.0,6845.0,9.81,58.27,53.97,46.03,24031705902,24031705901,24031,24031,154.92133129104428,1900.2877083353126,2,-77.13897349159335,38.98269137896317,https://maps.roads.maryland.gov/itms_public/?stationid=B2807,0.0,0.9,Urban,4.0,Minor Arterial,1.0,6120.0,6490.0,,B,True,False,montgomery_dc_spatial,True,6444.0,6395.0,6904.0,6845.0,6120.0,6490.0,3.0,1.0,188.0,9.81,58.27,595,Census Tract 7059.02,24031705902,24031705901,"Montgomery County, MD","Montgomery County, MD",154.92133129104428,AADT_2018,daily vehicle trips whose OD path crosses this tract-pair boundary; direct adjacent OD only is stricter and will undercount through traffic
sl_B2786_24031703212__24031703215,24031703212__24031703215,other_adjacent_tract_pair,high,accepted,B2786,Montgomery,Layhill Rd,MD,182.0,2.13,Md182-.10 Mi S Bonifant Rd/bel Pre Rd,Briggs Rd To Bonifant Rd,South,4.0,F,25290.0,25061.0,27060.0,26821.0,9.02,69.1,47.74,52.26,24031703212,24031703215,24031,24031,3.2579531802373918,1046.1452769305963,3,-77.04454486615596,39.08922163944174,https://maps.roads.maryland.gov/itms_public/?stationid=B2786,0.71,2.23,Urban,3.0,Principal Arterial Other,1.0,25062.0,26572.0,814.0,B,True,False,montgomery_dc_spatial;pg_montgomery_spatial,True,25290.0,25061.0,27060.0,26821.0,25062.0,26572.0,4.0,1.0,182.0,9.02,69.1,337,Census Tract 7032.12,24031703212,24031703215,"Montgomery County, MD","Montgomery County, MD",3.2579531802373918,AADT_2018,daily vehicle trips whose OD path crosses this tract-pair boundary; direct adjacent OD only is stricter and will undercount through traffic
sl_S2012150913_24031701201__24031703501,24031701201__24031703501,other_adjacent_tract_pair,low_review,accepted,S2012150913,Montgomery,Garrett Park Rd,GV,1191.0,0.6,Garrett Park Rd - .05 Mi North Of Beach Dr,Garrett Park Rd (back) To Schuylkill Rd,South,2.0,F,3555.0,3690.0,3775.0,3910.0,13.16,70.86,50.85,49.15,24031703501,24031701201,24031,24031,132.11448025164046,2799.6801034360296,2,-77.08798149944938,39.04163707709351,https://maps.roads.maryland.gov/itms_public/?stationid=S2012150913,0.56,0.82,Urban,7.0,Local,1.0,3691.0,4061.0,,S,True,False,montgomery_dc_spatial;pg_montgomery_spatial,True,3555.0,3690.0,3775.0,3910.0,3691.0,4061.0,2.0,1.0,1191.0,13.16,70.86,1425,Census Tract 7035.01,24031703501,24031701201,"Montgomery County, MD","Montgomery County, MD",132.11448025164046,AADT_2018,daily vehicle trips whose OD path crosses this tract-pair boundary; direct adjacent OD only is stricter and will undercount through traffic
sl_S2012161004_24033800203__24033807407,24033800203__24033807407,other_adjacent_tract_pair,low_review,accepted,S2012161004,Prince George's,Old Gunpowder Rd,CO,2.0,2.04,Old Gunpowder Rd - .10 Mi South Of Green Castle Rd,Green Castle Rd To Briggs Chaney Rd,North,2.0,F,12025.0,11450.0,12875.0,12250.0,8.95,62.22,50.29,49.71,24033807407,24033800203,24033,24033,142.6606023987523,3399.523336729967,1,-76.92095300275487,39.07422185657724,https://maps.roads.maryland.gov/itms_public/?stationid=S2012161004,1.95,2.868,Urban,4.0,Minor Arterial,1.0,11451.0,12141.0,,S,True,False,pg_dc_spatial;pg_montgomery_spatial,True,12025.0,11450.0,12875.0,12250.0,11451.0,12141.0,2.0,1.0,2.0,8.95,62.22,183,Census Tract 8074.07,24033807407,24033800203,"Prince George's County, MD","Prince George's County, MD",142.6606023987523,AADT_2018,daily vehicle trips whose OD path crosses this tract-pair boundary; direct adjacent OD only is stricter and will undercount through traffic
sl_B2903_24031702200__24031702302,24031702200__24031702302,other_adjacent_tract_pair,high,accepted,B2903,Montgomery,Franklin Ave,CO,7075.0,0.2,Franklin Ave-.20 Mi E Of Us 29,Us 29 To Flower Ave,West,2.0,F,5093.0,5054.0,5403.0,5364.0,10.33,74.13,48.27,51.73,24031702200,24031702302,24031,24031,1.3885350230699032,2516.963176577984,1,-77.01484315734972,39.0089606863289,https://maps.roads.maryland.gov/itms_public/?stationid=B2903,0.0,0.58,Urban,5.0,Major Collector,1.0,5055.0,5565.0,,B,True,False,montgomery_dc_spatial;pg_montgomery_spatial,True,5093.0,5054.0,5403.0,5364.0,5055.0,5565.0,2.0,1.0,7075.0,10.33,74.13,1448,Census Tract 7022,24031702200,24031702302,"Montgomery County, MD","Montgomery County, MD",1.3885350230699032,AADT_2018,daily vehicle trips whose OD path crosses this tract-pair boundary; direct adjacent OD only is stricter and will undercount through traffic
sl_S2012150968_24031700718__24031701211,24031700718__24031701211,other_adjacent_tract_pair,high,accepted,S2012150968,Montgomery,Redland Blvd,MU,2533.0,0.97,Redland Blvd - Between Md 355 & Elmcroft Blvd,Ramp 9 Fr Ramp 1 To Redland Blvd To Frederick Rd,East,3.0,F,13635.0,13380.0,14455.0,14180.0,10.95,72.35,58.11,41.89,24031700718,24031701211,24031,24031,10.450318790292958,1843.8283125178737,2,-77.1669476098525,39.11501627829977,https://maps.roads.maryland.gov/itms_public/?stationid=S2012150968,0.0,1.03,Urban,5.0,Major Collector,1.0,13381.0,14721.0,,S,True,False,montgomery_dc_spatial,True,13635.0,13380.0,14455.0,14180.0,13381.0,14721.0,3.0,1.0,2533.0,10.95,72.35,894,Census Tract 7007.18,24031700718,24031701211,"Montgomery County, MD","Montgomery County, MD",10.450318790292958,AADT_2018,daily vehicle trips whose OD path crosses this tract-pair boundary; direct adjacent OD only is stricter and will undercount through traffic
sl_B150099_24031701414__24031701418,24031701414__24031701418,other_adjacent_tract_pair,high,accepted,B150099,Montgomery,Columbia Pike,US,29.0,7.73,Us29-200ft N Of Fairland Rd,Fairland Rd To Briggs Chaney Rd,South,7.0,C,63131.0,62562.0,67551.0,66942.0,7.61,57.61,53.21,46.79,24031701414,24031701418,24031,24031,5.212876134910495,610.9658102847386,2,-76.95523097306186,39.07390593020525,https://maps.roads.maryland.gov/itms_public/?stationid=B150099,7.68,8.46,Urban,2.0,Principal Arterial Other Freeways and Expressways,1.0,59280.0,62840.0,,B,True,False,montgomery_dc_route;pg_montgomery_route;montgomery_dc_spatial;pg_montgomery_spatial,True,63131.0,62562.0,67551.0,66942.0,59280.0,62840.0,7.0,1.0,29.0,7.61,57.61,1412,Census Tract 7014.14,24031701414,24031701418,"Montgomery County, MD","Montgomery County, MD",5.212876134910495,AADT_2018,daily vehicle trips whose OD path crosses this tract-pair boundary; direct adjacent OD only is stricter and will undercount through traffic
sl_B2975_24031701308__24031703218,24031701308__24031703218,other_adjacent_tract_pair,high,accepted,B2975,Montgomery,Norbeck Rd,MD,28.0,27.41,Md28-.10 Mi E Of Md97,Md 97 To Md 182,East,4.0,F,23372.0,22240.0,25012.0,23800.0,9.12,58.2,48.45,51.55,24031703218,24031701308,24031,24031,7.071521570835493,670.5505117815222,2,-77.07436015794671,39.1099593098382,https://maps.roads.maryland.gov/itms_public/?stationid=B2975,27.31,29.88,Urban,3.0,Principal Arterial Other,1.0,23171.0,23571.0,,B,True,False,montgomery_dc_spatial;pg_montgomery_spatial,True,23372.0,22240.0,25012.0,23800.0,23171.0,23571.0,4.0,1.0,28.0,9.12,58.2,1330,Census Tract 7032.18,24031703218,24031701308,"Montgomery County, MD","Montgomery County, MD",7.071521570835493,AADT_2018,daily vehicle trips whose OD path crosses this tract-pair boundary; direct adjacent OD only is stricter and will undercount through traffic
sl_S2012150748_24031705502__24031705701,24031705502__24031705701,other_adjacent_tract_pair,medium,accepted,S2012150748,Montgomery,Dorset Ave,CO,438.0,1.12,Dorset Ave - .10 Mile East Of Md 190,Dorset Ave (back) To River Rd,East,2.0,F,1935.0,1810.0,2055.0,1920.0,9.48,63.3,60.48,39.52,24031705502,24031705701,24031,24031,98.60345222209267,1907.2863354904853,1,-77.10921809587248,38.96958796041906,https://maps.roads.maryland.gov/itms_public/?stationid=S2012150748,0.7,1.18,Urban,6.0,Minor Collector,1.0,1811.0,1991.0,,S,True,False,montgomery_dc_spatial;pg_montgomery_spatial,True,1935.0,1810.0,2055.0,1920.0,1811.0,1991.0,2.0,1.0,438.0,9.48,63.3,743,Census Tract 7055.02,24031705502,24031705701,"Montgomery County, MD","Montgomery County, MD",98.60345222209267,AADT_2018,daily vehicle trips whose OD path crosses this tract-pair boundary; direct adjacent OD only is stricter and will undercount through traffic
sl_B160052_24033803514__24033803521,24033803514__24033803521,other_adjacent_tract_pair,high,accepted,B160052,Prince George's,Lottsford Rd,CO,64.0,1.76,Lottsford Rd-.30 Mi E Of Md202,Md 193 To Md 202,West,4.0,F,23780.0,23571.0,25450.0,25221.0,9.23,61.23,50.03,49.97,24033803521,24033803514,24033,24033,0.7599403229241815,2029.304942801052,1,-76.83506458885837,38.91584891986701,https://maps.roads.maryland.gov/itms_public/?stationid=B160052,0.0,2.06,Urban,4.0,Minor Arterial,1.0,23572.0,24992.0,,B,True,False,pg_dc_spatial,True,23780.0,23571.0,25450.0,25221.0,23572.0,24992.0,4.0,1.0,64.0,9.23,61.23,871,Census Tract 8035.21,24033803521,24033803514,"Prince George's County, MD","Prince George's County, MD",0.7599403229241815,AADT_2018,daily vehicle trips whose OD path crosses this tract-pair boundary; direct adjacent OD only is stricter and will undercount through traffic
sl_B160075_24033802803__24033802804,24033802803__24033802804,other_adjacent_tract_pair,high,accepted,B160075,Prince George's,Addison Rd,CO,366.0,1.13,Addison Rd-.30 Mi S Of Md214,Md 214 To Walker Mill Rd,South,3.0,C,19061.0,18892.0,20401.0,20212.0,8.58,58.43,49.89,50.11,24033802803,24033802804,24033,24033,0.07608690340018369,2372.620488794997,1,-76.89715333945134,38.88263789550958,https://maps.roads.maryland.gov/itms_public/?stationid=B160075,0.83,2.24,Urban,3.0,Principal Arterial Other,1.0,17450.0,18500.0,,B,True,False,pg_dc_spatial,True,19061.0,18892.0,20401.0,20212.0,17450.0,18500.0,3.0,1.0,366.0,8.58,58.43,598,Census Tract 8028.03,24033802803,24033802804,"Prince George's County, MD","Prince George's County, MD",0.07608690340018369,AADT_2018,daily vehicle trips whose OD path crosses this tract-pair boundary; direct adjacent OD only is stricter and will undercount through traffic
sl_S2012150955_24031700901__24031701001,24031700901__24031701001,other_adjacent_tract_pair,low_review,accepted,S2012150955,Montgomery,E Jefferson St,MU,1482.0,0.1,E Jefferson St - Between Ritchie Pkwy & Paca Pl,Mt Vernon Pl To Ritchie Pkwy,North,2.0,F,2445.0,2510.0,2595.0,2660.0,11.06,50.16,58.71,41.29,24031701001,24031700901,24031,24031,164.4575314665057,1470.4465346753516,2,-77.1423740416435,39.07632011110042,https://maps.roads.maryland.gov/itms_public/?stationid=S2012150955,0.0,0.14,Urban,5.0,Major Collector,1.0,2511.0,2761.0,,S,True,False,montgomery_dc_spatial,True,2445.0,2510.0,2595.0,2660.0,2511.0,2761.0,2.0,1.0,1482.0,11.06,50.16,209,Census Tract 7010.01,24031701001,24031700901,"Montgomery County, MD","Montgomery County, MD",164.4575314665057,AADT_2018,daily vehicle trips whose OD path crosses this tract-pair boundary; direct adjacent OD only is stricter and will undercount through traffic
sl_B150084_24031700816__24031700817,24031700816__24031700817,other_adjacent_tract_pair,high,accepted,B150084,Montgomery,Sam Eig Hwy,CO,6271.0,0.2,Sam Eig Hwy-.20 Mi N Of Md119,Md 119 To Is 370 (ahead),South,5.0,C,35921.0,35602.0,38441.0,38092.0,8.51,51.53,49.89,50.11,24031700817,24031700816,24031,24031,1.2460280101634482,3695.829100804787,1,-77.21096841577858,39.1112599256258,https://maps.roads.maryland.gov/itms_public/?stationid=B150084,0.0,0.78,Urban,2.0,Principal Arterial Other Freeways and Expressways,1.0,35730.0,37870.0,,B,True,False,montgomery_dc_spatial,True,35921.0,35602.0,38441.0,38092.0,35730.0,37870.0,5.0,1.0,6271.0,8.51,51.53,363,Census Tract 7008.17,24031700817,24031700816,"Montgomery County, MD","Montgomery County, MD",1.2460280101634482,AADT_2018,daily vehicle trips whose OD path crosses this tract-pair boundary; direct adjacent OD only is stricter and will undercount through traffic
sl_S2012161013_24033806711__24033806712,24033806711__24033806712,other_adjacent_tract_pair,low_review,accepted,S2012161013,Prince George's,Cipriano Rd,CO,28.0,0.09,Cipriano Rd - .10 Mi South Of Md 193,Md 193 To Good Luck Rd,South,3.0,F,10865.0,10190.0,11525.0,10800.0,9.37,51.24,49.99,50.01,24033806711,24033806712,24033,24033,134.77739591393225,779.8386724589901,1,-76.85504969285181,38.98998999874661,https://maps.roads.maryland.gov/itms_public/?stationid=S2012161013,0.0,0.94,Urban,5.0,Major Collector,1.0,10191.0,11211.0,,S,True,False,pg_dc_spatial;pg_montgomery_spatial,True,10865.0,10190.0,11525.0,10800.0,10191.0,11211.0,3.0,1.0,28.0,9.37,51.24,310,Census Tract 8067.11,24033806711,24033806712,"Prince George's County, MD","Prince George's County, MD",134.77739591393225,AADT_2018,daily vehicle trips whose OD path crosses this tract-pair boundary; direct adjacent OD only is stricter and will undercount through traffic
sl_S2012161183_24033802405__24033802501,24033802405__24033802501,other_adjacent_tract_pair,medium,accepted,S2012161183,Prince George's,Shadyside Ave,CO,3640.0,0.07,Shadyside Ave - Between Md 4 & Bennett Ave,Pennsylvania Ave (sb) To Suitland Rd,South,3.0,F,5625.0,5530.0,5965.0,5860.0,8.68,58.74,51.74,48.26,24033802405,24033802501,24033,24033,83.67417689047971,2586.2394000255026,2,-76.93258545355727,38.864234010465815,https://maps.roads.maryland.gov/itms_public/?stationid=S2012161183,0.0,1.01,Urban,5.0,Major Collector,1.0,5531.0,6081.0,,S,True,False,pg_dc_spatial,True,5625.0,5530.0,5965.0,5860.0,5531.0,6081.0,3.0,1.0,3640.0,8.68,58.74,1527,Census Tract 8024.05,24033802405,24033802501,"Prince George's County, MD","Prince George's County, MD",83.67417689047971,AADT_2018,daily vehicle trips whose OD path crosses this tract-pair boundary; direct adjacent OD only is stricter and will undercount through traffic
sl_S2012161059_24033801210__24033801216,24033801210__24033801216,other_adjacent_tract_pair,high,accepted,S2012161059,Prince George's,Temple Hill Rd,CO,123.0,0.12,Temple Hill Rd - .10 Mi North Of Md 223,Md 223 To Kirby Rd,South,3.0,F,9165.0,11400.0,9815.0,12200.0,8.24,67.68,48.18,51.82,24033801216,24033801210,24033,24033,1.6042150423024888,2686.277901362515,1,-76.9202793435469,38.75699982702394,https://maps.roads.maryland.gov/itms_public/?stationid=S2012161059,0.0,1.81,Urban,4.0,Minor Arterial,1.0,11401.0,12091.0,,S,True,False,pg_dc_spatial,True,9165.0,11400.0,9815.0,12200.0,11401.0,12091.0,3.0,1.0,123.0,8.24,67.68,883,Census Tract 8012.16,24033801216,24033801210,"Prince George's County, MD","Prince George's County, MD",1.6042150423024888,AADT_2018,daily vehicle trips whose OD path crosses this tract-pair boundary; direct adjacent OD only is stricter and will undercount through traffic
sl_B2912_24031701505__24031701509,24031701505__24031701509,other_adjacent_tract_pair,high,accepted,B2912,Montgomery,New Hampshire Ave,MD,650.0,3.43,Md650-.20 Mi N Of Is495,Is 495 To Powder Mill Rd,North,6.0,F,56462.0,51840.0,60412.0,55470.0,7.9,50.03,49.73,50.27,24031701509,24031701505,24031,24031,19.839403209792824,3056.6526266561928,1,-76.97710931514413,39.0218889980047,https://maps.roads.maryland.gov/itms_public/?stationid=B2912,3.23,3.46,Urban,3.0,Principal Arterial Other,1.0,51841.0,54951.0,1955.0,B,True,False,montgomery_dc_route;pg_montgomery_route;montgomery_dc_spatial;pg_montgomery_spatial,True,56462.0,51840.0,60412.0,55470.0,51841.0,54951.0,6.0,1.0,650.0,7.9,50.03,689,Census Tract 7015.09,24031701509,24031701505,"Montgomery County, MD","Montgomery County, MD",19.839403209792824,AADT_2018,daily vehicle trips whose OD path crosses this tract-pair boundary; direct adjacent OD only is stricter and will undercount through traffic
sl_B150033_24031701202__24031701216,24031701202__24031701216,other_adjacent_tract_pair,high,accepted,B150033,Montgomery,Nicholson La,CO,4242.0,0.56,Nicholson La-.10 Mi E Of Md355,Md 355 To Boiling Brook Pkwy,East,4.0,F,20180.0,20001.0,21390.0,21201.0,7.96,56.29,49.88,50.12,24031701216,24031701202,24031,24031,2.234959550666628,870.4790964774279,2,-77.10982898440166,39.04480976467833,https://maps.roads.maryland.gov/itms_public/?stationid=B150033,0.46,1.15,Urban,5.0,Major Collector,1.0,20002.0,22002.0,879.0,B,True,False,montgomery_dc_spatial;pg_montgomery_spatial,True,20180.0,20001.0,21390.0,21201.0,20002.0,22002.0,4.0,1.0,4242.0,7.96,56.29,1045,Census Tract 7012.16,24031701216,24031701202,"Montgomery County, MD","Montgomery County, MD",2.234959550666628,AADT_2018,daily vehicle trips whose OD path crosses this tract-pair boundary; direct adjacent OD only is stricter and will undercount through traffic
sl_S2012161086_24033801305__24033801407,24033801305__24033801407,other_adjacent_tract_pair,high,accepted,S2012161086,Prince George's,Tucker Rd,CO,193.0,2.97,Tucker Rd - Between Allentown Rd & Op102-no Name,Plamer Rd To Arundel Dr,South,2.0,F,15685.0,15470.0,16785.0,16550.0,12.63,57.59,47.76,52.24,24033801407,24033801305,24033,24033,0.20616494146610134,508.83863249087864,2,-76.952599492286,38.77628433374714,https://maps.roads.maryland.gov/itms_public/?stationid=S2012161086,1.75,3.0,Urban,4.0,Minor Arterial,1.0,15471.0,16401.0,,S,True,False,pg_montgomery_route;pg_dc_spatial,True,15685.0,15470.0,16785.0,16550.0,15471.0,16401.0,2.0,1.0,193.0,12.63,57.59,1556,Census Tract 8014.07,24033801407,24033801305,"Prince George's County, MD","Prince George's County, MD",0.20616494146610134,AADT_2018,daily vehicle trips whose OD path crosses this tract-pair boundary; direct adjacent OD only is stricter and will undercount through traffic
sl_B2735_24031703901__24031704000,24031703901__24031704000,other_adjacent_tract_pair,high,accepted,B2735,Montgomery,Georgia Ave,MD,97.0,2.11,Md97-.50 Mi N Of Md192,Md 192 To Md 586,North,6.0,F,64742.0,59700.0,69272.0,63880.0,6.64,57.52,45.57,54.43,24031703901,24031704000,24031,24031,3.4486260258012433,1395.0642329023776,1,-77.0451869855143,39.0228701794322,https://maps.roads.maryland.gov/itms_public/?stationid=B2735,1.61,3.07,Urban,3.0,Principal Arterial Other,1.0,62211.0,63281.0,,B,True,False,montgomery_dc_route;montgomery_dc_spatial;pg_montgomery_spatial,True,64742.0,59700.0,69272.0,63880.0,62211.0,63281.0,6.0,1.0,97.0,6.64,57.52,1192,Census Tract 7039.01,24031703901,24031704000,"Montgomery County, MD","Montgomery County, MD",3.4486260258012433,AADT_2018,daily vehicle trips whose OD path crosses this tract-pair boundary; direct adjacent OD only is stricter and will undercount through traffic
sl_B160133_24033802201__24033802203,24033802201__24033802203,other_adjacent_tract_pair,high,accepted,B160133,Prince George's,Capital Beltway,IS,95.0,11.28,Is95-.50 Mi N Of Md4,Md 4 To Ritchie Marlboro Rd,North,8.0,C,217341.0,216042.0,226041.0,224682.0,6.23,51.42,49.91,50.09,24033802201,24033802203,24033,24033,31.013570165724566,2307.287946176949,1,-76.86210171666548,38.84612972019384,https://maps.roads.maryland.gov/itms_public/?stationid=B160133,10.78,13.14,Urban,1.0,Interstate,1.0,212360.0,220850.0,,B,True,False,pg_montgomery_route;pg_dc_spatial,True,217341.0,216042.0,226041.0,224682.0,212360.0,220850.0,8.0,1.0,95.0,6.23,51.42,1557,Census Tract 8022.01,24033802201,24033802203,"Prince George's County, MD","Prince George's County, MD",31.013570165724566,AADT_2018,daily vehicle trips whose OD path crosses this tract-pair boundary; direct adjacent OD only is stricter and will undercount through traffic
sl_S2006150084_24031701409__24031701414,24031701409__24031701414,other_adjacent_tract_pair,high,accepted,S2006150084,Montgomery,Briggs Chaney Rd,CO,95.0,3.15,Briggs Chaney Rd- .02 Mile West Of Old Columbia Pike,Peach Orchard Rd To Old Columbia Pike,West,3.0,F,14905.0,14190.0,15955.0,15180.0,8.08,57.43,50.71,49.29,24031701414,24031701409,24031,24031,31.52238317489201,1731.3247699181734,1,-76.95143498642027,39.08441660038453,https://maps.roads.maryland.gov/itms_public/?stationid=S2006150084,1.83,3.17,Urban,4.0,Minor Arterial,1.0,14191.0,15041.0,,S,True,False,pg_montgomery_route;montgomery_dc_spatial;pg_montgomery_spatial,True,14905.0,14190.0,15955.0,15180.0,14191.0,15041.0,3.0,1.0,95.0,8.08,57.43,1412,Census Tract 7014.14,24031701414,24031701409,"Montgomery County, MD","Montgomery County, MD",31.52238317489201,AADT_2018,daily vehicle trips whose OD path crosses this tract-pair boundary; direct adjacent OD only is stricter and will undercount through traffic
sl_S2012150695_24031706010__24031706013,24031706010__24031706013,other_adjacent_tract_pair,high,accepted,S2012150695,Montgomery,Seven Locks Rd,CO,148.0,3.33,Seven Locks Rd - .10 Mile South Of Democracy Blvd,Md 191 To Democracy Blvd,North,2.0,F,19905.0,18910.0,21305.0,20230.0,10.3,64.64,50.66,49.34,24031706013,24031706010,24031,24031,39.393167278816634,1363.5447960628803,2,-77.16223181753024,39.02182948892497,https://maps.roads.maryland.gov/itms_public/?stationid=S2012150695,2.63,3.43,Urban,4.0,Minor Arterial,1.0,18911.0,20051.0,,S,True,False,montgomery_dc_spatial,True,19905.0,18910.0,21305.0,20230.0,18911.0,20051.0,2.0,1.0,148.0,10.3,64.64,1328,Census Tract 7060.13,24031706013,24031706010,"Montgomery County, MD","Montgomery County, MD",39.393167278816634,AADT_2018,daily vehicle trips whose OD path crosses this tract-pair boundary; direct adjacent OD only is stricter and will undercount through traffic
sl_B3120_24033802104__24033802203,24033802104__24033802203,other_adjacent_tract_pair,high,accepted,B3120,Prince George's,Pennsylvania Ave,MD,4.0,9.67,Md4-.30 Mi N Of Is95,Is 95 To Forestville Rd,South,4.0,C,64131.0,63552.0,68621.0,68002.0,6.58,55.7,52.9,47.1,24033802203,24033802104,24033,24033,22.758305024966297,642.5984432676896,2,-76.87185555844344,38.84071455061711,https://maps.roads.maryland.gov/itms_public/?stationid=B3120,9.37,9.79,Urban,3.0,Principal Arterial Other,1.0,62660.0,66420.0,,B,True,False,pg_dc_route;pg_dc_spatial,True,64131.0,63552.0,68621.0,68002.0,62660.0,66420.0,4.0,1.0,4.0,6.58,55.7,546,Census Tract 8022.03,24033802203,24033802104,"Prince George's County, MD","Prince George's County, MD",22.758305024966297,AADT_2018,daily vehicle trips whose OD path crosses this tract-pair boundary; direct adjacent OD only is stricter and will undercount through traffic
sl_B2947_24031702200__24031702302,24031702200__24031702302,other_adjacent_tract_pair,high,accepted,B2947,Montgomery,Colesville Rd,US,29.0,2.23,Us29-.15 Mi S Of Is495,Dale Dr To Is 495,North,6.0,C,56931.0,56422.0,60921.0,60372.0,7.74,61.31,51.97,48.03,24031702200,24031702302,24031,24031,6.46595040814953,2516.963176577984,2,-77.01661527469048,39.0137789369654,https://maps.roads.maryland.gov/itms_public/?stationid=B2947,1.51,2.38,Urban,3.0,Principal Arterial Other,1.0,59230.0,62780.0,1107.0,B,True,False,montgomery_dc_route;pg_montgomery_route;montgomery_dc_spatial;pg_montgomery_spatial,True,56931.0,56422.0,60921.0,60372.0,59230.0,62780.0,6.0,1.0,29.0,7.74,61.31,1448,Census Tract 7022,24031702200,24031702302,"Montgomery County, MD","Montgomery County, MD",6.46595040814953,AADT_2018,daily vehicle trips whose OD path crosses this tract-pair boundary; direct adjacent OD only is stricter and will undercount through traffic
sl_S2012150912_24031704803__24031705502,24031704803__24031705502,other_adjacent_tract_pair,high,accepted,S2012150912,Montgomery,Hillandale Rd,GV,442.0,0.35,Hillandale Rd - .10 Mi North Of Little Falls Pkwy,Hillandale Rd (back) To Little Falls Pkwy,North,2.0,F,4515.0,4640.0,4795.0,4920.0,8.47,61.25,57.47,42.53,24031705502,24031704803,24031,24031,0.03137800979991756,1759.3410118776728,1,-77.09969801729102,38.97375461483361,https://maps.roads.maryland.gov/itms_public/?stationid=S2012150912,0.26,0.44,Urban,5.0,Major Collector,1.0,4641.0,5111.0,,S,True,False,montgomery_dc_spatial;pg_montgomery_spatial,True,4515.0,4640.0,4795.0,4920.0,4641.0,5111.0,2.0,1.0,442.0,8.47,61.25,743,Census Tract 7055.02,24031705502,24031704803,"Montgomery County, MD","Montgomery County, MD",0.03137800979991756,AADT_2018,daily vehicle trips whose OD path crosses this tract-pair boundary; direct adjacent OD only is stricter and will undercount through traffic
sl_B150102_24031701800__24031702500,24031701800__24031702500,other_adjacent_tract_pair,high,accepted,B150102,Montgomery,Takoma Ave,MU,1220.0,0.1,Takoma Ave-.10 Mi N Of Wash Dc Line,Washington Dc/l To Fenton St,South,2.0,F,8014.0,7945.0,8504.0,8425.0,9.33,52.44,48.86,51.14,24031701800,24031702500,24031,24031,34.5360072004107,711.941076358311,2,-77.0202388656459,38.98038651139275,https://maps.roads.maryland.gov/itms_public/?stationid=B150102,0.0,0.28,Urban,5.0,Major Collector,1.0,7955.0,8755.0,,B,True,False,montgomery_dc_spatial;pg_montgomery_spatial,True,8014.0,7945.0,8504.0,8425.0,7955.0,8755.0,2.0,1.0,1220.0,9.33,52.44,605,Census Tract 7018,24031701800,24031702500,"Montgomery County, MD","Montgomery County, MD",34.5360072004107,AADT_2018,daily vehicle trips whose OD path crosses this tract-pair boundary; direct adjacent OD only is stricter and will undercount through traffic
sl_B3245_24033800507__24033800511,24033800507__24033800511,other_adjacent_tract_pair,high,accepted,B3245,Prince George's,Crain Hwy,US,301.0,20.29,Us301-.20 Mi N Of Md214,Md 214 To Queen Anne Bridge Rd,South,4.0,C,57381.0,56872.0,61401.0,60852.0,7.33,51.74,49.28,50.72,24033800507,24033800511,24033,24033,0.11877351667375956,3498.840959206688,1,-76.71777581034387,38.90127412099296,https://maps.roads.maryland.gov/itms_public/?stationid=B3245,20.09,21.31,Urban,3.0,Principal Arterial Other,1.0,59370.0,62930.0,3693.0,B,True,False,pg_dc_route,True,57381.0,56872.0,61401.0,60852.0,59370.0,62930.0,4.0,1.0,301.0,7.33,51.74,1525,Census Tract 8005.07,24033800507,24033800511,"Prince George's County, MD","Prince George's County, MD",0.11877351667375956,AADT_2018,daily vehicle trips whose OD path crosses this tract-pair boundary; direct adjacent OD only is stricter and will undercount through traffic
sl_S2012150954_24031700901__24031700904,24031700901__24031700904,other_adjacent_tract_pair,medium,accepted,S2012150954,Montgomery,Jefferson Plaza                         ,MU,1481.0,0.05,Jefferson Plaza - Between Md 28 & Fleet St,Veirs Mill Rd To Fleet St,South,2.0,F,1325.0,1210.0,1415.0,1280.0,21.55,100.0,0.0,100.0,24031700901,24031700904,24031,24031,82.97802658872892,865.1801017052737,1,-77.1466278286185,39.08094247056367,https://maps.roads.maryland.gov/itms_public/?stationid=S2012150954,0.0,0.09,Urban,5.0,Major Collector,1.0,1211.0,1331.0,,S,True,False,montgomery_dc_spatial,True,1325.0,1210.0,1415.0,1280.0,1211.0,1331.0,2.0,1.0,1481.0,21.55,100.0,195,Census Tract 7009.01,24031700901,24031700904,"Montgomery County, MD","Montgomery County, MD",82.97802658872892,AADT_2018,daily vehicle trips whose OD path crosses this tract-pair boundary; direct adjacent OD only is stricter and will undercount through traffic
sl_S2012150726_24031700606__24031700607,24031700606__24031700607,other_adjacent_tract_pair,high,accepted,S2012150726,Montgomery,Dufief Mill Rd,CO,210.0,0.09,Dufief Mill Rd - .10 Mile North Of Travilah Rd,Travilah Rd To Flints Grove La,North,2.0,F,6435.0,6090.0,6895.0,6520.0,10.57,65.58,51.7,48.3,24031700606,24031700607,24031,24031,0.7803704433723597,3549.432528049201,2,-77.24948767390168,39.08276754909946,https://maps.roads.maryland.gov/itms_public/?stationid=S2012150726,0.0,1.35,Urban,4.0,Minor Arterial,1.0,6091.0,6461.0,,S,True,False,montgomery_dc_spatial,True,6435.0,6090.0,6895.0,6520.0,6091.0,6461.0,2.0,1.0,210.0,10.57,65.58,1418,Census Tract 7006.06,24031700606,24031700607,"Montgomery County, MD","Montgomery County, MD",0.7803704433723597,AADT_2018,daily vehicle trips whose OD path crosses this tract-pair boundary; direct adjacent OD only is stricter and will undercount through traffic
sl_S2012150869_24031704803__24031704804,24031704803__24031704804,other_adjacent_tract_pair,high,accepted,S2012150869,Montgomery,Bethesda Ave,CO,4419.0,0.37,Bethesda Ave - .10 Mi West Of Md 355,Clarendon Rd To Wisconsin Ave,East,2.0,F,10655.0,10565.0,11295.0,11205.0,7.7,51.6,50.21,49.79,24031704804,24031704803,24031,24031,0.5978130675312039,620.1012409678659,2,-77.09374797839595,38.98102996437454,https://maps.roads.maryland.gov/itms_public/?stationid=S2012150869,0.0,0.43,Urban,5.0,Major Collector,1.0,10575.0,11635.0,,S,True,False,montgomery_dc_spatial;pg_montgomery_spatial,True,10655.0,10565.0,11295.0,11205.0,10575.0,11635.0,2.0,1.0,4419.0,7.7,51.6,806,Census Tract 7048.04,24031704804,24031704803,"Montgomery County, MD","Montgomery County, MD",0.5978130675312039,AADT_2018,daily vehicle trips whose OD path crosses this tract-pair boundary; direct adjacent OD only is stricter and will undercount through traffic
sl_B3313_24033803516__24033803608,24033803516__24033803608,other_adjacent_tract_pair,high,accepted,B3313,Prince George's,Martin Luther King Jr Hwy,MD,704.0,5.56,Md704-.40 Mi E Of Is595/us50,Is 595/us 50 To Md 450,South,6.0,F,44710.0,44311.0,47840.0,47411.0,7.58,50.44,50.55,49.45,24033803516,24033803608,24033,24033,15.922312054417413,2337.8786224276114,1,-76.83835007819536,38.950223804455376,https://maps.roads.maryland.gov/itms_public/?stationid=B3313,5.16,6.53,Urban,3.0,Principal Arterial Other,1.0,44312.0,46972.0,879.0,B,True,False,pg_dc_route;pg_dc_spatial;pg_montgomery_spatial,True,44710.0,44311.0,47840.0,47411.0,44312.0,46972.0,6.0,1.0,704.0,7.58,50.44,474,Census Tract 8035.16,24033803516,24033803608,"Prince George's County, MD","Prince George's County, MD",15.922312054417413,AADT_2018,daily vehicle trips whose OD path crosses this tract-pair boundary; direct adjacent OD only is stricter and will undercount through traffic
sl_S2005150025_24031701410__24031701423,24031701410__24031701423,other_adjacent_tract_pair,high,accepted,S2005150025,Montgomery,Greencastle Rd,CO,93.0,0.98,Greencastle Rd - .10 Mile North Of Us 29,Cul De Sac To Prince Georges Co/l,South,2.0,F,9720.0,9631.0,10300.0,10211.0,8.84,55.72,48.16,51.84,24031701423,24031701410,24031,24031,0.006816008926944635,1434.4409896637383,2,-76.93640051233065,39.094911441709854,https://maps.roads.maryland.gov/itms_public/?stationid=S2005150025,0.0,2.43,Urban,5.0,Major Collector,1.0,9632.0,10602.0,200.0,S,True,False,pg_montgomery_spatial,True,9720.0,9631.0,10300.0,10211.0,9632.0,10602.0,2.0,1.0,93.0,8.84,55.72,1333,Census Tract 7014.23,24031701423,24031701410,"Montgomery County, MD","Montgomery County, MD",0.006816008926944635,AADT_2018,daily vehicle trips whose OD path crosses this tract-pair boundary; direct adjacent OD only is stricter and will undercount through traffic
sl_S2012150974_24031700903__24031701211,24031700903__24031701211,other_adjacent_tract_pair,high,accepted,S2012150974,Montgomery,Southlawn La,MU,2795.0,1.33,Southlawn La - Between E Gude Dr & Lofstrand La,E Gude Dr To N Horners La,East,3.0,F,8065.0,8110.0,8555.0,8600.0,9.94,72.47,49.21,50.79,24031701211,24031700903,24031,24031,0.7703125683807092,2497.1421036401625,1,-77.13718854720864,39.09713621071437,https://maps.roads.maryland.gov/itms_public/?stationid=S2012150974,1.28,1.79,Urban,5.0,Major Collector,1.0,8111.0,8921.0,,S,True,False,montgomery_dc_spatial,True,8065.0,8110.0,8555.0,8600.0,8111.0,8921.0,3.0,1.0,2795.0,9.94,72.47,1404,Census Tract 7012.11,24031701211,24031700903,"Montgomery County, MD","Montgomery County, MD",0.7703125683807092,AADT_2018,daily vehicle trips whose OD path crosses this tract-pair boundary; direct adjacent OD only is stricter and will undercount through traffic
sl_S2012150872_24031701601__24031701602,24031701601__24031701602,other_adjacent_tract_pair,medium,accepted,S2012150872,Montgomery,Adelphi Rd,CO,4542.0,0.04,Adelphi Rd - Between Md 650 & Sierra St,New Hampshire Ave To Mt Pisgah Rd,West,5.0,F,21405.0,21900.0,22905.0,23430.0,7.34,53.35,48.62,51.38,24031701601,24031701602,24031,24031,75.78056106933968,1265.2609008624895,3,-76.97824265575771,39.01125456647754,https://maps.roads.maryland.gov/itms_public/?stationid=S2012150872,0.0,0.1,Urban,4.0,Minor Arterial,1.0,21901.0,23221.0,,S,True,False,montgomery_dc_spatial;pg_montgomery_spatial,True,21405.0,21900.0,22905.0,23430.0,21901.0,23221.0,5.0,1.0,4542.0,7.34,53.35,805,Census Tract 7016.01,24031701601,24031701602,"Montgomery County, MD","Montgomery County, MD",75.78056106933968,AADT_2018,daily vehicle trips whose OD path crosses this tract-pair boundary; direct adjacent OD only is stricter and will undercount through traffic
sl_S2012150896_24031703220__24031703221,24031703220__24031703221,other_adjacent_tract_pair,high,accepted,S2012150896,Montgomery,Wintergate Dr,CO,6328.0,0.08,Wintergate Dr - .10 Mi South Of Md 28,Norbeck Rd To Longmead Crossing Dr,North,2.0,F,3345.0,3280.0,3555.0,3480.0,7.01,50.4,50.91,49.09,24031703221,24031703220,24031,24031,0.20747658598630786,3073.0962478760453,2,-77.0584744133444,39.11149524925764,https://maps.roads.maryland.gov/itms_public/?stationid=S2012150896,0.0,0.46,Urban,5.0,Major Collector,1.0,3281.0,3611.0,,S,True,False,montgomery_dc_spatial;pg_montgomery_spatial,True,3345.0,3280.0,3555.0,3480.0,3281.0,3611.0,2.0,1.0,6328.0,7.01,50.4,1026,Census Tract 7032.21,24031703221,24031703220,"Montgomery County, MD","Montgomery County, MD",0.20747658598630786,AADT_2018,daily vehicle trips whose OD path crosses this tract-pair boundary; direct adjacent OD only is stricter and will undercount through traffic
sl_S2012150796_24031703402__24031703403,24031703402__24031703403,other_adjacent_tract_pair,high,accepted,S2012150796,Montgomery,Weller Rd,CO,1564.0,0.49,Weller Rd - Between Md 97 & Flack St,Woodedge Rd To Md 185,North,2.0,F,4425.0,4370.0,4695.0,4630.0,10.52,59.72,50.98,49.02,24031703402,24031703403,24031,24031,4.162789005577104,1274.5956815490217,2,-77.06016583771815,39.06648903144367,https://maps.roads.maryland.gov/itms_public/?stationid=S2012150796,0.0,1.25,Urban,6.0,Minor Collector,1.0,4371.0,4811.0,,S,True,False,montgomery_dc_spatial;pg_montgomery_spatial,True,4425.0,4370.0,4695.0,4630.0,4371.0,4811.0,2.0,1.0,1564.0,10.52,59.72,201,Census Tract 7034.02,24031703402,24031703403,"Montgomery County, MD","Montgomery County, MD",4.162789005577104,AADT_2018,daily vehicle trips whose OD path crosses this tract-pair boundary; direct adjacent OD only is stricter and will undercount through traffic
sl_S2012150676_24031701303__24031701308,24031701303__24031701308,other_adjacent_tract_pair,medium,accepted,S2012150676,Montgomery,Emory La,CO,137.0,1.68,Emory La - .10 Mile East Of Md 115,Cashell Rd To Md 115,East,2.0,F,6025.0,5860.0,6395.0,6210.0,12.69,74.36,48.67,51.33,24031701308,24031701303,24031,24031,97.92805228279755,2087.8874335235996,2,-77.09870247644538,39.117085000884025,https://maps.roads.maryland.gov/itms_public/?stationid=S2012150676,0.39,1.74,Urban,6.0,Minor Collector,1.0,5861.0,6451.0,,S,True,False,montgomery_dc_spatial;pg_montgomery_spatial,True,6025.0,5860.0,6395.0,6210.0,5861.0,6451.0,2.0,1.0,137.0,12.69,74.36,1395,Census Tract 7013.08,24031701308,24031701303,"Montgomery County, MD","Montgomery County, MD",97.92805228279755,AADT_2018,daily vehicle trips whose OD path crosses this tract-pair boundary; direct adjacent OD only is stricter and will undercount through traffic
sl_B2788_24031701308__24031701407,24031701308__24031701407,other_adjacent_tract_pair,high,accepted,B2788,Montgomery,Layhill Rd,MD,182.0,4.512,Md182-.10 Mi N Of Md28/norbeck Rd,Md 28 To Norwood Rd,North,3.0,F,9490.0,9411.0,10150.0,10071.0,9.33,67.93,50.67,49.33,24031701407,24031701308,24031,24031,5.4646629821168835,774.6179859585864,2,-77.03251119720495,39.12153971778955,https://maps.roads.maryland.gov/itms_public/?stationid=B2788,4.412,5.838,Urban,4.0,Minor Arterial,1.0,9812.0,9982.0,,B,True,False,pg_montgomery_spatial,True,9490.0,9411.0,10150.0,10071.0,9812.0,9982.0,3.0,1.0,182.0,9.33,67.93,1401,Census Tract 7014.07,24031701407,24031701308,"Montgomery County, MD","Montgomery County, MD",5.4646629821168835,AADT_2018,daily vehicle trips whose OD path crosses this tract-pair boundary; direct adjacent OD only is stricter and will undercount through traffic
sl_B3358_24033803613__24033803803,24033803613__24033803803,other_adjacent_tract_pair,high,accepted,B3358,Prince George's,Veterans Pkwy,MD,410.0,6.02,Md410-.50 Mi W Of Md450,Veterans Pkwy/riverdale Rd To Us 50,East,4.0,F,24621.0,24402.0,26341.0,26112.0,8.2,51.78,50.79,49.21,24033803803,24033803613,24033,24033,0.7105409407256266,1844.3596535306658,1,-76.89130312943547,38.95726993771517,https://maps.roads.maryland.gov/itms_public/?stationid=B3358,5.37,7.15,Urban,3.0,Principal Arterial Other,1.0,24403.0,25873.0,805.0,B,True,False,pg_dc_route;pg_dc_spatial;pg_montgomery_spatial,True,24621.0,24402.0,26341.0,26112.0,24403.0,25873.0,4.0,1.0,410.0,8.2,51.78,499,Census Tract 8038.03,24033803803,24033803613,"Prince George's County, MD","Prince George's County, MD",0.7105409407256266,AADT_2018,daily vehicle trips whose OD path crosses this tract-pair boundary; direct adjacent OD only is stricter and will undercount through traffic
sl_S2012150654_24031701408__24031701415,24031701408__24031701415,other_adjacent_tract_pair,high,accepted,S2012150654,Montgomery,Briggs Chaney Rd,CO,95.0,1.13,Briggs Chaney Rd - Between Good Hope Rd & Fireside Dr,Good Hope Rd To Peach Orchard Rd,West,2.0,F,12855.0,12150.0,13765.0,13000.0,8.61,52.24,50.14,49.86,24031701408,24031701415,24031,24031,0.13234336865335022,1368.0168533620572,1,-76.97936366250246,39.1011705965462,https://maps.roads.maryland.gov/itms_public/?stationid=S2012150654,0.98,1.83,Urban,4.0,Minor Arterial,1.0,12151.0,12881.0,,S,True,False,pg_montgomery_route;montgomery_dc_spatial;pg_montgomery_spatial,True,12855.0,12150.0,13765.0,13000.0,12151.0,12881.0,2.0,1.0,95.0,8.61,52.24,1394,Census Tract 7014.08,24031701408,24031701415,"Montgomery County, MD","Montgomery County, MD",0.13234336865335022,AADT_2018,daily vehicle trips whose OD path crosses this tract-pair boundary; direct adjacent OD only is stricter and will undercount through traffic
sl_B3145_24033806706__24033806708,24033806706__24033806708,other_adjacent_tract_pair,high,accepted,B3145,Prince George's,Capital Beltway,IS,95.0,22.74,Is95-.30 Mi S Of Md201,Md 295 To Md 201,North,8.0,F,206132.0,227400.0,214382.0,236500.0,6.63,55.29,51.34,48.66,24033806706,24033806708,24033,24033,0.2562280917467305,1488.1463305680613,1,-76.89176641039043,38.99910368388114,https://maps.roads.maryland.gov/itms_public/?stationid=B3145,22.12,23.04,Urban,1.0,Interstate,1.0,228991.0,238151.0,14653.0,B,True,False,pg_montgomery_route;pg_dc_spatial;pg_montgomery_spatial,True,206132.0,227400.0,214382.0,236500.0,228991.0,238151.0,8.0,1.0,95.0,6.63,55.29,1378,Census Tract 8067.06,24033806706,24033806708,"Prince George's County, MD","Prince George's County, MD",0.2562280917467305,AADT_2018,daily vehicle trips whose OD path crosses this tract-pair boundary; direct adjacent OD only is stricter and will undercount through traffic
sl_B2724_24031701505__24031701506,24031701505__24031701506,other_adjacent_tract_pair,high,accepted,B2724,Montgomery,Columbia Pike,US,29.0,4.56,Us29-.20 Mi S Of Md650,Lockwood Dr To Md 650,North,6.0,C,61421.0,60872.0,65721.0,65132.0,7.5,52.3,48.39,51.61,24031701505,24031701506,24031,24031,2.316337355836939,1927.1005397896756,1,-76.9949158886909,39.04140379421641,https://maps.roads.maryland.gov/itms_public/?stationid=B2724,3.88,4.76,Urban,3.0,Principal Arterial Other,1.0,64730.0,68610.0,1659.0,B,True,False,montgomery_dc_route;pg_montgomery_route;montgomery_dc_spatial;pg_montgomery_spatial,True,61421.0,60872.0,65721.0,65132.0,64730.0,68610.0,6.0,1.0,29.0,7.5,52.3,580,Census Tract 7015.05,24031701505,24031701506,"Montgomery County, MD","Montgomery County, MD",2.316337355836939,AADT_2018,daily vehicle trips whose OD path crosses this tract-pair boundary; direct adjacent OD only is stricter and will undercount through traffic
sl_S2012161083_24033801405__24033801408,24033801405__24033801408,other_adjacent_tract_pair,high,accepted,S2012161083,Prince George's,St Barnabas Rd                          ,CO,165.0,0.72,St Barnabas Rd - Between John Hanson La & Barrowfield Rd,Livingston Rd To John Hanson La,South,4.0,F,17165.0,18170.0,18205.0,19260.0,8.05,65.62,49.12,50.88,24033801408,24033801405,24033,24033,0.11713183073738095,865.0890840490958,1,-76.97531969502836,38.80388795408397,https://maps.roads.maryland.gov/itms_public/?stationid=S2012161083,0.0,0.78,Urban,5.0,Major Collector,1.0,18171.0,19991.0,,S,True,False,pg_dc_spatial,True,17165.0,18170.0,18205.0,19260.0,18171.0,19991.0,4.0,1.0,165.0,8.05,65.62,735,Census Tract 8014.08,24033801408,24033801405,"Prince George's County, MD","Prince George's County, MD",0.11713183073738095,AADT_2018,daily vehicle trips whose OD path crosses this tract-pair boundary; direct adjacent OD only is stricter and will undercount through traffic
sl_S2012161101_24033803801__24033804102,24033803801__24033804102,other_adjacent_tract_pair,low_review,accepted,S2012161101,Prince George's,Cooper La,CO,332.0,0.45,Cooper La - .10 Mi South Of Md 450,66th Ave To Old Landover Rd,South,3.0,F,10075.0,10610.0,10685.0,11250.0,7.63,54.74,49.09,50.91,24033804102,24033803801,24033,24033,168.27283637274297,1729.6158190739322,1,-76.90197264015221,38.94094907500291,https://maps.roads.maryland.gov/itms_public/?stationid=S2012161101,0.0,1.08,Urban,5.0,Major Collector,1.0,10611.0,11671.0,,S,True,False,pg_dc_spatial;pg_montgomery_spatial,True,10075.0,10610.0,10685.0,11250.0,10611.0,11671.0,3.0,1.0,332.0,7.63,54.74,517,Census Tract 8041.02,24033804102,24033803801,"Prince George's County, MD","Prince George's County, MD",168.27283637274297,AADT_2018,daily vehicle trips whose OD path crosses this tract-pair boundary; direct adjacent OD only is stricter and will undercount through traffic
sl_B2742_24031703201__24031703213,24031703201__24031703213,other_adjacent_tract_pair,high,accepted,B2742,Montgomery,Georgia Ave,MD,97.0,7.2,Md97-.20 Mi N Of Md185,Md 185 To Bel Pre Rd,South,6.0,F,45052.0,45690.0,48212.0,48890.0,7.76,70.85,47.06,52.94,24031703201,24031703213,24031,24031,7.518208006176509,1077.584832911767,1,-77.07912646613063,39.08652865885443,https://maps.roads.maryland.gov/itms_public/?stationid=B2742,7.0,7.67,Urban,3.0,Principal Arterial Other,1.0,45691.0,48431.0,1887.0,B,True,False,montgomery_dc_route;montgomery_dc_spatial;pg_montgomery_spatial,True,45052.0,45690.0,48212.0,48890.0,45691.0,48431.0,6.0,1.0,97.0,7.76,70.85,1410,Census Tract 7032.01,24031703201,24031703213,"Montgomery County, MD","Montgomery County, MD",7.518208006176509,AADT_2018,daily vehicle trips whose OD path crosses this tract-pair boundary; direct adjacent OD only is stricter and will undercount through traffic
sl_S2012150917_24031705300__24031705502,24031705300__24031705502,other_adjacent_tract_pair,low_review,accepted,S2012150917,Montgomery,Grafton St,MU,40.0,0.08,Grafton St - .10 Mi East Of Md 355,Wisconsin Ave To Chevy Chase Cir,East,2.0,F,1245.0,1245.0,1325.0,1325.0,12.16,69.68,69.02,30.98,24031705300,24031705502,24031,24031,133.53248362691167,273.6274397835764,3,-77.08711989561598,38.96761210661062,https://maps.roads.maryland.gov/itms_public/?stationid=S2012150917,0.0,0.59,Urban,5.0,Major Collector,1.0,1255.0,1385.0,,S,True,False,montgomery_dc_spatial;pg_montgomery_spatial,True,1245.0,1245.0,1325.0,1325.0,1255.0,1385.0,2.0,1.0,40.0,12.16,69.68,578,Census Tract 7053,24031705300,24031705502,"Montgomery County, MD","Montgomery County, MD",133.53248362691167,AADT_2018,daily vehicle trips whose OD path crosses this tract-pair boundary; direct adjacent OD only is stricter and will undercount through traffic
sl_S2012150675_24031701308__24031701313,24031701308__24031701313,other_adjacent_tract_pair,high,accepted,S2012150675,Montgomery,Emory La,CO,137.0,0.12,Emory La - .10 Mile West Of Md 97,Md 97 To Cashell Rd,West,2.0,F,7265.0,7340.0,7705.0,7780.0,10.04,58.29,48.52,51.48,24031701313,24031701308,24031,24031,0.0489345585299101,1893.7945197470071,1,-77.07448678357085,39.12656668761931,https://maps.roads.maryland.gov/itms_public/?stationid=S2012150675,0.0,0.39,Urban,6.0,Minor Collector,1.0,7341.0,8081.0,,S,True,False,pg_montgomery_spatial,True,7265.0,7340.0,7705.0,7780.0,7341.0,8081.0,2.0,1.0,137.0,10.04,58.29,571,Census Tract 7013.13,24031701313,24031701308,"Montgomery County, MD","Montgomery County, MD",0.0489345585299101,AADT_2018,daily vehicle trips whose OD path crosses this tract-pair boundary; direct adjacent OD only is stricter and will undercount through traffic
sl_B2824_24031704700__24031705502,24031704700__24031705502,other_adjacent_tract_pair,high,accepted,B2824,Montgomery,Bradley Blvd,MD,191.0,5.63,Md191-.10 Mi N Of Md614,Md 614 To Leland St,North,6.0,F,23591.0,23150.0,25241.0,24770.0,7.53,50.43,48.37,51.63,24031704700,24031705502,24031,24031,19.55968460586235,309.3875509928812,3,-77.10484295368911,38.977161247192825,https://maps.roads.maryland.gov/itms_public/?stationid=B2824,5.53,6.07,Urban,4.0,Minor Arterial,1.0,24121.0,24541.0,,B,True,False,montgomery_dc_route;montgomery_dc_spatial;pg_montgomery_spatial,True,23591.0,23150.0,25241.0,24770.0,24121.0,24541.0,6.0,1.0,191.0,7.53,50.43,574,Census Tract 7047,24031704700,24031705502,"Montgomery County, MD","Montgomery County, MD",19.55968460586235,AADT_2018,daily vehicle trips whose OD path crosses this tract-pair boundary; direct adjacent OD only is stricter and will undercount through traffic
sl_B160006_24033803402__24033803508,24033803402__24033803508,other_adjacent_tract_pair,medium,accepted,B160006,Prince George's,Brightseat Rd,CO,76.0,1.28,Brightseat Rd-.20 Mi N Of Md202,Ardwick Ardmore Rd To Md 202/md 202e,South,5.0,F,15100.0,14961.0,16010.0,15861.0,8.6,50.18,49.63,50.37,24033803508,24033803402,24033,24033,90.303255075935,489.5505030808612,2,-76.86022195061096,38.919279396475375,https://maps.roads.maryland.gov/itms_public/?stationid=B160006,0.0,1.35,Urban,5.0,Major Collector,1.0,14962.0,16462.0,392.0,B,True,False,pg_dc_spatial,True,15100.0,14961.0,16010.0,15861.0,14962.0,16462.0,5.0,1.0,76.0,8.6,50.18,468,Census Tract 8035.08,24033803508,24033803402,"Prince George's County, MD","Prince George's County, MD",90.303255075935,AADT_2018,daily vehicle trips whose OD path crosses this tract-pair boundary; direct adjacent OD only is stricter and will undercount through traffic
sl_B2963_24031704501__24031706013,24031704501__24031706013,other_adjacent_tract_pair,high,accepted,B2963,Montgomery,No Name,IS,270.0,0.6,Is270y-.40 Mi S Of Democracy Blvd,Is 495 To Democracy Blvd,North,6.0,F,130730.0,129951.0,135960.0,135151.0,6.62,52.34,52.07,47.93,24031706013,24031704501,24031,24031,1.8004129216286562,1462.4705316595334,1,-77.14737005533381,39.0171307264788,https://maps.roads.maryland.gov/itms_public/?stationid=B2963,0.0,0.995,Urban,1.0,Interstate,1.0,130862.0,136102.0,8650.0,B,True,False,montgomery_dc_spatial,True,130730.0,129951.0,135960.0,135151.0,130862.0,136102.0,6.0,1.0,270.0,6.62,52.34,1328,Census Tract 7060.13,24031706013,24031704501,"Montgomery County, MD","Montgomery County, MD",1.8004129216286562,AADT_2018,daily vehicle trips whose OD path crosses this tract-pair boundary; direct adjacent OD only is stricter and will undercount through traffic
sl_B160055_24033807000__24033807200,24033807000__24033807200,other_adjacent_tract_pair,low_review,accepted,B160055,Prince George's,Campus Dr,SR,69.0,1.27,Campus Dr-.10 Mi W Of Us1,Adelphi Rd To Us 1,East,3.0,F,12080.0,11971.0,12810.0,12691.0,8.67,63.55,48.85,51.15,24033807200,24033807000,24033,24033,130.61701754474376,2876.1520005616053,1,-76.93712019941717,38.98841693297759,https://maps.roads.maryland.gov/itms_public/?stationid=B160055,0.49,1.37,Urban,5.0,Major Collector,1.0,11972.0,13172.0,,B,True,False,pg_dc_spatial;pg_montgomery_spatial,True,12080.0,11971.0,12810.0,12691.0,11972.0,13172.0,3.0,1.0,69.0,8.67,63.55,1523,Census Tract 8072,24033807200,24033807000,"Prince George's County, MD","Prince George's County, MD",130.61701754474376,AADT_2018,daily vehicle trips whose OD path crosses this tract-pair boundary; direct adjacent OD only is stricter and will undercount through traffic
sl_S2012161021_24033803606__24033806711,24033803606__24033806711,other_adjacent_tract_pair,high,accepted,S2012161021,Prince George's,Good Luck Rd,CO,42.0,2.88,Good Luck Rd - .10 Mi East Of Princess Garden Pkwy,Princess Garden Pkwy To Cipriano Rd,West,3.0,F,17035.0,16350.0,18235.0,17500.0,8.38,52.78,50.58,49.42,24033806711,24033803606,24033,24033,0.9205880068679412,1272.4242899287283,2,-76.86514467435049,38.98046104536836,https://maps.roads.maryland.gov/itms_public/?stationid=S2012161021,2.78,3.49,Urban,4.0,Minor Arterial,1.0,16351.0,17331.0,,S,True,False,pg_dc_spatial;pg_montgomery_spatial,True,17035.0,16350.0,18235.0,17500.0,16351.0,17331.0,3.0,1.0,42.0,8.38,52.78,310,Census Tract 8067.11,24033806711,24033803606,"Prince George's County, MD","Prince George's County, MD",0.9205880068679412,AADT_2018,daily vehicle trips whose OD path crosses this tract-pair boundary; direct adjacent OD only is stricter and will undercount through traffic
sl_B150051_24031701414__24031701420,24031701414__24031701420,other_adjacent_tract_pair,high,accepted,B150051,Montgomery,Columbia Pike,US,29.0,7.46,Us29-.20 Mi S Of Fairland Rd,Randolph Rd To Fairland Rd,North,6.0,F,60620.0,61200.0,64860.0,65480.0,7.7,60.12,49.1,50.9,24031701414,24031701420,24031,24031,3.9740994532778657,1325.9177103530305,1,-76.95748563213557,39.0704425964724,https://maps.roads.maryland.gov/itms_public/?stationid=B150051,6.85,7.68,Urban,2.0,Principal Arterial Other Freeways and Expressways,1.0,61201.0,64871.0,1241.0,B,True,False,montgomery_dc_route;pg_montgomery_route;montgomery_dc_spatial;pg_montgomery_spatial,True,60620.0,61200.0,64860.0,65480.0,61201.0,64871.0,6.0,1.0,29.0,7.7,60.12,1412,Census Tract 7014.14,24031701414,24031701420,"Montgomery County, MD","Montgomery County, MD",3.9740994532778657,AADT_2018,daily vehicle trips whose OD path crosses this tract-pair boundary; direct adjacent OD only is stricter and will undercount through traffic
sl_S2012161048_24033800605__24033800606,24033800605__24033800606,other_adjacent_tract_pair,high,accepted,S2012161048,Prince George's,Brown Station Rd,CO,99.0,0.1,Brown Station Rd - .10 Mi North Of Old Marlboro Pike,Md 725 To Brooke La,North,3.0,F,9745.0,9860.0,10335.0,10450.0,8.27,57.7,51.48,48.52,24033800606,24033800605,24033,24033,1.0778609216601158,3614.373465903646,1,-76.76496377412779,38.82029025586088,https://maps.roads.maryland.gov/itms_public/?stationid=S2012161048,0.0,1.25,Urban,5.0,Major Collector,1.0,9861.0,10851.0,,S,True,False,pg_dc_spatial,True,9745.0,9860.0,10335.0,10450.0,9861.0,10851.0,3.0,1.0,99.0,8.27,57.7,507,Census Tract 8006.06,24033800606,24033800605,"Prince George's County, MD","Prince George's County, MD",1.0778609216601158,AADT_2018,daily vehicle trips whose OD path crosses this tract-pair boundary; direct adjacent OD only is stricter and will undercount through traffic
sl_B2793_24031705100__24031705400,24031705100__24031705400,other_adjacent_tract_pair,high,accepted,B2793,Montgomery,Connecticut Ave,MD,185.0,1.28,Md185-.10 Mi S Of Md410,Md 191 To Md 410,South,6.0,F,44101.0,43702.0,47191.0,46762.0,7.26,57.48,51.55,48.45,24031705100,24031705400,24031,24031,12.918583032320086,1248.5594073407221,2,-77.07709250695255,38.9864392709321,https://maps.roads.maryland.gov/itms_public/?stationid=B2793,0.6,1.38,Urban,3.0,Principal Arterial Other,1.0,45543.0,46323.0,,B,True,False,montgomery_dc_route;montgomery_dc_spatial;pg_montgomery_spatial,True,44101.0,43702.0,47191.0,46762.0,45543.0,46323.0,6.0,1.0,185.0,7.26,57.48,576,Census Tract 7051,24031705100,24031705400,"Montgomery County, MD","Montgomery County, MD",12.918583032320086,AADT_2018,daily vehicle trips whose OD path crosses this tract-pair boundary; direct adjacent OD only is stricter and will undercount through traffic
sl_B2743_24031701312__24031701314,24031701312__24031701314,other_adjacent_tract_pair,high,accepted,B2743,Montgomery,Georgia Ave,MD,97.0,11.39,Md97-.50 Mi S Of Md108,Emory La To Md 108,North,5.0,F,28852.0,30670.0,30872.0,32820.0,7.33,58.14,50.04,49.96,24031701314,24031701312,24031,24031,2.110791959119984,1176.214617820918,1,-77.06698008376434,39.14594956834048,https://maps.roads.maryland.gov/itms_public/?stationid=B2743,9.99,11.89,Urban,4.0,Minor Arterial,1.0,30671.0,32511.0,1099.0,B,True,False,montgomery_dc_route,True,28852.0,30670.0,30872.0,32820.0,30671.0,32511.0,5.0,1.0,97.0,7.33,58.14,1029,Census Tract 7013.14,24031701314,24031701312,"Montgomery County, MD","Montgomery County, MD",2.110791959119984,AADT_2018,daily vehicle trips whose OD path crosses this tract-pair boundary; direct adjacent OD only is stricter and will undercount through traffic
sl_B2726_24031701414__24031701421,24031701414__24031701421,other_adjacent_tract_pair,high,accepted,B2726,Montgomery,Columbia Pike,US,29.0,6.09,Us29-.10 Mi S Of Industrial Pkwy,Stewart La To Randolph Rd,South,6.0,F,66771.0,66172.0,71451.0,70802.0,7.5,51.66,48.11,51.89,24031701414,24031701421,24031,24031,2.9467992726251593,1947.1811037403447,1,-76.97247980061502,39.05537159802881,https://maps.roads.maryland.gov/itms_public/?stationid=B2726,5.11,6.85,Urban,2.0,Principal Arterial Other Freeways and Expressways,1.0,68953.0,70143.0,,B,True,False,montgomery_dc_route;pg_montgomery_route;montgomery_dc_spatial;pg_montgomery_spatial,True,66771.0,66172.0,71451.0,70802.0,68953.0,70143.0,6.0,1.0,29.0,7.5,51.66,1412,Census Tract 7014.14,24031701414,24031701421,"Montgomery County, MD","Montgomery County, MD",2.9467992726251593,AADT_2018,daily vehicle trips whose OD path crosses this tract-pair boundary; direct adjacent OD only is stricter and will undercount through traffic
sl_B160029_24033804002__24033806300,24033804002__24033806300,other_adjacent_tract_pair,medium,accepted,B160029,Prince George's,Tanglewood Dr,MU,100.0,0.1,Tanglewood Dr-.10 Mi S Of Buchanan St,Buchanan St To Tanglewood Dr (ahead),North,2.0,F,3570.0,3541.0,3780.0,3751.0,10.32,72.8,50.15,49.85,24033806300,24033804002,24033,24033,93.78728474416863,1647.4276083903403,1,-76.93725012006175,38.94564480606637,https://maps.roads.maryland.gov/itms_public/?stationid=B160029,0.0,0.18,Urban,5.0,Major Collector,1.0,3542.0,3902.0,270.0,B,True,False,pg_dc_spatial;pg_montgomery_spatial,True,3570.0,3541.0,3780.0,3751.0,3542.0,3902.0,2.0,1.0,100.0,10.32,72.8,1559,Census Tract 8063,24033806300,24033804002,"Prince George's County, MD","Prince George's County, MD",93.78728474416863,AADT_2018,daily vehicle trips whose OD path crosses this tract-pair boundary; direct adjacent OD only is stricter and will undercount through traffic
sl_B3317_24033804101__24033804200,24033804101__24033804200,other_adjacent_tract_pair,medium,accepted,B3317,Prince George's,Cheverly Ave,MU,59.0,1.11,Cheverly Ave-.10 Mi S Of Md202,Md 459 To Md 202,South,3.0,F,6880.0,6821.0,7290.0,7231.0,8.33,74.0,33.99,66.01,24033804200,24033804101,24033,24033,80.39390925076431,2626.474544014695,2,-76.91446457117068,38.93281474914168,https://maps.roads.maryland.gov/itms_public/?stationid=B3317,0.0,1.21,Urban,5.0,Major Collector,1.0,6822.0,7502.0,235.0,B,True,False,pg_dc_spatial;pg_montgomery_spatial,True,6880.0,6821.0,7290.0,7231.0,6822.0,7502.0,3.0,1.0,59.0,8.33,74.0,1515,Census Tract 8042,24033804200,24033804101,"Prince George's County, MD","Prince George's County, MD",80.39390925076431,AADT_2018,daily vehicle trips whose OD path crosses this tract-pair boundary; direct adjacent OD only is stricter and will undercount through traffic
sl_B2899_24031704501__24031704502,24031704501__24031704502,other_adjacent_tract_pair,high,accepted,B2899,Montgomery,Capital Beltway,IS,495.0,5.11,Is495-.50 Mi W Of Md187,Is 270y To Md 187,West,6.0,F,118652.0,115040.0,123402.0,119640.0,7.08,53.82,46.97,53.03,24031704502,24031704501,24031,24031,2.9480354377424334,2625.9585568875177,1,-77.12811107844914,39.01386487785026,https://maps.roads.maryland.gov/itms_public/?stationid=B2899,3.95,5.61,Urban,1.0,Interstate,1.0,115851.0,120491.0,7163.0,B,True,False,montgomery_dc_route;pg_montgomery_route;montgomery_dc_spatial,True,118652.0,115040.0,123402.0,119640.0,115851.0,120491.0,6.0,1.0,495.0,7.08,53.82,1422,Census Tract 7045.02,24031704502,24031704501,"Montgomery County, MD","Montgomery County, MD",2.9480354377424334,AADT_2018,daily vehicle trips whose OD path crosses this tract-pair boundary; direct adjacent OD only is stricter and will undercount through traffic
sl_S2012161131_24033805801__24033805802,24033805801__24033805802,other_adjacent_tract_pair,high,accepted,S2012161131,Prince George's,23rd Ave,CO,680.0,0.04,23rd Ave - Between Md 193 & Lewisdale Dr,Md 193 To Md 410,North,3.0,F,10395.0,9880.0,11025.0,10470.0,9.47,53.17,50.87,49.13,24033805801,24033805802,24033,24033,1.2791252895063512,2223.1686395223373,3,-76.97137571363866,38.98359346771542,https://maps.roads.maryland.gov/itms_public/?stationid=S2012161131,0.0,1.08,Urban,5.0,Major Collector,1.0,9881.0,10871.0,,S,True,False,pg_dc_spatial;pg_montgomery_spatial,True,10395.0,9880.0,11025.0,10470.0,9881.0,10871.0,3.0,1.0,680.0,9.47,53.17,1489,Census Tract 8058.01,24033805801,24033805802,"Prince George's County, MD","Prince George's County, MD",1.2791252895063512,AADT_2018,daily vehicle trips whose OD path crosses this tract-pair boundary; direct adjacent OD only is stricter and will undercount through traffic
sl_S2012161116_24033805000__24033805201,24033805000__24033805201,other_adjacent_tract_pair,medium,accepted,S2012161116,Prince George's,Chillum Rd,CO,449.0,0.05,Chillum Rd - .10 Mi West Of Md 212,Riggs Rd To Wash Dc Line,West,3.0,F,8575.0,8390.0,9185.0,8980.0,9.06,75.33,49.17,50.83,24033805201,24033805000,24033,24033,88.03098079108459,999.750739344769,1,-76.99519876907218,38.96290646788757,https://maps.roads.maryland.gov/itms_public/?stationid=S2012161116,0.0,0.45,Urban,5.0,Major Collector,1.0,8391.0,8891.0,,S,True,False,pg_dc_spatial;pg_montgomery_spatial,True,8575.0,8390.0,9185.0,8980.0,8391.0,8891.0,3.0,1.0,449.0,9.06,75.33,1532,Census Tract 8052.01,24033805201,24033805000,"Prince George's County, MD","Prince George's County, MD",88.03098079108459,AADT_2018,daily vehicle trips whose OD path crosses this tract-pair boundary; direct adjacent OD only is stricter and will undercount through traffic
sl_S2012161042_24033800701__24033802201,24033800701__24033802201,other_adjacent_tract_pair,high,accepted,S2012161042,Prince George's,Westphalia Rd,CO,91.0,1.12,Westphalia Rd - Between Melwood Rd & D Arcy Rd,Old Marlboro Pike (back) To Darcy Rd,East,3.0,F,7315.0,7600.0,7755.0,8060.0,8.74,56.11,48.63,51.37,24033802201,24033800701,24033,24033,1.322488833018338,7078.160309947697,1,-76.8463401515748,38.84438535627741,https://maps.roads.maryland.gov/itms_public/?stationid=S2012161042,0.0,1.14,Urban,5.0,Major Collector,1.0,7601.0,8361.0,,S,True,False,pg_dc_spatial,True,7315.0,7600.0,7755.0,8060.0,7601.0,8361.0,3.0,1.0,91.0,8.74,56.11,1557,Census Tract 8022.01,24033802201,24033800701,"Prince George's County, MD","Prince George's County, MD",1.322488833018338,AADT_2018,daily vehicle trips whose OD path crosses this tract-pair boundary; direct adjacent OD only is stricter and will undercount through traffic
sl_B3147_24033803602__24033803608,24033803602__24033803608,other_adjacent_tract_pair,high,accepted,B3147,Prince George's,Capital Beltway,IS,95.0,19.14,Is95-.60 Mi N Of Is595/us50,Is 595/us 50 To Md 450,North,8.0,F,228340.0,226971.0,237470.0,236051.0,6.46,54.51,50.63,49.37,24033803608,24033803602,24033,24033,25.83087120858283,1372.4176500770839,1,-76.86252331399463,38.953456594361946,https://maps.roads.maryland.gov/itms_public/?stationid=B3147,18.54,19.59,Urban,1.0,Interstate,1.0,228562.0,237702.0,14741.0,B,True,False,pg_montgomery_route;pg_dc_spatial;pg_montgomery_spatial,True,228340.0,226971.0,237470.0,236051.0,228562.0,237702.0,8.0,1.0,95.0,6.46,54.51,485,Census Tract 8036.08,24033803608,24033803602,"Prince George's County, MD","Prince George's County, MD",25.83087120858283,AADT_2018,daily vehicle trips whose OD path crosses this tract-pair boundary; direct adjacent OD only is stricter and will undercount through traffic
sl_B2813_24031701002__24031701210,24031701002__24031701210,other_adjacent_tract_pair,high,accepted,B2813,Montgomery,Falls Rd,MD,189.0,4.37,Md189-.50 Mi S Of Is270,Democracy Blvd To Wootten Pkwy,South,3.0,F,19030.0,18861.0,20360.0,20181.0,8.12,52.53,50.22,49.78,24031701002,24031701210,24031,24031,5.2896706473203725,1761.1848563187355,2,-77.17106246877556,39.06906322676646,https://maps.roads.maryland.gov/itms_public/?stationid=B2813,0.69,4.44,Urban,4.0,Minor Arterial,1.0,19652.0,19992.0,,B,True,False,montgomery_dc_spatial,True,19030.0,18861.0,20360.0,20181.0,19652.0,19992.0,3.0,1.0,189.0,8.12,52.53,210,Census Tract 7010.02,24031701002,24031701210,"Montgomery County, MD","Montgomery County, MD",5.2896706473203725,AADT_2018,daily vehicle trips whose OD path crosses this tract-pair boundary; direct adjacent OD only is stricter and will undercount through traffic
sl_S2012150669_24031703214__24031703215,24031703214__24031703215,other_adjacent_tract_pair,high,accepted,S2012150669,Montgomery,Hewitt Ave                              ,CO,128.0,0.79,Hewitt Ave - .10 Mile East Of Md 97,Rippling Brook Dr To Georgia Ave,East,2.0,F,8175.0,7800.0,8675.0,8270.0,8.83,52.51,50.04,49.96,24031703214,24031703215,24031,24031,1.333042046881813,2423.6515866219397,2,-77.06961675500588,39.07831926235439,https://maps.roads.maryland.gov/itms_public/?stationid=S2012150669,0.0,0.88,Urban,6.0,Minor Collector,1.0,7801.0,8581.0,,S,True,False,montgomery_dc_spatial;pg_montgomery_spatial,True,8175.0,7800.0,8675.0,8270.0,7801.0,8581.0,2.0,1.0,128.0,8.83,52.51,1424,Census Tract 7032.14,24031703214,24031703215,"Montgomery County, MD","Montgomery County, MD",1.333042046881813,AADT_2018,daily vehicle trips whose OD path crosses this tract-pair boundary; direct adjacent OD only is stricter and will undercount through traffic
sl_B160095_24033801104__24033801904,24033801104__24033801904,other_adjacent_tract_pair,low_review,accepted,B160095,Prince George's,Auth Rd,CO,127.0,0.1,Auth Rd-.10 Mi W Of Md337,Md 337 To Auth Pl,East,3.0,F,8450.0,8371.0,8960.0,8871.0,9.79,66.7,51.23,48.77,24033801904,24033801104,24033,24033,167.31607942342413,4198.583139216432,1,-76.89687783244192,38.81292778038189,https://maps.roads.maryland.gov/itms_public/?stationid=B160095,0.0,1.63,Urban,5.0,Major Collector,1.0,8372.0,9212.0,,B,True,False,pg_dc_spatial,True,8450.0,8371.0,8960.0,8871.0,8372.0,9212.0,3.0,1.0,127.0,9.79,66.7,1563,Census Tract 8019.04,24033801904,24033801104,"Prince George's County, MD","Prince George's County, MD",167.31607942342413,AADT_2018,daily vehicle trips whose OD path crosses this tract-pair boundary; direct adjacent OD only is stricter and will undercount through traffic
sl_B160028_24033804002__24033806300,24033804002__24033806300,other_adjacent_tract_pair,low_review,accepted,B160028,Prince George's,Buchanan St,MU,20.0,0.1,Buchanan St-.10 Mi W Of Md201,Md 201 To Tanglewood Dr,East,2.0,F,3960.0,3921.0,4200.0,4161.0,10.45,65.82,50.39,49.61,24033806300,24033804002,24033,24033,143.0880228719113,1647.4276083903403,1,-76.93297348533581,38.945890277067015,https://maps.roads.maryland.gov/itms_public/?stationid=B160028,0.0,0.29,Urban,5.0,Major Collector,1.0,3922.0,4312.0,302.0,B,True,False,pg_dc_spatial;pg_montgomery_spatial,True,3960.0,3921.0,4200.0,4161.0,3922.0,4312.0,2.0,1.0,20.0,10.45,65.82,1559,Census Tract 8063,24033806300,24033804002,"Prince George's County, MD","Prince George's County, MD",143.0880228719113,AADT_2018,daily vehicle trips whose OD path crosses this tract-pair boundary; direct adjacent OD only is stricter and will undercount through traffic
sl_B2833_24031703100__24031703210,24031703100__24031703210,other_adjacent_tract_pair,low_review,accepted,B2833,Montgomery,University Blvd W,MD,193.0,3.82,Md193-.50 Mi W Of Us29,Arcola Ave To Us 29,West,6.0,F,41812.0,39640.0,44742.0,42420.0,7.58,51.99,49.76,50.24,24031703100,24031703210,24031,24031,142.35800842461555,1879.0262936867425,1,-77.01949340319895,39.02508376811706,https://maps.roads.maryland.gov/itms_public/?stationid=B2833,3.0,4.32,Urban,3.0,Principal Arterial Other,1.0,41301.0,42021.0,,B,True,False,montgomery_dc_route;pg_montgomery_route;montgomery_dc_spatial;pg_montgomery_spatial,True,41812.0,39640.0,44742.0,42420.0,41301.0,42021.0,6.0,1.0,193.0,7.58,51.99,350,Census Tract 7031,24031703100,24031703210,"Montgomery County, MD","Montgomery County, MD",142.35800842461555,AADT_2018,daily vehicle trips whose OD path crosses this tract-pair boundary; direct adjacent OD only is stricter and will undercount through traffic
sl_B160094_24033802301__24033802407,24033802301__24033802407,other_adjacent_tract_pair,low_review,accepted,B160094,Prince George's,County Rd                               ,CO,84.0,0.52,County Rd-.10 Mi N Of Marlboro Pike,Md 458b (back) To Marlboro Pike,South,2.0,F,5240.0,5191.0,5550.0,5501.0,8.06,54.63,47.24,52.76,24033802301,24033802407,24033,24033,121.75251270438447,1183.9303220017748,3,-76.89909713921595,38.856064423151935,https://maps.roads.maryland.gov/itms_public/?stationid=B160094,0.08,0.62,Urban,6.0,Minor Collector,1.0,5192.0,5712.0,,B,True,False,pg_dc_spatial,True,5240.0,5191.0,5550.0,5501.0,5192.0,5712.0,2.0,1.0,84.0,8.06,54.63,568,Census Tract 8023.01,24033802301,24033802407,"Prince George's County, MD","Prince George's County, MD",121.75251270438447,AADT_2018,daily vehicle trips whose OD path crosses this tract-pair boundary; direct adjacent OD only is stricter and will undercount through traffic
sl_B3152_24033801904__24033801905,24033801904__24033801905,other_adjacent_tract_pair,high,accepted,B3152,Prince George's,Capital Beltway,IS,95.0,7.7,Is95-.40 Mi N Of Md5,Md 5 To Forrestville Rd,South,8.0,F,196752.0,192370.0,204622.0,200070.0,6.44,50.83,49.37,50.63,24033801904,24033801905,24033,24033,30.824015325027037,2910.304611693989,1,-76.91089785614916,38.8182937115534,https://maps.roads.maryland.gov/itms_public/?stationid=B3152,7.3,9.69,Urban,1.0,Interstate,1.0,193721.0,201471.0,16625.0,B,True,False,pg_montgomery_route;pg_dc_spatial,True,196752.0,192370.0,204622.0,200070.0,193721.0,201471.0,8.0,1.0,95.0,6.44,50.83,1563,Census Tract 8019.04,24033801904,24033801905,"Prince George's County, MD","Prince George's County, MD",30.824015325027037,AADT_2018,daily vehicle trips whose OD path crosses this tract-pair boundary; direct adjacent OD only is stricter and will undercount through traffic
sl_S2017150260_24031701002__24031701210,24031701002__24031701210,other_adjacent_tract_pair,medium,accepted,S2017150260,Montgomery,Falls Chapel Way,CO,3862.0,0.05,Falls Chapel Way - .05 Mile West Of Md 189,Md 189 To Md 189,West,3.0,F,2680.0,2661.0,2840.0,2821.0,8.64,55.51,50.93,49.07,24031701210,24031701002,24031,24031,73.01074892592165,1761.184856318735,1,-77.17735971101952,39.06301971468879,https://maps.roads.maryland.gov/itms_public/?stationid=S2017150260,0.0,1.61,Urban,6.0,Minor Collector,1.0,2662.0,2932.0,,S,True,False,montgomery_dc_spatial,True,2680.0,2661.0,2840.0,2821.0,2662.0,2932.0,3.0,1.0,3862.0,8.64,55.51,1396,Census Tract 7012.10,24031701210,24031701002,"Montgomery County, MD","Montgomery County, MD",73.01074892592165,AADT_2018,daily vehicle trips whose OD path crosses this tract-pair boundary; direct adjacent OD only is stricter and will undercount through traffic
sl_S2012150658_24031701409__24031701414,24031701409__24031701414,other_adjacent_tract_pair,high,accepted,S2012150658,Montgomery,Briggs Chaney Rd,CO,95.0,3.22,Briggs Chaney Rd -.10 Mile East Of Old Columbia Pike,Old Columbia Pike To Us 29,West,4.0,F,18435.0,18180.0,19735.0,19450.0,8.21,59.55,45.84,54.16,24031701409,24031701414,24031,24031,0.6101503441960587,1731.3247699181732,3,-76.95033320721586,39.08397128479883,https://maps.roads.maryland.gov/itms_public/?stationid=S2012150658,3.17,3.339,Urban,4.0,Minor Arterial,1.0,18181.0,19271.0,,S,True,False,pg_montgomery_route;montgomery_dc_spatial;pg_montgomery_spatial,True,18435.0,18180.0,19735.0,19450.0,18181.0,19271.0,4.0,1.0,95.0,8.21,59.55,572,Census Tract 7014.09,24031701409,24031701414,"Montgomery County, MD","Montgomery County, MD",0.6101503441960587,AADT_2018,daily vehicle trips whose OD path crosses this tract-pair boundary; direct adjacent OD only is stricter and will undercount through traffic
sl_S2012160624_24033800409__24033800410,24033800409__24033800410,other_adjacent_tract_pair,high,accepted,S2012160624,Prince George's,Fletchertown Rd,CO,61.0,0.15,Fletchertown Rd - West Of High Bridge Rd,High Bridge Rd To Hillmeade Rd,East,2.0,F,3572.0,3340.0,3792.0,3540.0,9.29,51.34,50.88,49.12,24033800410,24033800409,24033,24033,0.605228489139021,4649.437783144606,1,-76.77714145379863,38.9923728495499,https://maps.roads.maryland.gov/itms_public/?stationid=S2012160624,0.0,1.66,Urban,6.0,Minor Collector,1.0,3341.0,3681.0,51.0,S,True,False,pg_dc_spatial,True,3572.0,3340.0,3792.0,3540.0,3341.0,3681.0,2.0,1.0,61.0,9.29,51.34,447,Census Tract 8004.10,24033800410,24033800409,"Prince George's County, MD","Prince George's County, MD",0.605228489139021,AADT_2018,daily vehicle trips whose OD path crosses this tract-pair boundary; direct adjacent OD only is stricter and will undercount through traffic
sl_B3220_24033803512__24033803514,24033803512__24033803514,other_adjacent_tract_pair,high,accepted,B3220,Prince George's,Central Ave,MD,214.0,4.07,Md214-.40 Mi E Of Is95,Is 95 To Md 202,East,6.0,F,72000.0,71351.0,77040.0,76351.0,7.4,63.06,52.59,47.41,24033803512,24033803514,24033,24033,21.67722656318387,754.730998193881,2,-76.83994882248292,38.89428725084369,https://maps.roads.maryland.gov/itms_public/?stationid=B3220,3.67,4.61,Urban,3.0,Principal Arterial Other,1.0,71352.0,75632.0,1456.0,B,True,False,pg_dc_route;pg_dc_spatial,True,72000.0,71351.0,77040.0,76351.0,71352.0,75632.0,6.0,1.0,214.0,7.4,63.06,470,Census Tract 8035.12,24033803512,24033803514,"Prince George's County, MD","Prince George's County, MD",21.67722656318387,AADT_2018,daily vehicle trips whose OD path crosses this tract-pair boundary; direct adjacent OD only is stricter and will undercount through traffic
sl_B150061_24031700817__24031701007,24031700817__24031701007,other_adjacent_tract_pair,high,accepted,B150061,Montgomery,Shady Grove Rd,CO,212.0,2.62,Shady Grove Rd-.10 Mi N Of Research Blvd,Md 28 To Is 270,North,7.0,F,38652.0,40730.0,41362.0,43580.0,8.26,56.0,49.42,50.58,24031701007,24031700817,24031,24031,17.68355092550836,2171.047615170135,1,-77.18996276274031,39.10641938148593,https://maps.roads.maryland.gov/itms_public/?stationid=B150061,2.42,2.93,Urban,3.0,Principal Arterial Other,1.0,40731.0,43181.0,,B,True,False,pg_montgomery_route;montgomery_dc_spatial,True,38652.0,40730.0,41362.0,43580.0,40731.0,43181.0,7.0,1.0,212.0,8.26,56.0,895,Census Tract 7010.07,24031701007,24031700817,"Montgomery County, MD","Montgomery County, MD",17.68355092550836,AADT_2018,daily vehicle trips whose OD path crosses this tract-pair boundary; direct adjacent OD only is stricter and will undercount through traffic
sl_B160118_24033800402__24033800513,24033800402__24033800513,other_adjacent_tract_pair,medium,accepted,B160118,Prince George's,Annapolis Rd,MD,450.0,11.58,Md450-.20 Mi E Of Md197,Md 197 To Md 3,East,4.0,F,18912.0,20560.0,20242.0,22000.0,9.0,55.19,48.95,51.05,24033800402,24033800513,24033,24033,95.89630885971862,1457.6092357654136,1,-76.75234043485463,38.9744489802117,https://maps.roads.maryland.gov/itms_public/?stationid=B160118,11.382,14.096,Urban,3.0,Principal Arterial Other,1.0,21421.0,21791.0,,B,True,False,pg_dc_route;pg_dc_spatial,True,18912.0,20560.0,20242.0,22000.0,21421.0,21791.0,4.0,1.0,450.0,9.0,55.19,1544,Census Tract 8004.02,24033800402,24033800513,"Prince George's County, MD","Prince George's County, MD",95.89630885971862,AADT_2018,daily vehicle trips whose OD path crosses this tract-pair boundary; direct adjacent OD only is stricter and will undercount through traffic
sl_B3148_24033803601__24033803602,24033803601__24033803602,other_adjacent_tract_pair,high,accepted,B3148,Prince George's,Capital Beltway,IS,95.0,18.01,Is95-.10 Mi S Of Md704,Md 202 To Is 595/us 50,North,8.0,F,221552.0,219380.0,230412.0,228160.0,6.33,50.1,49.6,50.4,24033803601,24033803602,24033,24033,23.28235668682365,1420.9446461697414,1,-76.85544142928258,38.9381033109826,https://maps.roads.maryland.gov/itms_public/?stationid=B3148,16.56,18.54,Urban,1.0,Interstate,1.0,220921.0,229761.0,21949.0,B,True,False,pg_montgomery_route;pg_dc_spatial;pg_montgomery_spatial,True,221552.0,219380.0,230412.0,228160.0,220921.0,229761.0,8.0,1.0,95.0,6.33,50.1,476,Census Tract 8036.01,24033803601,24033803602,"Prince George's County, MD","Prince George's County, MD",23.28235668682365,AADT_2018,daily vehicle trips whose OD path crosses this tract-pair boundary; direct adjacent OD only is stricter and will undercount through traffic
sl_B2867_24031701202__24031701213,24031701202__24031701213,other_adjacent_tract_pair,high,accepted,B2867,Montgomery,Rockville Pike,MD,355.0,5.41,Md355-.10 Mi N Of Md547,Md 547 To Montrose Pkwy,North,7.0,F,53512.0,48540.0,57262.0,51940.0,7.8,52.71,47.65,52.35,24031701202,24031701213,24031,24031,23.30150719386054,1171.33211898156,1,-77.10773505100026,39.03687366039162,https://maps.roads.maryland.gov/itms_public/?stationid=B2867,5.27,6.59,Urban,3.0,Principal Arterial Other,1.0,48541.0,51451.0,1523.0,B,True,False,montgomery_dc_route;montgomery_dc_spatial;pg_montgomery_spatial,True,53512.0,48540.0,57262.0,51940.0,48541.0,51451.0,7.0,1.0,355.0,7.8,52.71,553,Census Tract 7012.02,24031701202,24031701213,"Montgomery County, MD","Montgomery County, MD",23.30150719386054,AADT_2018,daily vehicle trips whose OD path crosses this tract-pair boundary; direct adjacent OD only is stricter and will undercount through traffic
sl_S2012150745_24031704806__24031705000,24031704806__24031705000,other_adjacent_tract_pair,high,accepted,S2012150745,Montgomery,Woodmont Ave,CO,385.0,0.15,Woodmont Ave - Between Md 355 & Battery La,Md 355 To Md 187,South,3.0,F,16295.0,15340.0,17275.0,16260.0,9.22,60.18,31.33,68.67,24031704806,24031705000,24031,24031,19.583216075450494,1063.0129355865233,2,-77.0973152943904,38.99371883555582,https://maps.roads.maryland.gov/itms_public/?stationid=S2012150745,0.0,0.7,Urban,5.0,Major Collector,1.0,15341.0,16881.0,,S,True,False,montgomery_dc_spatial;pg_montgomery_spatial,True,16295.0,15340.0,17275.0,16260.0,15341.0,16881.0,3.0,1.0,385.0,9.22,60.18,1335,Census Tract 7048.06,24031704806,24031705000,"Montgomery County, MD","Montgomery County, MD",19.583216075450494,AADT_2018,daily vehicle trips whose OD path crosses this tract-pair boundary; direct adjacent OD only is stricter and will undercount through traffic
sl_B2906_24031703401__24031703501,24031703401__24031703501,other_adjacent_tract_pair,high,accepted,B2906,Montgomery,Veirs Mill Rd,MD,586.0,3.91,Md586-.10 Mi W Of Md185,Randolph Rd To Md 185,East,6.0,F,40792.0,39250.0,43652.0,42000.0,8.62,52.94,51.6,48.4,24031703501,24031703401,24031,24031,0.5250779621256852,1556.3728748216752,3,-77.07636324023186,39.052542682573154,https://maps.roads.maryland.gov/itms_public/?stationid=B2906,3.48,4.01,Urban,3.0,Principal Arterial Other,1.0,39251.0,41611.0,1226.0,B,True,False,montgomery_dc_spatial;pg_montgomery_spatial,True,40792.0,39250.0,43652.0,42000.0,39251.0,41611.0,6.0,1.0,586.0,8.62,52.94,1425,Census Tract 7035.01,24031703501,24031703401,"Montgomery County, MD","Montgomery County, MD",0.5250779621256852,AADT_2018,daily vehicle trips whose OD path crosses this tract-pair boundary; direct adjacent OD only is stricter and will undercount through traffic
sl_B2805_24031704401__24031704501,24031704401__24031704501,other_adjacent_tract_pair,high,accepted,B2805,Montgomery,Old Georgetown Rd,MD,187.0,3.15,Md187-.50 Mi N Of Is495,Is 495 To Is 270,North,7.0,F,44160.0,43761.0,47250.0,46821.0,9.06,60.85,50.84,49.16,24031704401,24031704501,24031,24031,3.5749868616805585,1163.598841399989,1,-77.12331312441437,39.02223660183017,https://maps.roads.maryland.gov/itms_public/?stationid=B2805,2.64,3.764,Urban,3.0,Principal Arterial Other,1.0,43762.0,46392.0,1691.0,B,True,False,montgomery_dc_spatial,True,44160.0,43761.0,47250.0,46821.0,43762.0,46392.0,7.0,1.0,187.0,9.06,60.85,559,Census Tract 7044.01,24031704401,24031704501,"Montgomery County, MD","Montgomery County, MD",3.5749868616805585,AADT_2018,daily vehicle trips whose OD path crosses this tract-pair boundary; direct adjacent OD only is stricter and will undercount through traffic
sl_S2012161166_24033802002__24033802107,24033802002__24033802107,other_adjacent_tract_pair,high,accepted,S2012161166,Prince George's,Regency Pkwy,CO,2833.0,0.83,Regency Pkwy - 50ft North Of Suitland Rd,Surrey Service Dr To Road End,North,3.0,F,7605.0,8690.0,8065.0,9210.0,10.69,51.7,48.68,51.32,24033802107,24033802002,24033,24033,1.0917368177243967,1379.677132682226,2,-76.9114021784345,38.83916028474933,https://maps.roads.maryland.gov/itms_public/?stationid=S2012161166,0.0,1.06,Urban,5.0,Major Collector,1.0,8691.0,9561.0,,S,True,False,pg_dc_spatial,True,7605.0,8690.0,8065.0,9210.0,8691.0,9561.0,3.0,1.0,2833.0,10.69,51.7,899,Census Tract 8021.07,24033802107,24033802002,"Prince George's County, MD","Prince George's County, MD",1.0917368177243967,AADT_2018,daily vehicle trips whose OD path crosses this tract-pair boundary; direct adjacent OD only is stricter and will undercount through traffic
sl_B150005_24031700816__24031700817,24031700816__24031700817,other_adjacent_tract_pair,high,accepted,B150005,Montgomery,Great Seneca Hwy,MD,119.0,0.1,Md119-.10 Mi N Of Md28,Md 28 To Sam Eig Hwy,North,5.0,F,25350.0,25121.0,27130.0,26881.0,10.27,76.74,52.74,47.26,24031700817,24031700816,24031,24031,21.516234598807095,3695.829100804787,1,-77.20699098921253,39.10479953956267,https://maps.roads.maryland.gov/itms_public/?stationid=B150005,0.0,0.51,Urban,3.0,Principal Arterial Other,1.0,25122.0,26632.0,497.0,B,True,False,montgomery_dc_spatial,True,25350.0,25121.0,27130.0,26881.0,25122.0,26632.0,5.0,1.0,119.0,10.27,76.74,363,Census Tract 7008.17,24031700817,24031700816,"Montgomery County, MD","Montgomery County, MD",21.516234598807095,AADT_2018,daily vehicle trips whose OD path crosses this tract-pair boundary; direct adjacent OD only is stricter and will undercount through traffic
sl_B2935_24031701001__24031701205,24031701001__24031701205,other_adjacent_tract_pair,high,accepted,B2935,Montgomery,Montrose Rd,MD,927.0,1.58,Md927-.20 Mi E Of Is270,Is 270 To Tower Oaks Blvd,West,4.0,C,56841.0,56332.0,60821.0,60282.0,7.98,62.13,38.19,61.81,24031701205,24031701001,24031,24031,1.4560166871081957,1423.7070624538435,1,-77.1507458936288,39.05573112958117,https://maps.roads.maryland.gov/itms_public/?stationid=B2935,1.38,1.65,Urban,3.0,Principal Arterial Other,1.0,51420.0,54510.0,,B,True,False,montgomery_dc_spatial,True,56841.0,56332.0,60821.0,60282.0,51420.0,54510.0,4.0,1.0,927.0,7.98,62.13,554,Census Tract 7012.05,24031701205,24031701001,"Montgomery County, MD","Montgomery County, MD",1.4560166871081957,AADT_2018,daily vehicle trips whose OD path crosses this tract-pair boundary; direct adjacent OD only is stricter and will undercount through traffic
sl_B160089_24033800507__24033800516,24033800507__24033800516,other_adjacent_tract_pair,high,accepted,B160089,Prince George's,Crain Hwy,US,301.0,23.25,Us301-.10 Mi N Of Md197,Md 197 To Is 595/md3,North,5.0,C,63791.0,63222.0,68261.0,67652.0,7.06,51.76,51.62,48.38,24033800507,24033800516,24033,24033,28.026164135874822,1410.2879936840518,2,-76.71780216332104,38.94402958027765,https://maps.roads.maryland.gov/itms_public/?stationid=B160089,23.15,24.01,Urban,3.0,Principal Arterial Other,1.0,61550.0,65240.0,3392.0,B,True,False,pg_dc_route,True,63791.0,63222.0,68261.0,67652.0,61550.0,65240.0,5.0,1.0,301.0,7.06,51.76,1525,Census Tract 8005.07,24033800507,24033800516,"Prince George's County, MD","Prince George's County, MD",28.026164135874822,AADT_2018,daily vehicle trips whose OD path crosses this tract-pair boundary; direct adjacent OD only is stricter and will undercount through traffic
sl_S2012150710_24031706005__24031706011,24031706005__24031706011,other_adjacent_tract_pair,high,accepted,S2012150710,Montgomery,Bells Mill Rd                           ,CO,165.0,0.09,Bells Mill Rd - .10 Mile East Of Md 189,Md 189 To Gainsborough Rd,East,2.0,F,2935.0,2930.0,3115.0,3110.0,10.94,65.63,51.03,48.97,24031706011,24031706005,24031,24031,0.866025771814482,1671.89017950065,2,-77.19273771075524,39.03537380082636,https://maps.roads.maryland.gov/itms_public/?stationid=S2012150710,0.0,1.27,Urban,5.0,Major Collector,1.0,2931.0,3221.0,,S,True,False,montgomery_dc_spatial,True,2935.0,2930.0,3115.0,3110.0,2931.0,3221.0,2.0,1.0,165.0,10.94,65.63,1327,Census Tract 7060.11,24031706011,24031706005,"Montgomery County, MD","Montgomery County, MD",0.866025771814482,AADT_2018,daily vehicle trips whose OD path crosses this tract-pair boundary; direct adjacent OD only is stricter and will undercount through traffic
sl_S2012150802_24031701206__24031706011,24031701206__24031706011,other_adjacent_tract_pair,medium,accepted,S2012150802,Montgomery,Gainsborough Rd                         ,CO,1757.0,1.59,Gainsborough Rd - Between Tuckerman La & Fox Run,Tuckerman La To Gainsborough Rd (ahead),South,3.0,F,4845.0,4430.0,5145.0,4700.0,11.8,53.45,50.85,49.15,24031706011,24031701206,24031,24031,68.71446544379695,3544.6151180412376,1,-77.17258057489332,39.04036319866508,https://maps.roads.maryland.gov/itms_public/?stationid=S2012150802,1.55,3.01,Urban,5.0,Major Collector,1.0,4431.0,4871.0,,S,True,False,montgomery_dc_spatial,True,4845.0,4430.0,5145.0,4700.0,4431.0,4871.0,3.0,1.0,1757.0,11.8,53.45,1327,Census Tract 7060.11,24031706011,24031701206,"Montgomery County, MD","Montgomery County, MD",68.71446544379695,AADT_2018,daily vehicle trips whose OD path crosses this tract-pair boundary; direct adjacent OD only is stricter and will undercount through traffic
sl_S2012150803_24031705701__24031705702,24031705701__24031705702,other_adjacent_tract_pair,medium,accepted,S2012150803,Montgomery,Cromwell Dr,CO,1854.0,0.89,Cromwell Dr - Between Md 396 & Christy Dr,Ramsgate Rd To Massachusetts Ave,South,2.0,F,2065.0,2470.0,2195.0,2620.0,10.42,59.22,48.85,51.15,24031705701,24031705702,24031,24031,50.80921610220005,1253.5538354956245,1,-77.11597421103829,38.96135208046772,https://maps.roads.maryland.gov/itms_public/?stationid=S2012150803,0.0,0.92,Urban,7.0,Local,1.0,2471.0,2721.0,,S,True,False,montgomery_dc_spatial;pg_montgomery_spatial,True,2065.0,2470.0,2195.0,2620.0,2471.0,2721.0,2.0,1.0,1854.0,10.42,59.22,1386,Census Tract 7057.01,24031705701,24031705702,"Montgomery County, MD","Montgomery County, MD",50.80921610220005,AADT_2018,daily vehicle trips whose OD path crosses this tract-pair boundary; direct adjacent OD only is stricter and will undercount through traffic
sl_B2890_24031704804__24031704805,24031704804__24031704805,other_adjacent_tract_pair,low_review,accepted,B2890,Montgomery,Montgomery Ave,MD,410.0,0.1,Md410-.10 Mi E Of Md355 (one Way Couplet Eb - Wb See B150085),Md 355 To Md 410 (wb/l),East,3.0,C,15341.0,15202.0,16421.0,16272.0,9.65,100.0,100.0,0.0,24031704804,24031704805,24031,24031,111.11219521379496,1064.1096300292309,2,-77.09207247127073,38.983922126163066,https://maps.roads.maryland.gov/itms_public/?stationid=B2890,0.0,0.45,Urban,3.0,Principal Arterial Other,1.0,14320.0,15180.0,,B,True,False,montgomery_dc_route;montgomery_dc_spatial;pg_montgomery_spatial,True,15341.0,15202.0,16421.0,16272.0,14320.0,15180.0,3.0,1.0,410.0,9.65,100.0,806,Census Tract 7048.04,24031704804,24031704805,"Montgomery County, MD","Montgomery County, MD",111.11219521379496,AADT_2018,daily vehicle trips whose OD path crosses this tract-pair boundary; direct adjacent OD only is stricter and will undercount through traffic
sl_B3260_24031701704__24033805202,24031701704__24033805202,pg_montgomery,low_review,accepted,B3260,Montgomery,Ethan Allen Ave,MD,410.0,6.21,Md410-.10 Mi W Of Md650,Md 195 To Md 650,East,3.0,F,11430.0,11331.0,12230.0,12121.0,7.62,57.34,49.75,50.25,24031701704,24033805202,24031,24033,158.12267999406086,915.4282466694082,1,-76.99602731849639,38.97580158669663,https://maps.roads.maryland.gov/itms_public/?stationid=B3260,5.63,6.31,Urban,4.0,Minor Arterial,1.0,11332.0,12012.0,411.0,B,True,False,montgomery_dc_route;montgomery_dc_spatial;pg_montgomery_spatial,True,11430.0,11331.0,12230.0,12121.0,11332.0,12012.0,3.0,1.0,410.0,7.62,57.34,604,Census Tract 7017.04,24031701704,24033805202,"Montgomery County, MD","Prince George's County, MD",158.12267999406086,AADT_2018,daily vehicle trips whose OD path crosses this tract-pair boundary; direct adjacent OD only is stricter and will undercount through traffic
sl_B160108_24033806200__24033806300,24033806200__24033806300,other_adjacent_tract_pair,medium,accepted,B160108,Prince George's,Crittenden St,MU,90.0,0.1,Crittenden St-.10 Mi W Of Us1al,Us 1al To Rhode Island Ave,West,1.0,F,500.0,501.0,540.0,541.0,9.68,86.0,12.54,87.46,24033806300,24033806200,24033,24033,94.92723596048897,2146.249524485716,1,-76.94256543273326,38.94804402164003,https://maps.roads.maryland.gov/itms_public/?stationid=B160108,0.0,0.14,Urban,4.0,Minor Arterial,1.0,502.0,532.0,17.0,B,True,False,pg_dc_spatial;pg_montgomery_spatial,True,500.0,501.0,540.0,541.0,502.0,532.0,1.0,1.0,90.0,9.68,86.0,1559,Census Tract 8063,24033806300,24033806200,"Prince George's County, MD","Prince George's County, MD",94.92723596048897,AADT_2018,daily vehicle trips whose OD path crosses this tract-pair boundary; direct adjacent OD only is stricter and will undercount through traffic
sl_S2012150763_24031702402__24031702500,24031702402__24031702500,other_adjacent_tract_pair,low_review,accepted,S2012150763,Montgomery,Wayne Ave,MD,594.0,0.06,Md 594a (wayne Ave) - 100ft West Of Pershing Dr,Us 29 To Sligo Creek Pkwy,East,4.0,F,14395.0,14730.0,15265.0,15610.0,8.54,60.24,48.92,51.08,24031702500,24031702402,24031,24031,112.38323095019182,1489.5064047395279,1,-77.02553759721391,38.99478741914704,https://maps.roads.maryland.gov/itms_public/?stationid=S2012150763,0.0,1.02,Urban,5.0,Major Collector,1.0,14731.0,16201.0,,S,True,False,montgomery_dc_spatial;pg_montgomery_spatial,True,14395.0,14730.0,15265.0,15610.0,14731.0,16201.0,4.0,1.0,594.0,8.54,60.24,339,Census Tract 7025,24031702500,24031702402,"Montgomery County, MD","Montgomery County, MD",112.38323095019182,AADT_2018,daily vehicle trips whose OD path crosses this tract-pair boundary; direct adjacent OD only is stricter and will undercount through traffic
sl_S2012150751_24031705702__24031705800,24031705702__24031705800,other_adjacent_tract_pair,high,accepted,S2012150751,Montgomery,Sangamore Rd,CO,507.0,0.11,Sangamore Rd - Between Md 396 & Walhonding Rd,Osceola Rd To Overlea Rd,South,2.0,F,8705.0,8500.0,9235.0,9010.0,8.58,59.5,42.16,57.84,24031705800,24031705702,24031,24031,1.1152443579316256,3010.145307940093,2,-77.12125405642577,38.96311010546879,https://maps.roads.maryland.gov/itms_public/?stationid=S2012150751,0.0,0.9,Urban,5.0,Major Collector,1.0,8501.0,9351.0,,S,True,False,montgomery_dc_spatial,True,8705.0,8500.0,9235.0,9010.0,8501.0,9351.0,2.0,1.0,507.0,8.58,59.5,1392,Census Tract 7058,24031705800,24031705702,"Montgomery County, MD","Montgomery County, MD",1.1152443579316256,AADT_2018,daily vehicle trips whose OD path crosses this tract-pair boundary; direct adjacent OD only is stricter and will undercount through traffic
sl_B160068_24033802301__24033802803,24033802301__24033802803,other_adjacent_tract_pair,high,accepted,B160068,Prince George's,Walker Mill Rd,MD,458.0,3.12,Md458a (walker Mill Rd)-.10 Mi E Of Md458,Walker Mill Rd(back) To Walker Mill Rd(ahd),East,4.0,F,25052.0,27620.0,26812.0,29550.0,7.67,51.51,49.99,50.01,24033802301,24033802803,24033,24033,2.916272435027032,593.9120283693435,2,-76.8992064516096,38.863151130863926,https://maps.roads.maryland.gov/itms_public/?stationid=B160068,2.946,3.306,Urban,3.0,Principal Arterial Other,1.0,27621.0,29281.0,560.0,B,True,False,pg_dc_spatial,True,25052.0,27620.0,26812.0,29550.0,27621.0,29281.0,4.0,1.0,458.0,7.67,51.51,568,Census Tract 8023.01,24033802301,24033802803,"Prince George's County, MD","Prince George's County, MD",2.916272435027032,AADT_2018,daily vehicle trips whose OD path crosses this tract-pair boundary; direct adjacent OD only is stricter and will undercount through traffic
sl_B2953_24031705800__24031706009,24031705800__24031706009,other_adjacent_tract_pair,low_review,accepted,B2953,Montgomery,Persimmon Tree Rd,CO,781.0,0.46,Persimmon Tree Rd-.10 Mi S Of Is495,Mcarthur Blvd To Bradley Blvd,South,2.0,F,2800.0,2781.0,3000.0,2981.0,10.78,72.84,49.43,50.57,24031705800,24031706009,24031,24031,144.6812522352425,2116.404917014633,1,-77.17184780743797,38.98020130808296,https://maps.roads.maryland.gov/itms_public/?stationid=B2953,0.0,1.99,Urban,4.0,Minor Arterial,1.0,2782.0,2952.0,,B,True,False,montgomery_dc_spatial,True,2800.0,2781.0,3000.0,2981.0,2782.0,2952.0,2.0,1.0,781.0,10.78,72.84,1392,Census Tract 7058,24031705800,24031706009,"Montgomery County, MD","Montgomery County, MD",144.6812522352425,AADT_2018,daily vehicle trips whose OD path crosses this tract-pair boundary; direct adjacent OD only is stricter and will undercount through traffic
sl_B2799_24031703201__24031703214,24031703201__24031703214,other_adjacent_tract_pair,low_review,accepted,B2799,Montgomery,Connecticut Ave,MD,185.0,8.2,Md185-.10 Mi S Of Md97,Md 586 To Md 97,North,5.0,F,36571.0,36242.0,39131.0,38782.0,8.22,78.2,46.85,53.15,24031703201,24031703214,24031,24031,161.60066219328152,447.8737817435277,2,-77.0791844847216,39.082715399055246,https://maps.roads.maryland.gov/itms_public/?stationid=B2799,5.92,8.3,Urban,3.0,Principal Arterial Other,1.0,37763.0,38423.0,,B,True,False,montgomery_dc_route;montgomery_dc_spatial;pg_montgomery_spatial,True,36571.0,36242.0,39131.0,38782.0,37763.0,38423.0,5.0,1.0,185.0,8.22,78.2,1410,Census Tract 7032.01,24031703201,24031703214,"Montgomery County, MD","Montgomery County, MD",161.60066219328152,AADT_2018,daily vehicle trips whose OD path crosses this tract-pair boundary; direct adjacent OD only is stricter and will undercount through traffic
sl_B3189_24033803513__24033803527,24033803513__24033803527,other_adjacent_tract_pair,high,accepted,B3189,Prince George's,Largo Rd,MD,202.0,7.15,Md202-.50 Mi S Of Md214,White House Rd To Md 214,South,5.0,F,32231.0,31942.0,34491.0,34182.0,7.98,61.3,53.23,46.77,24033803527,24033803513,24033,24033,23.56309909801643,1624.5105752667264,1,-76.82675993534791,38.89231496443848,https://maps.roads.maryland.gov/itms_public/?stationid=B3189,5.37,7.65,Urban,3.0,Principal Arterial Other,1.0,33283.0,33863.0,,B,True,False,pg_dc_route;pg_dc_spatial,True,32231.0,31942.0,34491.0,34182.0,33283.0,33863.0,5.0,1.0,202.0,7.98,61.3,872,Census Tract 8035.27,24033803527,24033803513,"Prince George's County, MD","Prince George's County, MD",23.56309909801643,AADT_2018,daily vehicle trips whose OD path crosses this tract-pair boundary; direct adjacent OD only is stricter and will undercount through traffic
sl_B160022_24033807407__24033807410,24033807407__24033807410,other_adjacent_tract_pair,high,accepted,B160022,Prince George's,Calverton Blvd,CO,2382.0,0.2,Calverton Blvd-.20 Mi W Of Beltsville Dr,Beltsville Dr To Montgomery Co/l,West,3.0,F,14620.0,14491.0,15640.0,15511.0,9.29,60.76,48.69,51.31,24033807407,24033807410,24033,24033,7.4713988601019565,1581.679947592801,1,-76.93983215756437,39.052271631053394,https://maps.roads.maryland.gov/itms_public/?stationid=B160022,0.0,0.559,Urban,4.0,Minor Arterial,1.0,14492.0,15362.0,347.0,B,True,False,pg_dc_spatial;pg_montgomery_spatial,True,14620.0,14491.0,15640.0,15511.0,14492.0,15362.0,3.0,1.0,2382.0,9.29,60.76,183,Census Tract 8074.07,24033807407,24033807410,"Prince George's County, MD","Prince George's County, MD",7.4713988601019565,AADT_2018,daily vehicle trips whose OD path crosses this tract-pair boundary; direct adjacent OD only is stricter and will undercount through traffic
sl_B160032_24033800108__24033800109,24033800108__24033800109,other_adjacent_tract_pair,high,accepted,B160032,Prince George's,Fourth St,MU,9040.0,0.63,Fourth St-.10 Mi S Of Md198 (gorman Ave),Cherry La To Main St,North,2.0,F,6850.0,6791.0,7260.0,7201.0,8.59,60.94,62.06,37.94,24033800109,24033800108,24033,24033,20.067000120847062,2171.878276590801,3,-76.8542628081888,39.0991158913416,https://maps.roads.maryland.gov/itms_public/?stationid=B160032,0.0,1.22,Urban,5.0,Major Collector,1.0,6792.0,7472.0,140.0,B,True,False,pg_montgomery_spatial,True,6850.0,6791.0,7260.0,7201.0,6792.0,7472.0,2.0,1.0,9040.0,8.59,60.94,868,Census Tract 8001.09,24033800109,24033800108,"Prince George's County, MD","Prince George's County, MD",20.067000120847062,AADT_2018,daily vehicle trips whose OD path crosses this tract-pair boundary; direct adjacent OD only is stricter and will undercount through traffic
sl_B150109_24031701703__24031701704,24031701703__24031701704,other_adjacent_tract_pair,low_review,accepted,B150109,Montgomery,Flower Ave,MU,460.0,0.1,Flower Ave-.10 Mi N Of Sligo Creek Pkwy,Sligo Creek Pkwy To Md 195,South,2.0,F,2250.0,2231.0,2390.0,2371.0,8.61,50.95,49.87,50.13,24031701703,24031701704,24031,24031,110.78414461903996,1851.087826249138,1,-76.99564673824312,38.98147497240486,https://maps.roads.maryland.gov/itms_public/?stationid=B150109,0.0,0.4,Urban,5.0,Major Collector,1.0,2232.0,2462.0,130.0,B,True,False,montgomery_dc_spatial;pg_montgomery_spatial,True,2250.0,2231.0,2390.0,2371.0,2232.0,2462.0,2.0,1.0,460.0,8.61,50.95,603,Census Tract 7017.03,24031701703,24031701704,"Montgomery County, MD","Montgomery County, MD",110.78414461903996,AADT_2018,daily vehicle trips whose OD path crosses this tract-pair boundary; direct adjacent OD only is stricter and will undercount through traffic
sl_S2012150831_24031703215__24031703220,24031703215__24031703220,other_adjacent_tract_pair,low_review,accepted,S2012150831,Montgomery,Rippling Brook Dr                       ,CO,3405.0,0.07,Rippling Brook Dr - .10 Mi South Of Bel Pre Rd,Bel Pre Rd To Road End,North,2.0,F,2655.0,2840.0,2815.0,3010.0,8.61,55.97,50.09,49.91,24031703215,24031703220,24031,24031,105.74054953247278,1248.7852818492863,1,-77.05362825211824,39.08942478168389,https://maps.roads.maryland.gov/itms_public/?stationid=S2012150831,0.0,0.75,Urban,6.0,Minor Collector,1.0,2841.0,3131.0,,S,True,False,montgomery_dc_spatial;pg_montgomery_spatial,True,2655.0,2840.0,2815.0,3010.0,2841.0,3131.0,2.0,1.0,3405.0,8.61,55.97,355,Census Tract 7032.15,24031703215,24031703220,"Montgomery County, MD","Montgomery County, MD",105.74054953247278,AADT_2018,daily vehicle trips whose OD path crosses this tract-pair boundary; direct adjacent OD only is stricter and will undercount through traffic
sl_S2012150788_24031702700__24031704000,24031702700__24031704000,other_adjacent_tract_pair,high,accepted,S2012150788,Montgomery,Forest Glen Rd,CO,1227.0,0.21,Forest Glen Rd - 100 Ft South Of Md 192/seminary Rd,Newcastle Ave To Md 192,North,2.0,C,3364.0,3335.0,3574.0,3545.0,11.36,73.96,52.26,47.74,24031704000,24031702700,24031,24031,40.75374204109841,211.8490766360973,3,-77.05558479089188,39.01472955486688,https://maps.roads.maryland.gov/itms_public/?stationid=S2012150788,0.0,0.24,Urban,5.0,Major Collector,1.0,3280.0,3610.0,,S,True,False,montgomery_dc_spatial;pg_montgomery_spatial,True,3364.0,3335.0,3574.0,3545.0,3280.0,3610.0,2.0,1.0,1227.0,11.36,73.96,1194,Census Tract 7040,24031704000,24031702700,"Montgomery County, MD","Montgomery County, MD",40.75374204109841,AADT_2018,daily vehicle trips whose OD path crosses this tract-pair boundary; direct adjacent OD only is stricter and will undercount through traffic
sl_S2012150810_24031703215__24031703220,24031703215__24031703220,other_adjacent_tract_pair,high,accepted,S2012150810,Montgomery,Bel Pre Rd,CO,2722.0,0.1,Bel Pre Rd - .10 Mi West Of Md 182,Layhill Rd To Norbeck Rd,West,3.0,F,24105.0,23190.0,25795.0,24810.0,8.1,51.92,49.29,50.71,24031703220,24031703215,24031,24031,0.05123371559615384,1248.7852818492863,3,-77.04646713869309,39.09053573667223,https://maps.roads.maryland.gov/itms_public/?stationid=S2012150810,0.0,3.21,Urban,4.0,Minor Arterial,1.0,23191.0,24581.0,,S,True,False,montgomery_dc_spatial;pg_montgomery_spatial,True,24105.0,23190.0,25795.0,24810.0,23191.0,24581.0,3.0,1.0,2722.0,8.1,51.92,1334,Census Tract 7032.20,24031703220,24031703215,"Montgomery County, MD","Montgomery County, MD",0.05123371559615384,AADT_2018,daily vehicle trips whose OD path crosses this tract-pair boundary; direct adjacent OD only is stricter and will undercount through traffic
sl_S2012161138_24033801804__24033801807,24033801804__24033801807,other_adjacent_tract_pair,medium,accepted,S2012161138,Prince George's,23rd Pkwy                               ,CO,1007.0,0.03,23rd Pkwy - Between Oxon Run Dr & Afton St,Oxon Run Dr To Chadwick St,East,2.0,F,4715.0,4300.0,5005.0,4560.0,13.22,96.03,83.0,17.0,24033801807,24033801804,24033,24033,51.866217070225886,611.807540412637,2,-76.96682495081726,38.842963128273226,https://maps.roads.maryland.gov/itms_public/?stationid=S2012161138,0.0,0.19,Urban,7.0,Local,1.0,4301.0,4731.0,,S,True,False,pg_dc_spatial,True,4715.0,4300.0,5005.0,4560.0,4301.0,4731.0,2.0,1.0,1007.0,13.22,96.03,1503,Census Tract 8018.07,24033801807,24033801804,"Prince George's County, MD","Prince George's County, MD",51.866217070225886,AADT_2018,daily vehicle trips whose OD path crosses this tract-pair boundary; direct adjacent OD only is stricter and will undercount through traffic
sl_B160019_24033801405__24033801409,24033801405__24033801409,other_adjacent_tract_pair,high,accepted,B160019,Prince George's,Livingston Rd,CO,1203.0,1.31,Livingston Rd-.10 Mi S Of St Barnabas Rd,Md 210 To Md 414,South,3.0,F,8320.0,8251.0,8820.0,8751.0,8.65,65.52,41.33,58.67,24033801409,24033801405,24033,24033,0.9014269834412196,2806.9950389580877,1,-76.98471745720411,38.79494548852836,https://maps.roads.maryland.gov/itms_public/?stationid=B160019,0.0,1.99,Urban,5.0,Major Collector,1.0,8352.0,9082.0,,B,True,False,pg_dc_spatial,True,8320.0,8251.0,8820.0,8751.0,8352.0,9082.0,3.0,1.0,1203.0,8.65,65.52,682,Census Tract 8014.09,24033801409,24033801405,"Prince George's County, MD","Prince George's County, MD",0.9014269834412196,AADT_2018,daily vehicle trips whose OD path crosses this tract-pair boundary; direct adjacent OD only is stricter and will undercount through traffic
sl_B2839_24031701703__24031702000,24031701703__24031702000,other_adjacent_tract_pair,high,accepted,B2839,Montgomery,Carroll Ave,MD,195.0,1.42,Md195-.50 Mi S Of Md193,Md 787 To Md 193,North,2.0,F,13083.0,12450.0,14003.0,13320.0,8.82,56.97,47.71,52.29,24031702000,24031701703,24031,24031,0.523367179881237,836.851655321423,2,-76.99489827272818,38.98745882051227,https://maps.roads.maryland.gov/itms_public/?stationid=B2839,1.14,1.9,Urban,4.0,Minor Arterial,1.0,12451.0,13201.0,523.0,B,True,False,montgomery_dc_spatial;pg_montgomery_spatial,True,13083.0,12450.0,14003.0,13320.0,12451.0,13201.0,2.0,1.0,195.0,8.82,56.97,1447,Census Tract 7020,24031702000,24031701703,"Montgomery County, MD","Montgomery County, MD",0.523367179881237,AADT_2018,daily vehicle trips whose OD path crosses this tract-pair boundary; direct adjacent OD only is stricter and will undercount through traffic
sl_S2012150746_24031704804__24031704805,24031704804__24031704805,other_adjacent_tract_pair,low_review,accepted,S2012150746,Montgomery,Woodmont Ave,CO,385.0,0.74,Woodmont Ave - .10 Mile South Of Md 187 (one Way),Md 187 To Hampden La,South,2.0,F,15195.0,14740.0,16115.0,15620.0,12.25,100.0,0.0,100.0,24031704805,24031704804,24031,24031,107.10549114361466,1064.1096300292306,3,-77.09705367443692,38.98572678171289,https://maps.roads.maryland.gov/itms_public/?stationid=S2012150746,0.7,0.97,Urban,5.0,Major Collector,1.0,14741.0,16221.0,,S,True,False,montgomery_dc_spatial;pg_montgomery_spatial,True,15195.0,14740.0,16115.0,15620.0,14741.0,16221.0,2.0,1.0,385.0,12.25,100.0,1358,Census Tract 7048.05,24031704805,24031704804,"Montgomery County, MD","Montgomery County, MD",107.10549114361466,AADT_2018,daily vehicle trips whose OD path crosses this tract-pair boundary; direct adjacent OD only is stricter and will undercount through traffic
sl_B3271_24033801801__24033801907,24033801801__24033801907,other_adjacent_tract_pair,high,accepted,B3271,Prince George's,St Barnabas Rd,MD,414.0,4.37,Md414-.20 Mi W Of Md5,Temple Hill Rd To Md 5,West,5.0,C,35711.0,35392.0,38211.0,37872.0,7.28,53.97,51.56,48.44,24033801907,24033801801,24033,24033,15.399166961516597,1185.1817878808038,2,-76.94162695107784,38.830052747870674,https://maps.roads.maryland.gov/itms_public/?stationid=B3271,3.719,4.569,Urban,3.0,Principal Arterial Other,1.0,36730.0,38930.0,689.0,B,True,False,pg_dc_spatial,True,35711.0,35392.0,38211.0,37872.0,36730.0,38930.0,5.0,1.0,414.0,7.28,53.97,683,Census Tract 8019.07,24033801907,24033801801,"Prince George's County, MD","Prince George's County, MD",15.399166961516597,AADT_2018,daily vehicle trips whose OD path crosses this tract-pair boundary; direct adjacent OD only is stricter and will undercount through traffic
sl_B150013_24031701415__24031701503,24031701415__24031701503,other_adjacent_tract_pair,high,accepted,B150013,Montgomery,E Randolph Rd,CO,99.0,0.3,Randolph Rd-.30 Mi E Of Md650,Md 650 To Md 929a (ahead),East,5.0,C,37071.0,36742.0,39671.0,39312.0,8.46,56.22,49.22,50.78,24031701503,24031701415,24031,24031,6.282104129600587,2753.757291494924,1,-76.99653517565238,39.07538957696863,https://maps.roads.maryland.gov/itms_public/?stationid=B150013,0.0,2.19,Urban,3.0,Principal Arterial Other,1.0,35290.0,37410.0,914.0,B,True,False,montgomery_dc_spatial;pg_montgomery_spatial,True,37071.0,36742.0,39671.0,39312.0,35290.0,37410.0,5.0,1.0,99.0,8.46,56.22,591,Census Tract 7015.03,24031701503,24031701415,"Montgomery County, MD","Montgomery County, MD",6.282104129600587,AADT_2018,daily vehicle trips whose OD path crosses this tract-pair boundary; direct adjacent OD only is stricter and will undercount through traffic
sl_B150029_24031700905__24031701218,24031700905__24031701218,other_adjacent_tract_pair,high,accepted,B150029,Montgomery,E Jefferson St,CO,4132.0,0.37,E Jefferson St-.10 Mi N Of Montrose Rd,Montrose Rd To E. Jefferson St (ahead),North,4.0,F,22370.0,22171.0,23710.0,23501.0,8.14,56.97,56.78,43.22,24031700905,24031701218,24031,24031,0.43607950577996735,645.8057599059647,3,-77.12609542963148,39.05413447205172,https://maps.roads.maryland.gov/itms_public/?stationid=B150029,0.27,0.63,Urban,5.0,Major Collector,1.0,22172.0,24392.0,549.0,B,True,False,montgomery_dc_spatial,True,22370.0,22171.0,23710.0,23501.0,22172.0,24392.0,4.0,1.0,4132.0,8.14,56.97,1024,Census Tract 7009.05,24031700905,24031701218,"Montgomery County, MD","Montgomery County, MD",0.43607950577996735,AADT_2018,daily vehicle trips whose OD path crosses this tract-pair boundary; direct adjacent OD only is stricter and will undercount through traffic
sl_S2012150727_24031700606__24031700607,24031700606__24031700607,other_adjacent_tract_pair,high,accepted,S2012150727,Montgomery,Dufief Mill Rd,CO,210.0,1.95,Dufief Mill Rd - .10 Mile South Of Muddy Branch Rd,Flints Grove La To Md 28,South,2.0,F,12125.0,11480.0,12975.0,12280.0,9.14,59.8,50.45,49.55,24031700606,24031700607,24031,24031,0.9064205409339176,3549.432528049201,1,-77.22594511651732,39.09953649673079,https://maps.roads.maryland.gov/itms_public/?stationid=S2012150727,1.35,2.22,Urban,4.0,Minor Arterial,1.0,11481.0,12171.0,,S,True,False,montgomery_dc_spatial,True,12125.0,11480.0,12975.0,12280.0,11481.0,12171.0,2.0,1.0,210.0,9.14,59.8,1418,Census Tract 7006.06,24031700606,24031700607,"Montgomery County, MD","Montgomery County, MD",0.9064205409339176,AADT_2018,daily vehicle trips whose OD path crosses this tract-pair boundary; direct adjacent OD only is stricter and will undercount through traffic
sl_B160110_24033806000__24033806100,24033806000__24033806100,other_adjacent_tract_pair,low_review,accepted,B160110,Prince George's,Queensbury Rd,MU,370.0,0.1,Queensbury Rd-.10 Mi E Of Md500,Md 500 To 43rd St #1,East,2.0,F,6510.0,6451.0,6900.0,6841.0,9.28,54.37,48.16,51.84,24033806100,24033806000,24033,24033,132.30979149906963,1642.9798234594593,2,-76.94964257344229,38.96388985525506,https://maps.roads.maryland.gov/itms_public/?stationid=B160110,0.0,0.47,Urban,5.0,Major Collector,1.0,6452.0,7102.0,142.0,B,True,False,pg_dc_spatial;pg_montgomery_spatial,True,6510.0,6451.0,6900.0,6841.0,6452.0,7102.0,2.0,1.0,370.0,9.28,54.37,1546,Census Tract 8061,24033806100,24033806000,"Prince George's County, MD","Prince George's County, MD",132.30979149906963,AADT_2018,daily vehicle trips whose OD path crosses this tract-pair boundary; direct adjacent OD only is stricter and will undercount through traffic
sl_S2012150915_24031705100__24031705400,24031705100__24031705400,other_adjacent_tract_pair,medium,accepted,S2012150915,Montgomery,Shepherd St,MU,60.0,0.05,Shepherd St - Between Md 185 & Delaware St,Connecticut Ave To Brookville Rd,East,2.0,C,594.0,595.0,634.0,635.0,11.19,86.36,83.8,16.2,24031705100,24031705400,24031,24031,92.74025361890632,1248.5594073407221,1,-77.07618172574722,38.979777021726825,https://maps.roads.maryland.gov/itms_public/?stationid=S2012150915,0.0,0.32,Urban,5.0,Major Collector,1.0,530.0,580.0,12.0,S,True,False,montgomery_dc_spatial;pg_montgomery_spatial,True,594.0,595.0,634.0,635.0,530.0,580.0,2.0,1.0,60.0,11.19,86.36,576,Census Tract 7051,24031705100,24031705400,"Montgomery County, MD","Montgomery County, MD",92.74025361890632,AADT_2018,daily vehicle trips whose OD path crosses this tract-pair boundary; direct adjacent OD only is stricter and will undercount through traffic
sl_S2012161239_24033804600__24033804700,24033804600__24033804700,other_adjacent_tract_pair,medium,accepted,S2012161239,Prince George's,Bunker Hill Rd #1                       ,MU,31.0,0.03,Bunker Hill Rd #1 - .05 Mi West Of Md 208,38th St To Bunker Hill Rd (ahead) (mt Rainier),West,2.0,F,2235.0,2220.0,2375.0,2350.0,8.74,57.14,49.12,50.88,24033804600,24033804700,24033,24033,67.8626097385154,1956.0007418138819,1,-76.95646508848064,38.939226671651824,https://maps.roads.maryland.gov/itms_public/?stationid=S2012161239,0.0,0.07,Urban,5.0,Major Collector,1.0,2221.0,2441.0,,S,True,False,pg_dc_spatial;pg_montgomery_spatial,True,2235.0,2220.0,2375.0,2350.0,2221.0,2441.0,2.0,1.0,31.0,8.74,57.14,1517,Census Tract 8046,24033804600,24033804700,"Prince George's County, MD","Prince George's County, MD",67.8626097385154,AADT_2018,daily vehicle trips whose OD path crosses this tract-pair boundary; direct adjacent OD only is stricter and will undercount through traffic
sl_S2012161105_24033802805__24033803519,24033802805__24033803519,other_adjacent_tract_pair,high,accepted,S2012161105,Prince George's,Hill Rd,CO,360.0,1.66,Hill Rd - .10 Mi North Of Md 214,Seat Pleasant Dr To Md 214,North,3.0,F,13735.0,15510.0,14565.0,16440.0,8.92,52.79,51.53,48.47,24033803519,24033802805,24033,24033,3.205041789304181,684.1009272974504,2,-76.87749876697345,38.88985179869257,https://maps.roads.maryland.gov/itms_public/?stationid=S2012161105,0.58,1.75,Urban,5.0,Major Collector,1.0,15511.0,17061.0,,S,True,False,pg_dc_spatial,True,13735.0,15510.0,14565.0,16440.0,15511.0,17061.0,3.0,1.0,360.0,8.92,52.79,475,Census Tract 8035.19,24033803519,24033802805,"Prince George's County, MD","Prince George's County, MD",3.205041789304181,AADT_2018,daily vehicle trips whose OD path crosses this tract-pair boundary; direct adjacent OD only is stricter and will undercount through traffic
sl_S2012150800_24031703401__24031703501,24031703401__24031703501,other_adjacent_tract_pair,medium,accepted,S2012150800,Montgomery,Bushey Dr                               ,CO,1677.0,0.03,Bushey Dr - Between Md 586 & Gannon Rd,Veirs Mill Rd To Littleton St,North,2.0,F,865.0,860.0,925.0,910.0,8.67,58.54,50.08,49.92,24031703401,24031703501,24031,24031,56.66638519972365,1556.3728748216747,1,-77.07923295691602,39.05487291494208,https://maps.roads.maryland.gov/itms_public/?stationid=S2012150800,0.0,1.01,Urban,6.0,Minor Collector,1.0,861.0,951.0,,S,True,False,montgomery_dc_spatial;pg_montgomery_spatial,True,865.0,860.0,925.0,910.0,861.0,951.0,2.0,1.0,1677.0,8.67,58.54,200,Census Tract 7034.01,24031703401,24031703501,"Montgomery County, MD","Montgomery County, MD",56.66638519972365,AADT_2018,daily vehicle trips whose OD path crosses this tract-pair boundary; direct adjacent OD only is stricter and will undercount through traffic
sl_S2012161078_24033801209__24033801216,24033801209__24033801216,other_adjacent_tract_pair,high,accepted,S2012161078,Prince George's,Thrift Rd,CO,145.0,3.94,Thrift Rd - Between Brandywine Rd & Terrence Dr,Windbrook Dr To Brandywine Rd,South,2.0,C,6694.0,6635.0,7104.0,7035.0,7.35,60.61,51.78,48.22,24033801209,24033801216,24033,24033,1.4421346406525912,2823.0948417984687,2,-76.89660231644933,38.75134731497472,https://maps.roads.maryland.gov/itms_public/?stationid=S2012161078,0.0,4.003,Urban,5.0,Major Collector,1.0,6810.0,7490.0,140.0,S,True,False,pg_dc_spatial,True,6694.0,6635.0,7104.0,7035.0,6810.0,7490.0,2.0,1.0,145.0,7.35,60.61,880,Census Tract 8012.09,24033801209,24033801216,"Prince George's County, MD","Prince George's County, MD",1.4421346406525912,AADT_2018,daily vehicle trips whose OD path crosses this tract-pair boundary; direct adjacent OD only is stricter and will undercount through traffic
sl_B150037_24031705702__24031705800,24031705702__24031705800,other_adjacent_tract_pair,high,accepted,B150037,Montgomery,Macarthur Blvd,CO,4690.0,0.1,Macarthur Blvd-.10 Mi N Of Wash Dc Line,Washington Dc/l To Falls Rd,South,2.0,C,12624.0,12515.0,13514.0,13395.0,9.46,62.94,49.97,50.03,24031705702,24031705800,24031,24031,0.8578944246960147,3010.1453079400926,3,-77.11296899696826,38.941561916438,https://maps.roads.maryland.gov/itms_public/?stationid=B150037,0.0,8.7,Urban,4.0,Minor Arterial,1.0,12760.0,13530.0,263.0,B,True,False,montgomery_dc_spatial;pg_montgomery_spatial,True,12624.0,12515.0,13514.0,13395.0,12760.0,13530.0,2.0,1.0,4690.0,9.46,62.94,1387,Census Tract 7057.02,24031705702,24031705800,"Montgomery County, MD","Montgomery County, MD",0.8578944246960147,AADT_2018,daily vehicle trips whose OD path crosses this tract-pair boundary; direct adjacent OD only is stricter and will undercount through traffic
sl_S2012150678_24031701212__24031701307,24031701212__24031701307,other_adjacent_tract_pair,medium,accepted,S2012150678,Montgomery,Avery Rd,CO,139.0,2.23,Avery Rd - .10 Mile South Of Md 115,Southlawn La To Md 115,North,2.0,F,8085.0,8100.0,8575.0,8590.0,12.04,61.48,49.54,50.46,24031701212,24031701307,24031,24031,72.37319115788681,5118.709280847785,1,-77.11581952653627,39.12180214232418,https://maps.roads.maryland.gov/itms_public/?stationid=S2012150678,1.08,2.28,Urban,5.0,Major Collector,1.0,8101.0,8911.0,,S,True,False,pg_montgomery_spatial,True,8085.0,8100.0,8575.0,8590.0,8101.0,8911.0,2.0,1.0,139.0,12.04,61.48,1407,Census Tract 7012.12,24031701212,24031701307,"Montgomery County, MD","Montgomery County, MD",72.37319115788681,AADT_2018,daily vehicle trips whose OD path crosses this tract-pair boundary; direct adjacent OD only is stricter and will undercount through traffic
sl_S2012150858_24031701213__24031701216,24031701213__24031701216,other_adjacent_tract_pair,low_review,accepted,S2012150858,Montgomery,Marinelli Rd,CO,4122.0,0.54,Marinelli Rd - .10 Mi West Of Md 355,Md 355 To Executive Blvd,East,4.0,F,6785.0,5590.0,7195.0,5930.0,9.96,52.08,56.79,43.21,24031701216,24031701213,24031,24031,161.62725151441938,769.9572913133137,1,-77.11506711382395,39.04651132649243,https://maps.roads.maryland.gov/itms_public/?stationid=S2012150858,0.41,0.64,Urban,5.0,Major Collector,1.0,5591.0,6151.0,,S,True,False,montgomery_dc_spatial;pg_montgomery_spatial,True,6785.0,5590.0,7195.0,5930.0,5591.0,6151.0,4.0,1.0,4122.0,9.96,52.08,1045,Census Tract 7012.16,24031701216,24031701213,"Montgomery County, MD","Montgomery County, MD",161.62725151441938,AADT_2018,daily vehicle trips whose OD path crosses this tract-pair boundary; direct adjacent OD only is stricter and will undercount through traffic
sl_S2012161055_24033801210__24033801311,24033801210__24033801311,other_adjacent_tract_pair,high,accepted,S2012161055,Prince George's,Steed Rd,CO,120.0,0.1,Steed Rd - .10 Mi West Of Md 223,Piscataway Rd To Allentown Rd,East,3.0,F,7295.0,7820.0,7735.0,8290.0,7.36,54.81,46.98,53.02,24033801210,24033801311,24033,24033,2.539773340369363,1508.1683214414466,2,-76.92865019570728,38.7527962897866,https://maps.roads.maryland.gov/itms_public/?stationid=S2012161055,0.0,1.71,Urban,5.0,Major Collector,1.0,7821.0,8601.0,,S,True,False,pg_dc_spatial,True,7295.0,7820.0,7735.0,8290.0,7821.0,8601.0,3.0,1.0,120.0,7.36,54.81,681,Census Tract 8012.10,24033801210,24033801311,"Prince George's County, MD","Prince George's County, MD",2.539773340369363,AADT_2018,daily vehicle trips whose OD path crosses this tract-pair boundary; direct adjacent OD only is stricter and will undercount through traffic
sl_S2012150708_24031701205__24031701213,24031701205__24031701213,other_adjacent_tract_pair,medium,accepted,S2012150708,Montgomery,Tuckerman La,CO,164.0,1.94,Tuckerman La - Between  Md 187 & Luxmanor Rd,Md 187 To Seven Locks Rd,West,3.0,F,16705.0,15610.0,17875.0,16700.0,9.09,58.39,46.64,53.36,24031701205,24031701213,24031,24031,52.55673524993101,1209.1726566629995,2,-77.12544313056434,39.034776036460414,https://maps.roads.maryland.gov/itms_public/?stationid=S2012150708,1.91,3.92,Urban,4.0,Minor Arterial,1.0,16271.0,16551.0,,S,True,False,montgomery_dc_spatial,True,16705.0,15610.0,17875.0,16700.0,16271.0,16551.0,3.0,1.0,164.0,9.09,58.39,554,Census Tract 7012.05,24031701205,24031701213,"Montgomery County, MD","Montgomery County, MD",52.55673524993101,AADT_2018,daily vehicle trips whose OD path crosses this tract-pair boundary; direct adjacent OD only is stricter and will undercount through traffic
sl_B3291_11001009400__24033804900,11001009400__24033804900,pg_dc,low_review,accepted,B3291,Prince George's,Queens Chapel Rd,MD,500.0,0.1,Md500-.10 Mi E Of Wash Dc Line,Washington Dc/l To Md 501,East,4.0,C,22794.0,22595.0,24394.0,24185.0,7.83,68.94,51.32,48.68,24033804900,11001009400,24033,11001,150.3078612472271,496.1154992059968,2,-76.97590269625788,38.94682271845758,https://maps.roads.maryland.gov/itms_public/?stationid=B3291,0.0,0.74,Urban,4.0,Minor Arterial,1.0,25560.0,27090.0,381.0,B,True,False,pg_dc_route;pg_dc_spatial;pg_montgomery_spatial,True,22794.0,22595.0,24394.0,24185.0,25560.0,27090.0,4.0,1.0,500.0,7.83,68.94,1565,Census Tract 8049,24033804900,11001009400,"Prince George's County, MD",District of Columbia,150.3078612472271,AADT_2018,daily vehicle trips whose OD path crosses this tract-pair boundary; direct adjacent OD only is stricter and will undercount through traffic
sl_B3297_24033800509__24033800607,24033800509__24033800607,other_adjacent_tract_pair,high,accepted,B3297,Prince George's,Watkins Park Dr,MD,193.0,19.17,Md193-.20 Mi W Of Md202,Oakgrove Rd To Md 202,East,3.0,F,14325.0,14860.0,15335.0,15900.0,9.29,51.69,51.14,48.86,24033800509,24033800607,24033,24033,1.1869466656841858,2668.3045242426842,1,-76.78230536441217,38.876134816524726,https://maps.roads.maryland.gov/itms_public/?stationid=B3297,19.07,19.37,Urban,4.0,Minor Arterial,1.0,14861.0,15751.0,,B,True,False,pg_montgomery_route;pg_dc_spatial,True,14325.0,14860.0,15335.0,15900.0,14861.0,15751.0,3.0,1.0,193.0,9.29,51.69,1498,Census Tract 8005.09,24033800509,24033800607,"Prince George's County, MD","Prince George's County, MD",1.1869466656841858,AADT_2018,daily vehicle trips whose OD path crosses this tract-pair boundary; direct adjacent OD only is stricter and will undercount through traffic
sl_S2012150799_24031703301__24031703302,24031703301__24031703302,other_adjacent_tract_pair,high,accepted,S2012150799,Montgomery,Parkland Dr                             ,CO,1592.0,1.95,Parkland Dr - Between Md 586 & Adrian St,Aspen Hill Rd To Md 586,North,3.0,F,7005.0,6870.0,7435.0,7280.0,8.7,65.95,48.36,51.64,24031703301,24031703302,24031,24031,9.867729497967904,2083.7661639022745,2,-77.09171852247236,39.061896345944,https://maps.roads.maryland.gov/itms_public/?stationid=S2012150799,0.67,1.97,Urban,5.0,Major Collector,1.0,6871.0,7561.0,,S,True,False,montgomery_dc_spatial;pg_montgomery_spatial,True,7005.0,6870.0,7435.0,7280.0,6871.0,7561.0,3.0,1.0,1592.0,8.7,65.95,198,Census Tract 7033.01,24031703301,24031703302,"Montgomery County, MD","Montgomery County, MD",9.867729497967904,AADT_2018,daily vehicle trips whose OD path crosses this tract-pair boundary; direct adjacent OD only is stricter and will undercount through traffic
sl_B3103_24033806400__24033807102,24033806400__24033807102,other_adjacent_tract_pair,high,accepted,B3103,Prince George's,Baltimore Ave,US,1.0,2.71,Us1-.10 Mi N Of Md410,Md410 To Campus Dr,North,4.0,C,23651.0,23442.0,25311.0,25082.0,7.31,53.74,50.09,49.91,24033806400,24033807102,24033,24033,7.035511151455204,1460.3710066590006,2,-76.93887200135778,38.96605870109337,https://maps.roads.maryland.gov/itms_public/?stationid=B3103,2.61,4.32,Urban,3.0,Principal Arterial Other,1.0,23160.0,24550.0,,B,True,False,pg_dc_route;pg_dc_spatial;pg_montgomery_spatial,True,23651.0,23442.0,25311.0,25082.0,23160.0,24550.0,4.0,1.0,1.0,7.31,53.74,1547,Census Tract 8064,24033806400,24033807102,"Prince George's County, MD","Prince George's County, MD",7.035511151455204,AADT_2018,daily vehicle trips whose OD path crosses this tract-pair boundary; direct adjacent OD only is stricter and will undercount through traffic
sl_S2012150790_24031703209__24031703902,24031703209__24031703902,other_adjacent_tract_pair,medium,accepted,S2012150790,Montgomery,Inwood Ave,CO,1270.0,0.24,Inwood Ave - Between Md 193 & Alberti Dr,Ladd St To Woodman Ave,South,2.0,F,3855.0,3730.0,4095.0,3950.0,11.92,63.04,48.07,51.93,24031703902,24031703209,24031,24031,87.37079685248196,1685.123221500829,1,-77.03630849448854,39.03540154008611,https://maps.roads.maryland.gov/itms_public/?stationid=S2012150790,0.0,1.08,Urban,6.0,Minor Collector,1.0,3731.0,4101.0,,S,True,False,montgomery_dc_spatial;pg_montgomery_spatial,True,3855.0,3730.0,4095.0,3950.0,3731.0,4101.0,2.0,1.0,1270.0,11.92,63.04,1193,Census Tract 7039.02,24031703902,24031703209,"Montgomery County, MD","Montgomery County, MD",87.37079685248196,AADT_2018,daily vehicle trips whose OD path crosses this tract-pair boundary; direct adjacent OD only is stricter and will undercount through traffic
sl_B2896_24031702402__24031702500,24031702402__24031702500,other_adjacent_tract_pair,low_review,accepted,B2896,Montgomery,Burlington Ave,MD,410.0,4.34,Md410-.10 Mi E Of Us29,Us 29 To Chicago Ave,East,4.0,F,14130.0,14001.0,15120.0,14981.0,8.65,64.81,49.31,50.69,24031702500,24031702402,24031,24031,124.82653052638877,1489.5064047395279,1,-77.02500864132683,38.98759697599369,https://maps.roads.maryland.gov/itms_public/?stationid=B2896,4.24,4.56,Urban,4.0,Minor Arterial,1.0,14002.0,14842.0,,B,True,False,montgomery_dc_route;montgomery_dc_spatial;pg_montgomery_spatial,True,14130.0,14001.0,15120.0,14981.0,14002.0,14842.0,4.0,1.0,410.0,8.65,64.81,339,Census Tract 7025,24031702500,24031702402,"Montgomery County, MD","Montgomery County, MD",124.82653052638877,AADT_2018,daily vehicle trips whose OD path crosses this tract-pair boundary; direct adjacent OD only is stricter and will undercount through traffic
sl_B3347_24033802001__24033802405,24033802001__24033802405,other_adjacent_tract_pair,high,accepted,B3347,Prince George's,Silver Hill Rd,MD,458.0,1.22,Md458-.20 Mi S Of Md218,Suitland Pkwy To Md 218,North,6.0,F,43842.0,45480.0,46912.0,48660.0,8.07,54.85,50.8,49.2,24033802001,24033802405,24033,24033,19.387551694642422,938.887368857273,1,-76.92665156008279,38.84651508034391,https://maps.roads.maryland.gov/itms_public/?stationid=B3347,0.83,1.41,Urban,3.0,Principal Arterial Other,1.0,45481.0,48211.0,704.0,B,True,False,pg_dc_spatial,True,43842.0,45480.0,46912.0,48660.0,45481.0,48211.0,6.0,1.0,458.0,8.07,54.85,543,Census Tract 8020.01,24033802001,24033802405,"Prince George's County, MD","Prince George's County, MD",19.387551694642422,AADT_2018,daily vehicle trips whose OD path crosses this tract-pair boundary; direct adjacent OD only is stricter and will undercount through traffic
sl_S2012150707_24031701213__24031701215,24031701213__24031701215,other_adjacent_tract_pair,high,accepted,S2012150707,Montgomery,Tuckerman La,CO,164.0,0.83,Tuckerman La - .10 Mile West Of Md 355,Md 355 (north Entrence) To Md 187,West,4.0,F,18745.0,16360.0,20065.0,17510.0,9.77,53.34,50.26,49.74,24031701213,24031701215,24031,24031,1.7963159079371211,1907.9111669061135,2,-77.1068705231506,39.02992835177392,https://maps.roads.maryland.gov/itms_public/?stationid=S2012150707,0.72,1.91,Urban,4.0,Minor Arterial,1.0,16361.0,17341.0,,S,True,False,montgomery_dc_spatial;pg_montgomery_spatial,True,18745.0,16360.0,20065.0,17510.0,16361.0,17341.0,4.0,1.0,164.0,9.77,53.34,556,Census Tract 7012.13,24031701213,24031701215,"Montgomery County, MD","Montgomery County, MD",1.7963159079371211,AADT_2018,daily vehicle trips whose OD path crosses this tract-pair boundary; direct adjacent OD only is stricter and will undercount through traffic
sl_S2012160527_24033800409__24033800514,24033800409__24033800514,other_adjacent_tract_pair,high,accepted,S2012160527,Prince George's,Grenville La,MD,450.0,0.03,Md 450e (grenville La) - Between Md 450b (old Annapolis Rd) & Md 450,Md 450b (old Annapolis Rd) To Gullivers Tr,North,2.0,C,3624.0,3595.0,3844.0,3815.0,8.22,65.34,69.83,30.17,24033800409,24033800514,24033,24033,49.85007450594446,1854.551841375593,1,-76.76802911513474,38.97160974960585,https://maps.roads.maryland.gov/itms_public/?stationid=S2012160527,0.0,0.13,Urban,5.0,Major Collector,1.0,3510.0,3860.0,198.0,S,True,False,pg_dc_route;pg_dc_spatial,True,3624.0,3595.0,3844.0,3815.0,3510.0,3860.0,2.0,1.0,450.0,8.22,65.34,1504,Census Tract 8004.09,24033800409,24033800514,"Prince George's County, MD","Prince George's County, MD",49.85007450594446,AADT_2018,daily vehicle trips whose OD path crosses this tract-pair boundary; direct adjacent OD only is stricter and will undercount through traffic
sl_B2836_24031702101__24031702200,24031702101__24031702200,other_adjacent_tract_pair,high,accepted,B2836,Montgomery,University Blvd E,MD,193.0,6.05,Md193-.10 Mi W Of Md320,Franklin Ave To Md 320,West,6.0,F,37332.0,36120.0,39952.0,38650.0,6.85,50.1,49.46,50.54,24031702200,24031702101,24031,24031,14.41161835482379,1973.55836293397,2,-76.99570579438821,39.00107183772226,https://maps.roads.maryland.gov/itms_public/?stationid=B2836,5.17,6.15,Urban,3.0,Principal Arterial Other,1.0,36121.0,38291.0,889.0,B,True,False,montgomery_dc_route;pg_montgomery_route;montgomery_dc_spatial;pg_montgomery_spatial,True,37332.0,36120.0,39952.0,38650.0,36121.0,38291.0,6.0,1.0,193.0,6.85,50.1,1448,Census Tract 7022,24031702200,24031702101,"Montgomery County, MD","Montgomery County, MD",14.41161835482379,AADT_2018,daily vehicle trips whose OD path crosses this tract-pair boundary; direct adjacent OD only is stricter and will undercount through traffic
sl_B3200_24033806000__24033806100,24033806000__24033806100,other_adjacent_tract_pair,low_review,accepted,B3200,Prince George's,Hamilton St,MD,208.0,1.76,Md208-.10 Mi S Of Md500,Hamilton St To Md 500,South,3.0,F,15880.0,15741.0,16990.0,16841.0,7.85,63.16,46.84,53.16,24033806100,24033806000,24033,24033,157.11797871206952,1642.9798234594593,3,-76.96065591074075,38.9550563996788,https://maps.roads.maryland.gov/itms_public/?stationid=B3200,1.41,1.86,Urban,4.0,Minor Arterial,1.0,15742.0,16692.0,492.0,B,True,False,pg_dc_spatial;pg_montgomery_spatial,True,15880.0,15741.0,16990.0,16841.0,15742.0,16692.0,3.0,1.0,208.0,7.85,63.16,1546,Census Tract 8061,24033806100,24033806000,"Prince George's County, MD","Prince George's County, MD",157.11797871206952,AADT_2018,daily vehicle trips whose OD path crosses this tract-pair boundary; direct adjacent OD only is stricter and will undercount through traffic
sl_S2012150976_24031701006__24031701220,24031701006__24031701220,other_adjacent_tract_pair,high,accepted,S2012150976,Montgomery,Veirs Dr                                ,MU,3050.0,0.08,Veirs Dr - .10 Mi East Of Glen Mill Rd,Glen Mill Rd To Wescott Pl,East,2.0,F,5535.0,5420.0,5875.0,5750.0,15.01,75.17,53.15,46.85,24031701006,24031701220,24031,24031,0.39515394242842744,1756.7012635653193,2,-77.19882439238819,39.08017520983741,https://maps.roads.maryland.gov/itms_public/?stationid=S2012150976,0.0,0.55,Urban,5.0,Major Collector,1.0,5421.0,5961.0,,S,True,False,montgomery_dc_spatial,True,5535.0,5420.0,5875.0,5750.0,5421.0,5961.0,2.0,1.0,3050.0,15.01,75.17,896,Census Tract 7010.06,24031701006,24031701220,"Montgomery County, MD","Montgomery County, MD",0.39515394242842744,AADT_2018,daily vehicle trips whose OD path crosses this tract-pair boundary; direct adjacent OD only is stricter and will undercount through traffic
sl_S2012161251_24033806300__24033806501,24033806300__24033806501,other_adjacent_tract_pair,low_review,accepted,S2012161251,Prince George's,Taylor Rd,MU,110.0,0.04,Taylor Rd - .05 Mi North Of Decatur St,Decatur St To 50th Ave (riverdale Park),South,2.0,F,2405.0,2590.0,2555.0,2750.0,10.55,51.31,48.53,51.47,24033806300,24033806501,24033,24033,174.62592635908518,2734.118234119865,1,-76.93489469786091,38.950113855264384,https://maps.roads.maryland.gov/itms_public/?stationid=S2012161251,0.0,0.15,Urban,6.0,Minor Collector,1.0,2591.0,2851.0,,S,True,False,pg_dc_spatial;pg_montgomery_spatial,True,2405.0,2590.0,2555.0,2750.0,2591.0,2851.0,2.0,1.0,110.0,10.55,51.31,1559,Census Tract 8063,24033806300,24033806501,"Prince George's County, MD","Prince George's County, MD",174.62592635908518,AADT_2018,daily vehicle trips whose OD path crosses this tract-pair boundary; direct adjacent OD only is stricter and will undercount through traffic
sl_S2012161064_24033801701__24033801702,24033801701__24033801702,other_adjacent_tract_pair,high,accepted,S2012161064,Prince George's,Fisher Rd                               ,CO,125.0,0.03,Fisher Rd - Between Binkley Rd & Clow Ct,Brinkley Rd To Myrtle Ave,North,2.0,F,5885.0,6040.0,6245.0,6400.0,8.68,50.26,48.23,51.77,24033801702,24033801701,24033,24033,1.041836227776784,1601.9117040756332,2,-76.95827487128297,38.80534743344802,https://maps.roads.maryland.gov/itms_public/?stationid=S2012161064,0.0,0.3,Urban,5.0,Major Collector,1.0,6041.0,6651.0,,S,True,False,pg_dc_spatial,True,5885.0,6040.0,6245.0,6400.0,6041.0,6651.0,2.0,1.0,125.0,8.68,50.26,1571,Census Tract 8017.02,24033801702,24033801701,"Prince George's County, MD","Prince George's County, MD",1.041836227776784,AADT_2018,daily vehicle trips whose OD path crosses this tract-pair boundary; direct adjacent OD only is stricter and will undercount through traffic
sl_S2012150743_24031704806__24031705000,24031704806__24031705000,other_adjacent_tract_pair,high,accepted,S2012150743,Montgomery,Battery La,CO,352.0,0.02,Battery La - Between Md 355 & Woodmont Ave,Wisconsin Ave To Exeter Rd,East,3.0,F,5185.0,6030.0,5505.0,6390.0,8.68,67.25,59.94,40.06,24031704806,24031705000,24031,24031,32.153195715231185,1063.0129355865233,1,-77.09637119287454,38.99277422251577,https://maps.roads.maryland.gov/itms_public/?stationid=S2012150743,0.0,0.72,Urban,5.0,Major Collector,1.0,6031.0,6631.0,,S,True,False,montgomery_dc_spatial;pg_montgomery_spatial,True,5185.0,6030.0,5505.0,6390.0,6031.0,6631.0,3.0,1.0,352.0,8.68,67.25,1335,Census Tract 7048.06,24031704806,24031705000,"Montgomery County, MD","Montgomery County, MD",32.153195715231185,AADT_2018,daily vehicle trips whose OD path crosses this tract-pair boundary; direct adjacent OD only is stricter and will undercount through traffic
sl_S2008150027_24031704404__24031705000,24031704404__24031705000,other_adjacent_tract_pair,low_review,accepted,S2008150027,Montgomery,Cedar La,CO,319.0,0.81,Cedar La - .10 Mile East Of Md 355,Md 355 To Parkwood Dr,East,4.0,F,13843.0,13724.0,14813.0,14694.0,9.42,74.23,50.9,49.1,24031704404,24031705000,24031,24031,151.4924730459713,3240.4164135341316,1,-77.0962486995007,39.00719450855379,https://maps.roads.maryland.gov/itms_public/?stationid=S2008150027,0.71,1.32,Urban,4.0,Minor Arterial,1.0,13725.0,14555.0,,S,True,False,montgomery_dc_spatial;pg_montgomery_spatial,True,13843.0,13724.0,14813.0,14694.0,13725.0,14555.0,4.0,1.0,319.0,9.42,74.23,912,Census Tract 7044.04,24031704404,24031705000,"Montgomery County, MD","Montgomery County, MD",151.4924730459713,AADT_2018,daily vehicle trips whose OD path crosses this tract-pair boundary; direct adjacent OD only is stricter and will undercount through traffic
sl_B2800_11001001401__24031705300,11001001401__24031705300,montgomery_dc,low_review,accepted,B2800,Montgomery,Brookville Rd,MD,186.0,0.2,Md186-.20 Mi N Of Wash Dc Line,Washington Dc/l To Bradley La,South,2.0,F,5600.0,5551.0,5940.0,5881.0,9.8,82.02,50.52,49.48,24031705300,11001001401,24031,11001,167.8669716762752,705.8731776788667,1,-77.07496742896025,38.9713271636669,https://maps.roads.maryland.gov/itms_public/?stationid=B2800,0.0,0.6,Urban,5.0,Major Collector,1.0,5552.0,6112.0,174.0,B,True,False,montgomery_dc_spatial;pg_montgomery_spatial,True,5600.0,5551.0,5940.0,5881.0,5552.0,6112.0,2.0,1.0,186.0,9.8,82.02,578,Census Tract 7053,24031705300,11001001401,"Montgomery County, MD",District of Columbia,167.8669716762752,AADT_2018,daily vehicle trips whose OD path crosses this tract-pair boundary; direct adjacent OD only is stricter and will undercount through traffic
sl_S2012150806_24031703201__24031703213,24031703201__24031703213,other_adjacent_tract_pair,medium,accepted,S2012150806,Montgomery,Heathfield Rd                           ,CO,2087.0,0.41,Heathfield Rd - Between Md 97 & London La,Parkland Dr To Georgia Ave,East,2.0,F,4145.0,4090.0,4395.0,4340.0,8.68,55.27,48.49,51.51,24031703201,24031703213,24031,24031,60.501953083567315,1077.584832911767,1,-77.08015175289029,39.08752055190417,https://maps.roads.maryland.gov/itms_public/?stationid=S2012150806,0.0,0.43,Urban,6.0,Minor Collector,1.0,4091.0,4501.0,,S,True,False,montgomery_dc_spatial;pg_montgomery_spatial,True,4145.0,4090.0,4395.0,4340.0,4091.0,4501.0,2.0,1.0,2087.0,8.68,55.27,1410,Census Tract 7032.01,24031703201,24031703213,"Montgomery County, MD","Montgomery County, MD",60.501953083567315,AADT_2018,daily vehicle trips whose OD path crosses this tract-pair boundary; direct adjacent OD only is stricter and will undercount through traffic
sl_B2914_24031701505__24031701509,24031701505__24031701509,other_adjacent_tract_pair,high,accepted,B2914,Montgomery,New Hampshire Ave,MD,650.0,4.96,Md650-.20 Mi S Of Us29,Lockwood Dr To Us 29,North,6.0,F,47192.0,44350.0,50502.0,47460.0,8.4,64.43,52.49,47.51,24031701509,24031701505,24031,24031,20.940898238230112,3056.6526266561928,1,-76.99092637978428,39.040689484894905,https://maps.roads.maryland.gov/itms_public/?stationid=B2914,4.89,5.16,Urban,3.0,Principal Arterial Other,1.0,44351.0,47011.0,2131.0,B,True,False,montgomery_dc_route;pg_montgomery_route;montgomery_dc_spatial;pg_montgomery_spatial,True,47192.0,44350.0,50502.0,47460.0,44351.0,47011.0,6.0,1.0,650.0,8.4,64.43,689,Census Tract 7015.09,24031701509,24031701505,"Montgomery County, MD","Montgomery County, MD",20.940898238230112,AADT_2018,daily vehicle trips whose OD path crosses this tract-pair boundary; direct adjacent OD only is stricter and will undercount through traffic
sl_S2012161238_24033800410__24033800411,24033800410__24033800411,other_adjacent_tract_pair,low_review,accepted,S2012161238,Prince George's,6th St,MU,9060.0,0.08,6th St - Between Maple Ave & Chestnut Ave,Old Laurel Bowie Rd To Maple Ave,East,2.0,C,234.0,235.0,254.0,255.0,8.26,60.0,49.28,50.72,24033800410,24033800411,24033,24033,109.48185992468558,8742.514862346425,1,-76.78062437397044,39.01078339349939,https://maps.roads.maryland.gov/itms_public/?stationid=S2012161238,0.0,0.15,Urban,5.0,Major Collector,1.0,220.0,240.0,12.0,S,True,False,pg_dc_spatial,True,234.0,235.0,254.0,255.0,220.0,240.0,2.0,1.0,9060.0,8.26,60.0,447,Census Tract 8004.10,24033800410,24033800411,"Prince George's County, MD","Prince George's County, MD",109.48185992468558,AADT_2018,daily vehicle trips whose OD path crosses this tract-pair boundary; direct adjacent OD only is stricter and will undercount through traffic
sl_B3280_24033803605__24033803612,24033803605__24033803612,other_adjacent_tract_pair,high,accepted,B3280,Prince George's,Annapolis Rd,MD,450.0,4.45,Md450-.20 Mi W Of Is95,Md 410 To Is 95,East,7.0,F,50240.0,49791.0,53760.0,53281.0,7.72,58.12,50.24,49.76,24033803612,24033803605,24033,24033,17.71039664495639,337.38004777965466,2,-76.86901920339231,38.95783329405284,https://maps.roads.maryland.gov/itms_public/?stationid=B3280,3.44,4.65,Urban,4.0,Minor Arterial,1.0,49792.0,52782.0,1467.0,B,True,False,pg_dc_route;pg_dc_spatial;pg_montgomery_spatial,True,50240.0,49791.0,53760.0,53281.0,49792.0,52782.0,7.0,1.0,450.0,7.72,58.12,491,Census Tract 8036.12,24033803612,24033803605,"Prince George's County, MD","Prince George's County, MD",17.71039664495639,AADT_2018,daily vehicle trips whose OD path crosses this tract-pair boundary; direct adjacent OD only is stricter and will undercount through traffic
sl_B3264_24033805908__24033806000,24033805908__24033806000,other_adjacent_tract_pair,high,accepted,B3264,Prince George's,East West Hwy,MD,410.0,2.55,Md410-.10 Mi W Of Md500,23rd Ave To Md 500,East,5.0,C,31101.0,30822.0,33281.0,32982.0,6.97,52.72,48.37,51.63,24033806000,24033805908,24033,24033,13.65056428255451,1204.2321668897084,3,-76.94944095645823,38.96635621096454,https://maps.roads.maryland.gov/itms_public/?stationid=B3264,1.3,2.65,Urban,3.0,Principal Arterial Other,1.0,30300.0,32120.0,,B,True,False,pg_dc_route;pg_dc_spatial;pg_montgomery_spatial,True,31101.0,30822.0,33281.0,32982.0,30300.0,32120.0,5.0,1.0,410.0,6.97,52.72,1542,Census Tract 8060,24033806000,24033805908,"Prince George's County, MD","Prince George's County, MD",13.65056428255451,AADT_2018,daily vehicle trips whose OD path crosses this tract-pair boundary; direct adjacent OD only is stricter and will undercount through traffic
sl_S2012150916_24031705200__24031705300,24031705200__24031705300,other_adjacent_tract_pair,medium,accepted,S2012150916,Montgomery,Broad Branch Rd                         ,MU,17.0,0.16,Broad Branch Rd - Between Md 186 & Oxford St,Wash Dc Line To Brookville Rd,North,2.0,F,2475.0,2260.0,2625.0,2400.0,9.77,59.09,57.42,42.58,24031705300,24031705200,24031,24031,97.38794391824281,571.1665696073585,1,-77.07307402198813,38.973966638093366,https://maps.roads.maryland.gov/itms_public/?stationid=S2012150916,0.0,0.18,Urban,5.0,Major Collector,1.0,2261.0,2491.0,,S,True,False,montgomery_dc_spatial;pg_montgomery_spatial,True,2475.0,2260.0,2625.0,2400.0,2261.0,2491.0,2.0,1.0,17.0,9.77,59.09,578,Census Tract 7053,24031705300,24031705200,"Montgomery County, MD","Montgomery County, MD",97.38794391824281,AADT_2018,daily vehicle trips whose OD path crosses this tract-pair boundary; direct adjacent OD only is stricter and will undercount through traffic
sl_S2012150787_24031702700__24031704100,24031702700__24031704100,other_adjacent_tract_pair,high,accepted,S2012150787,Montgomery,Forsythe Ave                            ,CO,1225.0,0.25,Forsythe Ave - .10 Mile North Of Jones Mill Rd,Woodstock Ave To Stoneybrook Dr,North,3.0,F,2865.0,4970.0,3045.0,5270.0,11.08,69.89,51.98,48.02,24031702700,24031704100,24031,24031,46.84638783741736,829.6089308025055,2,-77.06273830816298,39.01208351045033,https://maps.roads.maryland.gov/itms_public/?stationid=S2012150787,0.0,0.3,Urban,7.0,Local,1.0,4971.0,5471.0,,S,True,False,montgomery_dc_spatial;pg_montgomery_spatial,True,2865.0,4970.0,3045.0,5270.0,4971.0,5471.0,3.0,1.0,1225.0,11.08,69.89,342,Census Tract 7027,24031702700,24031704100,"Montgomery County, MD","Montgomery County, MD",46.84638783741736,AADT_2018,daily vehicle trips whose OD path crosses this tract-pair boundary; direct adjacent OD only is stricter and will undercount through traffic
sl_B2971_24031704401__24031704404,24031704401__24031704404,other_adjacent_tract_pair,high,accepted,B2971,Montgomery,Capital Beltway,IS,495.0,6.97,Is495-.20 Mi E Of Md355,Md 355 To Md 185,West,8.0,F,222372.0,224640.0,231272.0,233630.0,6.89,53.68,47.81,52.19,24031704404,24031704401,24031,24031,48.72187311128185,1200.7272226163375,3,-77.09584985829436,39.01515139818555,https://maps.roads.maryland.gov/itms_public/?stationid=B2971,6.71,8.24,Urban,1.0,Interstate,1.0,226211.0,235261.0,14611.0,B,True,False,montgomery_dc_route;pg_montgomery_route;montgomery_dc_spatial;pg_montgomery_spatial,True,222372.0,224640.0,231272.0,233630.0,226211.0,235261.0,8.0,1.0,495.0,6.89,53.68,912,Census Tract 7044.04,24031704404,24031704401,"Montgomery County, MD","Montgomery County, MD",48.72187311128185,AADT_2018,daily vehicle trips whose OD path crosses this tract-pair boundary; direct adjacent OD only is stricter and will undercount through traffic
sl_B160034_24033800208__24033807408,24033800208__24033807408,other_adjacent_tract_pair,high,accepted,B160034,Prince George's,Muirkirk Rd,CO,21.0,3.35,Muirkirk Rd-.10 Mi N Of Us1,Old Baltimore Pike To Virginia Manor Rd,South,3.0,F,23300.0,23091.0,24930.0,24711.0,9.43,50.51,48.46,51.54,24033807408,24033800208,24033,24033,2.9702746292687054,6354.9961835838385,1,-76.88409682625996,39.06168872591937,https://maps.roads.maryland.gov/itms_public/?stationid=B160034,3.15,3.75,Urban,4.0,Minor Arterial,1.0,23092.0,24482.0,905.0,B,True,False,pg_dc_spatial;pg_montgomery_spatial,True,23300.0,23091.0,24930.0,24711.0,23092.0,24482.0,3.0,1.0,21.0,9.43,50.51,1566,Census Tract 8074.08,24033807408,24033800208,"Prince George's County, MD","Prince George's County, MD",2.9702746292687054,AADT_2018,daily vehicle trips whose OD path crosses this tract-pair boundary; direct adjacent OD only is stricter and will undercount through traffic
sl_B2882_24031702800__24031702900,24031702800__24031702900,other_adjacent_tract_pair,low_review,accepted,B2882,Montgomery,Seminary Rd,CO,7073.0,0.84,Seminary Rd-.10 Mi W Of Md97,Brookville Rd To Md 97,West,3.0,F,11472.0,11373.0,12282.0,12173.0,7.95,60.86,50.85,49.15,24031702800,24031702900,24031,24031,150.16241557179492,1797.7823211455957,1,-77.04210781853682,39.00879147019957,https://maps.roads.maryland.gov/itms_public/?stationid=B2882,0.69,0.94,Urban,4.0,Minor Arterial,1.0,11374.0,12064.0,771.0,B,True,False,montgomery_dc_spatial;pg_montgomery_spatial,True,11472.0,11373.0,12282.0,12173.0,11374.0,12064.0,3.0,1.0,7073.0,7.95,60.86,343,Census Tract 7028,24031702800,24031702900,"Montgomery County, MD","Montgomery County, MD",150.16241557179492,AADT_2018,daily vehicle trips whose OD path crosses this tract-pair boundary; direct adjacent OD only is stricter and will undercount through traffic
sl_B3178_24033804200__24033804300,24033804200__24033804300,other_adjacent_tract_pair,medium,accepted,B3178,Prince George's,Kenilworth Ave,MD,201.0,1.02,Md201-.10 Mi S Of Md295,Us 50 To Md 295,North,4.0,F,35140.0,34821.0,37600.0,37261.0,7.38,54.01,52.3,47.7,24033804200,24033804300,24033,24033,89.57600342543583,3094.49262657093,1,-76.92808921937191,38.925354659488434,https://maps.roads.maryland.gov/itms_public/?stationid=B3178,0.49,1.12,Urban,3.0,Principal Arterial Other,1.0,34822.0,36912.0,4096.0,B,True,False,pg_dc_route;pg_dc_spatial,True,35140.0,34821.0,37600.0,37261.0,34822.0,36912.0,4.0,1.0,201.0,7.38,54.01,1515,Census Tract 8042,24033804200,24033804300,"Prince George's County, MD","Prince George's County, MD",89.57600342543583,AADT_2018,daily vehicle trips whose OD path crosses this tract-pair boundary; direct adjacent OD only is stricter and will undercount through traffic
sl_S2012161256_24033800106__24033800108,24033800106__24033800108,other_adjacent_tract_pair,high,accepted,S2012161256,Prince George's,Cherry La,MU,83.0,1.48,Cherry La - Between Us 1 & Laurel Pl,Van Dusen Rd To Baltimore Ave,West,5.0,F,20235.0,19980.0,21655.0,21380.0,7.54,53.13,48.13,51.87,24033800106,24033800108,24033,24033,18.621206232829234,1163.32293216153,2,-76.85814187372281,39.09189651373906,https://maps.roads.maryland.gov/itms_public/?stationid=S2012161256,0.51,1.53,Urban,4.0,Minor Arterial,1.0,20821.0,21181.0,,S,True,False,pg_montgomery_spatial,True,20235.0,19980.0,21655.0,21380.0,20821.0,21181.0,5.0,1.0,83.0,7.54,53.13,513,Census Tract 8001.06,24033800106,24033800108,"Prince George's County, MD","Prince George's County, MD",18.621206232829234,AADT_2018,daily vehicle trips whose OD path crosses this tract-pair boundary; direct adjacent OD only is stricter and will undercount through traffic
sl_S2007160071_24033802001__24033802107,24033802001__24033802107,other_adjacent_tract_pair,high,accepted,S2007160071,Prince George's,Suitland Rd,CO,81.0,1.45,Suitland Rd - .10 Mile North Of Suitland Pkwy,Allentown Rd To Silver Hill Rd,South,3.0,C,16664.0,16515.0,17834.0,17675.0,7.16,54.67,47.97,52.03,24033802107,24033802001,24033,24033,0.1672340486550603,891.5962488714621,3,-76.90381753450572,38.836881803675176,https://maps.roads.maryland.gov/itms_public/?stationid=S2007160071,0.0,2.98,Urban,4.0,Minor Arterial,1.0,16010.0,16970.0,244.0,S,True,False,pg_dc_spatial,True,16664.0,16515.0,17834.0,17675.0,16010.0,16970.0,3.0,1.0,81.0,7.16,54.67,899,Census Tract 8021.07,24033802107,24033802001,"Prince George's County, MD","Prince George's County, MD",0.1672340486550603,AADT_2018,daily vehicle trips whose OD path crosses this tract-pair boundary; direct adjacent OD only is stricter and will undercount through traffic
sl_B3159_24033805500__24033805700,24033805500__24033805700,other_adjacent_tract_pair,high,accepted,B3159,Prince George's,University Blvd,MD,193.0,1.11,Md193-.20 Mi E Of Md212,Md 212 To Westpark Dr,East,5.0,F,34570.0,34261.0,36990.0,36661.0,7.91,55.97,48.42,51.58,24033805500,24033805700,24033,24033,14.510369000981287,583.7579980927352,2,-76.97567644746873,38.98365389229445,https://maps.roads.maryland.gov/itms_public/?stationid=B3159,0.91,1.63,Urban,3.0,Principal Arterial Other,1.0,34262.0,36322.0,726.0,B,True,False,pg_montgomery_route;pg_dc_spatial;pg_montgomery_spatial,True,34570.0,34261.0,36990.0,36661.0,34262.0,36322.0,5.0,1.0,193.0,7.91,55.97,1534,Census Tract 8055,24033805500,24033805700,"Prince George's County, MD","Prince George's County, MD",14.510369000981287,AADT_2018,daily vehicle trips whose OD path crosses this tract-pair boundary; direct adjacent OD only is stricter and will undercount through traffic
sl_S2006150085_24031701417__24031701422,24031701417__24031701422,other_adjacent_tract_pair,high,accepted,S2006150085,Montgomery,Briggs Chaney Rd,CO,95.0,3.5,Briggs Chaney Rd- .01 Mile West Of Castle Blvd,Us 29 To Robey Rd,East,4.0,F,27615.0,22940.0,29555.0,24550.0,7.9,54.6,48.93,51.07,24031701417,24031701422,24031,24031,6.795751352858882,1181.4232495774565,1,-76.94652234806644,39.08117276590807,https://maps.roads.maryland.gov/itms_public/?stationid=S2006150085,3.339,3.64,Urban,4.0,Minor Arterial,1.0,22941.0,24321.0,,S,True,False,pg_montgomery_route;montgomery_dc_spatial;pg_montgomery_spatial,True,27615.0,22940.0,29555.0,24550.0,22941.0,24321.0,4.0,1.0,95.0,7.9,54.6,590,Census Tract 7014.17,24031701417,24031701422,"Montgomery County, MD","Montgomery County, MD",6.795751352858882,AADT_2018,daily vehicle trips whose OD path crosses this tract-pair boundary; direct adjacent OD only is stricter and will undercount through traffic
sl_S2012161258_24033800106__24033800109,24033800106__24033800109,other_adjacent_tract_pair,high,accepted,S2012161258,Prince George's,Van Dusen Rd,MU,415.0,1.47,Van Dusen Rd - Between Md 198 & Arbory Ct,Mu 83 Cherry La To Md 198 Sandy Spring Rd,South,3.0,F,24555.0,23370.0,26275.0,25010.0,8.12,55.09,49.93,50.07,24033800109,24033800106,24033,24033,17.054052635228466,1522.5635303141257,2,-76.87118776882753,39.101495734555165,https://maps.roads.maryland.gov/itms_public/?stationid=S2012161258,0.91,1.56,Urban,4.0,Minor Arterial,1.0,23371.0,24771.0,,S,True,False,pg_montgomery_spatial,True,24555.0,23370.0,26275.0,25010.0,23371.0,24771.0,3.0,1.0,415.0,8.12,55.09,868,Census Tract 8001.09,24033800109,24033800106,"Prince George's County, MD","Prince George's County, MD",17.054052635228466,AADT_2018,daily vehicle trips whose OD path crosses this tract-pair boundary; direct adjacent OD only is stricter and will undercount through traffic
sl_B3249_24033801104__24033801904,24033801104__24033801904,other_adjacent_tract_pair,high,accepted,B3249,Prince George's,Allentown Rd,MD,337.0,0.3,Md337-.30 Mi N Of Md5,Md 5 To Suitland Rd,South,5.0,F,34193.0,33894.0,36593.0,36274.0,8.06,64.63,47.19,52.81,24033801904,24033801104,24033,24033,9.253525925163542,4198.583139216432,2,-76.90116623869132,38.80704432587215,https://maps.roads.maryland.gov/itms_public/?stationid=B3249,0.0,1.61,Urban,4.0,Minor Arterial,1.0,33895.0,35935.0,647.0,B,True,False,pg_dc_spatial,True,34193.0,33894.0,36593.0,36274.0,33895.0,35935.0,5.0,1.0,337.0,8.06,64.63,1563,Census Tract 8019.04,24033801904,24033801104,"Prince George's County, MD","Prince George's County, MD",9.253525925163542,AADT_2018,daily vehicle trips whose OD path crosses this tract-pair boundary; direct adjacent OD only is stricter and will undercount through traffic
sl_S2012150728_24031700816__24031700817,24031700816__24031700817,other_adjacent_tract_pair,low_review,accepted,S2012150728,Montgomery,Diamondback Dr,CO,211.0,0.25,Diamondback Dr - .10 Mile West Of Sam Eig Hwy,Muddy Branch Rd To Sam Eig Hwy,West,3.0,F,17685.0,17550.0,18755.0,18600.0,9.89,73.95,42.62,57.38,24031700816,24031700817,24031,24031,140.70315292683742,3695.829100804786,1,-77.21102749527986,39.11483723147021,https://maps.roads.maryland.gov/itms_public/?stationid=S2012150728,0.0,0.35,Urban,5.0,Major Collector,1.0,17551.0,19311.0,,S,True,False,montgomery_dc_spatial,True,17685.0,17550.0,18755.0,18600.0,17551.0,19311.0,3.0,1.0,211.0,9.89,73.95,349,Census Tract 7008.16,24031700816,24031700817,"Montgomery County, MD","Montgomery County, MD",140.70315292683742,AADT_2018,daily vehicle trips whose OD path crosses this tract-pair boundary; direct adjacent OD only is stricter and will undercount through traffic
sl_S2012161081_24033801408__24033801409,24033801408__24033801409,other_adjacent_tract_pair,high,accepted,S2012161081,Prince George's,Bock Rd,CO,148.0,0.45,Bock Rd - .10 Mi East Of St Barnabas Rd,St Barnabas Rd To Kingsway Rd,East,3.0,F,15945.0,16700.0,17065.0,17870.0,7.74,70.87,51.09,48.91,24033801408,24033801409,24033,24033,1.6756824706032138,2702.434531759756,2,-76.97944699112652,38.79949906340877,https://maps.roads.maryland.gov/itms_public/?stationid=S2012161081,0.39,1.57,Urban,4.0,Minor Arterial,1.0,16701.0,17701.0,,S,True,False,pg_dc_spatial,True,15945.0,16700.0,17065.0,17870.0,16701.0,17701.0,3.0,1.0,148.0,7.74,70.87,735,Census Tract 8014.08,24033801408,24033801409,"Prince George's County, MD","Prince George's County, MD",1.6756824706032138,AADT_2018,daily vehicle trips whose OD path crosses this tract-pair boundary; direct adjacent OD only is stricter and will undercount through traffic
sl_B3282_24033803606__24033803608,24033803606__24033803608,other_adjacent_tract_pair,high,accepted,B3282,Prince George's,Annapolis Rd,MD,450.0,5.05,Md450-.10 Mi E Of Md564,Md 564 To Md 704,East,4.0,F,29072.0,33870.0,31112.0,36240.0,7.58,52.03,46.0,54.0,24033803608,24033803606,24033,24033,9.03962309411207,813.1448343669391,2,-76.86061213475293,38.9631286886847,https://maps.roads.maryland.gov/itms_public/?stationid=B3282,4.95,7.32,Urban,4.0,Minor Arterial,1.0,33871.0,35901.0,943.0,B,True,False,pg_dc_route;pg_dc_spatial;pg_montgomery_spatial,True,29072.0,33870.0,31112.0,36240.0,33871.0,35901.0,4.0,1.0,450.0,7.58,52.03,485,Census Tract 8036.08,24033803608,24033803606,"Prince George's County, MD","Prince George's County, MD",9.03962309411207,AADT_2018,daily vehicle trips whose OD path crosses this tract-pair boundary; direct adjacent OD only is stricter and will undercount through traffic
sl_S2002150178_24031701407__24031701408,24031701407__24031701408,other_adjacent_tract_pair,high,accepted,S2002150178,Montgomery,Norwood Rd,CO,72.0,0.5,Norwood Rd -.50 Mile West Of Md 650,Md 650 T Onorbeck Rd,West,3.0,F,13945.0,12940.0,14925.0,13850.0,8.85,54.62,49.57,50.43,24031701408,24031701407,24031,24031,0.8953823424394647,5146.206738892948,1,-77.00884020139621,39.11045543312352,https://maps.roads.maryland.gov/itms_public/?stationid=S2002150178,0.0,1.397,Urban,4.0,Minor Arterial,1.0,12941.0,13721.0,635.0,S,True,False,montgomery_dc_spatial;pg_montgomery_spatial,True,13945.0,12940.0,14925.0,13850.0,12941.0,13721.0,3.0,1.0,72.0,8.85,54.62,1394,Census Tract 7014.08,24031701408,24031701407,"Montgomery County, MD","Montgomery County, MD",0.8953823424394647,AADT_2018,daily vehicle trips whose OD path crosses this tract-pair boundary; direct adjacent OD only is stricter and will undercount through traffic
sl_B2979_24031700904__24031701102,24031700904__24031701102,other_adjacent_tract_pair,high,accepted,B2979,Montgomery,First St,MD,911.0,0.1,Md911-.10 Mi N Of Md355,Md 355 To 586,North,4.0,F,24190.0,23971.0,25880.0,25651.0,7.09,56.6,49.07,50.93,24031701102,24031700904,24031,24031,34.79370543507767,2586.6942969439992,3,-77.13847183910103,39.07832426862039,https://maps.roads.maryland.gov/itms_public/?stationid=B2979,0.0,0.21,Urban,3.0,Principal Arterial Other,1.0,24982.0,25412.0,,B,True,False,montgomery_dc_spatial,True,24190.0,23971.0,25880.0,25651.0,24982.0,25412.0,4.0,1.0,911.0,7.09,56.6,1415,Census Tract 7011.02,24031701102,24031700904,"Montgomery County, MD","Montgomery County, MD",34.79370543507767,AADT_2018,daily vehicle trips whose OD path crosses this tract-pair boundary; direct adjacent OD only is stricter and will undercount through traffic
sl_B2865_24031704403__24031704404,24031704403__24031704404,other_adjacent_tract_pair,medium,accepted,B2865,Montgomery,Rockville Pike,MD,355.0,3.79,Md355-.20 Mi S Of Is495,Alta Vista Rd To Is 495,North,6.0,F,65632.0,59710.0,70232.0,63890.0,7.51,64.13,52.62,47.38,24031704404,24031704403,24031,24031,73.24997950165879,1537.473761443152,2,-77.09938013315637,39.01446583154242,https://maps.roads.maryland.gov/itms_public/?stationid=B2865,3.68,3.96,Urban,3.0,Principal Arterial Other,1.0,59711.0,63291.0,1897.0,B,True,False,montgomery_dc_route;montgomery_dc_spatial;pg_montgomery_spatial,True,65632.0,59710.0,70232.0,63890.0,59711.0,63291.0,6.0,1.0,355.0,7.51,64.13,912,Census Tract 7044.04,24031704404,24031704403,"Montgomery County, MD","Montgomery County, MD",73.24997950165879,AADT_2018,daily vehicle trips whose OD path crosses this tract-pair boundary; direct adjacent OD only is stricter and will undercount through traffic
sl_S2012150775_24031704403__24031704404,24031704403__24031704404,other_adjacent_tract_pair,medium,accepted,S2012150775,Montgomery,Linden Ave                              ,CO,1047.0,0.53,Linden Ave - .10 Mile South Of Pooks Hill Rd,Acacia Ave To Pooks Hill Rd,North,2.0,F,4745.0,2500.0,5035.0,2650.0,10.5,64.66,58.07,41.93,24031704404,24031704403,24031,24031,80.15080685438258,1537.473761443152,1,-77.10626498947883,39.01361892207029,https://maps.roads.maryland.gov/itms_public/?stationid=S2012150775,0.0,0.58,Urban,7.0,Local,1.0,2501.0,2751.0,,S,True,False,montgomery_dc_spatial;pg_montgomery_spatial,True,4745.0,2500.0,5035.0,2650.0,2501.0,2751.0,2.0,1.0,1047.0,10.5,64.66,912,Census Tract 7044.04,24031704404,24031704403,"Montgomery County, MD","Montgomery County, MD",80.15080685438258,AADT_2018,daily vehicle trips whose OD path crosses this tract-pair boundary; direct adjacent OD only is stricter and will undercount through traffic
sl_S2012150961_24031700901__24031700902,24031700901__24031700902,other_adjacent_tract_pair,low_review,accepted,S2012150961,Montgomery,Monroe Pl,MU,2138.0,0.02,Monroe Pl - Between Md 355 & Monroe St,Rockville Pike To Monroe St,West,2.0,F,4715.0,3640.0,5005.0,3860.0,9.57,53.37,57.65,42.35,24031700901,24031700902,24031,24031,158.05116733070867,2156.0656665041347,1,-77.14754134519386,39.08357354158039,https://maps.roads.maryland.gov/itms_public/?stationid=S2012150961,0.0,0.11,Urban,5.0,Major Collector,1.0,3641.0,4011.0,,S,True,False,montgomery_dc_spatial,True,4715.0,3640.0,5005.0,3860.0,3641.0,4011.0,2.0,1.0,2138.0,9.57,53.37,195,Census Tract 7009.01,24031700901,24031700902,"Montgomery County, MD","Montgomery County, MD",158.05116733070867,AADT_2018,daily vehicle trips whose OD path crosses this tract-pair boundary; direct adjacent OD only is stricter and will undercount through traffic
sl_P0055_24033806706__24033806710,24033806706__24033806710,other_adjacent_tract_pair,high,accepted,P0055,Prince George's,Capital Beltway,IS,95.0,21.02,Is 95 - .05 Mile North Of Good Luck Rd (atr#55),Md 450 To Md 295,North,8.0,F,214487.0,211787.0,221597.0,218661.0,7.11,55.53,51.39,48.61,24033806706,24033806710,24033,24033,0.8906312055387423,1867.4335100840087,3,-76.8740721451188,38.97887080260565,https://maps.roads.maryland.gov/itms_public/?stationid=P0055,19.59,22.12,Urban,1.0,Interstate,1.0,212563.0,219348.0,,P,True,False,pg_montgomery_route;pg_dc_spatial;pg_montgomery_spatial,True,214487.0,211787.0,221597.0,218661.0,212563.0,219348.0,8.0,1.0,95.0,7.11,55.53,1378,Census Tract 8067.06,24033806706,24033806710,"Prince George's County, MD","Prince George's County, MD",0.8906312055387423,AADT_2018,daily vehicle trips whose OD path crosses this tract-pair boundary; direct adjacent OD only is stricter and will undercount through traffic
sl_B3311_24033803601__24033803602,24033803601__24033803602,other_adjacent_tract_pair,low_review,accepted,B3311,Prince George's,Martin Luther King Jr Hwy,MD,704.0,4.27,Md704-.10 Mi W Of Is95,Ardwick-ardmore Rd To  Is 595/us 50,East,5.0,F,27505.0,29090.0,29435.0,31130.0,7.95,55.56,50.59,49.41,24033803602,24033803601,24033,24033,130.12136968303264,1420.9446461697412,1,-76.85733473923666,38.93851171051673,https://maps.roads.maryland.gov/itms_public/?stationid=B3311,4.15,5.16,Urban,3.0,Principal Arterial Other,1.0,30311.0,30841.0,,B,True,False,pg_dc_route;pg_dc_spatial;pg_montgomery_spatial,True,27505.0,29090.0,29435.0,31130.0,30311.0,30841.0,5.0,1.0,704.0,7.95,55.56,483,Census Tract 8036.02,24033803602,24033803601,"Prince George's County, MD","Prince George's County, MD",130.12136968303264,AADT_2018,daily vehicle trips whose OD path crosses this tract-pair boundary; direct adjacent OD only is stricter and will undercount through traffic
sl_B2834_24031702102__24031703000,24031702102__24031703000,other_adjacent_tract_pair,high,accepted,B2834,Montgomery,University Blvd E,MD,193.0,4.81,Md193-.10 Mi W Of Is495,Us 29 To Is 495,East,7.0,F,39232.0,39850.0,41982.0,42640.0,8.31,51.8,51.24,48.76,24031703000,24031702102,24031,24031,10.959183003172294,917.6246423088386,3,-77.00606027401966,39.0165343454275,https://maps.roads.maryland.gov/itms_public/?stationid=B2834,4.32,4.91,Urban,3.0,Principal Arterial Other,1.0,39851.0,42241.0,1504.0,B,True,False,montgomery_dc_route;pg_montgomery_route;montgomery_dc_spatial;pg_montgomery_spatial,True,39232.0,39850.0,41982.0,42640.0,39851.0,42241.0,7.0,1.0,193.0,8.31,51.8,345,Census Tract 7030,24031703000,24031702102,"Montgomery County, MD","Montgomery County, MD",10.959183003172294,AADT_2018,daily vehicle trips whose OD path crosses this tract-pair boundary; direct adjacent OD only is stricter and will undercount through traffic
sl_S2012150659_24031701414__24031701420,24031701414__24031701420,other_adjacent_tract_pair,low_review,accepted,S2012150659,Montgomery,Musgrove Rd,CO,101.0,0.56,Musgrove Rd - .10 Mile East Of Us 29,Ruxton Rd To Fairland Rd,West,3.0,C,3394.0,3365.0,3604.0,3575.0,8.17,79.65,54.75,45.25,24031701420,24031701414,24031,24031,153.43971623861586,1325.9177103530305,1,-76.95732914471478,39.0675746945427,https://maps.roads.maryland.gov/itms_public/?stationid=S2012150659,0.0,0.87,Urban,5.0,Major Collector,1.0,3540.0,3890.0,,S,True,False,montgomery_dc_spatial;pg_montgomery_spatial,True,3394.0,3365.0,3604.0,3575.0,3540.0,3890.0,3.0,1.0,101.0,8.17,79.65,1332,Census Tract 7014.20,24031701420,24031701414,"Montgomery County, MD","Montgomery County, MD",153.43971623861586,AADT_2018,daily vehicle trips whose OD path crosses this tract-pair boundary; direct adjacent OD only is stricter and will undercount through traffic
sl_B2891_24031705000__24031705400,24031705000__24031705400,other_adjacent_tract_pair,high,accepted,B2891,Montgomery,East West Hwy,MD,410.0,0.91,Md410-.10 Mi W Of Md185,Md 410 (wb/l) To Md 185,East,4.0,F,27140.0,26901.0,29040.0,28781.0,8.58,66.03,51.65,48.35,24031705000,24031705400,24031,24031,0.29442857599225813,770.6174380654328,2,-77.07909216485984,38.98789559776037,https://maps.roads.maryland.gov/itms_public/?stationid=B2891,0.45,1.01,Urban,3.0,Principal Arterial Other,1.0,28032.0,28522.0,,B,True,False,montgomery_dc_route;montgomery_dc_spatial;pg_montgomery_spatial,True,27140.0,26901.0,29040.0,28781.0,28032.0,28522.0,4.0,1.0,410.0,8.58,66.03,575,Census Tract 7050,24031705000,24031705400,"Montgomery County, MD","Montgomery County, MD",0.29442857599225813,AADT_2018,daily vehicle trips whose OD path crosses this tract-pair boundary; direct adjacent OD only is stricter and will undercount through traffic
sl_B3272_24033801907__24033801908,24033801907__24033801908,other_adjacent_tract_pair,high,accepted,B3272,Prince George's,St Barnabas Rd,MD,414.0,5.05,Md414-.10 Mi W Of Md458,Md 5 To Md 458,East,4.0,F,32332.0,33640.0,34602.0,36000.0,7.85,51.83,57.24,42.76,24033801908,24033801907,24033,24033,12.975398059056502,2605.357537584415,1,-76.94135286071162,38.83944641647963,https://maps.roads.maryland.gov/itms_public/?stationid=B3272,4.569,5.149,Urban,3.0,Principal Arterial Other,1.0,33641.0,35661.0,932.0,B,True,False,pg_dc_spatial,True,32332.0,33640.0,34602.0,36000.0,33641.0,35661.0,4.0,1.0,414.0,7.85,51.83,688,Census Tract 8019.08,24033801908,24033801907,"Prince George's County, MD","Prince George's County, MD",12.975398059056502,AADT_2018,daily vehicle trips whose OD path crosses this tract-pair boundary; direct adjacent OD only is stricter and will undercount through traffic
sl_B2905_24031701202__24031701214,24031701202__24031701214,other_adjacent_tract_pair,high,accepted,B2905,Montgomery,Strathmore Ave,MD,547.0,0.1,Md547-.10 Mi E Of Md355,Md 355 To Montrose Ave,East,2.0,F,15431.0,15292.0,16511.0,16362.0,8.34,61.91,54.68,45.32,24031701202,24031701214,24031,24031,0.21352900586196366,2070.5699293687708,2,-77.10512835204815,39.03471030915228,https://maps.roads.maryland.gov/itms_public/?stationid=B2905,0.0,0.76,Urban,4.0,Minor Arterial,1.0,15293.0,16213.0,238.0,B,True,False,montgomery_dc_spatial;pg_montgomery_spatial,True,15431.0,15292.0,16511.0,16362.0,15293.0,16213.0,2.0,1.0,547.0,8.34,61.91,553,Census Tract 7012.02,24031701202,24031701214,"Montgomery County, MD","Montgomery County, MD",0.21352900586196366,AADT_2018,daily vehicle trips whose OD path crosses this tract-pair boundary; direct adjacent OD only is stricter and will undercount through traffic
sl_S2012161244_24033807102__24033807200,24033807102__24033807200,other_adjacent_tract_pair,high,accepted,S2012161244,Prince George's,Calvert Rd                              ,MU,175.0,0.26,Calvert Rd - Between Hopkins Ave #1 & Rhode Island Ave #11,Baltimore Ave To Bowdoin Ave,West,2.0,F,1115.0,1160.0,1185.0,1230.0,10.4,50.77,49.74,50.26,24033807102,24033807200,24033,24033,0.16287946537306555,1615.639801849293,1,-76.9331947412886,38.97882817789417,https://maps.roads.maryland.gov/itms_public/?stationid=S2012161244,0.0,0.5,Urban,5.0,Major Collector,1.0,1161.0,1281.0,,S,True,False,pg_dc_spatial;pg_montgomery_spatial,True,1115.0,1160.0,1185.0,1230.0,1161.0,1281.0,2.0,1.0,175.0,10.4,50.77,323,Census Tract 8071.02,24033807102,24033807200,"Prince George's County, MD","Prince George's County, MD",0.16287946537306555,AADT_2018,daily vehicle trips whose OD path crosses this tract-pair boundary; direct adjacent OD only is stricter and will undercount through traffic
sl_B160117_24033800402__24033800409,24033800402__24033800409,other_adjacent_tract_pair,low_review,accepted,B160117,Prince George's,Annapolis Rd,MD,450.0,11.28,Md450-.10 Mi W Of Md197,Md 193 To Md 197,East,5.0,F,29972.0,24600.0,32072.0,26320.0,8.87,53.88,48.01,51.99,24033800409,24033800402,24033,24033,151.00318250743553,1533.989826342728,1,-76.75778542113406,38.97358950201287,https://maps.roads.maryland.gov/itms_public/?stationid=B160117,8.79,11.382,Urban,3.0,Principal Arterial Other,1.0,24601.0,26081.0,590.0,B,True,False,pg_dc_route;pg_dc_spatial,True,29972.0,24600.0,32072.0,26320.0,24601.0,26081.0,5.0,1.0,450.0,8.87,53.88,1504,Census Tract 8004.09,24033800409,24033800402,"Prince George's County, MD","Prince George's County, MD",151.00318250743553,AADT_2018,daily vehicle trips whose OD path crosses this tract-pair boundary; direct adjacent OD only is stricter and will undercount through traffic
sl_S2012150749_24031704803__24031705502,24031704803__24031705502,other_adjacent_tract_pair,low_review,accepted,S2012150749,Montgomery,Hillandale Rd                           ,CO,442.0,0.05,Hillandale Rd - Between Md 191 & Chevy Chase Dr,Bradley Blvd To Hillandale Rd (ahead),South,2.0,F,6435.0,6020.0,6825.0,6380.0,8.19,56.11,49.82,50.18,24031704803,24031705502,24031,24031,171.13347610061925,1759.341011877672,1,-77.09730904570927,38.97751738321199,https://maps.roads.maryland.gov/itms_public/?stationid=S2012150749,0.0,0.26,Urban,5.0,Major Collector,1.0,6021.0,6621.0,,S,True,False,montgomery_dc_spatial;pg_montgomery_spatial,True,6435.0,6020.0,6825.0,6380.0,6021.0,6621.0,2.0,1.0,442.0,8.19,56.11,1336,Census Tract 7048.03,24031704803,24031705502,"Montgomery County, MD","Montgomery County, MD",171.13347610061925,AADT_2018,daily vehicle trips whose OD path crosses this tract-pair boundary; direct adjacent OD only is stricter and will undercount through traffic
sl_S2012150942_24031700904__24031700905,24031700904__24031700905,other_adjacent_tract_pair,low_review,accepted,S2012150942,Montgomery,Congressional La,MU,770.0,0.12,Congressional La - .10 Mi West Of Md 355,Rockville Pike To Rollins Ave,East,3.0,F,10925.0,10980.0,11585.0,11640.0,8.8,56.01,52.35,47.65,24031700904,24031700905,24031,24031,134.15549876843306,706.2389519994542,2,-77.12793236221663,39.06316798556748,https://maps.roads.maryland.gov/itms_public/?stationid=S2012150942,0.0,0.51,Urban,7.0,Local,1.0,10981.0,12081.0,,S,True,False,montgomery_dc_spatial,True,10925.0,10980.0,11585.0,11640.0,10981.0,12081.0,3.0,1.0,770.0,8.8,56.01,208,Census Tract 7009.04,24031700904,24031700905,"Montgomery County, MD","Montgomery County, MD",134.15549876843306,AADT_2018,daily vehicle trips whose OD path crosses this tract-pair boundary; direct adjacent OD only is stricter and will undercount through traffic
sl_B3116_24033800701__24033800707,24033800701__24033800707,other_adjacent_tract_pair,high,accepted,B3116,Prince George's,Pennsylvania Ave,MD,4.0,6.01,Md4-.30 Mi S Of Md223,Richie-marlboro Pike To Md 223,South,4.0,F,53520.0,53041.0,57270.0,56751.0,7.82,70.36,50.1,49.9,24033800701,24033800707,24033,24033,42.87540844764807,6667.816451407222,1,-76.81929663225446,38.81226311299253,https://maps.roads.maryland.gov/itms_public/?stationid=B3116,3.6,6.31,Urban,2.0,Principal Arterial Other Freeways and Expressways,1.0,53042.0,56232.0,3062.0,B,True,False,pg_dc_route;pg_dc_spatial,True,53520.0,53041.0,57270.0,56751.0,53042.0,56232.0,4.0,1.0,4.0,7.82,70.36,1499,Census Tract 8007.01,24033800701,24033800707,"Prince George's County, MD","Prince George's County, MD",42.87540844764807,AADT_2018,daily vehicle trips whose OD path crosses this tract-pair boundary; direct adjacent OD only is stricter and will undercount through traffic
sl_S2012161261_24033804802__24033805000,24033804802__24033805000,other_adjacent_tract_pair,low_review,accepted,S2012161261,Prince George's,Chillum Rd,MU,70.0,0.31,Chillum Rd - Between Md 500 & Queenstown Dr,Allison St (brentwood) To Queens Chapel Rd,North,2.0,F,8715.0,8950.0,9245.0,9490.0,8.32,52.22,49.97,50.03,24033804802,24033805000,24033,24033,143.08758359697697,139.94755997822818,4,-76.96546841209323,38.9509184947976,https://maps.roads.maryland.gov/itms_public/?stationid=S2012161261,0.0,0.4,Urban,5.0,Major Collector,1.0,8951.0,9851.0,,S,True,False,pg_dc_spatial;pg_montgomery_spatial,True,8715.0,8950.0,9245.0,9490.0,8951.0,9851.0,2.0,1.0,70.0,8.32,52.22,902,Census Tract 8048.02,24033804802,24033805000,"Prince George's County, MD","Prince George's County, MD",143.08758359697697,AADT_2018,daily vehicle trips whose OD path crosses this tract-pair boundary; direct adjacent OD only is stricter and will undercount through traffic
sl_S2012150741_24031704404__24031704503,24031704404__24031704503,other_adjacent_tract_pair,high,accepted,S2012150741,Montgomery,Beech Ave                               ,CO,324.0,0.42,Beech Ave - Between Md 187 & Singleton Dr,Linden Ave To Wilmett Rd,East,2.0,F,5955.0,6240.0,6315.0,6610.0,9.32,67.83,51.17,48.83,24031704503,24031704404,24031,24031,37.17354347164163,1447.6774319760023,1,-77.11525407838742,39.00983383241422,https://maps.roads.maryland.gov/itms_public/?stationid=S2012150741,0.0,0.49,Urban,5.0,Major Collector,1.0,6241.0,6871.0,,S,True,False,montgomery_dc_spatial;pg_montgomery_spatial,True,5955.0,6240.0,6315.0,6610.0,6241.0,6871.0,2.0,1.0,324.0,9.32,67.83,561,Census Tract 7045.03,24031704503,24031704404,"Montgomery County, MD","Montgomery County, MD",37.17354347164163,AADT_2018,daily vehicle trips whose OD path crosses this tract-pair boundary; direct adjacent OD only is stricter and will undercount through traffic
sl_P0061_24033803200__24033804101,24033803200__24033804101,other_adjacent_tract_pair,medium,accepted,P0061,Prince George's,John Hanson Hwy,US,50.0,2.05,Us 50 - .75 Mile West Of Md 202 (atr#61),Md 459 To Md 202,East,4.0,C,84470.0,83039.0,88631.0,86902.0,7.6,56.52,50.81,49.19,24033804101,24033803200,24033,24033,71.02664325817572,2226.0324379178683,1,-76.90589737962854,38.92180629389307,https://maps.roads.maryland.gov/itms_public/?stationid=P0061,1.45,2.8,Urban,2.0,Principal Arterial Other Freeways and Expressways,1.0,81760.0,85480.0,,P,True,False,pg_dc_route;pg_dc_spatial,True,84470.0,83039.0,88631.0,86902.0,81760.0,85480.0,4.0,1.0,50.0,7.6,56.52,516,Census Tract 8041.01,24033804101,24033803200,"Prince George's County, MD","Prince George's County, MD",71.02664325817572,AADT_2018,daily vehicle trips whose OD path crosses this tract-pair boundary; direct adjacent OD only is stricter and will undercount through traffic
sl_S2012161019_24033806602__24033806706,24033806602__24033806706,other_adjacent_tract_pair,high,accepted,S2012161019,Prince George's,Good Luck Rd,CO,42.0,0.11,Good Luck Rd - .10 Mi East Of Md 201,Md 201 To Auburn Ave,East,4.0,F,16145.0,16780.0,17285.0,17960.0,9.33,65.95,50.71,49.29,24033806602,24033806706,24033,24033,14.562752142955475,1399.89392282174,2,-76.91316110491364,38.97190371623057,https://maps.roads.maryland.gov/itms_public/?stationid=S2012161019,0.0,1.2,Urban,4.0,Minor Arterial,1.0,16781.0,17791.0,,S,True,False,pg_dc_spatial;pg_montgomery_spatial,True,16145.0,16780.0,17285.0,17960.0,16781.0,17791.0,4.0,1.0,42.0,9.33,65.95,1550,Census Tract 8066.02,24033806602,24033806706,"Prince George's County, MD","Prince George's County, MD",14.562752142955475,AADT_2018,daily vehicle trips whose OD path crosses this tract-pair boundary; direct adjacent OD only is stricter and will undercount through traffic
sl_B3259_24033800704__24033800707,24033800704__24033800707,other_adjacent_tract_pair,low_review,accepted,B3259,Prince George's,Croom Rd,MD,382.0,15.24,Md382-.10 Mi S Of Us301,Baden-westwood Rd To Us 301,North,2.0,F,4322.0,4283.0,4632.0,4583.0,12.89,54.85,46.86,53.14,24033800704,24033800707,24033,24033,156.42642537120986,3564.841861038195,1,-76.79149280492875,38.784319161404646,https://maps.roads.maryland.gov/itms_public/?stationid=B3259,3.05,15.34,Rural,5.0,Major Collector,1.0,4284.0,4544.0,318.0,B,True,False,pg_dc_spatial,True,4322.0,4283.0,4632.0,4583.0,4284.0,4544.0,2.0,1.0,382.0,12.89,54.85,1365,Census Tract 8007.04,24033800704,24033800707,"Prince George's County, MD","Prince George's County, MD",156.42642537120986,AADT_2018,daily vehicle trips whose OD path crosses this tract-pair boundary; direct adjacent OD only is stricter and will undercount through traffic
sl_S2012150765_24031700607__24031701221,24031700607__24031701221,other_adjacent_tract_pair,high,accepted,S2012150765,Montgomery,Travilah Rd,CO,780.0,0.06,Travilah Rd - .10 Mile South Of Darnestown Rd,Darnestown Rd To Dufief Rd,South,2.0,F,10175.0,9710.0,10795.0,10290.0,9.82,60.93,44.45,55.55,24031700607,24031701221,24031,24031,0.4440689643149,1541.6322574391845,2,-77.20780837257776,39.09631765333461,https://maps.roads.maryland.gov/itms_public/?stationid=S2012150765,0.0,2.76,Urban,5.0,Major Collector,1.0,9711.0,10681.0,,S,True,False,montgomery_dc_spatial,True,10175.0,9710.0,10795.0,10290.0,9711.0,10681.0,2.0,1.0,780.0,9.82,60.93,1434,Census Tract 7006.07,24031700607,24031701221,"Montgomery County, MD","Montgomery County, MD",0.4440689643149,AADT_2018,daily vehicle trips whose OD path crosses this tract-pair boundary; direct adjacent OD only is stricter and will undercount through traffic
sl_S2012150761_24031702500__24031702900,24031702500__24031702900,other_adjacent_tract_pair,high,accepted,S2012150761,Montgomery,Cedar St,CO,623.0,0.42,Cedar St - Between Elsworth Dr & Pershing Dr,Easley St To Ellsworth Dr,South,2.0,F,7735.0,7620.0,8205.0,8080.0,9.06,56.41,48.88,51.12,24031702900,24031702500,24031,24031,0.3301509229522636,1022.9052182458545,3,-77.02348687996418,38.998418148092256,https://maps.roads.maryland.gov/itms_public/?stationid=S2012150761,0.0,0.48,Urban,7.0,Local,1.0,7621.0,8381.0,,S,True,False,montgomery_dc_spatial;pg_montgomery_spatial,True,7735.0,7620.0,8205.0,8080.0,7621.0,8381.0,2.0,1.0,623.0,9.06,56.41,344,Census Tract 7029,24031702900,24031702500,"Montgomery County, MD","Montgomery County, MD",0.3301509229522636,AADT_2018,daily vehicle trips whose OD path crosses this tract-pair boundary; direct adjacent OD only is stricter and will undercount through traffic
sl_B2917_24031701415__24031701507,24031701415__24031701507,other_adjacent_tract_pair,high,accepted,B2917,Montgomery,New Hampshire Ave,MD,650.0,7.73,Md650-.20 Mi N Of Randolph Rd,Randolph Rd To Briggs Chaney Rd,North,5.0,C,43252.0,42863.0,46282.0,45863.0,8.83,58.43,49.65,50.35,24031701415,24031701507,24031,24031,21.555310115885586,1535.2458054147726,1,-77.00140002003982,39.07842753890348,https://maps.roads.maryland.gov/itms_public/?stationid=B2917,7.53,9.98,Urban,3.0,Principal Arterial Other,1.0,44200.0,46850.0,,B,True,False,montgomery_dc_route;pg_montgomery_route;montgomery_dc_spatial;pg_montgomery_spatial,True,43252.0,42863.0,46282.0,45863.0,44200.0,46850.0,5.0,1.0,650.0,8.83,58.43,336,Census Tract 7014.15,24031701415,24031701507,"Montgomery County, MD","Montgomery County, MD",21.555310115885586,AADT_2018,daily vehicle trips whose OD path crosses this tract-pair boundary; direct adjacent OD only is stricter and will undercount through traffic
sl_B3110_24033800212__24033800213,24033800212__24033800213,other_adjacent_tract_pair,high,accepted,B3110,Prince George's,Baltimore Ave,US,1.0,11.73,Us1-.10 Mi N Of Contee Rd,Contee Rd To Cherry La,North,5.0,F,37890.0,37551.0,40540.0,40181.0,7.54,53.27,47.96,52.04,24033800213,24033800212,24033,24033,12.572430412157766,3792.2328750493243,1,-76.86681560455932,39.07744077118883,https://maps.roads.maryland.gov/itms_public/?stationid=B3110,11.63,12.85,Urban,3.0,Principal Arterial Other,1.0,39132.0,39802.0,,B,True,False,pg_dc_route;pg_dc_spatial;pg_montgomery_spatial,True,37890.0,37551.0,40540.0,40181.0,39132.0,39802.0,5.0,1.0,1.0,7.54,53.27,446,Census Tract 8002.13,24033800213,24033800212,"Prince George's County, MD","Prince George's County, MD",12.572430412157766,AADT_2018,daily vehicle trips whose OD path crosses this tract-pair boundary; direct adjacent OD only is stricter and will undercount through traffic
sl_S2012150720_24031706005__24031706007,24031706005__24031706007,other_adjacent_tract_pair,high,accepted,S2012150720,Montgomery,S Glen Rd,CO,196.0,0.09,S Glen Rd - .10 Mile West Of Md 189,Falls Rd To Glen Mill Rd,East,2.0,F,8785.0,8430.0,9315.0,8940.0,11.5,80.33,49.71,50.29,24031706007,24031706005,24031,24031,1.260022829576526,3181.569618932462,1,-77.2052336096323,39.02731338625034,https://maps.roads.maryland.gov/itms_public/?stationid=S2012150720,0.0,1.74,Urban,5.0,Major Collector,1.0,8431.0,9271.0,,S,True,False,montgomery_dc_spatial,True,8785.0,8430.0,9315.0,8940.0,8431.0,9271.0,2.0,1.0,196.0,11.5,80.33,597,Census Tract 7060.07,24031706007,24031706005,"Montgomery County, MD","Montgomery County, MD",1.260022829576526,AADT_2018,daily vehicle trips whose OD path crosses this tract-pair boundary; direct adjacent OD only is stricter and will undercount through traffic
sl_B2856_24031701800__24031702401,24031701800__24031702401,other_adjacent_tract_pair,medium,accepted,B2856,Montgomery,Piney Branch Rd,MD,320.0,0.9,Md320-.10 Mi S Of Sligo Ave,Richie Ave To Sligo Ave,North,2.0,F,15921.0,15782.0,17041.0,16892.0,8.64,62.94,51.09,48.91,24031702401,24031701800,24031,24031,92.70470909681767,1817.484561117372,2,-77.01110936736346,38.989803378031375,https://maps.roads.maryland.gov/itms_public/?stationid=B2856,0.77,1.0,Urban,4.0,Minor Arterial,1.0,15783.0,16733.0,,B,True,False,montgomery_dc_spatial;pg_montgomery_spatial,True,15921.0,15782.0,17041.0,16892.0,15783.0,16733.0,2.0,1.0,320.0,8.64,62.94,1451,Census Tract 7024.01,24031702401,24031701800,"Montgomery County, MD","Montgomery County, MD",92.70470909681767,AADT_2018,daily vehicle trips whose OD path crosses this tract-pair boundary; direct adjacent OD only is stricter and will undercount through traffic
sl_S2012150807_24031704403__24031704404,24031704403__24031704404,other_adjacent_tract_pair,high,accepted,S2012150807,Montgomery,Pooks Hill Rd,CO,2275.0,0.06,Pooks Hill Rd - .10 Mile West Of Md 355,Rockville Pike To Road End,East,3.0,F,8825.0,8080.0,9365.0,8570.0,9.02,52.89,53.85,46.15,24031704403,24031704404,24031,24031,2.5130491076756734,1537.473761443152,2,-77.10068343681834,39.015054746367234,https://maps.roads.maryland.gov/itms_public/?stationid=S2012150807,0.0,0.58,Urban,5.0,Major Collector,1.0,8081.0,8891.0,,S,True,False,montgomery_dc_spatial;pg_montgomery_spatial,True,8825.0,8080.0,9365.0,8570.0,8081.0,8891.0,3.0,1.0,2275.0,9.02,52.89,808,Census Tract 7044.03,24031704403,24031704404,"Montgomery County, MD","Montgomery County, MD",2.5130491076756734,AADT_2018,daily vehicle trips whose OD path crosses this tract-pair boundary; direct adjacent OD only is stricter and will undercount through traffic
sl_B150082_24031700901__24031700904,24031700901__24031700904,other_adjacent_tract_pair,high,accepted,B150082,Montgomery,Dodge St,MD,660.0,0.02,Md660-.02 Mi N Of Md355,Md 355 To Md 28,South,3.0,F,3420.0,3391.0,3630.0,3591.0,8.44,52.77,52.64,47.36,24031700904,24031700901,24031,24031,32.65135698976169,865.1801017052736,3,-77.14389989483229,39.08066153819232,https://maps.roads.maryland.gov/itms_public/?stationid=B150082,0.0,0.05,Urban,7.0,Local,1.0,3392.0,3732.0,,B,True,False,montgomery_dc_spatial,True,3420.0,3391.0,3630.0,3591.0,3392.0,3732.0,3.0,1.0,660.0,8.44,52.77,208,Census Tract 7009.04,24031700904,24031700901,"Montgomery County, MD","Montgomery County, MD",32.65135698976169,AADT_2018,daily vehicle trips whose OD path crosses this tract-pair boundary; direct adjacent OD only is stricter and will undercount through traffic
sl_S2012150709_24031701206__24031706011,24031701206__24031706011,other_adjacent_tract_pair,high,accepted,S2012150709,Montgomery,Tuckerman La,CO,164.0,5.74,Tuckerman La - Between Md 189 & Karen Dr,Seven Locks Rd To Md 189,East,3.0,F,8175.0,7750.0,8755.0,8290.0,9.59,71.59,47.8,52.2,24031701206,24031706011,24031,24031,1.3272921045696866,3544.615118041238,2,-77.18736294847653,39.05013724519006,https://maps.roads.maryland.gov/itms_public/?stationid=S2012150709,3.92,5.78,Urban,4.0,Minor Arterial,1.0,7751.0,8221.0,,S,True,False,montgomery_dc_spatial,True,8175.0,7750.0,8755.0,8290.0,7751.0,8221.0,3.0,1.0,164.0,9.59,71.59,555,Census Tract 7012.06,24031701206,24031706011,"Montgomery County, MD","Montgomery County, MD",1.3272921045696866,AADT_2018,daily vehicle trips whose OD path crosses this tract-pair boundary; direct adjacent OD only is stricter and will undercount through traffic
sl_B3278_24033804001__24033804300,24033804001__24033804300,other_adjacent_tract_pair,medium,accepted,B3278,Prince George's,Annapolis Rd,MD,450.0,1.42,Md450-.10 Mi W Of Md295,Md 202 To Md 295,East,5.0,F,26915.0,29070.0,28805.0,31110.0,7.37,54.37,49.66,50.34,24033804001,24033804300,24033,24033,0.5487233884434046,350.7812657872147,4,-76.91620042442173,38.93942180958124,https://maps.roads.maryland.gov/itms_public/?stationid=B3278,0.93,1.521,Urban,4.0,Minor Arterial,1.0,29071.0,30821.0,,B,True,False,pg_dc_route;pg_dc_spatial;pg_montgomery_spatial,True,26915.0,29070.0,28805.0,31110.0,29071.0,30821.0,5.0,1.0,450.0,7.37,54.37,515,Census Tract 8040.01,24033804001,24033804300,"Prince George's County, MD","Prince George's County, MD",0.5487233884434046,AADT_2018,daily vehicle trips whose OD path crosses this tract-pair boundary; direct adjacent OD only is stricter and will undercount through traffic
sl_S2012161091_24033805904__24033807305,24033805904__24033807305,other_adjacent_tract_pair,high,accepted,S2012161091,Prince George's,Adelphi Rd,CO,232.0,0.06,Adelphi Rd - Between Md 212 & Cherokee St,Md 212 To Metzerott Rd,North,4.0,F,27165.0,28470.0,29075.0,30460.0,8.28,58.95,51.13,48.87,24033805904,24033807305,24033,24033,5.127051571708548,414.84091367368063,2,-76.96802313901458,39.00433709802171,https://maps.roads.maryland.gov/itms_public/?stationid=S2012161091,0.0,0.26,Urban,4.0,Minor Arterial,1.0,28471.0,30181.0,,S,True,False,pg_dc_spatial;pg_montgomery_spatial,True,27165.0,28470.0,29075.0,30460.0,28471.0,30181.0,4.0,1.0,232.0,8.28,58.95,512,Census Tract 8059.04,24033805904,24033807305,"Prince George's County, MD","Prince George's County, MD",5.127051571708548,AADT_2018,daily vehicle trips whose OD path crosses this tract-pair boundary; direct adjacent OD only is stricter and will undercount through traffic
sl_S2012161253_24033806100__24033806200,24033806100__24033806200,other_adjacent_tract_pair,high,accepted,S2012161253,Prince George's,Hamilton St #1                          ,MU,151.0,0.41,Hamilton St #1 - .10 Mi East Of Md 208,42nd Ave To Jefferson St,East,2.0,F,5965.0,6070.0,6385.0,6500.0,8.53,54.47,50.11,49.89,24033806100,24033806200,24033,24033,0.8541880475109757,2585.192804945397,1,-76.95272409310749,38.95291481400547,https://maps.roads.maryland.gov/itms_public/?stationid=S2012161253,0.0,0.52,Urban,6.0,Minor Collector,1.0,6071.0,6441.0,,S,True,False,pg_dc_spatial;pg_montgomery_spatial,True,5965.0,6070.0,6385.0,6500.0,6071.0,6441.0,2.0,1.0,151.0,8.53,54.47,1546,Census Tract 8061,24033806100,24033806200,"Prince George's County, MD","Prince George's County, MD",0.8541880475109757,AADT_2018,daily vehicle trips whose OD path crosses this tract-pair boundary; direct adjacent OD only is stricter and will undercount through traffic
sl_B150024_24031703401__24031703501,24031703401__24031703501,other_adjacent_tract_pair,low_review,accepted,B150024,Montgomery,Havard St,CO,1799.0,0.1,Havard St-.10 Mi N Of Md586,Md 586 To Atherton Dr,South,2.0,F,2290.0,2271.0,2430.0,2411.0,10.83,82.69,41.47,58.53,24031703401,24031703501,24031,24031,151.41188037382233,1556.3728748216747,2,-77.08602253342784,39.059734789841805,https://maps.roads.maryland.gov/itms_public/?stationid=B150024,0.0,0.77,Urban,5.0,Major Collector,1.0,2272.0,2502.0,111.0,B,True,False,montgomery_dc_spatial;pg_montgomery_spatial,True,2290.0,2271.0,2430.0,2411.0,2272.0,2502.0,2.0,1.0,1799.0,10.83,82.69,200,Census Tract 7034.01,24031703401,24031703501,"Montgomery County, MD","Montgomery County, MD",151.41188037382233,AADT_2018,daily vehicle trips whose OD path crosses this tract-pair boundary; direct adjacent OD only is stricter and will undercount through traffic
sl_B2868_24031700904__24031701102,24031700904__24031701102,other_adjacent_tract_pair,low_review,accepted,B2868,Montgomery,Rockville Pike,MD,355.0,7.7,Md355-.10 Mi N Of Montrose Rd,Montrose Pkwy To Md 28,North,7.0,F,48352.0,47560.0,51742.0,50890.0,7.73,54.23,44.89,55.11,24031700904,24031701102,24031,24031,161.0521151178283,2586.6942969439992,2,-77.12726610512658,39.06600997767082,https://maps.roads.maryland.gov/itms_public/?stationid=B2868,6.59,9.17,Urban,3.0,Principal Arterial Other,1.0,49561.0,50411.0,,B,True,False,montgomery_dc_route;montgomery_dc_spatial,True,48352.0,47560.0,51742.0,50890.0,49561.0,50411.0,7.0,1.0,355.0,7.73,54.23,208,Census Tract 7009.04,24031700904,24031701102,"Montgomery County, MD","Montgomery County, MD",161.0521151178283,AADT_2018,daily vehicle trips whose OD path crosses this tract-pair boundary; direct adjacent OD only is stricter and will undercount through traffic
sl_B160038_24033807000__24033807200,24033807000__24033807200,other_adjacent_tract_pair,low_review,accepted,B160038,Prince George's,Campus Dr,MD,431.0,0.2,Md 431 (campus Dr)-.20 Mi S Of Us1,Us 1 To River Rd,South,4.0,F,16610.0,16461.0,17770.0,17611.0,8.72,54.12,51.22,48.78,24033807000,24033807200,24033,24033,131.80698300628933,2876.152000561604,1,-76.93310322901229,38.9863909969956,https://maps.roads.maryland.gov/itms_public/?stationid=B160038,0.0,0.94,Urban,4.0,Minor Arterial,1.0,16462.0,17452.0,745.0,B,True,False,pg_dc_spatial;pg_montgomery_spatial,True,16610.0,16461.0,17770.0,17611.0,16462.0,17452.0,4.0,1.0,431.0,8.72,54.12,1500,Census Tract 8070,24033807000,24033807200,"Prince George's County, MD","Prince George's County, MD",131.80698300628933,AADT_2018,daily vehicle trips whose OD path crosses this tract-pair boundary; direct adjacent OD only is stricter and will undercount through traffic
sl_S2012150794_24031702500__24031702601,24031702500__24031702601,other_adjacent_tract_pair,low_review,accepted,S2012150794,Montgomery,Second Ave                              ,CO,1300.0,1.29,Second Ave - Between Md 384 & Apple Ave,Seminary Pl To Colesville Rd,North,3.0,F,6735.0,6400.0,7145.0,6780.0,9.99,53.35,49.58,50.42,24031702500,24031702601,24031,24031,132.49249318435426,1198.290562581145,1,-77.03079312790157,38.99494604957931,https://maps.roads.maryland.gov/itms_public/?stationid=S2012150794,0.0,1.32,Urban,6.0,Minor Collector,1.0,6401.0,7041.0,,S,True,False,montgomery_dc_spatial;pg_montgomery_spatial,True,6735.0,6400.0,7145.0,6780.0,6401.0,7041.0,3.0,1.0,1300.0,9.99,53.35,339,Census Tract 7025,24031702500,24031702601,"Montgomery County, MD","Montgomery County, MD",132.49249318435426,AADT_2018,daily vehicle trips whose OD path crosses this tract-pair boundary; direct adjacent OD only is stricter and will undercount through traffic
sl_S2012150864_24031701006__24031701220,24031701006__24031701220,other_adjacent_tract_pair,high,accepted,S2012150864,Montgomery,Scott Dr                                ,CO,4250.0,0.34,Scott Dr - Between Carriage Ct & Overlea Dr,Scott Dr (back) To Scott Dr (ahead),South,2.0,F,6645.0,6330.0,7045.0,6710.0,11.74,76.97,47.53,52.47,24031701006,24031701220,24031,24031,1.0557416947221168,1756.7012635653193,1,-77.18748724027756,39.07404390355715,https://maps.roads.maryland.gov/itms_public/?stationid=S2012150864,0.26,0.62,Urban,5.0,Major Collector,1.0,6331.0,6961.0,,S,True,False,montgomery_dc_spatial,True,6645.0,6330.0,7045.0,6710.0,6331.0,6961.0,2.0,1.0,4250.0,11.74,76.97,896,Census Tract 7010.06,24031701006,24031701220,"Montgomery County, MD","Montgomery County, MD",1.0557416947221168,AADT_2018,daily vehicle trips whose OD path crosses this tract-pair boundary; direct adjacent OD only is stricter and will undercount through traffic
sl_B150044_24031701006__24031701210,24031701006__24031701210,other_adjacent_tract_pair,high,accepted,B150044,Montgomery,Wootton Pkwy,MU,2593.0,2.4,Wootten Pkwy-.10 Mi W Of Md189,Md 189 To Glen Mill Rd,East,3.0,F,15490.0,15351.0,16570.0,16431.0,10.44,76.41,50.19,49.81,24031701006,24031701210,24031,24031,4.973096228823922,1268.1792401691205,2,-77.17177803618817,39.07037137733232,https://maps.roads.maryland.gov/itms_public/?stationid=B150044,2.3,4.49,Urban,4.0,Minor Arterial,1.0,16002.0,16272.0,,B,True,False,montgomery_dc_spatial,True,15490.0,15351.0,16570.0,16431.0,16002.0,16272.0,3.0,1.0,2593.0,10.44,76.41,896,Census Tract 7010.06,24031701006,24031701210,"Montgomery County, MD","Montgomery County, MD",4.973096228823922,AADT_2018,daily vehicle trips whose OD path crosses this tract-pair boundary; direct adjacent OD only is stricter and will undercount through traffic
sl_S2012161232_24033800402__24033800409,24033800402__24033800409,other_adjacent_tract_pair,high,accepted,S2012161232,Prince George's,Millstream Dr,MU,1880.0,1.47,Millstream Dr - Between Md 197 & Maycheck La,Mu 1825 Mercer Dr To Md 197 Laurel Bowie Rd,North,2.0,F,4205.0,3890.0,4465.0,4120.0,8.75,65.98,51.92,48.08,24033800402,24033800409,24033,24033,42.125091003148626,1533.9898263427278,1,-76.75632802585812,38.98242011192385,https://maps.roads.maryland.gov/itms_public/?stationid=S2012161232,0.596,1.496,Urban,5.0,Major Collector,1.0,3891.0,4281.0,,S,True,False,pg_dc_spatial,True,4205.0,3890.0,4465.0,4120.0,3891.0,4281.0,2.0,1.0,1880.0,8.75,65.98,1544,Census Tract 8004.02,24033800402,24033800409,"Prince George's County, MD","Prince George's County, MD",42.125091003148626,AADT_2018,daily vehicle trips whose OD path crosses this tract-pair boundary; direct adjacent OD only is stricter and will undercount through traffic
sl_S2012150843_24031701420__24033807407,24031701420__24033807407,pg_montgomery,medium,accepted,S2012150843,Montgomery,Galway Dr                               ,CO,3480.0,0.1,Galway Dr - .10 Mi North Of Calverton Blvd,Calverton Blvd To Fairland Rd,South,2.0,F,4695.0,4550.0,4985.0,4820.0,10.21,55.09,49.32,50.68,24031701420,24033807407,24031,24033,88.38094898852064,1600.1146485364409,1,-76.94377543647151,39.05753903276344,https://maps.roads.maryland.gov/itms_public/?stationid=S2012150843,0.0,0.71,Urban,6.0,Minor Collector,1.0,4551.0,5011.0,,S,True,False,montgomery_dc_spatial;pg_montgomery_spatial,True,4695.0,4550.0,4985.0,4820.0,4551.0,5011.0,2.0,1.0,3480.0,10.21,55.09,1332,Census Tract 7014.20,24031701420,24033807407,"Montgomery County, MD","Prince George's County, MD",88.38094898852064,AADT_2018,daily vehicle trips whose OD path crosses this tract-pair boundary; direct adjacent OD only is stricter and will undercount through traffic
sl_B2878_24031702601__24031702602,24031702601__24031702602,other_adjacent_tract_pair,high,accepted,B2878,Montgomery,16th St,MD,390.0,0.06,Md390-.10 Mi S Of Md410,Washington Dc/l To Md 410,North,5.0,C,32281.0,31992.0,34541.0,34232.0,7.21,57.27,49.75,50.25,24031702601,24031702602,24031,24031,13.86321131299736,939.5989476162545,2,-77.03622407261479,38.99298442239871,https://maps.roads.maryland.gov/itms_public/?stationid=B2878,0.0,0.16,Urban,3.0,Principal Arterial Other,1.0,30870.0,32720.0,620.0,B,True,False,montgomery_dc_route;montgomery_dc_spatial;pg_montgomery_spatial,True,32281.0,31992.0,34541.0,34232.0,30870.0,32720.0,5.0,1.0,390.0,7.21,57.27,340,Census Tract 7026.01,24031702601,24031702602,"Montgomery County, MD","Montgomery County, MD",13.86321131299736,AADT_2018,daily vehicle trips whose OD path crosses this tract-pair boundary; direct adjacent OD only is stricter and will undercount through traffic
sl_S2012150856_24031701216__24031701219,24031701216__24031701219,other_adjacent_tract_pair,low_review,accepted,S2012150856,Montgomery,Nebel St,CO,4121.0,0.57,Nebel St - .10 Mi South Of Randolph Rd,Nicholson La To Randolph Rd,North,2.0,F,12755.0,11220.0,13525.0,11890.0,8.22,57.79,49.71,50.29,24031701216,24031701219,24031,24031,109.63719037760647,966.2799304919006,2,-77.11009663564394,39.05179927623228,https://maps.roads.maryland.gov/itms_public/?stationid=S2012150856,0.0,0.68,Urban,5.0,Major Collector,1.0,11221.0,12341.0,,S,True,False,montgomery_dc_spatial;pg_montgomery_spatial,True,12755.0,11220.0,13525.0,11890.0,11221.0,12341.0,2.0,1.0,4121.0,8.22,57.79,1045,Census Tract 7012.16,24031701216,24031701219,"Montgomery County, MD","Montgomery County, MD",109.63719037760647,AADT_2018,daily vehicle trips whose OD path crosses this tract-pair boundary; direct adjacent OD only is stricter and will undercount through traffic
sl_B2888_24031705701__24031705702,24031705701__24031705702,other_adjacent_tract_pair,high,accepted,B2888,Montgomery,Massachusetts Ave,MD,396.0,1.21,Md396-1.0 Mi W Of Wash Dc Line,Sangamore Rd To Little Falls Pkwy,East,4.0,F,15140.0,15001.0,16200.0,16051.0,8.77,62.74,50.13,49.87,24031705702,24031705701,24031,24031,0.5092268163955161,1253.5538354956243,1,-77.1132798445993,38.95983819815973,https://maps.roads.maryland.gov/itms_public/?stationid=B2888,0.71,1.542,Urban,4.0,Minor Arterial,1.0,15002.0,15902.0,744.0,B,True,False,montgomery_dc_spatial;pg_montgomery_spatial,True,15140.0,15001.0,16200.0,16051.0,15002.0,15902.0,4.0,1.0,396.0,8.77,62.74,1387,Census Tract 7057.02,24031705702,24031705701,"Montgomery County, MD","Montgomery County, MD",0.5092268163955161,AADT_2018,daily vehicle trips whose OD path crosses this tract-pair boundary; direct adjacent OD only is stricter and will undercount through traffic
sl_B2883_24031702800__24031702900,24031702800__24031702900,other_adjacent_tract_pair,low_review,accepted,B2883,Montgomery,Columbia Blvd                           ,CO,613.0,0.27,Columbia Blvd-.10 Mi N Of Md97,Dale Dr To Md 97,South,3.0,F,7303.0,7244.0,7813.0,7754.0,8.8,55.37,37.45,62.55,24031702900,24031702800,24031,24031,155.5439854307459,1797.7823211455955,1,-77.03852296473309,39.00902112136049,https://maps.roads.maryland.gov/itms_public/?stationid=B2883,0.26,0.36,Urban,4.0,Minor Arterial,1.0,7245.0,7685.0,,B,True,False,montgomery_dc_spatial;pg_montgomery_spatial,True,7303.0,7244.0,7813.0,7754.0,7245.0,7685.0,3.0,1.0,613.0,8.8,55.37,344,Census Tract 7029,24031702900,24031702800,"Montgomery County, MD","Montgomery County, MD",155.5439854307459,AADT_2018,daily vehicle trips whose OD path crosses this tract-pair boundary; direct adjacent OD only is stricter and will undercount through traffic
sl_B2972_24031702900__24031703901,24031702900__24031703901,other_adjacent_tract_pair,high,accepted,B2972,Montgomery,Capital Beltway,IS,495.0,10.67,Is495-.20 Mi E Of Md97,Md 97 To Us 29,East,8.0,F,228762.0,226050.0,237912.0,235090.0,6.54,51.14,50.19,49.81,24031702900,24031703901,24031,24031,0.981845175652653,876.7665041022533,1,-77.03735432212545,39.01327135963711,https://maps.roads.maryland.gov/itms_public/?stationid=B2972,10.44,11.88,Urban,1.0,Interstate,1.0,227631.0,236741.0,14381.0,B,True,False,montgomery_dc_route;pg_montgomery_route;montgomery_dc_spatial;pg_montgomery_spatial,True,228762.0,226050.0,237912.0,235090.0,227631.0,236741.0,8.0,1.0,495.0,6.54,51.14,344,Census Tract 7029,24031702900,24031703901,"Montgomery County, MD","Montgomery County, MD",0.981845175652653,AADT_2018,daily vehicle trips whose OD path crosses this tract-pair boundary; direct adjacent OD only is stricter and will undercount through traffic
sl_S2012161039_24033801404__24033801411,24033801404__24033801411,other_adjacent_tract_pair,high,accepted,S2012161039,Prince George's,Fort Foote Rd,CO,88.0,0.11,Fort Foote Rd - .10 Mi West Of Oxon Hill Rd,Oxon Hill Rd To Sandy Bar Dr,East,2.0,F,6995.0,6380.0,7425.0,6760.0,6.65,83.78,52.92,47.08,24033801404,24033801411,24033,24033,0.6445597666556946,2448.2598236616623,1,-77.00794443642917,38.777793939975226,https://maps.roads.maryland.gov/itms_public/?stationid=S2012161039,0.0,2.03,Urban,6.0,Minor Collector,1.0,6381.0,7021.0,,S,True,False,pg_dc_spatial,True,6995.0,6380.0,7425.0,6760.0,6381.0,7021.0,2.0,1.0,88.0,6.65,83.78,1506,Census Tract 8014.04,24033801404,24033801411,"Prince George's County, MD","Prince George's County, MD",0.6445597666556946,AADT_2018,daily vehicle trips whose OD path crosses this tract-pair boundary; direct adjacent OD only is stricter and will undercount through traffic
sl_S2012150770_24031704502__24031704600,24031704502__24031704600,other_adjacent_tract_pair,high,accepted,S2012150770,Montgomery,Fernwood Rd,CO,837.0,0.48,Fernwood Rd - .10 Mile North Of Md 191,Lybrook Ct To Rockledge Dr,South,3.0,F,9075.0,8780.0,9625.0,9310.0,10.35,54.15,49.21,50.79,24031704502,24031704600,24031,24031,0.5969563166733073,851.6560585745299,2,-77.13418230007605,39.00460841788861,https://maps.roads.maryland.gov/itms_public/?stationid=S2012150770,0.0,2.15,Urban,5.0,Major Collector,1.0,8781.0,9661.0,,S,True,False,montgomery_dc_spatial,True,9075.0,8780.0,9625.0,9310.0,8781.0,9661.0,3.0,1.0,837.0,10.35,54.15,1422,Census Tract 7045.02,24031704502,24031704600,"Montgomery County, MD","Montgomery County, MD",0.5969563166733073,AADT_2018,daily vehicle trips whose OD path crosses this tract-pair boundary; direct adjacent OD only is stricter and will undercount through traffic
sl_S2006150115_24031701509__24031701601,24031701509__24031701601,other_adjacent_tract_pair,low_review,accepted,S2006150115,Montgomery,Elton Rd,CO,2811.0,0.1,Elton Rd - .10 Mile East Of Md 650,Md 650 To Prince Georges Co/l,East,2.0,F,4035.0,3660.0,4285.0,3880.0,8.84,52.03,50.19,49.81,24031701509,24031701601,24031,24031,133.01482181780025,430.7955159597117,3,-76.97496303960607,39.019982188922825,https://maps.roads.maryland.gov/itms_public/?stationid=S2006150115,0.0,0.31,Urban,7.0,Local,1.0,3661.0,4031.0,119.0,S,True,False,montgomery_dc_spatial;pg_montgomery_spatial,True,4035.0,3660.0,4285.0,3880.0,3661.0,4031.0,2.0,1.0,2811.0,8.84,52.03,689,Census Tract 7015.09,24031701509,24031701601,"Montgomery County, MD","Montgomery County, MD",133.01482181780025,AADT_2018,daily vehicle trips whose OD path crosses this tract-pair boundary; direct adjacent OD only is stricter and will undercount through traffic
sl_S2017150257_24031701206__24031706007,24031701206__24031706007,other_adjacent_tract_pair,low_review,accepted,S2017150257,Montgomery,Victory La,CO,2994.0,0.88,Victory La - .10 Mile East Of Md 189,Gainsborough Rd To Md 189,East,2.0,F,2290.0,2271.0,2430.0,2411.0,13.73,71.86,52.2,47.8,24031701206,24031706007,24031,24031,156.2794001689019,765.9186908198286,1,-77.18277091705097,39.05247914413191,https://maps.roads.maryland.gov/itms_public/?stationid=S2017150257,0.0,0.98,Urban,6.0,Minor Collector,1.0,2272.0,2502.0,55.0,S,True,False,montgomery_dc_spatial,True,2290.0,2271.0,2430.0,2411.0,2272.0,2502.0,2.0,1.0,2994.0,13.73,71.86,555,Census Tract 7012.06,24031701206,24031706007,"Montgomery County, MD","Montgomery County, MD",156.2794001689019,AADT_2018,daily vehicle trips whose OD path crosses this tract-pair boundary; direct adjacent OD only is stricter and will undercount through traffic
sl_B3306_24031701703__24033805601,24031701703__24033805601,pg_montgomery,low_review,accepted,B3306,Prince George's,New Hampshire Ave,MD,650.0,1.95,Md650-.10 Mi N Of Md193,Mont Co/l(md193) To Mont Co/l (northhampton Dr),North,6.0,F,39432.0,36910.0,42192.0,39490.0,7.39,56.35,49.68,50.32,24033805601,24031701703,24033,24031,113.44048223194676,802.4808460727234,1,-76.98745962210106,38.99038060894549,https://maps.roads.maryland.gov/itms_public/?stationid=B3306,1.85,3.16,Urban,3.0,Principal Arterial Other,1.0,36911.0,39131.0,,B,True,False,pg_dc_route;pg_montgomery_route;pg_dc_spatial;pg_montgomery_spatial,True,39432.0,36910.0,42192.0,39490.0,36911.0,39131.0,6.0,1.0,650.0,7.39,56.35,1535,Census Tract 8056.01,24033805601,24031701703,"Prince George's County, MD","Montgomery County, MD",113.44048223194676,AADT_2018,daily vehicle trips whose OD path crosses this tract-pair boundary; direct adjacent OD only is stricter and will undercount through traffic
sl_S2012150756_24031702500__24031702900,24031702500__24031702900,other_adjacent_tract_pair,high,accepted,S2012150756,Montgomery,Spring St,CO,598.0,0.07,Spring St - Between Us 29 & Roeder Rd,Ellsworth Dr To Us29 (colesville Rd),West,4.0,F,11795.0,9810.0,12505.0,10400.0,7.7,54.16,53.15,46.85,24031702900,24031702500,24031,24031,1.0302682434614006,1022.9052182458545,1,-77.0257253648712,38.99896799990868,https://maps.roads.maryland.gov/itms_public/?stationid=S2012150756,0.0,0.09,Urban,5.0,Major Collector,1.0,9811.0,10791.0,,S,True,False,montgomery_dc_spatial;pg_montgomery_spatial,True,11795.0,9810.0,12505.0,10400.0,9811.0,10791.0,4.0,1.0,598.0,7.7,54.16,344,Census Tract 7029,24031702900,24031702500,"Montgomery County, MD","Montgomery County, MD",1.0302682434614006,AADT_2018,daily vehicle trips whose OD path crosses this tract-pair boundary; direct adjacent OD only is stricter and will undercount through traffic
sl_B3269_24033801405__24033801408,24033801405__24033801408,other_adjacent_tract_pair,low_review,accepted,B3269,Prince George's,Oxon Hill Rd,MD,414.0,1.74,Md414-.10 Mi W Of John Hanson La,Livingston Rd  To Is 95,West,4.0,C,32881.0,32592.0,35181.0,34872.0,6.94,50.99,46.18,53.82,24033801405,24033801408,24033,24033,167.99296826755335,865.0890840490958,1,-76.97671279877771,38.80494041930343,https://maps.roads.maryland.gov/itms_public/?stationid=B3269,1.039,2.179,Urban,3.0,Principal Arterial Other,1.0,35350.0,37470.0,,B,True,False,pg_dc_spatial,True,32881.0,32592.0,35181.0,34872.0,35350.0,37470.0,4.0,1.0,414.0,6.94,50.99,1568,Census Tract 8014.05,24033801405,24033801408,"Prince George's County, MD","Prince George's County, MD",167.99296826755335,AADT_2018,daily vehicle trips whose OD path crosses this tract-pair boundary; direct adjacent OD only is stricter and will undercount through traffic
sl_S2012150980_24031705501__24031705502,24031705501__24031705502,other_adjacent_tract_pair,medium,accepted,S2012150980,Montgomery,Dorset Ave,MU,50.0,0.09,Dorset Ave - .10 Mi West Of Md 355,Wisconsin Ave To Dorset Ave (ahead),East,2.0,F,3085.0,3200.0,3275.0,3390.0,11.63,53.68,51.01,48.99,24031705502,24031705501,24031,24031,66.51325939860372,1329.7025407669796,3,-77.09033632337226,38.96739837409423,https://maps.roads.maryland.gov/itms_public/?stationid=S2012150980,0.0,0.7,Urban,6.0,Minor Collector,1.0,3201.0,3521.0,,S,True,False,montgomery_dc_spatial;pg_montgomery_spatial,True,3085.0,3200.0,3275.0,3390.0,3201.0,3521.0,2.0,1.0,50.0,11.63,53.68,743,Census Tract 7055.02,24031705502,24031705501,"Montgomery County, MD","Montgomery County, MD",66.51325939860372,AADT_2018,daily vehicle trips whose OD path crosses this tract-pair boundary; direct adjacent OD only is stricter and will undercount through traffic
sl_B2901_24031702700__24031704100,24031702700__24031704100,other_adjacent_tract_pair,high,accepted,B2901,Montgomery,Capital Beltway,IS,495.0,9.61,Is495-.80 Mi W Of Md97,Md 185 To Md 97,West,8.0,F,238252.0,231860.0,247782.0,241130.0,6.55,52.55,48.75,51.25,24031702700,24031704100,24031,24031,17.037788279215782,829.6089308025055,2,-77.05741908332843,39.013973404705,https://maps.roads.maryland.gov/itms_public/?stationid=B2901,8.24,10.44,Urban,1.0,Interstate,1.0,233481.0,242821.0,14980.0,B,True,False,montgomery_dc_route;pg_montgomery_route;montgomery_dc_spatial;pg_montgomery_spatial,True,238252.0,231860.0,247782.0,241130.0,233481.0,242821.0,8.0,1.0,495.0,6.55,52.55,342,Census Tract 7027,24031702700,24031704100,"Montgomery County, MD","Montgomery County, MD",17.037788279215782,AADT_2018,daily vehicle trips whose OD path crosses this tract-pair boundary; direct adjacent OD only is stricter and will undercount through traffic
sl_S2012150721_24031700608__24031706007,24031700608__24031706007,other_adjacent_tract_pair,high,accepted,S2012150721,Montgomery,Piney Meetinghouse Rd,CO,197.0,0.06,Piney Meetinghouse Rd - .10 Mile North Of Md 190,Md 190 To Glen Rd,North,2.0,F,6095.0,6450.0,6465.0,6840.0,11.56,55.48,47.73,52.27,24031706007,24031700608,24031,24031,8.413305953113333,3960.630214701696,2,-77.23305245589124,39.03235355313368,https://maps.roads.maryland.gov/itms_public/?stationid=S2012150721,0.0,1.21,Urban,5.0,Major Collector,1.0,6451.0,7101.0,,S,True,False,montgomery_dc_spatial,True,6095.0,6450.0,6465.0,6840.0,6451.0,7101.0,2.0,1.0,197.0,11.56,55.48,597,Census Tract 7060.07,24031706007,24031700608,"Montgomery County, MD","Montgomery County, MD",8.413305953113333,AADT_2018,daily vehicle trips whose OD path crosses this tract-pair boundary; direct adjacent OD only is stricter and will undercount through traffic
sl_B2848_24031701005__24031701006,24031701005__24031701006,other_adjacent_tract_pair,high,accepted,B2848,Montgomery,Eisenhower Memorial Hwy,IS,270.0,6.16,Is270-.30 Mi S Of Md28,Md 189 To Md 28,North,12.0,F,247752.0,253930.0,257662.0,264090.0,7.33,61.8,52.0,48.0,24031701006,24031701005,24031,24031,22.511832823541233,1527.5279177841528,1,-77.17161361394845,39.08182167541268,https://maps.roads.maryland.gov/itms_public/?stationid=B2848,5.5,6.46,Urban,1.0,Interstate,1.0,255711.0,265941.0,10178.0,B,True,False,montgomery_dc_spatial,True,247752.0,253930.0,257662.0,264090.0,255711.0,265941.0,12.0,1.0,270.0,7.33,61.8,896,Census Tract 7010.06,24031701006,24031701005,"Montgomery County, MD","Montgomery County, MD",22.511832823541233,AADT_2018,daily vehicle trips whose OD path crosses this tract-pair boundary; direct adjacent OD only is stricter and will undercount through traffic
sl_S2012150750_11001001001__24031705602,11001001001__24031705602,montgomery_dc,low_review,accepted,S2012150750,Montgomery,Willard Ave,CO,451.0,0.63,Willard Ave - Between Md 355 & The Hills Plaza,River Rd To Wisconsin Ave,South,3.0,F,9365.0,8510.0,9935.0,9020.0,7.59,57.77,48.96,51.04,24031705602,11001001001,24031,11001,156.77858012807334,675.7631311296825,4,-77.087022776954,38.96176588377197,https://maps.roads.maryland.gov/itms_public/?stationid=S2012150750,0.0,0.67,Urban,5.0,Major Collector,1.0,8511.0,9361.0,,S,True,False,montgomery_dc_spatial;pg_montgomery_spatial,True,9365.0,8510.0,9935.0,9020.0,8511.0,9361.0,3.0,1.0,451.0,7.59,57.77,1385,Census Tract 7056.02,24031705602,11001001001,"Montgomery County, MD",District of Columbia,156.77858012807334,AADT_2018,daily vehicle trips whose OD path crosses this tract-pair boundary; direct adjacent OD only is stricter and will undercount through traffic
sl_B2902_24031702200__24031703000,24031702200__24031703000,other_adjacent_tract_pair,high,accepted,B2902,Montgomery,Capital Beltway,IS,495.0,12.09,Is495-.20 Mi E Of Us29,Us 29 To Md 193,East,8.0,F,218392.0,211820.0,227132.0,220290.0,6.23,52.89,51.17,48.83,24031702200,24031703000,24031,24031,0.598712639797689,1030.4199438474454,1,-77.01301802952572,39.0162132431116,https://maps.roads.maryland.gov/itms_public/?stationid=B2902,11.88,12.52,Urban,1.0,Interstate,1.0,213301.0,221831.0,13263.0,B,True,False,montgomery_dc_route;pg_montgomery_route;montgomery_dc_spatial;pg_montgomery_spatial,True,218392.0,211820.0,227132.0,220290.0,213301.0,221831.0,8.0,1.0,495.0,6.23,52.89,1448,Census Tract 7022,24031702200,24031703000,"Montgomery County, MD","Montgomery County, MD",0.598712639797689,AADT_2018,daily vehicle trips whose OD path crosses this tract-pair boundary; direct adjacent OD only is stricter and will undercount through traffic
sl_B150041_24031700902__24031701211,24031700902__24031701211,other_adjacent_tract_pair,low_review,accepted,B150041,Montgomery,Dover Rd                                ,MU,970.0,0.1,Dover Rd-.10 Mi E Of N Horners La,N. Horners La To Dover Rd (ahead),East,2.0,C,5814.0,5765.0,6164.0,6115.0,7.38,54.27,50.0,50.0,24031701211,24031700902,24031,24031,174.44616155522664,1472.013784010071,1,-77.14287299829165,39.09657037658452,https://maps.roads.maryland.gov/itms_public/?stationid=B150041,0.0,0.11,Urban,6.0,Minor Collector,1.0,5510.0,6060.0,,B,True,False,montgomery_dc_spatial,True,5814.0,5765.0,6164.0,6115.0,5510.0,6060.0,2.0,1.0,970.0,7.38,54.27,1404,Census Tract 7012.11,24031701211,24031700902,"Montgomery County, MD","Montgomery County, MD",174.44616155522664,AADT_2018,daily vehicle trips whose OD path crosses this tract-pair boundary; direct adjacent OD only is stricter and will undercount through traffic
sl_B2863_24031704804__24031705400,24031704804__24031705400,other_adjacent_tract_pair,medium,accepted,B2863,Montgomery,Wisconsin Ave,MD,355.0,1.54,Md355-.10 Mi S Of Md410,Washington Dc/l To Md 410,North,6.0,F,39932.0,39573.0,42732.0,42343.0,7.24,52.16,50.0,50.0,24031704804,24031705400,24031,24031,92.85001535656559,903.4264315918905,2,-77.09323122342707,38.98247609355524,https://maps.roads.maryland.gov/itms_public/?stationid=B2863,0.0,1.7,Urban,3.0,Principal Arterial Other,1.0,39574.0,41954.0,817.0,B,True,False,montgomery_dc_route;montgomery_dc_spatial;pg_montgomery_spatial,True,39932.0,39573.0,42732.0,42343.0,39574.0,41954.0,6.0,1.0,355.0,7.24,52.16,806,Census Tract 7048.04,24031704804,24031705400,"Montgomery County, MD","Montgomery County, MD",92.85001535656559,AADT_2018,daily vehicle trips whose OD path crosses this tract-pair boundary; direct adjacent OD only is stricter and will undercount through traffic
sl_B2965_24031700718__24031700817,24031700718__24031700817,other_adjacent_tract_pair,high,accepted,B2965,Montgomery,Eisenhower Memorial Hwy,IS,270.0,8.69,Is270-.30 Mi N Of Shady Grove Rd,Shady Grove Rd To Is 370,North,12.0,F,223782.0,233320.0,232732.0,242650.0,6.7,58.01,48.8,51.2,24031700817,24031700718,24031,24031,17.77493185908203,1507.1760605859686,1,-77.19138098697826,39.11436536160913,https://maps.roads.maryland.gov/itms_public/?stationid=B2965,8.39,9.32,Urban,1.0,Interstate,1.0,234951.0,244351.0,8849.0,B,True,False,montgomery_dc_spatial,True,223782.0,233320.0,232732.0,242650.0,234951.0,244351.0,12.0,1.0,270.0,6.7,58.01,363,Census Tract 7008.17,24031700817,24031700718,"Montgomery County, MD","Montgomery County, MD",17.77493185908203,AADT_2018,daily vehicle trips whose OD path crosses this tract-pair boundary; direct adjacent OD only is stricter and will undercount through traffic
sl_S2012161069_24033801207__24033801208,24033801207__24033801208,other_adjacent_tract_pair,medium,accepted,S2012161069,Prince George's,Surratts Rd,CO,130.0,3.5,Surratts Rd - Between Md 5 & Fox Run Dr,Frank Tippett Rd To Md 5,West,3.0,F,15525.0,13770.0,16465.0,14600.0,7.08,64.04,41.65,58.35,24033801207,24033801208,24033,24033,87.48560597875897,2192.7698551661165,2,-76.87847398702903,38.75020312682266,https://maps.roads.maryland.gov/itms_public/?stationid=S2012161069,0.0,3.56,Urban,5.0,Major Collector,1.0,13941.0,15151.0,,S,True,False,pg_dc_spatial,True,15525.0,13770.0,16465.0,14600.0,13941.0,15151.0,3.0,1.0,130.0,7.08,64.04,1493,Census Tract 8012.07,24033801207,24033801208,"Prince George's County, MD","Prince George's County, MD",87.48560597875897,AADT_2018,daily vehicle trips whose OD path crosses this tract-pair boundary; direct adjacent OD only is stricter and will undercount through traffic
sl_B160071_24033800513__24033800514,24033800513__24033800514,other_adjacent_tract_pair,high,accepted,B160071,Prince George's,Church Rd,MD,950.0,1.89,Md950d (church Rd)-.10 Mi N Of Is595,Church Rd (back) To Church Rd (ahead),North,2.0,F,5882.0,5833.0,6242.0,6183.0,10.33,59.09,50.25,49.75,24033800514,24033800513,24033,24033,1.048861759068758,3224.913770191492,2,-76.77079609958469,38.94687488567289,https://maps.roads.maryland.gov/itms_public/?stationid=B160071,1.82,2.16,Urban,5.0,Major Collector,1.0,5834.0,6424.0,,B,True,False,pg_dc_spatial,True,5882.0,5833.0,6242.0,6183.0,5834.0,6424.0,2.0,1.0,950.0,10.33,59.09,852,Census Tract 8005.14,24033800514,24033800513,"Prince George's County, MD","Prince George's County, MD",1.048861759068758,AADT_2018,daily vehicle trips whose OD path crosses this tract-pair boundary; direct adjacent OD only is stricter and will undercount through traffic
sl_B150069_24031701506__24031701507,24031701506__24031701507,other_adjacent_tract_pair,high,accepted,B150069,Montgomery,Randolph Rd,CO,1659.0,6.59,Randolph Rd-.20 Mi W Of Md650,Md 97 To Md 650,East,6.0,F,40432.0,40860.0,43262.0,43720.0,9.08,60.41,50.21,49.79,24031701506,24031701507,24031,24031,12.185782521040279,2710.370439031418,3,-77.002643672872,39.075694528391146,https://maps.roads.maryland.gov/itms_public/?stationid=B150069,3.638,6.63,Urban,3.0,Principal Arterial Other,1.0,40861.0,43311.0,,B,True,False,montgomery_dc_spatial;pg_montgomery_spatial,True,40432.0,40860.0,43262.0,43720.0,40861.0,43311.0,6.0,1.0,1659.0,9.08,60.41,1411,Census Tract 7015.06,24031701506,24031701507,"Montgomery County, MD","Montgomery County, MD",12.185782521040279,AADT_2018,daily vehicle trips whose OD path crosses this tract-pair boundary; direct adjacent OD only is stricter and will undercount through traffic
sl_S2012161181_24033803512__24033803513,24033803512__24033803513,other_adjacent_tract_pair,high,accepted,S2012161181,Prince George's,Harry S Truman Dr,CO,3465.0,1.43,Harry S Truman Dr - .10 Mi South Of Campus Way South,White House Rd To Campus Way South,South,4.0,F,14815.0,16140.0,15855.0,17270.0,11.39,65.09,49.96,50.04,24033803513,24033803512,24033,24033,19.82978706434191,3593.9179849665124,1,-76.83467216970797,38.88585581055241,https://maps.roads.maryland.gov/itms_public/?stationid=S2012161181,0.0,1.569,Urban,4.0,Minor Arterial,1.0,16141.0,17111.0,,S,True,False,pg_dc_spatial,True,14815.0,16140.0,15855.0,17270.0,16141.0,17111.0,4.0,1.0,3465.0,11.39,65.09,471,Census Tract 8035.13,24033803513,24033803512,"Prince George's County, MD","Prince George's County, MD",19.82978706434191,AADT_2018,daily vehicle trips whose OD path crosses this tract-pair boundary; direct adjacent OD only is stricter and will undercount through traffic
sl_B3261_24031701704__24033805202,24031701704__24033805202,pg_montgomery,high,accepted,B3261,Prince George's,East West Hwy,MD,410.0,0.07,Md410-between Md650 & Red Top Rd,Md 650 To Md 212,East,5.0,C,23611.0,23402.0,25261.0,25042.0,7.38,55.06,47.93,52.07,24031701704,24033805202,24031,24033,0.07572333192670493,915.4282466694082,2,-76.99298330798588,38.9753630629467,https://maps.roads.maryland.gov/itms_public/?stationid=B3261,0.0,0.86,Urban,3.0,Principal Arterial Other,1.0,22580.0,23940.0,,B,True,False,pg_dc_route;pg_dc_spatial;pg_montgomery_spatial,True,23611.0,23402.0,25261.0,25042.0,22580.0,23940.0,5.0,1.0,410.0,7.38,55.06,604,Census Tract 7017.04,24031701704,24033805202,"Montgomery County, MD","Prince George's County, MD",0.07572333192670493,AADT_2018,daily vehicle trips whose OD path crosses this tract-pair boundary; direct adjacent OD only is stricter and will undercount through traffic
sl_B2866_24031704300__24031704401,24031704300__24031704401,other_adjacent_tract_pair,low_review,accepted,B2866,Montgomery,Rockville Pike,MD,355.0,4.19,Md355-.20 Mi N Of Is495,Is 495 To Md 547,North,6.0,F,56441.0,55190.0,60391.0,59050.0,7.59,61.65,48.74,51.26,24031704401,24031704300,24031,24031,170.14681064224888,1017.6746466345069,1,-77.10211388353406,39.0198333053344,https://maps.roads.maryland.gov/itms_public/?stationid=B2866,3.96,5.27,Urban,3.0,Principal Arterial Other,1.0,55191.0,58501.0,1488.0,B,True,False,montgomery_dc_route;montgomery_dc_spatial;pg_montgomery_spatial,True,56441.0,55190.0,60391.0,59050.0,55191.0,58501.0,6.0,1.0,355.0,7.59,61.65,559,Census Tract 7044.01,24031704401,24031704300,"Montgomery County, MD","Montgomery County, MD",170.14681064224888,AADT_2018,daily vehicle trips whose OD path crosses this tract-pair boundary; direct adjacent OD only is stricter and will undercount through traffic
sl_S2008160020_24033800707__24033801104,24033800707__24033801104,other_adjacent_tract_pair,high,accepted,S2008160020,Prince George's,Dower House Rd,CO,92.0,0.4,Dower House Rd - .40 Mile South Of Md 4,Dower House Rd (back) To Road End,North,2.0,F,10703.0,10614.0,11353.0,11254.0,8.32,54.59,57.79,42.21,24033800707,24033801104,24033,24033,0.7925958748532351,1704.2493692356281,1,-76.84968702638841,38.81566103417107,https://maps.roads.maryland.gov/itms_public/?stationid=S2008160020,0.0,2.54,Urban,5.0,Major Collector,1.0,10615.0,11685.0,,S,True,False,pg_dc_spatial,True,10703.0,10614.0,11353.0,11254.0,10615.0,11685.0,2.0,1.0,92.0,8.32,54.59,455,Census Tract 8007.07,24033800707,24033801104,"Prince George's County, MD","Prince George's County, MD",0.7925958748532351,AADT_2018,daily vehicle trips whose OD path crosses this tract-pair boundary; direct adjacent OD only is stricter and will undercount through traffic
sl_S2012150781_24031701201__24031703501,24031701201__24031703501,other_adjacent_tract_pair,low_review,accepted,S2012150781,Montgomery,Dewey Rd                                ,CO,1177.0,0.48,Dewey Rd - .10 Mile South Of Randolph Rd,Road End To Ivy Glen Rd,South,2.0,F,3595.0,3560.0,3815.0,3770.0,10.69,70.02,49.1,50.9,24031703501,24031701201,24031,24031,123.20736599204054,2799.6801034360296,1,-77.08947632752319,39.05210407216008,https://maps.roads.maryland.gov/itms_public/?stationid=S2012150781,0.0,1.21,Urban,5.0,Major Collector,1.0,3561.0,3921.0,,S,True,False,montgomery_dc_spatial;pg_montgomery_spatial,True,3595.0,3560.0,3815.0,3770.0,3561.0,3921.0,2.0,1.0,1177.0,10.69,70.02,1425,Census Tract 7035.01,24031703501,24031701201,"Montgomery County, MD","Montgomery County, MD",123.20736599204054,AADT_2018,daily vehicle trips whose OD path crosses this tract-pair boundary; direct adjacent OD only is stricter and will undercount through traffic
sl_S2012150819_24031701201__24031701219,24031701201__24031701219,other_adjacent_tract_pair,high,accepted,S2012150819,Montgomery,Parklawn Dr,CO,3234.0,0.92,Parklawn Dr - .10 Mi West Of Randolph Rd,Wicomico Ave To Parklawn Dr,East,2.0,F,14755.0,15000.0,15645.0,15900.0,8.19,61.05,52.32,47.68,24031701201,24031701219,24031,24031,0.4818426018914782,3583.0655314690844,1,-77.10684484301157,39.054558475712426,https://maps.roads.maryland.gov/itms_public/?stationid=S2012150819,0.0,1.08,Urban,5.0,Major Collector,1.0,15001.0,16501.0,,S,True,False,montgomery_dc_spatial;pg_montgomery_spatial,True,14755.0,15000.0,15645.0,15900.0,15001.0,16501.0,2.0,1.0,3234.0,8.19,61.05,552,Census Tract 7012.01,24031701201,24031701219,"Montgomery County, MD","Montgomery County, MD",0.4818426018914782,AADT_2018,daily vehicle trips whose OD path crosses this tract-pair boundary; direct adjacent OD only is stricter and will undercount through traffic
sl_B2915_24031701503__24031701506,24031701503__24031701506,other_adjacent_tract_pair,high,accepted,B2915,Montgomery,New Hampshire Ave,MD,650.0,5.36,Md650-.20 Mi N Of Us29,Us 29 To Randolph Rd,North,6.0,F,46582.0,44300.0,49842.0,47400.0,8.39,61.4,50.29,49.71,24031701503,24031701506,24031,24031,18.658782517752012,3826.385508463667,1,-76.9924587188094,39.04634153745269,https://maps.roads.maryland.gov/itms_public/?stationid=B2915,5.16,7.53,Urban,3.0,Principal Arterial Other,1.0,44301.0,46961.0,1532.0,B,True,False,montgomery_dc_route;pg_montgomery_route;montgomery_dc_spatial;pg_montgomery_spatial,True,46582.0,44300.0,49842.0,47400.0,44301.0,46961.0,6.0,1.0,650.0,8.39,61.4,591,Census Tract 7015.03,24031701503,24031701506,"Montgomery County, MD","Montgomery County, MD",18.658782517752012,AADT_2018,daily vehicle trips whose OD path crosses this tract-pair boundary; direct adjacent OD only is stricter and will undercount through traffic
sl_B150023_24031701216__24031701218,24031701216__24031701218,other_adjacent_tract_pair,high,accepted,B150023,Montgomery,Randolph Rd,CO,1659.0,0.1,Randolph Rd-.10 Mi E Of Md355,Montrose Pkwy To Md 586,East,5.0,F,24692.0,24380.0,26422.0,26090.0,7.16,53.54,53.1,46.9,24031701216,24031701218,24031,24031,5.60389471548801,1380.2696355635526,2,-77.11171444128351,39.053313824477165,https://maps.roads.maryland.gov/itms_public/?stationid=B150023,0.0,1.76,Urban,3.0,Principal Arterial Other,1.0,24381.0,25841.0,508.0,B,True,False,montgomery_dc_spatial;pg_montgomery_spatial,True,24692.0,24380.0,26422.0,26090.0,24381.0,25841.0,5.0,1.0,1659.0,7.16,53.54,1045,Census Tract 7012.16,24031701216,24031701218,"Montgomery County, MD","Montgomery County, MD",5.60389471548801,AADT_2018,daily vehicle trips whose OD path crosses this tract-pair boundary; direct adjacent OD only is stricter and will undercount through traffic
sl_S2012150797_24031703401__24031703403,24031703401__24031703403,other_adjacent_tract_pair,high,accepted,S2012150797,Montgomery,Weller Rd,CO,1564.0,1.28,Weller Rd - Between Md 185 & Feldon St,Md 185 To Littleton St,South,2.0,F,5385.0,5380.0,5715.0,5700.0,14.75,68.16,48.36,51.64,24031703401,24031703403,24031,24031,49.03061315331695,672.1428197581408,2,-77.07396872424818,39.06307032316855,https://maps.roads.maryland.gov/itms_public/?stationid=S2012150797,1.25,1.92,Urban,7.0,Local,1.0,5381.0,5921.0,,S,True,False,montgomery_dc_spatial;pg_montgomery_spatial,True,5385.0,5380.0,5715.0,5700.0,5381.0,5921.0,2.0,1.0,1564.0,14.75,68.16,200,Census Tract 7034.01,24031703401,24031703403,"Montgomery County, MD","Montgomery County, MD",49.03061315331695,AADT_2018,daily vehicle trips whose OD path crosses this tract-pair boundary; direct adjacent OD only is stricter and will undercount through traffic
sl_S2012161254_24033806200__24033806400,24033806200__24033806400,other_adjacent_tract_pair,low_review,accepted,S2012161254,Prince George's,42nd Ave,MU,9420.0,0.1,42nd Ave - .10 Mi South Of Md 410,East West Hwy To Decatur St,North,2.0,F,655.0,680.0,695.0,720.0,9.45,52.78,49.84,50.16,24033806200,24033806400,24033,24033,152.90217974709145,514.3062405405808,2,-76.94632581464857,38.96472263130915,https://maps.roads.maryland.gov/itms_public/?stationid=S2012161254,0.0,1.2,Urban,6.0,Minor Collector,1.0,681.0,751.0,,S,True,False,pg_dc_spatial;pg_montgomery_spatial,True,655.0,680.0,695.0,720.0,681.0,751.0,2.0,1.0,9420.0,9.45,52.78,1558,Census Tract 8062,24033806200,24033806400,"Prince George's County, MD","Prince George's County, MD",152.90217974709145,AADT_2018,daily vehicle trips whose OD path crosses this tract-pair boundary; direct adjacent OD only is stricter and will undercount through traffic
sl_B2893_11001001600__24031702602,11001001600__24031702602,montgomery_dc,high,accepted,B2893,Montgomery,East West Hwy,MD,410.0,3.18,Md410-.30 Mi W Of Md390,Md 186 To Us 29,East,4.0,C,27241.0,27002.0,29151.0,28892.0,7.92,57.74,48.79,51.21,24031702602,11001001600,24031,11001,35.279845454290985,1262.6411390236794,2,-77.04123610146995,38.996008165024506,https://maps.roads.maryland.gov/itms_public/?stationid=B2893,1.38,4.24,Urban,3.0,Principal Arterial Other,1.0,25680.0,27220.0,,B,True,False,montgomery_dc_route;montgomery_dc_spatial;pg_montgomery_spatial,True,27241.0,27002.0,29151.0,28892.0,25680.0,27220.0,4.0,1.0,410.0,7.92,57.74,341,Census Tract 7026.02,24031702602,11001001600,"Montgomery County, MD",District of Columbia,35.279845454290985,AADT_2018,daily vehicle trips whose OD path crosses this tract-pair boundary; direct adjacent OD only is stricter and will undercount through traffic
sl_B3287_24033802002__24033802406,24033802002__24033802406,other_adjacent_tract_pair,high,accepted,B3287,Prince George's,Silver Hill Rd,MD,458.0,2.08,Md458-.20 Mi W Of Md4,Md 218 To Md 4,East,6.0,F,37352.0,35610.0,39972.0,38100.0,7.84,59.27,52.15,47.85,24033802002,24033802406,24033,24033,16.955754354548024,2080.8546929034796,1,-76.91357696919464,38.85226829698342,https://maps.roads.maryland.gov/itms_public/?stationid=B3287,1.41,2.28,Urban,3.0,Principal Arterial Other,1.0,35611.0,37751.0,552.0,B,True,False,pg_dc_spatial,True,37352.0,35610.0,39972.0,38100.0,35611.0,37751.0,6.0,1.0,458.0,7.84,59.27,544,Census Tract 8020.02,24033802002,24033802406,"Prince George's County, MD","Prince George's County, MD",16.955754354548024,AADT_2018,daily vehicle trips whose OD path crosses this tract-pair boundary; direct adjacent OD only is stricter and will undercount through traffic
sl_B2849_24031701001__24031701002,24031701001__24031701002,other_adjacent_tract_pair,high,accepted,B2849,Montgomery,Eisenhower Memorial Hwy,IS,270.0,4.44,Is270-.30 Mi N Of Md927 (montrose Rd),Montrose Rd To Md 189,South,12.0,F,262622.0,253980.0,273132.0,264140.0,6.79,53.42,52.47,47.53,24031701002,24031701001,24031,24031,16.035306295793447,2225.3200946466823,1,-77.1553647873763,39.06018586023283,https://maps.roads.maryland.gov/itms_public/?stationid=B2849,4.14,5.5,Urban,1.0,Interstate,1.0,255761.0,265991.0,10188.0,B,True,False,montgomery_dc_spatial,True,262622.0,253980.0,273132.0,264140.0,255761.0,265991.0,12.0,1.0,270.0,6.79,53.42,210,Census Tract 7010.02,24031701002,24031701001,"Montgomery County, MD","Montgomery County, MD",16.035306295793447,AADT_2018,daily vehicle trips whose OD path crosses this tract-pair boundary; direct adjacent OD only is stricter and will undercount through traffic
sl_B2835_24031702101__24031702200,24031702101__24031702200,other_adjacent_tract_pair,high,accepted,B2835,Montgomery,University Blvd E,MD,193.0,5.07,Md193-.10 Mi W Of Franklin Ave,Is 495 To Franklin Ave,West,6.0,F,48632.0,49370.0,52042.0,52830.0,7.28,53.98,44.83,55.17,24031702200,24031702101,24031,24031,12.389583705148642,1973.55836293397,2,-77.00364683771946,39.013346440409165,https://maps.roads.maryland.gov/itms_public/?stationid=B2835,4.91,5.17,Urban,3.0,Principal Arterial Other,1.0,49371.0,52331.0,1809.0,B,True,False,montgomery_dc_route;pg_montgomery_route;montgomery_dc_spatial;pg_montgomery_spatial,True,48632.0,49370.0,52042.0,52830.0,49371.0,52331.0,6.0,1.0,193.0,7.28,53.98,1448,Census Tract 7022,24031702200,24031702101,"Montgomery County, MD","Montgomery County, MD",12.389583705148642,AADT_2018,daily vehicle trips whose OD path crosses this tract-pair boundary; direct adjacent OD only is stricter and will undercount through traffic
sl_B3157_24031701703__24033805601,24031701703__24033805601,pg_montgomery,high,accepted,B3157,Prince George's,University Blvd,MD,193.0,0.19,Md193-.10 Mi W Of Md650,Montgomery Co/l To Md 650,East,6.0,F,36440.0,36111.0,38990.0,38641.0,6.75,51.15,49.01,50.99,24031701703,24033805601,24031,24033,13.63171498076954,802.4808460727236,1,-76.98933015616942,38.99039696886612,https://maps.roads.maryland.gov/itms_public/?stationid=B3157,0.0,0.33,Urban,3.0,Principal Arterial Other,1.0,37632.0,38282.0,,B,True,False,pg_montgomery_route;pg_dc_spatial;pg_montgomery_spatial,True,36440.0,36111.0,38990.0,38641.0,37632.0,38282.0,6.0,1.0,193.0,6.75,51.15,603,Census Tract 7017.03,24031701703,24033805601,"Montgomery County, MD","Prince George's County, MD",13.63171498076954,AADT_2018,daily vehicle trips whose OD path crosses this tract-pair boundary; direct adjacent OD only is stricter and will undercount through traffic
sl_S2012150714_24031704502__24031705901,24031704502__24031705901,other_adjacent_tract_pair,medium,accepted,S2012150714,Montgomery,Burdette Rd,CO,169.0,0.16,Burdette Rd - .10 Mile North Of Md 191,Greentree Rd To Md 191,North,2.0,F,2445.0,2360.0,2595.0,2500.0,13.48,50.58,48.05,51.95,24031704502,24031705901,24031,24031,66.11403338536442,1701.3793075524916,1,-77.14002305352692,39.00593316364093,https://maps.roads.maryland.gov/itms_public/?stationid=S2012150714,0.0,0.2,Urban,5.0,Major Collector,1.0,2361.0,2601.0,,S,True,False,montgomery_dc_spatial,True,2445.0,2360.0,2595.0,2500.0,2361.0,2601.0,2.0,1.0,169.0,13.48,50.58,1422,Census Tract 7045.02,24031704502,24031705901,"Montgomery County, MD","Montgomery County, MD",66.11403338536442,AADT_2018,daily vehicle trips whose OD path crosses this tract-pair boundary; direct adjacent OD only is stricter and will undercount through traffic
sl_S2012150686_24031703201__24031703302,24031703201__24031703302,other_adjacent_tract_pair,high,accepted,S2012150686,Montgomery,Aspen Hill Rd,CO,142.0,1.82,Aspen Hill Rd - .10 Mile South Of Md 97,Md 185 To Md 97,North,3.0,F,16305.0,15350.0,17455.0,16430.0,8.02,58.59,51.83,48.17,24031703201,24031703302,24031,24031,6.598677095589276,1102.6889608832541,2,-77.07641992931619,39.08041949887524,https://maps.roads.maryland.gov/itms_public/?stationid=S2012150686,1.62,1.91,Urban,4.0,Minor Arterial,1.0,15991.0,16271.0,,S,True,False,montgomery_dc_spatial;pg_montgomery_spatial,True,16305.0,15350.0,17455.0,16430.0,15991.0,16271.0,3.0,1.0,142.0,8.02,58.59,1410,Census Tract 7032.01,24031703201,24031703302,"Montgomery County, MD","Montgomery County, MD",6.598677095589276,AADT_2018,daily vehicle trips whose OD path crosses this tract-pair boundary; direct adjacent OD only is stricter and will undercount through traffic
sl_P0043_24033802204__24033803512,24033802204__24033803512,other_adjacent_tract_pair,high,accepted,P0043,Prince George's,Capital Beltway,IS,95.0,13.76,Is 95 - 1.02 Miles South Of Md 214 (atr#43),Ritchie Marlboro Rd To Md 214,North,8.0,F,225351.0,223319.0,231755.0,229792.0,6.81,50.28,50.9,49.1,24033803512,24033802204,24033,24033,30.607665416073115,2630.1251765355673,1,-76.84362946813698,38.8778476887692,https://maps.roads.maryland.gov/itms_public/?stationid=P0043,13.14,14.78,Urban,1.0,Interstate,1.0,225365.0,231536.0,,P,True,False,pg_montgomery_route;pg_dc_spatial,True,225351.0,223319.0,231755.0,229792.0,225365.0,231536.0,8.0,1.0,95.0,6.81,50.28,470,Census Tract 8035.12,24033803512,24033802204,"Prince George's County, MD","Prince George's County, MD",30.607665416073115,AADT_2018,daily vehicle trips whose OD path crosses this tract-pair boundary; direct adjacent OD only is stricter and will undercount through traffic
sl_S2012161263_24033806501__24033807102,24033806501__24033807102,other_adjacent_tract_pair,medium,accepted,S2012161263,Prince George's,Taylor Rd,MU,280.0,0.77,Taylor Rd - Between Md 410 & Queensbury Rd,Lafayette Pl (edmonston) To Road End,North,2.0,F,3705.0,3570.0,3935.0,3780.0,9.24,52.19,54.63,45.37,24033806501,24033807102,24033,24033,54.12714590036766,1710.226152913867,1,-76.92930224324616,38.96204271103296,https://maps.roads.maryland.gov/itms_public/?stationid=S2012161263,0.0,1.11,Urban,6.0,Minor Collector,1.0,3571.0,3931.0,,S,True,False,pg_dc_spatial;pg_montgomery_spatial,True,3705.0,3570.0,3935.0,3780.0,3571.0,3931.0,2.0,1.0,280.0,9.24,52.19,1548,Census Tract 8065.01,24033806501,24033807102,"Prince George's County, MD","Prince George's County, MD",54.12714590036766,AADT_2018,daily vehicle trips whose OD path crosses this tract-pair boundary; direct adjacent OD only is stricter and will undercount through traffic
sl_B160090_24033807000__24033807200,24033807000__24033807200,other_adjacent_tract_pair,high,accepted,B160090,Prince George's,Baltimore Ave,US,1.0,4.35,Us1-between Campus Dr/paint Branch Pkwy & Lakeland Rd,Campus Dr To Md 430,South,4.0,F,37731.0,36370.0,40371.0,38920.0,7.93,50.54,44.36,55.64,24033807000,24033807200,24033,24033,17.910964801325896,2876.152000561604,1,-76.93478809568447,38.98899522463917,https://maps.roads.maryland.gov/itms_public/?stationid=B160090,4.32,5.03,Urban,3.0,Principal Arterial Other,1.0,36371.0,38551.0,972.0,B,True,False,pg_dc_route;pg_dc_spatial;pg_montgomery_spatial,True,37731.0,36370.0,40371.0,38920.0,36371.0,38551.0,4.0,1.0,1.0,7.93,50.54,1500,Census Tract 8070,24033807000,24033807200,"Prince George's County, MD","Prince George's County, MD",17.910964801325896,AADT_2018,daily vehicle trips whose OD path crosses this tract-pair boundary; direct adjacent OD only is stricter and will undercount through traffic
sl_B150093_24031706005__24031706007,24031706005__24031706007,other_adjacent_tract_pair,low_review,accepted,B150093,Montgomery,Falls Rd,MD,189.0,0.59,Md189-.10 Mi S Of Democracy Blvd,Md 190 To Democracy Blvd,South,3.0,F,18080.0,17921.0,19350.0,19181.0,8.96,56.29,47.0,53.0,24031706005,24031706007,24031,24031,136.14191082765717,3181.5696189324626,1,-77.20536713611445,39.02590203731966,https://maps.roads.maryland.gov/itms_public/?stationid=B150093,0.0,0.69,Urban,4.0,Minor Arterial,1.0,17922.0,19002.0,,B,True,False,montgomery_dc_spatial,True,18080.0,17921.0,19350.0,19181.0,17922.0,19002.0,3.0,1.0,189.0,8.96,56.29,1414,Census Tract 7060.05,24031706005,24031706007,"Montgomery County, MD","Montgomery County, MD",136.14191082765717,AADT_2018,daily vehicle trips whose OD path crosses this tract-pair boundary; direct adjacent OD only is stricter and will undercount through traffic
sl_S2012161029_24033800509__24033800517,24033800509__24033800517,other_adjacent_tract_pair,medium,accepted,S2012161029,Prince George's,Church Rd,CO,59.0,5.3,Church Rd - .10 Mi South Of Md 214,Md 214 To Oak Grove Rd,South,3.0,F,7505.0,10100.0,7965.0,10710.0,9.16,62.05,50.08,49.92,24033800509,24033800517,24033,24033,55.9991248216092,5062.8366465622985,1,-76.7581471682074,38.90148866179114,https://maps.roads.maryland.gov/itms_public/?stationid=S2012161029,5.27,7.14,Urban,5.0,Major Collector,1.0,10101.0,11111.0,,S,True,False,pg_dc_spatial,True,7505.0,10100.0,7965.0,10710.0,10101.0,11111.0,3.0,1.0,59.0,9.16,62.05,1498,Census Tract 8005.09,24033800509,24033800517,"Prince George's County, MD","Prince George's County, MD",55.9991248216092,AADT_2018,daily vehicle trips whose OD path crosses this tract-pair boundary; direct adjacent OD only is stricter and will undercount through traffic
sl_S1999160322_24033806714__24033807408,24033806714__24033807408,other_adjacent_tract_pair,high,accepted,S1999160322,Prince George's,Greenbelt Commuter Station Rd,OP,5032.0,1.1,Greenbelt Commuter Station Rd - 1.10 Miles South Of Is 95 Sb (to Is 95 Nb),Is 95 To Is 95,North,2.0,F,2463.0,2560.0,2613.0,2710.0,20.96,100.0,100.0,0.0,24033807408,24033806714,24033,24033,30.874568676076,742.5026296253527,1,-76.90413767969994,39.01220642585404,https://maps.roads.maryland.gov/itms_public/?stationid=S1999160322,0.0,1.41,Urban,7.0,Local,1.0,2561.0,2821.0,,S,True,False,pg_dc_spatial;pg_montgomery_spatial,True,2463.0,2560.0,2613.0,2710.0,2561.0,2821.0,2.0,1.0,5032.0,20.96,100.0,1566,Census Tract 8074.08,24033807408,24033806714,"Prince George's County, MD","Prince George's County, MD",30.874568676076,AADT_2018,daily vehicle trips whose OD path crosses this tract-pair boundary; direct adjacent OD only is stricter and will undercount through traffic
sl_B2889_24031705601__24031705702,24031705601__24031705702,other_adjacent_tract_pair,high,accepted,B2889,Montgomery,Massachusetts Ave,MD,396.0,2.11,Md396-.20 Mi W Of Wash Dc Line,Little Falls Pkwy To Westmoreland Cir,West,4.0,F,28573.0,28324.0,30573.0,30314.0,9.02,59.78,47.26,52.74,24031705601,24031705702,24031,24031,0.19218159911317356,1272.549261270951,3,-77.10187634471842,38.95088396688039,https://maps.roads.maryland.gov/itms_public/?stationid=B2889,1.542,2.23,Urban,4.0,Minor Arterial,1.0,28325.0,30035.0,873.0,B,True,False,montgomery_dc_spatial;pg_montgomery_spatial,True,28573.0,28324.0,30573.0,30314.0,28325.0,30035.0,4.0,1.0,396.0,9.02,59.78,1384,Census Tract 7056.01,24031705601,24031705702,"Montgomery County, MD","Montgomery County, MD",0.19218159911317356,AADT_2018,daily vehicle trips whose OD path crosses this tract-pair boundary; direct adjacent OD only is stricter and will undercount through traffic
sl_B2871_24031700713__24031700723,24031700713__24031700723,other_adjacent_tract_pair,high,accepted,B2871,Montgomery,Frederick Rd,MD,355.0,15.05,Md355-.50 Mi S Of Md124,Is 370 To Md 124,North,5.0,F,35232.0,33940.0,37702.0,36320.0,6.92,57.2,48.98,51.02,24031700713,24031700723,24031,24031,15.056451981271463,2089.44945228872,1,-77.20707544522229,39.14860535627126,https://maps.roads.maryland.gov/itms_public/?stationid=B2871,12.68,15.43,Urban,3.0,Principal Arterial Other,1.0,33941.0,35981.0,1392.0,B,True,False,montgomery_dc_route,True,35232.0,33940.0,37702.0,36320.0,33941.0,35981.0,5.0,1.0,355.0,6.92,57.2,333,Census Tract 7007.13,24031700713,24031700723,"Montgomery County, MD","Montgomery County, MD",15.056451981271463,AADT_2018,daily vehicle trips whose OD path crosses this tract-pair boundary; direct adjacent OD only is stricter and will undercount through traffic
sl_B2900_24031704401__24031704404,24031704401__24031704404,other_adjacent_tract_pair,high,accepted,B2900,Montgomery,Capital Beltway,IS,495.0,5.9,Is495-.30 Mi E Of Md187,Md 187 To Md 355,East,6.0,F,112412.0,110160.0,116912.0,114570.0,6.98,55.9,54.06,45.94,24031704401,24031704404,24031,24031,2.3440702611744006,1200.7272226163377,1,-77.11386043475058,39.01596385174222,https://maps.roads.maryland.gov/itms_public/?stationid=B2900,5.61,6.71,Urban,1.0,Interstate,1.0,110931.0,115371.0,6403.0,B,True,False,montgomery_dc_route;pg_montgomery_route;montgomery_dc_spatial;pg_montgomery_spatial,True,112412.0,110160.0,116912.0,114570.0,110931.0,115371.0,6.0,1.0,495.0,6.98,55.9,559,Census Tract 7044.01,24031704401,24031704404,"Montgomery County, MD","Montgomery County, MD",2.3440702611744006,AADT_2018,daily vehicle trips whose OD path crosses this tract-pair boundary; direct adjacent OD only is stricter and will undercount through traffic
sl_S2017150259_24031701206__24031706011,24031701206__24031706011,other_adjacent_tract_pair,medium,accepted,S2017150259,Montgomery,Postoak Rd,CO,3300.0,0.05,Postoak Rd - .05 Mile North Of Tuckerman La,Tuckerman La To Seven Locks Rd,North,2.0,F,2480.0,2461.0,2630.0,2611.0,17.63,62.77,52.44,47.56,24031701206,24031706011,24031,24031,79.21580175135456,3544.615118041238,1,-77.17950942261356,39.04539879439901,https://maps.roads.maryland.gov/itms_public/?stationid=S2017150259,0.0,1.22,Urban,6.0,Minor Collector,1.0,2462.0,2712.0,,S,True,False,montgomery_dc_spatial,True,2480.0,2461.0,2630.0,2611.0,2462.0,2712.0,2.0,1.0,3300.0,17.63,62.77,555,Census Tract 7012.06,24031701206,24031706011,"Montgomery County, MD","Montgomery County, MD",79.21580175135456,AADT_2018,daily vehicle trips whose OD path crosses this tract-pair boundary; direct adjacent OD only is stricter and will undercount through traffic
sl_B160072_24033800514__24033803516,24033800514__24033803516,other_adjacent_tract_pair,low_review,accepted,B160072,Prince George's,Glenn Dale Rd,MD,953.0,0.11,Md953-.10 Mi N Of Md193,Md 193 To Atwell Ave,South,2.0,C,4350.0,4220.0,4610.0,4470.0,9.15,59.49,49.22,50.78,24033803516,24033800514,24033,24033,169.63313710415213,1874.6899906291933,1,-76.80056786171173,38.948765787694455,https://maps.roads.maryland.gov/itms_public/?stationid=B160072,0.0,0.91,Urban,5.0,Major Collector,1.0,4180.0,4600.0,202.0,B,True,False,pg_dc_route;pg_dc_spatial;pg_montgomery_spatial,True,4350.0,4220.0,4610.0,4470.0,4180.0,4600.0,2.0,1.0,953.0,9.15,59.49,474,Census Tract 8035.16,24033803516,24033800514,"Prince George's County, MD","Prince George's County, MD",169.63313710415213,AADT_2018,daily vehicle trips whose OD path crosses this tract-pair boundary; direct adjacent OD only is stricter and will undercount through traffic
sl_B160047_24033807409__24033807410,24033807409__24033807410,other_adjacent_tract_pair,low_review,accepted,B160047,Prince George's,Cherry Hill Rd,CO,14.0,2.12,Cherry Hill Rd-.10 Mi E Of Md212,Us 1 To Md 212,East,3.0,F,21465.0,20340.0,22975.0,21760.0,8.61,52.81,49.25,50.75,24033807409,24033807410,24033,24033,128.70421772925172,1922.4911253469234,1,-76.9467912982726,39.03882321295665,https://maps.roads.maryland.gov/itms_public/?stationid=B160047,0.0,2.193,Urban,4.0,Minor Arterial,1.0,21191.0,21561.0,,B,True,False,pg_dc_spatial;pg_montgomery_spatial,True,21465.0,20340.0,22975.0,21760.0,21191.0,21561.0,3.0,1.0,14.0,8.61,52.81,1362,Census Tract 8074.09,24033807409,24033807410,"Prince George's County, MD","Prince George's County, MD",128.70421772925172,AADT_2018,daily vehicle trips whose OD path crosses this tract-pair boundary; direct adjacent OD only is stricter and will undercount through traffic
sl_B3348_24033806000__24033806100,24033806000__24033806100,other_adjacent_tract_pair,high,accepted,B3348,Prince George's,Queens Chapel Rd,MD,500.0,2.12,Md500-.10 Mi W Of Md410,Md 208 To Md 410,East,4.0,F,22582.0,21910.0,24162.0,23440.0,7.58,57.82,51.67,48.33,24033806100,24033806000,24033,24033,14.93995233068456,1642.9798234594593,2,-76.94945047410867,38.96539950142083,https://maps.roads.maryland.gov/itms_public/?stationid=B3348,1.16,2.22,Urban,4.0,Minor Arterial,1.0,21911.0,23231.0,732.0,B,True,False,pg_dc_route;pg_dc_spatial;pg_montgomery_spatial,True,22582.0,21910.0,24162.0,23440.0,21911.0,23231.0,4.0,1.0,500.0,7.58,57.82,1546,Census Tract 8061,24033806100,24033806000,"Prince George's County, MD","Prince George's County, MD",14.93995233068456,AADT_2018,daily vehicle trips whose OD path crosses this tract-pair boundary; direct adjacent OD only is stricter and will undercount through traffic
sl_B3263_24033805101__24033805802,24033805101__24033805802,other_adjacent_tract_pair,high,accepted,B3263,Prince George's,East West Hwy,MD,410.0,0.96,Md410-.10 Mi E Of Md212,Md 212 To 23rd Ave,East,5.0,C,49311.0,48872.0,52761.0,52292.0,7.03,55.43,49.9,50.1,24033805802,24033805101,24033,24033,0.7430184726836623,1261.2755359947223,3,-76.97852221596571,38.971001128643856,https://maps.roads.maryland.gov/itms_public/?stationid=B3263,0.86,1.3,Urban,3.0,Principal Arterial Other,1.0,47720.0,50580.0,,B,True,False,pg_dc_route;pg_dc_spatial;pg_montgomery_spatial,True,49311.0,48872.0,52761.0,52292.0,47720.0,50580.0,5.0,1.0,410.0,7.03,55.43,1541,Census Tract 8058.02,24033805802,24033805101,"Prince George's County, MD","Prince George's County, MD",0.7430184726836623,AADT_2018,daily vehicle trips whose OD path crosses this tract-pair boundary; direct adjacent OD only is stricter and will undercount through traffic
sl_B2958_24031704200__24031704300,24031704200__24031704300,other_adjacent_tract_pair,medium,accepted,B2958,Montgomery,Knowles Ave,MD,547.0,1.6,Md547-.20 Mi W Of Md185,Montrose Ave To Md 185,West,2.0,C,10221.0,10132.0,10941.0,10842.0,7.35,51.16,53.12,46.88,24031704300,24031704200,24031,24031,50.07041760993202,802.6182238912811,1,-77.08007048500147,39.028021531338304,https://maps.roads.maryland.gov/itms_public/?stationid=B2958,0.76,1.8,Urban,4.0,Minor Arterial,1.0,9800.0,10390.0,253.0,B,True,False,montgomery_dc_spatial;pg_montgomery_spatial,True,10221.0,10132.0,10941.0,10842.0,9800.0,10390.0,2.0,1.0,547.0,7.35,51.16,558,Census Tract 7043,24031704300,24031704200,"Montgomery County, MD","Montgomery County, MD",50.07041760993202,AADT_2018,daily vehicle trips whose OD path crosses this tract-pair boundary; direct adjacent OD only is stricter and will undercount through traffic
sl_S2012161255_24033803700__24033803803,24033803700__24033803803,other_adjacent_tract_pair,medium,accepted,S2012161255,Prince George's,72nd Ave,MU,9720.0,0.65,72nd Ave - Between Md 450 & Buchanan St,Parkwood St To Annapolis Rd,North,2.0,F,1095.0,1170.0,1165.0,1240.0,8.12,50.94,50.36,49.64,24033803700,24033803803,24033,24033,54.677546450847956,351.0711775700441,2,-76.891540109499,38.94665307221622,https://maps.roads.maryland.gov/itms_public/?stationid=S2012161255,0.0,0.68,Urban,5.0,Major Collector,1.0,1171.0,1291.0,,S,True,False,pg_dc_spatial;pg_montgomery_spatial,True,1095.0,1170.0,1165.0,1240.0,1171.0,1291.0,2.0,1.0,9720.0,8.12,50.94,184,Census Tract 8037,24033803700,24033803803,"Prince George's County, MD","Prince George's County, MD",54.677546450847956,AADT_2018,daily vehicle trips whose OD path crosses this tract-pair boundary; direct adjacent OD only is stricter and will undercount through traffic
sl_S2012161065_24033801305__24033801313,24033801305__24033801313,other_adjacent_tract_pair,high,accepted,S2012161065,Prince George's,Allentown Rd,CO,126.0,0.12,Allentown Rd - .10 Mi North Of Old Fort Rd,Old Fort Rd To Tucker Rd,North,2.0,F,7085.0,6570.0,7515.0,6960.0,6.59,51.43,51.49,48.51,24033801313,24033801305,24033,24033,0.9692324655188307,4530.373932879865,1,-76.97670564639142,38.75273247342747,https://maps.roads.maryland.gov/itms_public/?stationid=S2012161065,0.0,2.68,Urban,5.0,Major Collector,1.0,6571.0,7231.0,,S,True,False,pg_dc_spatial,True,7085.0,6570.0,7515.0,6960.0,6571.0,7231.0,2.0,1.0,126.0,6.59,51.43,678,Census Tract 8013.13,24033801313,24033801305,"Prince George's County, MD","Prince George's County, MD",0.9692324655188307,AADT_2018,daily vehicle trips whose OD path crosses this tract-pair boundary; direct adjacent OD only is stricter and will undercount through traffic
sl_B3199_24033806100__24033806200,24033806100__24033806200,other_adjacent_tract_pair,high,accepted,B3199,Prince George's,38th St,MD,208.0,1.35,Md208-.30 Mi N Of Allison St,Us 1 To Hamilton St,South,2.0,F,6943.0,6884.0,7363.0,7304.0,8.28,53.87,50.95,49.05,24033806200,24033806100,24033,24033,0.011286662734689052,2585.192804945396,1,-76.95507852536488,38.95244403154623,https://maps.roads.maryland.gov/itms_public/?stationid=B3199,0.4,1.41,Urban,5.0,Major Collector,1.0,6885.0,7575.0,219.0,B,True,False,pg_dc_spatial;pg_montgomery_spatial,True,6943.0,6884.0,7363.0,7304.0,6885.0,7575.0,2.0,1.0,208.0,8.28,53.87,1558,Census Tract 8062,24033806200,24033806100,"Prince George's County, MD","Prince George's County, MD",0.011286662734689052,AADT_2018,daily vehicle trips whose OD path crosses this tract-pair boundary; direct adjacent OD only is stricter and will undercount through traffic
sl_S2012150829_24031703201__24031703202,24031703201__24031703202,other_adjacent_tract_pair,medium,accepted,S2012150829,Montgomery,Bauer Dr,CO,3377.0,2.08,Bauer Dr - Between Arctic Ave & Brad Dr,Arctic Ave To Renn St,West,2.0,F,4995.0,4620.0,5305.0,4900.0,9.16,59.96,48.63,51.37,24031703201,24031703202,24031,24031,73.72266680619835,4143.898613218822,1,-77.09355215554547,39.0885073599212,https://maps.roads.maryland.gov/itms_public/?stationid=S2012150829,2.03,2.79,Urban,6.0,Minor Collector,1.0,4621.0,5081.0,,S,True,False,montgomery_dc_spatial;pg_montgomery_spatial,True,4995.0,4620.0,5305.0,4900.0,4621.0,5081.0,2.0,1.0,3377.0,9.16,59.96,1410,Census Tract 7032.01,24031703201,24031703202,"Montgomery County, MD","Montgomery County, MD",73.72266680619835,AADT_2018,daily vehicle trips whose OD path crosses this tract-pair boundary; direct adjacent OD only is stricter and will undercount through traffic
sl_S2012150712_24031704503__24031704600,24031704503__24031704600,other_adjacent_tract_pair,high,accepted,S2012150712,Montgomery,Greentree Rd,CO,167.0,0.05,Greentree Rd - Between Md 187 & Seneca La,Md 187 To Fernwood Rd,West,2.0,F,7585.0,7300.0,8045.0,7740.0,10.73,69.59,49.79,50.21,24031704503,24031704600,24031,24031,1.2246568195151284,1723.6701659391742,2,-77.11063225523377,39.00018227330002,https://maps.roads.maryland.gov/itms_public/?stationid=S2012150712,0.0,1.41,Urban,5.0,Major Collector,1.0,7301.0,8031.0,,S,True,False,montgomery_dc_spatial;pg_montgomery_spatial,True,7585.0,7300.0,8045.0,7740.0,7301.0,8031.0,2.0,1.0,167.0,10.73,69.59,561,Census Tract 7045.03,24031704503,24031704600,"Montgomery County, MD","Montgomery County, MD",1.2246568195151284,AADT_2018,daily vehicle trips whose OD path crosses this tract-pair boundary; direct adjacent OD only is stricter and will undercount through traffic
sl_B3247_11001009903__24033802700,11001009903__24033802700,pg_dc,low_review,accepted,B3247,Prince George's,Central Ave,MD,332.0,0.12,Md332-between Bayou Ave & Chamber Ave,Washington Dc/l To Larchmont Ave,East,2.0,F,9113.0,9034.0,9753.0,9674.0,8.25,64.59,51.41,48.59,24033802700,11001009903,24033,11001,172.77129748047588,642.0743541417688,2,-76.91644721049491,38.88516187099268,https://maps.roads.maryland.gov/itms_public/?stationid=B3247,0.0,0.16,Urban,4.0,Minor Arterial,1.0,9415.0,9585.0,,B,True,False,pg_dc_spatial,True,9113.0,9034.0,9753.0,9674.0,9415.0,9585.0,2.0,1.0,332.0,8.25,64.59,594,Census Tract 8027,24033802700,11001009903,"Prince George's County, MD",District of Columbia,172.77129748047588,AADT_2018,daily vehicle trips whose OD path crosses this tract-pair boundary; direct adjacent OD only is stricter and will undercount through traffic
sl_B160100_24033802405__24033802406,24033802405__24033802406,other_adjacent_tract_pair,medium,accepted,B160100,Prince George's,Medora Dr,CO,1946.0,0.05,Medora Dr-between Davis Ave & Medora Dr,Davis Ave To Medora Dr,South,2.0,F,340.0,341.0,360.0,361.0,10.03,56.76,49.32,50.68,24033802406,24033802405,24033,24033,74.5615237027013,1724.4392262665115,1,-76.92339118135294,38.857410272365534,https://maps.roads.maryland.gov/itms_public/?stationid=B160100,0.0,0.11,Urban,5.0,Major Collector,1.0,342.0,382.0,7.0,B,True,False,pg_dc_spatial,True,340.0,341.0,360.0,361.0,342.0,382.0,2.0,1.0,1946.0,10.03,56.76,1512,Census Tract 8024.06,24033802406,24033802405,"Prince George's County, MD","Prince George's County, MD",74.5615237027013,AADT_2018,daily vehicle trips whose OD path crosses this tract-pair boundary; direct adjacent OD only is stricter and will undercount through traffic
sl_B3187_24033800606__24033800607,24033800606__24033800607,other_adjacent_tract_pair,low_review,accepted,B3187,Prince George's,Largo Rd,MD,202.0,0.2,Md202-.20 Mi N Of Md725,Md 725 To Town Farm Rd,South,3.0,C,18161.0,18002.0,19431.0,19262.0,9.09,58.14,49.73,50.27,24033800607,24033800606,24033,24033,109.0890516847032,3900.550735382688,2,-76.74736421015173,38.82269177727989,https://maps.roads.maryland.gov/itms_public/?stationid=B3187,0.0,2.93,Urban,3.0,Principal Arterial Other,1.0,17720.0,18780.0,483.0,B,True,False,pg_dc_route,True,18161.0,18002.0,19431.0,19262.0,17720.0,18780.0,3.0,1.0,202.0,9.09,58.14,451,Census Tract 8006.07,24033800607,24033800606,"Prince George's County, MD","Prince George's County, MD",109.0890516847032,AADT_2018,daily vehicle trips whose OD path crosses this tract-pair boundary; direct adjacent OD only is stricter and will undercount through traffic
sl_S2012161068_24033801212__24033801904,24033801212__24033801904,other_adjacent_tract_pair,high,accepted,S2012161068,Prince George's,Allentown Rd,CO,126.0,5.98,Allentown Rd - Between Md 5 Ramps & Old Branch Ave,Old Branch Ave To Md 5,South,5.0,F,33055.0,35870.0,35375.0,38380.0,6.79,54.81,56.13,43.87,24033801212,24033801904,24033,24033,2.7893823599199923,923.8183357922002,1,-76.90674847676637,38.803984647439954,https://maps.roads.maryland.gov/itms_public/?stationid=S2012161068,5.96,6.06,Urban,4.0,Minor Arterial,1.0,35871.0,38021.0,,S,True,False,pg_dc_spatial,True,33055.0,35870.0,35375.0,38380.0,35871.0,38021.0,5.0,1.0,126.0,6.79,54.81,736,Census Tract 8012.12,24033801212,24033801904,"Prince George's County, MD","Prince George's County, MD",2.7893823599199923,AADT_2018,daily vehicle trips whose OD path crosses this tract-pair boundary; direct adjacent OD only is stricter and will undercount through traffic
sl_S2012160524_24033803512__24033803513,24033803512__24033803513,other_adjacent_tract_pair,high,accepted,S2012160524,Prince George's,Harry S Truman Dr,CO,3465.0,1.85,Harry S Truman Dr - Between Prince Pl & Capital La,Campus Way South To Md 202c (ahead),South,4.0,F,18442.0,18120.0,19732.0,19390.0,9.59,67.99,50.04,49.96,24033803513,24033803512,24033,24033,21.152430103869396,3593.9179849665124,1,-76.83763896822319,38.89154761423345,https://maps.roads.maryland.gov/itms_public/?stationid=S2012160524,1.569,1.89,Urban,4.0,Minor Arterial,1.0,18121.0,19211.0,,S,True,False,pg_dc_spatial,True,18442.0,18120.0,19732.0,19390.0,18121.0,19211.0,4.0,1.0,3465.0,9.59,67.99,471,Census Tract 8035.13,24033803513,24033803512,"Prince George's County, MD","Prince George's County, MD",21.152430103869396,AADT_2018,daily vehicle trips whose OD path crosses this tract-pair boundary; direct adjacent OD only is stricter and will undercount through traffic
sl_B3128_24033801104__24033801211,24033801104__24033801211,other_adjacent_tract_pair,high,accepted,B3128,Prince George's,Branch Ave,MD,5.0,10.18,Md5-.50 Mi S Of Md337,Coventry Way To Md 337,South,6.0,C,133711.0,132512.0,143071.0,141792.0,6.78,63.42,50.92,49.08,24033801104,24033801211,24033,24033,0.9755442223985951,2107.6393996960887,2,-76.90106487548962,38.79813315647474,https://maps.roads.maryland.gov/itms_public/?stationid=B3128,9.02,10.68,Urban,2.0,Principal Arterial Other Freeways and Expressways,1.0,136810.0,145020.0,,B,True,False,pg_dc_route;pg_dc_spatial,True,133711.0,132512.0,143071.0,141792.0,136810.0,145020.0,6.0,1.0,5.0,6.78,63.42,1555,Census Tract 8011.04,24033801104,24033801211,"Prince George's County, MD","Prince George's County, MD",0.9755442223985951,AADT_2018,daily vehicle trips whose OD path crosses this tract-pair boundary; direct adjacent OD only is stricter and will undercount through traffic
sl_S2012161003_24033800203__24033807407,24033800203__24033807407,other_adjacent_tract_pair,high,accepted,S2012161003,Prince George's,Old Gunpowder Rd,CO,2.0,1.69,Old Gunpowder Rd - .10 Mi South Of Van Dusen Rd,Van Dusen Rd To Green Castle Rd,South,2.0,F,11635.0,10960.0,12455.0,11730.0,9.02,53.73,50.72,49.28,24033800203,24033807407,24033,24033,0.3527928080245612,3399.5233367299647,1,-76.91985669249391,39.07918895400565,https://maps.roads.maryland.gov/itms_public/?stationid=S2012161003,1.58,1.95,Urban,4.0,Minor Arterial,1.0,10961.0,11621.0,,S,True,False,pg_dc_spatial;pg_montgomery_spatial,True,11635.0,10960.0,12455.0,11730.0,10961.0,11621.0,2.0,1.0,2.0,9.02,53.73,1537,Census Tract 8002.03,24033800203,24033807407,"Prince George's County, MD","Prince George's County, MD",0.3527928080245612,AADT_2018,daily vehicle trips whose OD path crosses this tract-pair boundary; direct adjacent OD only is stricter and will undercount through traffic
sl_S2004160039_24033800208__24033800214,24033800208__24033800214,other_adjacent_tract_pair,high,accepted,S2004160039,Prince George's,Montpelier Dr                           ,CO,70.0,0.2,Montpelier Dr-.10 Mile South Of Md 197,Brock Bridge Rd To Montpelier Dr (ahead),North,2.0,F,5715.0,5650.0,6065.0,5990.0,8.93,51.33,50.83,49.17,24033800208,24033800214,24033,24033,7.148004220598156,1175.3824334431592,2,-76.84420409077983,39.06903586478912,https://maps.roads.maryland.gov/itms_public/?stationid=S2004160039,0.0,1.36,Urban,7.0,Local,1.0,5651.0,6221.0,,S,True,False,pg_dc_spatial;pg_montgomery_spatial,True,5715.0,5650.0,6065.0,5990.0,5651.0,6221.0,2.0,1.0,70.0,8.93,51.33,1490,Census Tract 8002.08,24033800208,24033800214,"Prince George's County, MD","Prince George's County, MD",7.148004220598156,AADT_2018,daily vehicle trips whose OD path crosses this tract-pair boundary; direct adjacent OD only is stricter and will undercount through traffic
sl_S2012161179_24033800105__24033800109,24033800105__24033800109,other_adjacent_tract_pair,low_review,accepted,S2012161179,Prince George's,Old Sandy Spring Rd,MU,370.0,0.55,Old Sandy Spring Rd - Between Van Dusen Rd & Mews Ct,Montgomery St To Van Dusen Rd,South,3.0,F,8045.0,7720.0,8535.0,8180.0,9.65,54.49,49.9,50.1,24033800105,24033800109,24033,24033,163.56690576787244,837.973042171367,2,-76.8698228479236,39.10431569198446,https://maps.roads.maryland.gov/itms_public/?stationid=S2012161179,0.0,0.6,Urban,5.0,Major Collector,1.0,7721.0,8491.0,,S,True,False,pg_montgomery_spatial,True,8045.0,7720.0,8535.0,8180.0,7721.0,8491.0,3.0,1.0,370.0,9.65,54.49,1521,Census Tract 8001.05,24033800105,24033800109,"Prince George's County, MD","Prince George's County, MD",163.56690576787244,AADT_2018,daily vehicle trips whose OD path crosses this tract-pair boundary; direct adjacent OD only is stricter and will undercount through traffic
sl_B3222_24033800509__24033800517,24033800509__24033800517,other_adjacent_tract_pair,high,accepted,B3222,Prince George's,Central Ave,MD,214.0,6.87,Md214-.10 Mi E Of Md193,Md 193 To Church Rd,East,5.0,F,36770.0,36441.0,39340.0,38991.0,8.23,65.26,51.76,48.24,24033800509,24033800517,24033,24033,21.065567863454994,5062.8366465622985,2,-76.7905554201163,38.90063544784297,https://maps.roads.maryland.gov/itms_public/?stationid=B3222,6.77,8.64,Urban,3.0,Principal Arterial Other,1.0,36442.0,38632.0,1665.0,B,True,False,pg_dc_route;pg_dc_spatial,True,36770.0,36441.0,39340.0,38991.0,36442.0,38632.0,5.0,1.0,214.0,8.23,65.26,1498,Census Tract 8005.09,24033800509,24033800517,"Prince George's County, MD","Prince George's County, MD",21.065567863454994,AADT_2018,daily vehicle trips whose OD path crosses this tract-pair boundary; direct adjacent OD only is stricter and will undercount through traffic
sl_S2012160373_24033807407__24033807408,24033807407__24033807408,other_adjacent_tract_pair,medium,accepted,S2012160373,Prince George's,No Name,IS,95.0,31.48,Is95-.10 Mi S Of Van Dusen Rd Struc #16195,Md 200 To Md 198,South,10.0,F,205095.0,199030.0,213305.0,206990.0,6.26,52.05,49.48,50.52,24033807408,24033807407,24033,24033,56.235008746718016,4988.752721116882,3,-76.89788173570454,39.08346577219401,https://maps.roads.maryland.gov/itms_public/?stationid=S2012160373,30.67,32.715,Urban,1.0,Interstate,1.0,200421.0,208441.0,17987.0,S,True,False,pg_montgomery_route;pg_montgomery_spatial,True,205095.0,199030.0,213305.0,206990.0,200421.0,208441.0,10.0,1.0,95.0,6.26,52.05,1566,Census Tract 8074.08,24033807408,24033807407,"Prince George's County, MD","Prince George's County, MD",56.235008746718016,AADT_2018,daily vehicle trips whose OD path crosses this tract-pair boundary; direct adjacent OD only is stricter and will undercount through traffic
sl_S2012161075_24033800705__24033801004,24033800705__24033801004,other_adjacent_tract_pair,high,accepted,S2012161075,Prince George's,Old Indian Head Rd,CO,135.0,1.64,Old Indian Head Rd - .10 Mi West Of Us 301,Crain Hwy To Crain Hwy,West,2.0,F,4275.0,4350.0,4535.0,4610.0,8.25,55.97,53.17,46.83,24033800705,24033801004,24033,24033,1.1155480255959154,1341.4316727812911,3,-76.80988754142466,38.75591061486356,https://maps.roads.maryland.gov/itms_public/?stationid=S2012161075,0.0,1.71,Urban,7.0,Local,1.0,4351.0,4791.0,,S,True,False,pg_dc_spatial,True,4275.0,4350.0,4535.0,4610.0,4351.0,4791.0,2.0,1.0,135.0,8.25,55.97,456,Census Tract 8007.05,24033800705,24033801004,"Prince George's County, MD","Prince George's County, MD",1.1155480255959154,AADT_2018,daily vehicle trips whose OD path crosses this tract-pair boundary; direct adjacent OD only is stricter and will undercount through traffic
sl_B160083_24033800103__24033800109,24033800103__24033800109,other_adjacent_tract_pair,medium,accepted,B160083,Prince George's,Gorman Ave (eb Couplet),MD,198.0,3.36,Md198-.10 Mi W Of Us1 (one Way Couplet Eb - Wb See B160088),Md 216 To Second St (us 1 Nb),East,3.0,F,18500.0,18331.0,19800.0,19611.0,8.9,100.0,100.0,0.0,24033800109,24033800103,24033,24033,0.49509595649235616,506.083719988716,4,-76.85133092449374,39.09915816050883,https://maps.roads.maryland.gov/itms_public/?stationid=B160083,3.05,3.53,Urban,3.0,Principal Arterial Other,1.0,18332.0,19432.0,,B,True,False,pg_montgomery_route;pg_montgomery_spatial,True,18500.0,18331.0,19800.0,19611.0,18332.0,19432.0,3.0,1.0,198.0,8.9,100.0,868,Census Tract 8001.09,24033800109,24033800103,"Prince George's County, MD","Prince George's County, MD",0.49509595649235616,AADT_2018,daily vehicle trips whose OD path crosses this tract-pair boundary; direct adjacent OD only is stricter and will undercount through traffic
sl_B3212_24033805500__24033805802,24033805500__24033805802,other_adjacent_tract_pair,high,accepted,B3212,Prince George's,Riggs Rd,MD,212.0,1.36,Md212-.10 Mi N Of Md410,Md 410 To Md 193,North,4.0,F,40080.0,39721.0,42890.0,42501.0,7.04,58.37,50.85,49.15,24033805802,24033805500,24033,24033,16.114503312706027,1527.4313860842833,3,-76.97928270902399,38.973549262592286,https://maps.roads.maryland.gov/itms_public/?stationid=B3212,1.26,2.09,Urban,4.0,Minor Arterial,1.0,39722.0,42112.0,810.0,B,True,False,pg_dc_route;pg_montgomery_route;pg_dc_spatial;pg_montgomery_spatial,True,40080.0,39721.0,42890.0,42501.0,39722.0,42112.0,4.0,1.0,212.0,7.04,58.37,1541,Census Tract 8058.02,24033805802,24033805500,"Prince George's County, MD","Prince George's County, MD",16.114503312706027,AADT_2018,daily vehicle trips whose OD path crosses this tract-pair boundary; direct adjacent OD only is stricter and will undercount through traffic
sl_S1999160246_24033803514__24033803519,24033803514__24033803519,other_adjacent_tract_pair,high,accepted,S1999160246,Prince George's,Capital Beltway,IS,95.0,15.3,Is 95-.50 Mile North Of Md 214,Md 214 To Arena Dr,North,9.0,F,236551.0,235132.0,246011.0,244542.0,6.05,51.77,49.6,50.4,24033803514,24033803519,24033,24033,32.84737888094965,1694.9487811804354,1,-76.84985511285618,38.89976157822614,https://maps.roads.maryland.gov/itms_public/?stationid=S1999160246,14.78,15.83,Urban,1.0,Interstate,1.0,236783.0,246253.0,,S,True,False,pg_montgomery_route;pg_dc_spatial,True,236551.0,235132.0,246011.0,244542.0,236783.0,246253.0,9.0,1.0,95.0,6.05,51.77,472,Census Tract 8035.14,24033803514,24033803519,"Prince George's County, MD","Prince George's County, MD",32.84737888094965,AADT_2018,daily vehicle trips whose OD path crosses this tract-pair boundary; direct adjacent OD only is stricter and will undercount through traffic
sl_B2819_24031705902__24031705903,24031705902__24031705903,other_adjacent_tract_pair,high,accepted,B2819,Montgomery,River Rd,MD,190.0,13.7,Md190-.20 Mi W Of Md614,Md 188 To Md 614,East,4.0,C,43971.0,43582.0,47051.0,46632.0,8.48,53.02,49.28,50.72,24031705903,24031705902,24031,24031,2.3546577783809877,1800.8390820776237,3,-77.12386955257946,38.97426234366885,https://maps.roads.maryland.gov/itms_public/?stationid=B2819,12.71,13.83,Urban,3.0,Principal Arterial Other,1.0,42750.0,45320.0,,B,True,False,montgomery_dc_route;montgomery_dc_spatial,True,43971.0,43582.0,47051.0,46632.0,42750.0,45320.0,4.0,1.0,190.0,8.48,53.02,596,Census Tract 7059.03,24031705903,24031705902,"Montgomery County, MD","Montgomery County, MD",2.3546577783809877,AADT_2018,daily vehicle trips whose OD path crosses this tract-pair boundary; direct adjacent OD only is stricter and will undercount through traffic
sl_S2012150759_24031702500__24031702800,24031702500__24031702800,other_adjacent_tract_pair,low_review,accepted,S2012150759,Montgomery,Cameron St,CO,600.0,0.2,Cameron St - Between Md 97 & Fenton St,Second Ave To Cul De Sac,North,3.0,F,8615.0,8180.0,9135.0,8670.0,7.99,58.9,49.36,50.64,24031702500,24031702800,24031,24031,126.35402646174263,599.670508977601,2,-77.0291706555141,38.99797789969105,https://maps.roads.maryland.gov/itms_public/?stationid=S2012150759,0.0,0.38,Urban,6.0,Minor Collector,1.0,8181.0,9001.0,,S,True,False,montgomery_dc_spatial;pg_montgomery_spatial,True,8615.0,8180.0,9135.0,8670.0,8181.0,9001.0,3.0,1.0,600.0,7.99,58.9,339,Census Tract 7025,24031702500,24031702800,"Montgomery County, MD","Montgomery County, MD",126.35402646174263,AADT_2018,daily vehicle trips whose OD path crosses this tract-pair boundary; direct adjacent OD only is stricter and will undercount through traffic
sl_S2012161070_24033801208__24033801217,24033801208__24033801217,other_adjacent_tract_pair,high,accepted,S2012161070,Prince George's,Surratts Rd,CO,130.0,3.63,Surratts Rd - .10 Mi West Of Md 5,Md 5 To Brandywine Rd,West,3.0,F,9345.0,9660.0,9915.0,10240.0,7.24,61.24,45.23,54.77,24033801208,24033801217,24033,24033,0.25247001448455675,1569.1294700766518,2,-76.88081105395366,38.75071652342712,https://maps.roads.maryland.gov/itms_public/?stationid=S2012161070,3.56,4.52,Urban,5.0,Major Collector,1.0,9781.0,10631.0,,S,True,False,pg_dc_spatial,True,9345.0,9660.0,9915.0,10240.0,9781.0,10631.0,3.0,1.0,130.0,7.24,61.24,847,Census Tract 8012.08,24033801208,24033801217,"Prince George's County, MD","Prince George's County, MD",0.25247001448455675,AADT_2018,daily vehicle trips whose OD path crosses this tract-pair boundary; direct adjacent OD only is stricter and will undercount through traffic
sl_S2009160055_24033800212__24033807408,24033800212__24033807408,other_adjacent_tract_pair,high,accepted,S2009160055,Prince George's,Konterra Dr,MD,206.0,1.795,Md 206 - .10 Mile North Of Van Dusen Rd,Van Dusen Rd To Is 95,North,4.0,F,15302.0,16190.0,16222.0,17160.0,9.46,53.79,49.63,50.37,24033800212,24033807408,24033,24033,12.461821235238746,3444.276051456328,1,-76.89142080604275,39.08300060259297,https://maps.roads.maryland.gov/itms_public/?stationid=S2009160055,1.695,2.13,Urban,5.0,Major Collector,1.0,16191.0,17811.0,,S,True,False,pg_montgomery_spatial,True,15302.0,16190.0,16222.0,17160.0,16191.0,17811.0,4.0,1.0,206.0,9.46,53.79,848,Census Tract 8002.12,24033800212,24033807408,"Prince George's County, MD","Prince George's County, MD",12.461821235238746,AADT_2018,daily vehicle trips whose OD path crosses this tract-pair boundary; direct adjacent OD only is stricter and will undercount through traffic
sl_B2909_24031703800__24031703902,24031703800__24031703902,other_adjacent_tract_pair,low_review,accepted,B2909,Montgomery,Veirs Mill Rd,MD,586.0,5.68,Md586-.10 Mi W Of Md97,Grandview Ave To Md 97,West,5.0,F,26092.0,18710.0,27922.0,20020.0,7.54,53.92,48.67,51.33,24031703800,24031703902,24031,24031,126.52335098140033,1385.4826832069082,1,-77.05104981416497,39.03682202836482,https://maps.roads.maryland.gov/itms_public/?stationid=B2909,5.55,5.78,Urban,3.0,Principal Arterial Other,1.0,18711.0,19831.0,513.0,B,True,False,montgomery_dc_spatial;pg_montgomery_spatial,True,26092.0,18710.0,27922.0,20020.0,18711.0,19831.0,5.0,1.0,586.0,7.54,53.92,1191,Census Tract 7038,24031703800,24031703902,"Montgomery County, MD","Montgomery County, MD",126.52335098140033,AADT_2018,daily vehicle trips whose OD path crosses this tract-pair boundary; direct adjacent OD only is stricter and will undercount through traffic
sl_S2012150941_24031701004__24031701211,24031701004__24031701211,other_adjacent_tract_pair,low_review,accepted,S2012150941,Montgomery,College Pkwy,MU,740.0,0.81,College Pkwy - .10 Mi South Of Md 355,Nelson St To Hungerford Dr,North,3.0,F,7095.0,6940.0,7525.0,7360.0,9.98,53.59,54.04,45.96,24031701004,24031701211,24031,24031,150.52757324846417,2932.7314450410836,1,-77.15746898941973,39.10267394250908,https://maps.roads.maryland.gov/itms_public/?stationid=S2012150941,0.0,0.91,Urban,5.0,Major Collector,1.0,6941.0,7641.0,,S,True,False,montgomery_dc_spatial,True,7095.0,6940.0,7525.0,7360.0,6941.0,7641.0,3.0,1.0,740.0,9.98,53.59,211,Census Tract 7010.04,24031701004,24031701211,"Montgomery County, MD","Montgomery County, MD",150.52757324846417,AADT_2018,daily vehicle trips whose OD path crosses this tract-pair boundary; direct adjacent OD only is stricter and will undercount through traffic
sl_B150045_24031700904__24031701218,24031700904__24031701218,other_adjacent_tract_pair,high,accepted,B150045,Montgomery,Twinbrook Pkwy,MU,2970.0,2.105,Twinbrook Pkwy-between Md355 & Chapman Ave,Twinbrook Pkwy (back) To Md 355,North,3.0,F,16050.0,15911.0,17170.0,17031.0,8.43,56.01,51.89,48.11,24031700904,24031701218,24031,24031,4.794141968738873,816.5962448948455,2,-77.11965703690356,39.05879437259443,https://maps.roads.maryland.gov/itms_public/?stationid=B150045,1.95,2.2,Urban,4.0,Minor Arterial,1.0,15912.0,16872.0,491.0,B,True,False,montgomery_dc_spatial;pg_montgomery_spatial,True,16050.0,15911.0,17170.0,17031.0,15912.0,16872.0,3.0,1.0,2970.0,8.43,56.01,208,Census Tract 7009.04,24031700904,24031701218,"Montgomery County, MD","Montgomery County, MD",4.794141968738873,AADT_2018,daily vehicle trips whose OD path crosses this tract-pair boundary; direct adjacent OD only is stricter and will undercount through traffic
sl_S2012161252_24033806710__24033806712,24033806710__24033806712,other_adjacent_tract_pair,low_review,accepted,S2012161252,Prince George's,Hanover Pkwy,MU,205.0,0.67,Hanover Pkwy - .10 Mi South Of Md 193,Mandan Rd To Good Luck Rd,North,3.0,F,23195.0,24120.0,24595.0,25570.0,7.35,52.42,48.09,51.91,24033806710,24033806712,24033,24033,161.57970421746901,1857.5462473414239,1,-76.87513605763904,38.99281527697308,https://maps.roads.maryland.gov/itms_public/?stationid=S2012161252,0.0,1.93,Urban,5.0,Major Collector,1.0,24121.0,26531.0,,S,True,False,pg_dc_spatial;pg_montgomery_spatial,True,23195.0,24120.0,24595.0,25570.0,24121.0,26531.0,3.0,1.0,205.0,7.35,52.42,309,Census Tract 8067.10,24033806710,24033806712,"Prince George's County, MD","Prince George's County, MD",161.57970421746901,AADT_2018,daily vehicle trips whose OD path crosses this tract-pair boundary; direct adjacent OD only is stricter and will undercount through traffic
sl_B160081_24033800518__24033803520,24033800518__24033803520,other_adjacent_tract_pair,high,accepted,B160081,Prince George's,Enterprise Rd,MD,193.0,15.49,Md193-.20 Mi W Of Lottsford Rd,Md 450 To Lottsford Rd,West,3.0,F,16855.0,20780.0,18045.0,22240.0,10.23,55.97,48.57,51.43,24033800518,24033803520,24033,24033,5.634406861601345,2823.9652534701754,1,-76.803717529371,38.92380627164066,https://maps.roads.maryland.gov/itms_public/?stationid=B160081,12.74,15.69,Urban,4.0,Minor Arterial,1.0,20781.0,22031.0,,B,True,False,pg_montgomery_route;pg_dc_spatial,True,16855.0,20780.0,18045.0,22240.0,20781.0,22031.0,3.0,1.0,193.0,10.23,55.97,449,Census Tract 8005.18,24033800518,24033803520,"Prince George's County, MD","Prince George's County, MD",5.634406861601345,AADT_2018,daily vehicle trips whose OD path crosses this tract-pair boundary; direct adjacent OD only is stricter and will undercount through traffic
sl_B160039_24033803100__24033803200,24033803100__24033803200,other_adjacent_tract_pair,high,accepted,B160039,Prince George's,Columbia Park Rd,CO,3668.0,1.81,Columbia Park Rd-.10 Mi E Of Us50,Md 704 To Md 459 (ahead),West,3.0,F,19980.0,19801.0,21180.0,20991.0,7.28,50.79,49.8,50.2,24033803200,24033803100,24033,24033,3.6990558402656553,551.058463216228,3,-76.91488249618692,38.91668563414465,https://maps.roads.maryland.gov/itms_public/?stationid=B160039,0.0,1.89,Urban,5.0,Major Collector,1.0,19802.0,21782.0,1948.0,B,True,False,pg_dc_spatial,True,19980.0,19801.0,21180.0,20991.0,19802.0,21782.0,3.0,1.0,3668.0,7.28,50.79,608,Census Tract 8032,24033803200,24033803100,"Prince George's County, MD","Prince George's County, MD",3.6990558402656553,AADT_2018,daily vehicle trips whose OD path crosses this tract-pair boundary; direct adjacent OD only is stricter and will undercount through traffic
sl_S2012161159_24033803513__24033803526,24033803513__24033803526,other_adjacent_tract_pair,low_review,accepted,S2012161159,Prince George's,Kettering Dr,CO,2578.0,0.08,Kettering Dr - .10 Mi East Of Md 202,Largo Rd To Central Ave,East,2.0,F,5405.0,5990.0,5735.0,6350.0,11.38,59.89,54.3,45.7,24033803526,24033803513,24033,24033,148.9429895394775,1260.0500204149985,1,-76.81326873008548,38.885084390135205,https://maps.roads.maryland.gov/itms_public/?stationid=S2012161159,0.0,1.08,Urban,5.0,Major Collector,1.0,5991.0,6591.0,,S,True,False,pg_dc_spatial,True,5405.0,5990.0,5735.0,6350.0,5991.0,6591.0,2.0,1.0,2578.0,11.38,59.89,845,Census Tract 8035.26,24033803526,24033803513,"Prince George's County, MD","Prince George's County, MD",148.9429895394775,AADT_2018,daily vehicle trips whose OD path crosses this tract-pair boundary; direct adjacent OD only is stricter and will undercount through traffic
sl_B160063_24033801307__24033801313,24033801307__24033801313,other_adjacent_tract_pair,high,accepted,B160063,Prince George's,Indian Head Hwy,MD,210.0,9.5,Md210-.60 Mi N Of Fort Washington Rd ,Fort Washington Rd To Livingston Rd,South,6.0,C,67600.0,71660.0,72330.0,76680.0,6.77,66.4,48.92,51.08,24033801313,24033801307,24033,24033,17.767745468418628,2667.8898114315402,1,-76.9926008574402,38.75126519844106,https://maps.roads.maryland.gov/itms_public/?stationid=B160063,8.9,11.54,Urban,2.0,Principal Arterial Other Freeways and Expressways,1.0,71110.0,75380.0,,B,True,False,pg_dc_route;pg_dc_spatial,True,67600.0,71660.0,72330.0,76680.0,71110.0,75380.0,6.0,1.0,210.0,6.77,66.4,678,Census Tract 8013.13,24033801313,24033801307,"Prince George's County, MD","Prince George's County, MD",17.767745468418628,AADT_2018,daily vehicle trips whose OD path crosses this tract-pair boundary; direct adjacent OD only is stricter and will undercount through traffic
sl_S2012161164_24033802407__24033802408,24033802407__24033802408,other_adjacent_tract_pair,high,accepted,S2012161164,Prince George's,Brooks Dr,CO,2828.0,0.76,Brooks Dr - .10 Mi North Of Md 4,Md 4 To Marlboro Pike,North,4.0,F,14405.0,15520.0,15275.0,16450.0,9.7,51.78,51.96,48.04,24033802408,24033802407,24033,24033,0.025809282826207206,1123.285969807241,3,-76.91718747528962,38.861390147639376,https://maps.roads.maryland.gov/itms_public/?stationid=S2012161164,0.65,1.15,Urban,5.0,Major Collector,1.0,15521.0,17071.0,,S,True,False,pg_dc_spatial,True,14405.0,15520.0,15275.0,16450.0,15521.0,17071.0,4.0,1.0,2828.0,9.7,51.78,887,Census Tract 8024.08,24033802408,24033802407,"Prince George's County, MD","Prince George's County, MD",0.025809282826207206,AADT_2018,daily vehicle trips whose OD path crosses this tract-pair boundary; direct adjacent OD only is stricter and will undercount through traffic
sl_S2012161108_24033802803__24033802901,24033802803__24033802901,other_adjacent_tract_pair,high,accepted,S2012161108,Prince George's,Addison Rd,CO,366.0,0.8,Addison Rd - Between Md 214 & Adak St,Martin Luther King Jr Hwy To Md 214,South,3.0,F,12375.0,13340.0,13245.0,14270.0,8.18,52.06,50.27,49.73,24033802901,24033802803,24033,24033,40.660980219607325,176.58998753176684,3,-76.89825574028993,38.887272472148965,https://maps.roads.maryland.gov/itms_public/?stationid=S2012161108,0.0,0.83,Urban,4.0,Minor Arterial,1.0,13341.0,14141.0,,S,True,False,pg_dc_spatial,True,12375.0,13340.0,13245.0,14270.0,13341.0,14141.0,3.0,1.0,366.0,8.18,52.06,508,Census Tract 8029.01,24033802901,24033802803,"Prince George's County, MD","Prince George's County, MD",40.660980219607325,AADT_2018,daily vehicle trips whose OD path crosses this tract-pair boundary; direct adjacent OD only is stricter and will undercount through traffic
sl_B3154_24033801405__24033801707,24033801405__24033801707,other_adjacent_tract_pair,high,accepted,B3154,Prince George's,Capital Beltway,IS,95.0,3.93,Is95-.40 Mi S Of Md414,Md 210 To Md 414,North,8.0,F,169892.0,171500.0,176692.0,178360.0,7.18,57.04,51.37,48.63,24033801405,24033801707,24033,24033,25.490111652503035,1759.646270835283,1,-76.9788101915913,38.80725020554348,https://maps.roads.maryland.gov/itms_public/?stationid=B3154,2.751,4.33,Urban,1.0,Interstate,1.0,172701.0,179611.0,15215.0,B,True,False,pg_montgomery_route;pg_dc_spatial,True,169892.0,171500.0,176692.0,178360.0,172701.0,179611.0,8.0,1.0,95.0,7.18,57.04,1568,Census Tract 8014.05,24033801405,24033801707,"Prince George's County, MD","Prince George's County, MD",25.490111652503035,AADT_2018,daily vehicle trips whose OD path crosses this tract-pair boundary; direct adjacent OD only is stricter and will undercount through traffic
sl_B160129_24033807404__24033807408,24033807404__24033807408,other_adjacent_tract_pair,high,accepted,B160129,Prince George's,Ammendale Rd,MD,212.0,8.64,Md 212-.10 Mile N Of Powder Mill Rd/old Gunpowder Rd,Powder Mill Rd To Us 1,North,5.0,F,17290.0,17131.0,18500.0,18331.0,7.99,55.51,50.91,49.09,24033807404,24033807408,24033,24033,18.75682877828503,8285.069261936966,1,-76.92077148288035,39.0527064252419,https://maps.roads.maryland.gov/itms_public/?stationid=B160129,8.54,10.43,Urban,4.0,Minor Arterial,1.0,17132.0,18162.0,531.0,B,True,False,pg_dc_route;pg_montgomery_route;pg_dc_spatial;pg_montgomery_spatial,True,17290.0,17131.0,18500.0,18331.0,17132.0,18162.0,5.0,1.0,212.0,7.99,55.51,510,Census Tract 8074.04,24033807404,24033807408,"Prince George's County, MD","Prince George's County, MD",18.75682877828503,AADT_2018,daily vehicle trips whose OD path crosses this tract-pair boundary; direct adjacent OD only is stricter and will undercount through traffic
sl_B150081_24031701308__24031703202,24031701308__24031703202,other_adjacent_tract_pair,high,accepted,B150081,Montgomery,Old Md 28,MD,655.0,0.66,Md655-.10 Mi N Of Md115,Md 28 To Road End,South,2.0,F,1570.0,1561.0,1660.0,1661.0,9.41,68.67,48.32,51.68,24031703202,24031701308,24031,24031,28.446125560808284,364.1621305488546,3,-77.07796940729861,39.10913327916691,https://maps.roads.maryland.gov/itms_public/?stationid=B150081,0.0,1.86,Urban,7.0,Local,1.0,1562.0,1722.0,64.0,B,True,False,montgomery_dc_spatial;pg_montgomery_spatial,True,1570.0,1561.0,1660.0,1661.0,1562.0,1722.0,2.0,1.0,655.0,9.41,68.67,1231,Census Tract 7032.02,24031703202,24031701308,"Montgomery County, MD","Montgomery County, MD",28.446125560808284,AADT_2018,daily vehicle trips whose OD path crosses this tract-pair boundary; direct adjacent OD only is stricter and will undercount through traffic
sl_B2792_11001001401__24031705300,11001001401__24031705300,montgomery_dc,low_review,accepted,B2792,Montgomery,Connecticut Ave,MD,185.0,0.1,Md185-.10 Mi N Of Wash Dc Line,Md 185e To Md 191,South,6.0,C,37951.0,37612.0,40611.0,40252.0,7.5,58.22,51.67,48.33,24031705300,11001001401,24031,11001,155.0909756902896,705.8731776788667,1,-77.0770806662588,38.969522834626616,https://maps.roads.maryland.gov/itms_public/?stationid=B2792,0.0,0.6,Urban,3.0,Principal Arterial Other,1.0,37940.0,40220.0,,B,True,False,montgomery_dc_route;montgomery_dc_spatial;pg_montgomery_spatial,True,37951.0,37612.0,40611.0,40252.0,37940.0,40220.0,6.0,1.0,185.0,7.5,58.22,578,Census Tract 7053,24031705300,11001001401,"Montgomery County, MD",District of Columbia,155.0909756902896,AADT_2018,daily vehicle trips whose OD path crosses this tract-pair boundary; direct adjacent OD only is stricter and will undercount through traffic
sl_B2785_24031703206__24031703212,24031703206__24031703212,other_adjacent_tract_pair,high,accepted,B2785,Montgomery,Layhill Rd,MD,182.0,0.3,Md182-.30 Mi N Of Md 97,Glenallen Rd To Briggs Rd,North,5.0,F,22322.0,22660.0,23892.0,24250.0,8.08,67.31,51.98,48.02,24031703212,24031703206,24031,24031,17.96086813351098,2521.1726077155636,1,-77.04928701684527,39.0641411544387,https://maps.roads.maryland.gov/itms_public/?stationid=B2785,0.21,0.71,Urban,3.0,Principal Arterial Other,1.0,23611.0,24021.0,,B,True,False,montgomery_dc_spatial;pg_montgomery_spatial,True,22322.0,22660.0,23892.0,24250.0,23611.0,24021.0,5.0,1.0,182.0,8.08,67.31,337,Census Tract 7032.12,24031703212,24031703206,"Montgomery County, MD","Montgomery County, MD",17.96086813351098,AADT_2018,daily vehicle trips whose OD path crosses this tract-pair boundary; direct adjacent OD only is stricter and will undercount through traffic
sl_B3192_24033803401__24033803508,24033803401__24033803508,other_adjacent_tract_pair,high,accepted,B3192,Prince George's,Landover Rd,MD,202.0,10.77,Md202-.20 Mi S Of Md704,Brightseat Rd To Md 704,South,6.0,C,47711.0,47282.0,51051.0,50592.0,7.94,58.71,48.59,51.41,24033803508,24033803401,24033,24033,0.8178964245173987,1034.4706173194645,1,-76.87111885187556,38.92480477839903,https://maps.roads.maryland.gov/itms_public/?stationid=B3192,10.02,10.97,Urban,3.0,Principal Arterial Other,1.0,50030.0,53030.0,,B,True,False,pg_dc_route;pg_dc_spatial,True,47711.0,47282.0,51051.0,50592.0,50030.0,53030.0,6.0,1.0,202.0,7.94,58.71,468,Census Tract 8035.08,24033803508,24033803401,"Prince George's County, MD","Prince George's County, MD",0.8178964245173987,AADT_2018,daily vehicle trips whose OD path crosses this tract-pair boundary; direct adjacent OD only is stricter and will undercount through traffic
sl_B3350_24033807407__24033807408,24033807407__24033807408,other_adjacent_tract_pair,high,accepted,B3350,Prince George's,No Name,IS,95.0,29.5,Is95-.10 Mi N Of Old Gunpowder Rd,Md 212 To Md 200,North,10.0,C,219571.0,218252.0,228351.0,226982.0,6.49,51.46,48.01,51.99,24033807408,24033807407,24033,24033,42.153308176708855,4988.752721116882,1,-76.91949585002408,39.06131607442092,https://maps.roads.maryland.gov/itms_public/?stationid=B3350,28.54,30.67,Urban,1.0,Interstate,1.0,215670.0,224300.0,17337.0,B,True,False,pg_montgomery_route;pg_dc_spatial;pg_montgomery_spatial,True,219571.0,218252.0,228351.0,226982.0,215670.0,224300.0,10.0,1.0,95.0,6.49,51.46,1566,Census Tract 8074.08,24033807408,24033807407,"Prince George's County, MD","Prince George's County, MD",42.153308176708855,AADT_2018,daily vehicle trips whose OD path crosses this tract-pair boundary; direct adjacent OD only is stricter and will undercount through traffic
sl_S2012161097_24033803606__24033803608,24033803606__24033803608,other_adjacent_tract_pair,low_review,accepted,S2012161097,Prince George's,Princess Garden Pkwy,CO,300.0,0.08,Princess Garden Pkwy - .10 Mi North Of Md 450,Annapolis Rd To Good Luck Rd,South,3.0,F,9065.0,9200.0,9615.0,9750.0,7.96,50.98,41.75,58.25,24033803606,24033803608,24033,24033,111.56056105156688,813.1448343669393,1,-76.86371365989952,38.96234587670752,https://maps.roads.maryland.gov/itms_public/?stationid=S2012161097,0.0,1.34,Urban,5.0,Major Collector,1.0,9201.0,10121.0,,S,True,False,pg_dc_spatial;pg_montgomery_spatial,True,9065.0,9200.0,9615.0,9750.0,9201.0,10121.0,3.0,1.0,300.0,7.96,50.98,484,Census Tract 8036.06,24033803606,24033803608,"Prince George's County, MD","Prince George's County, MD",111.56056105156688,AADT_2018,daily vehicle trips whose OD path crosses this tract-pair boundary; direct adjacent OD only is stricter and will undercount through traffic
sl_P0049_24033801702__24033801708,24033801702__24033801708,other_adjacent_tract_pair,high,accepted,P0049,Prince George's,Capital Beltway,IS,95.0,5.64,Is 95 - 200ft South Of Temple Hill Rd Overpass (atr#49),Md 414 To Md 5,South,8.0,C,174800.0,164060.0,181790.0,170620.0,6.84,51.06,50.81,49.19,24033801702,24033801708,24033,24033,31.69378358941691,2134.4348979413903,3,-76.94920947408424,38.81682875802889,https://maps.roads.maryland.gov/itms_public/?stationid=P0049,4.33,7.3,Urban,1.0,Interstate,1.0,175790.0,182820.0,,P,True,False,pg_montgomery_route;pg_dc_spatial,True,174800.0,164060.0,181790.0,170620.0,175790.0,182820.0,8.0,1.0,95.0,6.84,51.06,1571,Census Tract 8017.02,24033801702,24033801708,"Prince George's County, MD","Prince George's County, MD",31.69378358941691,AADT_2018,daily vehicle trips whose OD path crosses this tract-pair boundary; direct adjacent OD only is stricter and will undercount through traffic
sl_S2012150777_24031703206__24031703212,24031703206__24031703212,other_adjacent_tract_pair,low_review,accepted,S2012150777,Montgomery,Glenallan Ave,CO,1114.0,0.36,Glenallan Ave - .10 Mile East Of Md 182,Md 182 To Glenallen Ave (ahead),West,3.0,F,10785.0,10320.0,11435.0,10940.0,9.07,58.77,49.27,50.73,24031703212,24031703206,24031,24031,168.42813786076601,2521.1726077155636,1,-77.04863282143457,39.062577389576944,https://maps.roads.maryland.gov/itms_public/?stationid=S2012150777,0.27,1.42,Urban,7.0,Local,1.0,10441.0,11351.0,,S,True,False,montgomery_dc_spatial;pg_montgomery_spatial,True,10785.0,10320.0,11435.0,10940.0,10441.0,11351.0,3.0,1.0,1114.0,9.07,58.77,337,Census Tract 7032.12,24031703212,24031703206,"Montgomery County, MD","Montgomery County, MD",168.42813786076601,AADT_2018,daily vehicle trips whose OD path crosses this tract-pair boundary; direct adjacent OD only is stricter and will undercount through traffic
sl_B3188_24033800509__24033800607,24033800509__24033800607,other_adjacent_tract_pair,high,accepted,B3188,Prince George's,Largo Rd,MD,202.0,4.55,Md202-.20 Mi N Of Md193,Md 193 To White House Rd,North,4.0,C,30431.0,30162.0,32561.0,32272.0,8.45,69.99,48.68,51.32,24033800509,24033800607,24033,24033,24.372821586137523,2668.3045242426842,1,-76.78786422652689,38.87458528087454,https://maps.roads.maryland.gov/itms_public/?stationid=B3188,4.35,5.37,Urban,3.0,Principal Arterial Other,1.0,29330.0,31090.0,,B,True,False,pg_dc_route;pg_dc_spatial,True,30431.0,30162.0,32561.0,32272.0,29330.0,31090.0,4.0,1.0,202.0,8.45,69.99,1498,Census Tract 8005.09,24033800509,24033800607,"Prince George's County, MD","Prince George's County, MD",24.372821586137523,AADT_2018,daily vehicle trips whose OD path crosses this tract-pair boundary; direct adjacent OD only is stricter and will undercount through traffic
sl_S2012150971_24031700904__24031701218,24031700904__24031701218,other_adjacent_tract_pair,high,accepted,S2012150971,Montgomery,Rollins Ave,MU,2640.0,0.15,Rollins Ave - .10 Mi West Of Md 355,Rockville Pike To Road End,West,2.0,F,11015.0,10120.0,11685.0,10730.0,8.42,53.62,49.5,50.5,24031701218,24031700904,24031,24031,1.5176641850647359,816.5962448948457,2,-77.12419953971592,39.058648323273005,https://maps.roads.maryland.gov/itms_public/?stationid=S2012150971,0.0,0.71,Urban,7.0,Local,1.0,10121.0,11131.0,,S,True,False,montgomery_dc_spatial,True,11015.0,10120.0,11685.0,10730.0,10121.0,11131.0,2.0,1.0,2640.0,8.42,53.62,723,Census Tract 7012.18,24031701218,24031700904,"Montgomery County, MD","Montgomery County, MD",1.5176641850647359,AADT_2018,daily vehicle trips whose OD path crosses this tract-pair boundary; direct adjacent OD only is stricter and will undercount through traffic
sl_B160116_24033800402__24033800409,24033800402__24033800409,other_adjacent_tract_pair,high,accepted,B160116,Prince George's,Laurel Bowie Rd,MD,197.0,3.38,Md197-.10 Mi N Of Md450,Md 450 To Racetrack Rd,South,4.0,F,28550.0,28291.0,30550.0,30271.0,8.25,53.5,48.88,51.12,24033800402,24033800409,24033,24033,16.60802661391768,1533.9898263427278,1,-76.75589990945497,38.97536604287057,https://maps.roads.maryland.gov/itms_public/?stationid=B160116,3.28,5.76,Urban,4.0,Minor Arterial,1.0,28292.0,29992.0,667.0,B,True,False,pg_dc_spatial,True,28550.0,28291.0,30550.0,30271.0,28292.0,29992.0,4.0,1.0,197.0,8.25,53.5,1544,Census Tract 8004.02,24033800402,24033800409,"Prince George's County, MD","Prince George's County, MD",16.60802661391768,AADT_2018,daily vehicle trips whose OD path crosses this tract-pair boundary; direct adjacent OD only is stricter and will undercount through traffic
sl_B160114_24033800105__24033800109,24033800105__24033800109,other_adjacent_tract_pair,high,accepted,B160114,Prince George's,Sandy Spring Rd,MD,198.0,2.33,Md198-.10 Mi E Of Van Dusen Rd ,Van Dusen Rd To Ninth St,East,6.0,F,33210.0,32911.0,35540.0,35221.0,7.55,56.1,51.61,48.39,24033800109,24033800105,24033,24033,14.38154672923095,837.9730421713672,2,-76.86921073319404,39.10263050500485,https://maps.roads.maryland.gov/itms_public/?stationid=B160114,2.23,2.81,Urban,3.0,Principal Arterial Other,1.0,32912.0,34892.0,4374.0,B,True,False,pg_montgomery_route;pg_montgomery_spatial,True,33210.0,32911.0,35540.0,35221.0,32912.0,34892.0,6.0,1.0,198.0,7.55,56.1,868,Census Tract 8001.09,24033800109,24033800105,"Prince George's County, MD","Prince George's County, MD",14.38154672923095,AADT_2018,daily vehicle trips whose OD path crosses this tract-pair boundary; direct adjacent OD only is stricter and will undercount through traffic
sl_S2012150936_24031701004__24031701005,24031701004__24031701005,other_adjacent_tract_pair,high,accepted,S2012150936,Montgomery,Beall Ave,MU,270.0,0.01,Beall Ave - Between Nelson St & Owens St,Nelson St To Henderson Cir,West,2.0,F,1545.0,1570.0,1645.0,1660.0,11.87,60.29,51.28,48.72,24031701004,24031701005,24031,24031,0.8655629959717778,1489.4494065568085,2,-77.17241651916625,39.08873213766789,https://maps.roads.maryland.gov/itms_public/?stationid=S2012150936,0.0,0.28,Urban,6.0,Minor Collector,1.0,1571.0,1731.0,,S,True,False,montgomery_dc_spatial,True,1545.0,1570.0,1645.0,1660.0,1571.0,1731.0,2.0,1.0,270.0,11.87,60.29,211,Census Tract 7010.04,24031701004,24031701005,"Montgomery County, MD","Montgomery County, MD",0.8655629959717778,AADT_2018,daily vehicle trips whose OD path crosses this tract-pair boundary; direct adjacent OD only is stricter and will undercount through traffic
sl_S2012150747_24031704803__24031704804,24031704803__24031704804,other_adjacent_tract_pair,low_review,accepted,S2012150747,Montgomery,Woodmont Ave,CO,385.0,1.26,Woodmont Ave - Between Md 355 & Strathmore St,Hampden La To Md 355,South,3.0,F,5255.0,4960.0,5575.0,5260.0,9.21,52.3,49.52,50.48,24031704803,24031704804,24031,24031,118.6128006338264,620.1012409678658,2,-77.09283887524357,38.9799928614277,https://maps.roads.maryland.gov/itms_public/?stationid=S2012150747,0.97,1.3,Urban,5.0,Major Collector,1.0,4961.0,5461.0,,S,True,False,montgomery_dc_spatial;pg_montgomery_spatial,True,5255.0,4960.0,5575.0,5260.0,4961.0,5461.0,3.0,1.0,385.0,9.21,52.3,1336,Census Tract 7048.03,24031704803,24031704804,"Montgomery County, MD","Montgomery County, MD",118.6128006338264,AADT_2018,daily vehicle trips whose OD path crosses this tract-pair boundary; direct adjacent OD only is stricter and will undercount through traffic
sl_B3182_24033806602__24033807102,24033806602__24033807102,other_adjacent_tract_pair,high,accepted,B3182,Prince George's,Kenilworth Ave,MD,201.0,4.035,Md 201 Between Quintana St (east Leg) & Quesada St,Md 410 To Good Luck Rd,South,5.0,F,39420.0,39071.0,42180.0,41811.0,8.09,60.46,49.75,50.25,24033807102,24033806602,24033,24033,1.8466313933698606,1372.4695419607056,3,-76.91941947795357,38.9623937681977,https://maps.roads.maryland.gov/itms_public/?stationid=B3182,3.9,4.76,Urban,3.0,Principal Arterial Other,1.0,39072.0,41422.0,2881.0,B,True,False,pg_dc_route;pg_dc_spatial;pg_montgomery_spatial,True,39420.0,39071.0,42180.0,41811.0,39072.0,41422.0,5.0,1.0,201.0,8.09,60.46,323,Census Tract 8071.02,24033807102,24033806602,"Prince George's County, MD","Prince George's County, MD",1.8466313933698606,AADT_2018,daily vehicle trips whose OD path crosses this tract-pair boundary; direct adjacent OD only is stricter and will undercount through traffic
sl_B2852_24031701215__24031704401,24031701215__24031704401,other_adjacent_tract_pair,high,accepted,B2852,Montgomery,Eisenhower Memorial Hwy,IS,270.0,1.34,Is270-.20 Mi S Of Md187,Is 495 To Md 187,North,5.0,F,111902.0,115030.0,116382.0,119630.0,7.02,52.05,50.49,49.51,24031701215,24031704401,24031,24031,3.5441609263205,2332.3071668846374,1,-77.1225872326642,39.03010501475663,https://maps.roads.maryland.gov/itms_public/?stationid=B2852,0.0,1.54,Urban,1.0,Interstate,1.0,115841.0,120481.0,5201.0,B,True,False,montgomery_dc_spatial,True,111902.0,115030.0,116382.0,119630.0,115841.0,120481.0,5.0,1.0,270.0,7.02,52.05,565,Census Tract 7012.15,24031701215,24031704401,"Montgomery County, MD","Montgomery County, MD",3.5441609263205,AADT_2018,daily vehicle trips whose OD path crosses this tract-pair boundary; direct adjacent OD only is stricter and will undercount through traffic
sl_S2012161053_24033800517__24033800518,24033800517__24033800518,other_adjacent_tract_pair,high,accepted,S2012161053,Prince George's,Woodmore Rd,CO,111.0,0.1,Woodmore Rd - .10 Mi East Of Md 193,Md 193 To Church Rd,East,4.0,F,8775.0,13800.0,9305.0,14630.0,9.88,57.72,48.39,51.61,24033800517,24033800518,24033,24033,22.2502480273395,7797.187740937775,3,-76.80168791085238,38.92109919239682,https://maps.roads.maryland.gov/itms_public/?stationid=S2012161053,0.0,2.46,Urban,5.0,Major Collector,1.0,13801.0,15181.0,,S,True,False,pg_dc_spatial,True,8775.0,13800.0,9305.0,14630.0,13801.0,15181.0,4.0,1.0,111.0,9.88,57.72,453,Census Tract 8005.17,24033800517,24033800518,"Prince George's County, MD","Prince George's County, MD",22.2502480273395,AADT_2018,daily vehicle trips whose OD path crosses this tract-pair boundary; direct adjacent OD only is stricter and will undercount through traffic
sl_S2012161143_24033801706__24033801807,24033801706__24033801807,other_adjacent_tract_pair,high,accepted,S2012161143,Prince George's,Iverson Pl,CO,1192.0,0.1,Iverson Pl - .10 Mi East Of Wheeler Rd,Wheeler Rd To Iverson St,West,2.0,F,7415.0,7640.0,7935.0,8180.0,8.65,50.28,48.2,51.8,24033801706,24033801807,24033,24033,1.3894776604376302,624.2284309415305,2,-76.96853454361762,38.82381990482462,https://maps.roads.maryland.gov/itms_public/?stationid=S2012161143,0.0,0.49,Urban,4.0,Minor Arterial,1.0,7641.0,8101.0,,S,True,False,pg_dc_spatial,True,7415.0,7640.0,7935.0,8180.0,7641.0,8101.0,2.0,1.0,1192.0,8.65,50.28,1529,Census Tract 8017.06,24033801706,24033801807,"Prince George's County, MD","Prince George's County, MD",1.3894776604376302,AADT_2018,daily vehicle trips whose OD path crosses this tract-pair boundary; direct adjacent OD only is stricter and will undercount through traffic
sl_B150071_24031701004__24031701211,24031701004__24031701211,other_adjacent_tract_pair,high,accepted,B150071,Montgomery,W Gude Dr,MU,1297.0,1.45,E Gude Dr-.10 Mi W Of Md355,Md 28 To Md 355,East,4.0,F,24395.0,22130.0,26105.0,23680.0,8.13,55.31,54.07,45.93,24031701004,24031701211,24031,24031,4.169876016091263,2932.7314450410836,1,-77.15915538322787,39.10652861380062,https://maps.roads.maryland.gov/itms_public/?stationid=B150071,0.0,1.55,Urban,4.0,Minor Arterial,1.0,22131.0,23461.0,,B,True,False,montgomery_dc_spatial,True,24395.0,22130.0,26105.0,23680.0,22131.0,23461.0,4.0,1.0,1297.0,8.13,55.31,211,Census Tract 7010.04,24031701004,24031701211,"Montgomery County, MD","Montgomery County, MD",4.169876016091263,AADT_2018,daily vehicle trips whose OD path crosses this tract-pair boundary; direct adjacent OD only is stricter and will undercount through traffic
sl_S2012161072_24033800706__24033801006,24033800706__24033801006,other_adjacent_tract_pair,high,accepted,S2012161072,Prince George's,Rosaryville Rd,CO,131.0,2.71,Rosaryville Rd - Between Us 301 & Md 976a (no Name),Frank Tippett Rd To Us 301,North,2.0,F,8655.0,8410.0,9265.0,9000.0,8.01,54.78,54.02,45.98,24033800706,24033801006,24033,24033,3.364780956802347,2629.683050579015,3,-76.81053893678663,38.75678293722184,https://maps.roads.maryland.gov/itms_public/?stationid=S2012161072,1.1,2.73,Urban,5.0,Major Collector,1.0,8511.0,9251.0,,S,True,False,pg_dc_spatial,True,8655.0,8410.0,9265.0,9000.0,8511.0,9251.0,2.0,1.0,131.0,8.01,54.78,873,Census Tract 8007.06,24033800706,24033801006,"Prince George's County, MD","Prince George's County, MD",3.364780956802347,AADT_2018,daily vehicle trips whose OD path crosses this tract-pair boundary; direct adjacent OD only is stricter and will undercount through traffic
sl_B2911_24031705701__24031705902,24031705701__24031705902,other_adjacent_tract_pair,high,accepted,B2911,Montgomery,Goldsboro Rd,MD,614.0,0.56,Md614-.10 Mi N Of Md396,Md 396 To Md 191,South,3.0,F,17132.0,16650.0,18332.0,17820.0,8.6,56.97,50.57,49.43,24031705701,24031705902,24031,24031,4.236342500155648,1080.4604544303304,2,-77.1297755740256,38.9706917562128,https://maps.roads.maryland.gov/itms_public/?stationid=B2911,0.46,1.97,Urban,4.0,Minor Arterial,1.0,16651.0,17651.0,643.0,B,True,False,montgomery_dc_spatial,True,17132.0,16650.0,18332.0,17820.0,16651.0,17651.0,3.0,1.0,614.0,8.6,56.97,1386,Census Tract 7057.01,24031705701,24031705902,"Montgomery County, MD","Montgomery County, MD",4.236342500155648,AADT_2018,daily vehicle trips whose OD path crosses this tract-pair boundary; direct adjacent OD only is stricter and will undercount through traffic
sl_S2002160123_24033803524__24033803525,24033803524__24033803525,other_adjacent_tract_pair,low_review,accepted,S2002160123,Prince George's,Bishop Peebles Dr,CO,5922.0,0.45,Bishop Peebles Dr East Of Fedex Way ,Brightseat Rd To Fedex Way,West,5.0,F,5665.0,5840.0,6065.0,6250.0,8.15,55.74,49.29,50.71,24033803525,24033803524,24033,24033,114.85239459450568,3039.6453256292666,1,-76.86115171860813,38.90624572302351,https://maps.roads.maryland.gov/itms_public/?stationid=S2002160123,0.0,0.55,Urban,4.0,Minor Arterial,1.0,5841.0,6191.0,,S,True,False,pg_dc_spatial,True,5665.0,5840.0,6065.0,6250.0,5841.0,6191.0,5.0,1.0,5922.0,8.15,55.74,900,Census Tract 8035.25,24033803525,24033803524,"Prince George's County, MD","Prince George's County, MD",114.85239459450568,AADT_2018,daily vehicle trips whose OD path crosses this tract-pair boundary; direct adjacent OD only is stricter and will undercount through traffic
sl_S2012161169_24033802502__24033802600,24033802502__24033802600,other_adjacent_tract_pair,high,accepted,S2012161169,Prince George's,Marlboro Pike,CO,3074.0,0.08,Marlboro Pike - .05 Mi North Of Boones Hill Rd,Wash Dc Line To Pacific Ave,North,4.0,F,10865.0,11590.0,11635.0,12400.0,7.8,61.51,49.79,50.21,24033802600,24033802502,24033,24033,2.8159023250286292,1222.3490086127504,2,-76.9323374098427,38.87371605625311,https://maps.roads.maryland.gov/itms_public/?stationid=S2012161169,0.0,0.81,Urban,4.0,Minor Arterial,1.0,11591.0,12291.0,,S,True,False,pg_dc_spatial,True,10865.0,11590.0,11635.0,12400.0,11591.0,12291.0,4.0,1.0,3074.0,7.8,61.51,593,Census Tract 8026,24033802600,24033802502,"Prince George's County, MD","Prince George's County, MD",2.8159023250286292,AADT_2018,daily vehicle trips whose OD path crosses this tract-pair boundary; direct adjacent OD only is stricter and will undercount through traffic
sl_S2008160019_24033801104__24033802201,24033801104__24033802201,other_adjacent_tract_pair,high,accepted,S2008160019,Prince George's,Suitland Pkwy,GV,119.0,6.0,Suitland Pkwy - .50 Mile West Of Md 4,Gv 124 To Md 337 (ahead),West,4.0,F,30560.0,30291.0,32700.0,32411.0,9.06,67.25,51.14,48.86,24033802201,24033801104,24033,24033,1.7381438533339257,1440.0496364347039,1,-76.86496515771904,38.82967731199823,https://maps.roads.maryland.gov/itms_public/?stationid=S2008160019,5.9,6.4,Urban,2.0,Principal Arterial Other Freeways and Expressways,1.0,30292.0,32112.0,410.0,S,True,False,pg_dc_spatial,True,30560.0,30291.0,32700.0,32411.0,30292.0,32112.0,4.0,1.0,119.0,9.06,67.25,1557,Census Tract 8022.01,24033802201,24033801104,"Prince George's County, MD","Prince George's County, MD",1.7381438533339257,AADT_2018,daily vehicle trips whose OD path crosses this tract-pair boundary; direct adjacent OD only is stricter and will undercount through traffic
sl_S2012161214_24033801104__24033801211,24033801104__24033801211,other_adjacent_tract_pair,low_review,accepted,S2012161214,Prince George's,Coventry Way,MD,5.0,0.08,Md 5l (coventry Way) - Between Ramp Fr Md 5 & Old Alexandria Ferry Rd,Old Alexandria Ferry Rd To Md 5,East,4.0,F,17715.0,19500.0,18965.0,20870.0,8.41,58.98,59.85,40.15,24033801211,24033801104,24033,24033,128.1115381645328,2107.6393996960896,1,-76.89392205266196,38.78350894996036,https://maps.roads.maryland.gov/itms_public/?stationid=S2012161214,0.0,0.13,Urban,4.0,Minor Arterial,1.0,19501.0,20671.0,,S,True,False,pg_dc_route;pg_dc_spatial,True,17715.0,19500.0,18965.0,20870.0,19501.0,20671.0,4.0,1.0,5.0,8.41,58.98,881,Census Tract 8012.11,24033801211,24033801104,"Prince George's County, MD","Prince George's County, MD",128.1115381645328,AADT_2018,daily vehicle trips whose OD path crosses this tract-pair boundary; direct adjacent OD only is stricter and will undercount through traffic
sl_S2012150812_24031701001__24031701205,24031701001__24031701205,other_adjacent_tract_pair,medium,accepted,S2012150812,Montgomery,Tildenwood Dr,CO,2884.0,0.32,Tildenwood Dr - Between Montrose Rd & Tildenwood La,Old Stage Rd To Montrose Rd,North,2.0,F,4145.0,3870.0,4395.0,4100.0,9.2,54.39,49.07,50.93,24031701205,24031701001,24031,24031,72.07307507575413,1423.7070624538435,2,-77.13829993120005,39.05349449038488,https://maps.roads.maryland.gov/itms_public/?stationid=S2012150812,0.0,0.35,Urban,5.0,Major Collector,1.0,3871.0,4261.0,,S,True,False,montgomery_dc_spatial,True,4145.0,3870.0,4395.0,4100.0,3871.0,4261.0,2.0,1.0,2884.0,9.2,54.39,554,Census Tract 7012.05,24031701205,24031701001,"Montgomery County, MD","Montgomery County, MD",72.07307507575413,AADT_2018,daily vehicle trips whose OD path crosses this tract-pair boundary; direct adjacent OD only is stricter and will undercount through traffic
sl_B2822_24031704600__24031705901,24031704600__24031705901,other_adjacent_tract_pair,high,accepted,B2822,Montgomery,Bradley Blvd,MD,191.0,3.71,Md191-1.0 Mi N Of Md188,Burning Tree Rd To Md 188,South,2.0,F,14884.0,14755.0,15934.0,15795.0,10.82,71.22,48.51,51.49,24031705901,24031704600,24031,24031,2.4204128817587947,1981.635234935698,1,-77.12662483467618,38.99583303100046,https://maps.roads.maryland.gov/itms_public/?stationid=B2822,2.84,4.71,Urban,4.0,Minor Arterial,1.0,15376.0,15646.0,,B,True,False,montgomery_dc_route;montgomery_dc_spatial,True,14884.0,14755.0,15934.0,15795.0,15376.0,15646.0,2.0,1.0,191.0,10.82,71.22,1388,Census Tract 7059.01,24031705901,24031704600,"Montgomery County, MD","Montgomery County, MD",2.4204128817587947,AADT_2018,daily vehicle trips whose OD path crosses this tract-pair boundary; direct adjacent OD only is stricter and will undercount through traffic
sl_B3209_24033805000__24033805201,24033805000__24033805201,other_adjacent_tract_pair,high,accepted,B3209,Prince George's,Riggs Rd,MD,212.0,0.1,Md212-.10 Mi N Of Wash Dc Line,Washington Dc/l To Sargent Rd,North,4.0,F,22840.0,22631.0,24440.0,24221.0,7.51,60.9,49.88,50.12,24033805000,24033805201,24033,24033,15.244665895545,999.7507393447695,3,-76.99553170358111,38.96188373306025,https://maps.roads.maryland.gov/itms_public/?stationid=B3209,0.0,0.93,Urban,4.0,Minor Arterial,1.0,22632.0,23992.0,486.0,B,True,False,pg_dc_route;pg_montgomery_route;pg_dc_spatial;pg_montgomery_spatial,True,22840.0,22631.0,24440.0,24221.0,22632.0,23992.0,4.0,1.0,212.0,7.51,60.9,1497,Census Tract 8050,24033805000,24033805201,"Prince George's County, MD","Prince George's County, MD",15.244665895545,AADT_2018,daily vehicle trips whose OD path crosses this tract-pair boundary; direct adjacent OD only is stricter and will undercount through traffic
sl_S2012161175_24033803612__24033803613,24033803612__24033803613,other_adjacent_tract_pair,medium,accepted,S2012161175,Prince George's,Harkins Rd,CO,3247.0,0.07,Harkins Rd - .10 Mi South Of Md 450/finns La,Annapolis Rd To Ellin Rd,North,3.0,F,2775.0,2630.0,2945.0,2790.0,9.57,59.57,51.79,48.21,24033803612,24033803613,24033,24033,91.27176680885124,1264.7278327523236,1,-76.87752865661788,38.95236135044913,https://maps.roads.maryland.gov/itms_public/?stationid=S2012161175,0.0,0.45,Urban,5.0,Major Collector,1.0,2631.0,2891.0,,S,True,False,pg_dc_spatial;pg_montgomery_spatial,True,2775.0,2630.0,2945.0,2790.0,2631.0,2891.0,3.0,1.0,3247.0,9.57,59.57,491,Census Tract 8036.12,24033803612,24033803613,"Prince George's County, MD","Prince George's County, MD",91.27176680885124,AADT_2018,daily vehicle trips whose OD path crosses this tract-pair boundary; direct adjacent OD only is stricter and will undercount through traffic
sl_B3331_24033802406__24033802407,24033802406__24033802407,other_adjacent_tract_pair,high,accepted,B3331,Prince George's,Pennsylvania Ave,MD,4.0,12.22,Md4-.30 Mi N Of Md458,Md 458 To Shadyside La,South,4.0,F,28650.0,28391.0,30660.0,30381.0,7.78,66.83,48.18,51.82,24033802407,24033802406,24033,24033,27.541271254213065,1079.9403629990784,1,-76.9138856563774,38.856311754910585,https://maps.roads.maryland.gov/itms_public/?stationid=B3331,11.92,13.52,Urban,3.0,Principal Arterial Other,1.0,28392.0,30102.0,876.0,B,True,False,pg_dc_route;pg_dc_spatial,True,28650.0,28391.0,30660.0,30381.0,28392.0,30102.0,4.0,1.0,4.0,7.78,66.83,734,Census Tract 8024.07,24033802407,24033802406,"Prince George's County, MD","Prince George's County, MD",27.541271254213065,AADT_2018,daily vehicle trips whose OD path crosses this tract-pair boundary; direct adjacent OD only is stricter and will undercount through traffic
sl_B3126_24033801207__24033801217,24033801207__24033801217,other_adjacent_tract_pair,high,accepted,B3126,Prince George's,Branch Ave,MD,5.0,7.45,Md5-.40 Mi S Of Md223,Surratts Rd To Md 223,North,6.0,F,81860.0,81121.0,87590.0,86801.0,6.37,69.4,52.03,47.97,24033801207,24033801217,24033,24033,0.35999694875774235,2086.234443195742,1,-76.88173527395563,38.76253798637229,https://maps.roads.maryland.gov/itms_public/?stationid=B3126,6.55,7.85,Urban,2.0,Principal Arterial Other Freeways and Expressways,1.0,84532.0,85992.0,,B,True,False,pg_dc_route;pg_dc_spatial,True,81860.0,81121.0,87590.0,86801.0,84532.0,85992.0,6.0,1.0,5.0,6.37,69.4,1493,Census Tract 8012.07,24033801207,24033801217,"Prince George's County, MD","Prince George's County, MD",0.35999694875774235,AADT_2018,daily vehicle trips whose OD path crosses this tract-pair boundary; direct adjacent OD only is stricter and will undercount through traffic
sl_S2012161145_24033805101__24033806000,24033805101__24033806000,other_adjacent_tract_pair,high,accepted,S2012161145,Prince George's,Hamilton St                             ,CO,1204.0,0.26,Hamilton St - Between Md 500 & 31st Ave,Jamestown Rd To Queens Chapel Rd,East,4.0,F,12665.0,12920.0,13435.0,13700.0,8.57,52.17,48.05,51.95,24033805101,24033806000,24033,24033,11.798266251084042,1287.3538272243775,3,-76.96287314420312,38.95597213327551,https://maps.roads.maryland.gov/itms_public/?stationid=S2012161145,0.0,0.3,Urban,5.0,Major Collector,1.0,12921.0,14211.0,,S,True,False,pg_dc_spatial;pg_montgomery_spatial,True,12665.0,12920.0,13435.0,13700.0,12921.0,14211.0,4.0,1.0,1204.0,8.57,52.17,1531,Census Tract 8051.01,24033805101,24033806000,"Prince George's County, MD","Prince George's County, MD",11.798266251084042,AADT_2018,daily vehicle trips whose OD path crosses this tract-pair boundary; direct adjacent OD only is stricter and will undercount through traffic
sl_B3141_24033803516__24033803520,24033803516__24033803520,other_adjacent_tract_pair,high,accepted,B3141,Prince George's,John Hanson Hwy,IS,595.0,3.44,Is595-.10 Mi W Of Md193,Md 704 To Md 197,East,9.0,C,135611.0,134802.0,141041.0,140192.0,7.58,61.8,50.32,49.68,24033803520,24033803516,24033,24033,26.01677810133867,3545.2561958513484,3,-76.80032981534795,38.94444655818244,https://maps.roads.maryland.gov/itms_public/?stationid=B3141,1.02,6.68,Urban,1.0,Interstate,1.0,142480.0,148180.0,8153.0,B,True,False,pg_dc_spatial;pg_montgomery_spatial,True,135611.0,134802.0,141041.0,140192.0,142480.0,148180.0,9.0,1.0,595.0,7.58,61.8,454,Census Tract 8035.20,24033803520,24033803516,"Prince George's County, MD","Prince George's County, MD",26.01677810133867,AADT_2018,daily vehicle trips whose OD path crosses this tract-pair boundary; direct adjacent OD only is stricter and will undercount through traffic
sl_S2012161139_24033801807__24033801808,24033801807__24033801808,other_adjacent_tract_pair,high,accepted,S2012161139,Prince George's,Afton St,CO,1008.0,0.58,Afton St - Between 23rd Pkwy & 23rd Pkwy,Oxon Park St To Road End,West,2.0,F,1225.0,1225.0,1305.0,1305.0,8.35,60.19,57.05,42.95,24033801808,24033801807,24033,24033,2.8958846848962443,2642.2482164377093,2,-76.96606029227101,38.8427885879486,https://maps.roads.maryland.gov/itms_public/?stationid=S2012161139,0.0,0.76,Urban,7.0,Local,1.0,1235.0,1365.0,,S,True,False,pg_dc_spatial,True,1225.0,1225.0,1305.0,1305.0,1235.0,1365.0,2.0,1.0,1008.0,8.35,60.19,1562,Census Tract 8018.08,24033801808,24033801807,"Prince George's County, MD","Prince George's County, MD",2.8958846848962443,AADT_2018,daily vehicle trips whose OD path crosses this tract-pair boundary; direct adjacent OD only is stricter and will undercount through traffic
sl_S2012150795_24031704401__24031704501,24031704401__24031704501,other_adjacent_tract_pair,medium,accepted,S2012150795,Montgomery,Cheshire Dr,CO,1559.0,0.03,Cheshire Dr - Between Md 187 & Grosvenor La,Old Georgetown Rd To Dickens Ave,North,3.0,F,8295.0,7570.0,8795.0,8020.0,9.04,56.26,48.24,51.76,24031704401,24031704501,24031,24031,63.557004261893084,1163.598841399989,1,-77.12292594603532,39.02279489451767,https://maps.roads.maryland.gov/itms_public/?stationid=S2012150795,0.0,0.66,Urban,7.0,Local,1.0,7571.0,8331.0,,S,True,False,montgomery_dc_spatial,True,8295.0,7570.0,8795.0,8020.0,7571.0,8331.0,3.0,1.0,1559.0,9.04,56.26,559,Census Tract 7044.01,24031704401,24031704501,"Montgomery County, MD","Montgomery County, MD",63.557004261893084,AADT_2018,daily vehicle trips whose OD path crosses this tract-pair boundary; direct adjacent OD only is stricter and will undercount through traffic
sl_B150124_24031704804__24031704805,24031704804__24031704805,other_adjacent_tract_pair,high,accepted,B150124,Montgomery,Old Georgetown Rd,MD,187.0,0.05,Md187-between Md355 & Woodmont Ave (one Way),Md 355 To Woodmont Ave,North,3.0,F,11630.0,11531.0,12440.0,12341.0,11.14,100.0,100.0,0.0,24031704804,24031704805,24031,24031,1.3437590039745546,1064.1096300292309,1,-77.09495039047172,38.98515102599493,https://maps.roads.maryland.gov/itms_public/?stationid=B150124,0.0,0.17,Urban,3.0,Principal Arterial Other,1.0,11532.0,12222.0,,B,True,False,montgomery_dc_spatial;pg_montgomery_spatial,True,11630.0,11531.0,12440.0,12341.0,11532.0,12222.0,3.0,1.0,187.0,11.14,100.0,806,Census Tract 7048.04,24031704804,24031704805,"Montgomery County, MD","Montgomery County, MD",1.3437590039745546,AADT_2018,daily vehicle trips whose OD path crosses this tract-pair boundary; direct adjacent OD only is stricter and will undercount through traffic
sl_S2012161010_24033807407__24033807408,24033807407__24033807408,other_adjacent_tract_pair,low_review,accepted,S2012161010,Prince George's,Briggs Chaney Rd,CO,12.0,0.89,Briggs Chaney Rd - .10 Mi North Of Old Gunpowder Rd,Fairland Rd To Old Gunpowder Rd,North,2.0,F,13215.0,13390.0,14145.0,14330.0,9.68,56.08,50.1,49.9,24033807407,24033807408,24033,24033,174.58264369795958,4988.752721116884,1,-76.922721551089,39.06224792965642,https://maps.roads.maryland.gov/itms_public/?stationid=S2012161010,0.0,0.97,Urban,4.0,Minor Arterial,1.0,13391.0,14191.0,,S,True,False,pg_dc_spatial;pg_montgomery_spatial,True,13215.0,13390.0,14145.0,14330.0,13391.0,14191.0,2.0,1.0,12.0,9.68,56.08,183,Census Tract 8074.07,24033807407,24033807408,"Prince George's County, MD","Prince George's County, MD",174.58264369795958,AADT_2018,daily vehicle trips whose OD path crosses this tract-pair boundary; direct adjacent OD only is stricter and will undercount through traffic
sl_S2012161142_24033801802__24033801808,24033801802__24033801808,other_adjacent_tract_pair,medium,accepted,S2012161142,Prince George's,23rd Pkwy,CO,1084.0,0.55,23rd Pkwy - Between Iverson St & Gaither St,Iverson St To Oxon Run Dr,South,2.0,F,7195.0,7220.0,7635.0,7650.0,9.85,64.59,50.09,49.91,24033801808,24033801802,24033,24033,67.96700386933423,1062.6910731019886,1,-76.96039429887213,38.83362645615229,https://maps.roads.maryland.gov/itms_public/?stationid=S2012161142,0.5,1.41,Urban,5.0,Major Collector,1.0,7221.0,7941.0,,S,True,False,pg_dc_spatial,True,7195.0,7220.0,7635.0,7650.0,7221.0,7941.0,2.0,1.0,1084.0,9.85,64.59,1562,Census Tract 8018.08,24033801808,24033801802,"Prince George's County, MD","Prince George's County, MD",67.96700386933423,AADT_2018,daily vehicle trips whose OD path crosses this tract-pair boundary; direct adjacent OD only is stricter and will undercount through traffic
sl_S2012161173_24033803900__24033806501,24033803900__24033806501,other_adjacent_tract_pair,high,accepted,S2012161173,Prince George's,Edmonston Rd,CO,3168.0,0.01,Edmonston Rd - Between Md 201 & Ingraham St,Kenilworth Ave To Edmonston Rd (ahead),South,2.0,F,7955.0,9180.0,8435.0,9730.0,7.11,52.62,50.87,49.13,24033803900,24033806501,24033,24033,21.49081882144505,408.80857163151495,3,-76.92383415050101,38.95276170744414,https://maps.roads.maryland.gov/itms_public/?stationid=S2012161173,0.0,0.7,Urban,7.0,Local,1.0,9181.0,10101.0,,S,True,False,pg_dc_spatial;pg_montgomery_spatial,True,7955.0,9180.0,8435.0,9730.0,9181.0,10101.0,2.0,1.0,3168.0,7.11,52.62,514,Census Tract 8039,24033803900,24033806501,"Prince George's County, MD","Prince George's County, MD",21.49081882144505,AADT_2018,daily vehicle trips whose OD path crosses this tract-pair boundary; direct adjacent OD only is stricter and will undercount through traffic
sl_S2017160148_24033800212__24033807408,24033800212__24033807408,other_adjacent_tract_pair,high,accepted,S2017160148,Prince George's,Konterra Dr,MD,206.0,0.74,Md 206 - .05 Mile South Of Cinder Rd,Md 200 To Van Dusen Rd,South,4.0,F,13780.0,13661.0,14610.0,14481.0,11.09,65.76,49.45,50.55,24033800212,24033807408,24033,24033,7.330823843261361,3444.276051456328,1,-76.88820121891165,39.06928651466786,https://maps.roads.maryland.gov/itms_public/?stationid=S2017160148,0.615,1.695,Urban,5.0,Major Collector,1.0,13662.0,15032.0,,S,True,False,pg_dc_spatial;pg_montgomery_spatial,True,13780.0,13661.0,14610.0,14481.0,13662.0,15032.0,4.0,1.0,206.0,11.09,65.76,848,Census Tract 8002.12,24033800212,24033807408,"Prince George's County, MD","Prince George's County, MD",7.330823843261361,AADT_2018,daily vehicle trips whose OD path crosses this tract-pair boundary; direct adjacent OD only is stricter and will undercount through traffic
sl_B3132_24033801802__24033801907,24033801802__24033801907,other_adjacent_tract_pair,high,accepted,B3132,Prince George's,Branch Ave,MD,5.0,13.67,Md5-.20 Mi N Of Md414,Md 414 To Md 458,South,5.0,C,47071.0,46652.0,50371.0,49922.0,7.24,64.09,51.62,48.38,24033801802,24033801907,24033,24033,0.9025230089537025,895.2480961722059,1,-76.9424572656916,38.8344257890458,https://maps.roads.maryland.gov/itms_public/?stationid=B3132,13.47,14.03,Urban,2.0,Principal Arterial Other Freeways and Expressways,1.0,50200.0,53210.0,,B,True,False,pg_dc_route;pg_dc_spatial,True,47071.0,46652.0,50371.0,49922.0,50200.0,53210.0,5.0,1.0,5.0,7.24,64.09,1581,Census Tract 8018.02,24033801802,24033801907,"Prince George's County, MD","Prince George's County, MD",0.9025230089537025,AADT_2018,daily vehicle trips whose OD path crosses this tract-pair boundary; direct adjacent OD only is stricter and will undercount through traffic
sl_S2012161170_24033802407__24033802803,24033802407__24033802803,other_adjacent_tract_pair,high,accepted,S2012161170,Prince George's,Marlboro Pike,CO,3074.0,1.28,Marlboro Pike - Between Brooks Dr & Walker Mill Rd,Pacific Ave To Md 458,South,4.0,F,22465.0,23700.0,24045.0,25360.0,7.84,59.88,50.42,49.58,24033802407,24033802803,24033,24033,0.33813855160958883,1172.8267604854107,2,-76.91529305501786,38.86458036318756,https://maps.roads.maryland.gov/itms_public/?stationid=S2012161170,0.81,2.07,Urban,4.0,Minor Arterial,1.0,23701.0,25121.0,,S,True,False,pg_dc_spatial,True,22465.0,23700.0,24045.0,25360.0,23701.0,25121.0,4.0,1.0,3074.0,7.84,59.88,734,Census Tract 8024.07,24033802407,24033802803,"Prince George's County, MD","Prince George's County, MD",0.33813855160958883,AADT_2018,daily vehicle trips whose OD path crosses this tract-pair boundary; direct adjacent OD only is stricter and will undercount through traffic
sl_B2820_24031705502__24031705701,24031705502__24031705701,other_adjacent_tract_pair,high,accepted,B2820,Montgomery,River Rd,MD,190.0,14.88,Md190-.05 Mile East Of Brookside Dr/ridgefield Rd,Md 614 To Little Falls Pkwy,East,4.0,F,30420.0,30151.0,32550.0,32261.0,7.7,63.14,50.23,49.77,24031705502,24031705701,24031,24031,1.3496527830702247,1907.2863354904853,2,-77.10529895829026,38.96594098307541,https://maps.roads.maryland.gov/itms_public/?stationid=B2820,13.83,15.19,Urban,3.0,Principal Arterial Other,1.0,30152.0,31962.0,933.0,B,True,False,montgomery_dc_route;montgomery_dc_spatial;pg_montgomery_spatial,True,30420.0,30151.0,32550.0,32261.0,30152.0,31962.0,4.0,1.0,190.0,7.7,63.14,743,Census Tract 7055.02,24031705502,24031705701,"Montgomery County, MD","Montgomery County, MD",1.3496527830702247,AADT_2018,daily vehicle trips whose OD path crosses this tract-pair boundary; direct adjacent OD only is stricter and will undercount through traffic
sl_B3289_24033807304__24033807305,24033807304__24033807305,other_adjacent_tract_pair,high,accepted,B3289,Prince George's,Capital Beltway,IS,495.0,0.3,Is495-.10 Mi W Of Md212,Montgomery Co/l To Is 95x,East,9.0,C,253921.0,252402.0,264081.0,262502.0,6.11,51.9,51.72,48.28,24033807305,24033807304,24033,24033,42.06196287173074,1943.9063279611294,1,-76.96582944141267,39.01842780027923,https://maps.roads.maryland.gov/itms_public/?stationid=B3289,0.0,1.17,Urban,1.0,Interstate,1.0,240100.0,249700.0,,B,True,False,pg_montgomery_route;pg_dc_spatial;pg_montgomery_spatial,True,253921.0,252402.0,264081.0,262502.0,240100.0,249700.0,9.0,1.0,495.0,6.11,51.9,180,Census Tract 8073.05,24033807305,24033807304,"Prince George's County, MD","Prince George's County, MD",42.06196287173074,AADT_2018,daily vehicle trips whose OD path crosses this tract-pair boundary; direct adjacent OD only is stricter and will undercount through traffic
sl_B160121_11001009811__24033801600,11001009811__24033801600,pg_dc,low_review,accepted,B160121,Prince George's,Winthrop St,CO,1667.0,0.03,Winthrop St-.03 Mi S Of Audrey La,Audrey La To Road End,North,2.0,F,852.0,843.0,902.0,893.0,8.53,58.75,51.73,48.27,24033801600,11001009811,24033,11001,152.88804166093493,649.1896777674256,1,-76.99766274369195,38.82214510461465,https://maps.roads.maryland.gov/itms_public/?stationid=B160121,0.0,0.24,Urban,7.0,Local,1.0,844.0,934.0,,B,True,False,pg_dc_spatial,True,852.0,843.0,902.0,893.0,844.0,934.0,2.0,1.0,1667.0,8.53,58.75,1570,Census Tract 8016,24033801600,11001009811,"Prince George's County, MD",District of Columbia,152.88804166093493,AADT_2018,daily vehicle trips whose OD path crosses this tract-pair boundary; direct adjacent OD only is stricter and will undercount through traffic
sl_S2012150680_24031700903__24031701211,24031700903__24031701211,other_adjacent_tract_pair,high,accepted,S2012150680,Montgomery,Southlawn La,CO,140.0,1.14,Southlawn La - .10 Mile East Of E Gude Dr,Avery Rd To E Gude Dr,West,3.0,F,10795.0,11190.0,11445.0,11860.0,8.95,72.96,50.6,49.4,24031700903,24031701211,24031,24031,0.15996102759016262,2497.142103640162,1,-77.13602687822257,39.09984448855244,https://maps.roads.maryland.gov/itms_public/?stationid=S2012150680,0.0,1.28,Urban,5.0,Major Collector,1.0,11191.0,12311.0,,S,True,False,montgomery_dc_spatial,True,10795.0,11190.0,11445.0,11860.0,11191.0,12311.0,3.0,1.0,140.0,8.95,72.96,196,Census Tract 7009.03,24031700903,24031701211,"Montgomery County, MD","Montgomery County, MD",0.15996102759016262,AADT_2018,daily vehicle trips whose OD path crosses this tract-pair boundary; direct adjacent OD only is stricter and will undercount through traffic
sl_S2012150960_24031700901__24031701005,24031700901__24031701005,other_adjacent_tract_pair,medium,accepted,S2012150960,Montgomery,Maryland Ave,MU,2012.0,0.65,Maryland Ave - Between Fleet St & S Washington St,Potomac Valley Rd To E Middle La,East,3.0,F,16755.0,15200.0,17935.0,16260.0,9.4,50.06,54.67,45.33,24031700901,24031701005,24031,24031,63.6414127047749,1850.2778080675369,2,-77.15205958001881,39.08081133331959,https://maps.roads.maryland.gov/itms_public/?stationid=S2012150960,0.0,0.97,Urban,4.0,Minor Arterial,1.0,15201.0,16111.0,,S,True,False,montgomery_dc_spatial,True,16755.0,15200.0,17935.0,16260.0,15201.0,16111.0,3.0,1.0,2012.0,9.4,50.06,195,Census Tract 7009.01,24031700901,24031701005,"Montgomery County, MD","Montgomery County, MD",63.6414127047749,AADT_2018,daily vehicle trips whose OD path crosses this tract-pair boundary; direct adjacent OD only is stricter and will undercount through traffic
sl_B150060_24031700817__24031701007,24031700817__24031701007,other_adjacent_tract_pair,high,accepted,B150060,Montgomery,Shady Grove Rd,CO,212.0,2.32,Shady Grove Rd-.10 Mi S Of Md28,Piney Meetinghouse Rd To Md 28,South,4.0,F,29042.0,27670.0,31082.0,29610.0,7.85,58.07,50.59,49.41,24031701007,24031700817,24031,24031,14.662173228255288,2171.047615170135,1,-77.19097796860585,39.10230577655416,https://maps.roads.maryland.gov/itms_public/?stationid=B150060,0.0,2.42,Urban,5.0,Major Collector,1.0,27671.0,29331.0,805.0,B,True,False,pg_montgomery_route;montgomery_dc_spatial,True,29042.0,27670.0,31082.0,29610.0,27671.0,29331.0,4.0,1.0,212.0,7.85,58.07,895,Census Tract 7010.07,24031701007,24031700817,"Montgomery County, MD","Montgomery County, MD",14.662173228255288,AADT_2018,daily vehicle trips whose OD path crosses this tract-pair boundary; direct adjacent OD only is stricter and will undercount through traffic
sl_B160128_24033801104__24033801904,24033801104__24033801904,other_adjacent_tract_pair,high,accepted,B160128,Prince George's,Allentown Rd,MD,337.0,2.6,Md337-.40 Mi N Of Forestville Rd,Forestville Rd To Gv 124 (ahead),North,3.0,F,5153.0,5114.0,5513.0,5474.0,12.23,99.69,99.83,0.17,24033801904,24033801104,24033,24033,0.1087864725382455,4198.583139216432,2,-76.87154835797246,38.82896459267567,https://maps.roads.maryland.gov/itms_public/?stationid=B160128,2.2,2.65,Urban,4.0,Minor Arterial,1.0,5115.0,5425.0,,B,True,False,pg_dc_spatial,True,5153.0,5114.0,5513.0,5474.0,5115.0,5425.0,3.0,1.0,337.0,12.23,99.69,1563,Census Tract 8019.04,24033801904,24033801104,"Prince George's County, MD","Prince George's County, MD",0.1087864725382455,AADT_2018,daily vehicle trips whose OD path crosses this tract-pair boundary; direct adjacent OD only is stricter and will undercount through traffic
sl_B3117_24033800701__24033800707,24033800701__24033800707,other_adjacent_tract_pair,high,accepted,B3117,Prince George's,Pennsylvania Ave,MD,4.0,6.61,Md4-.30 Mi N Of Md223,Md 223 To Dower House Rd,North,5.0,F,61330.0,60781.0,65620.0,65041.0,7.8,79.15,51.68,48.32,24033800701,24033800707,24033,24033,41.49343461887024,6667.816451407222,1,-76.8302865055577,38.81580056373963,https://maps.roads.maryland.gov/itms_public/?stationid=B3117,6.31,7.68,Urban,2.0,Principal Arterial Other Freeways and Expressways,1.0,60782.0,64432.0,4871.0,B,True,False,pg_dc_route;pg_dc_spatial,True,61330.0,60781.0,65620.0,65041.0,60782.0,64432.0,5.0,1.0,4.0,7.8,79.15,1499,Census Tract 8007.01,24033800701,24033800707,"Prince George's County, MD","Prince George's County, MD",41.49343461887024,AADT_2018,daily vehicle trips whose OD path crosses this tract-pair boundary; direct adjacent OD only is stricter and will undercount through traffic
sl_B3183_24033806706__24033806800,24033806706__24033806800,other_adjacent_tract_pair,medium,accepted,B3183,Prince George's,Kenilworth Ave,MD,201.0,6.23,Md201-.10 Mi N Of Pontiac St,Good Luck Rd To Md 193,North,5.0,F,40092.0,42750.0,42902.0,45740.0,8.0,61.72,48.7,51.3,24033806706,24033806800,24033,24033,71.27348611819896,2769.052343355996,1,-76.90448112000608,38.99134145025467,https://maps.roads.maryland.gov/itms_public/?stationid=B3183,4.76,6.64,Urban,2.0,Principal Arterial Other Freeways and Expressways,1.0,42751.0,45321.0,,B,True,False,pg_dc_route;pg_dc_spatial;pg_montgomery_spatial,True,40092.0,42750.0,42902.0,45740.0,42751.0,45321.0,5.0,1.0,201.0,8.0,61.72,1378,Census Tract 8067.06,24033806706,24033806800,"Prince George's County, MD","Prince George's County, MD",71.27348611819896,AADT_2018,daily vehicle trips whose OD path crosses this tract-pair boundary; direct adjacent OD only is stricter and will undercount through traffic
sl_S2012161174_24033803300__24033803402,24033803300__24033803402,other_adjacent_tract_pair,low_review,accepted,S2012161174,Prince George's,Belle Haven Dr                          ,CO,3191.0,0.08,Belle Haven Dr - .10 Mi South Of Md 704,Martin Luther King Jr Hwy To Sheriff Rd,South,2.0,F,8535.0,8650.0,9055.0,9170.0,8.67,59.93,48.32,51.68,24033803402,24033803300,24033,24033,129.84845351173587,1587.2779567995044,1,-76.88220138640037,38.91535417290767,https://maps.roads.maryland.gov/itms_public/?stationid=S2012161174,0.0,0.26,Urban,5.0,Major Collector,1.0,8651.0,9521.0,,S,True,False,pg_dc_spatial,True,8535.0,8650.0,9055.0,9170.0,8651.0,9521.0,2.0,1.0,3191.0,8.67,59.93,610,Census Tract 8034.02,24033803402,24033803300,"Prince George's County, MD","Prince George's County, MD",129.84845351173587,AADT_2018,daily vehicle trips whose OD path crosses this tract-pair boundary; direct adjacent OD only is stricter and will undercount through traffic
sl_S2012161082_24033801406__24033801407,24033801406__24033801407,other_adjacent_tract_pair,high,accepted,S2012161082,Prince George's,Bock Rd,CO,148.0,2.53,Bock Rd - Between Tucker Rd & Op 42-no Name,Kingsway Rd To Tucker Rd,East,2.0,F,9635.0,10490.0,10315.0,11220.0,9.96,70.28,49.96,50.04,24033801407,24033801406,24033,24033,0.7020744262177802,2098.2113279248997,2,-76.95806044342463,38.77576429145876,https://maps.roads.maryland.gov/itms_public/?stationid=S2012161082,1.57,2.56,Urban,4.0,Minor Arterial,1.0,10491.0,11121.0,,S,True,False,pg_dc_spatial,True,9635.0,10490.0,10315.0,11220.0,10491.0,11121.0,2.0,1.0,148.0,9.96,70.28,1556,Census Tract 8014.07,24033801407,24033801406,"Prince George's County, MD","Prince George's County, MD",0.7020744262177802,AADT_2018,daily vehicle trips whose OD path crosses this tract-pair boundary; direct adjacent OD only is stricter and will undercount through traffic
sl_S2012161137_24033801805__24033801807,24033801805__24033801807,other_adjacent_tract_pair,high,accepted,S2012161137,Prince George's,Oxon Run Dr,CO,996.0,0.05,Oxon Run Dr - .10 Mi West Of Md 637,Naylor Rd To Road End,West,3.0,C,5555.0,5515.0,5895.0,5855.0,7.85,53.66,51.93,48.07,24033801805,24033801807,24033,24033,1.2599984663541024,1036.7483237363954,1,-76.95870771012956,38.84931544673719,https://maps.roads.maryland.gov/itms_public/?stationid=S2012161137,0.0,1.12,Urban,5.0,Major Collector,1.0,6240.0,6860.0,,S,True,False,pg_dc_spatial,True,5555.0,5515.0,5895.0,5855.0,6240.0,6860.0,3.0,1.0,996.0,7.85,53.66,1583,Census Tract 8018.05,24033801805,24033801807,"Prince George's County, MD","Prince George's County, MD",1.2599984663541024,AADT_2018,daily vehicle trips whose OD path crosses this tract-pair boundary; direct adjacent OD only is stricter and will undercount through traffic
sl_B3184_24033806706__24033806713,24033806706__24033806713,other_adjacent_tract_pair,high,accepted,B3184,Prince George's,Kenilworth Ave,MD,201.0,6.87,Md201-.30 Mi S Of Is95,Md 193 To Is 95,North,5.0,F,50992.0,54290.0,54562.0,58090.0,7.73,59.05,48.13,51.87,24033806706,24033806713,24033,24033,20.398680881617196,1045.4630900724371,1,-76.89807751633418,38.99892922772575,https://maps.roads.maryland.gov/itms_public/?stationid=B3184,6.64,7.17,Urban,2.0,Principal Arterial Other Freeways and Expressways,1.0,54291.0,57551.0,3757.0,B,True,False,pg_dc_route;pg_dc_spatial;pg_montgomery_spatial,True,50992.0,54290.0,54562.0,58090.0,54291.0,57551.0,5.0,1.0,201.0,7.73,59.05,1378,Census Tract 8067.06,24033806706,24033806713,"Prince George's County, MD","Prince George's County, MD",20.398680881617196,AADT_2018,daily vehicle trips whose OD path crosses this tract-pair boundary; direct adjacent OD only is stricter and will undercount through traffic
sl_S2012150950_24031701004__24031701005,24031701004__24031701005,other_adjacent_tract_pair,high,accepted,S2012150950,Montgomery,Henderson Cir                           ,MU,1390.0,0.08,Henderson Cir - Between Beall Ave & Mannakee St,Beall Ave To Beall Ave,North,2.0,F,5085.0,4610.0,5395.0,4890.0,9.33,51.78,51.6,48.4,24031701004,24031701005,24031,24031,0.7391599940927267,1489.4494065568085,1,-77.16668779012288,39.08810291170679,https://maps.roads.maryland.gov/itms_public/?stationid=S2012150950,0.0,0.14,Urban,6.0,Minor Collector,1.0,4611.0,5071.0,,S,True,False,montgomery_dc_spatial,True,5085.0,4610.0,5395.0,4890.0,4611.0,5071.0,2.0,1.0,1390.0,9.33,51.78,211,Census Tract 7010.04,24031701004,24031701005,"Montgomery County, MD","Montgomery County, MD",0.7391599940927267,AADT_2018,daily vehicle trips whose OD path crosses this tract-pair boundary; direct adjacent OD only is stricter and will undercount through traffic
sl_S2012161192_24033801706__24033801801,24033801706__24033801801,other_adjacent_tract_pair,high,accepted,S2012161192,Prince George's,Raleigh Rd,CO,3733.0,0.08,Raleigh Rd - .10 Mi North Of Md 414,St Barnabas Rd To Olson St,South,2.0,F,5635.0,5650.0,5975.0,5990.0,9.96,62.18,48.59,51.41,24033801706,24033801801,24033,24033,0.5547542517736428,536.237125640326,3,-76.95090860959638,38.82423689737911,https://maps.roads.maryland.gov/itms_public/?stationid=S2012161192,0.0,0.38,Urban,5.0,Major Collector,1.0,5651.0,6221.0,,S,True,False,pg_dc_spatial,True,5635.0,5650.0,5975.0,5990.0,5651.0,6221.0,2.0,1.0,3733.0,9.96,62.18,1529,Census Tract 8017.06,24033801706,24033801801,"Prince George's County, MD","Prince George's County, MD",0.5547542517736428,AADT_2018,daily vehicle trips whose OD path crosses this tract-pair boundary; direct adjacent OD only is stricter and will undercount through traffic
sl_B3218_24033802700__24033802901,24033802700__24033802901,other_adjacent_tract_pair,high,accepted,B3218,Prince George's,E Capitol St,MD,214.0,0.1,Md214-.10 Mi E Of Wash Dc Line,Washington Dc/l To Maryland Park Dr,East,6.0,C,23921.0,23712.0,25601.0,25372.0,7.85,67.09,44.3,55.7,24033802700,24033802901,24033,24033,15.271683306477467,1201.8437740187703,3,-76.91167962041504,38.88962473904599,https://maps.roads.maryland.gov/itms_public/?stationid=B3218,0.0,0.33,Urban,3.0,Principal Arterial Other,1.0,22560.0,23910.0,,B,True,False,pg_dc_route;pg_dc_spatial,True,23921.0,23712.0,25601.0,25372.0,22560.0,23910.0,6.0,1.0,214.0,7.85,67.09,594,Census Tract 8027,24033802700,24033802901,"Prince George's County, MD","Prince George's County, MD",15.271683306477467,AADT_2018,daily vehicle trips whose OD path crosses this tract-pair boundary; direct adjacent OD only is stricter and will undercount through traffic
sl_B160082_24033800206__24033800411,24033800206__24033800411,other_adjacent_tract_pair,low_review,accepted,B160082,Prince George's,Laurel Bowie Rd,MD,197.0,10.03,Md197-.10 Mi S Of Powder Mill Rd,Racetrack Rd To Powder Mill Rd,North,3.0,C,20601.0,20482.0,21631.0,21512.0,9.64,61.69,50.18,49.82,24033800411,24033800206,24033,24033,157.17597652755902,6878.148683613939,1,-76.81471066984695,39.04831453544946,https://maps.roads.maryland.gov/itms_public/?stationid=B160082,5.76,10.13,Rural,4.0,Minor Arterial,1.0,22230.0,23120.0,534.0,B,True,False,pg_dc_spatial;pg_montgomery_spatial,True,20601.0,20482.0,21631.0,21512.0,22230.0,23120.0,3.0,1.0,197.0,9.64,61.69,448,Census Tract 8004.11,24033800411,24033800206,"Prince George's County, MD","Prince George's County, MD",157.17597652755902,AADT_2018,daily vehicle trips whose OD path crosses this tract-pair boundary; direct adjacent OD only is stricter and will undercount through traffic
sl_S2012161093_24033805909__24033806400,24033805909__24033806400,other_adjacent_tract_pair,high,accepted,S2012161093,Prince George's,Adelphi Rd,CO,232.0,1.63,Adelphi Rd - Between Campus Dr & Tulane Dr,Md 193 To Wells Pkwy,South,6.0,F,31455.0,31360.0,33665.0,33560.0,7.8,51.24,48.56,51.44,24033805909,24033806400,24033,24033,0.44117340738794275,951.8939517007806,3,-76.95561683181572,38.98518227211063,https://maps.roads.maryland.gov/itms_public/?stationid=S2012161093,1.54,2.07,Urban,4.0,Minor Arterial,1.0,31361.0,33241.0,,S,True,False,pg_dc_spatial;pg_montgomery_spatial,True,31455.0,31360.0,33665.0,33560.0,31361.0,33241.0,6.0,1.0,232.0,7.8,51.24,685,Census Tract 8059.09,24033805909,24033806400,"Prince George's County, MD","Prince George's County, MD",0.44117340738794275,AADT_2018,daily vehicle trips whose OD path crosses this tract-pair boundary; direct adjacent OD only is stricter and will undercount through traffic
sl_B3144_24033806713__24033807408,24033806713__24033807408,other_adjacent_tract_pair,high,accepted,B3144,Prince George's,Capital Beltway,IS,95.0,23.34,Is95-.30 Mi N Of Md201,Md 201 To Greenbelt Commuter Station Rd,South,8.0,F,215272.0,212070.0,223882.0,220550.0,6.59,52.32,49.63,50.37,24033807408,24033806713,24033,24033,31.921455231956667,942.1522158286523,1,-76.8983879812829,39.006797122301975,https://maps.roads.maryland.gov/itms_public/?stationid=B3144,23.04,23.84,Urban,1.0,Interstate,1.0,213551.0,222091.0,14061.0,B,True,False,pg_montgomery_route;pg_dc_spatial;pg_montgomery_spatial,True,215272.0,212070.0,223882.0,220550.0,213551.0,222091.0,8.0,1.0,95.0,6.59,52.32,1566,Census Tract 8074.08,24033807408,24033806713,"Prince George's County, MD","Prince George's County, MD",31.921455231956667,AADT_2018,daily vehicle trips whose OD path crosses this tract-pair boundary; direct adjacent OD only is stricter and will undercount through traffic
sl_S2012161190_24033801901__24033801904,24033801901__24033801904,other_adjacent_tract_pair,medium,accepted,S2012161190,Prince George's,Henderson Rd                            ,CO,3676.0,0.07,Henderson Rd - Between Yorkville Rd &yorkfield Dr,Yorkville Rd To Temple Hill Rd,West,2.0,F,2205.0,1910.0,2345.0,2030.0,8.11,56.98,50.99,49.01,24033801901,24033801904,24033,24033,80.96458762989954,3661.548422969313,2,-76.9188603584359,38.8181143289228,https://maps.roads.maryland.gov/itms_public/?stationid=S2012161190,0.0,1.39,Urban,6.0,Minor Collector,1.0,1911.0,2101.0,,S,True,False,pg_dc_spatial,True,2205.0,1910.0,2345.0,2030.0,1911.0,2101.0,2.0,1.0,3676.0,8.11,56.98,1492,Census Tract 8019.01,24033801901,24033801904,"Prince George's County, MD","Prince George's County, MD",80.96458762989954,AADT_2018,daily vehicle trips whose OD path crosses this tract-pair boundary; direct adjacent OD only is stricter and will undercount through traffic
sl_S2012161188_24033801104__24033801211,24033801104__24033801211,other_adjacent_tract_pair,medium,accepted,S2012161188,Prince George's,Old Branch Ave,CO,3675.0,1.58,Old Branch Ave - Between Kirby Rd & Wolverton La,Kirby Rd To Allentown Rd,South,3.0,F,9925.0,10660.0,10625.0,11410.0,8.0,51.17,58.54,41.46,24033801211,24033801104,24033,24033,50.66345758093618,2107.6393996960896,1,-76.89768854491784,38.78777317949384,https://maps.roads.maryland.gov/itms_public/?stationid=S2012161188,1.52,2.84,Urban,4.0,Minor Arterial,1.0,10661.0,11301.0,,S,True,False,pg_dc_spatial,True,9925.0,10660.0,10625.0,11410.0,10661.0,11301.0,3.0,1.0,3675.0,8.0,51.17,881,Census Tract 8012.11,24033801211,24033801104,"Prince George's County, MD","Prince George's County, MD",50.66345758093618,AADT_2018,daily vehicle trips whose OD path crosses this tract-pair boundary; direct adjacent OD only is stricter and will undercount through traffic
sl_S2012150653_24031701407__24031701408,24031701407__24031701408,other_adjacent_tract_pair,high,accepted,S2012150653,Montgomery,Briggs Chaney Rd,CO,95.0,0.2,Briggs Chaney Rd  -.10 Mile East Of Md 650,Md 650 To Good Hope Rd,East,2.0,F,8025.0,7730.0,8595.0,8270.0,9.47,51.41,49.29,50.71,24031701408,24031701407,24031,24031,0.16301864547404282,5146.206738892948,1,-76.9948300717335,39.107153808041865,https://maps.roads.maryland.gov/itms_public/?stationid=S2012150653,0.0,0.98,Urban,4.0,Minor Arterial,1.0,7731.0,8201.0,,S,True,False,pg_montgomery_route;montgomery_dc_spatial;pg_montgomery_spatial,True,8025.0,7730.0,8595.0,8270.0,7731.0,8201.0,2.0,1.0,95.0,9.47,51.41,1394,Census Tract 7014.08,24031701408,24031701407,"Montgomery County, MD","Montgomery County, MD",0.16301864547404282,AADT_2018,daily vehicle trips whose OD path crosses this tract-pair boundary; direct adjacent OD only is stricter and will undercount through traffic
sl_S2012161054_24033801704__24033801708,24033801704__24033801708,other_adjacent_tract_pair,high,accepted,S2012161054,Prince George's,Owens Rd,CO,112.0,0.13,Owens Rd - .10 Mi West Of Wheeler Rd,Wheeler Rd To Wash Dc Line,West,2.0,F,7485.0,7340.0,7935.0,7780.0,13.39,77.06,41.34,58.66,24033801708,24033801704,24033,24033,0.33757180340467047,2222.7119876339134,2,-76.9664397505285,38.81716617608127,https://maps.roads.maryland.gov/itms_public/?stationid=S2012161054,0.0,1.96,Urban,5.0,Major Collector,1.0,7341.0,8081.0,,S,True,False,pg_dc_spatial,True,7485.0,7340.0,7935.0,7780.0,7341.0,8081.0,2.0,1.0,112.0,13.39,77.06,1508,Census Tract 8017.08,24033801708,24033801704,"Prince George's County, MD","Prince George's County, MD",0.33757180340467047,AADT_2018,daily vehicle trips whose OD path crosses this tract-pair boundary; direct adjacent OD only is stricter and will undercount through traffic
sl_S2012150943_24031701101__24031701102,24031701101__24031701102,other_adjacent_tract_pair,medium,accepted,S2012150943,Montgomery,Edmonston Dr,MU,1000.0,0.67,Edmonston Dr - Between Md 586 & Grandin Ave,Denham Rd To Veirs Mill Rd,West,2.0,F,2105.0,2080.0,2235.0,2210.0,10.13,55.41,48.86,51.14,24031701101,24031701102,24031,24031,59.693346024818155,2361.346272679182,1,-77.13088318509281,39.07906472276032,https://maps.roads.maryland.gov/itms_public/?stationid=S2012150943,0.0,0.7,Urban,6.0,Minor Collector,1.0,2081.0,2291.0,,S,True,False,montgomery_dc_spatial,True,2105.0,2080.0,2235.0,2210.0,2081.0,2291.0,2.0,1.0,1000.0,10.13,55.41,1188,Census Tract 7011.01,24031701101,24031701102,"Montgomery County, MD","Montgomery County, MD",59.693346024818155,AADT_2018,daily vehicle trips whose OD path crosses this tract-pair boundary; direct adjacent OD only is stricter and will undercount through traffic
sl_S2012161196_24033800605__24033800606,24033800605__24033800606,other_adjacent_tract_pair,low_review,accepted,S2012161196,Prince George's,Old Marlboro Pike,CO,4024.0,3.5,Old Marlboro Pike - .10 Mi West Of Brown Station Rd,Ritchie Marlboro Rd To Old Marlboro Pike/brown Station Rd,East,2.0,F,8515.0,8870.0,9115.0,9490.0,8.1,65.32,48.91,51.09,24033800605,24033800606,24033,24033,166.00930721191477,3614.373465903645,1,-76.76532273372882,38.81842202480372,https://maps.roads.maryland.gov/itms_public/?stationid=S2012161196,2.75,3.6,Urban,4.0,Minor Arterial,1.0,8871.0,9401.0,,S,True,False,pg_dc_spatial,True,8515.0,8870.0,9115.0,9490.0,8871.0,9401.0,2.0,1.0,4024.0,8.1,65.32,1554,Census Tract 8006.05,24033800605,24033800606,"Prince George's County, MD","Prince George's County, MD",166.00930721191477,AADT_2018,daily vehicle trips whose OD path crosses this tract-pair boundary; direct adjacent OD only is stricter and will undercount through traffic
sl_B160130_24033807404__24033807405,24033807404__24033807405,other_adjacent_tract_pair,high,accepted,B160130,Prince George's,Powder Mill Rd,MD,212.0,0.1,Md 212a-.10 Mile E Of Powder Mill Rd,Powder Mill Road To Md 201,East,3.0,F,21000.0,20811.0,22470.0,22271.0,8.58,58.93,58.53,41.47,24033807405,24033807404,24033,24033,0.030375310284824843,4787.634547448448,1,-76.92092096973015,39.05021277933215,https://maps.roads.maryland.gov/itms_public/?stationid=B160130,0.0,1.452,Urban,4.0,Minor Arterial,1.0,20812.0,22062.0,,B,True,False,pg_dc_route;pg_montgomery_route;pg_dc_spatial;pg_montgomery_spatial,True,21000.0,20811.0,22470.0,22271.0,20812.0,22062.0,3.0,1.0,212.0,8.58,58.93,181,Census Tract 8074.05,24033807405,24033807404,"Prince George's County, MD","Prince George's County, MD",0.030375310284824843,AADT_2018,daily vehicle trips whose OD path crosses this tract-pair boundary; direct adjacent OD only is stricter and will undercount through traffic
sl_B2869_24031701004__24031701211,24031701004__24031701211,other_adjacent_tract_pair,high,accepted,B2869,Montgomery,Hungerford Dr,MD,355.0,10.67,Md355-.50 Mi S Of Gude Dr,Md 28 To Shady Grove Rd,South,6.0,F,46710.0,46291.0,49980.0,49531.0,8.09,78.62,46.76,53.24,24031701211,24031701004,24031,24031,5.25209178069396,2932.731445041084,1,-77.15482855333882,39.10140433166499,https://maps.roads.maryland.gov/itms_public/?stationid=B2869,9.17,12.62,Urban,3.0,Principal Arterial Other,1.0,46292.0,49072.0,1248.0,B,True,False,montgomery_dc_route;montgomery_dc_spatial,True,46710.0,46291.0,49980.0,49531.0,46292.0,49072.0,6.0,1.0,355.0,8.09,78.62,1404,Census Tract 7012.11,24031701211,24031701004,"Montgomery County, MD","Montgomery County, MD",5.25209178069396,AADT_2018,daily vehicle trips whose OD path crosses this tract-pair boundary; direct adjacent OD only is stricter and will undercount through traffic
sl_S2012161063_24033801708__24033801907,24033801708__24033801907,other_adjacent_tract_pair,high,accepted,S2012161063,Prince George's,Temple Hill Rd,CO,123.0,5.55,Temple Hill Rd - Between Md 414 & Carlton Ave,Fisher Rd To Md 414,South,3.0,F,12575.0,13630.0,13465.0,14580.0,9.09,64.79,50.02,49.98,24033801708,24033801907,24033,24033,0.034259094825838325,715.4136998049341,3,-76.94983057825482,38.82253660862771,https://maps.roads.maryland.gov/itms_public/?stationid=S2012161063,4.9,5.61,Urban,5.0,Major Collector,1.0,13631.0,14451.0,,S,True,False,pg_dc_spatial,True,12575.0,13630.0,13465.0,14580.0,13631.0,14451.0,3.0,1.0,123.0,9.09,64.79,1508,Census Tract 8017.08,24033801708,24033801907,"Prince George's County, MD","Prince George's County, MD",0.034259094825838325,AADT_2018,daily vehicle trips whose OD path crosses this tract-pair boundary; direct adjacent OD only is stricter and will undercount through traffic
sl_S2012161172_24033802103__24033802203,24033802103__24033802203,other_adjacent_tract_pair,high,accepted,S2012161172,Prince George's,Marlboro Pike,CO,3074.0,3.32,Marlboro Pike - Between Donnell Dr & Lorring Dr,Donnell Dr To Road End,South,3.0,F,21545.0,21400.0,23055.0,22900.0,7.76,50.3,46.93,53.07,24033802203,24033802103,24033,24033,4.800007377171901,2000.6293955780789,1,-76.88400871231038,38.84977954036162,https://maps.roads.maryland.gov/itms_public/?stationid=S2012161172,3.26,4.6,Urban,4.0,Minor Arterial,1.0,21401.0,22691.0,,S,True,False,pg_dc_spatial,True,21545.0,21400.0,23055.0,22900.0,21401.0,22691.0,3.0,1.0,3074.0,7.76,50.3,546,Census Tract 8022.03,24033802203,24033802103,"Prince George's County, MD","Prince George's County, MD",4.800007377171901,AADT_2018,daily vehicle trips whose OD path crosses this tract-pair boundary; direct adjacent OD only is stricter and will undercount through traffic
sl_S1997160120_24033802804__24033803519,24033802804__24033803519,other_adjacent_tract_pair,low_review,accepted,S1997160120,Prince George's,Garrett A Morgan Blvd,CO,5730.0,0.1,Summerfield Blvd North Of Md 214,Ritchie Rd To Fedex Way,South,6.0,F,13565.0,16890.0,14525.0,18070.0,9.6,55.48,49.21,50.79,24033803519,24033802804,24033,24033,143.3492619455524,1254.6933144796508,2,-76.86338078288277,38.89106003246692,https://maps.roads.maryland.gov/itms_public/?stationid=S1997160120,0.0,1.24,Urban,4.0,Minor Arterial,1.0,16891.0,17901.0,,S,True,False,pg_dc_spatial,True,13565.0,16890.0,14525.0,18070.0,16891.0,17901.0,6.0,1.0,5730.0,9.6,55.48,475,Census Tract 8035.19,24033803519,24033802804,"Prince George's County, MD","Prince George's County, MD",143.3492619455524,AADT_2018,daily vehicle trips whose OD path crosses this tract-pair boundary; direct adjacent OD only is stricter and will undercount through traffic
sl_S2012150667_24031703208__24031703209,24031703208__24031703209,other_adjacent_tract_pair,high,accepted,S2012150667,Montgomery,Arcola Ave,CO,124.0,1.49,Arcola Ave - Between Kemp Mill Rd & Heather Crest Terr,Kemp Mill Rd To Lamberton Dr,West,2.0,F,16115.0,15840.0,17245.0,16950.0,8.62,57.44,48.95,51.05,24031703208,24031703209,24031,24031,0.21336060429495396,1294.1353263416684,2,-77.03129524572121,39.04497100526159,https://maps.roads.maryland.gov/itms_public/?stationid=S2012150667,1.41,1.79,Urban,4.0,Minor Arterial,1.0,15841.0,16791.0,,S,True,False,montgomery_dc_spatial;pg_montgomery_spatial,True,16115.0,15840.0,17245.0,16950.0,15841.0,16791.0,2.0,1.0,124.0,8.62,57.44,1423,Census Tract 7032.08,24031703208,24031703209,"Montgomery County, MD","Montgomery County, MD",0.21336060429495396,AADT_2018,daily vehicle trips whose OD path crosses this tract-pair boundary; direct adjacent OD only is stricter and will undercount through traffic
sl_S2012161120_24033801207__24033801215,24033801207__24033801215,other_adjacent_tract_pair,high,accepted,S2012161120,Prince George's,Dangerfield Rd,CO,557.0,0.11,Dangerfield Rd - .10 Mi South Of Md 223,Woodyard Rd To Surratts Rd,South,3.0,F,8265.0,7270.0,8765.0,7710.0,7.97,67.53,47.92,52.08,24033801215,24033801207,24033,24033,0.049121788302123104,4050.753424802134,2,-76.86712251397616,38.77436318361168,https://maps.roads.maryland.gov/itms_public/?stationid=S2012161120,0.0,2.16,Urban,5.0,Major Collector,1.0,7271.0,8001.0,,S,True,False,pg_dc_spatial,True,8265.0,7270.0,8765.0,7710.0,7271.0,8001.0,3.0,1.0,557.0,7.97,67.53,679,Census Tract 8012.15,24033801215,24033801207,"Prince George's County, MD","Prince George's County, MD",0.049121788302123104,AADT_2018,daily vehicle trips whose OD path crosses this tract-pair boundary; direct adjacent OD only is stricter and will undercount through traffic
sl_B3243_24033800601__24033800608,24033800601__24033800608,other_adjacent_tract_pair,high,accepted,B3243,Prince George's,Crain Hwy,US,301.0,15.01,Us301-.20 Mi N Of Md725,Md 4 To Queen Anne Rd,North,5.0,C,46491.0,46072.0,49751.0,49302.0,7.06,54.55,49.97,50.03,24033800601,24033800608,24033,24033,19.888449776736742,3186.337224933045,1,-76.73417328563767,38.826798568143815,https://maps.roads.maryland.gov/itms_public/?stationid=B3243,14.1,19.02,Urban,3.0,Principal Arterial Other,1.0,47820.0,50690.0,2977.0,B,True,False,pg_dc_route,True,46491.0,46072.0,49751.0,49302.0,47820.0,50690.0,5.0,1.0,301.0,7.06,54.55,509,Census Tract 8006.01,24033800601,24033800608,"Prince George's County, MD","Prince George's County, MD",19.888449776736742,AADT_2018,daily vehicle trips whose OD path crosses this tract-pair boundary; direct adjacent OD only is stricter and will undercount through traffic
sl_B160086_24033807404__24033807408,24033807404__24033807408,other_adjacent_tract_pair,high,accepted,B160086,Prince George's,Powder Mill Rd,MD,212.0,8.44,Md 212-.10 Mi S Of Powder Mill Rd/old Gunpowder Rd,Is 95 To Old Gunpowder Rd,North,5.0,F,36070.0,35751.0,38600.0,38251.0,7.74,58.95,52.84,47.16,24033807404,24033807408,24033,24033,18.393010526145385,8285.069261936966,2,-76.92451450664942,39.05207127552144,https://maps.roads.maryland.gov/itms_public/?stationid=B160086,8.08,8.54,Urban,4.0,Minor Arterial,1.0,35752.0,37902.0,,B,True,False,pg_dc_route;pg_montgomery_route;pg_dc_spatial;pg_montgomery_spatial,True,36070.0,35751.0,38600.0,38251.0,35752.0,37902.0,5.0,1.0,212.0,7.74,58.95,510,Census Tract 8074.04,24033807404,24033807408,"Prince George's County, MD","Prince George's County, MD",18.393010526145385,AADT_2018,daily vehicle trips whose OD path crosses this tract-pair boundary; direct adjacent OD only is stricter and will undercount through traffic
sl_S2012150760_24031702200__24031702301,24031702200__24031702301,other_adjacent_tract_pair,high,accepted,S2012150760,Montgomery,E Wayne Ave,MD,594.0,1.37,E Wayne Ave - Between Flower Ave & Bradford Rd,Sligo Creek Pkwy To Flower Ave,East,2.0,F,8375.0,7970.0,8885.0,8450.0,9.3,51.22,48.16,51.84,24031702200,24031702301,24031,24031,1.0338777138457116,1355.1078615352199,2,-77.00598519911641,39.00279020300099,https://maps.roads.maryland.gov/itms_public/?stationid=S2012150760,1.02,1.4,Urban,5.0,Major Collector,1.0,7971.0,8771.0,,S,True,False,montgomery_dc_spatial;pg_montgomery_spatial,True,8375.0,7970.0,8885.0,8450.0,7971.0,8771.0,2.0,1.0,594.0,9.3,51.22,1448,Census Tract 7022,24031702200,24031702301,"Montgomery County, MD","Montgomery County, MD",1.0338777138457116,AADT_2018,daily vehicle trips whose OD path crosses this tract-pair boundary; direct adjacent OD only is stricter and will undercount through traffic
sl_B3196_24033804102__24033804200,24033804102__24033804200,other_adjacent_tract_pair,high,accepted,B3196,Prince George's,Landover Rd,MD,202.0,13.32,Md202-.10 Mi S Of Md295,Cheverly Ave To Md 295,South,6.0,C,44821.0,44422.0,47961.0,47532.0,7.5,66.44,48.41,51.59,24033804102,24033804200,24033,24033,3.703984953864716,242.98684528326757,3,-76.9151935872614,38.9345762952606,https://maps.roads.maryland.gov/itms_public/?stationid=B3196,13.28,13.42,Urban,3.0,Principal Arterial Other,1.0,47930.0,50810.0,,B,True,False,pg_dc_route;pg_dc_spatial;pg_montgomery_spatial,True,44821.0,44422.0,47961.0,47532.0,47930.0,50810.0,6.0,1.0,202.0,7.5,66.44,517,Census Tract 8041.02,24033804102,24033804200,"Prince George's County, MD","Prince George's County, MD",3.703984953864716,AADT_2018,daily vehicle trips whose OD path crosses this tract-pair boundary; direct adjacent OD only is stricter and will undercount through traffic
sl_B3217_24033807409__24033807410,24033807409__24033807410,other_adjacent_tract_pair,low_review,accepted,B3217,Prince George's,Powder Mill Rd,MD,212.0,6.77,Md212-.10 Mi S Of Cherry Hill Rd,Powder Mill Rd To Cherry Hill Rd,North,3.0,F,23330.0,23121.0,24960.0,24741.0,8.54,51.51,47.27,52.73,24033807409,24033807410,24033,24033,166.85319643856056,1922.4911253469234,1,-76.94807922547186,39.03826866048382,https://maps.roads.maryland.gov/itms_public/?stationid=B3217,5.41,6.87,Urban,4.0,Minor Arterial,1.0,24092.0,24512.0,,B,True,False,pg_dc_route;pg_montgomery_route;pg_dc_spatial;pg_montgomery_spatial,True,23330.0,23121.0,24960.0,24741.0,24092.0,24512.0,3.0,1.0,212.0,8.54,51.51,1362,Census Tract 8074.09,24033807409,24033807410,"Prince George's County, MD","Prince George's County, MD",166.85319643856056,AADT_2018,daily vehicle trips whose OD path crosses this tract-pair boundary; direct adjacent OD only is stricter and will undercount through traffic
sl_B3190_24033803514__24033803521,24033803514__24033803521,other_adjacent_tract_pair,high,accepted,B3190,Prince George's,Landover Rd,MD,202.0,9.26,Md202-.30 Mi S Of Is95,Md 214 To Is 95,South,6.0,C,66081.0,65492.0,70711.0,70082.0,6.86,59.62,49.68,50.32,24033803521,24033803514,24033,24033,1.4704307708489222,2029.304942801052,1,-76.84645081772959,38.91685159386872,https://maps.roads.maryland.gov/itms_public/?stationid=B3190,7.65,9.55,Urban,3.0,Principal Arterial Other,1.0,70950.0,75210.0,1589.0,B,True,False,pg_dc_route;pg_dc_spatial,True,66081.0,65492.0,70711.0,70082.0,70950.0,75210.0,6.0,1.0,202.0,6.86,59.62,871,Census Tract 8035.21,24033803521,24033803514,"Prince George's County, MD","Prince George's County, MD",1.4704307708489222,AADT_2018,daily vehicle trips whose OD path crosses this tract-pair boundary; direct adjacent OD only is stricter and will undercount through traffic
sl_B3156_24033801404__24033801500,24033801404__24033801500,other_adjacent_tract_pair,high,accepted,B3156,Prince George's,Capital Beltway,IS,95.0,1.21,Is95-.50 Mi N Of Virginia St/l,Virginia St/l To Is 295,North,9.0,C,236441.0,235022.0,245901.0,244422.0,6.54,52.0,48.67,51.33,24033801404,24033801500,24033,24033,32.92663870567327,3645.8470807008516,1,-77.02404413996922,38.79311091242985,https://maps.roads.maryland.gov/itms_public/?stationid=B3156,0.0,1.754,Urban,1.0,Interstate,1.0,247620.0,257530.0,15634.0,B,True,False,pg_montgomery_route;pg_dc_spatial,True,236441.0,235022.0,245901.0,244422.0,247620.0,257530.0,9.0,1.0,95.0,6.54,52.0,1506,Census Tract 8014.04,24033801404,24033801500,"Prince George's County, MD","Prince George's County, MD",32.92663870567327,AADT_2018,daily vehicle trips whose OD path crosses this tract-pair boundary; direct adjacent OD only is stricter and will undercount through traffic
sl_S2012161058_24033801901__24033801904,24033801901__24033801904,other_adjacent_tract_pair,high,accepted,S2012161058,Prince George's,Brinkley Rd                             ,CO,122.0,3.62,Brinkley Rd - .10 Mi West Of Allentown Rd,Temple Hill Rd To Allentown Rd,West,2.0,F,8325.0,8220.0,8835.0,8710.0,7.78,54.49,48.11,51.89,24033801904,24033801901,24033,24033,1.4458325425499146,3661.5484229693134,2,-76.91186872027393,38.80121529269182,https://maps.roads.maryland.gov/itms_public/?stationid=S2012161058,2.66,3.7,Urban,5.0,Major Collector,1.0,8221.0,9041.0,,S,True,False,pg_dc_spatial,True,8325.0,8220.0,8835.0,8710.0,8221.0,9041.0,2.0,1.0,122.0,7.78,54.49,1563,Census Tract 8019.04,24033801904,24033801901,"Prince George's County, MD","Prince George's County, MD",1.4458325425499146,AADT_2018,daily vehicle trips whose OD path crosses this tract-pair boundary; direct adjacent OD only is stricter and will undercount through traffic
sl_S2012161044_24033800605__24033800701,24033800605__24033800701,other_adjacent_tract_pair,high,accepted,S2012161044,Prince George's,Brooke La,CO,95.0,1.44,Brooke La - Between Brown Station Rd & Sutherland Cir,Ritchie Marlboro Rd To Brown Station Rd,West,2.0,F,3495.0,3630.0,3715.0,3850.0,12.57,51.15,48.88,51.12,24033800701,24033800605,24033,24033,1.0979824882593683,4760.623972553159,2,-76.77319323595405,38.835514850192126,https://maps.roads.maryland.gov/itms_public/?stationid=S2012161044,0.0,1.48,Urban,6.0,Minor Collector,1.0,3631.0,3991.0,,S,True,False,pg_montgomery_route;pg_dc_spatial,True,3495.0,3630.0,3715.0,3850.0,3631.0,3991.0,2.0,1.0,95.0,12.57,51.15,1499,Census Tract 8007.01,24033800701,24033800605,"Prince George's County, MD","Prince George's County, MD",1.0979824882593683,AADT_2018,daily vehicle trips whose OD path crosses this tract-pair boundary; direct adjacent OD only is stricter and will undercount through traffic
sl_S2012161076_24033800704__24033800707,24033800704__24033800707,other_adjacent_tract_pair,low_review,accepted,S2012161076,Prince George's,S Osborne Rd                            ,CO,137.0,0.09,S Osborne Rd - .10 Mi North Of Us 301,Crain Hwy To William Beanes Rd,South,2.0,F,11125.0,11340.0,11795.0,12020.0,7.68,67.72,50.8,49.2,24033800707,24033800704,24033,24033,103.68488092810612,3564.8418610381955,2,-76.7960419651557,38.78449146563885,https://maps.roads.maryland.gov/itms_public/?stationid=S2012161076,0.0,2.34,Urban,5.0,Major Collector,1.0,11481.0,12171.0,,S,True,False,pg_dc_spatial,True,11125.0,11340.0,11795.0,12020.0,11481.0,12171.0,2.0,1.0,137.0,7.68,67.72,455,Census Tract 8007.07,24033800707,24033800704,"Prince George's County, MD","Prince George's County, MD",103.68488092810612,AADT_2018,daily vehicle trips whose OD path crosses this tract-pair boundary; direct adjacent OD only is stricter and will undercount through traffic
sl_B3186_24033807404__24033807408,24033807404__24033807408,other_adjacent_tract_pair,high,accepted,B3186,Prince George's,Edmonston Ave,MD,201.0,9.2,Md201-.20 Mi S Of Md212,Sunnyside Ave To Md 212,North,3.0,F,25985.0,23490.0,27805.0,25130.0,6.75,53.0,48.47,51.53,24033807404,24033807408,24033,24033,0.4616039699813756,8285.069261936966,1,-76.90137125040884,39.028781209573786,https://maps.roads.maryland.gov/itms_public/?stationid=B3186,8.8,9.4,Urban,4.0,Minor Arterial,1.0,23491.0,24901.0,1454.0,B,True,False,pg_dc_route;pg_dc_spatial;pg_montgomery_spatial,True,25985.0,23490.0,27805.0,25130.0,23491.0,24901.0,3.0,1.0,201.0,6.75,53.0,510,Census Tract 8074.04,24033807404,24033807408,"Prince George's County, MD","Prince George's County, MD",0.4616039699813756,AADT_2018,daily vehicle trips whose OD path crosses this tract-pair boundary; direct adjacent OD only is stricter and will undercount through traffic
sl_S2012161217_24033806400__24033807200,24033806400__24033807200,other_adjacent_tract_pair,high,accepted,S2012161217,Prince George's,Mowatt La,SR,94.0,0.32,Mowatt La - .10 Mi South Of Campus Dr,Knox Rd To Campus Dr,North,2.0,F,8575.0,8310.0,9095.0,8810.0,8.93,51.07,51.51,48.49,24033807200,24033806400,24033,24033,4.858573811540152,1964.259526898886,1,-76.948275910705,38.98350505723139,https://maps.roads.maryland.gov/itms_public/?stationid=S2012161217,0.0,0.41,Urban,7.0,Local,1.0,8311.0,9141.0,,S,True,False,pg_dc_spatial;pg_montgomery_spatial,True,8575.0,8310.0,9095.0,8810.0,8311.0,9141.0,2.0,1.0,94.0,8.93,51.07,1523,Census Tract 8072,24033807200,24033806400,"Prince George's County, MD","Prince George's County, MD",4.858573811540152,AADT_2018,daily vehicle trips whose OD path crosses this tract-pair boundary; direct adjacent OD only is stricter and will undercount through traffic
sl_B150079_24031701202__24031704300,24031701202__24031704300,other_adjacent_tract_pair,high,accepted,B150079,Montgomery,Beach Dr,GV,28.0,0.72,Beach Dr-.10 Mi N Of Md547,Garrett Park Rd To Stoneybrook Dr,North,2.0,F,11230.0,11131.0,11900.0,11801.0,11.2,71.75,50.08,49.92,24031701202,24031704300,24031,24031,0.22146334893908862,474.00729657006593,3,-77.08517823743503,39.03222585162484,https://maps.roads.maryland.gov/itms_public/?stationid=B150079,0.0,4.98,Urban,5.0,Major Collector,1.0,11132.0,12252.0,432.0,B,True,False,montgomery_dc_spatial;pg_montgomery_spatial,True,11230.0,11131.0,11900.0,11801.0,11132.0,12252.0,2.0,1.0,28.0,11.2,71.75,553,Census Tract 7012.02,24031701202,24031704300,"Montgomery County, MD","Montgomery County, MD",0.22146334893908862,AADT_2018,daily vehicle trips whose OD path crosses this tract-pair boundary; direct adjacent OD only is stricter and will undercount through traffic
sl_B2978_24031702500__24031702601,24031702500__24031702601,other_adjacent_tract_pair,medium,accepted,B2978,Montgomery,Colesville Rd,MD,384.0,0.2,Md384-.20 Mi E Of Md390,Md 390 To Md 410,East,6.0,F,14780.0,14651.0,15820.0,15681.0,7.57,67.32,53.52,46.48,24031702601,24031702500,24031,24031,82.23271492715082,1198.2905625811447,1,-77.03309090880389,38.99316682743654,https://maps.roads.maryland.gov/itms_public/?stationid=B2978,0.0,0.25,Urban,3.0,Principal Arterial Other,1.0,14652.0,15532.0,,B,True,False,montgomery_dc_spatial;pg_montgomery_spatial,True,14780.0,14651.0,15820.0,15681.0,14652.0,15532.0,6.0,1.0,384.0,7.57,67.32,340,Census Tract 7026.01,24031702601,24031702500,"Montgomery County, MD","Montgomery County, MD",82.23271492715082,AADT_2018,daily vehicle trips whose OD path crosses this tract-pair boundary; direct adjacent OD only is stricter and will undercount through traffic
sl_B3226_24033802002__24033802405,24033802002__24033802405,other_adjacent_tract_pair,high,accepted,B3226,Prince George's,Suitland Rd,MD,218.0,1.54,Md218-.10 Mi W Of Md458,Shadyside Rd To Md 458,East,2.0,F,18740.0,18571.0,20050.0,19871.0,8.48,64.54,52.0,48.0,24033802405,24033802002,24033,24033,0.8401590478024767,746.2765877481875,2,-76.92630479421344,38.84954142696021,https://maps.roads.maryland.gov/itms_public/?stationid=B3226,1.23,1.64,Urban,4.0,Minor Arterial,1.0,18572.0,19692.0,,B,True,False,pg_dc_spatial,True,18740.0,18571.0,20050.0,19871.0,18572.0,19692.0,2.0,1.0,218.0,8.48,64.54,1527,Census Tract 8024.05,24033802405,24033802002,"Prince George's County, MD","Prince George's County, MD",0.8401590478024767,AADT_2018,daily vehicle trips whose OD path crosses this tract-pair boundary; direct adjacent OD only is stricter and will undercount through traffic
sl_S2012150883_24031706008__24031706009,24031706008__24031706009,other_adjacent_tract_pair,medium,accepted,S2012150883,Montgomery,Eggert Dr                               ,CO,5177.0,0.64,Eggert Dr - Between Macarthur Blvd & Capri Pl,Persimmon Tree Rd To Macarthur Blvd,North,2.0,F,1135.0,1210.0,1205.0,1280.0,10.73,66.9,51.7,48.3,24031706009,24031706008,24031,24031,55.12232591593811,9309.72775464845,1,-77.18244156861668,38.97679499656239,https://maps.roads.maryland.gov/itms_public/?stationid=S2012150883,0.0,0.69,Urban,6.0,Minor Collector,1.0,1211.0,1331.0,,S,True,False,montgomery_dc_spatial,True,1135.0,1210.0,1205.0,1280.0,1211.0,1331.0,2.0,1.0,5177.0,10.73,66.9,1389,Census Tract 7060.09,24031706009,24031706008,"Montgomery County, MD","Montgomery County, MD",55.12232591593811,AADT_2018,daily vehicle trips whose OD path crosses this tract-pair boundary; direct adjacent OD only is stricter and will undercount through traffic
sl_B3121_24033802002__24033802103,24033802002__24033802103,other_adjacent_tract_pair,high,accepted,B3121,Prince George's,Pennsylvania Ave,MD,4.0,11.72,Md4-.20 Mi S Of Md458,Forestville Rd To Md 458,South,4.0,F,42742.0,38420.0,45732.0,41110.0,7.53,63.58,50.4,49.6,24033802103,24033802002,24033,24033,26.01916910727887,773.9942455183674,1,-76.9072561785138,38.85137260768514,https://maps.roads.maryland.gov/itms_public/?stationid=B3121,9.79,11.92,Urban,3.0,Principal Arterial Other,1.0,38421.0,40731.0,1103.0,B,True,False,pg_dc_route;pg_dc_spatial,True,42742.0,38420.0,45732.0,41110.0,38421.0,40731.0,4.0,1.0,4.0,7.53,63.58,1564,Census Tract 8021.03,24033802103,24033802002,"Prince George's County, MD","Prince George's County, MD",26.01916910727887,AADT_2018,daily vehicle trips whose OD path crosses this tract-pair boundary; direct adjacent OD only is stricter and will undercount through traffic
sl_S2012150664_24031703207__24031703208,24031703207__24031703208,other_adjacent_tract_pair,high,accepted,S2012150664,Montgomery,Kemp Mill Rd,CO,123.0,1.16,Kemp Mill Rd - Between Stonington Rd & Grays La,Stonington Rd To Arcola Ave,South,2.0,F,11225.0,10890.0,12015.0,11650.0,11.39,74.45,49.94,50.06,24031703207,24031703208,24031,24031,0.21765429617220644,2606.987059145832,1,-77.02473107178551,39.05159027663614,https://maps.roads.maryland.gov/itms_public/?stationid=S2012150664,1.12,1.8,Urban,4.0,Minor Arterial,1.0,10891.0,11541.0,,S,True,False,montgomery_dc_spatial;pg_montgomery_spatial,True,11225.0,10890.0,12015.0,11650.0,10891.0,11541.0,2.0,1.0,123.0,11.39,74.45,352,Census Tract 7032.07,24031703207,24031703208,"Montgomery County, MD","Montgomery County, MD",0.21765429617220644,AADT_2018,daily vehicle trips whose OD path crosses this tract-pair boundary; direct adjacent OD only is stricter and will undercount through traffic
sl_B160080_24033800411__24033800413,24033800411__24033800413,other_adjacent_tract_pair,high,accepted,B160080,Prince George's,Greenbelt Rd,MD,193.0,9.6,Md193-.20 Mi E Of Good Luck Rd,Good Luck Rd To Md 564,East,4.0,F,37792.0,38000.0,40442.0,40660.0,8.15,65.44,50.17,49.83,24033800413,24033800411,24033,24033,13.713989364779069,1804.4390392627065,1,-76.83222041217606,38.99092816256194,https://maps.roads.maryland.gov/itms_public/?stationid=B160080,9.4,10.4,Urban,3.0,Principal Arterial Other,1.0,38001.0,40281.0,733.0,B,True,False,pg_montgomery_route;pg_dc_spatial;pg_montgomery_spatial,True,37792.0,38000.0,40442.0,40660.0,38001.0,40281.0,4.0,1.0,193.0,8.15,65.44,850,Census Tract 8004.13,24033800413,24033800411,"Prince George's County, MD","Prince George's County, MD",13.713989364779069,AADT_2018,daily vehicle trips whose OD path crosses this tract-pair boundary; direct adjacent OD only is stricter and will undercount through traffic
sl_B2976_24031706005__24031706009,24031706005__24031706009,other_adjacent_tract_pair,high,accepted,B2976,Montgomery,River Rd,MD,190.0,10.27,Md190-.20 Mi E Of Md191,Md 191 To Is 495,East,3.0,C,22221.0,22022.0,23781.0,23562.0,8.4,62.38,51.12,48.88,24031706005,24031706009,24031,24031,0.7005024271047794,4191.127902369041,1,-77.17681786520644,39.00035878302321,https://maps.roads.maryland.gov/itms_public/?stationid=B2976,10.02,11.52,Urban,4.0,Minor Arterial,1.0,21200.0,22470.0,599.0,B,True,False,montgomery_dc_route;montgomery_dc_spatial,True,22221.0,22022.0,23781.0,23562.0,21200.0,22470.0,3.0,1.0,190.0,8.4,62.38,1414,Census Tract 7060.05,24031706005,24031706009,"Montgomery County, MD","Montgomery County, MD",0.7005024271047794,AADT_2018,daily vehicle trips whose OD path crosses this tract-pair boundary; direct adjacent OD only is stricter and will undercount through traffic
sl_B3127_24033801214__24033801217,24033801214__24033801217,other_adjacent_tract_pair,high,accepted,B3127,Prince George's,Branch Ave,MD,5.0,8.25,Md5-.40 Mi N Of Md223,Md 223 To Coventry Way,South,6.0,F,111510.0,110511.0,119320.0,118251.0,6.49,62.13,50.68,49.32,24033801214,24033801217,24033,24033,0.6330271255883605,748.7568862202394,2,-76.88688925099873,38.7742912121269,https://maps.roads.maryland.gov/itms_public/?stationid=B3127,7.85,9.02,Urban,2.0,Principal Arterial Other Freeways and Expressways,1.0,110512.0,117142.0,5447.0,B,True,False,pg_dc_route;pg_dc_spatial,True,111510.0,110511.0,119320.0,118251.0,110512.0,117142.0,6.0,1.0,5.0,6.49,62.13,457,Census Tract 8012.14,24033801214,24033801217,"Prince George's County, MD","Prince George's County, MD",0.6330271255883605,AADT_2018,daily vehicle trips whose OD path crosses this tract-pair boundary; direct adjacent OD only is stricter and will undercount through traffic
sl_B150012_24031700816__24031700829,24031700816__24031700829,other_adjacent_tract_pair,high,accepted,B150012,Montgomery,Muddy Branch Rd,CO,81.0,0.93,Muddy Branch Rd-.10 Mi N Of Md119 (great Seneca Hwy),Dufief Mill Rd To Md 117,South,3.0,C,16321.0,16172.0,17461.0,17302.0,9.11,52.33,43.76,56.24,24031700829,24031700816,24031,24031,4.4886225621697475,2731.8868241773575,2,-77.21669386147958,39.11159424633665,https://maps.roads.maryland.gov/itms_public/?stationid=B150012,0.0,3.14,Urban,4.0,Minor Arterial,1.0,16280.0,17260.0,338.0,B,True,False,montgomery_dc_spatial,True,16321.0,16172.0,17461.0,17302.0,16280.0,17260.0,3.0,1.0,81.0,9.11,52.33,613,Census Tract 7008.29,24031700829,24031700816,"Montgomery County, MD","Montgomery County, MD",4.4886225621697475,AADT_2018,daily vehicle trips whose OD path crosses this tract-pair boundary; direct adjacent OD only is stricter and will undercount through traffic
sl_S2012150776_24031701202__24031704300,24031701202__24031704300,other_adjacent_tract_pair,medium,accepted,S2012150776,Montgomery,Parkwood Dr                             ,CO,1064.0,0.04,Parkwood Dr - Between Md 547 & Warner St,Knowles Ave To Cedar La,North,2.0,F,2925.0,2830.0,3105.0,3000.0,10.72,62.16,50.14,49.86,24031704300,24031701202,24031,24031,93.37703298799501,474.0072965700659,2,-77.08574981658568,39.03001289273046,https://maps.roads.maryland.gov/itms_public/?stationid=S2012150776,0.0,1.71,Urban,6.0,Minor Collector,1.0,2831.0,3111.0,,S,True,False,montgomery_dc_spatial;pg_montgomery_spatial,True,2925.0,2830.0,3105.0,3000.0,2831.0,3111.0,2.0,1.0,1064.0,10.72,62.16,558,Census Tract 7043,24031704300,24031701202,"Montgomery County, MD","Montgomery County, MD",93.37703298799501,AADT_2018,daily vehicle trips whose OD path crosses this tract-pair boundary; direct adjacent OD only is stricter and will undercount through traffic
sl_B160113_24033800105__24033800106,24033800105__24033800106,other_adjacent_tract_pair,high,accepted,B160113,Prince George's,Sandy Spring Rd,MD,198.0,2.12,Md198-.10 Mi W Of Van Dusen Rd,Is 95 To Van Dusen Rd,East,6.0,F,49090.0,48651.0,52530.0,52061.0,8.65,63.64,51.65,48.35,24033800106,24033800105,24033,24033,27.44631462061838,1668.5529320576259,2,-76.87313290528527,39.10252788849157,https://maps.roads.maryland.gov/itms_public/?stationid=B160113,1.2,2.23,Urban,3.0,Principal Arterial Other,1.0,48652.0,51572.0,3881.0,B,True,False,pg_montgomery_route;pg_montgomery_spatial,True,49090.0,48651.0,52530.0,52061.0,48652.0,51572.0,6.0,1.0,198.0,8.65,63.64,513,Census Tract 8001.06,24033800106,24033800105,"Prince George's County, MD","Prince George's County, MD",27.44631462061838,AADT_2018,daily vehicle trips whose OD path crosses this tract-pair boundary; direct adjacent OD only is stricter and will undercount through traffic
sl_B160046_24033801404__24033801405,24033801404__24033801405,other_adjacent_tract_pair,high,accepted,B160046,Prince George's,Indian Head Hwy,MD,210.0,11.74,Md 210-.20 Mi N Of Livingston Rd/kerby Hill Rd,Livingston Rd To Is 295 Ramps,North,6.0,F,77002.0,79890.0,82392.0,85480.0,6.18,74.86,52.6,47.4,24033801405,24033801404,24033,24033,17.219097403312613,2565.7202757817663,1,-76.99777687554712,38.7832099433227,https://maps.roads.maryland.gov/itms_public/?stationid=B160046,11.54,12.54,Urban,2.0,Principal Arterial Other Freeways and Expressways,1.0,83251.0,84681.0,,B,True,False,pg_dc_route;pg_dc_spatial,True,77002.0,79890.0,82392.0,85480.0,83251.0,84681.0,6.0,1.0,210.0,6.18,74.86,1568,Census Tract 8014.05,24033801405,24033801404,"Prince George's County, MD","Prince George's County, MD",17.219097403312613,AADT_2018,daily vehicle trips whose OD path crosses this tract-pair boundary; direct adjacent OD only is stricter and will undercount through traffic
sl_B150036_24031701409__24031701414,24031701409__24031701414,other_adjacent_tract_pair,low_review,accepted,B150036,Montgomery,Old Columbia Pike,CO,4552.0,2.5,Old Columbia Pike-.20 Mi N Of Briggs Chaney Rd,Md 929c (back) To Md 198,South,3.0,C,8711.0,8632.0,9231.0,9152.0,11.1,56.78,48.72,51.28,24031701409,24031701414,24031,24031,141.31363995532155,1731.3247699181732,1,-76.95002448230386,39.08697725704744,https://maps.roads.maryland.gov/itms_public/?stationid=B150036,0.74,4.18,Urban,5.0,Major Collector,1.0,8620.0,9480.0,235.0,B,True,False,montgomery_dc_spatial;pg_montgomery_spatial,True,8711.0,8632.0,9231.0,9152.0,8620.0,9480.0,3.0,1.0,4552.0,11.1,56.78,572,Census Tract 7014.09,24031701409,24031701414,"Montgomery County, MD","Montgomery County, MD",141.31363995532155,AADT_2018,daily vehicle trips whose OD path crosses this tract-pair boundary; direct adjacent OD only is stricter and will undercount through traffic
sl_S2012150820_24031701205__24031701216,24031701205__24031701216,other_adjacent_tract_pair,low_review,accepted,S2012150820,Montgomery,Executive Blvd,CO,3239.0,0.6,Executive Blvd - .10 Mi South Of Md 187,Rockville Pike To Md 187,North,4.0,F,9105.0,7350.0,9655.0,7790.0,10.49,50.93,48.13,51.87,24031701216,24031701205,24031,24031,144.10626205619167,1425.0071975571443,1,-77.11792204873011,39.04744363524039,https://maps.roads.maryland.gov/itms_public/?stationid=S2012150820,0.0,0.67,Urban,7.0,Local,1.0,7351.0,8091.0,,S,True,False,montgomery_dc_spatial;pg_montgomery_spatial,True,9105.0,7350.0,9655.0,7790.0,7351.0,8091.0,4.0,1.0,3239.0,10.49,50.93,1045,Census Tract 7012.16,24031701216,24031701205,"Montgomery County, MD","Montgomery County, MD",144.10626205619167,AADT_2018,daily vehicle trips whose OD path crosses this tract-pair boundary; direct adjacent OD only is stricter and will undercount through traffic
sl_S2012161199_24033803513__24033803527,24033803513__24033803527,other_adjacent_tract_pair,medium,accepted,S2012161199,Prince George's,Campus Way South,CO,4638.0,0.54,Campus Way South - .04 Mi North Of Md 202,Op 4770 Campus Way South To Md 202 Largo Rd,North,3.0,F,14285.0,13250.0,15145.0,14050.0,8.88,53.41,50.8,49.2,24033803527,24033803513,24033,24033,83.8327517138367,1624.5105752667264,1,-76.82446856033188,38.8914697152321,https://maps.roads.maryland.gov/itms_public/?stationid=S2012161199,0.53,0.59,Urban,5.0,Major Collector,1.0,13411.0,14581.0,,S,True,False,pg_dc_spatial,True,14285.0,13250.0,15145.0,14050.0,13411.0,14581.0,3.0,1.0,4638.0,8.88,53.41,872,Census Tract 8035.27,24033803527,24033803513,"Prince George's County, MD","Prince George's County, MD",83.8327517138367,AADT_2018,daily vehicle trips whose OD path crosses this tract-pair boundary; direct adjacent OD only is stricter and will undercount through traffic
sl_B2722_24031703000__24031703100,24031703000__24031703100,other_adjacent_tract_pair,low_review,accepted,B2722,Montgomery,Colesville Rd,US,29.0,2.52,Us29-.20 Mi S Of Md193,Is 495 To Md 193 Eb/l,South,7.0,C,66051.0,65462.0,70681.0,70042.0,7.46,62.63,47.51,52.49,24031703000,24031703100,24031,24031,139.32232063381267,1784.2152875018267,3,-77.01524472404465,39.01753331162456,https://maps.roads.maryland.gov/itms_public/?stationid=B2722,2.38,2.7,Urban,3.0,Principal Arterial Other,1.0,67380.0,71420.0,1356.0,B,True,False,montgomery_dc_route;pg_montgomery_route;montgomery_dc_spatial;pg_montgomery_spatial,True,66051.0,65462.0,70681.0,70042.0,67380.0,71420.0,7.0,1.0,29.0,7.46,62.63,345,Census Tract 7030,24031703000,24031703100,"Montgomery County, MD","Montgomery County, MD",139.32232063381267,AADT_2018,daily vehicle trips whose OD path crosses this tract-pair boundary; direct adjacent OD only is stricter and will undercount through traffic
sl_B3343_24033802700__24033802901,24033802700__24033802901,other_adjacent_tract_pair,high,accepted,B3343,Prince George's,E Capitol St,MD,214.0,0.7,Md214-.10 Mi W Of Md332,Maryland Park Dr To Md 332,West,6.0,F,29720.0,29451.0,31800.0,31511.0,8.5,84.57,44.91,55.09,24033802700,24033802901,24033,24033,15.34459217278856,1201.8437740187703,2,-76.90124598663068,38.8867789818453,https://maps.roads.maryland.gov/itms_public/?stationid=B3343,0.33,0.8,Urban,3.0,Principal Arterial Other,1.0,29452.0,31222.0,740.0,B,True,False,pg_dc_route;pg_dc_spatial,True,29720.0,29451.0,31800.0,31511.0,29452.0,31222.0,6.0,1.0,214.0,8.5,84.57,594,Census Tract 8027,24033802700,24033802901,"Prince George's County, MD","Prince George's County, MD",15.34459217278856,AADT_2018,daily vehicle trips whose OD path crosses this tract-pair boundary; direct adjacent OD only is stricter and will undercount through traffic
sl_S2012150742_24031701215__24031704401,24031701215__24031704401,other_adjacent_tract_pair,high,accepted,S2012150742,Montgomery,Grosvenor La,CO,326.0,0.1,Grosvenor La - .10 Mile West Of Md 355,Rockville Pike To Cheshire Dr,West,3.0,F,8835.0,7050.0,9455.0,7540.0,9.6,55.36,47.4,52.6,24031701215,24031704401,24031,24031,5.627281945030412,2332.3071668846374,2,-77.10464622533685,39.02258626484291,https://maps.roads.maryland.gov/itms_public/?stationid=S2012150742,0.0,1.09,Urban,5.0,Major Collector,1.0,7051.0,7471.0,,S,True,False,montgomery_dc_spatial;pg_montgomery_spatial,True,8835.0,7050.0,9455.0,7540.0,7051.0,7471.0,3.0,1.0,326.0,9.6,55.36,565,Census Tract 7012.15,24031701215,24031704401,"Montgomery County, MD","Montgomery County, MD",5.627281945030412,AADT_2018,daily vehicle trips whose OD path crosses this tract-pair boundary; direct adjacent OD only is stricter and will undercount through traffic
sl_S2012150684_24031703201__24031703301,24031703201__24031703301,other_adjacent_tract_pair,high,accepted,S2012150684,Montgomery,Aspen Hill Rd,CO,142.0,0.43,Aspen Hill Rd - Between Arctic Ave & Glasgow Dr,Arctic Ave To Parkland Dr,North,2.0,F,13125.0,12210.0,14045.0,13070.0,8.23,64.72,52.25,47.75,24031703201,24031703301,24031,24031,0.7306548332189887,2017.792468389,1,-77.09797539352915,39.07178433331215,https://maps.roads.maryland.gov/itms_public/?stationid=S2012150684,0.37,1.25,Urban,4.0,Minor Arterial,1.0,12211.0,12941.0,,S,True,False,montgomery_dc_spatial;pg_montgomery_spatial,True,13125.0,12210.0,14045.0,13070.0,12211.0,12941.0,2.0,1.0,142.0,8.23,64.72,1410,Census Tract 7032.01,24031703201,24031703301,"Montgomery County, MD","Montgomery County, MD",0.7306548332189887,AADT_2018,daily vehicle trips whose OD path crosses this tract-pair boundary; direct adjacent OD only is stricter and will undercount through traffic
sl_S2012161204_24033801802__24033801808,24033801802__24033801808,other_adjacent_tract_pair,low_review,accepted,S2012161204,Prince George's,Iverson St,CO,5466.0,0.48,Iverson St - .10 Mi West Of 23rd Pkwy,Co 2326 19th Ave To Co 1084 23rd Pkwy,West,2.0,F,6995.0,8590.0,7495.0,9190.0,8.33,51.47,46.88,53.12,24033801808,24033801802,24033,24033,106.47354091309268,1062.6910731019886,1,-76.96075703319397,38.8324331259817,https://maps.roads.maryland.gov/itms_public/?stationid=S2012161204,0.0,0.54,Urban,4.0,Minor Arterial,1.0,8591.0,9111.0,,S,True,False,pg_dc_spatial,True,6995.0,8590.0,7495.0,9190.0,8591.0,9111.0,2.0,1.0,5466.0,8.33,51.47,1562,Census Tract 8018.08,24033801808,24033801802,"Prince George's County, MD","Prince George's County, MD",106.47354091309268,AADT_2018,daily vehicle trips whose OD path crosses this tract-pair boundary; direct adjacent OD only is stricter and will undercount through traffic
sl_S2012161153_24033802103__24033802104,24033802103__24033802104,other_adjacent_tract_pair,low_review,accepted,S2012161153,Prince George's,Donnell Dr,CO,1679.0,0.33,Donnell Dr - .10 Mi North Of Md 4,Marlboro Pike To Beltz Dr,South,5.0,F,20075.0,19280.0,21285.0,20440.0,8.11,52.31,46.62,53.38,24033802103,24033802104,24033,24033,151.7774398114342,1197.6525845856665,1,-76.88477809958827,38.84499190904974,https://maps.roads.maryland.gov/itms_public/?stationid=S2012161153,0.0,0.88,Urban,7.0,Local,1.0,19281.0,21211.0,,S,True,False,pg_dc_spatial,True,20075.0,19280.0,21285.0,20440.0,19281.0,21211.0,5.0,1.0,1679.0,8.11,52.31,1564,Census Tract 8021.03,24033802103,24033802104,"Prince George's County, MD","Prince George's County, MD",151.7774398114342,AADT_2018,daily vehicle trips whose OD path crosses this tract-pair boundary; direct adjacent OD only is stricter and will undercount through traffic
sl_S2012150933_24031705100__24031705200,24031705100__24031705200,other_adjacent_tract_pair,low_review,accepted,S2012150933,Montgomery,Shepherd St,MU,90.0,0.27,Shepherd St - .10 Mi North Of Md 186,Shepherd St (back) To Brookville Rd,South,2.0,F,1045.0,1020.0,1115.0,1080.0,9.48,60.38,51.28,48.72,24031705200,24031705100,24031,24031,107.38007578359746,2399.819226684552,1,-77.06970484829422,38.97958575118538,https://maps.roads.maryland.gov/itms_public/?stationid=S2012150933,0.16,0.34,Urban,5.0,Major Collector,1.0,1021.0,1121.0,,S,True,False,montgomery_dc_spatial;pg_montgomery_spatial,True,1045.0,1020.0,1115.0,1080.0,1021.0,1121.0,2.0,1.0,90.0,9.48,60.38,577,Census Tract 7052,24031705200,24031705100,"Montgomery County, MD","Montgomery County, MD",107.38007578359746,AADT_2018,daily vehicle trips whose OD path crosses this tract-pair boundary; direct adjacent OD only is stricter and will undercount through traffic
sl_S2012161062_24033801701__24033801901,24033801701__24033801901,other_adjacent_tract_pair,high,accepted,S2012161062,Prince George's,Temple Hill Rd,CO,123.0,3.48,Temple Hill Rd - Between Brinkley Rd & Lakeview Dr,Brinkley Rd To Fisher Rd,North,2.0,F,11085.0,11370.0,11865.0,12170.0,9.43,66.32,49.55,50.45,24033801901,24033801701,24033,24033,4.1251896269112995,2325.953454469237,2,-76.9296971803743,38.80138320230543,https://maps.roads.maryland.gov/itms_public/?stationid=S2012161062,3.43,4.9,Urban,4.0,Minor Arterial,1.0,11371.0,12051.0,,S,True,False,pg_dc_spatial,True,11085.0,11370.0,11865.0,12170.0,11371.0,12051.0,2.0,1.0,123.0,9.43,66.32,1492,Census Tract 8019.01,24033801901,24033801701,"Prince George's County, MD","Prince George's County, MD",4.1251896269112995,AADT_2018,daily vehicle trips whose OD path crosses this tract-pair boundary; direct adjacent OD only is stricter and will undercount through traffic
sl_S2012161111_24033802600__24033802803,24033802600__24033802803,other_adjacent_tract_pair,high,accepted,S2012161111,Prince George's,Capitol Heights Blvd                    ,CO,393.0,0.06,Capitol Heights Blvd - Between Marlboro Pike & Heath St,Marlboro Pike To Capitol Heights Blvd (mu 70 Ahead),South,2.0,F,2065.0,2110.0,2195.0,2240.0,9.56,52.21,48.04,51.96,24033802803,24033802600,24033,24033,2.370282855920707,649.6041417838285,2,-76.91985849181944,38.8707352052395,https://maps.roads.maryland.gov/itms_public/?stationid=S2012161111,0.0,0.58,Urban,6.0,Minor Collector,1.0,2111.0,2321.0,,S,True,False,pg_dc_spatial,True,2065.0,2110.0,2195.0,2240.0,2111.0,2321.0,2.0,1.0,393.0,9.56,52.21,598,Census Tract 8028.03,24033802803,24033802600,"Prince George's County, MD","Prince George's County, MD",2.370282855920707,AADT_2018,daily vehicle trips whose OD path crosses this tract-pair boundary; direct adjacent OD only is stricter and will undercount through traffic
sl_S2012161132_24033805801__24033805802,24033805801__24033805802,other_adjacent_tract_pair,low_review,accepted,S2012161132,Prince George's,23rd Ave,CO,680.0,1.16,23rd Ave -.10 Mi North Of Ager Rd,Md 410 To Ager Rd,North,3.0,F,9745.0,9840.0,10335.0,10430.0,8.74,56.9,50.58,49.42,24033805802,24033805801,24033,24033,132.9890027097301,2223.168639522338,2,-76.97400562146444,38.96821117555407,https://maps.roads.maryland.gov/itms_public/?stationid=S2012161132,1.08,1.26,Urban,5.0,Major Collector,1.0,9841.0,10831.0,,S,True,False,pg_dc_spatial;pg_montgomery_spatial,True,9745.0,9840.0,10335.0,10430.0,9841.0,10831.0,3.0,1.0,680.0,8.74,56.9,1541,Census Tract 8058.02,24033805802,24033805801,"Prince George's County, MD","Prince George's County, MD",132.9890027097301,AADT_2018,daily vehicle trips whose OD path crosses this tract-pair boundary; direct adjacent OD only is stricter and will undercount through traffic
sl_S2012161103_24033803001__24033803100,24033803001__24033803100,other_adjacent_tract_pair,medium,accepted,S2012161103,Prince George's,Addison Rd,CO,351.0,1.06,Addison Rd - Between Sheriff Rd & Lee Pl,Sheriff Rd To Md 704,East,2.0,F,8375.0,7460.0,8885.0,7910.0,7.83,58.72,48.3,51.7,24033803001,24033803100,24033,24033,57.25542720767431,1918.618847935104,1,-76.91563610365857,38.90464886400126,https://maps.roads.maryland.gov/itms_public/?stationid=S2012161103,1.01,1.83,Urban,5.0,Major Collector,1.0,7461.0,8211.0,,S,True,False,pg_dc_spatial,True,8375.0,7460.0,8885.0,7910.0,7461.0,8211.0,2.0,1.0,351.0,7.83,58.72,606,Census Tract 8030.01,24033803001,24033803100,"Prince George's County, MD","Prince George's County, MD",57.25542720767431,AADT_2018,daily vehicle trips whose OD path crosses this tract-pair boundary; direct adjacent OD only is stricter and will undercount through traffic
sl_B160017_24033801901__24033801904,24033801901__24033801904,other_adjacent_tract_pair,high,accepted,B160017,Prince George's,Manchester Dr,MD,5.0,0.01,Manchester Dr-.10 Mi W Of Md5,Old Branch Ave To Ridgecroft Dr,East,2.0,F,4120.0,4081.0,4370.0,4331.0,8.74,70.84,77.25,22.75,24033801904,24033801901,24033,24033,3.534735755334723,3661.5484229693134,1,-76.91710568547964,38.81545461185676,https://maps.roads.maryland.gov/itms_public/?stationid=B160017,0.0,0.3,Urban,7.0,Local,1.0,4082.0,4492.0,111.0,B,True,False,pg_dc_route;pg_dc_spatial,True,4120.0,4081.0,4370.0,4331.0,4082.0,4492.0,2.0,1.0,5.0,8.74,70.84,1563,Census Tract 8019.04,24033801904,24033801901,"Prince George's County, MD","Prince George's County, MD",3.534735755334723,AADT_2018,daily vehicle trips whose OD path crosses this tract-pair boundary; direct adjacent OD only is stricter and will undercount through traffic
sl_B160008_24033801305__24033801307,24033801305__24033801307,other_adjacent_tract_pair,low_review,accepted,B160008,Prince George's,Old Fort Rd,CO,118.0,5.76,Old Fort Rd-.10 Mi W Of Md210,Fort Washington Rd To Livingston Rd,East,2.0,F,10370.0,10281.0,10990.0,10901.0,7.07,62.17,55.94,44.06,24033801307,24033801305,24033,24033,111.81981294874481,546.5274059455065,2,-76.99467723865926,38.75667752566086,https://maps.roads.maryland.gov/itms_public/?stationid=B160008,0.0,5.88,Urban,5.0,Major Collector,1.0,10282.0,11312.0,541.0,B,True,False,pg_dc_spatial,True,10370.0,10281.0,10990.0,10901.0,10282.0,11312.0,2.0,1.0,118.0,7.07,62.17,1507,Census Tract 8013.07,24033801307,24033801305,"Prince George's County, MD","Prince George's County, MD",111.81981294874481,AADT_2018,daily vehicle trips whose OD path crosses this tract-pair boundary; direct adjacent OD only is stricter and will undercount through traffic
sl_B2808_24031705901__24031705903,24031705901__24031705903,other_adjacent_tract_pair,high,accepted,B2808,Montgomery,Wilson La,MD,188.0,0.99,Md188-.10 Mi E Of Md190,Md 190 To Md 191,West,3.0,F,10330.0,10241.0,11050.0,10961.0,9.89,54.74,48.33,51.67,24031705903,24031705901,24031,24031,7.637946134819925,1970.3212586703935,2,-77.13626401369464,38.98440642546918,https://maps.roads.maryland.gov/itms_public/?stationid=B2808,0.9,2.34,Urban,4.0,Minor Arterial,1.0,10242.0,10862.0,456.0,B,True,False,montgomery_dc_spatial,True,10330.0,10241.0,11050.0,10961.0,10242.0,10862.0,3.0,1.0,188.0,9.89,54.74,596,Census Tract 7059.03,24031705903,24031705901,"Montgomery County, MD","Montgomery County, MD",7.637946134819925,AADT_2018,daily vehicle trips whose OD path crosses this tract-pair boundary; direct adjacent OD only is stricter and will undercount through traffic
sl_S2012161049_24033800607__24033800701,24033800607__24033800701,other_adjacent_tract_pair,high,accepted,S2012161049,Prince George's,Brown Station Rd,CO,99.0,4.65,Brown Station Rd - .10 Mi South Of White House Rd,Brooke La To White House Rd,South,2.0,F,7505.0,8290.0,7965.0,8790.0,8.71,68.18,49.4,50.6,24033800607,24033800701,24033,24033,5.0256249069713546,5093.41266095762,2,-76.81161784129063,38.86912861489338,https://maps.roads.maryland.gov/itms_public/?stationid=S2012161049,1.25,4.77,Urban,5.0,Major Collector,1.0,8291.0,9121.0,,S,True,False,pg_dc_spatial,True,7505.0,8290.0,7965.0,8790.0,8291.0,9121.0,2.0,1.0,99.0,8.71,68.18,451,Census Tract 8006.07,24033800607,24033800701,"Prince George's County, MD","Prince George's County, MD",5.0256249069713546,AADT_2018,daily vehicle trips whose OD path crosses this tract-pair boundary; direct adjacent OD only is stricter and will undercount through traffic
sl_S2012161146_24033807404__24033807405,24033807404__24033807405,other_adjacent_tract_pair,medium,accepted,S2012161146,Prince George's,Rhode Island Ave,CO,1291.0,0.08,Rhode Island Ave - .10 Mi South Of Us 1,Us 1 To Edgewood Rd,South,3.0,F,8395.0,8500.0,8905.0,9010.0,8.23,59.19,50.94,49.06,24033807404,24033807405,24033,24033,73.62655266334654,4787.634547448451,1,-76.91606724648592,39.028056132604654,https://maps.roads.maryland.gov/itms_public/?stationid=S2012161146,0.0,0.949,Urban,5.0,Major Collector,1.0,8501.0,9351.0,,S,True,False,pg_dc_spatial;pg_montgomery_spatial,True,8395.0,8500.0,8905.0,9010.0,8501.0,9351.0,3.0,1.0,1291.0,8.23,59.19,510,Census Tract 8074.04,24033807404,24033807405,"Prince George's County, MD","Prince George's County, MD",73.62655266334654,AADT_2018,daily vehicle trips whose OD path crosses this tract-pair boundary; direct adjacent OD only is stricter and will undercount through traffic
sl_S2012150892_24031703220__24031703221,24031703220__24031703221,other_adjacent_tract_pair,high,accepted,S2012150892,Montgomery,Longmead Crossing Dr,CO,5912.0,0.09,Longmead Crossing Dr - .10 Mi West Of Md 182,Layhill Rd To End Roundabout,West,2.0,F,6265.0,6190.0,6645.0,6560.0,9.1,63.24,50.15,49.85,24031703221,24031703220,24031,24031,0.547753239377512,3073.0962478760453,1,-77.04589185399188,39.09638524052141,https://maps.roads.maryland.gov/itms_public/?stationid=S2012150892,0.0,1.11,Urban,7.0,Local,1.0,6191.0,6811.0,,S,True,False,montgomery_dc_spatial;pg_montgomery_spatial,True,6265.0,6190.0,6645.0,6560.0,6191.0,6811.0,2.0,1.0,5912.0,9.1,63.24,1026,Census Tract 7032.21,24031703221,24031703220,"Montgomery County, MD","Montgomery County, MD",0.547753239377512,AADT_2018,daily vehicle trips whose OD path crosses this tract-pair boundary; direct adjacent OD only is stricter and will undercount through traffic
sl_S2012161176_24033800704__24033800705,24033800704__24033800705,other_adjacent_tract_pair,high,accepted,S2012161176,Prince George's,Fairhaven Ave,CO,3348.0,0.07,Fairhaven Ave - Between Us 301 & Tiberias Dr,Crain Hwy (sb) To Heathermore Blvd,East,2.0,F,4025.0,3630.0,4275.0,3850.0,8.58,59.6,51.4,48.6,24033800704,24033800705,24033,24033,0.9525898662029213,4891.987827553588,2,-76.80631592160168,38.7608100281342,https://maps.roads.maryland.gov/itms_public/?stationid=S2012161176,0.0,1.37,Urban,5.0,Major Collector,1.0,3631.0,3991.0,,S,True,False,pg_dc_spatial,True,4025.0,3630.0,4275.0,3850.0,3631.0,3991.0,2.0,1.0,3348.0,8.58,59.6,1365,Census Tract 8007.04,24033800704,24033800705,"Prince George's County, MD","Prince George's County, MD",0.9525898662029213,AADT_2018,daily vehicle trips whose OD path crosses this tract-pair boundary; direct adjacent OD only is stricter and will undercount through traffic
sl_S2012161123_24033801701__24033801702,24033801701__24033801702,other_adjacent_tract_pair,high,accepted,S2012161123,Prince George's,Fisher Rd                               ,CO,571.0,0.04,Fisher Rd - Between Myrtle Ave & St Moritz Dr,Myrtle Ave To Temple Hill Rd,South,2.0,F,4765.0,4910.0,5055.0,5210.0,9.49,66.92,43.75,56.25,24033801702,24033801701,24033,24033,0.4096188127639508,1601.9117040756332,1,-76.95390561935291,38.8084746097551,https://maps.roads.maryland.gov/itms_public/?stationid=S2012161123,0.0,0.65,Urban,5.0,Major Collector,1.0,4911.0,5401.0,,S,True,False,pg_dc_spatial,True,4765.0,4910.0,5055.0,5210.0,4911.0,5401.0,2.0,1.0,571.0,9.49,66.92,1571,Census Tract 8017.02,24033801702,24033801701,"Prince George's County, MD","Prince George's County, MD",0.4096188127639508,AADT_2018,daily vehicle trips whose OD path crosses this tract-pair boundary; direct adjacent OD only is stricter and will undercount through traffic
sl_P0041_24031701505__24031701602,24031701505__24031701602,other_adjacent_tract_pair,high,accepted,P0041,Montgomery,Capital Beltway,IS,495.0,13.28,Is 495 - .82 Mile West Of Md 650 (atr#41),Md 193 To Md 650,East,9.0,F,215036.0,213179.0,219288.0,217118.0,6.74,50.99,50.93,49.07,24031701505,24031701602,24031,24031,1.3748308828260665,1544.4532912030163,1,-76.99145352376942,39.0182072229033,https://maps.roads.maryland.gov/itms_public/?stationid=P0041,12.52,14.1,Urban,1.0,Interstate,1.0,215614.0,219371.0,,P,True,False,montgomery_dc_route;pg_montgomery_route;montgomery_dc_spatial;pg_montgomery_spatial,True,215036.0,213179.0,219288.0,217118.0,215614.0,219371.0,9.0,1.0,495.0,6.74,50.99,580,Census Tract 7015.05,24031701505,24031701602,"Montgomery County, MD","Montgomery County, MD",1.3748308828260665,AADT_2018,daily vehicle trips whose OD path crosses this tract-pair boundary; direct adjacent OD only is stricter and will undercount through traffic
sl_S2012150783_24031705502__24031705701,24031705502__24031705701,other_adjacent_tract_pair,high,accepted,S2012150783,Montgomery,Springfield Dr                          ,CO,1214.0,0.03,Springfield Dr - Between Md 190 & Ridgefield Rd,River Rd To Cromwell Dr,North,2.0,F,3055.0,2760.0,3245.0,2930.0,9.03,65.93,64.48,35.52,24031705701,24031705502,24031,24031,46.664801589534186,1907.286335490485,1,-77.11241239542834,38.96942209057119,https://maps.roads.maryland.gov/itms_public/?stationid=S2012150783,0.0,0.36,Urban,6.0,Minor Collector,1.0,2761.0,3041.0,,S,True,False,montgomery_dc_spatial;pg_montgomery_spatial,True,3055.0,2760.0,3245.0,2930.0,2761.0,3041.0,2.0,1.0,1214.0,9.03,65.93,1386,Census Tract 7057.01,24031705701,24031705502,"Montgomery County, MD","Montgomery County, MD",46.664801589534186,AADT_2018,daily vehicle trips whose OD path crosses this tract-pair boundary; direct adjacent OD only is stricter and will undercount through traffic
sl_B150094_24031706005__24031706009,24031706005__24031706009,other_adjacent_tract_pair,high,accepted,B150094,Montgomery,River Rd,MD,190.0,8.44,Md190-.30 Mi E Of Md189/falls Rd,Md 189/falls Rd To Md 191,West,3.0,F,17872.0,17570.0,19122.0,18800.0,8.07,57.61,51.19,48.81,24031706005,24031706009,24031,24031,1.5543152101670958,4191.127902369041,1,-77.2047149475401,39.01528148898617,https://maps.roads.maryland.gov/itms_public/?stationid=B150094,8.14,10.02,Urban,4.0,Minor Arterial,1.0,18311.0,18621.0,,B,True,False,montgomery_dc_route;montgomery_dc_spatial,True,17872.0,17570.0,19122.0,18800.0,18311.0,18621.0,3.0,1.0,190.0,8.07,57.61,1414,Census Tract 7060.05,24031706005,24031706009,"Montgomery County, MD","Montgomery County, MD",1.5543152101670958,AADT_2018,daily vehicle trips whose OD path crosses this tract-pair boundary; direct adjacent OD only is stricter and will undercount through traffic
sl_B3361_24033800605__24033800606,24033800605__24033800606,other_adjacent_tract_pair,medium,accepted,B3361,Prince George's,Old Marlboro Pike,MD,725.0,0.2,Md725-.20 Mi E Of Brown Station Rd,Brown Station Rd To Md 717,East,3.0,C,12374.0,12265.0,13244.0,13125.0,8.83,54.76,51.58,48.42,24033800605,24033800606,24033,24033,56.93097339960783,3614.373465903645,1,-76.76014543821758,38.8192685387462,https://maps.roads.maryland.gov/itms_public/?stationid=B3361,0.0,0.78,Urban,4.0,Minor Arterial,1.0,12460.0,13210.0,,B,True,False,pg_dc_spatial,True,12374.0,12265.0,13244.0,13125.0,12460.0,13210.0,3.0,1.0,725.0,8.83,54.76,1554,Census Tract 8006.05,24033800605,24033800606,"Prince George's County, MD","Prince George's County, MD",56.93097339960783,AADT_2018,daily vehicle trips whose OD path crosses this tract-pair boundary; direct adjacent OD only is stricter and will undercount through traffic
sl_S2012161221_24033806706__24033806800,24033806706__24033806800,other_adjacent_tract_pair,high,accepted,S2012161221,Prince George's,Pontiac St,MU,105.0,0.59,Pontiac St - Between Md 201 & Edmonston Rd,57th Ave To Kenilworth Ave,East,2.0,F,8485.0,7930.0,8995.0,8410.0,8.17,51.11,51.88,48.12,24033806706,24033806800,24033,24033,10.299868138716377,2769.052343355996,1,-76.9062242514076,38.99057944271372,https://maps.roads.maryland.gov/itms_public/?stationid=S2012161221,0.0,0.61,Urban,5.0,Major Collector,1.0,7931.0,8721.0,,S,True,False,pg_dc_spatial;pg_montgomery_spatial,True,8485.0,7930.0,8995.0,8410.0,7931.0,8721.0,2.0,1.0,105.0,8.17,51.11,1378,Census Tract 8067.06,24033806706,24033806800,"Prince George's County, MD","Prince George's County, MD",10.299868138716377,AADT_2018,daily vehicle trips whose OD path crosses this tract-pair boundary; direct adjacent OD only is stricter and will undercount through traffic
sl_B3237_24033806708__24033806710,24033806708__24033806710,other_adjacent_tract_pair,high,accepted,B3237,Prince George's,Baltimore Washington Pkwy,MD,295.0,6.29,Md295-.30 Mi N Of Is95,Is 95 To Md 193,North,4.0,F,119161.0,118092.0,127501.0,126362.0,6.19,50.56,49.44,50.56,24033806710,24033806708,24033,24033,11.530190977385066,562.7350819279224,2,-76.88166755445793,38.99443202698577,https://maps.roads.maryland.gov/itms_public/?stationid=B3237,5.99,6.36,Urban,2.0,Principal Arterial Other Freeways and Expressways,1.0,118093.0,125183.0,1801.0,B,True,False,pg_dc_route;pg_dc_spatial;pg_montgomery_spatial,True,119161.0,118092.0,127501.0,126362.0,118093.0,125183.0,4.0,1.0,295.0,6.19,50.56,309,Census Tract 8067.10,24033806710,24033806708,"Prince George's County, MD","Prince George's County, MD",11.530190977385066,AADT_2018,daily vehicle trips whose OD path crosses this tract-pair boundary; direct adjacent OD only is stricter and will undercount through traffic
sl_S2012161212_24033800411__24033807408,24033800411__24033807408,other_adjacent_tract_pair,low_review,accepted,S2012161212,Prince George's,Powder Mill Rd,GV,6.0,2.7,Powder Mill Rd - Between Springfield Rd & Ramps To & Fr Md 295,Md 201 Edmonston Ave To Md 295 Baltimore Pkwy,East,2.0,F,11605.0,11960.0,12425.0,12800.0,10.91,67.53,55.96,44.04,24033807408,24033800411,24033,24033,102.459340387364,1589.1117700146765,2,-76.85360156190143,39.03319118920313,https://maps.roads.maryland.gov/itms_public/?stationid=S2012161212,0.0,2.78,Urban,4.0,Minor Arterial,1.0,11961.0,12681.0,,S,True,False,pg_dc_spatial;pg_montgomery_spatial,True,11605.0,11960.0,12425.0,12800.0,11961.0,12681.0,2.0,1.0,6.0,10.91,67.53,1566,Census Tract 8074.08,24033807408,24033800411,"Prince George's County, MD","Prince George's County, MD",102.459340387364,AADT_2018,daily vehicle trips whose OD path crosses this tract-pair boundary; direct adjacent OD only is stricter and will undercount through traffic
sl_B2923_24031702200__24031702301,24031702200__24031702301,other_adjacent_tract_pair,medium,accepted,B2923,Montgomery,Flower Ave,CO,913.0,0.38,Flower Ave-.50 Mi S Of Franklin Ave,Md 320 To Franklin Ave,North,3.0,F,10303.0,10214.0,10923.0,10834.0,9.08,56.47,51.81,48.19,24031702200,24031702301,24031,24031,64.2135417169358,1355.1078615352199,2,-77.00571972269545,39.00350572606588,https://maps.roads.maryland.gov/itms_public/?stationid=B2923,0.0,0.88,Urban,5.0,Major Collector,1.0,10215.0,11245.0,,B,True,False,montgomery_dc_spatial;pg_montgomery_spatial,True,10303.0,10214.0,10923.0,10834.0,10215.0,11245.0,3.0,1.0,913.0,9.08,56.47,1448,Census Tract 7022,24031702200,24031702301,"Montgomery County, MD","Montgomery County, MD",64.2135417169358,AADT_2018,daily vehicle trips whose OD path crosses this tract-pair boundary; direct adjacent OD only is stricter and will undercount through traffic
sl_B2725_24031701503__24031701509,24031701503__24031701509,other_adjacent_tract_pair,high,accepted,B2725,Montgomery,Columbia Pike,US,29.0,4.96,Us29-.20 Mi N Of Md650,Md 650 To Stewart La,South,6.0,F,62980.0,62411.0,67390.0,66781.0,7.33,58.22,50.29,49.71,24031701503,24031701509,24031,24031,0.20847931011528184,560.1219807143577,1,-76.98897595045288,39.04515070250793,https://maps.roads.maryland.gov/itms_public/?stationid=B2725,4.76,5.11,Urban,2.0,Principal Arterial Other Freeways and Expressways,1.0,65032.0,66162.0,,B,True,False,montgomery_dc_route;pg_montgomery_route;montgomery_dc_spatial;pg_montgomery_spatial,True,62980.0,62411.0,67390.0,66781.0,65032.0,66162.0,6.0,1.0,29.0,7.33,58.22,591,Census Tract 7015.03,24031701503,24031701509,"Montgomery County, MD","Montgomery County, MD",0.20847931011528184,AADT_2018,daily vehicle trips whose OD path crosses this tract-pair boundary; direct adjacent OD only is stricter and will undercount through traffic
sl_B3122_24033802405__24033802501,24033802405__24033802501,other_adjacent_tract_pair,low_review,accepted,B3122,Prince George's,Pennsylvania Ave,MD,4.0,14.09,Md4-.20 Mi S Of Wash Dc Line,Shadyside La To Washington Dc/l,South,4.0,C,22301.0,22102.0,23861.0,23652.0,7.24,69.35,48.29,51.71,24033802501,24033802405,24033,24033,111.16819185441493,2586.2394000255026,1,-76.94320875313913,38.86295487249771,https://maps.roads.maryland.gov/itms_public/?stationid=B3122,13.52,14.29,Urban,3.0,Principal Arterial Other,1.0,21830.0,23140.0,583.0,B,True,False,pg_dc_route;pg_dc_spatial,True,22301.0,22102.0,23861.0,23652.0,21830.0,23140.0,4.0,1.0,4.0,7.24,69.35,570,Census Tract 8025.01,24033802501,24033802405,"Prince George's County, MD","Prince George's County, MD",111.16819185441493,AADT_2018,daily vehicle trips whose OD path crosses this tract-pair boundary; direct adjacent OD only is stricter and will undercount through traffic
sl_B3298_24033800517__24033803522,24033800517__24033803522,other_adjacent_tract_pair,high,accepted,B3298,Prince George's,Enterprise Rd,MD,193.0,17.16,Md193-.15 Mi W Of Md214,Lottsford Rd To Md 214,East,3.0,F,19835.0,22440.0,21225.0,24010.0,10.28,52.49,50.14,49.86,24033800517,24033803522,24033,24033,2.416527871506881,1218.1944184392066,2,-76.79386333499603,38.90212616608349,https://maps.roads.maryland.gov/itms_public/?stationid=B3298,15.69,17.31,Urban,4.0,Minor Arterial,1.0,22441.0,23791.0,496.0,B,True,False,pg_montgomery_route;pg_dc_spatial,True,19835.0,22440.0,21225.0,24010.0,22441.0,23791.0,3.0,1.0,193.0,10.28,52.49,453,Census Tract 8005.17,24033800517,24033803522,"Prince George's County, MD","Prince George's County, MD",2.416527871506881,AADT_2018,daily vehicle trips whose OD path crosses this tract-pair boundary; direct adjacent OD only is stricter and will undercount through traffic
sl_S2012161148_24033801704__24033801807,24033801704__24033801807,other_adjacent_tract_pair,medium,accepted,S2012161148,Prince George's,Iverson St                              ,CO,1478.0,0.86,Iverson St - Between Wheeler Rd & Boydell Ave,Owens Rd To Wheeler Rd,East,2.0,F,5165.0,5180.0,5485.0,5490.0,8.3,62.68,49.1,50.9,24033801704,24033801807,24033,24033,88.16443948209648,1962.0782938605707,1,-76.97627405979632,38.82536604390718,https://maps.roads.maryland.gov/itms_public/?stationid=S2012161148,0.0,0.92,Urban,5.0,Major Collector,1.0,5181.0,5701.0,,S,True,False,pg_dc_spatial,True,5165.0,5180.0,5485.0,5490.0,5181.0,5701.0,2.0,1.0,1478.0,8.3,62.68,1579,Census Tract 8017.04,24033801704,24033801807,"Prince George's County, MD","Prince George's County, MD",88.16443948209648,AADT_2018,daily vehicle trips whose OD path crosses this tract-pair boundary; direct adjacent OD only is stricter and will undercount through traffic
sl_S2012161259_24033800105__24033800109,24033800105__24033800109,other_adjacent_tract_pair,medium,accepted,S2012161259,Prince George's,Van Dusen Rd,MU,415.0,1.6,Van Dusen Rd - Between Md 198 & Old Sandy Spring Rd,Md 198 Sandy Spring Rd To Co 3434 Old Sandy Spring Rd,South,3.0,F,14075.0,13860.0,14925.0,14690.0,8.62,65.27,48.56,51.44,24033800105,24033800109,24033,24033,59.664641030897975,837.973042171367,2,-76.8707847747096,39.10341557846586,https://maps.roads.maryland.gov/itms_public/?stationid=S2012161259,1.56,1.65,Urban,5.0,Major Collector,1.0,13861.0,15251.0,,S,True,False,pg_montgomery_spatial,True,14075.0,13860.0,14925.0,14690.0,13861.0,15251.0,3.0,1.0,415.0,8.62,65.27,1521,Census Tract 8001.05,24033800105,24033800109,"Prince George's County, MD","Prince George's County, MD",59.664641030897975,AADT_2018,daily vehicle trips whose OD path crosses this tract-pair boundary; direct adjacent OD only is stricter and will undercount through traffic
sl_S2012150963_24031700901__24031701001,24031700901__24031701001,other_adjacent_tract_pair,high,accepted,S2012150963,Montgomery,Mt Vernon Pl,MU,2180.0,0.13,Mt Vernon Pl - Between Fleet St & E Jefferson St,Rockville Pike To Monroe St,South,2.0,F,3155.0,3140.0,3345.0,3330.0,11.05,57.4,56.0,44.0,24031700901,24031701001,24031,24031,0.8849092792471924,1470.4465346753516,2,-77.14362457826569,39.077461196783,https://maps.roads.maryland.gov/itms_public/?stationid=S2012150963,0.0,0.62,Urban,7.0,Local,1.0,3141.0,3461.0,,S,True,False,montgomery_dc_spatial,True,3155.0,3140.0,3345.0,3330.0,3141.0,3461.0,2.0,1.0,2180.0,11.05,57.4,195,Census Tract 7009.01,24031700901,24031701001,"Montgomery County, MD","Montgomery County, MD",0.8849092792471924,AADT_2018,daily vehicle trips whose OD path crosses this tract-pair boundary; direct adjacent OD only is stricter and will undercount through traffic
sl_B3292_24033804802__24033806100,24033804802__24033806100,other_adjacent_tract_pair,high,accepted,B3292,Prince George's,Queens Chapel Rd,MD,500.0,0.84,Md500-.10 Mi E Of Md501,Md 501 To Md 208,East,4.0,F,35850.0,35531.0,38360.0,38021.0,8.04,60.36,50.3,49.7,24033806100,24033804802,24033,24033,0.6595541011801176,1162.8397359993671,3,-76.9663738941367,38.95240469457008,https://maps.roads.maryland.gov/itms_public/?stationid=B3292,0.74,1.16,Urban,4.0,Minor Arterial,1.0,35532.0,37662.0,,B,True,False,pg_dc_route;pg_dc_spatial;pg_montgomery_spatial,True,35850.0,35531.0,38360.0,38021.0,35532.0,37662.0,4.0,1.0,500.0,8.04,60.36,1546,Census Tract 8061,24033806100,24033804802,"Prince George's County, MD","Prince George's County, MD",0.6595541011801176,AADT_2018,daily vehicle trips whose OD path crosses this tract-pair boundary; direct adjacent OD only is stricter and will undercount through traffic
sl_S2012161074_24033801005__24033801006,24033801005__24033801006,other_adjacent_tract_pair,high,accepted,S2012161074,Prince George's,Frank Tippett Rd,CO,132.0,2.67,Frank Tippett Rd - .10 Mi South Of Rosaryville Rd,Rhodenda Ave To Rosaryville Rd,South,2.0,F,8165.0,8520.0,8665.0,9030.0,8.59,77.07,45.73,54.27,24033801006,24033801005,24033,24033,1.7137267698148335,4064.789408802421,2,-76.83004740816504,38.771441142901466,https://maps.roads.maryland.gov/itms_public/?stationid=S2012161074,1.44,2.8,Urban,5.0,Major Collector,1.0,8521.0,9371.0,,S,True,False,pg_dc_spatial,True,8165.0,8520.0,8665.0,9030.0,8521.0,9371.0,2.0,1.0,132.0,8.59,77.07,458,Census Tract 8010.06,24033801006,24033801005,"Prince George's County, MD","Prince George's County, MD",1.7137267698148335,AADT_2018,daily vehicle trips whose OD path crosses this tract-pair boundary; direct adjacent OD only is stricter and will undercount through traffic
sl_S2012161264_24033806501__24033807102,24033806501__24033807102,other_adjacent_tract_pair,low_review,accepted,S2012161264,Prince George's,48th Ave                                ,MU,480.0,0.34,48th Ave - Between Riverdale Rd & Queensbury Rd,Longfellow St To Rittenhouse St,South,2.0,F,795.0,750.0,845.0,800.0,11.98,60.0,50.36,49.64,24033806501,24033807102,24033,24033,138.0999585120775,1710.226152913867,1,-76.93272808715976,38.96199650547703,https://maps.roads.maryland.gov/itms_public/?stationid=S2012161264,0.0,0.41,Urban,7.0,Local,1.0,751.0,831.0,,S,True,False,pg_dc_spatial;pg_montgomery_spatial,True,795.0,750.0,845.0,800.0,751.0,831.0,2.0,1.0,480.0,11.98,60.0,1548,Census Tract 8065.01,24033806501,24033807102,"Prince George's County, MD","Prince George's County, MD",138.0999585120775,AADT_2018,daily vehicle trips whose OD path crosses this tract-pair boundary; direct adjacent OD only is stricter and will undercount through traffic
sl_S2012150773_24031704600__24031705901,24031704600__24031705901,other_adjacent_tract_pair,medium,accepted,S2012150773,Montgomery,Bradmoor Dr,CO,1013.0,0.04,Bradmoor Dr - Between Md 191 & Roosevelt St,Bradley Blvd To Road End,North,3.0,F,2525.0,2720.0,2685.0,2880.0,12.48,60.11,50.51,49.49,24031704600,24031705901,24031,24031,56.878450234685054,1981.6352349356982,2,-77.11896395881408,38.99367385922216,https://maps.roads.maryland.gov/itms_public/?stationid=S2012150773,0.0,0.96,Urban,6.0,Minor Collector,1.0,2721.0,2991.0,,S,True,False,montgomery_dc_spatial;pg_montgomery_spatial,True,2525.0,2720.0,2685.0,2880.0,2721.0,2991.0,3.0,1.0,1013.0,12.48,60.11,562,Census Tract 7046,24031704600,24031705901,"Montgomery County, MD","Montgomery County, MD",56.878450234685054,AADT_2018,daily vehicle trips whose OD path crosses this tract-pair boundary; direct adjacent OD only is stricter and will undercount through traffic
sl_B160011_24033803610__24033803613,24033803610__24033803613,other_adjacent_tract_pair,high,accepted,B160011,Prince George's,Riverdale Rd,CO,302.0,0.4,Riverdale Rd-.40 Mi W Of Md450,Md 450 To Riverdale Rd (ahead),West,3.0,F,14520.0,14391.0,15390.0,15251.0,7.87,50.76,50.47,49.53,24033803613,24033803610,24033,24033,4.159489682306211,2413.1346503472632,1,-76.87790156615695,38.95971523649836,https://maps.roads.maryland.gov/itms_public/?stationid=B160011,0.0,1.71,Urban,5.0,Major Collector,1.0,14392.0,15832.0,221.0,B,True,False,pg_dc_spatial;pg_montgomery_spatial,True,14520.0,14391.0,15390.0,15251.0,14392.0,15832.0,3.0,1.0,302.0,7.87,50.76,492,Census Tract 8036.13,24033803613,24033803610,"Prince George's County, MD","Prince George's County, MD",4.159489682306211,AADT_2018,daily vehicle trips whose OD path crosses this tract-pair boundary; direct adjacent OD only is stricter and will undercount through traffic
sl_B160136_24033801207__24033801214,24033801207__24033801214,other_adjacent_tract_pair,high,accepted,B160136,Prince George's,Woodyard Rd,MD,223.0,7.56,Md223-between Md5 & Mike Shapiro Dr,Md 5 Ramps To Mike Shapiro Dr,North,4.0,C,31701.0,31422.0,33921.0,33622.0,7.5,56.71,50.07,49.93,24033801207,24033801214,24033,24033,17.733206608248324,1772.399698043859,1,-76.88246238921121,38.769350766827024,https://maps.roads.maryland.gov/itms_public/?stationid=B160136,7.4,7.6,Urban,4.0,Minor Arterial,1.0,30670.0,32510.0,,B,True,False,pg_dc_spatial,True,31701.0,31422.0,33921.0,33622.0,30670.0,32510.0,4.0,1.0,223.0,7.5,56.71,1493,Census Tract 8012.07,24033801207,24033801214,"Prince George's County, MD","Prince George's County, MD",17.733206608248324,AADT_2018,daily vehicle trips whose OD path crosses this tract-pair boundary; direct adjacent OD only is stricter and will undercount through traffic
sl_B2855_24031701800__24031702401,24031701800__24031702401,other_adjacent_tract_pair,low_review,accepted,B2855,Montgomery,Piney Branch Rd,MD,320.0,0.48,Md320-.10 Mi N Of Md410,Md 410 To Richie Ave,North,2.0,F,14521.0,14392.0,15541.0,15402.0,8.64,63.41,49.87,50.13,24031701800,24031702401,24031,24031,126.9031875503851,1817.484561117372,1,-77.01495689933604,38.98450027299353,https://maps.roads.maryland.gov/itms_public/?stationid=B2855,0.39,0.77,Urban,4.0,Minor Arterial,1.0,14393.0,15263.0,,B,True,False,montgomery_dc_spatial;pg_montgomery_spatial,True,14521.0,14392.0,15541.0,15402.0,14393.0,15263.0,2.0,1.0,320.0,8.64,63.41,605,Census Tract 7018,24031701800,24031702401,"Montgomery County, MD","Montgomery County, MD",126.9031875503851,AADT_2018,daily vehicle trips whose OD path crosses this tract-pair boundary; direct adjacent OD only is stricter and will undercount through traffic
sl_S2012161243_24033804101__24033804102,24033804101__24033804102,other_adjacent_tract_pair,medium,accepted,S2012161243,Prince George's,Kilmer St                               ,MU,205.0,0.11,Kilmer St - Between Md 202 & Oak St,Old Landover Rd To Oak St,North,3.0,F,2735.0,2370.0,2905.0,2510.0,9.01,56.96,56.47,43.53,24033804101,24033804102,24033,24033,86.3413637070377,1565.1575001676315,1,-76.90244658321126,38.93158672883389,https://maps.roads.maryland.gov/itms_public/?stationid=S2012161243,0.0,0.15,Urban,7.0,Local,1.0,2371.0,2611.0,,S,True,False,pg_dc_spatial;pg_montgomery_spatial,True,2735.0,2370.0,2905.0,2510.0,2371.0,2611.0,3.0,1.0,205.0,9.01,56.96,516,Census Tract 8041.01,24033804101,24033804102,"Prince George's County, MD","Prince George's County, MD",86.3413637070377,AADT_2018,daily vehicle trips whose OD path crosses this tract-pair boundary; direct adjacent OD only is stricter and will undercount through traffic
sl_S2012150852_24031706005__24031706009,24031706005__24031706009,other_adjacent_tract_pair,low_review,accepted,S2012150852,Montgomery,Newbridge Dr,CO,3998.0,0.11,Newbridge Dr - .10 Mi North Of Md 190,Md 190 To Kentsdale Dr,North,2.0,F,1605.0,1550.0,1705.0,1640.0,9.73,67.27,51.79,48.21,24031706005,24031706009,24031,24031,145.84243652168183,4191.127902369041,1,-77.19542205469061,39.01096801701107,https://maps.roads.maryland.gov/itms_public/?stationid=S2012150852,0.0,1.2,Urban,6.0,Minor Collector,1.0,1551.0,1711.0,,S,True,False,montgomery_dc_spatial,True,1605.0,1550.0,1705.0,1640.0,1551.0,1711.0,2.0,1.0,3998.0,9.73,67.27,1414,Census Tract 7060.05,24031706005,24031706009,"Montgomery County, MD","Montgomery County, MD",145.84243652168183,AADT_2018,daily vehicle trips whose OD path crosses this tract-pair boundary; direct adjacent OD only is stricter and will undercount through traffic
sl_B3208_24033804900__24033805000,24033804900__24033805000,other_adjacent_tract_pair,high,accepted,B3208,Prince George's,Sargent Rd                              ,CO,5778.0,0.11,Sargent Rd-.20 Mi S Of Md501,Washington Dc/l To Md 212,North,4.0,F,10752.0,10663.0,11512.0,11413.0,8.51,66.67,50.22,49.78,24033804900,24033805000,24033,24033,1.028959166994924,2447.8671309502547,2,-76.9876701072536,38.95582953892919,https://maps.roads.maryland.gov/itms_public/?stationid=B3208,0.0,1.12,Urban,5.0,Major Collector,1.0,10664.0,11304.0,,B,True,False,pg_dc_spatial;pg_montgomery_spatial,True,10752.0,10663.0,11512.0,11413.0,10664.0,11304.0,4.0,1.0,5778.0,8.51,66.67,1565,Census Tract 8049,24033804900,24033805000,"Prince George's County, MD","Prince George's County, MD",1.028959166994924,AADT_2018,daily vehicle trips whose OD path crosses this tract-pair boundary; direct adjacent OD only is stricter and will undercount through traffic
sl_S2012150752_24031705702__24031705800,24031705702__24031705800,other_adjacent_tract_pair,high,accepted,S2012150752,Montgomery,Sangamore Rd,CO,507.0,1.54,Sangamore Rd - Between Macarthur Blvd & Brookes La,Overlea Rd To Macarthur Blvd,South,2.0,F,6215.0,6830.0,6595.0,7240.0,8.64,50.85,50.49,49.51,24031705800,24031705702,24031,24031,0.05112896572633858,3010.145307940093,1,-77.11710092657667,38.944757685687925,https://maps.roads.maryland.gov/itms_public/?stationid=S2012150752,0.9,1.57,Urban,7.0,Local,1.0,6831.0,7511.0,,S,True,False,montgomery_dc_spatial;pg_montgomery_spatial,True,6215.0,6830.0,6595.0,7240.0,6831.0,7511.0,2.0,1.0,507.0,8.64,50.85,1392,Census Tract 7058,24031705800,24031705702,"Montgomery County, MD","Montgomery County, MD",0.05112896572633858,AADT_2018,daily vehicle trips whose OD path crosses this tract-pair boundary; direct adjacent OD only is stricter and will undercount through traffic
sl_S2012150657_24031701407__24031701408,24031701407__24031701408,other_adjacent_tract_pair,high,accepted,S2012150657,Montgomery,Norwood Rd,CO,72.0,1.51,Norwood Rd - .20 Mile West Of Norbeck Rd,Norbeck Rd To Md 182,East,3.0,F,11365.0,11140.0,12165.0,11920.0,9.23,57.69,51.16,48.84,24031701408,24031701407,24031,24031,0.09697926698503301,5146.206738892948,1,-77.02263215273427,39.12008875936847,https://maps.roads.maryland.gov/itms_public/?stationid=S2012150657,1.397,1.98,Urban,4.0,Minor Arterial,1.0,11141.0,11811.0,,S,True,False,pg_montgomery_spatial,True,11365.0,11140.0,12165.0,11920.0,11141.0,11811.0,3.0,1.0,72.0,9.23,57.69,1394,Census Tract 7014.08,24031701408,24031701407,"Montgomery County, MD","Montgomery County, MD",0.09697926698503301,AADT_2018,daily vehicle trips whose OD path crosses this tract-pair boundary; direct adjacent OD only is stricter and will undercount through traffic
sl_B3304_24031701704__24033805202,24031701704__24033805202,pg_montgomery,high,accepted,B3304,Prince George's,New Hampshire Ave,MD,650.0,0.71,Md650-.10 Mi S Of Md410,Washington Dc/lto Montgomery Co/l (md 410),North,6.0,F,42232.0,39650.0,45192.0,42430.0,7.34,57.99,48.69,51.31,24033805202,24031701704,24033,24031,1.6035444427397416,915.4282466694083,1,-76.99535621140214,38.974189344485815,https://maps.roads.maryland.gov/itms_public/?stationid=B3304,0.0,0.81,Urban,3.0,Principal Arterial Other,1.0,39651.0,42031.0,1315.0,B,True,False,pg_dc_route;pg_montgomery_route;pg_dc_spatial;pg_montgomery_spatial,True,42232.0,39650.0,45192.0,42430.0,39651.0,42031.0,6.0,1.0,650.0,7.34,57.99,1533,Census Tract 8052.02,24033805202,24031701704,"Prince George's County, MD","Montgomery County, MD",1.6035444427397416,AADT_2018,daily vehicle trips whose OD path crosses this tract-pair boundary; direct adjacent OD only is stricter and will undercount through traffic
sl_P0006_24033800601__24033800605,24033800601__24033800605,other_adjacent_tract_pair,high,accepted,P0006,Prince George's,Pennsylvania Ave,MD,4.0,0.54,Md 4 - .54 Mile North Of Patuxent River Bridge (atr#06),Md 4pa To Us 301,South,4.0,F,45683.0,44976.0,50476.0,49780.0,9.72,76.61,49.05,50.95,24033800601,24033800605,24033,24033,33.10532380502383,2308.267189813492,1,-76.72194931218698,38.81280277296899,https://maps.roads.maryland.gov/itms_public/?stationid=P0006,0.08,1.43,Urban,3.0,Principal Arterial Other,1.0,44641.0,49274.0,2568.0,P,True,False,pg_dc_route,True,45683.0,44976.0,50476.0,49780.0,44641.0,49274.0,4.0,1.0,4.0,9.72,76.61,509,Census Tract 8006.01,24033800601,24033800605,"Prince George's County, MD","Prince George's County, MD",33.10532380502383,AADT_2018,daily vehicle trips whose OD path crosses this tract-pair boundary; direct adjacent OD only is stricter and will undercount through traffic
sl_B2847_24031701004__24031701007,24031701004__24031701007,other_adjacent_tract_pair,high,accepted,B2847,Montgomery,Eisenhower Memorial Hwy,IS,270.0,6.96,Is270-.50 Mi N Of Md28,Md 28 To Shady Grove Rd,North,12.0,F,223292.0,233170.0,232222.0,242500.0,7.26,63.88,52.94,47.06,24031701007,24031701004,24031,24031,20.790973993928247,1440.7843112568798,1,-77.17564936093939,39.09275218104185,https://maps.roads.maryland.gov/itms_public/?stationid=B2847,6.46,8.39,Urban,1.0,Interstate,1.0,234801.0,244191.0,8923.0,B,True,False,montgomery_dc_spatial,True,223292.0,233170.0,232222.0,242500.0,234801.0,244191.0,12.0,1.0,270.0,7.26,63.88,895,Census Tract 7010.07,24031701007,24031701004,"Montgomery County, MD","Montgomery County, MD",20.790973993928247,AADT_2018,daily vehicle trips whose OD path crosses this tract-pair boundary; direct adjacent OD only is stricter and will undercount through traffic
sl_B3248_24033802700__24033802803,24033802700__24033802803,other_adjacent_tract_pair,high,accepted,B3248,Prince George's,Old Central Ave,MD,332.0,0.9,Md332-between Yeoman Pl & Md332a,Larchmont Ave To Md 214,East,2.0,F,12655.0,11450.0,13545.0,12250.0,8.81,52.83,50.94,49.06,24033802700,24033802803,24033,24033,0.3384342504554557,2416.5776740773736,2,-76.90247193905849,38.886227022307786,https://maps.roads.maryland.gov/itms_public/?stationid=B3248,0.16,1.07,Urban,4.0,Minor Arterial,1.0,11451.0,12141.0,,B,True,False,pg_dc_spatial,True,12655.0,11450.0,13545.0,12250.0,11451.0,12141.0,2.0,1.0,332.0,8.81,52.83,594,Census Tract 8027,24033802700,24033802803,"Prince George's County, MD","Prince George's County, MD",0.3384342504554557,AADT_2018,daily vehicle trips whose OD path crosses this tract-pair boundary; direct adjacent OD only is stricter and will undercount through traffic
sl_B2715_24031700902__24031700903,24031700902__24031700903,other_adjacent_tract_pair,medium,accepted,B2715,Montgomery,First St,MD,28.0,23.65,Md28-.50 Mi E Of Md586,Baltimore Rd To E. Gude Dr,East,4.0,F,37792.0,37020.0,40442.0,39610.0,8.02,54.47,49.43,50.57,24031700903,24031700902,24031,24031,54.38759957158734,1388.679246827783,2,-77.13527781083637,39.08651570641147,https://maps.roads.maryland.gov/itms_public/?stationid=B2715,23.5,24.09,Urban,3.0,Principal Arterial Other,1.0,37021.0,39241.0,2035.0,B,True,False,montgomery_dc_spatial,True,37792.0,37020.0,40442.0,39610.0,37021.0,39241.0,4.0,1.0,28.0,8.02,54.47,196,Census Tract 7009.03,24031700903,24031700902,"Montgomery County, MD","Montgomery County, MD",54.38759957158734,AADT_2018,daily vehicle trips whose OD path crosses this tract-pair boundary; direct adjacent OD only is stricter and will undercount through traffic
sl_B2921_24031701702__24031701900,24031701702__24031701900,other_adjacent_tract_pair,low_review,accepted,B2921,Montgomery,Flower Ave,MU,460.0,0.5,Flower Ave-.10 Mi N Of Md195,Md 195 To Houston Ave,North,2.0,F,6270.0,6211.0,6650.0,6581.0,8.55,53.5,49.01,50.99,24031701702,24031701900,24031,24031,115.23925844518266,1932.1935794188055,2,-76.99945691107968,38.98606183748712,https://maps.roads.maryland.gov/itms_public/?stationid=B2921,0.4,0.88,Urban,5.0,Major Collector,1.0,6212.0,6832.0,,B,True,False,montgomery_dc_spatial;pg_montgomery_spatial,True,6270.0,6211.0,6650.0,6581.0,6212.0,6832.0,2.0,1.0,460.0,8.55,53.5,602,Census Tract 7017.02,24031701702,24031701900,"Montgomery County, MD","Montgomery County, MD",115.23925844518266,AADT_2018,daily vehicle trips whose OD path crosses this tract-pair boundary; direct adjacent OD only is stricter and will undercount through traffic
sl_B160054_24033806602__24033807102,24033806602__24033807102,other_adjacent_tract_pair,low_review,accepted,B160054,Prince George's,River Rd,MD,431.0,1.96,Md 431 (river Rd)-.10 Mi W Of Md201,Campus Dr To Md 201,East,4.0,F,9300.0,9221.0,9860.0,9771.0,10.05,74.14,46.33,53.67,24033807102,24033806602,24033,24033,165.09386473753187,1372.4695419607056,1,-76.91997047310782,38.96766515113114,https://maps.roads.maryland.gov/itms_public/?stationid=B160054,0.94,2.06,Urban,5.0,Major Collector,1.0,9222.0,10142.0,,B,True,False,pg_dc_spatial;pg_montgomery_spatial,True,9300.0,9221.0,9860.0,9771.0,9222.0,10142.0,4.0,1.0,431.0,10.05,74.14,323,Census Tract 8071.02,24033807102,24033806602,"Prince George's County, MD","Prince George's County, MD",165.09386473753187,AADT_2018,daily vehicle trips whose OD path crosses this tract-pair boundary; direct adjacent OD only is stricter and will undercount through traffic
sl_B3334_24033803509__24033804102,24033803509__24033804102,other_adjacent_tract_pair,high,accepted,B3334,Prince George's,John Hanson Hwy,US,50.0,3.0,Us50-.20 Mi E Of Md202,Md 202 To Md 410,East,5.0,F,80390.0,79671.0,86020.0,85251.0,7.06,63.16,51.91,48.09,24033803509,24033804102,24033,24033,22.844797857835687,1259.2539764337948,1,-76.89465605440253,38.9322431669554,https://maps.roads.maryland.gov/itms_public/?stationid=B3334,2.8,4.1,Urban,2.0,Principal Arterial Other Freeways and Expressways,1.0,79672.0,84452.0,5178.0,B,True,False,pg_dc_route;pg_dc_spatial;pg_montgomery_spatial,True,80390.0,79671.0,86020.0,85251.0,79672.0,84452.0,5.0,1.0,50.0,7.06,63.16,469,Census Tract 8035.09,24033803509,24033804102,"Prince George's County, MD","Prince George's County, MD",22.844797857835687,AADT_2018,daily vehicle trips whose OD path crosses this tract-pair boundary; direct adjacent OD only is stricter and will undercount through traffic
sl_B3252_24033801104__24033802201,24033801104__24033802201,other_adjacent_tract_pair,high,accepted,B3252,Prince George's,Suitland Pkwy,MD,337.0,3.36,Md337-.05 Mi S Of Md4,Gv 119 (back) To Md 4,North,3.0,F,28955.0,28695.0,30985.0,30705.0,9.48,71.45,53.47,46.53,24033802201,24033801104,24033,24033,1.4151863079446962,1440.0496364347039,1,-76.8574784687838,38.82976291982581,https://maps.roads.maryland.gov/itms_public/?stationid=B3252,3.34,3.41,Urban,2.0,Principal Arterial Other Freeways and Expressways,1.0,28705.0,30435.0,502.0,B,True,False,pg_dc_spatial,True,28955.0,28695.0,30985.0,30705.0,28705.0,30435.0,3.0,1.0,337.0,9.48,71.45,1557,Census Tract 8022.01,24033802201,24033801104,"Prince George's County, MD","Prince George's County, MD",1.4151863079446962,AADT_2018,daily vehicle trips whose OD path crosses this tract-pair boundary; direct adjacent OD only is stricter and will undercount through traffic
sl_S2012150685_24031703201__24031703302,24031703201__24031703302,other_adjacent_tract_pair,high,accepted,S2012150685,Montgomery,Aspen Hill Rd,CO,142.0,1.5,Aspen Hill Rd - Between Frankfort Dr & Md 185,Grenoble Dr To Md 185,North,2.0,F,18595.0,17300.0,19905.0,18510.0,8.21,55.89,50.32,49.68,24031703201,24031703302,24031,24031,1.1646254157989364,1102.6889608832541,1,-77.08275312483276,39.079967069674325,https://maps.roads.maryland.gov/itms_public/?stationid=S2012150685,1.43,1.62,Urban,4.0,Minor Arterial,1.0,18031.0,18341.0,,S,True,False,montgomery_dc_spatial;pg_montgomery_spatial,True,18595.0,17300.0,19905.0,18510.0,18031.0,18341.0,2.0,1.0,142.0,8.21,55.89,1410,Census Tract 7032.01,24031703201,24031703302,"Montgomery County, MD","Montgomery County, MD",1.1646254157989364,AADT_2018,daily vehicle trips whose OD path crosses this tract-pair boundary; direct adjacent OD only is stricter and will undercount through traffic
sl_B160098_24033802408__24033802502,24033802408__24033802502,other_adjacent_tract_pair,high,accepted,B160098,Prince George's,Boundry Ave,CO,311.0,0.03,Boundry Ave-between Quarter Ave & Pacific Ave,Quarter Ave To Nova Ave,South,2.0,F,3840.0,3811.0,4070.0,4041.0,8.29,52.31,46.39,53.61,24033802502,24033802408,24033,24033,0.48644940728940544,770.4846358481585,2,-76.92380155153766,38.866101427968815,https://maps.roads.maryland.gov/itms_public/?stationid=B160098,0.0,0.21,Urban,7.0,Local,1.0,3812.0,4192.0,75.0,B,True,False,pg_dc_spatial,True,3840.0,3811.0,4070.0,4041.0,3812.0,4192.0,2.0,1.0,311.0,8.29,52.31,592,Census Tract 8025.02,24033802502,24033802408,"Prince George's County, MD","Prince George's County, MD",0.48644940728940544,AADT_2018,daily vehicle trips whose OD path crosses this tract-pair boundary; direct adjacent OD only is stricter and will undercount through traffic
sl_B3236_24033803801__24033804001,24033803801__24033804001,other_adjacent_tract_pair,high,accepted,B3236,Prince George's,Baltimore Washington Pkwy,MD,295.0,2.17,Md295-.20 Mi N Of Md450,Md 450 To Riverdale Rd,South,4.0,F,112010.0,111001.0,119850.0,118771.0,6.0,51.47,49.65,50.35,24033803801,24033804001,24033,24033,18.58377534932832,1666.2910755323321,1,-76.91165276707626,38.94165473355963,https://maps.roads.maryland.gov/itms_public/?stationid=B3236,1.97,3.63,Urban,2.0,Principal Arterial Other Freeways and Expressways,1.0,111002.0,117662.0,1291.0,B,True,False,pg_dc_route;pg_dc_spatial;pg_montgomery_spatial,True,112010.0,111001.0,119850.0,118771.0,111002.0,117662.0,4.0,1.0,295.0,6.0,51.47,498,Census Tract 8038.01,24033803801,24033804001,"Prince George's County, MD","Prince George's County, MD",18.58377534932832,AADT_2018,daily vehicle trips whose OD path crosses this tract-pair boundary; direct adjacent OD only is stricter and will undercount through traffic
sl_S2012150713_24031704502__24031704600,24031704502__24031704600,other_adjacent_tract_pair,low_review,accepted,S2012150713,Montgomery,Greentree Rd,CO,167.0,1.5,Greentree Rd - Between Fernwood Rd & Burning Tree Rd,Fernwood Rd To Greentre Rd (ahead),West,2.0,F,2445.0,2400.0,2595.0,2540.0,13.86,50.14,46.67,53.33,24031704502,24031704600,24031,24031,116.18792853865611,851.6560585745299,1,-77.13371402089483,39.00640046747765,https://maps.roads.maryland.gov/itms_public/?stationid=S2012150713,1.41,2.66,Urban,7.0,Local,1.0,2401.0,2641.0,,S,True,False,montgomery_dc_spatial,True,2445.0,2400.0,2595.0,2540.0,2401.0,2641.0,2.0,1.0,167.0,13.86,50.14,1422,Census Tract 7045.02,24031704502,24031704600,"Montgomery County, MD","Montgomery County, MD",116.18792853865611,AADT_2018,daily vehicle trips whose OD path crosses this tract-pair boundary; direct adjacent OD only is stricter and will undercount through traffic
sl_S2012150758_24031702800__24031702900,24031702800__24031702900,other_adjacent_tract_pair,medium,accepted,S2012150758,Montgomery,Spring St,CO,598.0,0.52,Spring St - Between Md 97 & First Ave,Md97 (georgia Ave) To Md390 (16th Street),West,2.0,F,10385.0,8530.0,11115.0,9130.0,8.82,57.3,55.91,44.09,24031702800,24031702900,24031,24031,83.3615529149903,1797.7823211455957,2,-77.03262652292112,38.99907925138849,https://maps.roads.maryland.gov/itms_public/?stationid=S2012150758,0.47,0.79,Urban,4.0,Minor Arterial,1.0,8531.0,9041.0,,S,True,False,montgomery_dc_spatial;pg_montgomery_spatial,True,10385.0,8530.0,11115.0,9130.0,8531.0,9041.0,2.0,1.0,598.0,8.82,57.3,343,Census Tract 7028,24031702800,24031702900,"Montgomery County, MD","Montgomery County, MD",83.3615529149903,AADT_2018,daily vehicle trips whose OD path crosses this tract-pair boundary; direct adjacent OD only is stricter and will undercount through traffic
sl_S2012161267_24033805909__24033806400,24033805909__24033806400,other_adjacent_tract_pair,high,accepted,S2012161267,Prince George's,Wells Pkwy,MU,160.0,0.03,Wells Pkwy - Between Adelphi Rd & Commander Dr,Adelphi Rd To Road End,West,2.0,F,1795.0,1860.0,1905.0,1970.0,8.77,56.25,50.55,49.45,24033806400,24033805909,24033,24033,37.50829788340803,951.8939517007808,2,-76.953790032227,38.97889153114761,https://maps.roads.maryland.gov/itms_public/?stationid=S2012161267,0.0,0.82,Urban,7.0,Local,1.0,1861.0,2051.0,,S,True,False,pg_dc_spatial;pg_montgomery_spatial,True,1795.0,1860.0,1905.0,1970.0,1861.0,2051.0,2.0,1.0,160.0,8.77,56.25,1547,Census Tract 8064,24033806400,24033805909,"Prince George's County, MD","Prince George's County, MD",37.50829788340803,AADT_2018,daily vehicle trips whose OD path crosses this tract-pair boundary; direct adjacent OD only is stricter and will undercount through traffic
sl_B2851_24031701205__24031706012,24031701205__24031706012,other_adjacent_tract_pair,medium,accepted,B2851,Montgomery,No Name,IS,270.0,1.65,Is270y-.30 Mi N Of Westlake Terr,Democracy Blvd To Is 270,North,7.0,F,131292.0,130503.0,136542.0,135723.0,7.24,63.08,57.57,42.43,24031701205,24031706012,24031,24031,63.62663818396403,1936.1013367712874,1,-77.14158452850997,39.030901616534656,https://maps.roads.maryland.gov/itms_public/?stationid=B2851,0.995,2.095,Urban,1.0,Interstate,1.0,131424.0,136684.0,4004.0,B,True,False,montgomery_dc_spatial,True,131292.0,130503.0,136542.0,135723.0,131424.0,136684.0,7.0,1.0,270.0,7.24,63.08,554,Census Tract 7012.05,24031701205,24031706012,"Montgomery County, MD","Montgomery County, MD",63.62663818396403,AADT_2018,daily vehicle trips whose OD path crosses this tract-pair boundary; direct adjacent OD only is stricter and will undercount through traffic
sl_B160107_24033802203__24033802301,24033802203__24033802301,other_adjacent_tract_pair,high,accepted,B160107,Prince George's,Marbury Dr,MU,270.0,0.42,Marbury Dr-.20 Mi S Of Kipling Pkwy,Road End To Marbury Dr (ahead),North,2.0,F,1490.0,1481.0,1580.0,1571.0,8.7,52.9,49.62,50.38,24033802203,24033802301,24033,24033,0.7640013582120768,1972.812115601467,1,-76.87812299997617,38.85807769268976,https://maps.roads.maryland.gov/itms_public/?stationid=B160107,0.0,0.47,Urban,5.0,Major Collector,1.0,1482.0,1632.0,52.0,B,True,False,pg_dc_spatial,True,1490.0,1481.0,1580.0,1571.0,1482.0,1632.0,2.0,1.0,270.0,8.7,52.9,546,Census Tract 8022.03,24033802203,24033802301,"Prince George's County, MD","Prince George's County, MD",0.7640013582120768,AADT_2018,daily vehicle trips whose OD path crosses this tract-pair boundary; direct adjacent OD only is stricter and will undercount through traffic
sl_B2986_24031701414__24031701415,24031701414__24031701415,other_adjacent_tract_pair,low_review,accepted,B2986,Montgomery,Fairland Rd,CO,98.0,1.17,Fairland Rd-.10 Mi S Of Cedar Creek La,E. Randolph Rd To Us 29,North,3.0,C,13291.0,13172.0,14221.0,14092.0,8.58,57.58,48.33,51.67,24031701414,24031701415,24031,24031,143.83100889035754,3870.7230167278535,1,-76.97372216705969,39.07667548567465,https://maps.roads.maryland.gov/itms_public/?stationid=B2986,0.0,2.35,Urban,4.0,Minor Arterial,1.0,14090.0,14940.0,482.0,B,True,False,montgomery_dc_spatial;pg_montgomery_spatial,True,13291.0,13172.0,14221.0,14092.0,14090.0,14940.0,3.0,1.0,98.0,8.58,57.58,1412,Census Tract 7014.14,24031701414,24031701415,"Montgomery County, MD","Montgomery County, MD",143.83100889035754,AADT_2018,daily vehicle trips whose OD path crosses this tract-pair boundary; direct adjacent OD only is stricter and will undercount through traffic
sl_S2012161155_24033804101__24033804102,24033804101__24033804102,other_adjacent_tract_pair,low_review,accepted,S2012161155,Prince George's,Old Landover Rd                         ,CO,1734.0,0.41,Old Landover Rd - .10 Mi East Of Kilmer St,Landover Rd To Gramby St,West,2.0,F,7865.0,9430.0,8345.0,10000.0,8.35,52.83,42.45,57.55,24033804102,24033804101,24033,24033,108.5297893411677,1565.1575001676317,1,-76.90051626715908,38.93283312018436,https://maps.roads.maryland.gov/itms_public/?stationid=S2012161155,0.0,0.63,Urban,7.0,Local,1.0,9431.0,10371.0,,S,True,False,pg_dc_spatial;pg_montgomery_spatial,True,7865.0,9430.0,8345.0,10000.0,9431.0,10371.0,2.0,1.0,1734.0,8.35,52.83,517,Census Tract 8041.02,24033804102,24033804101,"Prince George's County, MD","Prince George's County, MD",108.5297893411677,AADT_2018,daily vehicle trips whose OD path crosses this tract-pair boundary; direct adjacent OD only is stricter and will undercount through traffic
sl_S2012161177_24033803300__24033803509,24033803300__24033803509,other_adjacent_tract_pair,medium,accepted,S2012161177,Prince George's,Kent Village Dr                         ,CO,3361.0,0.03,Kent Village Dr - Between Md 202 & East Lombard St,Landover Rd To Road End,North,2.0,F,1595.0,1190.0,1695.0,1260.0,7.2,52.58,63.75,36.25,24033803300,24033803509,24033,24033,57.3087778373241,1249.515895538911,1,-76.88460757329622,38.92643202270565,https://maps.roads.maryland.gov/itms_public/?stationid=S2012161177,0.0,0.82,Urban,5.0,Major Collector,1.0,1191.0,1311.0,,S,True,False,pg_dc_spatial,True,1595.0,1190.0,1695.0,1260.0,1191.0,1311.0,2.0,1.0,3361.0,7.2,52.58,1513,Census Tract 8033,24033803300,24033803509,"Prince George's County, MD","Prince George's County, MD",57.3087778373241,AADT_2018,daily vehicle trips whose OD path crosses this tract-pair boundary; direct adjacent OD only is stricter and will undercount through traffic
sl_B2801_24031705100__24031705200,24031705100__24031705200,other_adjacent_tract_pair,high,accepted,B2801,Montgomery,Brookville Rd,MD,186.0,1.32,Md186-100ft South Of Leland St,Bradley La To Md 410,South,2.0,F,7170.0,7111.0,7600.0,7541.0,11.02,85.2,50.39,49.61,24031705100,24031705200,24031,24031,0.8433522671379824,2399.8192266845517,1,-77.07190448915006,38.98649873577413,https://maps.roads.maryland.gov/itms_public/?stationid=B2801,0.6,1.52,Urban,5.0,Major Collector,1.0,7112.0,7822.0,,B,True,False,montgomery_dc_spatial;pg_montgomery_spatial,True,7170.0,7111.0,7600.0,7541.0,7112.0,7822.0,2.0,1.0,186.0,11.02,85.2,576,Census Tract 7051,24031705100,24031705200,"Montgomery County, MD","Montgomery County, MD",0.8433522671379824,AADT_2018,daily vehicle trips whose OD path crosses this tract-pair boundary; direct adjacent OD only is stricter and will undercount through traffic
sl_S2012150661_24031701505__24031701506,24031701505__24031701506,other_adjacent_tract_pair,low_review,accepted,S2012150661,Montgomery,Lockwood Dr,CO,109.0,0.1,Lockwood Dr - .10 Mile North Of Us 29,Us 29 To Burnt Mills Rd,North,2.0,F,12665.0,13080.0,13555.0,14000.0,10.47,53.35,49.06,50.94,24031701505,24031701506,24031,24031,109.03909539121322,1927.1005397896756,1,-77.00072051369767,39.03381745767715,https://maps.roads.maryland.gov/itms_public/?stationid=S2012150661,0.0,0.33,Urban,4.0,Minor Arterial,1.0,13081.0,13871.0,,S,True,False,montgomery_dc_spatial;pg_montgomery_spatial,True,12665.0,13080.0,13555.0,14000.0,13081.0,13871.0,2.0,1.0,109.0,10.47,53.35,580,Census Tract 7015.05,24031701505,24031701506,"Montgomery County, MD","Montgomery County, MD",109.03909539121322,AADT_2018,daily vehicle trips whose OD path crosses this tract-pair boundary; direct adjacent OD only is stricter and will undercount through traffic
sl_S2013160355_24033806400__24033807200,24033806400__24033807200,other_adjacent_tract_pair,high,accepted,S2013160355,Prince George's,Guilford Dr,MU,550.0,0.07,Guilford Dr - Between Cornell Ave & Rossburg Dr,Cornell Rd To Us 1,East,4.0,C,6194.0,6145.0,6574.0,6515.0,10.06,52.08,50.03,49.97,24033806400,24033807200,24033,24033,12.223806911730087,1964.2595268988869,1,-76.94329521598524,38.98016432937354,https://maps.roads.maryland.gov/itms_public/?stationid=S2013160355,0.0,0.41,Urban,7.0,Local,1.0,6150.0,6770.0,,S,True,False,pg_dc_spatial;pg_montgomery_spatial,True,6194.0,6145.0,6574.0,6515.0,6150.0,6770.0,4.0,1.0,550.0,10.06,52.08,1547,Census Tract 8064,24033806400,24033807200,"Prince George's County, MD","Prince George's County, MD",12.223806911730087,AADT_2018,daily vehicle trips whose OD path crosses this tract-pair boundary; direct adjacent OD only is stricter and will undercount through traffic
sl_S2012150769_24031703901__24031703902,24031703901__24031703902,other_adjacent_tract_pair,high,accepted,S2012150769,Montgomery,Dennis Ave,CO,793.0,1.9,Dennis Ave - Between Md 97 & Amherst Ave,Lockridge Dr To Leslie St,West,2.0,F,9065.0,8840.0,9615.0,9370.0,9.06,63.86,47.02,52.98,24031703902,24031703901,24031,24031,1.1458878289884649,1447.827484523587,2,-77.04536828260663,39.0253564278683,https://maps.roads.maryland.gov/itms_public/?stationid=S2012150769,0.0,2.6,Urban,5.0,Major Collector,1.0,8841.0,9731.0,,S,True,False,montgomery_dc_spatial;pg_montgomery_spatial,True,9065.0,8840.0,9615.0,9370.0,8841.0,9731.0,2.0,1.0,793.0,9.06,63.86,1193,Census Tract 7039.02,24031703902,24031703901,"Montgomery County, MD","Montgomery County, MD",1.1458878289884649,AADT_2018,daily vehicle trips whose OD path crosses this tract-pair boundary; direct adjacent OD only is stricter and will undercount through traffic
sl_B160093_24033800410__24033800411,24033800410__24033800411,other_adjacent_tract_pair,high,accepted,B160093,Prince George's,Old Laurel Bowie Rd,CO,5199.0,0.84,Old Laurel Bowie Rd-.10 Mi S Of Hilltop La,Chestnut Ave To Md 197,South,2.0,F,2850.0,2831.0,3020.0,3001.0,8.78,63.53,48.17,51.83,24033800411,24033800410,24033,24033,1.7054402704824203,8742.514862346425,1,-76.78539741143419,39.02132998699148,https://maps.roads.maryland.gov/itms_public/?stationid=B160093,0.0,1.562,Rural,6.0,Minor Collector,1.0,2872.0,3042.0,66.0,B,True,False,pg_dc_spatial,True,2850.0,2831.0,3020.0,3001.0,2872.0,3042.0,2.0,1.0,5199.0,8.78,63.53,448,Census Tract 8004.11,24033800411,24033800410,"Prince George's County, MD","Prince George's County, MD",1.7054402704824203,AADT_2018,daily vehicle trips whose OD path crosses this tract-pair boundary; direct adjacent OD only is stricter and will undercount through traffic
sl_S2009150066_24031704404__24031705000,24031704404__24031705000,other_adjacent_tract_pair,high,accepted,S2009150066,Montgomery,W Cedar La,CO,7805.0,0.61,W Cedar La - .10 Mile West Of Md 355,Cedarcrest Dr To Md 355,East,4.0,F,10735.0,11670.0,11495.0,12490.0,10.06,71.63,56.03,43.97,24031704404,24031705000,24031,24031,0.6877912530303395,3240.4164135341316,1,-77.09951515623179,39.005905452606754,https://maps.roads.maryland.gov/itms_public/?stationid=S2009150066,0.56,0.71,Urban,4.0,Minor Arterial,1.0,11671.0,12371.0,307.0,S,True,False,montgomery_dc_spatial;pg_montgomery_spatial,True,10735.0,11670.0,11495.0,12490.0,11671.0,12371.0,4.0,1.0,7805.0,10.06,71.63,912,Census Tract 7044.04,24031704404,24031705000,"Montgomery County, MD","Montgomery County, MD",0.6877912530303395,AADT_2018,daily vehicle trips whose OD path crosses this tract-pair boundary; direct adjacent OD only is stricter and will undercount through traffic
sl_B3246_24033800507__24033800520,24033800507__24033800520,other_adjacent_tract_pair,high,accepted,B3246,Prince George's,Crain Hwy,US,301.0,23.05,Us301-.10 Mi S Of Md197,Queen Anne Bridge Rd To Md 197,South,5.0,C,66121.0,65532.0,70751.0,70122.0,7.16,53.07,47.26,52.74,24033800507,24033800520,24033,24033,29.275437191878066,744.341534961884,2,-76.7177941799931,38.94109452973208,https://maps.roads.maryland.gov/itms_public/?stationid=B3246,21.31,23.15,Urban,3.0,Principal Arterial Other,1.0,65300.0,69220.0,3809.0,B,True,False,pg_dc_route,True,66121.0,65532.0,70751.0,70122.0,65300.0,69220.0,5.0,1.0,301.0,7.16,53.07,1525,Census Tract 8005.07,24033800507,24033800520,"Prince George's County, MD","Prince George's County, MD",29.275437191878066,AADT_2018,daily vehicle trips whose OD path crosses this tract-pair boundary; direct adjacent OD only is stricter and will undercount through traffic
sl_P0040_24031705800__24031706009,24031705800__24031706009,other_adjacent_tract_pair,high,accepted,P0040,Montgomery,Capital Beltway,IS,495.0,1.12,Is 495 - 50ft East Of Persimmon Tree Rd Overpass (atr#40),Clara Barton Pkwy To Md 190,West,9.0,F,231375.0,228463.0,236103.0,232682.0,7.18,50.3,49.16,50.84,24031705800,24031706009,24031,24031,3.867890236539323,2116.404917014633,1,-77.17235857244054,38.98142544511659,https://maps.roads.maryland.gov/itms_public/?stationid=P0040,0.52,2.37,Urban,1.0,Interstate,1.0,231287.0,235895.0,,P,True,False,montgomery_dc_route;pg_montgomery_route;montgomery_dc_spatial,True,231375.0,228463.0,236103.0,232682.0,231287.0,235895.0,9.0,1.0,495.0,7.18,50.3,1392,Census Tract 7058,24031705800,24031706009,"Montgomery County, MD","Montgomery County, MD",3.867890236539323,AADT_2018,daily vehicle trips whose OD path crosses this tract-pair boundary; direct adjacent OD only is stricter and will undercount through traffic
sl_S2017150256_24031703208__24031703209,24031703208__24031703209,other_adjacent_tract_pair,medium,accepted,S2017150256,Montgomery,Lamberton Dr,CO,2450.0,0.05,Lamberton Dr - .05 Mile East Of Arcola Ave,Arcola Ave To Road End,West,3.0,F,5430.0,5381.0,5760.0,5701.0,9.53,75.36,45.2,54.8,24031703208,24031703209,24031,24031,79.50206141282571,1294.1353263416684,1,-77.02820805139835,39.04142227873475,https://maps.roads.maryland.gov/itms_public/?stationid=S2017150256,0.0,1.13,Urban,6.0,Minor Collector,1.0,5382.0,5922.0,,S,True,False,montgomery_dc_spatial;pg_montgomery_spatial,True,5430.0,5381.0,5760.0,5701.0,5382.0,5922.0,3.0,1.0,2450.0,9.53,75.36,1423,Census Tract 7032.08,24031703208,24031703209,"Montgomery County, MD","Montgomery County, MD",79.50206141282571,AADT_2018,daily vehicle trips whose OD path crosses this tract-pair boundary; direct adjacent OD only is stricter and will undercount through traffic
sl_B3221_24033803514__24033803527,24033803514__24033803527,other_adjacent_tract_pair,high,accepted,B3221,Prince George's,Central Ave,MD,214.0,5.0,Md214-.40 Mi E Of Md202,Md 202 To Md 193,East,6.0,F,47660.0,47231.0,51000.0,50541.0,7.7,64.41,49.01,50.99,24033803527,24033803514,24033,24033,18.992289546831106,822.5437184853694,2,-76.82513326692973,38.89897992762669,https://maps.roads.maryland.gov/itms_public/?stationid=B3221,4.61,6.77,Urban,3.0,Principal Arterial Other,1.0,47232.0,50072.0,,B,True,False,pg_dc_route;pg_dc_spatial,True,47660.0,47231.0,51000.0,50541.0,47232.0,50072.0,6.0,1.0,214.0,7.7,64.41,872,Census Tract 8035.27,24033803527,24033803514,"Prince George's County, MD","Prince George's County, MD",18.992289546831106,AADT_2018,daily vehicle trips whose OD path crosses this tract-pair boundary; direct adjacent OD only is stricter and will undercount through traffic
sl_B160069_24033803601__24033803608,24033803601__24033803608,other_adjacent_tract_pair,low_review,accepted,B160069,Prince George's,Whitfield Chapel Rd,MD,950.0,1.41,Md950a (whitfield Chapel Rd)-.10 Mi S 0f Is595,Whitfield Chapel Rd To Whitfield Chapel Rd,South,2.0,F,10152.0,10063.0,10762.0,10673.0,8.61,54.48,48.44,51.56,24033803601,24033803608,24033,24033,167.9421090494832,1693.0190150873816,1,-76.85399122232558,38.94438834218752,https://maps.roads.maryland.gov/itms_public/?stationid=B160069,1.14,1.42,Urban,5.0,Major Collector,1.0,10064.0,11074.0,,B,True,False,pg_dc_spatial;pg_montgomery_spatial,True,10152.0,10063.0,10762.0,10673.0,10064.0,11074.0,2.0,1.0,950.0,8.61,54.48,476,Census Tract 8036.01,24033803601,24033803608,"Prince George's County, MD","Prince George's County, MD",167.9421090494832,AADT_2018,daily vehicle trips whose OD path crosses this tract-pair boundary; direct adjacent OD only is stricter and will undercount through traffic
sl_B150111_24031701408__24031701410,24031701408__24031701410,other_adjacent_tract_pair,high,accepted,B150111,Montgomery,Columbia Pike,US,29.0,0.2,Us29a-.20 Mi N Of Md198,Md 198 To Md 929f,South,4.0,F,11965.0,11070.0,12805.0,11850.0,9.3,71.22,22.5,77.5,24031701408,24031701410,24031,24031,3.5028696685819436,2741.7655308377434,1,-76.9329590727654,39.11402563629769,https://maps.roads.maryland.gov/itms_public/?stationid=B150111,0.0,0.92,Urban,4.0,Minor Arterial,1.0,11071.0,11741.0,436.0,B,True,False,montgomery_dc_route;pg_montgomery_route;pg_montgomery_spatial,True,11965.0,11070.0,12805.0,11850.0,11071.0,11741.0,4.0,1.0,29.0,9.3,71.22,1394,Census Tract 7014.08,24031701408,24031701410,"Montgomery County, MD","Montgomery County, MD",3.5028696685819436,AADT_2018,daily vehicle trips whose OD path crosses this tract-pair boundary; direct adjacent OD only is stricter and will undercount through traffic
sl_B2714_24031700902__24031701101,24031700902__24031701101,other_adjacent_tract_pair,high,accepted,B2714,Montgomery,First St,MD,28.0,23.3,Md28-.15 Mi E Of Md586,Md 586 To Baltimore Rd,East,4.0,F,32532.0,32650.0,34812.0,34940.0,7.33,59.95,49.96,50.04,24031701101,24031700902,24031,24031,2.388804077561545,552.710038335078,1,-77.13717267307925,39.08171939261455,https://maps.roads.maryland.gov/itms_public/?stationid=B2714,23.15,23.5,Urban,3.0,Principal Arterial Other,1.0,32651.0,34611.0,1808.0,B,True,False,montgomery_dc_spatial,True,32532.0,32650.0,34812.0,34940.0,32651.0,34611.0,4.0,1.0,28.0,7.33,59.95,1188,Census Tract 7011.01,24031701101,24031700902,"Montgomery County, MD","Montgomery County, MD",2.388804077561545,AADT_2018,daily vehicle trips whose OD path crosses this tract-pair boundary; direct adjacent OD only is stricter and will undercount through traffic
sl_S2012161222_24033806713__24033806800,24033806713__24033806800,other_adjacent_tract_pair,medium,accepted,S2012161222,Prince George's,60th Ave,MU,600.0,0.06,60th Ave -between Md 193 & Seminole St,Greenbelt Rd To Quebec Pl,North,2.0,F,2105.0,1990.0,2235.0,2110.0,8.74,53.89,56.2,43.8,24033806800,24033806713,24033,24033,80.4437650060524,847.9235284277535,2,-76.91193275398402,38.997118240750936,https://maps.roads.maryland.gov/itms_public/?stationid=S2012161222,0.0,0.29,Urban,5.0,Major Collector,1.0,1991.0,2191.0,,S,True,False,pg_dc_spatial;pg_montgomery_spatial,True,2105.0,1990.0,2235.0,2110.0,1991.0,2191.0,2.0,1.0,600.0,8.74,53.89,312,Census Tract 8068,24033806800,24033806713,"Prince George's County, MD","Prince George's County, MD",80.4437650060524,AADT_2018,daily vehicle trips whose OD path crosses this tract-pair boundary; direct adjacent OD only is stricter and will undercount through traffic
sl_B2857_24031702401__24031702402,24031702401__24031702402,other_adjacent_tract_pair,high,accepted,B2857,Montgomery,Piney Branch Rd,MD,320.0,1.1,Md320-.10 Mi N Of Sligo Ave,Sligo Ave To Md 787,North,3.0,F,19341.0,19172.0,20701.0,20512.0,8.66,63.16,50.5,49.5,24031702401,24031702402,24031,24031,3.2828366052400386,2783.206052105955,1,-77.00972273328077,38.992410879650826,https://maps.roads.maryland.gov/itms_public/?stationid=B2857,1.0,1.63,Urban,4.0,Minor Arterial,1.0,19173.0,20323.0,,B,True,False,montgomery_dc_spatial;pg_montgomery_spatial,True,19341.0,19172.0,20701.0,20512.0,19173.0,20323.0,3.0,1.0,320.0,8.66,63.16,1451,Census Tract 7024.01,24031702401,24031702402,"Montgomery County, MD","Montgomery County, MD",3.2828366052400386,AADT_2018,daily vehicle trips whose OD path crosses this tract-pair boundary; direct adjacent OD only is stricter and will undercount through traffic
sl_B2922_24031701702__24031701900,24031701702__24031701900,other_adjacent_tract_pair,high,accepted,B2922,Montgomery,Flower Ave,MU,460.0,1.29,Flower Ave-.10 Mi S Of Md320,Houston Ave To Md 320,South,2.0,F,8200.0,8131.0,8690.0,8621.0,8.71,54.68,51.1,48.9,24031701900,24031701702,24031,24031,3.0274560241105317,1932.1935794188055,2,-77.00325407810755,38.99686382725963,https://maps.roads.maryland.gov/itms_public/?stationid=B2922,0.88,1.39,Urban,5.0,Major Collector,1.0,8132.0,8952.0,,B,True,False,montgomery_dc_spatial;pg_montgomery_spatial,True,8200.0,8131.0,8690.0,8621.0,8132.0,8952.0,2.0,1.0,460.0,8.71,54.68,600,Census Tract 7019,24031701900,24031701702,"Montgomery County, MD","Montgomery County, MD",3.0274560241105317,AADT_2018,daily vehicle trips whose OD path crosses this tract-pair boundary; direct adjacent OD only is stricter and will undercount through traffic
sl_S2012161249_24033802301__24033802404,24033802301__24033802404,other_adjacent_tract_pair,high,accepted,S2012161249,Prince George's,District Heights Pkwy #2,MU,91.0,0.1,District Heights Pkwy #2 - Between Breton Dr & Addison Rd,District Heights Pkwy To Marbury Dr,East,2.0,F,1425.0,1460.0,1515.0,1550.0,10.01,70.48,68.32,31.68,24033802404,24033802301,24033,24033,0.4100883891816821,1674.7278282822579,2,-76.88911215911877,38.86051447109324,https://maps.roads.maryland.gov/itms_public/?stationid=S2012161249,0.0,0.44,Urban,6.0,Minor Collector,1.0,1461.0,1611.0,,S,True,False,pg_dc_spatial,True,1425.0,1460.0,1515.0,1550.0,1461.0,1611.0,2.0,1.0,91.0,10.01,70.48,569,Census Tract 8024.04,24033802404,24033802301,"Prince George's County, MD","Prince George's County, MD",0.4100883891816821,AADT_2018,daily vehicle trips whose OD path crosses this tract-pair boundary; direct adjacent OD only is stricter and will undercount through traffic
sl_B150063_24031700704__24031700718,24031700704__24031700718,other_adjacent_tract_pair,low_review,accepted,B150063,Montgomery,Shady Grove Rd,CO,212.0,4.05,Shady Grove Rd-.10 Mi N Of Md355,Md 355 To Md 200-a,North,6.0,F,34382.0,28370.0,36792.0,30360.0,7.3,57.4,48.4,51.6,24031700704,24031700718,24031,24031,170.21461844918656,1375.0918596246586,2,-77.17634261599696,39.12362281336846,https://maps.roads.maryland.gov/itms_public/?stationid=B150063,3.95,4.97,Urban,3.0,Principal Arterial Other,1.0,28371.0,30071.0,,B,True,False,pg_montgomery_route,True,34382.0,28370.0,36792.0,30360.0,28371.0,30071.0,6.0,1.0,212.0,7.3,57.4,1435,Census Tract 7007.04,24031700704,24031700718,"Montgomery County, MD","Montgomery County, MD",170.21461844918656,AADT_2018,daily vehicle trips whose OD path crosses this tract-pair boundary; direct adjacent OD only is stricter and will undercount through traffic
sl_B3230_24033801207__24033801214,24033801207__24033801214,other_adjacent_tract_pair,high,accepted,B3230,Prince George's,Woodyard Rd,MD,223.0,7.62,Md223-100ft N Of Mike Shapiro Dr,Mike Shapiro Dr To Rosaryville Rd,North,3.0,C,20501.0,20322.0,21941.0,21752.0,7.49,60.29,51.81,48.19,24033801207,24033801214,24033,24033,16.622359564967955,1772.399698043859,1,-76.88151849071465,38.7697670367191,https://maps.roads.maryland.gov/itms_public/?stationid=B3230,7.6,10.06,Urban,4.0,Minor Arterial,1.0,20040.0,21240.0,,B,True,False,pg_dc_spatial,True,20501.0,20322.0,21941.0,21752.0,20040.0,21240.0,3.0,1.0,223.0,7.49,60.29,1493,Census Tract 8012.07,24033801207,24033801214,"Prince George's County, MD","Prince George's County, MD",16.622359564967955,AADT_2018,daily vehicle trips whose OD path crosses this tract-pair boundary; direct adjacent OD only is stricter and will undercount through traffic
sl_B3310_24033803508__24033803509,24033803508__24033803509,other_adjacent_tract_pair,high,accepted,B3310,Prince George's,Martin Luther King Jr Hwy,MD,704.0,3.22,Md704-.20 Mi E Of Md202,Md 202 To Ardwick-ardmore Rd,West,5.0,F,31212.0,33320.0,33402.0,35650.0,8.27,58.72,51.17,48.83,24033803508,24033803509,24033,24033,12.523658779419547,885.7268107632216,1,-76.8720071599274,38.92879855518375,https://maps.roads.maryland.gov/itms_public/?stationid=B3310,3.02,4.15,Urban,3.0,Principal Arterial Other,1.0,34721.0,35321.0,,B,True,False,pg_dc_route;pg_dc_spatial,True,31212.0,33320.0,33402.0,35650.0,34721.0,35321.0,5.0,1.0,704.0,8.27,58.72,468,Census Tract 8035.08,24033803508,24033803509,"Prince George's County, MD","Prince George's County, MD",12.523658779419547,AADT_2018,daily vehicle trips whose OD path crosses this tract-pair boundary; direct adjacent OD only is stricter and will undercount through traffic
sl_B3149_24033803514__24033803525,24033803514__24033803525,other_adjacent_tract_pair,high,accepted,B3149,Prince George's,Capital Beltway,IS,95.0,16.16,Is95-.40 Mi S Of Md202,Arena Dr To Md 202,North,10.0,F,207722.0,238450.0,216032.0,247990.0,6.67,50.11,46.18,53.82,24033803514,24033803525,24033,24033,26.565678299078503,1166.1870410637746,1,-76.84987664098195,38.91181453247986,https://maps.roads.maryland.gov/itms_public/?stationid=B3149,15.83,16.56,Urban,1.0,Interstate,1.0,240121.0,249731.0,19030.0,B,True,False,pg_montgomery_route;pg_dc_spatial,True,207722.0,238450.0,216032.0,247990.0,240121.0,249731.0,10.0,1.0,95.0,6.67,50.11,472,Census Tract 8035.14,24033803514,24033803525,"Prince George's County, MD","Prince George's County, MD",26.565678299078503,AADT_2018,daily vehicle trips whose OD path crosses this tract-pair boundary; direct adjacent OD only is stricter and will undercount through traffic
sl_B2913_24031701505__24031701509,24031701505__24031701509,other_adjacent_tract_pair,high,accepted,B2913,Montgomery,New Hampshire Ave,MD,650.0,4.23,Md650-1.0 Mi N Of Is495,Powder Mill Rd To Lockwood Dr,South,7.0,F,63162.0,57110.0,67582.0,61110.0,7.79,51.75,48.86,51.14,24031701509,24031701505,24031,24031,18.808919436596252,3056.6526266561928,1,-76.9843123017396,39.03166792929187,https://maps.roads.maryland.gov/itms_public/?stationid=B2913,3.46,4.89,Urban,3.0,Principal Arterial Other,1.0,57111.0,60541.0,1356.0,B,True,False,montgomery_dc_route;pg_montgomery_route;montgomery_dc_spatial;pg_montgomery_spatial,True,63162.0,57110.0,67582.0,61110.0,57111.0,60541.0,7.0,1.0,650.0,7.79,51.75,689,Census Tract 7015.09,24031701509,24031701505,"Montgomery County, MD","Montgomery County, MD",18.808919436596252,AADT_2018,daily vehicle trips whose OD path crosses this tract-pair boundary; direct adjacent OD only is stricter and will undercount through traffic
sl_B3195_24033804101__24033804102,24033804101__24033804102,other_adjacent_tract_pair,high,accepted,B3195,Prince George's,Landover Rd,MD,202.0,12.71,Md202-.40 Mi N Of Us50,Us 50 To Cheverly Ave,South,5.0,F,38710.0,38361.0,41420.0,41051.0,7.81,72.8,49.95,50.05,24033804102,24033804101,24033,24033,17.209702324882944,1565.1575001676317,1,-76.90416081760671,38.93287733714728,https://maps.roads.maryland.gov/itms_public/?stationid=B3195,12.31,13.28,Urban,3.0,Principal Arterial Other,1.0,38362.0,40662.0,918.0,B,True,False,pg_dc_route;pg_dc_spatial;pg_montgomery_spatial,True,38710.0,38361.0,41420.0,41051.0,38362.0,40662.0,5.0,1.0,202.0,7.81,72.8,517,Census Tract 8041.02,24033804102,24033804101,"Prince George's County, MD","Prince George's County, MD",17.209702324882944,AADT_2018,daily vehicle trips whose OD path crosses this tract-pair boundary; direct adjacent OD only is stricter and will undercount through traffic
sl_B2931_24031701205__24031704501,24031701205__24031704501,other_adjacent_tract_pair,high,accepted,B2931,Montgomery,Democracy Blvd,CO,166.0,0.2,Democracy Bvd-.20 Mi W Of Md187,Md 187 To Is 270y,East,6.0,F,25830.0,25601.0,27640.0,27391.0,8.54,52.0,53.7,46.3,24031704501,24031701205,24031,24031,5.501437874704333,1572.0084519781065,1,-77.12869645482425,39.023740074006135,https://maps.roads.maryland.gov/itms_public/?stationid=B2931,0.0,0.98,Urban,3.0,Principal Arterial Other,1.0,25602.0,27142.0,566.0,B,True,False,montgomery_dc_spatial,True,25830.0,25601.0,27640.0,27391.0,25602.0,27142.0,6.0,1.0,166.0,8.54,52.0,560,Census Tract 7045.01,24031704501,24031701205,"Montgomery County, MD","Montgomery County, MD",5.501437874704333,AADT_2018,daily vehicle trips whose OD path crosses this tract-pair boundary; direct adjacent OD only is stricter and will undercount through traffic
sl_S2012161112_24033800402__24033800403,24033800402__24033800403,other_adjacent_tract_pair,high,accepted,S2012161112,Prince George's,Old Chapel Rd,CO,415.0,1.29,Old Chapel Rd - .10 Mi North Of Md 197,Race Track Rd To Laurel Bowie Rd,South,2.0,F,6645.0,6460.0,7115.0,6910.0,10.32,54.62,47.75,52.25,24033800403,24033800402,24033,24033,2.271235941767393,2246.9017837583547,2,-76.7557078837832,38.985050766425815,https://maps.roads.maryland.gov/itms_public/?stationid=S2012161112,0.0,1.38,Urban,4.0,Minor Arterial,1.0,6461.0,6851.0,,S,True,False,pg_dc_spatial,True,6645.0,6460.0,7115.0,6910.0,6461.0,6851.0,2.0,1.0,415.0,10.32,54.62,1545,Census Tract 8004.03,24033800403,24033800402,"Prince George's County, MD","Prince George's County, MD",2.271235941767393,AADT_2018,daily vehicle trips whose OD path crosses this tract-pair boundary; direct adjacent OD only is stricter and will undercount through traffic
sl_B3162_24033807200__24033807301,24033807200__24033807301,other_adjacent_tract_pair,high,accepted,B3162,Prince George's,University Blvd,MD,193.0,3.69,Md193-.40 Mi W Of Us1,Metzerott Rd To Us 1,East,4.0,F,47212.0,48750.0,50522.0,52160.0,7.49,60.13,48.12,51.88,24033807301,24033807200,24033,24033,30.77391673476883,4790.6777072487275,1,-76.93847825090413,39.00106051854119,https://maps.roads.maryland.gov/itms_public/?stationid=B3162,3.435,4.09,Urban,3.0,Principal Arterial Other,1.0,48751.0,51681.0,1273.0,B,True,False,pg_montgomery_route;pg_dc_spatial;pg_montgomery_spatial,True,47212.0,48750.0,50522.0,52160.0,48751.0,51681.0,4.0,1.0,193.0,7.49,60.13,1510,Census Tract 8073.01,24033807301,24033807200,"Prince George's County, MD","Prince George's County, MD",30.77391673476883,AADT_2018,daily vehicle trips whose OD path crosses this tract-pair boundary; direct adjacent OD only is stricter and will undercount through traffic
sl_B150017_24031700608__24031701220,24031700608__24031701220,other_adjacent_tract_pair,low_review,accepted,B150017,Montgomery,Boswell La,CO,194.0,0.1,Boswell La-.10 Mi E Of Piney-meetinghouse Rd,Piney Meetinghouse Rd To Glen Mill Rd,East,2.0,F,1982.0,1890.0,2102.0,2000.0,14.6,86.38,54.51,45.49,24031701220,24031700608,24031,24031,153.14972334726386,2070.295502639685,1,-77.22291924209406,39.07183624734154,https://maps.roads.maryland.gov/itms_public/?stationid=B150017,0.0,0.72,Urban,5.0,Major Collector,1.0,1891.0,2081.0,53.0,B,True,False,montgomery_dc_spatial,True,1982.0,1890.0,2102.0,2000.0,1891.0,2081.0,2.0,1.0,194.0,14.6,86.38,1044,Census Tract 7012.20,24031701220,24031700608,"Montgomery County, MD","Montgomery County, MD",153.14972334726386,AADT_2018,daily vehicle trips whose OD path crosses this tract-pair boundary; direct adjacent OD only is stricter and will undercount through traffic
sl_S2012150868_24031703206__24031703402,24031703206__24031703402,other_adjacent_tract_pair,medium,accepted,S2012150868,Montgomery,Hathaway Dr,CO,4349.0,0.44,Hathaway Dr - Between Md 97 & Hathaway Terr,Md97 To Layhill Rd,South,2.0,F,2465.0,2560.0,2615.0,2710.0,10.74,75.08,50.36,49.64,24031703206,24031703402,24031,24031,57.152426194747285,1256.1412626515087,1,-77.06059836395104,39.06854971715014,https://maps.roads.maryland.gov/itms_public/?stationid=S2012150868,0.4,1.55,Urban,5.0,Major Collector,1.0,2561.0,2821.0,,S,True,False,montgomery_dc_spatial;pg_montgomery_spatial,True,2465.0,2560.0,2615.0,2710.0,2561.0,2821.0,2.0,1.0,4349.0,10.74,75.08,351,Census Tract 7032.06,24031703206,24031703402,"Montgomery County, MD","Montgomery County, MD",57.152426194747285,AADT_2018,daily vehicle trips whose OD path crosses this tract-pair boundary; direct adjacent OD only is stricter and will undercount through traffic
sl_B2910_24031705800__24031705902,24031705800__24031705902,other_adjacent_tract_pair,high,accepted,B2910,Montgomery,Goldsboro Rd,MD,614.0,0.36,Md614-.10 Mi S Of Md396,Macarthur Blvd To Md396,North,2.0,F,12195.0,12420.0,13055.0,13290.0,10.23,59.16,51.16,48.84,24031705800,24031705902,24031,24031,2.4781612095348207,3317.5742607102025,2,-77.13314636378871,38.9694313062714,https://maps.roads.maryland.gov/itms_public/?stationid=B2910,0.0,0.46,Urban,4.0,Minor Arterial,1.0,12421.0,13171.0,395.0,B,True,False,montgomery_dc_spatial,True,12195.0,12420.0,13055.0,13290.0,12421.0,13171.0,2.0,1.0,614.0,10.23,59.16,1392,Census Tract 7058,24031705800,24031705902,"Montgomery County, MD","Montgomery County, MD",2.4781612095348207,AADT_2018,daily vehicle trips whose OD path crosses this tract-pair boundary; direct adjacent OD only is stricter and will undercount through traffic
sl_S2012150801_24031701206__24031706011,24031701206__24031706011,other_adjacent_tract_pair,low_review,accepted,S2012150801,Montgomery,Gainsborough Rd                         ,CO,1757.0,1.48,Gainsborough Rd - .10 Mile North Of Tuckerman La,Fontaine St To Tuckerman La,North,2.0,F,4545.0,4630.0,4825.0,4910.0,13.63,51.91,52.85,47.15,24031701206,24031706011,24031,24031,107.87903830475688,3544.615118041238,1,-77.17291706134087,39.04193910371534,https://maps.roads.maryland.gov/itms_public/?stationid=S2012150801,0.0,1.55,Urban,5.0,Major Collector,1.0,4631.0,5091.0,,S,True,False,montgomery_dc_spatial,True,4545.0,4630.0,4825.0,4910.0,4631.0,5091.0,2.0,1.0,1757.0,13.63,51.91,555,Census Tract 7012.06,24031701206,24031706011,"Montgomery County, MD","Montgomery County, MD",107.87903830475688,AADT_2018,daily vehicle trips whose OD path crosses this tract-pair boundary; direct adjacent OD only is stricter and will undercount through traffic
sl_S2012150855_24031703213__24031703214,24031703213__24031703214,other_adjacent_tract_pair,high,accepted,S2012150855,Montgomery,Connecticut Ave,CO,4092.0,0.13,Connecticut Ave - .10 Mi North Of Md 97,Georgia Ave To Road End,North,4.0,F,21125.0,20650.0,22605.0,22100.0,7.48,59.73,50.92,49.08,24031703214,24031703213,24031,24031,0.45638952924382825,1139.0758846114124,2,-77.07560053821628,39.08464568087215,https://maps.roads.maryland.gov/itms_public/?stationid=S2012150855,0.0,0.88,Urban,4.0,Minor Arterial,1.0,20651.0,21891.0,,S,True,False,montgomery_dc_spatial;pg_montgomery_spatial,True,21125.0,20650.0,22605.0,22100.0,20651.0,21891.0,4.0,1.0,4092.0,7.48,59.73,1424,Census Tract 7032.14,24031703214,24031703213,"Montgomery County, MD","Montgomery County, MD",0.45638952924382825,AADT_2018,daily vehicle trips whose OD path crosses this tract-pair boundary; direct adjacent OD only is stricter and will undercount through traffic
sl_S2012161041_24033802203__24033802204,24033802203__24033802204,other_adjacent_tract_pair,high,accepted,S2012161041,Prince George's,D Arcy Rd,CO,89.0,0.04,D Arcy Rd - Between Ritchie Rd & Oak Glen Way,Ritchie Rd To Westphalia Rd,East,2.0,F,4675.0,4240.0,4965.0,4490.0,7.17,53.41,48.98,51.02,24033802204,24033802203,24033,24033,0.44989851489750227,2910.7752364330718,1,-76.87066029156743,38.86016964655811,https://maps.roads.maryland.gov/itms_public/?stationid=S2012161041,0.0,2.17,Urban,5.0,Major Collector,1.0,4241.0,4671.0,,S,True,False,pg_dc_spatial,True,4675.0,4240.0,4965.0,4490.0,4241.0,4671.0,2.0,1.0,89.0,7.17,53.41,1505,Census Tract 8022.04,24033802204,24033802203,"Prince George's County, MD","Prince George's County, MD",0.44989851489750227,AADT_2018,daily vehicle trips whose OD path crosses this tract-pair boundary; direct adjacent OD only is stricter and will undercount through traffic
sl_B3151_24033802104__24033802201,24033802104__24033802201,other_adjacent_tract_pair,high,accepted,B3151,Prince George's,Capital Beltway,IS,95.0,10.38,Is95-.40 Mi S Of Md4,Forrestville Rd To Md 4,North,8.0,F,201532.0,202250.0,209592.0,210340.0,6.46,50.72,50.02,49.98,24033802201,24033802104,24033,24033,29.87027789276039,1169.7471249522891,1,-76.87017980607814,38.834713610814994,https://maps.roads.maryland.gov/itms_public/?stationid=B3151,9.69,10.78,Urban,1.0,Interstate,1.0,203671.0,211821.0,18507.0,B,True,False,pg_montgomery_route;pg_dc_spatial,True,201532.0,202250.0,209592.0,210340.0,203671.0,211821.0,8.0,1.0,95.0,6.46,50.72,1557,Census Tract 8022.01,24033802201,24033802104,"Prince George's County, MD","Prince George's County, MD",29.87027789276039,AADT_2018,daily vehicle trips whose OD path crosses this tract-pair boundary; direct adjacent OD only is stricter and will undercount through traffic
sl_B160029_24033804002__24033806300,24033804002__24033806300,other_adjacent_tract_pair,low_review,accepted,B160029,Prince George's,Tanglewood Dr,MU,100.0,0.1,Tanglewood Dr-.10 Mi S Of Buchanan St,Buchanan St To Tanglewood Dr (ahead),North,2.0,F,3570.0,3541.0,3780.0,3751.0,10.32,72.8,50.15,49.85,24033806300,24033804002,24033,24033,153.13842378036895,1647.4276083903403,1,-76.93725012006175,38.94564480606637,https://maps.roads.maryland.gov/itms_public/?stationid=B160029,0.0,0.18,Urban,5.0,Major Collector,1.0,3542.0,3902.0,270.0,B,True,False,pg_dc_spatial;pg_montgomery_spatial,True,3570.0,3541.0,3780.0,3751.0,3542.0,3902.0,2.0,1.0,100.0,10.32,72.8,1559,Census Tract 8063,24033806300,24033804002,"Prince George's County, MD","Prince George's County, MD",153.13842378036895,AADT_2018,daily vehicle trips whose OD path crosses this tract-pair boundary; direct adjacent OD only is stricter and will undercount through traffic
sl_B2837_24031702000__24031702101,24031702000__24031702101,other_adjacent_tract_pair,low_review,accepted,B2837,Montgomery,University Blvd E,MD,193.0,6.25,Md193-.10 Mi E Of Md320,Md 320 To Md 195,East,6.0,F,40792.0,38320.0,43652.0,41000.0,7.27,55.87,52.53,47.47,24031702000,24031702101,24031,24031,141.79084594806517,1013.8842290370408,2,-76.99471293231876,38.99840756222948,https://maps.roads.maryland.gov/itms_public/?stationid=B2837,6.15,6.58,Urban,3.0,Principal Arterial Other,1.0,38321.0,40621.0,946.0,B,True,False,montgomery_dc_route;pg_montgomery_route;montgomery_dc_spatial;pg_montgomery_spatial,True,40792.0,38320.0,43652.0,41000.0,38321.0,40621.0,6.0,1.0,193.0,7.27,55.87,1447,Census Tract 7020,24031702000,24031702101,"Montgomery County, MD","Montgomery County, MD",141.79084594806517,AADT_2018,daily vehicle trips whose OD path crosses this tract-pair boundary; direct adjacent OD only is stricter and will undercount through traffic
sl_B160125_24033800410__24033800411,24033800410__24033800411,other_adjacent_tract_pair,high,accepted,B160125,Prince George's,Burns Ct                                ,CO,5430.0,0.03,Burns Ct-between Backus Dr & Backus Dr,Backus Dr To Backus Dr,South,2.0,F,52.0,53.0,62.0,63.0,14.29,50.0,49.55,50.45,24033800411,24033800410,24033,24033,40.818854405213884,8742.514862346425,1,-76.79275145513459,39.00931266265047,https://maps.roads.maryland.gov/itms_public/?stationid=B160125,0.0,0.06,Urban,7.0,Local,1.0,54.0,64.0,,B,True,False,pg_dc_spatial,True,52.0,53.0,62.0,63.0,54.0,64.0,2.0,1.0,5430.0,14.29,50.0,448,Census Tract 8004.11,24033800411,24033800410,"Prince George's County, MD","Prince George's County, MD",40.818854405213884,AADT_2018,daily vehicle trips whose OD path crosses this tract-pair boundary; direct adjacent OD only is stricter and will undercount through traffic
sl_B3158_24031701703__24033805601,24031701703__24033805601,pg_montgomery,high,accepted,B3158,Prince George's,University Blvd,MD,193.0,0.43,Md193-.10 Mi E Of Md650,Md 650 To Md 212,East,6.0,F,39992.0,38880.0,42792.0,41600.0,7.12,52.26,50.75,49.25,24031701703,24033805601,24031,24033,12.99332923269675,802.4808460727236,2,-76.98616209550468,38.98782731669001,https://maps.roads.maryland.gov/itms_public/?stationid=B3158,0.33,0.91,Urban,3.0,Principal Arterial Other,1.0,40511.0,41211.0,,B,True,False,pg_montgomery_route;pg_dc_spatial;pg_montgomery_spatial,True,39992.0,38880.0,42792.0,41600.0,40511.0,41211.0,6.0,1.0,193.0,7.12,52.26,603,Census Tract 7017.03,24031701703,24033805601,"Montgomery County, MD","Prince George's County, MD",12.99332923269675,AADT_2018,daily vehicle trips whose OD path crosses this tract-pair boundary; direct adjacent OD only is stricter and will undercount through traffic
sl_S2012150666_24031703207__24031703209,24031703207__24031703209,other_adjacent_tract_pair,high,accepted,S2012150666,Montgomery,Arcola Ave,CO,124.0,0.67,Arcola Ave - Between Amherst Ave & Nairn Rd,Amherst Ave To Kemp Mill Rd,East,2.0,F,15945.0,15430.0,16905.0,16360.0,8.32,55.68,51.02,48.98,24031703207,24031703209,24031,24031,1.044706275536839,1754.3013338428616,1,-77.04548345381257,39.04720396705481,https://maps.roads.maryland.gov/itms_public/?stationid=S2012150666,0.51,1.41,Urban,5.0,Major Collector,1.0,15431.0,16971.0,,S,True,False,montgomery_dc_spatial;pg_montgomery_spatial,True,15945.0,15430.0,16905.0,16360.0,15431.0,16971.0,2.0,1.0,124.0,8.32,55.68,352,Census Tract 7032.07,24031703207,24031703209,"Montgomery County, MD","Montgomery County, MD",1.044706275536839,AADT_2018,daily vehicle trips whose OD path crosses this tract-pair boundary; direct adjacent OD only is stricter and will undercount through traffic
sl_B150030_24031700816__24031700817,24031700816__24031700817,other_adjacent_tract_pair,high,accepted,B150030,Montgomery,Great Seneca Hwy,CO,4226.0,0.4,Great Seneca Hwy-.10 Mi S Of Md28,Darnestown Rd To Md 28,South,4.0,F,13880.0,13761.0,14850.0,14721.0,10.8,73.05,49.13,50.87,24031700817,24031700816,24031,24031,22.240970848576406,3695.829100804787,1,-77.2055737540197,39.1021016647858,https://maps.roads.maryland.gov/itms_public/?stationid=B150030,0.0,0.5,Urban,4.0,Minor Arterial,1.0,13762.0,14592.0,542.0,B,True,False,montgomery_dc_spatial,True,13880.0,13761.0,14850.0,14721.0,13762.0,14592.0,4.0,1.0,4226.0,10.8,73.05,363,Census Tract 7008.17,24031700817,24031700816,"Montgomery County, MD","Montgomery County, MD",22.240970848576406,AADT_2018,daily vehicle trips whose OD path crosses this tract-pair boundary; direct adjacent OD only is stricter and will undercount through traffic
sl_S2012150901_24031701006__24031701007,24031701006__24031701007,other_adjacent_tract_pair,high,accepted,S2012150901,Montgomery,Darnestown Rd,CO,7009.0,1.87,Darnestown Rd - Between Hi Wood Dr & Md 28,Shady Grove Rd To Md 28,West,5.0,F,21095.0,19800.0,22575.0,21190.0,7.63,60.41,50.38,49.62,24031701007,24031701006,24031,24031,33.60447542087091,2262.45967063154,1,-77.18320011053416,39.0926199223321,https://maps.roads.maryland.gov/itms_public/?stationid=S2012150901,1.09,1.91,Urban,4.0,Minor Arterial,1.0,19801.0,20991.0,,S,True,False,montgomery_dc_spatial,True,21095.0,19800.0,22575.0,21190.0,19801.0,20991.0,5.0,1.0,7009.0,7.63,60.41,895,Census Tract 7010.07,24031701007,24031701006,"Montgomery County, MD","Montgomery County, MD",33.60447542087091,AADT_2018,daily vehicle trips whose OD path crosses this tract-pair boundary; direct adjacent OD only is stricter and will undercount through traffic
sl_B3279_24033803801__24033804102,24033803801__24033804102,other_adjacent_tract_pair,high,accepted,B3279,Prince George's,Annapolis Rd,MD,450.0,1.72,Md450-.20 Mi E Of Md295,Md 295 To Md 410,East,5.0,F,38385.0,36740.0,41075.0,39310.0,7.44,64.45,51.31,48.69,24033804102,24033803801,24033,24033,17.284260616279973,1729.6158190739322,1,-76.91075266414474,38.93868407751704,https://maps.roads.maryland.gov/itms_public/?stationid=B3279,1.521,3.44,Urban,4.0,Minor Arterial,1.0,36741.0,38951.0,,B,True,False,pg_dc_route;pg_dc_spatial;pg_montgomery_spatial,True,38385.0,36740.0,41075.0,39310.0,36741.0,38951.0,5.0,1.0,450.0,7.44,64.45,517,Census Tract 8041.02,24033804102,24033803801,"Prince George's County, MD","Prince George's County, MD",17.284260616279973,AADT_2018,daily vehicle trips whose OD path crosses this tract-pair boundary; direct adjacent OD only is stricter and will undercount through traffic
sl_B150095_24031706005__24031706009,24031706005__24031706009,other_adjacent_tract_pair,low_review,accepted,B150095,Montgomery,Bradley Blvd,MD,191.0,0.1,Md191-.10 Mi N Of Md190,Md 190 To Seven Locks Rd,South,2.0,F,7805.0,7460.0,8355.0,7980.0,10.52,53.43,50.1,49.9,24031706005,24031706009,24031,24031,162.62191622811568,4191.127902369041,1,-77.17997634803362,39.00332833831838,https://maps.roads.maryland.gov/itms_public/?stationid=B150095,0.0,1.35,Urban,4.0,Minor Arterial,1.0,7461.0,7911.0,,B,True,False,montgomery_dc_route;montgomery_dc_spatial,True,7805.0,7460.0,8355.0,7980.0,7461.0,7911.0,2.0,1.0,191.0,10.52,53.43,1414,Census Tract 7060.05,24031706005,24031706009,"Montgomery County, MD","Montgomery County, MD",162.62191622811568,AADT_2018,daily vehicle trips whose OD path crosses this tract-pair boundary; direct adjacent OD only is stricter and will undercount through traffic
sl_S2012150744_24031704804__24031704805,24031704804__24031704805,other_adjacent_tract_pair,low_review,accepted,S2012150744,Montgomery,Montgomery La,CO,367.0,0.11,Montgomery La - Between Md 355 & East La,Woodmont Ave To Wisconsin Ave,East,2.0,F,11215.0,11115.0,11895.0,11785.0,8.95,100.0,100.0,0.0,24031704804,24031704805,24031,24031,138.0253730761844,1064.1096300292309,2,-77.09426510886061,38.983508248392965,https://maps.roads.maryland.gov/itms_public/?stationid=S2012150744,0.0,0.13,Urban,5.0,Major Collector,1.0,11125.0,12245.0,,S,True,False,montgomery_dc_spatial;pg_montgomery_spatial,True,11215.0,11115.0,11895.0,11785.0,11125.0,12245.0,2.0,1.0,367.0,8.95,100.0,806,Census Tract 7048.04,24031704804,24031704805,"Montgomery County, MD","Montgomery County, MD",138.0253730761844,AADT_2018,daily vehicle trips whose OD path crosses this tract-pair boundary; direct adjacent OD only is stricter and will undercount through traffic
sl_B3172_24033800402__24033800409,24033800402__24033800409,other_adjacent_tract_pair,high,accepted,B3172,Prince George's,Laurel Bowie Rd,MD,197.0,3.18,Md197-.10 Mi N Of Md450b,Is 595/us 50 To Md 450,South,4.0,F,32090.0,31801.0,34340.0,34031.0,8.0,52.52,51.5,48.5,24033800402,24033800409,24033,24033,19.051044416400742,1533.9898263427278,2,-76.7556646146309,38.97245382291618,https://maps.roads.maryland.gov/itms_public/?stationid=B3172,1.65,3.28,Urban,4.0,Minor Arterial,1.0,31802.0,33712.0,721.0,B,True,False,pg_dc_spatial,True,32090.0,31801.0,34340.0,34031.0,31802.0,33712.0,4.0,1.0,197.0,8.0,52.52,1544,Census Tract 8004.02,24033800402,24033800409,"Prince George's County, MD","Prince George's County, MD",19.051044416400742,AADT_2018,daily vehicle trips whose OD path crosses this tract-pair boundary; direct adjacent OD only is stricter and will undercount through traffic
sl_B160024_24033800402__24033800403,24033800402__24033800403,other_adjacent_tract_pair,medium,accepted,B160024,Prince George's,Chapel Forge Dr,MU,410.0,0.31,Chapel Forge Dr-between Old Chapel Rd & Craft La,Cherrywood La To Old Chapel Rd,South,3.0,F,1980.0,1961.0,2100.0,2081.0,11.32,56.07,43.9,56.1,24033800402,24033800403,24033,24033,78.671658577002,2246.901783758355,1,-76.74493034975525,38.99048452450508,https://maps.roads.maryland.gov/itms_public/?stationid=B160024,0.0,0.36,Urban,5.0,Major Collector,1.0,1962.0,2162.0,51.0,B,True,False,pg_dc_route,True,1980.0,1961.0,2100.0,2081.0,1962.0,2162.0,3.0,1.0,410.0,11.32,56.07,1544,Census Tract 8004.02,24033800402,24033800403,"Prince George's County, MD","Prince George's County, MD",78.671658577002,AADT_2018,daily vehicle trips whose OD path crosses this tract-pair boundary; direct adjacent OD only is stricter and will undercount through traffic
sl_B3344_24033800206__24033800208,24033800206__24033800208,other_adjacent_tract_pair,high,accepted,B3344,Prince George's,Baltimore Washington Pkwy,MD,295.0,10.91,Md295-.60 Mi S Of Md197,Powder Mill Rd To Md 197,South,4.0,F,118390.0,117321.0,126680.0,125531.0,5.9,52.17,49.82,50.18,24033800206,24033800208,24033,24033,45.27928748399838,2610.001644380106,1,-76.84236357212006,39.04979661675947,https://maps.roads.maryland.gov/itms_public/?stationid=B3344,9.65,11.51,Urban,2.0,Principal Arterial Other Freeways and Expressways,1.0,117322.0,124362.0,,B,True,False,pg_dc_route;pg_dc_spatial;pg_montgomery_spatial,True,118390.0,117321.0,126680.0,125531.0,117322.0,124362.0,4.0,1.0,295.0,5.9,52.17,1511,Census Tract 8002.06,24033800206,24033800208,"Prince George's County, MD","Prince George's County, MD",45.27928748399838,AADT_2018,daily vehicle trips whose OD path crosses this tract-pair boundary; direct adjacent OD only is stricter and will undercount through traffic
sl_B3240_24033800206__24033800211,24033800206__24033800211,other_adjacent_tract_pair,high,accepted,B3240,Prince George's,Baltimore Washington Pkwy,MD,295.0,12.01,Md295-.50 Mi N Of Md197,Md 197 To Anne Arundel Co/l,South,4.0,F,109771.0,108782.0,117461.0,116402.0,5.65,51.2,50.22,49.78,24033800206,24033800211,24033,24033,27.207176580854437,1315.1137714671393,1,-76.83463966866098,39.06457349572466,https://maps.roads.maryland.gov/itms_public/?stationid=B3240,11.51,12.36,Urban,2.0,Principal Arterial Other Freeways and Expressways,1.0,108783.0,115313.0,2541.0,B,True,False,pg_dc_route;pg_dc_spatial;pg_montgomery_spatial,True,109771.0,108782.0,117461.0,116402.0,108783.0,115313.0,4.0,1.0,295.0,5.65,51.2,1511,Census Tract 8002.06,24033800206,24033800211,"Prince George's County, MD","Prince George's County, MD",27.207176580854437,AADT_2018,daily vehicle trips whose OD path crosses this tract-pair boundary; direct adjacent OD only is stricter and will undercount through traffic
sl_B3265_24033806200__24033806400,24033806200__24033806400,other_adjacent_tract_pair,high,accepted,B3265,Prince George's,East West Hwy,MD,410.0,2.85,Md410-.20 Mi E Of Md500,Md 500 To Us 1,East,5.0,C,49271.0,48832.0,52721.0,52252.0,6.96,53.31,48.83,51.17,24033806400,24033806200,24033,24033,0.55703085223162,514.3062405405808,2,-76.94460366699381,38.9660465688966,https://maps.roads.maryland.gov/itms_public/?stationid=B3265,2.65,3.17,Urban,3.0,Principal Arterial Other,1.0,47970.0,50850.0,,B,True,False,pg_dc_route;pg_dc_spatial;pg_montgomery_spatial,True,49271.0,48832.0,52721.0,52252.0,47970.0,50850.0,5.0,1.0,410.0,6.96,53.31,1547,Census Tract 8064,24033806400,24033806200,"Prince George's County, MD","Prince George's County, MD",0.55703085223162,AADT_2018,daily vehicle trips whose OD path crosses this tract-pair boundary; direct adjacent OD only is stricter and will undercount through traffic
sl_S2012161047_24033800607__24033803512,24033800607__24033803512,other_adjacent_tract_pair,high,accepted,S2012161047,Prince George's,White House Rd,CO,97.0,0.09,White House Rd - .10 Mi West Of Md 202,Largo Rd To Ritchie Marlboro Rd,East,2.0,F,14225.0,15330.0,15225.0,16400.0,8.39,55.78,50.85,49.15,24033803512,24033800607,24033,24033,0.38197838942933227,1074.2236902988686,2,-76.80331445799797,38.87506764524208,https://maps.roads.maryland.gov/itms_public/?stationid=S2012161047,0.0,2.03,Urban,4.0,Minor Arterial,1.0,15331.0,16251.0,,S,True,False,pg_dc_spatial,True,14225.0,15330.0,15225.0,16400.0,15331.0,16251.0,2.0,1.0,97.0,8.39,55.78,470,Census Tract 8035.12,24033803512,24033800607,"Prince George's County, MD","Prince George's County, MD",0.38197838942933227,AADT_2018,daily vehicle trips whose OD path crosses this tract-pair boundary; direct adjacent OD only is stricter and will undercount through traffic
sl_B2740_24031703212__24031703403,24031703212__24031703403,other_adjacent_tract_pair,medium,accepted,B2740,Montgomery,Georgia Ave,MD,97.0,4.71,Md97-.10 Mi S Of Md182,Randolph Rd To Md 182,North,6.0,F,47225.0,40310.0,50535.0,43130.0,7.51,58.64,49.14,50.86,24031703212,24031703403,24031,24031,5.291573449862745,265.09137610775156,4,-77.05010100996861,39.059117315486695,https://maps.roads.maryland.gov/itms_public/?stationid=B2740,4.635,4.81,Urban,3.0,Principal Arterial Other,1.0,40311.0,42731.0,2124.0,B,True,False,montgomery_dc_route;montgomery_dc_spatial;pg_montgomery_spatial,True,47225.0,40310.0,50535.0,43130.0,40311.0,42731.0,6.0,1.0,97.0,7.51,58.64,337,Census Tract 7032.12,24031703212,24031703403,"Montgomery County, MD","Montgomery County, MD",5.291573449862745,AADT_2018,daily vehicle trips whose OD path crosses this tract-pair boundary; direct adjacent OD only is stricter and will undercount through traffic
sl_S2012161022_24033800412__24033800413,24033800412__24033800413,other_adjacent_tract_pair,high,accepted,S2012161022,Prince George's,Good Luck Rd,CO,42.0,4.82,Good Luck Rd - .10 Mi West Of Md 193,Ciprianon Rd To Md 193,West,3.0,F,13655.0,13470.0,14615.0,14410.0,8.37,53.17,51.46,48.54,24033800413,24033800412,24033,24033,0.4780152121284486,1770.3186238870558,2,-76.83627077385836,38.98931028376788,https://maps.roads.maryland.gov/itms_public/?stationid=S2012161022,3.49,4.94,Urban,4.0,Minor Arterial,1.0,13471.0,14281.0,,S,True,False,pg_dc_spatial;pg_montgomery_spatial,True,13655.0,13470.0,14615.0,14410.0,13471.0,14281.0,3.0,1.0,42.0,8.37,53.17,850,Census Tract 8004.13,24033800413,24033800412,"Prince George's County, MD","Prince George's County, MD",0.4780152121284486,AADT_2018,daily vehicle trips whose OD path crosses this tract-pair boundary; direct adjacent OD only is stricter and will undercount through traffic
sl_B3309_24033803300__24033803401,24033803300__24033803401,other_adjacent_tract_pair,high,accepted,B3309,Prince George's,Martin Luther King Jr Hwy,MD,704.0,2.72,Md704-.30 Mi W Of Md202,Sheriff Rd To Md 202,West,5.0,F,30545.0,32660.0,32685.0,34950.0,8.33,63.04,48.04,51.96,24033803401,24033803300,24033,24033,16.009884085572722,851.0454396830157,1,-76.87679355444111,38.92242476464957,https://maps.roads.maryland.gov/itms_public/?stationid=B3309,1.51,3.02,Urban,3.0,Principal Arterial Other,1.0,32661.0,34621.0,1192.0,B,True,False,pg_dc_route;pg_dc_spatial,True,30545.0,32660.0,32685.0,34950.0,32661.0,34621.0,5.0,1.0,704.0,8.33,63.04,609,Census Tract 8034.01,24033803401,24033803300,"Prince George's County, MD","Prince George's County, MD",16.009884085572722,AADT_2018,daily vehicle trips whose OD path crosses this tract-pair boundary; direct adjacent OD only is stricter and will undercount through traffic
sl_S2012161241_24033803605__24033803610,24033803605__24033803610,other_adjacent_tract_pair,high,accepted,S2012161241,Prince George's,Westbrook Dr#1,MU,661.0,0.03,Westbrook Dr#1 - Between 85th Ave #3 & Legation Rd #2,Road End S Of 85th Ave To Road End N Of Lamont Dr,North,2.0,F,6475.0,6930.0,6865.0,7350.0,7.51,57.17,50.89,49.11,24033803605,24033803610,24033,24033,1.9735592579815342,3324.8164054327754,1,-76.86956985089854,38.96148410025663,https://maps.roads.maryland.gov/itms_public/?stationid=S2012161241,0.0,0.83,Urban,5.0,Major Collector,1.0,6931.0,7621.0,,S,True,False,pg_dc_spatial;pg_montgomery_spatial,True,6475.0,6930.0,6865.0,7350.0,6931.0,7621.0,2.0,1.0,661.0,7.51,57.17,1501,Census Tract 8036.05,24033803605,24033803610,"Prince George's County, MD","Prince George's County, MD",1.9735592579815342,AADT_2018,daily vehicle trips whose OD path crosses this tract-pair boundary; direct adjacent OD only is stricter and will undercount through traffic
sl_B2739_24031703207__24031703702,24031703207__24031703702,other_adjacent_tract_pair,high,accepted,B2739,Montgomery,Georgia Ave,MD,97.0,4.42,Md97-between Mason St & Lindell St,Arcola Ave To Randolph Rd,South,6.0,F,50862.0,45730.0,54422.0,48930.0,7.46,72.3,45.77,54.23,24031703702,24031703207,24031,24031,2.0073809134286833,1242.1918617649155,1,-77.05023126568481,39.05495395768825,https://maps.roads.maryland.gov/itms_public/?stationid=B2739,3.86,4.635,Urban,3.0,Principal Arterial Other,1.0,45731.0,48481.0,952.0,B,True,False,montgomery_dc_route;montgomery_dc_spatial;pg_montgomery_spatial,True,50862.0,45730.0,54422.0,48930.0,45731.0,48481.0,6.0,1.0,97.0,7.46,72.3,1419,Census Tract 7037.02,24031703702,24031703207,"Montgomery County, MD","Montgomery County, MD",2.0073809134286833,AADT_2018,daily vehicle trips whose OD path crosses this tract-pair boundary; direct adjacent OD only is stricter and will undercount through traffic
sl_S2012150735_24031704200__24031704300,24031704200__24031704300,other_adjacent_tract_pair,high,accepted,S2012150735,Montgomery,Summit Ave,CO,307.0,1.0,Summit Ave - Between Md 547 & Warner St,Cedar La To Plyers Mill Rd,East,2.0,F,15735.0,14990.0,16845.0,16040.0,8.7,67.42,50.05,49.95,24031704300,24031704200,24031,24031,1.0520257044190355,802.6182238912811,1,-77.07988469543442,39.02743661433648,https://maps.roads.maryland.gov/itms_public/?stationid=S2012150735,0.69,1.21,Urban,4.0,Minor Arterial,1.0,14991.0,15891.0,,S,True,False,montgomery_dc_spatial;pg_montgomery_spatial,True,15735.0,14990.0,16845.0,16040.0,14991.0,15891.0,2.0,1.0,307.0,8.7,67.42,558,Census Tract 7043,24031704300,24031704200,"Montgomery County, MD","Montgomery County, MD",1.0520257044190355,AADT_2018,daily vehicle trips whose OD path crosses this tract-pair boundary; direct adjacent OD only is stricter and will undercount through traffic
sl_B2898_24031701701__24031701800,24031701701__24031701800,other_adjacent_tract_pair,high,accepted,B2898,Montgomery,Philadelphia Ave,MD,410.0,5.36,Md410-.10 Mi E Of Maple Ave,Md 320 To Md 195,East,2.0,F,8602.0,7880.0,9202.0,8430.0,8.1,56.88,50.54,49.46,24031701701,24031701800,24031,24031,4.524624679732646,2653.1900844211614,1,-77.00949213844228,38.98017082931502,https://maps.roads.maryland.gov/itms_public/?stationid=B2898,4.96,5.56,Urban,4.0,Minor Arterial,1.0,7881.0,8351.0,335.0,B,True,False,montgomery_dc_route;montgomery_dc_spatial;pg_montgomery_spatial,True,8602.0,7880.0,9202.0,8430.0,7881.0,8351.0,2.0,1.0,410.0,8.1,56.88,601,Census Tract 7017.01,24031701701,24031701800,"Montgomery County, MD","Montgomery County, MD",4.524624679732646,AADT_2018,daily vehicle trips whose OD path crosses this tract-pair boundary; direct adjacent OD only is stricter and will undercount through traffic
sl_B3231_24033800706__24033801214,24033800706__24033801214,other_adjacent_tract_pair,high,accepted,B3231,Prince George's,Woodyard Rd,MD,223.0,10.26,Md223-.20 Mi N Of Md 223i (hailslip Way)/rosaryville Rd,Rosaryville Rd To Dower House Rd,South,3.0,C,18621.0,18452.0,19921.0,19742.0,8.04,57.82,48.03,51.97,24033800706,24033801214,24033,24033,0.5178545916438565,2204.1279281503785,1,-76.84214340762034,38.78820904569693,https://maps.roads.maryland.gov/itms_public/?stationid=B3231,10.06,10.78,Urban,4.0,Minor Arterial,1.0,19150.0,20300.0,616.0,B,True,False,pg_dc_spatial,True,18621.0,18452.0,19921.0,19742.0,19150.0,20300.0,3.0,1.0,223.0,8.04,57.82,873,Census Tract 8007.06,24033800706,24033801214,"Prince George's County, MD","Prince George's County, MD",0.5178545916438565,AADT_2018,daily vehicle trips whose OD path crosses this tract-pair boundary; direct adjacent OD only is stricter and will undercount through traffic
sl_S2012161102_24033803001__24033803100,24033803001__24033803100,other_adjacent_tract_pair,high,accepted,S2012161102,Prince George's,Addison Rd,CO,351.0,0.99,Addison Rd - Between Sheriff Rd & Farmingdale Ave,Wash Dc Line To Sheriff Rd,West,2.0,F,10745.0,10330.0,11395.0,10950.0,7.54,70.68,48.17,51.83,24033803100,24033803001,24033,24033,19.05062258893484,1918.618847935104,1,-76.91660109549632,38.90522600929195,https://maps.roads.maryland.gov/itms_public/?stationid=S2012161102,0.0,1.01,Urban,5.0,Major Collector,1.0,10331.0,11361.0,,S,True,False,pg_dc_spatial,True,10745.0,10330.0,11395.0,10950.0,10331.0,11361.0,2.0,1.0,351.0,7.54,70.68,1483,Census Tract 8031,24033803100,24033803001,"Prince George's County, MD","Prince George's County, MD",19.05062258893484,AADT_2018,daily vehicle trips whose OD path crosses this tract-pair boundary; direct adjacent OD only is stricter and will undercount through traffic
sl_S2012161051_24033805906__24033807305,24033805906__24033807305,other_adjacent_tract_pair,high,accepted,S2012161051,Prince George's,Adelphi Rd                              ,CO,105.0,0.51,Adelphi Rd - .10 Mi North Of Md 212,Montgomery Co/l To Riggs Rd,North,3.0,C,20314.0,20135.0,21744.0,21545.0,7.85,61.87,49.33,50.67,24033805906,24033807305,24033,24033,0.5964690536887712,997.7011523324488,2,-76.9700720937697,39.00616073338825,https://maps.roads.maryland.gov/itms_public/?stationid=S2012161051,0.0,0.61,Urban,4.0,Minor Arterial,1.0,19450.0,20620.0,,S,True,False,pg_dc_spatial;pg_montgomery_spatial,True,20314.0,20135.0,21744.0,21545.0,19450.0,20620.0,3.0,1.0,105.0,7.85,61.87,1367,Census Tract 8059.06,24033805906,24033807305,"Prince George's County, MD","Prince George's County, MD",0.5964690536887712,AADT_2018,daily vehicle trips whose OD path crosses this tract-pair boundary; direct adjacent OD only is stricter and will undercount through traffic
sl_B150068_24031703403__24031703702,24031703403__24031703702,other_adjacent_tract_pair,medium,accepted,B150068,Montgomery,Randolph Rd,CO,1659.0,3.6,Randolph Rd-.20 Mi W Of Md 97,Md 185 To Md 97,East,6.0,F,27542.0,28590.0,29472.0,30590.0,8.53,62.29,50.22,49.78,24031703702,24031703403,24031,24031,13.733092807740077,190.27757933543992,4,-77.05068701696106,39.05773416416125,https://maps.roads.maryland.gov/itms_public/?stationid=B150068,2.28,3.638,Urban,3.0,Principal Arterial Other,1.0,28591.0,30311.0,704.0,B,True,False,montgomery_dc_spatial;pg_montgomery_spatial,True,27542.0,28590.0,29472.0,30590.0,28591.0,30311.0,6.0,1.0,1659.0,8.53,62.29,1419,Census Tract 7037.02,24031703702,24031703403,"Montgomery County, MD","Montgomery County, MD",13.733092807740077,AADT_2018,daily vehicle trips whose OD path crosses this tract-pair boundary; direct adjacent OD only is stricter and will undercount through traffic
sl_S2012150944_24031700904__24031701102,24031700904__24031701102,other_adjacent_tract_pair,high,accepted,S2012150944,Montgomery,Edmonston Dr,MU,1002.0,0.06,Edmonston Dr - Between Md 355 & Lewis Ave,Rockville Pike To Veirs Mill Rd,North,3.0,F,11345.0,11430.0,12035.0,12120.0,9.23,63.92,52.61,47.39,24031701102,24031700904,24031,24031,17.31323265562056,2586.6942969439992,1,-77.13469275875309,39.07482304393345,https://maps.roads.maryland.gov/itms_public/?stationid=S2012150944,0.0,0.43,Urban,5.0,Major Collector,1.0,11571.0,12571.0,,S,True,False,montgomery_dc_spatial,True,11345.0,11430.0,12035.0,12120.0,11571.0,12571.0,3.0,1.0,1002.0,9.23,63.92,1415,Census Tract 7011.02,24031701102,24031700904,"Montgomery County, MD","Montgomery County, MD",17.31323265562056,AADT_2018,daily vehicle trips whose OD path crosses this tract-pair boundary; direct adjacent OD only is stricter and will undercount through traffic
sl_S2012161213_24033800206__24033800411,24033800206__24033800411,other_adjacent_tract_pair,high,accepted,S2012161213,Prince George's,Powder Mill Rd,GV,6.0,2.89,Powder Mill Rd - Between Ramps To & Fr Md 295 & Soil Conservation Rd,Md 295 Baltimore Pkwy To Md 197 Laurel Bowie Rd,West,2.0,F,16735.0,17760.0,17915.0,19000.0,10.1,54.17,44.89,55.11,24033800206,24033800411,24033,24033,0.593938682550708,6878.148683613942,2,-76.85012350880181,39.03359504219032,https://maps.roads.maryland.gov/itms_public/?stationid=S2012161213,2.78,5.441,Urban,7.0,Local,1.0,17761.0,18831.0,,S,True,False,pg_dc_spatial;pg_montgomery_spatial,True,16735.0,17760.0,17915.0,19000.0,17761.0,18831.0,2.0,1.0,6.0,10.1,54.17,1511,Census Tract 8002.06,24033800206,24033800411,"Prince George's County, MD","Prince George's County, MD",0.593938682550708,AADT_2018,daily vehicle trips whose OD path crosses this tract-pair boundary; direct adjacent OD only is stricter and will undercount through traffic
sl_S2012150965_24031700901__24031700902,24031700901__24031700902,other_adjacent_tract_pair,high,accepted,S2012150965,Montgomery,Park Rd,MU,2360.0,0.04,Park Rd - Between Md 355 & N Stonestreet Ave,Hungerford Dr To S Horners La,East,3.0,F,17305.0,16280.0,18345.0,17260.0,9.96,61.77,49.46,50.54,24031700901,24031700902,24031,24031,27.73637874901534,2156.0656665041347,1,-77.1474456216155,39.08525833404303,https://maps.roads.maryland.gov/itms_public/?stationid=S2012150965,0.0,0.28,Urban,5.0,Major Collector,1.0,16281.0,17911.0,,S,True,False,montgomery_dc_spatial,True,17305.0,16280.0,18345.0,17260.0,16281.0,17911.0,3.0,1.0,2360.0,9.96,61.77,195,Census Tract 7009.01,24031700901,24031700902,"Montgomery County, MD","Montgomery County, MD",27.73637874901534,AADT_2018,daily vehicle trips whose OD path crosses this tract-pair boundary; direct adjacent OD only is stricter and will undercount through traffic
sl_B3336_24033800103__24033800211,24033800103__24033800211,other_adjacent_tract_pair,high,accepted,B3336,Prince George's,Laurel Bowie Rd,MD,197.0,14.44,Md197-.20 Mi S Of Md198,Contee Rd To Md 198,South,5.0,C,33931.0,33632.0,36311.0,35992.0,7.96,51.84,48.18,51.82,24033800211,24033800103,24033,24033,18.336378910292623,1291.4025568763388,2,-76.84379008421485,39.092715272340406,https://maps.roads.maryland.gov/itms_public/?stationid=B3336,13.07,14.64,Urban,3.0,Principal Arterial Other,1.0,33960.0,36000.0,672.0,B,True,False,pg_montgomery_spatial,True,33931.0,33632.0,36311.0,35992.0,33960.0,36000.0,5.0,1.0,197.0,7.96,51.84,1543,Census Tract 8002.11,24033800211,24033800103,"Prince George's County, MD","Prince George's County, MD",18.336378910292623,AADT_2018,daily vehicle trips whose OD path crosses this tract-pair boundary; direct adjacent OD only is stricter and will undercount through traffic
sl_B3140_24033803601__24033803608,24033803601__24033803608,other_adjacent_tract_pair,high,accepted,B3140,Prince George's,John Hanson Hwy,IS,595.0,0.89,Is595-.60 Mi E Of Is95,Is 95 To Md 704,East,8.0,F,154712.0,151370.0,160902.0,157430.0,7.26,61.23,51.95,48.05,24033803601,24033803608,24033,24033,25.94032721425222,1693.0190150873816,1,-76.84721274180413,38.946251669767136,https://maps.roads.maryland.gov/itms_public/?stationid=B3140,0.29,1.02,Urban,1.0,Interstate,1.0,152431.0,158531.0,6435.0,B,True,False,pg_dc_spatial;pg_montgomery_spatial,True,154712.0,151370.0,160902.0,157430.0,152431.0,158531.0,8.0,1.0,595.0,7.26,61.23,476,Census Tract 8036.01,24033803601,24033803608,"Prince George's County, MD","Prince George's County, MD",25.94032721425222,AADT_2018,daily vehicle trips whose OD path crosses this tract-pair boundary; direct adjacent OD only is stricter and will undercount through traffic
sl_B3135_11001009601__24033804300,11001009601__24033804300,pg_dc,low_review,accepted,B3135,Prince George's,John Hanson Hwy,US,50.0,0.1,Us50-.10 Mi E Of Wash Dc Line,Washington Dc/l To Md 295,East,6.0,C,138311.0,137072.0,147991.0,146672.0,6.4,59.58,49.06,50.94,24033804300,11001009601,24033,11001,123.68183307984567,1247.0887047926874,3,-76.93961175501109,38.91834109304588,https://maps.roads.maryland.gov/itms_public/?stationid=B3135,0.0,0.18,Urban,2.0,Principal Arterial Other Freeways and Expressways,1.0,124830.0,132320.0,,B,True,False,pg_dc_route;pg_dc_spatial,True,138311.0,137072.0,147991.0,146672.0,124830.0,132320.0,6.0,1.0,50.0,6.4,59.58,1502,Census Tract 8043,24033804300,11001009601,"Prince George's County, MD",District of Columbia,123.68183307984567,AADT_2018,daily vehicle trips whose OD path crosses this tract-pair boundary; direct adjacent OD only is stricter and will undercount through traffic
sl_B2850_24031701205__24031701206,24031701205__24031701206,other_adjacent_tract_pair,high,accepted,B2850,Montgomery,Eisenhower Memorial Hwy,IS,270.0,2.86,Is270-.10 Mi N Of Tuckerman La,Is 270y To Montrose Rd,South,12.0,F,267232.0,265633.0,277922.0,276263.0,6.83,54.46,50.78,49.22,24031701205,24031701206,24031,24031,32.76662308181316,2186.532778782411,2,-77.14614369686748,39.03930816841616,https://maps.roads.maryland.gov/itms_public/?stationid=B2850,2.68,4.14,Urban,1.0,Interstate,1.0,267494.0,278194.0,10871.0,B,True,False,montgomery_dc_spatial,True,267232.0,265633.0,277922.0,276263.0,267494.0,278194.0,12.0,1.0,270.0,6.83,54.46,554,Census Tract 7012.05,24031701205,24031701206,"Montgomery County, MD","Montgomery County, MD",32.76662308181316,AADT_2018,daily vehicle trips whose OD path crosses this tract-pair boundary; direct adjacent OD only is stricter and will undercount through traffic
sl_B3194_24033803200__24033803509,24033803200__24033803509,other_adjacent_tract_pair,high,accepted,B3194,Prince George's,Landover Rd,MD,202.0,12.01,Md202-.30 Mi S Of Us50,75th Ave To Us 50,South,5.0,C,50831.0,50372.0,54391.0,53902.0,7.64,59.3,47.86,52.14,24033803200,24033803509,24033,24033,0.7194991418826878,741.4457525135199,1,-76.89268755995076,38.92837938528019,https://maps.roads.maryland.gov/itms_public/?stationid=B3194,11.67,12.31,Urban,3.0,Principal Arterial Other,1.0,51920.0,55040.0,,B,True,False,pg_dc_route;pg_dc_spatial,True,50831.0,50372.0,54391.0,53902.0,51920.0,55040.0,5.0,1.0,202.0,7.64,59.3,608,Census Tract 8032,24033803200,24033803509,"Prince George's County, MD","Prince George's County, MD",0.7194991418826878,AADT_2018,daily vehicle trips whose OD path crosses this tract-pair boundary; direct adjacent OD only is stricter and will undercount through traffic
sl_B3111_24033800108__24033800213,24033800108__24033800213,other_adjacent_tract_pair,high,accepted,B3111,Prince George's,Baltimore Ave,US,1.0,12.95,Us1-.10 Mi N Of Cherry La,Cherry La To Domer Ave,North,5.0,F,35840.0,35521.0,38350.0,38011.0,7.41,51.75,51.56,48.44,24033800213,24033800108,24033,24033,5.458061687874815,818.6616016334411,2,-76.8558671741334,39.092814907941474,https://maps.roads.maryland.gov/itms_public/?stationid=B3111,12.85,13.14,Urban,3.0,Principal Arterial Other,1.0,37012.0,37652.0,,B,True,False,pg_dc_route;pg_montgomery_spatial,True,35840.0,35521.0,38350.0,38011.0,37012.0,37652.0,5.0,1.0,1.0,7.41,51.75,446,Census Tract 8002.13,24033800213,24033800108,"Prince George's County, MD","Prince George's County, MD",5.458061687874815,AADT_2018,daily vehicle trips whose OD path crosses this tract-pair boundary; direct adjacent OD only is stricter and will undercount through traffic
sl_S2012161160_24033800208__24033800214,24033800208__24033800214,other_adjacent_tract_pair,medium,accepted,S2012161160,Prince George's,Cedarbrook La                           ,CO,2595.0,0.04,Cedarbrook La - Between Montpelier Dr & Eastbourne La,Montpelier Dr To Muirkirk Rd,South,2.0,F,3095.0,3130.0,3285.0,3320.0,9.73,59.82,50.04,49.96,24033800208,24033800214,24033,24033,71.43253123800295,1175.3824334431592,1,-76.84870866222931,39.066406265943584,https://maps.roads.maryland.gov/itms_public/?stationid=S2012161160,0.0,0.88,Urban,5.0,Major Collector,1.0,3131.0,3441.0,,S,True,False,pg_dc_spatial;pg_montgomery_spatial,True,3095.0,3130.0,3285.0,3320.0,3131.0,3441.0,2.0,1.0,2595.0,9.73,59.82,1490,Census Tract 8002.08,24033800208,24033800214,"Prince George's County, MD","Prince George's County, MD",71.43253123800295,AADT_2018,daily vehicle trips whose OD path crosses this tract-pair boundary; direct adjacent OD only is stricter and will undercount through traffic
sl_B160056_24033801807__24033802501,24033801807__24033802501,other_adjacent_tract_pair,high,accepted,B160056,Prince George's,Branch Ave,MD,5.0,15.17,Md5-.10 Mi S Of Wash Dc Line,Suitland Pkwy To Washington Dc/l,South,3.0,C,31261.0,30982.0,33451.0,33152.0,7.47,60.11,49.46,50.54,24033802501,24033801807,24033,24033,0.6355001288999484,237.57758034930654,3,-76.9569892949748,38.85381264074074,https://maps.roads.maryland.gov/itms_public/?stationid=B160056,15.07,15.27,Urban,3.0,Principal Arterial Other,1.0,30910.0,32770.0,,B,True,False,pg_dc_route;pg_dc_spatial,True,31261.0,30982.0,33451.0,33152.0,30910.0,32770.0,3.0,1.0,5.0,7.47,60.11,570,Census Tract 8025.01,24033802501,24033801807,"Prince George's County, MD","Prince George's County, MD",0.6355001288999484,AADT_2018,daily vehicle trips whose OD path crosses this tract-pair boundary; direct adjacent OD only is stricter and will undercount through traffic
sl_S2012161151_24033805101__24033805802,24033805101__24033805802,other_adjacent_tract_pair,high,accepted,S2012161151,Prince George's,Ager Rd,CO,1599.0,0.03,Ager Rd - Between Md 410 & Tuckerman St,Md 410 To Oglethorpe St,North,4.0,F,14695.0,14120.0,15585.0,14970.0,7.6,64.48,49.39,50.61,24033805802,24033805101,24033,24033,1.0880734199159523,1261.2755359947223,1,-76.97772156911255,38.97000947923205,https://maps.roads.maryland.gov/itms_public/?stationid=S2012161151,0.0,0.54,Urban,5.0,Major Collector,1.0,14121.0,15531.0,,S,True,False,pg_dc_spatial;pg_montgomery_spatial,True,14695.0,14120.0,15585.0,14970.0,14121.0,15531.0,4.0,1.0,1599.0,7.6,64.48,1541,Census Tract 8058.02,24033805802,24033805101,"Prince George's County, MD","Prince George's County, MD",1.0880734199159523,AADT_2018,daily vehicle trips whose OD path crosses this tract-pair boundary; direct adjacent OD only is stricter and will undercount through traffic
sl_S2012150674_24031701306__24031701313,24031701306__24031701313,other_adjacent_tract_pair,high,accepted,S2012150674,Montgomery,Cashell Rd,CO,136.0,0.13,Cashell Rd - Between Emory La & Chippendale Ct,Emory La To Bowie Mill Rd,South,2.0,F,6075.0,6000.0,6445.0,6360.0,9.33,87.3,48.12,51.88,24031701313,24031701306,24031,24031,0.024257222255435584,2856.9167265869214,2,-77.08068714340975,39.128331945741074,https://maps.roads.maryland.gov/itms_public/?stationid=S2012150674,0.0,2.26,Urban,5.0,Major Collector,1.0,6001.0,6601.0,,S,True,False,pg_montgomery_spatial,True,6075.0,6000.0,6445.0,6360.0,6001.0,6601.0,2.0,1.0,136.0,9.33,87.3,571,Census Tract 7013.13,24031701313,24031701306,"Montgomery County, MD","Montgomery County, MD",0.024257222255435584,AADT_2018,daily vehicle trips whose OD path crosses this tract-pair boundary; direct adjacent OD only is stricter and will undercount through traffic
sl_S2012161158_24033802804__24033803519,24033802804__24033803519,other_adjacent_tract_pair,medium,accepted,S2012161158,Prince George's,Shady Glen Dr,CO,2451.0,1.91,Shady Glen Dr - Between Md 214 & Walker Mill Dr,Walker Mill Rd To Central Ave,South,3.0,F,7565.0,8080.0,8025.0,8570.0,8.59,57.47,51.11,48.89,24033802804,24033803519,24033,24033,59.69905171249271,1254.6933144796506,2,-76.87718566726599,38.888145561980735,https://maps.roads.maryland.gov/itms_public/?stationid=S2012161158,0.0,1.945,Urban,5.0,Major Collector,1.0,8081.0,8891.0,,S,True,False,pg_dc_spatial,True,7565.0,8080.0,8025.0,8570.0,8081.0,8891.0,3.0,1.0,2451.0,8.59,57.47,281,Census Tract 8028.04,24033802804,24033803519,"Prince George's County, MD","Prince George's County, MD",59.69905171249271,AADT_2018,daily vehicle trips whose OD path crosses this tract-pair boundary; direct adjacent OD only is stricter and will undercount through traffic
sl_B3235_24033804102__24033804300,24033804102__24033804300,other_adjacent_tract_pair,high,accepted,B3235,Prince George's,Baltimore Washington Pkwy,MD,295.0,1.85,Md295-.20 Mi N Of Md202,Md 202 To Md 450,South,6.0,F,109320.0,108341.0,116970.0,115931.0,5.95,50.66,48.36,51.64,24033804102,24033804300,24033,24033,18.07760334995583,495.5928000765668,3,-76.91507327679372,38.93768018252575,https://maps.roads.maryland.gov/itms_public/?stationid=B3235,1.65,1.97,Urban,2.0,Principal Arterial Other Freeways and Expressways,1.0,108342.0,114842.0,1264.0,B,True,False,pg_dc_route;pg_dc_spatial;pg_montgomery_spatial,True,109320.0,108341.0,116970.0,115931.0,108342.0,114842.0,6.0,1.0,295.0,5.95,50.66,517,Census Tract 8041.02,24033804102,24033804300,"Prince George's County, MD","Prince George's County, MD",18.07760334995583,AADT_2018,daily vehicle trips whose OD path crosses this tract-pair boundary; direct adjacent OD only is stricter and will undercount through traffic
sl_B3143_24033807301__24033807405,24033807301__24033807405,other_adjacent_tract_pair,high,accepted,B3143,Prince George's,Capital Beltway,IS,95.0,25.49,Is95-.30 Mi N Of Us1,Us 1 To Is 495,North,8.0,F,211202.0,251340.0,219652.0,261390.0,6.36,51.38,47.72,52.28,24033807301,24033807405,24033,24033,4.284052008174814,2120.4144219524487,1,-76.93248575403545,39.01988179305378,https://maps.roads.maryland.gov/itms_public/?stationid=B3143,25.19,26.11,Urban,1.0,Interstate,1.0,253101.0,263231.0,17497.0,B,True,False,pg_montgomery_route;pg_dc_spatial;pg_montgomery_spatial,True,211202.0,251340.0,219652.0,261390.0,253101.0,263231.0,8.0,1.0,95.0,6.36,51.38,1510,Census Tract 8073.01,24033807301,24033807405,"Prince George's County, MD","Prince George's County, MD",4.284052008174814,AADT_2018,daily vehicle trips whose OD path crosses this tract-pair boundary; direct adjacent OD only is stricter and will undercount through traffic
sl_S2012161189_24033801212__24033801904,24033801212__24033801904,other_adjacent_tract_pair,low_review,accepted,S2012161189,Prince George's,Old Branch Ave,CO,3675.0,2.9,Old Branch Ave - .10 Mi North Of Allentown Rd,Allentown Rd To Manchester Dr,South,2.0,F,8715.0,8850.0,9245.0,9380.0,10.39,80.06,23.25,76.75,24033801904,24033801212,24033,24033,109.36681364872508,923.8183357922004,1,-76.90775801066918,38.80461461030077,https://maps.roads.maryland.gov/itms_public/?stationid=S2012161189,2.84,3.83,Urban,6.0,Minor Collector,1.0,8851.0,9741.0,,S,True,False,pg_dc_spatial,True,8715.0,8850.0,9245.0,9380.0,8851.0,9741.0,2.0,1.0,3675.0,10.39,80.06,1563,Census Tract 8019.04,24033801904,24033801212,"Prince George's County, MD","Prince George's County, MD",109.36681364872508,AADT_2018,daily vehicle trips whose OD path crosses this tract-pair boundary; direct adjacent OD only is stricter and will undercount through traffic
sl_B3155_24033801404__24033801500,24033801404__24033801500,other_adjacent_tract_pair,high,accepted,B3155,Prince George's,Capital Beltway,IS,95.0,2.47,Is95-.30 Mi S Of Md210,Is 295 To Md 210,South,9.0,F,180561.0,179720.0,187781.0,186910.0,6.43,56.64,49.35,50.65,24033801404,24033801500,24033,24033,35.4056725631924,3645.8470807008516,1,-77.00307121794664,38.8009001198097,https://maps.roads.maryland.gov/itms_public/?stationid=B3155,1.754,2.751,Urban,1.0,Interstate,1.0,180981.0,188221.0,15929.0,B,True,False,pg_montgomery_route;pg_dc_spatial,True,180561.0,179720.0,187781.0,186910.0,180981.0,188221.0,9.0,1.0,95.0,6.43,56.64,1506,Census Tract 8014.04,24033801404,24033801500,"Prince George's County, MD","Prince George's County, MD",35.4056725631924,AADT_2018,daily vehicle trips whose OD path crosses this tract-pair boundary; direct adjacent OD only is stricter and will undercount through traffic
sl_B150125_11001001401__24031705300,11001001401__24031705300,montgomery_dc,high,accepted,B150125,Montgomery,Chevy Chase Cir,MD,185.0,0.01,Md185e-between Wash Dc Line & Md185 (one Way Wb),Wash Dc Line To Wash Dc Line,West,3.0,C,30741.0,30462.0,32891.0,32592.0,7.39,100.0,0.0,100.0,24031705300,11001001401,24031,11001,16.021308783934018,705.8731776788667,2,-77.07678633774754,38.96798271479151,https://maps.roads.maryland.gov/itms_public/?stationid=B150125,0.0,0.08,Urban,3.0,Principal Arterial Other,1.0,29690.0,31470.0,,B,True,False,montgomery_dc_route;montgomery_dc_spatial;pg_montgomery_spatial,True,30741.0,30462.0,32891.0,32592.0,29690.0,31470.0,3.0,1.0,185.0,7.39,100.0,578,Census Tract 7053,24031705300,11001001401,"Montgomery County, MD",District of Columbia,16.021308783934018,AADT_2018,daily vehicle trips whose OD path crosses this tract-pair boundary; direct adjacent OD only is stricter and will undercount through traffic
sl_B160003_24033800208__24033807408,24033800208__24033807408,other_adjacent_tract_pair,high,accepted,B160003,Prince George's,Muirkirk Rd,CO,21.0,1.69,Muirkirk Rd-.10 Mi S Of Odell Rd,Md 197 To Old Baltimore Pike,North,3.0,F,10820.0,10721.0,11580.0,11471.0,10.36,70.97,55.24,44.76,24033800208,24033807408,24033,24033,3.2679207001961026,6354.996183583837,1,-76.85564221352838,39.05585234863457,https://maps.roads.maryland.gov/itms_public/?stationid=B160003,0.0,3.15,Urban,4.0,Minor Arterial,1.0,10722.0,11372.0,297.0,B,True,False,pg_dc_spatial;pg_montgomery_spatial,True,10820.0,10721.0,11580.0,11471.0,10722.0,11372.0,3.0,1.0,21.0,10.36,70.97,1490,Census Tract 8002.08,24033800208,24033807408,"Prince George's County, MD","Prince George's County, MD",3.2679207001961026,AADT_2018,daily vehicle trips whose OD path crosses this tract-pair boundary; direct adjacent OD only is stricter and will undercount through traffic
sl_B2825_24031704803__24031705502,24031704803__24031705502,other_adjacent_tract_pair,low_review,accepted,B2825,Montgomery,Bradley Blvd,MD,191.0,6.33,Md191-.10 Mi S Of Md355,Leland St To Md 355,South,4.0,F,23950.0,23731.0,25630.0,25391.0,7.65,53.18,48.38,51.62,24031704803,24031705502,24031,24031,152.28493931616325,1759.341011877672,2,-77.09227736171567,38.977679354809794,https://maps.roads.maryland.gov/itms_public/?stationid=B2825,6.07,6.43,Urban,4.0,Minor Arterial,1.0,23732.0,25162.0,588.0,B,True,False,montgomery_dc_route;montgomery_dc_spatial;pg_montgomery_spatial,True,23950.0,23731.0,25630.0,25391.0,23732.0,25162.0,4.0,1.0,191.0,7.65,53.18,1336,Census Tract 7048.03,24031704803,24031705502,"Montgomery County, MD","Montgomery County, MD",152.28493931616325,AADT_2018,daily vehicle trips whose OD path crosses this tract-pair boundary; direct adjacent OD only is stricter and will undercount through traffic
sl_S2008150026_24031704404__24031705000,24031704404__24031705000,other_adjacent_tract_pair,high,accepted,S2008150026,Montgomery,Cedar La,CO,7805.0,0.46,W Cedar La - Between Cypress Ave & Bardon Rd,Md 187 To Cedarcrest Dr,East,3.0,F,10973.0,10874.0,11743.0,11644.0,9.8,71.44,58.58,41.42,24031704404,24031705000,24031,24031,1.064310809364394,3240.4164135341316,1,-77.10219255169844,39.00554256668775,https://maps.roads.maryland.gov/itms_public/?stationid=S2008150026,0.0,0.56,Urban,4.0,Minor Arterial,1.0,10875.0,11535.0,,S,True,False,montgomery_dc_spatial;pg_montgomery_spatial,True,10973.0,10874.0,11743.0,11644.0,10875.0,11535.0,3.0,1.0,7805.0,9.8,71.44,912,Census Tract 7044.04,24031704404,24031705000,"Montgomery County, MD","Montgomery County, MD",1.064310809364394,AADT_2018,daily vehicle trips whose OD path crosses this tract-pair boundary; direct adjacent OD only is stricter and will undercount through traffic
sl_B2806_24031701205__24031701215,24031701205__24031701215,other_adjacent_tract_pair,high,accepted,B2806,Montgomery,Old Georgetown Rd,MD,187.0,3.87,Md187-.10 Mi N Of Is270,Is 270 To Executive Blvd,North,6.0,F,50950.0,50491.0,54520.0,54031.0,8.89,59.66,50.55,49.45,24031701215,24031701205,24031,24031,5.795333455189033,440.94767682877136,2,-77.12589334462517,39.03208294400879,https://maps.roads.maryland.gov/itms_public/?stationid=B2806,3.764,5.04,Urban,3.0,Principal Arterial Other,1.0,52612.0,53522.0,,B,True,False,montgomery_dc_spatial,True,50950.0,50491.0,54520.0,54031.0,52612.0,53522.0,6.0,1.0,187.0,8.89,59.66,565,Census Tract 7012.15,24031701215,24031701205,"Montgomery County, MD","Montgomery County, MD",5.795333455189033,AADT_2018,daily vehicle trips whose OD path crosses this tract-pair boundary; direct adjacent OD only is stricter and will undercount through traffic
sl_B160035_24033803200__24033803509,24033803200__24033803509,other_adjacent_tract_pair,medium,accepted,B160035,Prince George's,Old Landover Rd,CO,1210.0,0.08,Old Landover Rd-.20 Mi N Of Md202,Ent To Metro To Md 202,South,3.0,F,160.0,161.0,170.0,171.0,11.83,70.0,49.85,50.15,24033803509,24033803200,24033,24033,98.80380700776826,741.4457525135199,2,-76.89375434169001,38.9298746683321,https://maps.roads.maryland.gov/itms_public/?stationid=B160035,0.0,0.28,Urban,7.0,Local,1.0,162.0,182.0,13.0,B,True,False,pg_dc_spatial,True,160.0,161.0,170.0,171.0,162.0,182.0,3.0,1.0,1210.0,11.83,70.0,469,Census Tract 8035.09,24033803509,24033803200,"Prince George's County, MD","Prince George's County, MD",98.80380700776826,AADT_2018,daily vehicle trips whose OD path crosses this tract-pair boundary; direct adjacent OD only is stricter and will undercount through traffic
sl_B3274_24033807000__24033807200,24033807000__24033807200,other_adjacent_tract_pair,low_review,accepted,B3274,Prince George's,Greenbelt Rd,MD,430.0,0.05,Md430-.05 Mi E Of Us1,Us 1 To Md 193,West,3.0,F,18702.0,17520.0,20012.0,18750.0,8.77,61.17,38.44,61.56,24033807000,24033807200,24033,24033,164.73930254777903,2876.152000561604,2,-76.93072957280782,38.99844221289481,https://maps.roads.maryland.gov/itms_public/?stationid=B3274,0.0,0.49,Urban,3.0,Principal Arterial Other,1.0,17521.0,18571.0,409.0,B,True,False,pg_dc_spatial;pg_montgomery_spatial,True,18702.0,17520.0,20012.0,18750.0,17521.0,18571.0,3.0,1.0,430.0,8.77,61.17,1500,Census Tract 8070,24033807000,24033807200,"Prince George's County, MD","Prince George's County, MD",164.73930254777903,AADT_2018,daily vehicle trips whose OD path crosses this tract-pair boundary; direct adjacent OD only is stricter and will undercount through traffic
sl_S2012161122_24033801207__24033801214,24033801207__24033801214,other_adjacent_tract_pair,low_review,accepted,S2012161122,Prince George's,Old Alexandria Ferry Rd,CO,558.0,1.64,Old Alexandria Ferry Rd - .10 Mi West Of Md 223,Mike Shapiro Dr To Md 223,East,3.0,F,16045.0,14610.0,17175.0,15630.0,7.68,63.68,44.84,55.16,24033801214,24033801207,24033,24033,116.29052915839674,1772.3996980438587,2,-76.86870897470051,38.776840391042775,https://maps.roads.maryland.gov/itms_public/?stationid=S2012161122,0.75,1.75,Urban,4.0,Minor Arterial,1.0,14611.0,15491.0,,S,True,False,pg_dc_spatial,True,16045.0,14610.0,17175.0,15630.0,14611.0,15491.0,3.0,1.0,558.0,7.68,63.68,457,Census Tract 8012.14,24033801214,24033801207,"Prince George's County, MD","Prince George's County, MD",116.29052915839674,AADT_2018,daily vehicle trips whose OD path crosses this tract-pair boundary; direct adjacent OD only is stricter and will undercount through traffic
sl_S2012150665_24031703207__24031703209,24031703207__24031703209,other_adjacent_tract_pair,high,accepted,S2012150665,Montgomery,Arcola Ave,CO,124.0,0.43,Arcola Ave - .10 Mile East Of Md 97,Parker Ave To Amherst Ave,East,3.0,F,14405.0,12940.0,15275.0,13720.0,7.86,52.89,48.38,51.62,24031703207,24031703209,24031,24031,0.3518271637361379,1754.3013338428616,2,-77.04982036908734,39.04714574972186,https://maps.roads.maryland.gov/itms_public/?stationid=S2012150665,0.0,0.51,Urban,7.0,Local,1.0,12941.0,14241.0,,S,True,False,montgomery_dc_spatial;pg_montgomery_spatial,True,14405.0,12940.0,15275.0,13720.0,12941.0,14241.0,3.0,1.0,124.0,7.86,52.89,352,Census Tract 7032.07,24031703207,24031703209,"Montgomery County, MD","Montgomery County, MD",0.3518271637361379,AADT_2018,daily vehicle trips whose OD path crosses this tract-pair boundary; direct adjacent OD only is stricter and will undercount through traffic
sl_S2012150814_24031703214__24031703220,24031703214__24031703220,other_adjacent_tract_pair,medium,accepted,S2012150814,Montgomery,Homecrest Rd,CO,3105.0,0.06,Homecrest Rd - .10 Mi North Of Bel Pre Rd,Bel Pre Rd To Homecrest Rd,North,2.0,F,5805.0,6060.0,6155.0,6420.0,8.18,62.98,49.94,50.06,24031703220,24031703214,24031,24031,99.25383981112188,509.4412007278975,2,-77.06255031952011,39.09217973981552,https://maps.roads.maryland.gov/itms_public/?stationid=S2012150814,0.0,0.76,Urban,6.0,Minor Collector,1.0,6061.0,6671.0,,S,True,False,montgomery_dc_spatial;pg_montgomery_spatial,True,5805.0,6060.0,6155.0,6420.0,6061.0,6671.0,2.0,1.0,3105.0,8.18,62.98,1334,Census Tract 7032.20,24031703220,24031703214,"Montgomery County, MD","Montgomery County, MD",99.25383981112188,AADT_2018,daily vehicle trips whose OD path crosses this tract-pair boundary; direct adjacent OD only is stricter and will undercount through traffic
sl_S2012161088_24033805904__24033805907,24033805904__24033805907,other_adjacent_tract_pair,high,accepted,S2012161088,Prince George's,Metzerott Rd                            ,CO,230.0,0.09,Metzerott Rd - .10 Mi East Of Md 650,Md 650 To Md 212,East,2.0,F,12955.0,11870.0,13735.0,12580.0,7.59,57.56,50.43,49.57,24033805904,24033805907,24033,24033,0.5703779726325648,915.6093703822606,1,-76.97939222443692,39.00408351956356,https://maps.roads.maryland.gov/itms_public/?stationid=S2012161088,0.0,0.5,Urban,5.0,Major Collector,1.0,11871.0,13061.0,,S,True,False,pg_dc_spatial;pg_montgomery_spatial,True,12955.0,11870.0,13735.0,12580.0,11871.0,13061.0,2.0,1.0,230.0,7.59,57.56,512,Census Tract 8059.04,24033805904,24033805907,"Prince George's County, MD","Prince George's County, MD",0.5703779726325648,AADT_2018,daily vehicle trips whose OD path crosses this tract-pair boundary; direct adjacent OD only is stricter and will undercount through traffic
sl_S2012150755_24031702602__24031702700,24031702602__24031702700,other_adjacent_tract_pair,high,accepted,S2012150755,Montgomery,Grubb Rd                                ,CO,535.0,0.29,Grubb Rd - Between Md 410 & Colston Dr,Wash Dc Line To Terrace Dr,North,3.0,F,8945.0,8020.0,9485.0,8500.0,10.44,56.1,49.94,50.06,24031702602,24031702700,24031,24031,0.5336637201345332,2215.1739762840134,1,-77.0513361943826,38.99339880610722,https://maps.roads.maryland.gov/itms_public/?stationid=S2012150755,0.0,0.72,Urban,5.0,Major Collector,1.0,8021.0,8821.0,,S,True,False,montgomery_dc_spatial;pg_montgomery_spatial,True,8945.0,8020.0,9485.0,8500.0,8021.0,8821.0,3.0,1.0,535.0,10.44,56.1,341,Census Tract 7026.02,24031702602,24031702700,"Montgomery County, MD","Montgomery County, MD",0.5336637201345332,AADT_2018,daily vehicle trips whose OD path crosses this tract-pair boundary; direct adjacent OD only is stricter and will undercount through traffic
sl_S2012161201_24033803512__24033803513,24033803512__24033803513,other_adjacent_tract_pair,high,accepted,S2012161201,Prince George's,Mt Lubentia Way,CO,4743.0,0.03,Mt Lubentia Way - Between Md 202 & Dwyer Pl,Largo Rd To Harry S Truman Dr,East,3.0,F,3045.0,2900.0,3235.0,3070.0,9.64,50.49,49.47,50.53,24033803513,24033803512,24033,24033,2.9949676229473523,3593.9179849665124,2,-76.81153134520686,38.87889553538432,https://maps.roads.maryland.gov/itms_public/?stationid=S2012161201,0.0,0.98,Urban,5.0,Major Collector,1.0,2901.0,3191.0,,S,True,False,pg_dc_spatial,True,3045.0,2900.0,3235.0,3070.0,2901.0,3191.0,3.0,1.0,4743.0,9.64,50.49,471,Census Tract 8035.13,24033803513,24033803512,"Prince George's County, MD","Prince George's County, MD",2.9949676229473523,AADT_2018,daily vehicle trips whose OD path crosses this tract-pair boundary; direct adjacent OD only is stricter and will undercount through traffic
sl_B3352_24033807301__24033807305,24033807301__24033807305,other_adjacent_tract_pair,high,accepted,B3352,Prince George's,No Name,IS,95.0,0.05,Is95x-at Park & Ride,Park & Ride To Is 95,South,3.0,F,1140.0,1131.0,1190.0,1181.0,13.25,73.25,39.37,60.63,24033807305,24033807301,24033,24033,1.3379219170276082,2414.501104295874,1,-76.95101661763624,39.01827270034038,https://maps.roads.maryland.gov/itms_public/?stationid=B3352,0.0,0.96,Urban,1.0,Interstate,1.0,1142.0,1192.0,531.0,B,True,False,pg_montgomery_route;pg_dc_spatial;pg_montgomery_spatial,True,1140.0,1131.0,1190.0,1181.0,1142.0,1192.0,3.0,1.0,95.0,13.25,73.25,180,Census Tract 8073.05,24033807305,24033807301,"Prince George's County, MD","Prince George's County, MD",1.3379219170276082,AADT_2018,daily vehicle trips whose OD path crosses this tract-pair boundary; direct adjacent OD only is stricter and will undercount through traffic
sl_S2015150150_24031706012__24031706013,24031706012__24031706013,other_adjacent_tract_pair,medium,accepted,S2015150150,Montgomery,Democracy Blvd,CO,166.0,1.16,Democracy Blvd - Between Is 270y & Westfield Montgomery Mall,Is 270y To Md 189,West,5.0,F,37362.0,37033.0,39982.0,39633.0,8.04,57.62,50.01,49.99,24031706012,24031706013,24031,24031,76.77172111248073,1901.4287100258837,1,-77.14612593537768,39.0219776480717,https://maps.roads.maryland.gov/itms_public/?stationid=S2015150150,0.98,4.4,Urban,4.0,Minor Arterial,1.0,37034.0,39264.0,,S,True,False,montgomery_dc_spatial,True,37362.0,37033.0,39982.0,39633.0,37034.0,39264.0,5.0,1.0,166.0,8.04,57.62,1329,Census Tract 7060.12,24031706012,24031706013,"Montgomery County, MD","Montgomery County, MD",76.77172111248073,AADT_2018,daily vehicle trips whose OD path crosses this tract-pair boundary; direct adjacent OD only is stricter and will undercount through traffic
sl_B150062_24031700717__24031700718,24031700717__24031700718,other_adjacent_tract_pair,low_review,accepted,B150062,Montgomery,Shady Grove Rd,CO,212.0,3.85,Shady Grove Rd-.10 Mi S Of Md355,Is 270 To Md 355,South,6.0,F,41262.0,40450.0,44152.0,43280.0,7.62,58.9,61.56,38.44,24031700718,24031700717,24031,24031,101.74564106515396,1890.8239760538702,2,-77.1787361591052,39.121450987106,https://maps.roads.maryland.gov/itms_public/?stationid=B150062,2.93,3.95,Urban,3.0,Principal Arterial Other,1.0,40451.0,42881.0,,B,True,False,pg_montgomery_route,True,41262.0,40450.0,44152.0,43280.0,40451.0,42881.0,6.0,1.0,212.0,7.62,58.9,894,Census Tract 7007.18,24031700718,24031700717,"Montgomery County, MD","Montgomery County, MD",101.74564106515396,AADT_2018,daily vehicle trips whose OD path crosses this tract-pair boundary; direct adjacent OD only is stricter and will undercount through traffic
sl_B150085_24031704804__24031704805,24031704804__24031704805,other_adjacent_tract_pair,high,accepted,B150085,Montgomery,East West Hwy (w/b Couplet),MD,410.0,6.1,Md410-between Pearl St & Waverly St (one Way Couplet Wb - Eb See B2890),Montgomery Ave (md 410 Eb/l) To Md 355,West,2.0,C,15071.0,14942.0,16131.0,15992.0,9.0,100.0,0.0,100.0,24031704804,24031704805,24031,24031,0.887004937247028,1064.1096300292309,2,-77.0916939158201,38.98496788038243,https://maps.roads.maryland.gov/itms_public/?stationid=B150085,5.813,6.241,Urban,3.0,Principal Arterial Other,1.0,13750.0,14580.0,,B,True,False,montgomery_dc_route;montgomery_dc_spatial;pg_montgomery_spatial,True,15071.0,14942.0,16131.0,15992.0,13750.0,14580.0,2.0,1.0,410.0,9.0,100.0,806,Census Tract 7048.04,24031704804,24031704805,"Montgomery County, MD","Montgomery County, MD",0.887004937247028,AADT_2018,daily vehicle trips whose OD path crosses this tract-pair boundary; direct adjacent OD only is stricter and will undercount through traffic
sl_S2012150734_24031703502__24031703601,24031703502__24031703601,other_adjacent_tract_pair,medium,accepted,S2012150734,Montgomery,Denfeld Ave,CO,295.0,0.31,Denfeld Ave - .10 Mile North Of Md 185,Anderson Rd To Wexford Dr,South,2.0,F,8265.0,8195.0,8765.0,8695.0,11.15,58.14,58.04,41.96,24031703502,24031703601,24031,24031,88.07848768407429,1846.7705410181647,1,-77.07670255098266,39.038700505700994,https://maps.roads.maryland.gov/itms_public/?stationid=S2012150734,0.0,0.66,Urban,6.0,Minor Collector,1.0,8205.0,9035.0,,S,True,False,montgomery_dc_spatial;pg_montgomery_spatial,True,8265.0,8195.0,8765.0,8695.0,8205.0,9035.0,2.0,1.0,295.0,11.15,58.14,203,Census Tract 7035.02,24031703502,24031703601,"Montgomery County, MD","Montgomery County, MD",88.07848768407429,AADT_2018,daily vehicle trips whose OD path crosses this tract-pair boundary; direct adjacent OD only is stricter and will undercount through traffic
sl_S2012150798_24031703201__24031703301,24031703201__24031703301,other_adjacent_tract_pair,high,accepted,S2012150798,Montgomery,Parkland Dr                             ,CO,1592.0,0.65,Parkland Dr - Between Aspen Hill Rd & Landgreen St,Chesterfield Rd To Aspen Hill Rd,South,2.0,F,6205.0,5710.0,6585.0,6050.0,9.59,58.9,49.17,50.83,24031703201,24031703301,24031,24031,40.478526990129346,2017.792468389,2,-77.08716083364013,39.07952606064643,https://maps.roads.maryland.gov/itms_public/?stationid=S2012150798,0.0,0.67,Urban,7.0,Local,1.0,5711.0,6281.0,,S,True,False,montgomery_dc_spatial;pg_montgomery_spatial,True,6205.0,5710.0,6585.0,6050.0,5711.0,6281.0,2.0,1.0,1592.0,9.59,58.9,1410,Census Tract 7032.01,24031703201,24031703301,"Montgomery County, MD","Montgomery County, MD",40.478526990129346,AADT_2018,daily vehicle trips whose OD path crosses this tract-pair boundary; direct adjacent OD only is stricter and will undercount through traffic
sl_S2012161210_24033802103__24033802301,24033802103__24033802301,other_adjacent_tract_pair,medium,accepted,S2012161210,Prince George's,Regency Pkwy,CO,5791.0,0.36,Regency Pkwy - .10 Mi South Of Marlboro Pike,Md 4 To Marlboro Pike,North,3.0,F,1695.0,3660.0,1805.0,3880.0,8.69,51.66,50.68,49.32,24033802103,24033802301,24033,24033,75.51679675025481,1003.3248640626928,2,-76.8998420905215,38.85395756680121,https://maps.roads.maryland.gov/itms_public/?stationid=S2012161210,0.0,0.409,Urban,5.0,Major Collector,1.0,3661.0,4031.0,,S,True,False,pg_dc_spatial,True,1695.0,3660.0,1805.0,3880.0,3661.0,4031.0,3.0,1.0,5791.0,8.69,51.66,1564,Census Tract 8021.03,24033802103,24033802301,"Prince George's County, MD","Prince George's County, MD",75.51679675025481,AADT_2018,daily vehicle trips whose OD path crosses this tract-pair boundary; direct adjacent OD only is stricter and will undercount through traffic
sl_S2012150621_24031703000__24031703100,24031703000__24031703100,other_adjacent_tract_pair,low_review,accepted,S2012150621,Montgomery,Lorain Ave,CO,699.0,1.05,Lorain Ave - Between Gilmoure Dr & Lanark Way,Brookmoor Dr To Road End,West,2.0,F,1452.0,1550.0,1542.0,1640.0,8.28,64.18,67.83,32.17,24031703100,24031703000,24031,24031,151.9457754642586,1784.2152875018267,1,-77.01620841063031,39.02070162019948,https://maps.roads.maryland.gov/itms_public/?stationid=S2012150621,0.0,1.4,Urban,7.0,Local,1.0,1551.0,1711.0,32.0,S,True,False,montgomery_dc_spatial;pg_montgomery_spatial,True,1452.0,1550.0,1542.0,1640.0,1551.0,1711.0,2.0,1.0,699.0,8.28,64.18,350,Census Tract 7031,24031703100,24031703000,"Montgomery County, MD","Montgomery County, MD",151.9457754642586,AADT_2018,daily vehicle trips whose OD path crosses this tract-pair boundary; direct adjacent OD only is stricter and will undercount through traffic
sl_S2012161121_24033801104__24033801211,24033801104__24033801211,other_adjacent_tract_pair,high,accepted,S2012161121,Prince George's,Old Alexandria Ferry Rd,CO,558.0,0.25,Old Alexandria Ferry Rd - Between Coventry Way & Malcolm Rd,Ramp 9 To Mike Shapiro Dr,West,3.0,F,27235.0,25760.0,29145.0,27560.0,7.87,55.3,47.11,52.89,24033801104,24033801211,24033,24033,0.6884733100822559,2107.6393996960887,2,-76.89189626366138,38.78381716643539,https://maps.roads.maryland.gov/itms_public/?stationid=S2012161121,0.0,0.75,Urban,4.0,Minor Arterial,1.0,25761.0,27311.0,,S,True,False,pg_dc_spatial,True,27235.0,25760.0,29145.0,27560.0,25761.0,27311.0,3.0,1.0,558.0,7.87,55.3,1555,Census Tract 8011.04,24033801104,24033801211,"Prince George's County, MD","Prince George's County, MD",0.6884733100822559,AADT_2018,daily vehicle trips whose OD path crosses this tract-pair boundary; direct adjacent OD only is stricter and will undercount through traffic
sl_B3327_24033801908__24033802405,24033801908__24033802405,other_adjacent_tract_pair,high,accepted,B3327,Prince George's,Suitland Pkwy,GV,119.0,0.8,Suitland Pkwy-.25 Mi E Of Md5,Washington Dc/l To Gv 124,East,4.0,F,39720.0,39361.0,42500.0,42121.0,7.11,65.42,50.05,49.95,24033802405,24033801908,24033,24033,0.8856797020525209,2404.7885052564598,1,-76.9514268360057,38.85209305262445,https://maps.roads.maryland.gov/itms_public/?stationid=B3327,0.0,5.9,Urban,2.0,Principal Arterial Other Freeways and Expressways,1.0,39362.0,41722.0,423.0,B,True,False,pg_dc_spatial,True,39720.0,39361.0,42500.0,42121.0,39362.0,41722.0,4.0,1.0,119.0,7.11,65.42,1527,Census Tract 8024.05,24033802405,24033801908,"Prince George's County, MD","Prince George's County, MD",0.8856797020525209,AADT_2018,daily vehicle trips whose OD path crosses this tract-pair boundary; direct adjacent OD only is stricter and will undercount through traffic
sl_B3225_24033802405__24033802501,24033802405__24033802501,other_adjacent_tract_pair,medium,accepted,B3225,Prince George's,Suitland Rd,MD,218.0,0.1,Md218-.10 Mi E Of Wash Dc Line,Washington Dc/l To Shadyside Rd,East,2.0,F,7313.0,7254.0,7833.0,7764.0,8.49,55.61,50.42,49.58,24033802501,24033802405,24033,24033,80.07726778335142,2586.2394000255026,2,-76.94841994657766,38.860455025074295,https://maps.roads.maryland.gov/itms_public/?stationid=B3225,0.0,1.23,Urban,4.0,Minor Arterial,1.0,7255.0,7695.0,100.0,B,True,False,pg_dc_spatial,True,7313.0,7254.0,7833.0,7764.0,7255.0,7695.0,2.0,1.0,218.0,8.49,55.61,570,Census Tract 8025.01,24033802501,24033802405,"Prince George's County, MD","Prince George's County, MD",80.07726778335142,AADT_2018,daily vehicle trips whose OD path crosses this tract-pair boundary; direct adjacent OD only is stricter and will undercount through traffic
sl_B2879_24031702601__24031702602,24031702601__24031702602,other_adjacent_tract_pair,high,accepted,B2879,Montgomery,16th St,MD,390.0,0.26,Md390-.10 Mi N Of Md410,Md 410 To Second Ave,North,6.0,C,40521.0,40162.0,43361.0,42972.0,7.96,58.24,51.95,48.05,24031702601,24031702602,24031,24031,19.686520781418896,939.5989476162545,3,-77.03624008059315,38.995898173088605,https://maps.roads.maryland.gov/itms_public/?stationid=B2879,0.16,0.85,Urban,3.0,Principal Arterial Other,1.0,39290.0,41650.0,,B,True,False,montgomery_dc_route;montgomery_dc_spatial;pg_montgomery_spatial,True,40521.0,40162.0,43361.0,42972.0,39290.0,41650.0,6.0,1.0,390.0,7.96,58.24,340,Census Tract 7026.01,24031702601,24031702602,"Montgomery County, MD","Montgomery County, MD",19.686520781418896,AADT_2018,daily vehicle trips whose OD path crosses this tract-pair boundary; direct adjacent OD only is stricter and will undercount through traffic
sl_S2012150705_24031701407__24031701507,24031701407__24031701507,other_adjacent_tract_pair,low_review,accepted,S2012150705,Montgomery,Good Hope Rd,CO,161.0,2.5,Good Hope Rd - .10 Mile North Of Md 650,Briggs Chaney Ro To Md 650,North,2.0,F,9675.0,9020.0,10265.0,9560.0,8.42,61.7,49.26,50.74,24031701407,24031701507,24031,24031,170.75620023655046,3755.960926094515,1,-77.00028435557608,39.096169267354206,https://maps.roads.maryland.gov/itms_public/?stationid=S2012150705,1.15,2.6,Urban,5.0,Major Collector,1.0,9021.0,9921.0,,S,True,False,montgomery_dc_spatial;pg_montgomery_spatial,True,9675.0,9020.0,10265.0,9560.0,9021.0,9921.0,2.0,1.0,161.0,8.42,61.7,1401,Census Tract 7014.07,24031701407,24031701507,"Montgomery County, MD","Montgomery County, MD",170.75620023655046,AADT_2018,daily vehicle trips whose OD path crosses this tract-pair boundary; direct adjacent OD only is stricter and will undercount through traffic
sl_S2012161215_24033803402__24033803525,24033803402__24033803525,other_adjacent_tract_pair,low_review,accepted,S2012161215,Prince George's,Village Green Dr,CO,6987.0,0.1,Village Green Dr - .10 Mi North Of Sheriff Rd,Sheriff Rd To Dutch Village Dr,South,2.0,F,4105.0,3680.0,4355.0,3900.0,7.39,56.17,50.79,49.21,24033803402,24033803525,24033,24033,160.1617616877692,1962.9454922085727,2,-76.87869634251975,38.91424917765283,https://maps.roads.maryland.gov/itms_public/?stationid=S2012161215,0.0,0.41,Urban,6.0,Minor Collector,1.0,3681.0,4051.0,,S,True,False,pg_dc_spatial,True,4105.0,3680.0,4355.0,3900.0,3681.0,4051.0,2.0,1.0,6987.0,7.39,56.17,610,Census Tract 8034.02,24033803402,24033803525,"Prince George's County, MD","Prince George's County, MD",160.1617616877692,AADT_2018,daily vehicle trips whose OD path crosses this tract-pair boundary; direct adjacent OD only is stricter and will undercount through traffic
sl_S2012161005_24033807404__24033807408,24033807404__24033807408,other_adjacent_tract_pair,low_review,accepted,S2012161005,Prince George's,Old Gunpowder Rd,CO,2.0,3.43,Old Gunpowder Rd - .10 Mi North Of Md 212/powder Mill Rd,Briggs Chaney Rd To Md 212,North,3.0,F,20925.0,20330.0,22395.0,21750.0,8.0,59.13,49.18,50.82,24033807408,24033807404,24033,24033,157.1982881486728,8285.069261936967,1,-76.9224556362902,39.05420909645088,https://maps.roads.maryland.gov/itms_public/?stationid=S2012161005,2.868,3.535,Urban,4.0,Minor Arterial,1.0,20331.0,21551.0,,S,True,False,pg_dc_spatial;pg_montgomery_spatial,True,20925.0,20330.0,22395.0,21750.0,20331.0,21551.0,3.0,1.0,2.0,8.0,59.13,1566,Census Tract 8074.08,24033807408,24033807404,"Prince George's County, MD","Prince George's County, MD",157.1982881486728,AADT_2018,daily vehicle trips whose OD path crosses this tract-pair boundary; direct adjacent OD only is stricter and will undercount through traffic
sl_B160033_24033804600__24033804700,24033804600__24033804700,other_adjacent_tract_pair,high,accepted,B160033,Prince George's,34th St,MU,9340.0,0.71,34th St-between Upshur St & Upshur St,Us 1 To Webster St,South,2.0,F,4860.0,4821.0,5150.0,5111.0,8.23,52.51,50.06,49.94,24033804600,24033804700,24033,24033,0.9713635045377763,1956.0007418138819,1,-76.96202933599548,38.94355887015499,https://maps.roads.maryland.gov/itms_public/?stationid=B160033,0.22,0.85,Urban,5.0,Major Collector,1.0,4822.0,5302.0,87.0,B,True,False,pg_dc_spatial;pg_montgomery_spatial,True,4860.0,4821.0,5150.0,5111.0,4822.0,5302.0,2.0,1.0,9340.0,8.23,52.51,1517,Census Tract 8046,24033804600,24033804700,"Prince George's County, MD","Prince George's County, MD",0.9713635045377763,AADT_2018,daily vehicle trips whose OD path crosses this tract-pair boundary; direct adjacent OD only is stricter and will undercount through traffic
sl_B160097_24033804002__24033804300,24033804002__24033804300,other_adjacent_tract_pair,low_review,accepted,B160097,Prince George's,57th Ave,CO,258.0,0.24,57th Ave-.10 Mi N Of Md202,Md 202 To Md 450,North,2.0,F,5620.0,5571.0,5960.0,5911.0,8.56,52.3,49.5,50.5,24033804300,24033804002,24033,24033,169.13793983065747,2412.2106671698343,2,-76.91916640636835,38.937680168551,https://maps.roads.maryland.gov/itms_public/?stationid=B160097,0.14,0.37,Urban,5.0,Major Collector,1.0,5572.0,6132.0,213.0,B,True,False,pg_dc_spatial;pg_montgomery_spatial,True,5620.0,5571.0,5960.0,5911.0,5572.0,6132.0,2.0,1.0,258.0,8.56,52.3,1502,Census Tract 8043,24033804300,24033804002,"Prince George's County, MD","Prince George's County, MD",169.13793983065747,AADT_2018,daily vehicle trips whose OD path crosses this tract-pair boundary; direct adjacent OD only is stricter and will undercount through traffic
sl_B3193_24033803300__24033803509,24033803300__24033803509,other_adjacent_tract_pair,high,accepted,B3193,Prince George's,Landover Rd,MD,202.0,11.17,Md202-.20 Mi N Of Md704,Md 704 To 75th Ave,South,6.0,C,47691.0,47262.0,51031.0,50572.0,7.8,58.6,49.45,50.55,24033803300,24033803509,24033,24033,0.13912419837984555,1249.515895538911,1,-76.87794092943439,38.92731346157831,https://maps.roads.maryland.gov/itms_public/?stationid=B3193,10.97,11.67,Urban,3.0,Principal Arterial Other,1.0,48620.0,51540.0,,B,True,False,pg_dc_route;pg_dc_spatial,True,47691.0,47262.0,51031.0,50572.0,48620.0,51540.0,6.0,1.0,202.0,7.8,58.6,1513,Census Tract 8033,24033803300,24033803509,"Prince George's County, MD","Prince George's County, MD",0.13912419837984555,AADT_2018,daily vehicle trips whose OD path crosses this tract-pair boundary; direct adjacent OD only is stricter and will undercount through traffic
sl_B2929_24031705800__24031705902,24031705800__24031705902,other_adjacent_tract_pair,high,accepted,B2929,Montgomery,Cabin John Pkwy,IS,495.0,0.2,Is495x-.20 Mi N Of Clara Barton Pkwy,Clara Barton Pkwy To Is 495,North,3.0,F,23692.0,23483.0,25352.0,25133.0,7.05,85.93,51.78,48.22,24031705902,24031705800,24031,24031,5.323934305550778,3317.5742607102006,1,-77.14857736861777,38.97280473769806,https://maps.roads.maryland.gov/itms_public/?stationid=B2929,0.0,1.5,Urban,2.0,Principal Arterial Other Freeways and Expressways,1.0,23484.0,24894.0,324.0,B,True,False,montgomery_dc_route;pg_montgomery_route;montgomery_dc_spatial,True,23692.0,23483.0,25352.0,25133.0,23484.0,24894.0,3.0,1.0,495.0,7.05,85.93,595,Census Tract 7059.02,24031705902,24031705800,"Montgomery County, MD","Montgomery County, MD",5.323934305550778,AADT_2018,daily vehicle trips whose OD path crosses this tract-pair boundary; direct adjacent OD only is stricter and will undercount through traffic
sl_B3207_24033801500__24033801600,24033801500__24033801600,other_adjacent_tract_pair,high,accepted,B3207,Prince George's,Indian Head Hwy,MD,210.0,14.29,Md210-.20 Mi S Of Wash Dc Line,Livington Rd To Washington Dc/l,South,5.0,F,33312.0,33013.0,35642.0,35323.0,7.14,60.81,52.5,47.5,24033801600,24033801500,24033,24033,12.698696987700666,912.7224023870234,3,-77.00024152569998,38.81986851309614,https://maps.roads.maryland.gov/itms_public/?stationid=B3207,13.97,14.39,Urban,4.0,Minor Arterial,1.0,33014.0,35004.0,1431.0,B,True,False,pg_dc_route;pg_dc_spatial,True,33312.0,33013.0,35642.0,35323.0,33014.0,35004.0,5.0,1.0,210.0,7.14,60.81,1570,Census Tract 8016,24033801600,24033801500,"Prince George's County, MD","Prince George's County, MD",12.698696987700666,AADT_2018,daily vehicle trips whose OD path crosses this tract-pair boundary; direct adjacent OD only is stricter and will undercount through traffic
sl_S2012161036_24033802103__24033802203,24033802103__24033802203,other_adjacent_tract_pair,low_review,accepted,S2012161036,Prince George's,Ritchie Rd,CO,87.0,0.12,Ritchie Rd - .10 Mi North Of Marlboro Pike,Marlboro Pike To Forestville Rd,South,2.0,F,5385.0,4960.0,5715.0,5260.0,9.05,56.91,48.78,51.22,24033802203,24033802103,24033,24033,147.223941338496,2000.6293955780789,1,-76.87483351762775,38.847038170974514,https://maps.roads.maryland.gov/itms_public/?stationid=S2012161036,0.0,0.29,Urban,7.0,Local,1.0,4961.0,5461.0,,S,True,False,pg_dc_spatial,True,5385.0,4960.0,5715.0,5260.0,4961.0,5461.0,2.0,1.0,87.0,9.05,56.91,546,Census Tract 8022.03,24033802203,24033802103,"Prince George's County, MD","Prince George's County, MD",147.223941338496,AADT_2018,daily vehicle trips whose OD path crosses this tract-pair boundary; direct adjacent OD only is stricter and will undercount through traffic
sl_S2012161052_24033801706__24033801708,24033801706__24033801708,other_adjacent_tract_pair,high,accepted,S2012161052,Prince George's,Wheeler Rd,CO,110.0,0.09,Wheeler Rd - .10 Mi West Of Md 414,St Barnabas Rd To Wash Dc Line,West,3.0,F,24935.0,24440.0,26685.0,26150.0,7.4,53.22,51.85,48.15,24033801706,24033801708,24033,24033,0.47695144978676185,1725.251763304482,2,-76.9636937633,38.816736371956935,https://maps.roads.maryland.gov/itms_public/?stationid=S2012161052,0.0,1.81,Urban,4.0,Minor Arterial,1.0,24441.0,25911.0,,S,True,False,pg_dc_spatial,True,24935.0,24440.0,26685.0,26150.0,24441.0,25911.0,3.0,1.0,110.0,7.4,53.22,1529,Census Tract 8017.06,24033801706,24033801708,"Prince George's County, MD","Prince George's County, MD",0.47695144978676185,AADT_2018,daily vehicle trips whose OD path crosses this tract-pair boundary; direct adjacent OD only is stricter and will undercount through traffic
sl_S2012161149_24033803401__24033803402,24033803401__24033803402,other_adjacent_tract_pair,low_review,accepted,S2012161149,Prince George's,Barlowe Rd,CO,1483.0,0.09,Barlowe Rd - .10 Mi West Of Md 202,Landover Rd To Road End,East,2.0,F,5805.0,5210.0,6155.0,5520.0,7.27,51.18,51.31,48.69,24033803402,24033803401,24033,24033,102.59406709565718,1326.712965548157,2,-76.86567398147884,38.91965203403728,https://maps.roads.maryland.gov/itms_public/?stationid=S2012161149,0.0,0.91,Urban,5.0,Major Collector,1.0,5211.0,5731.0,,S,True,False,pg_dc_spatial,True,5805.0,5210.0,6155.0,5520.0,5211.0,5731.0,2.0,1.0,1483.0,7.27,51.18,610,Census Tract 8034.02,24033803402,24033803401,"Prince George's County, MD","Prince George's County, MD",102.59406709565718,AADT_2018,daily vehicle trips whose OD path crosses this tract-pair boundary; direct adjacent OD only is stricter and will undercount through traffic
sl_S2012150736_24031704300__24031704401,24031704300__24031704401,other_adjacent_tract_pair,low_review,accepted,S2012150736,Montgomery,Franklin St                             ,CO,313.0,0.03,Franklin St - Between Beach Dr & Parkwood Dr,Beach Dr To Cedar La,West,2.0,F,2195.0,2610.0,2335.0,2770.0,12.76,90.79,38.48,61.52,24031704300,24031704401,24031,24031,140.06228272959254,1017.6746466345065,1,-77.09711316446831,39.01967011460839,https://maps.roads.maryland.gov/itms_public/?stationid=S2012150736,0.0,0.66,Urban,7.0,Local,1.0,2611.0,2871.0,,S,True,False,montgomery_dc_spatial;pg_montgomery_spatial,True,2195.0,2610.0,2335.0,2770.0,2611.0,2871.0,2.0,1.0,313.0,12.76,90.79,558,Census Tract 7043,24031704300,24031704401,"Montgomery County, MD","Montgomery County, MD",140.06228272959254,AADT_2018,daily vehicle trips whose OD path crosses this tract-pair boundary; direct adjacent OD only is stricter and will undercount through traffic
sl_B3109_24033800208__24033807408,24033800208__24033807408,other_adjacent_tract_pair,high,accepted,B3109,Prince George's,Baltimore Ave,US,1.0,10.38,Us1-.10 Mi N Of Muirkirk Rd,Muirkirk Meadows Dr To Md 200/icc,North,4.0,C,31861.0,31572.0,34091.0,33782.0,7.73,59.17,47.49,52.51,24033807408,24033800208,24033,24033,16.91965519301458,6354.9961835838385,1,-76.88389749189504,39.063481804746345,https://maps.roads.maryland.gov/itms_public/?stationid=B3109,10.14,10.62,Urban,3.0,Principal Arterial Other,1.0,30460.0,32290.0,,B,True,False,pg_dc_route;pg_dc_spatial;pg_montgomery_spatial,True,31861.0,31572.0,34091.0,33782.0,30460.0,32290.0,4.0,1.0,1.0,7.73,59.17,1566,Census Tract 8074.08,24033807408,24033800208,"Prince George's County, MD","Prince George's County, MD",16.91965519301458,AADT_2018,daily vehicle trips whose OD path crosses this tract-pair boundary; direct adjacent OD only is stricter and will undercount through traffic
sl_S2013160182_24033803606__24033803607,24033803606__24033803607,other_adjacent_tract_pair,medium,accepted,S2013160182,Prince George's,Lanham Severn Rd,MD,564.0,0.41,Md 564 -.10 Mile East Of Cipriano Rd,Cipriano Rd To Md 193,East,3.0,C,18581.0,18412.0,19881.0,19702.0,7.01,59.63,52.3,47.7,24033803606,24033803607,24033,24033,86.17248519329627,2178.4464676358953,1,-76.85700479162605,38.966078391986606,https://maps.roads.maryland.gov/itms_public/?stationid=S2013160182,0.31,3.04,Urban,4.0,Minor Arterial,1.0,18200.0,19290.0,549.0,S,True,False,pg_dc_spatial;pg_montgomery_spatial,True,18581.0,18412.0,19881.0,19702.0,18200.0,19290.0,3.0,1.0,564.0,7.01,59.63,484,Census Tract 8036.06,24033803606,24033803607,"Prince George's County, MD","Prince George's County, MD",86.17248519329627,AADT_2018,daily vehicle trips whose OD path crosses this tract-pair boundary; direct adjacent OD only is stricter and will undercount through traffic
sl_B150019_24031704600__24031704700,24031704600__24031704700,other_adjacent_tract_pair,high,accepted,B150019,Montgomery,Huntington Pkwy,CO,350.0,0.2,Huntington Pkwy-.20 Mi W Of Md187,Md 187 To Md 191,West,3.0,F,7182.0,6950.0,7612.0,7370.0,10.48,66.54,47.6,52.4,24031704600,24031704700,24031,24031,6.900973933731497,1467.923358846177,1,-77.11119415952882,38.99193184997623,https://maps.roads.maryland.gov/itms_public/?stationid=B150019,0.0,0.61,Urban,5.0,Major Collector,1.0,6951.0,7651.0,145.0,B,True,False,montgomery_dc_spatial;pg_montgomery_spatial,True,7182.0,6950.0,7612.0,7370.0,6951.0,7651.0,3.0,1.0,350.0,10.48,66.54,562,Census Tract 7046,24031704600,24031704700,"Montgomery County, MD","Montgomery County, MD",6.900973933731497,AADT_2018,daily vehicle trips whose OD path crosses this tract-pair boundary; direct adjacent OD only is stricter and will undercount through traffic
sl_B160085_24033807409__24033807410,24033807409__24033807410,other_adjacent_tract_pair,high,accepted,B160085,Prince George's,Powder Mill Rd,MD,212.0,6.97,Md212-.10 Mi N Of Cherry Hill Rd,Cherry Hill Rd To Is 95,North,4.0,F,24160.0,23941.0,25850.0,25621.0,8.39,52.34,45.35,54.65,24033807409,24033807410,24033,24033,3.177880993010424,1922.4911253469234,1,-76.94686517302662,39.04111458514552,https://maps.roads.maryland.gov/itms_public/?stationid=B160085,6.87,8.08,Urban,4.0,Minor Arterial,1.0,24952.0,25382.0,,B,True,False,pg_dc_route;pg_montgomery_route;pg_dc_spatial;pg_montgomery_spatial,True,24160.0,23941.0,25850.0,25621.0,24952.0,25382.0,4.0,1.0,212.0,8.39,52.34,1362,Census Tract 8074.09,24033807409,24033807410,"Prince George's County, MD","Prince George's County, MD",3.177880993010424,AADT_2018,daily vehicle trips whose OD path crosses this tract-pair boundary; direct adjacent OD only is stricter and will undercount through traffic
sl_B3301_24033800408__24033800411,24033800408__24033800411,other_adjacent_tract_pair,low_review,accepted,B3301,Prince George's,Lanham Severn Rd,MD,564.0,3.24,Md564-.20 Mi E Of Md193,Md 193 To Springfield Rd,East,3.0,F,11535.0,12360.0,12345.0,13230.0,9.87,63.52,51.93,48.07,24033800411,24033800408,24033,24033,160.3491201655182,1625.499528928807,1,-76.81468122307193,38.98992266578676,https://maps.roads.maryland.gov/itms_public/?stationid=B3301,3.04,4.12,Urban,4.0,Minor Arterial,1.0,12361.0,13101.0,456.0,B,True,False,pg_dc_spatial;pg_montgomery_spatial,True,11535.0,12360.0,12345.0,13230.0,12361.0,13101.0,3.0,1.0,564.0,9.87,63.52,448,Census Tract 8004.11,24033800411,24033800408,"Prince George's County, MD","Prince George's County, MD",160.3491201655182,AADT_2018,daily vehicle trips whose OD path crosses this tract-pair boundary; direct adjacent OD only is stricter and will undercount through traffic
sl_S2012150893_24031700816__24031700817,24031700816__24031700817,other_adjacent_tract_pair,low_review,accepted,S2012150893,Montgomery,Fields Rd,CO,6067.0,0.82,Fields Rd - .10 Mi East Of Sam Eig Hwy,Washingtonian Blvd To Sam Eig Hwy,West,5.0,F,17285.0,16850.0,18325.0,17860.0,10.3,67.04,44.62,55.38,24031700817,24031700816,24031,24031,149.2997917327382,3695.829100804787,1,-77.20630762550455,39.11632148093128,https://maps.roads.maryland.gov/itms_public/?stationid=S2012150893,0.0,0.93,Urban,5.0,Major Collector,1.0,16851.0,18541.0,,S,True,False,montgomery_dc_spatial,True,17285.0,16850.0,18325.0,17860.0,16851.0,18541.0,5.0,1.0,6067.0,10.3,67.04,363,Census Tract 7008.17,24031700817,24031700816,"Montgomery County, MD","Montgomery County, MD",149.2997917327382,AADT_2018,daily vehicle trips whose OD path crosses this tract-pair boundary; direct adjacent OD only is stricter and will undercount through traffic
sl_B2948_24031703901__24031704000,24031703901__24031704000,other_adjacent_tract_pair,high,accepted,B2948,Montgomery,Georgia Ave,MD,97.0,1.59,Md97-.15 Mi N Of Is495,Is 495 To Md 192,North,8.0,F,64292.0,66500.0,68792.0,71160.0,6.95,54.06,45.1,54.9,24031704000,24031703901,24031,24031,1.454686561149794,1395.0642329023772,2,-77.04256430373665,39.01540178981955,https://maps.roads.maryland.gov/itms_public/?stationid=B2948,1.44,1.61,Urban,3.0,Principal Arterial Other,1.0,69291.0,70491.0,,B,True,False,montgomery_dc_route;montgomery_dc_spatial;pg_montgomery_spatial,True,64292.0,66500.0,68792.0,71160.0,69291.0,70491.0,8.0,1.0,97.0,6.95,54.06,1194,Census Tract 7040,24031704000,24031703901,"Montgomery County, MD","Montgomery County, MD",1.454686561149794,AADT_2018,daily vehicle trips whose OD path crosses this tract-pair boundary; direct adjacent OD only is stricter and will undercount through traffic
sl_B150016_24031701002__24031701206,24031701002__24031701206,other_adjacent_tract_pair,high,accepted,B150016,Montgomery,Montrose Rd,CO,144.0,0.1,Montrose Rd-.10 Mi E Of Md189,Md 189 To Md 927 (ahead),East,3.0,F,10300.0,10211.0,11020.0,10931.0,8.71,67.23,51.88,48.12,24031701002,24031701206,24031,24031,0.8650461571410415,2194.77965435368,2,-77.17763440864688,39.05566723475882,https://maps.roads.maryland.gov/itms_public/?stationid=B150016,0.0,1.2,Urban,4.0,Minor Arterial,1.0,10212.0,10832.0,299.0,B,True,False,montgomery_dc_spatial,True,10300.0,10211.0,11020.0,10931.0,10212.0,10832.0,3.0,1.0,144.0,8.71,67.23,210,Census Tract 7010.02,24031701002,24031701206,"Montgomery County, MD","Montgomery County, MD",0.8650461571410415,AADT_2018,daily vehicle trips whose OD path crosses this tract-pair boundary; direct adjacent OD only is stricter and will undercount through traffic
sl_S2012150696_24031706010__24031706011,24031706010__24031706011,other_adjacent_tract_pair,low_review,accepted,S2012150696,Montgomery,Seven Locks Rd,CO,148.0,4.07,Seven Locks Rd - .10 Mile South Of Bells Mill Rd,Democracy Blvd To Bells Mill Rd,North,2.0,F,15015.0,13910.0,16075.0,14880.0,9.34,61.96,48.49,51.51,24031706010,24031706011,24031,24031,148.52717915358193,2223.063538988941,1,-77.16131786167871,39.03231360461237,https://maps.roads.maryland.gov/itms_public/?stationid=S2012150696,3.43,4.12,Urban,4.0,Minor Arterial,1.0,13911.0,14751.0,,S,True,False,montgomery_dc_spatial,True,15015.0,13910.0,16075.0,14880.0,13911.0,14751.0,2.0,1.0,148.0,9.34,61.96,1025,Census Tract 7060.10,24031706010,24031706011,"Montgomery County, MD","Montgomery County, MD",148.52717915358193,AADT_2018,daily vehicle trips whose OD path crosses this tract-pair boundary; direct adjacent OD only is stricter and will undercount through traffic
sl_S2012150981_24031701800__24031702500,24031701800__24031702500,other_adjacent_tract_pair,high,accepted,S2012150981,Montgomery,Fenton St,MU,455.0,0.11,Fenton St - .10 Mi West Of Takoma Ave,Fenton St (back) To Takoma Ave,West,2.0,F,6945.0,6650.0,7365.0,7050.0,8.61,54.21,49.37,50.63,24031701800,24031702500,24031,24031,32.72625121604894,711.941076358311,3,-77.0220051834632,38.98345599362816,https://maps.roads.maryland.gov/itms_public/?stationid=S2012150981,0.0,0.193,Urban,5.0,Major Collector,1.0,6651.0,7321.0,,S,True,False,montgomery_dc_spatial;pg_montgomery_spatial,True,6945.0,6650.0,7365.0,7050.0,6651.0,7321.0,2.0,1.0,455.0,8.61,54.21,605,Census Tract 7018,24031701800,24031702500,"Montgomery County, MD","Montgomery County, MD",32.72625121604894,AADT_2018,daily vehicle trips whose OD path crosses this tract-pair boundary; direct adjacent OD only is stricter and will undercount through traffic
sl_S2017150255_24031703602__24031704000,24031703602__24031704000,other_adjacent_tract_pair,medium,accepted,S2017150255,Montgomery,Brunswick Ave,CO,1583.0,0.28,Brunswick Ave - .05 Mile South Of Plyers Mill Rd,Plyers Mill Rd To Dennis Ave,North,2.0,F,2930.0,2901.0,3110.0,3081.0,10.62,55.32,51.05,48.95,24031704000,24031703602,24031,24031,77.25519470359126,1241.0451018084368,1,-77.05508891366853,39.029018332444295,https://maps.roads.maryland.gov/itms_public/?stationid=S2017150255,0.23,0.59,Urban,6.0,Minor Collector,1.0,2902.0,3192.0,,S,True,False,montgomery_dc_spatial;pg_montgomery_spatial,True,2930.0,2901.0,3110.0,3081.0,2902.0,3192.0,2.0,1.0,1583.0,10.62,55.32,1194,Census Tract 7040,24031704000,24031703602,"Montgomery County, MD","Montgomery County, MD",77.25519470359126,AADT_2018,daily vehicle trips whose OD path crosses this tract-pair boundary; direct adjacent OD only is stricter and will undercount through traffic
sl_B2832_24031703800__24031703902,24031703800__24031703902,other_adjacent_tract_pair,low_review,accepted,B2832,Montgomery,University Blvd W,MD,193.0,1.56,Md193-.10 Mi E Of Md97,Md 97 To Arcola Ave,East,6.0,F,30762.0,27870.0,32922.0,29820.0,8.26,58.88,53.21,46.79,24031703800,24031703902,24031,24031,151.46436468675373,1385.4826832069082,2,-77.04998636427712,39.04150925002776,https://maps.roads.maryland.gov/itms_public/?stationid=B2832,1.46,3.0,Urban,3.0,Principal Arterial Other,1.0,27871.0,29541.0,1195.0,B,True,False,montgomery_dc_route;pg_montgomery_route;montgomery_dc_spatial;pg_montgomery_spatial,True,30762.0,27870.0,32922.0,29820.0,27871.0,29541.0,6.0,1.0,193.0,8.26,58.88,1191,Census Tract 7038,24031703800,24031703902,"Montgomery County, MD","Montgomery County, MD",151.46436468675373,AADT_2018,daily vehicle trips whose OD path crosses this tract-pair boundary; direct adjacent OD only is stricter and will undercount through traffic
sl_S2012150789_24031705702__24031705800,24031705702__24031705800,other_adjacent_tract_pair,medium,accepted,S2012150789,Montgomery,Brookes La                              ,CO,1234.0,0.19,Brookes La - Between Sangamore Rd & Locust La,Sangamore Rd To Sangamore Rd,North,2.0,F,355.0,330.0,385.0,350.0,9.44,58.82,68.15,31.85,24031705800,24031705702,24031,24031,53.22760355223327,3010.145307940093,1,-77.11851869357214,38.94623365292414,https://maps.roads.maryland.gov/itms_public/?stationid=S2012150789,0.0,0.28,Urban,5.0,Major Collector,1.0,331.0,361.0,,S,True,False,montgomery_dc_spatial;pg_montgomery_spatial,True,355.0,330.0,385.0,350.0,331.0,361.0,2.0,1.0,1234.0,9.44,58.82,1392,Census Tract 7058,24031705800,24031705702,"Montgomery County, MD","Montgomery County, MD",53.22760355223327,AADT_2018,daily vehicle trips whose OD path crosses this tract-pair boundary; direct adjacent OD only is stricter and will undercount through traffic
sl_B3267_24033806601__24033806602,24033806601__24033806602,other_adjacent_tract_pair,high,accepted,B3267,Prince George's,East West Hwy,MD,410.0,4.33,Md410-between Md201 & 58th Ave,Md 201 To Md 295,East,5.0,F,38271.0,37932.0,40951.0,40592.0,7.23,53.09,48.86,51.14,24033806601,24033806602,24033,24033,16.66450080601028,1260.1898414093318,3,-76.91843563047797,38.96010758538011,https://maps.roads.maryland.gov/itms_public/?stationid=B3267,4.25,5.071,Urban,3.0,Principal Arterial Other,1.0,37933.0,40213.0,,B,True,False,pg_dc_route;pg_dc_spatial;pg_montgomery_spatial,True,38271.0,37932.0,40951.0,40592.0,37933.0,40213.0,5.0,1.0,410.0,7.23,53.09,1549,Census Tract 8066.01,24033806601,24033806602,"Prince George's County, MD","Prince George's County, MD",16.66450080601028,AADT_2018,daily vehicle trips whose OD path crosses this tract-pair boundary; direct adjacent OD only is stricter and will undercount through traffic
sl_S2015150152_24031700816__24031700817,24031700816__24031700817,other_adjacent_tract_pair,high,accepted,S2015150152,Montgomery,No Name,IS,370.0,0.18,Is 370 - Between Is 270 & Washingtonian Blvd,Sameighwy(back) To Is 270,East,5.0,F,72240.0,71811.0,75130.0,74681.0,8.63,51.58,50.96,49.04,24031700817,24031700816,24031,24031,29.78529658318497,3695.829100804787,1,-77.20269133785239,39.11977251713071,https://maps.roads.maryland.gov/itms_public/?stationid=S2015150152,0.0,0.43,Urban,1.0,Interstate,1.0,72312.0,75202.0,,S,True,False,montgomery_dc_spatial,True,72240.0,71811.0,75130.0,74681.0,72312.0,75202.0,5.0,1.0,370.0,8.63,51.58,363,Census Tract 7008.17,24031700817,24031700816,"Montgomery County, MD","Montgomery County, MD",29.78529658318497,AADT_2018,daily vehicle trips whose OD path crosses this tract-pair boundary; direct adjacent OD only is stricter and will undercount through traffic
sl_B160131_24033800212__24033800213,24033800212__24033800213,other_adjacent_tract_pair,high,accepted,B160131,Prince George's,Contee Rd,CO,6.0,1.08,Contee Rd-.10 Mi E Of Us1,Md 197 To Us 1,East,3.0,F,22140.0,21941.0,23470.0,23261.0,7.88,57.45,50.37,49.63,24033800213,24033800212,24033,24033,2.011710167600482,3792.2328750493243,3,-76.86654834588083,39.0759066324711,https://maps.roads.maryland.gov/itms_public/?stationid=B160131,0.0,1.18,Urban,5.0,Major Collector,1.0,22202.0,24142.0,,B,True,False,pg_dc_spatial;pg_montgomery_spatial,True,22140.0,21941.0,23470.0,23261.0,22202.0,24142.0,3.0,1.0,6.0,7.88,57.45,446,Census Tract 8002.13,24033800213,24033800212,"Prince George's County, MD","Prince George's County, MD",2.011710167600482,AADT_2018,daily vehicle trips whose OD path crosses this tract-pair boundary; direct adjacent OD only is stricter and will undercount through traffic
sl_S2012161096_24033803605__24033806706,24033803605__24033806706,other_adjacent_tract_pair,high,accepted,S2012161096,Prince George's,Auburn Ave                              ,CO,299.0,0.02,Auburn Ave - Between Good Luck Rd & Chestnut Ave,Good Luck Rd To Riverdale Rd,South,2.0,F,10475.0,10930.0,11105.0,11590.0,8.89,52.76,51.15,48.85,24033803605,24033806706,24033,24033,39.81997934625846,2381.2861387111457,1,-76.89356439921139,38.97193715138754,https://maps.roads.maryland.gov/itms_public/?stationid=S2012161096,0.0,0.58,Urban,5.0,Major Collector,1.0,10931.0,12021.0,,S,True,False,pg_dc_spatial;pg_montgomery_spatial,True,10475.0,10930.0,11105.0,11590.0,10931.0,12021.0,2.0,1.0,299.0,8.89,52.76,1501,Census Tract 8036.05,24033803605,24033806706,"Prince George's County, MD","Prince George's County, MD",39.81997934625846,AADT_2018,daily vehicle trips whose OD path crosses this tract-pair boundary; direct adjacent OD only is stricter and will undercount through traffic
sl_S2012150780_24031703701__24031703702,24031703701__24031703702,other_adjacent_tract_pair,high,accepted,S2012150780,Montgomery,Judson Rd,CO,1151.0,0.23,Judson Rd - Between Randolph Rd & Newton St,Randolph Rd To Parker Ave,North,3.0,F,845.0,780.0,905.0,830.0,11.63,81.82,80.01,19.99,24031703701,24031703702,24031,24031,2.09095482206833,1914.3577327965208,1,-77.05548524408368,39.05537696587154,https://maps.roads.maryland.gov/itms_public/?stationid=S2012150780,0.0,0.794,Urban,6.0,Minor Collector,1.0,781.0,861.0,,S,True,False,montgomery_dc_spatial;pg_montgomery_spatial,True,845.0,780.0,905.0,830.0,781.0,861.0,3.0,1.0,1151.0,11.63,81.82,1190,Census Tract 7037.01,24031703701,24031703702,"Montgomery County, MD","Montgomery County, MD",2.09095482206833,AADT_2018,daily vehicle trips whose OD path crosses this tract-pair boundary; direct adjacent OD only is stricter and will undercount through traffic
sl_B2804_24031704404__24031704503,24031704404__24031704503,other_adjacent_tract_pair,high,accepted,B2804,Montgomery,Old Georgetown Rd,MD,187.0,2.49,Md187-.15 Mi S Of Is495,Huntington Pkwy To Is 495,South,5.0,F,42630.0,42251.0,45610.0,45211.0,8.11,62.76,48.38,51.62,24031704404,24031704503,24031,24031,14.180501201813936,1447.677431976002,1,-77.11771520444941,39.013690321290014,https://maps.roads.maryland.gov/itms_public/?stationid=B2804,0.91,2.64,Urban,3.0,Principal Arterial Other,1.0,42252.0,44792.0,1158.0,B,True,False,montgomery_dc_spatial;pg_montgomery_spatial,True,42630.0,42251.0,45610.0,45211.0,42252.0,44792.0,5.0,1.0,187.0,8.11,62.76,912,Census Tract 7044.04,24031704404,24031704503,"Montgomery County, MD","Montgomery County, MD",14.180501201813936,AADT_2018,daily vehicle trips whose OD path crosses this tract-pair boundary; direct adjacent OD only is stricter and will undercount through traffic
sl_B3191_24033803508__24033803525,24033803508__24033803525,other_adjacent_tract_pair,high,accepted,B3191,Prince George's,Landover Rd,MD,202.0,9.85,Md202-.30 Mi N Of Is95,Is 95 To Brightseat Rd,South,5.0,F,52992.0,56740.0,56702.0,60710.0,7.73,53.47,51.8,48.2,24033803525,24033803508,24033,24033,0.7709496689761367,742.1756694212658,1,-76.85731527274444,38.917368393726434,https://maps.roads.maryland.gov/itms_public/?stationid=B3191,9.55,10.02,Urban,3.0,Principal Arterial Other,1.0,56741.0,60151.0,2364.0,B,True,False,pg_dc_route;pg_dc_spatial,True,52992.0,56740.0,56702.0,60710.0,56741.0,60151.0,5.0,1.0,202.0,7.73,53.47,900,Census Tract 8035.25,24033803525,24033803508,"Prince George's County, MD","Prince George's County, MD",0.7709496689761367,AADT_2018,daily vehicle trips whose OD path crosses this tract-pair boundary; direct adjacent OD only is stricter and will undercount through traffic
sl_B150049_24031702500__24031702601,24031702500__24031702601,other_adjacent_tract_pair,medium,accepted,B150049,Montgomery,Colesville Rd,MD,384.0,0.35,Md384-.10 Mi E Of Md410,Md 410 To Us 29/md 97,East,7.0,F,29190.0,28931.0,31230.0,30961.0,7.45,60.1,49.02,50.98,24031702500,24031702601,24031,24031,97.85035747429919,1198.290562581145,1,-77.03071597250013,38.99441063414018,https://maps.roads.maryland.gov/itms_public/?stationid=B150049,0.25,0.53,Urban,3.0,Principal Arterial Other,1.0,28932.0,30672.0,1449.0,B,True,False,montgomery_dc_spatial;pg_montgomery_spatial,True,29190.0,28931.0,31230.0,30961.0,28932.0,30672.0,7.0,1.0,384.0,7.45,60.1,339,Census Tract 7025,24031702500,24031702601,"Montgomery County, MD","Montgomery County, MD",97.85035747429919,AADT_2018,daily vehicle trips whose OD path crosses this tract-pair boundary; direct adjacent OD only is stricter and will undercount through traffic
sl_S2012161163_24033802002__24033802406,24033802002__24033802406,other_adjacent_tract_pair,high,accepted,S2012161163,Prince George's,Brooks Dr,CO,2828.0,0.04,Brooks Dr - Between Md 458 & Huron Ave,Md 458 To Md 4,South,3.0,F,8815.0,9100.0,9345.0,9650.0,7.69,52.04,50.34,49.66,24033802406,24033802002,24033,24033,0.5517462565117927,2080.85469290348,1,-76.92006856284863,38.85215759086968,https://maps.roads.maryland.gov/itms_public/?stationid=S2012161163,0.0,0.65,Urban,5.0,Major Collector,1.0,9101.0,10011.0,,S,True,False,pg_dc_spatial,True,8815.0,9100.0,9345.0,9650.0,9101.0,10011.0,3.0,1.0,2828.0,7.69,52.04,1512,Census Tract 8024.06,24033802406,24033802002,"Prince George's County, MD","Prince George's County, MD",0.5517462565117927,AADT_2018,daily vehicle trips whose OD path crosses this tract-pair boundary; direct adjacent OD only is stricter and will undercount through traffic
sl_S2012150663_24031701506__24031703207,24031701506__24031703207,other_adjacent_tract_pair,medium,accepted,S2012150663,Montgomery,Kemp Mill Rd,CO,123.0,0.08,Kemp Mill Rd - .10 Mile South Of Randolph Rd,Randolph Rd To Stonington Rd,South,2.0,F,8865.0,8680.0,9495.0,9290.0,11.43,74.34,51.03,48.97,24031703207,24031701506,24031,24031,70.3608014210236,233.50717865896758,4,-77.03007354052806,39.065433036929534,https://maps.roads.maryland.gov/itms_public/?stationid=S2012150663,0.0,1.12,Urban,4.0,Minor Arterial,1.0,8681.0,9201.0,,S,True,False,montgomery_dc_spatial;pg_montgomery_spatial,True,8865.0,8680.0,9495.0,9290.0,8681.0,9201.0,2.0,1.0,123.0,11.43,74.34,352,Census Tract 7032.07,24031703207,24031701506,"Montgomery County, MD","Montgomery County, MD",70.3608014210236,AADT_2018,daily vehicle trips whose OD path crosses this tract-pair boundary; direct adjacent OD only is stricter and will undercount through traffic
sl_B3115_24033800605__24033800608,24033800605__24033800608,other_adjacent_tract_pair,low_review,accepted,B3115,Prince George's,Pennsylvania Ave,MD,4.0,1.73,Md4-.30 Mi N Of Us301,Us 301 To Richie-marlboro Pike,South,4.0,C,54981.0,54492.0,58831.0,58312.0,7.9,75.21,51.13,48.87,24033800605,24033800608,24033,24033,126.54034666837018,1148.6869631918248,1,-76.74360548652645,38.81387653071406,https://maps.roads.maryland.gov/itms_public/?stationid=B3115,1.43,3.6,Urban,2.0,Principal Arterial Other Freeways and Expressways,1.0,51340.0,54420.0,,B,True,False,pg_dc_route,True,54981.0,54492.0,58831.0,58312.0,51340.0,54420.0,4.0,1.0,4.0,7.9,75.21,1554,Census Tract 8006.05,24033800605,24033800608,"Prince George's County, MD","Prince George's County, MD",126.54034666837018,AADT_2018,daily vehicle trips whose OD path crosses this tract-pair boundary; direct adjacent OD only is stricter and will undercount through traffic
sl_B160065_24033803519__24033803525,24033803519__24033803525,other_adjacent_tract_pair,low_review,accepted,B160065,Prince George's,Brightseat Rd,CO,76.0,2.47,Brightseat Rd-.10 Mi N Of Arena Dr ,Md 202e (back) To Md 214,North,4.0,F,10730.0,10631.0,11370.0,11271.0,10.5,50.17,52.73,47.27,24033803525,24033803519,24033,24033,162.00818234796503,569.8755062068649,1,-76.85314874901447,38.90872850512877,https://maps.roads.maryland.gov/itms_public/?stationid=B160065,1.64,3.81,Urban,5.0,Major Collector,1.0,11082.0,11272.0,,B,True,False,pg_dc_spatial,True,10730.0,10631.0,11370.0,11271.0,11082.0,11272.0,4.0,1.0,76.0,10.5,50.17,900,Census Tract 8035.25,24033803525,24033803519,"Prince George's County, MD","Prince George's County, MD",162.00818234796503,AADT_2018,daily vehicle trips whose OD path crosses this tract-pair boundary; direct adjacent OD only is stricter and will undercount through traffic
sl_B3296_24033804900__24033805000,24033804900__24033805000,other_adjacent_tract_pair,high,accepted,B3296,Prince George's,Chillum Rd,MD,501.0,1.58,Md501-.10 Mi W Of Md500,Md 212 To Md 500,East,4.0,F,17055.0,15820.0,18255.0,16930.0,8.03,55.35,50.02,49.98,24033805000,24033804900,24033,24033,0.9901515714215369,2447.867130950255,3,-76.96922345172753,38.95208790498567,https://maps.roads.maryland.gov/itms_public/?stationid=B3296,0.0,1.68,Urban,5.0,Major Collector,1.0,15821.0,16771.0,,B,True,False,pg_dc_route;pg_dc_spatial;pg_montgomery_spatial,True,17055.0,15820.0,18255.0,16930.0,15821.0,16771.0,4.0,1.0,501.0,8.03,55.35,1497,Census Tract 8050,24033805000,24033804900,"Prince George's County, MD","Prince George's County, MD",0.9901515714215369,AADT_2018,daily vehicle trips whose OD path crosses this tract-pair boundary; direct adjacent OD only is stricter and will undercount through traffic
sl_S2012161140_24033803607__24033803608,24033803607__24033803608,other_adjacent_tract_pair,high,accepted,S2012161140,Prince George's,Carter Ave,CO,1043.0,0.009,Carter Ave - Between Md 450 & Buena Vista Blvd,Md 450 To Md 564,South,3.0,F,11095.0,12280.0,11765.0,13020.0,8.65,52.18,47.6,52.4,24033803607,24033803608,24033,24033,6.451824813834341,3603.562810213974,1,-76.84593166875048,38.96550111938609,https://maps.roads.maryland.gov/itms_public/?stationid=S2012161140,0.0,0.42,Urban,5.0,Major Collector,1.0,12281.0,13511.0,,S,True,False,pg_dc_spatial;pg_montgomery_spatial,True,11095.0,12280.0,11765.0,13020.0,12281.0,13511.0,3.0,1.0,1043.0,8.65,52.18,1522,Census Tract 8036.07,24033803607,24033803608,"Prince George's County, MD","Prince George's County, MD",6.451824813834341,AADT_2018,daily vehicle trips whose OD path crosses this tract-pair boundary; direct adjacent OD only is stricter and will undercount through traffic
sl_S2012150722_24031700608__24031701220,24031700608__24031701220,other_adjacent_tract_pair,high,accepted,S2012150722,Montgomery,Piney Meetinghouse Rd,CO,197.0,3.64,Piney Meetinghouse Rd - .10 Mile South Of Cavanaugh Dr,Glen Rd To Travilah Rd,South,2.0,F,7055.0,6990.0,7485.0,7410.0,10.78,59.84,48.76,51.24,24031700608,24031701220,24031,24031,9.480673337416933,2070.2955026396853,2,-77.21862268363346,39.08111284792341,https://maps.roads.maryland.gov/itms_public/?stationid=S2012150722,1.21,4.08,Urban,5.0,Major Collector,1.0,6991.0,7691.0,,S,True,False,montgomery_dc_spatial,True,7055.0,6990.0,7485.0,7410.0,6991.0,7691.0,2.0,1.0,197.0,10.78,59.84,1413,Census Tract 7006.08,24031700608,24031701220,"Montgomery County, MD","Montgomery County, MD",9.480673337416933,AADT_2018,daily vehicle trips whose OD path crosses this tract-pair boundary; direct adjacent OD only is stricter and will undercount through traffic
sl_S2012161152_24033805101__24033806100,24033805101__24033806100,other_adjacent_tract_pair,medium,accepted,S2012161152,Prince George's,Ager Rd,CO,1599.0,1.28,Ager Rd - Between Md 500 & Hamilton St,Oglethorpe St To Md 500,North,5.0,F,11535.0,11370.0,12235.0,12050.0,8.1,57.56,51.57,48.43,24033805101,24033806100,24033,24033,84.95473335100337,536.0727847183639,3,-76.96574395323864,38.954810850745126,https://maps.roads.maryland.gov/itms_public/?stationid=S2012161152,0.54,1.36,Urban,5.0,Major Collector,1.0,11371.0,12511.0,,S,True,False,pg_dc_spatial;pg_montgomery_spatial,True,11535.0,11370.0,12235.0,12050.0,11371.0,12511.0,5.0,1.0,1599.0,8.1,57.56,1531,Census Tract 8051.01,24033805101,24033806100,"Prince George's County, MD","Prince George's County, MD",84.95473335100337,AADT_2018,daily vehicle trips whose OD path crosses this tract-pair boundary; direct adjacent OD only is stricter and will undercount through traffic
sl_B160041_24033804101__24033804200,24033804101__24033804200,other_adjacent_tract_pair,medium,accepted,B160041,Prince George's,Tuxedo Rd,MD,459.0,0.12,Md459-.10 Mi N Of Us50,Us 50 To Md 201,South,2.0,F,6903.0,6844.0,7323.0,7264.0,7.99,73.78,49.44,50.56,24033804200,24033804101,24033,24033,96.54361983744727,2626.474544014695,3,-76.91662271345365,38.91865471771729,https://maps.roads.maryland.gov/itms_public/?stationid=B160041,0.02,1.25,Urban,5.0,Major Collector,1.0,6845.0,7535.0,442.0,B,True,False,pg_dc_spatial,True,6903.0,6844.0,7323.0,7264.0,6845.0,7535.0,2.0,1.0,459.0,7.99,73.78,1515,Census Tract 8042,24033804200,24033804101,"Prince George's County, MD","Prince George's County, MD",96.54361983744727,AADT_2018,daily vehicle trips whose OD path crosses this tract-pair boundary; direct adjacent OD only is stricter and will undercount through traffic
sl_B3354_24033806900__24033807404,24033806900__24033807404,other_adjacent_tract_pair,high,accepted,B3354,Prince George's,Capital Beltway,IS,95.0,24.79,Is95-.40 Mi S Of Us1,Greenbelt Commuter Station Rd To Us 1,South,8.0,F,222632.0,216900.0,231542.0,225580.0,6.82,53.0,50.35,49.65,24033807404,24033806900,24033,24033,22.526156030684596,1755.9847063350778,1,-76.9190717643616,39.01866731411781,https://maps.roads.maryland.gov/itms_public/?stationid=B3354,23.84,25.19,Urban,1.0,Interstate,1.0,218421.0,227161.0,14599.0,B,True,False,pg_montgomery_route;pg_dc_spatial;pg_montgomery_spatial,True,222632.0,216900.0,231542.0,225580.0,218421.0,227161.0,8.0,1.0,95.0,6.82,53.0,510,Census Tract 8074.04,24033807404,24033806900,"Prince George's County, MD","Prince George's County, MD",22.526156030684596,AADT_2018,daily vehicle trips whose OD path crosses this tract-pair boundary; direct adjacent OD only is stricter and will undercount through traffic
sl_S2012161038_24033802204__24033802804,24033802204__24033802804,other_adjacent_tract_pair,high,accepted,S2012161038,Prince George's,Ritchie Rd,CO,87.0,3.58,Ritchie Rd - .10 Mi South Of Md 214,Walker Mill Rd To Md 214,North,5.0,F,20625.0,21970.0,22075.0,23510.0,8.85,64.9,55.65,44.35,24033802204,24033802804,24033,24033,1.0846416596753259,4633.737682846893,1,-76.86179370142256,38.88779191856409,https://maps.roads.maryland.gov/itms_public/?stationid=S2012161038,2.499,3.72,Urban,4.0,Minor Arterial,1.0,22891.0,23291.0,,S,True,False,pg_dc_spatial,True,20625.0,21970.0,22075.0,23510.0,22891.0,23291.0,5.0,1.0,87.0,8.85,64.9,1505,Census Tract 8022.04,24033802204,24033802804,"Prince George's County, MD","Prince George's County, MD",1.0846416596753259,AADT_2018,daily vehicle trips whose OD path crosses this tract-pair boundary; direct adjacent OD only is stricter and will undercount through traffic
sl_S2012150782_24031703501__24031703502,24031703501__24031703502,other_adjacent_tract_pair,low_review,accepted,S2012150782,Montgomery,Garrett Park Rd                         ,CO,1191.0,0.45,Garrett Park Rd - Between Dewey Rd & Ivy Glen Rd,Dahill Rd To Garrett Park Rd (ahead),South,2.0,F,3665.0,3680.0,3895.0,3900.0,13.53,79.49,48.1,51.9,24031703501,24031703502,24031,24031,115.69088709735634,2054.521107817532,1,-77.08550281491685,39.042727057361525,https://maps.roads.maryland.gov/itms_public/?stationid=S2012150782,0.0,0.56,Urban,7.0,Local,1.0,3681.0,4051.0,,S,True,False,montgomery_dc_spatial;pg_montgomery_spatial,True,3665.0,3680.0,3895.0,3900.0,3681.0,4051.0,2.0,1.0,1191.0,13.53,79.49,1425,Census Tract 7035.01,24031703501,24031703502,"Montgomery County, MD","Montgomery County, MD",115.69088709735634,AADT_2018,daily vehicle trips whose OD path crosses this tract-pair boundary; direct adjacent OD only is stricter and will undercount through traffic
sl_S2012161161_24033801905__24033801907,24033801905__24033801907,other_adjacent_tract_pair,low_review,accepted,S2012161161,Prince George's,Beech Rd,CO,2606.0,1.05,Beech Rd - .10 Mi West Of Md 5,Stamp Rd To Branch Ave,East,2.0,F,6575.0,6890.0,6975.0,7300.0,7.53,57.39,49.83,50.17,24033801907,24033801905,24033,24033,165.70312241058318,2792.9474962209233,1,-76.92913513145048,38.82746989794101,https://maps.roads.maryland.gov/itms_public/?stationid=S2012161161,0.0,1.11,Urban,5.0,Major Collector,1.0,6891.0,7581.0,,S,True,False,pg_dc_spatial,True,6575.0,6890.0,6975.0,7300.0,6891.0,7581.0,2.0,1.0,2606.0,7.53,57.39,683,Census Tract 8019.07,24033801907,24033801905,"Prince George's County, MD","Prince George's County, MD",165.70312241058318,AADT_2018,daily vehicle trips whose OD path crosses this tract-pair boundary; direct adjacent OD only is stricter and will undercount through traffic
sl_S2000160226_24033801904__24033801906,24033801904__24033801906,other_adjacent_tract_pair,medium,accepted,S2000160226,Prince George's,Forestville Rd,CO,483.0,0.15,Forestville Rd South Of Rena Rd,Allentown Rd To Ritchie Rd,South,3.0,C,13255.0,13145.0,14185.0,14075.0,6.32,62.95,38.44,61.56,24033801906,24033801904,24033,24033,98.94482401342806,1606.5678267636235,1,-76.87867886310093,38.82844812586259,https://maps.roads.maryland.gov/itms_public/?stationid=S2000160226,0.0,1.61,Urban,4.0,Minor Arterial,1.0,12380.0,13120.0,352.0,S,True,False,pg_dc_spatial,True,13255.0,13145.0,14185.0,14075.0,12380.0,13120.0,3.0,1.0,483.0,6.32,62.95,542,Census Tract 8019.06,24033801906,24033801904,"Prince George's County, MD","Prince George's County, MD",98.94482401342806,AADT_2018,daily vehicle trips whose OD path crosses this tract-pair boundary; direct adjacent OD only is stricter and will undercount through traffic
sl_B150059_24031701407__24031701507,24031701407__24031701507,other_adjacent_tract_pair,high,accepted,B150059,Montgomery,Bonifant Rd,CO,76.0,0.1,Bonifant Rd-.10 Mi W Of Md650 ,Md 650 To Md 182,East,3.0,F,12865.0,12460.0,13775.0,13330.0,9.31,52.45,49.99,50.01,24031701407,24031701507,24031,24031,1.3751414535138564,3755.960926094515,1,-77.00367935044454,39.095434290619984,https://maps.roads.maryland.gov/itms_public/?stationid=B150059,0.0,2.47,Urban,4.0,Minor Arterial,1.0,12461.0,13211.0,,B,True,False,montgomery_dc_spatial;pg_montgomery_spatial,True,12865.0,12460.0,13775.0,13330.0,12461.0,13211.0,3.0,1.0,76.0,9.31,52.45,1401,Census Tract 7014.07,24031701407,24031701507,"Montgomery County, MD","Montgomery County, MD",1.3751414535138564,AADT_2018,daily vehicle trips whose OD path crosses this tract-pair boundary; direct adjacent OD only is stricter and will undercount through traffic
sl_S2012161223_24033804001__24033804002,24033804001__24033804002,other_adjacent_tract_pair,high,accepted,S2012161223,Prince George's,Emerson St #1                           ,MU,51.0,0.05,Emerson St #1 - Between 57th Ave & 56th Pl,Emerson St (back) To 57th Ave,West,2.0,F,5945.0,5980.0,6305.0,6340.0,7.79,50.57,49.3,50.7,24033804001,24033804002,24033,24033,2.7970008022408894,1024.5533313251979,2,-76.91735409211357,38.94674461532664,https://maps.roads.maryland.gov/itms_public/?stationid=S2012161223,0.0,0.11,Urban,5.0,Major Collector,1.0,5981.0,6581.0,,S,True,False,pg_dc_spatial;pg_montgomery_spatial,True,5945.0,5980.0,6305.0,6340.0,5981.0,6581.0,2.0,1.0,51.0,7.79,50.57,515,Census Tract 8040.01,24033804001,24033804002,"Prince George's County, MD","Prince George's County, MD",2.7970008022408894,AADT_2018,daily vehicle trips whose OD path crosses this tract-pair boundary; direct adjacent OD only is stricter and will undercount through traffic
sl_S2017160352_24033803300__24033803401,24033803300__24033803401,other_adjacent_tract_pair,medium,accepted,S2017160352,Prince George's,Greenleaf Rd,CO,1231.0,0.04,Greenleaf Rd - Between Md 704 & Muncy Rd,Md 704 To Road End,East,2.0,F,4070.0,4031.0,4310.0,4271.0,8.15,52.41,48.09,51.91,24033803401,24033803300,24033,24033,68.4514493291031,851.0454396830157,2,-76.87737984979276,38.92051529194741,https://maps.roads.maryland.gov/itms_public/?stationid=S2017160352,0.0,0.44,Urban,6.0,Minor Collector,1.0,4032.0,4442.0,88.0,S,True,False,pg_dc_spatial,True,4070.0,4031.0,4310.0,4271.0,4032.0,4442.0,2.0,1.0,1231.0,8.15,52.41,609,Census Tract 8034.01,24033803401,24033803300,"Prince George's County, MD","Prince George's County, MD",68.4514493291031,AADT_2018,daily vehicle trips whose OD path crosses this tract-pair boundary; direct adjacent OD only is stricter and will undercount through traffic
sl_S2012150813_24031701205__24031701213,24031701205__24031701213,other_adjacent_tract_pair,medium,accepted,S2012150813,Montgomery,Tilden La,CO,3016.0,1.41,Tilden La - .10 Mi West Of Md 187,Cul De Sac To Old Georgetown Rd,East,2.0,F,6095.0,5780.0,6465.0,6130.0,10.58,55.3,49.52,50.48,24031701205,24031701213,24031,24031,95.80206036352315,1209.1726566629995,2,-77.1218807768635,39.04467259861305,https://maps.roads.maryland.gov/itms_public/?stationid=S2012150813,0.0,1.48,Urban,5.0,Major Collector,1.0,5781.0,6361.0,,S,True,False,montgomery_dc_spatial,True,6095.0,5780.0,6465.0,6130.0,5781.0,6361.0,2.0,1.0,3016.0,10.58,55.3,554,Census Tract 7012.05,24031701205,24031701213,"Montgomery County, MD","Montgomery County, MD",95.80206036352315,AADT_2018,daily vehicle trips whose OD path crosses this tract-pair boundary; direct adjacent OD only is stricter and will undercount through traffic
sl_B3163_24033806713__24033806800,24033806713__24033806800,other_adjacent_tract_pair,high,accepted,B3163,Prince George's,Greenbelt Rd,MD,193.0,5.68,Md193-.15 Mi W Of Md201,Us 1 To Md 201,East,5.0,F,49032.0,49910.0,52462.0,53400.0,7.6,55.29,50.89,49.11,24033806713,24033806800,24033,24033,1.924850929011028,847.9235284277535,2,-76.90299180668981,38.9963718343106,https://maps.roads.maryland.gov/itms_public/?stationid=B3163,4.09,5.83,Urban,3.0,Principal Arterial Other,1.0,49911.0,52911.0,,B,True,False,pg_montgomery_route;pg_dc_spatial;pg_montgomery_spatial,True,49032.0,49910.0,52462.0,53400.0,49911.0,52911.0,5.0,1.0,193.0,7.6,55.29,901,Census Tract 8067.13,24033806713,24033806800,"Prince George's County, MD","Prince George's County, MD",1.924850929011028,AADT_2018,daily vehicle trips whose OD path crosses this tract-pair boundary; direct adjacent OD only is stricter and will undercount through traffic
sl_S2012161165_24033802002__24033802103,24033802002__24033802103,other_adjacent_tract_pair,medium,accepted,S2012161165,Prince George's,Surrey Service Dr,CO,2832.0,0.08,Surrey Service Dr - .10 Mi East Of Parkland Dr,Parkland Dr To Surrey Service Dr (ahead),East,2.0,F,8085.0,8120.0,8575.0,8610.0,8.53,62.99,54.14,45.86,24033802002,24033802103,24033,24033,83.63912165742651,773.9942455183675,2,-76.90460661824454,38.84909798283186,https://maps.roads.maryland.gov/itms_public/?stationid=S2012161165,0.0,0.37,Urban,7.0,Local,1.0,8121.0,8931.0,,S,True,False,pg_dc_spatial,True,8085.0,8120.0,8575.0,8610.0,8121.0,8931.0,2.0,1.0,2832.0,8.53,62.99,544,Census Tract 8020.02,24033802002,24033802103,"Prince George's County, MD","Prince George's County, MD",83.63912165742651,AADT_2018,daily vehicle trips whose OD path crosses this tract-pair boundary; direct adjacent OD only is stricter and will undercount through traffic
sl_S2012161095_24033802700__24033802901,24033802700__24033802901,other_adjacent_tract_pair,high,accepted,S2012161095,Prince George's,Davey St,CO,297.0,0.04,Davey St - Between Capitol Heights Blvd & Wasington Dc Line,Md 214 To Road End,West,2.0,F,5965.0,7410.0,6325.0,7860.0,10.13,69.36,47.79,52.21,24033802901,24033802700,24033,24033,39.26007161220668,1201.8437740187708,1,-76.90961194207446,38.88974588404195,https://maps.roads.maryland.gov/itms_public/?stationid=S2012161095,0.0,0.21,Urban,7.0,Local,1.0,7411.0,8151.0,,S,True,False,pg_dc_spatial,True,5965.0,7410.0,6325.0,7860.0,7411.0,8151.0,2.0,1.0,297.0,10.13,69.36,508,Census Tract 8029.01,24033802901,24033802700,"Prince George's County, MD","Prince George's County, MD",39.26007161220668,AADT_2018,daily vehicle trips whose OD path crosses this tract-pair boundary; direct adjacent OD only is stricter and will undercount through traffic
sl_S2012150693_24031706009__24031706013,24031706009__24031706013,other_adjacent_tract_pair,medium,accepted,S2012150693,Montgomery,Seven Locks Rd,CO,148.0,1.18,Seven Locks Rd - .10 Mile South Of Md 190,Lilly Stone Dr To Md 190,North,2.0,F,9745.0,9780.0,10335.0,10370.0,11.5,65.15,52.5,47.5,24031706009,24031706013,24031,24031,70.31869398235393,1249.024882761015,1,-77.16165901217923,38.99162784532312,https://maps.roads.maryland.gov/itms_public/?stationid=S2012150693,0.94,1.24,Urban,5.0,Major Collector,1.0,9781.0,10761.0,,S,True,False,montgomery_dc_spatial,True,9745.0,9780.0,10335.0,10370.0,9781.0,10761.0,2.0,1.0,148.0,11.5,65.15,1389,Census Tract 7060.09,24031706009,24031706013,"Montgomery County, MD","Montgomery County, MD",70.31869398235393,AADT_2018,daily vehicle trips whose OD path crosses this tract-pair boundary; direct adjacent OD only is stricter and will undercount through traffic
sl_B3166_24033806710__24033806712,24033806710__24033806712,other_adjacent_tract_pair,high,accepted,B3166,Prince George's,Greenbelt Rd,MD,193.0,7.35,Md193-.10 Mi E Of Hanover Pkwy,Md 295 To Good Luck Rd,East,5.0,F,55822.0,55323.0,59732.0,59203.0,8.14,60.25,50.85,49.15,24033806710,24033806712,24033,24033,14.64396313540772,1857.5462473414239,1,-76.87255119313821,38.99354863692678,https://maps.roads.maryland.gov/itms_public/?stationid=B3166,6.88,9.4,Urban,3.0,Principal Arterial Other,1.0,55324.0,58644.0,3836.0,B,True,False,pg_montgomery_route;pg_dc_spatial;pg_montgomery_spatial,True,55822.0,55323.0,59732.0,59203.0,55324.0,58644.0,5.0,1.0,193.0,8.14,60.25,309,Census Tract 8067.10,24033806710,24033806712,"Prince George's County, MD","Prince George's County, MD",14.64396313540772,AADT_2018,daily vehicle trips whose OD path crosses this tract-pair boundary; direct adjacent OD only is stricter and will undercount through traffic
sl_B2952_24031701002__24031701006,24031701002__24031701006,other_adjacent_tract_pair,high,accepted,B2952,Montgomery,Falls Rd,MD,189.0,4.67,Md189-.20 Mi S Of Is270,Wootten Pkwy To Is 270,North,4.0,F,26690.0,26451.0,28560.0,28301.0,8.15,57.89,48.98,51.02,24031701002,24031701006,24031,24031,0.7997626315493565,687.1879925073016,1,-77.16671218117948,39.0718071449989,https://maps.roads.maryland.gov/itms_public/?stationid=B2952,4.44,4.86,Urban,4.0,Minor Arterial,1.0,27562.0,28042.0,,B,True,False,montgomery_dc_spatial,True,26690.0,26451.0,28560.0,28301.0,27562.0,28042.0,4.0,1.0,189.0,8.15,57.89,210,Census Tract 7010.02,24031701002,24031701006,"Montgomery County, MD","Montgomery County, MD",0.7997626315493565,AADT_2018,daily vehicle trips whose OD path crosses this tract-pair boundary; direct adjacent OD only is stricter and will undercount through traffic
sl_S2012161197_24033807404__24033807405,24033807404__24033807405,other_adjacent_tract_pair,medium,accepted,S2012161197,Prince George's,34th Pl,CO,4160.0,0.19,34th Pl - Between Kenny St & Powder Mill Rd,Montgomery Rd To Powder Mill Rd,North,2.0,C,334.0,335.0,354.0,365.0,7.83,58.97,55.88,44.12,24033807405,24033807404,24033,24033,66.11052269275993,4787.634547448448,1,-76.92304294134821,39.05034792059578,https://maps.roads.maryland.gov/itms_public/?stationid=S2012161197,0.0,0.225,Urban,5.0,Major Collector,1.0,450.0,500.0,16.0,S,True,False,pg_dc_spatial;pg_montgomery_spatial,True,334.0,335.0,354.0,365.0,450.0,500.0,2.0,1.0,4160.0,7.83,58.97,181,Census Tract 8074.05,24033807405,24033807404,"Prince George's County, MD","Prince George's County, MD",66.11052269275993,AADT_2018,daily vehicle trips whose OD path crosses this tract-pair boundary; direct adjacent OD only is stricter and will undercount through traffic
sl_B2733_24031702800__24031702900,24031702800__24031702900,other_adjacent_tract_pair,high,accepted,B2733,Montgomery,Georgia Ave,MD,97.0,0.82,Md97-.10 Mi S Of Md390,Us 29/md 384 To Seminary Road,South,6.0,F,39442.0,33350.0,42202.0,35690.0,7.55,62.83,47.04,52.96,24031702900,24031702800,24031,24031,4.147381326675119,1797.7823211455955,1,-77.0379254341522,39.00524336180029,https://maps.roads.maryland.gov/itms_public/?stationid=B2733,0.0,1.1,Urban,3.0,Principal Arterial Other,1.0,33351.0,35351.0,729.0,B,True,False,montgomery_dc_route;montgomery_dc_spatial;pg_montgomery_spatial,True,39442.0,33350.0,42202.0,35690.0,33351.0,35351.0,6.0,1.0,97.0,7.55,62.83,344,Census Tract 7029,24031702900,24031702800,"Montgomery County, MD","Montgomery County, MD",4.147381326675119,AADT_2018,daily vehicle trips whose OD path crosses this tract-pair boundary; direct adjacent OD only is stricter and will undercount through traffic
sl_B3211_24033805000__24033805202,24033805000__24033805202,other_adjacent_tract_pair,high,accepted,B3211,Prince George's,Riggs Rd,MD,212.0,1.03,Md212-.10 Mi N Of Sargent Rd,Sargent Rd To Md 410,North,6.0,F,34960.0,34651.0,37410.0,37081.0,7.62,62.86,49.92,50.08,24033805000,24033805202,24033,24033,15.160375413044322,859.8704982461885,2,-76.98240087635953,38.96991609231475,https://maps.roads.maryland.gov/itms_public/?stationid=B3211,0.93,1.26,Urban,4.0,Minor Arterial,1.0,34652.0,36732.0,780.0,B,True,False,pg_dc_route;pg_montgomery_route;pg_dc_spatial;pg_montgomery_spatial,True,34960.0,34651.0,37410.0,37081.0,34652.0,36732.0,6.0,1.0,212.0,7.62,62.86,1497,Census Tract 8050,24033805000,24033805202,"Prince George's County, MD","Prince George's County, MD",15.160375413044322,AADT_2018,daily vehicle trips whose OD path crosses this tract-pair boundary; direct adjacent OD only is stricter and will undercount through traffic
sl_B3219_24033802204__24033803519,24033802204__24033803519,other_adjacent_tract_pair,high,accepted,B3219,Prince George's,Central Ave,MD,214.0,3.37,Md214-.30 Mi W Of Is95,Md 332 To Is 95,East,6.0,F,53460.0,52981.0,57200.0,56691.0,7.32,60.96,50.22,49.78,24033802204,24033803519,24033,24033,17.83364714626781,1379.4815921831548,1,-76.85238748071009,38.89071051065573,https://maps.roads.maryland.gov/itms_public/?stationid=B3219,0.8,3.67,Urban,3.0,Principal Arterial Other,1.0,55212.0,56162.0,,B,True,False,pg_dc_route;pg_dc_spatial,True,53460.0,52981.0,57200.0,56691.0,55212.0,56162.0,6.0,1.0,214.0,7.32,60.96,1505,Census Tract 8022.04,24033802204,24033803519,"Prince George's County, MD","Prince George's County, MD",17.83364714626781,AADT_2018,daily vehicle trips whose OD path crosses this tract-pair boundary; direct adjacent OD only is stricter and will undercount through traffic
sl_B160112_24033800108__24033800213,24033800108__24033800213,other_adjacent_tract_pair,high,accepted,B160112,Prince George's,Washington Blvd (sb Couplet),US,1.0,0.85,Us1-.20 Mi S Of Md198 (one Way Couplet Sb - Nb See B160111),Md 198 Talbot Ave (wb/l) To Domer Ave,South,3.0,C,21411.0,21222.0,22911.0,22712.0,7.56,100.0,0.0,100.0,24033800213,24033800108,24033,24033,0.24028078322286114,818.6616016334411,3,-76.85183439517617,39.09635551875985,https://maps.roads.maryland.gov/itms_public/?stationid=B160112,0.566,1.008,Urban,3.0,Principal Arterial Other,1.0,22310.0,23650.0,549.0,B,True,False,pg_dc_route;pg_montgomery_spatial,True,21411.0,21222.0,22911.0,22712.0,22310.0,23650.0,3.0,1.0,1.0,7.56,100.0,446,Census Tract 8002.13,24033800213,24033800108,"Prince George's County, MD","Prince George's County, MD",0.24028078322286114,AADT_2018,daily vehicle trips whose OD path crosses this tract-pair boundary; direct adjacent OD only is stricter and will undercount through traffic
sl_S2012161092_24033805904__24033807200,24033805904__24033807200,other_adjacent_tract_pair,high,accepted,S2012161092,Prince George's,Adelphi Rd,CO,232.0,1.49,Adelphi Rd - Between Md 193 & Cool Spring Rd,Metzerott Rd To Md 193,North,5.0,F,24505.0,25440.0,26225.0,27220.0,8.69,56.41,50.02,49.98,24033807200,24033805904,24033,24033,0.9663151527607269,2128.402778932343,3,-76.95637620287822,38.98714000633879,https://maps.roads.maryland.gov/itms_public/?stationid=S2012161092,0.26,1.54,Urban,4.0,Minor Arterial,1.0,25441.0,26971.0,,S,True,False,pg_dc_spatial;pg_montgomery_spatial,True,24505.0,25440.0,26225.0,27220.0,25441.0,26971.0,5.0,1.0,232.0,8.69,56.41,1523,Census Tract 8072,24033807200,24033805904,"Prince George's County, MD","Prince George's County, MD",0.9663151527607269,AADT_2018,daily vehicle trips whose OD path crosses this tract-pair boundary; direct adjacent OD only is stricter and will undercount through traffic
sl_S2012150953_24031701006__24031701007,24031701006__24031701007,other_adjacent_tract_pair,medium,accepted,S2012150953,Montgomery,Hurley Ave,MU,1475.0,0.04,Hurley Ave - Between Md 28 & Watts Branch Pkwy,W Montgomery Ave To Eton Overlook,South,3.0,F,6645.0,5940.0,7045.0,6300.0,8.7,54.92,48.29,51.71,24031701006,24031701007,24031,24031,73.57140070514019,2262.45967063154,1,-77.17853494726133,39.08895554391749,https://maps.roads.maryland.gov/itms_public/?stationid=S2012150953,0.0,0.83,Urban,6.0,Minor Collector,1.0,5941.0,6541.0,,S,True,False,montgomery_dc_spatial,True,6645.0,5940.0,7045.0,6300.0,5941.0,6541.0,3.0,1.0,1475.0,8.7,54.92,896,Census Tract 7010.06,24031701006,24031701007,"Montgomery County, MD","Montgomery County, MD",73.57140070514019,AADT_2018,daily vehicle trips whose OD path crosses this tract-pair boundary; direct adjacent OD only is stricter and will undercount through traffic
sl_B160077_24033806708__24033806712,24033806708__24033806712,other_adjacent_tract_pair,low_review,accepted,B160077,Prince George's,South Way,MD,193.0,0.1,Md193a-between Md193 & Md295 Ramps,Md 193 To 8 Court Southway Rd,East,4.0,C,26381.0,26142.0,27961.0,27712.0,7.49,65.59,62.11,37.89,24033806708,24033806712,24033,24033,115.11292321073117,2177.310215388686,2,-76.88075256644214,38.99608445518281,https://maps.roads.maryland.gov/itms_public/?stationid=B160077,0.0,0.16,Urban,5.0,Major Collector,1.0,23730.0,26100.0,658.0,B,True,False,pg_montgomery_route;pg_dc_spatial;pg_montgomery_spatial,True,26381.0,26142.0,27961.0,27712.0,23730.0,26100.0,4.0,1.0,193.0,7.49,65.59,303,Census Tract 8067.08,24033806708,24033806712,"Prince George's County, MD","Prince George's County, MD",115.11292321073117,AADT_2018,daily vehicle trips whose OD path crosses this tract-pair boundary; direct adjacent OD only is stricter and will undercount through traffic
sl_B2907_24031703404__24031703601,24031703404__24031703601,other_adjacent_tract_pair,high,accepted,B2907,Montgomery,Veirs Mill Rd,MD,586.0,4.11,Md586-.10 Mi E Of Md185,Md 185 To Md 193,East,6.0,F,39342.0,38120.0,42102.0,40790.0,8.5,52.12,49.39,50.61,24031703404,24031703601,24031,24031,0.16000469704082862,390.86522298123464,3,-77.07348098396466,39.05067206714612,https://maps.roads.maryland.gov/itms_public/?stationid=B2907,4.01,5.36,Urban,3.0,Principal Arterial Other,1.0,38121.0,40411.0,,B,True,False,montgomery_dc_spatial;pg_montgomery_spatial,True,39342.0,38120.0,42102.0,40790.0,38121.0,40411.0,6.0,1.0,586.0,8.5,52.12,1398,Census Tract 7034.04,24031703404,24031703601,"Montgomery County, MD","Montgomery County, MD",0.16000469704082862,AADT_2018,daily vehicle trips whose OD path crosses this tract-pair boundary; direct adjacent OD only is stricter and will undercount through traffic
sl_B3176_24033800208__24033800211,24033800208__24033800211,other_adjacent_tract_pair,high,accepted,B3176,Prince George's,Laurel Bowie Rd,MD,197.0,12.14,Md197-.30 Mi N Of Md295,Md 295 To Contee Rd,South,5.0,C,50561.0,50112.0,54101.0,53622.0,7.72,51.92,47.12,52.88,24033800211,24033800208,24033,24033,17.08641781174596,1363.1949453848795,1,-76.8392436521714,39.06277951346071,https://maps.roads.maryland.gov/itms_public/?stationid=B3176,11.866,13.07,Urban,3.0,Principal Arterial Other,1.0,49610.0,52590.0,,B,True,False,pg_dc_spatial;pg_montgomery_spatial,True,50561.0,50112.0,54101.0,53622.0,49610.0,52590.0,5.0,1.0,197.0,7.72,51.92,1543,Census Tract 8002.11,24033800211,24033800208,"Prince George's County, MD","Prince George's County, MD",17.08641781174596,AADT_2018,daily vehicle trips whose OD path crosses this tract-pair boundary; direct adjacent OD only is stricter and will undercount through traffic
sl_B2826_24031704803__24031705400,24031704803__24031705400,other_adjacent_tract_pair,medium,accepted,B2826,Montgomery,Bradley La,MD,191.0,6.53,Md191-.10 Mi N Of Md355,Md 355 To Md 185,North,2.0,C,13384.0,13265.0,14324.0,14195.0,9.05,66.39,50.8,49.2,24031705400,24031704803,24031,24031,66.45500181977832,795.5317846447613,2,-77.08877112307573,38.97716478502059,https://maps.roads.maryland.gov/itms_public/?stationid=B2826,6.43,7.16,Urban,4.0,Minor Arterial,1.0,14530.0,15400.0,,B,True,False,montgomery_dc_route;montgomery_dc_spatial;pg_montgomery_spatial,True,13384.0,13265.0,14324.0,14195.0,14530.0,15400.0,2.0,1.0,191.0,9.05,66.39,579,Census Tract 7054,24031705400,24031704803,"Montgomery County, MD","Montgomery County, MD",66.45500181977832,AADT_2018,daily vehicle trips whose OD path crosses this tract-pair boundary; direct adjacent OD only is stricter and will undercount through traffic
sl_S2012150779_24031704700__24031705502,24031704700__24031705502,other_adjacent_tract_pair,medium,accepted,S2012150779,Montgomery,Glenbrook Rd,CO,1126.0,0.15,Glenbrook Rd - Between Md 191 & Manning Dr,Fairfax Rd To Road End,South,2.0,F,2125.0,2520.0,2255.0,2670.0,8.91,51.22,49.29,50.71,24031704700,24031705502,24031,24031,71.46599144288568,309.3875509928812,2,-77.1053379388854,38.97780296756992,https://maps.roads.maryland.gov/itms_public/?stationid=S2012150779,0.0,1.34,Urban,5.0,Major Collector,1.0,2521.0,2771.0,,S,True,False,montgomery_dc_spatial;pg_montgomery_spatial,True,2125.0,2520.0,2255.0,2670.0,2521.0,2771.0,2.0,1.0,1126.0,8.91,51.22,574,Census Tract 7047,24031704700,24031705502,"Montgomery County, MD","Montgomery County, MD",71.46599144288568,AADT_2018,daily vehicle trips whose OD path crosses this tract-pair boundary; direct adjacent OD only is stricter and will undercount through traffic
sl_S2012161185_24033800705__24033800800,24033800705__24033800800,other_adjacent_tract_pair,high,accepted,S2012161185,Prince George's,Duley Station Rd,CO,3646.0,2.95,Duley Station Rd - .10 Mi West Of Md 382,Old Indian Head Rd To Croom Rd,West,2.0,F,1195.0,1120.0,1275.0,1190.0,8.24,57.28,48.42,51.58,24033800800,24033800705,24033,24033,2.8252702556179763,6156.672406991478,1,-76.76568391486354,38.751126357994885,https://maps.roads.maryland.gov/itms_public/?stationid=S2012161185,0.0,3.1,Urban,6.0,Minor Collector,1.0,1131.0,1201.0,,S,True,False,pg_dc_spatial,True,1195.0,1120.0,1275.0,1190.0,1131.0,1201.0,2.0,1.0,3646.0,8.24,57.28,1496,Census Tract 8008,24033800800,24033800705,"Prince George's County, MD","Prince George's County, MD",2.8252702556179763,AADT_2018,daily vehicle trips whose OD path crosses this tract-pair boundary; direct adjacent OD only is stricter and will undercount through traffic
sl_S2012150911_24031704300__24031704401,24031704300__24031704401,other_adjacent_tract_pair,high,accepted,S2012150911,Montgomery,No Name,GV,53.0,0.01,No Name/spur - Between No Name/(grosvenor La ) & Beach Dr,Gv 48 (start Of Inventory) To Beach Dr,East,2.0,F,6985.0,6925.0,7405.0,7345.0,12.82,64.18,43.17,56.83,24031704401,24031704300,24031,24031,37.0315041253447,1017.6746466345069,3,-77.10207919149612,39.02194248550558,https://maps.roads.maryland.gov/itms_public/?stationid=S2012150911,0.0,0.015,Urban,5.0,Major Collector,1.0,6935.0,7635.0,,S,True,False,montgomery_dc_spatial;pg_montgomery_spatial,True,6985.0,6925.0,7405.0,7345.0,6935.0,7635.0,2.0,1.0,53.0,12.82,64.18,559,Census Tract 7044.01,24031704401,24031704300,"Montgomery County, MD","Montgomery County, MD",37.0315041253447,AADT_2018,daily vehicle trips whose OD path crosses this tract-pair boundary; direct adjacent OD only is stricter and will undercount through traffic
sl_B3181_24033806501__24033806601,24033806501__24033806601,other_adjacent_tract_pair,high,accepted,B3181,Prince George's,Kenilworth Ave,MD,201.0,3.7,Md201-.20 Mi S Of Md410,Decatur St To Md 410,South,4.0,F,33472.0,33610.0,35822.0,35960.0,6.97,57.62,48.62,51.38,24033806601,24033806501,24033,24033,14.858032232627286,816.2573172382134,1,-76.92094973737882,38.95775254232031,https://maps.roads.maryland.gov/itms_public/?stationid=B3181,2.87,3.9,Urban,3.0,Principal Arterial Other,1.0,33611.0,35631.0,2427.0,B,True,False,pg_dc_route;pg_dc_spatial;pg_montgomery_spatial,True,33472.0,33610.0,35822.0,35960.0,33611.0,35631.0,4.0,1.0,201.0,6.97,57.62,1549,Census Tract 8066.01,24033806601,24033806501,"Prince George's County, MD","Prince George's County, MD",14.858032232627286,AADT_2018,daily vehicle trips whose OD path crosses this tract-pair boundary; direct adjacent OD only is stricter and will undercount through traffic
sl_S2012161200_24033803513__24033803527,24033803513__24033803527,other_adjacent_tract_pair,medium,accepted,S2012161200,Prince George's,Campus Way South,CO,4638.0,0.64,Campus Way South - Between Md 202 & College Station Dr,Md 202 Largo Rd To Co 3465 Harry S Truman Dr,South,4.0,F,17425.0,16630.0,18475.0,17630.0,8.72,52.77,50.04,49.96,24033803513,24033803527,24033,24033,71.82940361740495,1624.510575266727,1,-76.82553107597184,38.890329811072014,https://maps.roads.maryland.gov/itms_public/?stationid=S2012161200,0.59,1.24,Urban,5.0,Major Collector,1.0,16831.0,18291.0,,S,True,False,pg_dc_spatial,True,17425.0,16630.0,18475.0,17630.0,16831.0,18291.0,4.0,1.0,4638.0,8.72,52.77,471,Census Tract 8035.13,24033803513,24033803527,"Prince George's County, MD","Prince George's County, MD",71.82940361740495,AADT_2018,daily vehicle trips whose OD path crosses this tract-pair boundary; direct adjacent OD only is stricter and will undercount through traffic
sl_B3283_24033800408__24033803516,24033800408__24033803516,other_adjacent_tract_pair,high,accepted,B3283,Prince George's,Annapolis Rd,MD,450.0,8.59,Md450-.20 Mi W Of Md193,Md 704 To Md 193,East,6.0,F,29290.0,29031.0,31340.0,31061.0,8.91,61.96,48.71,51.29,24033800408,24033803516,24033,24033,2.8589699936348856,2024.096330744494,1,-76.8005214987616,38.95975178511979,https://maps.roads.maryland.gov/itms_public/?stationid=B3283,7.32,8.79,Urban,3.0,Principal Arterial Other,1.0,29032.0,30772.0,1158.0,B,True,False,pg_dc_route;pg_dc_spatial;pg_montgomery_spatial,True,29290.0,29031.0,31340.0,31061.0,29032.0,30772.0,6.0,1.0,450.0,8.91,61.96,1524,Census Tract 8004.08,24033800408,24033803516,"Prince George's County, MD","Prince George's County, MD",2.8589699936348856,AADT_2018,daily vehicle trips whose OD path crosses this tract-pair boundary; direct adjacent OD only is stricter and will undercount through traffic
sl_B2838_11001001702__24031701701,11001001702__24031701701,montgomery_dc,low_review,accepted,B2838,Montgomery,Carroll Ave,MD,195.0,0.1,Md195-.10 Mi N Of Wash Dc Line,Washington Dc/l To Md 787,North,2.0,F,10102.0,9590.0,10812.0,10260.0,9.16,66.81,50.95,49.05,24031701701,11001001702,24031,11001,129.0540409604873,1079.9325760151683,2,-77.01192741188875,38.97481672840976,https://maps.roads.maryland.gov/itms_public/?stationid=B2838,0.0,1.14,Urban,4.0,Minor Arterial,1.0,9591.0,10171.0,428.0,B,True,False,montgomery_dc_spatial;pg_montgomery_spatial,True,10102.0,9590.0,10812.0,10260.0,9591.0,10171.0,2.0,1.0,195.0,9.16,66.81,601,Census Tract 7017.01,24031701701,11001001702,"Montgomery County, MD",District of Columbia,129.0540409604873,AADT_2018,daily vehicle trips whose OD path crosses this tract-pair boundary; direct adjacent OD only is stricter and will undercount through traffic
sl_B160099_24033801701__24033801702,24033801701__24033801702,other_adjacent_tract_pair,high,accepted,B160099,Prince George's,Myrtle Ave,CO,570.0,0.03,Myrtle Ave-between Fisher Rd & Fisher Rd,Fisher Ave To Schenley La,West,2.0,F,4350.0,4311.0,4610.0,4571.0,8.3,63.23,45.17,54.83,24033801702,24033801701,24033,24033,0.49105809166434256,1601.9117040756332,1,-76.95493599506865,38.80825341810243,https://maps.roads.maryland.gov/itms_public/?stationid=B160099,0.0,0.14,Urban,7.0,Local,1.0,4312.0,4742.0,332.0,B,True,False,pg_dc_spatial,True,4350.0,4311.0,4610.0,4571.0,4312.0,4742.0,2.0,1.0,570.0,8.3,63.23,1571,Census Tract 8017.02,24033801702,24033801701,"Prince George's County, MD","Prince George's County, MD",0.49105809166434256,AADT_2018,daily vehicle trips whose OD path crosses this tract-pair boundary; direct adjacent OD only is stricter and will undercount through traffic
sl_S2012161094_24033805908__24033806400,24033805908__24033806400,other_adjacent_tract_pair,high,accepted,S2012161094,Prince George's,Adelphi Rd,CO,232.0,2.96,Adelphi Rd - .10 Mi North Of Md 410,Wells Pkwy To Md 410,North,6.0,F,22485.0,21480.0,24065.0,22980.0,7.89,54.38,51.07,48.93,24033805908,24033806400,24033,24033,11.931983849870578,1321.7516073764805,3,-76.94876885313234,38.967306488184,https://maps.roads.maryland.gov/itms_public/?stationid=S2012161094,2.07,3.02,Urban,4.0,Minor Arterial,1.0,21481.0,22771.0,,S,True,False,pg_dc_spatial;pg_montgomery_spatial,True,22485.0,21480.0,24065.0,22980.0,21481.0,22771.0,6.0,1.0,232.0,7.89,54.38,739,Census Tract 8059.08,24033805908,24033806400,"Prince George's County, MD","Prince George's County, MD",11.931983849870578,AADT_2018,daily vehicle trips whose OD path crosses this tract-pair boundary; direct adjacent OD only is stricter and will undercount through traffic
sl_B3160_24033805904__24033805909,24033805904__24033805909,other_adjacent_tract_pair,high,accepted,B3160,Prince George's,University Blvd,MD,193.0,2.12,Md193-.10 Mi W Of Adelphi Rd,Westpark Dr To Adelphi Rd,West,4.0,F,29802.0,29680.0,31892.0,31760.0,7.8,62.61,48.72,51.28,24033805909,24033805904,24033,24033,11.612105131645386,751.9847961743151,3,-76.9573352469705,38.985567834552846,https://maps.roads.maryland.gov/itms_public/?stationid=B3160,1.63,2.22,Urban,3.0,Principal Arterial Other,1.0,29681.0,31461.0,,B,True,False,pg_montgomery_route;pg_dc_spatial;pg_montgomery_spatial,True,29802.0,29680.0,31892.0,31760.0,29681.0,31461.0,4.0,1.0,193.0,7.8,62.61,685,Census Tract 8059.09,24033805909,24033805904,"Prince George's County, MD","Prince George's County, MD",11.612105131645386,AADT_2018,daily vehicle trips whose OD path crosses this tract-pair boundary; direct adjacent OD only is stricter and will undercount through traffic
sl_B3134_24033801805__24033801908,24033801805__24033801908,other_adjacent_tract_pair,high,accepted,B3134,Prince George's,Branch Ave,MD,5.0,14.65,Md5-.10 Mi S Of Md637,Md 458 To Suitland Pkwy,South,5.0,F,50231.0,54080.0,53751.0,57870.0,6.72,60.3,48.29,51.71,24033801908,24033801805,24033,24033,0.40938589632068556,1318.362028307418,1,-76.95219452367108,38.847065874872506,https://maps.roads.maryland.gov/itms_public/?stationid=B3134,14.03,15.07,Urban,3.0,Principal Arterial Other,1.0,54081.0,57331.0,806.0,B,True,False,pg_dc_route;pg_dc_spatial,True,50231.0,54080.0,53751.0,57870.0,54081.0,57331.0,5.0,1.0,5.0,6.72,60.3,688,Census Tract 8019.08,24033801908,24033801805,"Prince George's County, MD","Prince George's County, MD",0.40938589632068556,AADT_2018,daily vehicle trips whose OD path crosses this tract-pair boundary; direct adjacent OD only is stricter and will undercount through traffic
sl_T0009_24031703220__24031703221,24031703220__24031703221,other_adjacent_tract_pair,medium,accepted,T0009,Montgomery,Intercounty Connector,MD,200.0,9.46,Md 200 - Between Md 97 & Md 182,Md 97 To Md 182,West,6.0,C,55943.0,57779.0,62830.0,64868.0,12.8,54.0,50.0,50.0,24031703220,24031703221,24031,24031,67.17561760613462,3073.0962478760453,1,-77.05627320043682,39.10876538533861,https://maps.roads.maryland.gov/itms_public/?stationid=T0009,8.204,10.445,Urban,2.0,Principal Arterial Other Freeways and Expressways,1.0,60110.0,67597.0,,T,True,False,pg_montgomery_route;montgomery_dc_spatial;pg_montgomery_spatial,True,55943.0,57779.0,62830.0,64868.0,60110.0,67597.0,6.0,1.0,200.0,12.8,54.0,1334,Census Tract 7032.20,24031703220,24031703221,"Montgomery County, MD","Montgomery County, MD",67.17561760613462,AADT_2018,daily vehicle trips whose OD path crosses this tract-pair boundary; direct adjacent OD only is stricter and will undercount through traffic
sl_B150034_24031703402__24031703403,24031703402__24031703403,other_adjacent_tract_pair,low_review,accepted,B150034,Montgomery,Hathaway Dr,CO,4349.0,0.09,Hathaway Dr-.10 Mi S Of Weller Rd,Valleywood Dr To Md 97,South,2.0,C,2084.0,2075.0,2214.0,2205.0,12.12,69.38,49.43,50.57,24031703403,24031703402,24031,24031,130.33012942189382,1274.5956815490213,1,-77.06337386532819,39.06421127295172,https://maps.roads.maryland.gov/itms_public/?stationid=B150034,0.0,0.4,Urban,5.0,Major Collector,1.0,2960.0,3260.0,149.0,B,True,False,montgomery_dc_spatial;pg_montgomery_spatial,True,2084.0,2075.0,2214.0,2205.0,2960.0,3260.0,2.0,1.0,4349.0,12.12,69.38,202,Census Tract 7034.03,24031703403,24031703402,"Montgomery County, MD","Montgomery County, MD",130.33012942189382,AADT_2018,daily vehicle trips whose OD path crosses this tract-pair boundary; direct adjacent OD only is stricter and will undercount through traffic
sl_S2012150982_11001001702__24031701701,11001001702__24031701701,montgomery_dc,medium,accepted,S2012150982,Montgomery,Laurel Ave                              ,MU,850.0,0.02,Laurel Ave - 100ft South Of Md 195,Carroll Ave To Wash Dc Line,North,2.0,F,5255.0,5210.0,5575.0,5520.0,8.49,68.97,51.8,48.2,24031701701,11001001702,24031,11001,59.87422820808844,1079.9325760151683,2,-77.01245262808926,38.974346324726696,https://maps.roads.maryland.gov/itms_public/?stationid=S2012150982,0.0,0.05,Urban,5.0,Major Collector,1.0,5211.0,5731.0,,S,True,False,montgomery_dc_spatial;pg_montgomery_spatial,True,5255.0,5210.0,5575.0,5520.0,5211.0,5731.0,2.0,1.0,850.0,8.49,68.97,601,Census Tract 7017.01,24031701701,11001001702,"Montgomery County, MD",District of Columbia,59.87422820808844,AADT_2018,daily vehicle trips whose OD path crosses this tract-pair boundary; direct adjacent OD only is stricter and will undercount through traffic
sl_B2864_24031704804__24031704805,24031704804__24031704805,other_adjacent_tract_pair,high,accepted,B2864,Montgomery,Wisconsin Ave,MD,355.0,1.74,Md355-.10 Mi N Of Md410,Md 410 To Jones Bridge Rd,North,6.0,F,33922.0,33623.0,36302.0,35983.0,7.6,64.76,52.13,47.87,24031704805,24031704804,24031,24031,45.3387977708668,1064.1096300292306,1,-77.09425742736661,38.98525788893838,https://maps.roads.maryland.gov/itms_public/?stationid=B2864,1.7,2.55,Urban,3.0,Principal Arterial Other,1.0,33624.0,35644.0,575.0,B,True,False,montgomery_dc_route;montgomery_dc_spatial;pg_montgomery_spatial,True,33922.0,33623.0,36302.0,35983.0,33624.0,35644.0,6.0,1.0,355.0,7.6,64.76,1358,Census Tract 7048.05,24031704805,24031704804,"Montgomery County, MD","Montgomery County, MD",45.3387977708668,AADT_2018,daily vehicle trips whose OD path crosses this tract-pair boundary; direct adjacent OD only is stricter and will undercount through traffic
sl_S2012150656_24031701418__24031701420,24031701418__24031701420,other_adjacent_tract_pair,high,accepted,S2012150656,Montgomery,Fairland Rd,CO,98.0,2.41,Fairland Rd - .10 Mile North Of Us 29,Us 29 To Briggs Chaney Rd,North,3.0,F,7595.0,7190.0,8135.0,7690.0,8.49,57.31,48.05,51.95,24031701420,24031701418,24031,24031,6.575495761745609,1950.7151085453213,2,-76.95510711065555,39.07256973204665,https://maps.roads.maryland.gov/itms_public/?stationid=S2012150656,2.35,3.59,Urban,4.0,Minor Arterial,1.0,7191.0,7621.0,,S,True,False,montgomery_dc_spatial;pg_montgomery_spatial,True,7595.0,7190.0,8135.0,7690.0,7191.0,7621.0,3.0,1.0,98.0,8.49,57.31,1332,Census Tract 7014.20,24031701420,24031701418,"Montgomery County, MD","Montgomery County, MD",6.575495761745609,AADT_2018,daily vehicle trips whose OD path crosses this tract-pair boundary; direct adjacent OD only is stricter and will undercount through traffic
sl_S2012161198_24033802204__24033803519,24033802204__24033803519,other_adjacent_tract_pair,low_review,accepted,S2012161198,Prince George's,Hampton Park Blvd,CO,4475.0,0.05,Hampton Park Blvd - Between Md 214 & Hampton Mall Dr North,Central Ave To Walker Mill Rd,North,4.0,F,25095.0,25610.0,26605.0,27150.0,7.44,51.37,49.63,50.37,24033802204,24033803519,24033,24033,102.2269252406268,1379.4815921831548,1,-76.85358325962582,38.889796644475,https://maps.roads.maryland.gov/itms_public/?stationid=S2012161198,0.0,1.5,Urban,5.0,Major Collector,1.0,25921.0,28171.0,,S,True,False,pg_dc_spatial,True,25095.0,25610.0,26605.0,27150.0,25921.0,28171.0,4.0,1.0,4475.0,7.44,51.37,1505,Census Tract 8022.04,24033802204,24033803519,"Prince George's County, MD","Prince George's County, MD",102.2269252406268,AADT_2018,daily vehicle trips whose OD path crosses this tract-pair boundary; direct adjacent OD only is stricter and will undercount through traffic
sl_S1999160160_24033806708__24033806712,24033806708__24033806712,other_adjacent_tract_pair,low_review,accepted,S1999160160,Prince George's,South Way,MD,193.0,0.17,Md 193a - East Of Md 295 Sb Ramps,Md 295 Sb Ramps To 8 Court Southway Rd,West,4.0,C,9904.0,9825.0,10504.0,10425.0,8.42,51.21,42.68,57.32,24033806708,24033806712,24033,24033,138.9606643897277,2177.310215388686,1,-76.87951724278929,38.99671244936705,https://maps.roads.maryland.gov/itms_public/?stationid=S1999160160,0.16,0.23,Urban,5.0,Major Collector,1.0,9540.0,10490.0,239.0,S,True,False,pg_montgomery_route;pg_dc_spatial;pg_montgomery_spatial,True,9904.0,9825.0,10504.0,10425.0,9540.0,10490.0,4.0,1.0,193.0,8.42,51.21,303,Census Tract 8067.08,24033806708,24033806712,"Prince George's County, MD","Prince George's County, MD",138.9606643897277,AADT_2018,daily vehicle trips whose OD path crosses this tract-pair boundary; direct adjacent OD only is stricter and will undercount through traffic
sl_S2012150909_24031705100__24031705200,24031705100__24031705200,other_adjacent_tract_pair,low_review,accepted,S2012150909,Montgomery,Beach Dr,GV,4.0,0.07,Beach Dr - .10 Mi South Of Md 410,East West Hwy To Wash Dc Line,North,2.0,F,7555.0,6960.0,8085.0,7450.0,10.33,60.94,49.75,50.25,24031705200,24031705100,24031,24031,107.9458383614432,2399.819226684552,2,-77.06346240418091,38.992224327458445,https://maps.roads.maryland.gov/itms_public/?stationid=S2012150909,0.0,1.06,Urban,4.0,Minor Arterial,1.0,6961.0,7381.0,,S,True,False,montgomery_dc_spatial;pg_montgomery_spatial,True,7555.0,6960.0,8085.0,7450.0,6961.0,7381.0,2.0,1.0,4.0,10.33,60.94,577,Census Tract 7052,24031705200,24031705100,"Montgomery County, MD","Montgomery County, MD",107.9458383614432,AADT_2018,daily vehicle trips whose OD path crosses this tract-pair boundary; direct adjacent OD only is stricter and will undercount through traffic
sl_B2843_24031701408__24031701410,24031701408__24031701410,other_adjacent_tract_pair,low_review,accepted,B2843,Montgomery,Sandy Spring Rd,MD,198.0,3.55,Md198-.10 Mi E Of Us29a,Us 29a To Us 29,West,5.0,F,37000.0,36671.0,39590.0,39241.0,7.86,51.34,46.82,53.18,24031701410,24031701408,24031,24031,145.50954828913478,2741.7655308377434,2,-76.93031422326148,39.11150488556774,https://maps.roads.maryland.gov/itms_public/?stationid=B2843,3.45,3.61,Urban,3.0,Principal Arterial Other,1.0,36672.0,38872.0,5765.0,B,True,False,pg_montgomery_route;pg_montgomery_spatial,True,37000.0,36671.0,39590.0,39241.0,36672.0,38872.0,5.0,1.0,198.0,7.86,51.34,573,Census Tract 7014.10,24031701410,24031701408,"Montgomery County, MD","Montgomery County, MD",145.50954828913478,AADT_2018,daily vehicle trips whose OD path crosses this tract-pair boundary; direct adjacent OD only is stricter and will undercount through traffic
sl_B160021_24033800704__24033800707,24033800704__24033800707,other_adjacent_tract_pair,low_review,accepted,B160021,Prince George's,Old Crain Hwy,CO,1212.0,0.1,Old Crain Hwy-.10 Mi N Of Us301,Us 301 To Md 725,South,3.0,C,7281.0,7242.0,7721.0,7682.0,9.4,74.17,48.03,51.97,24033800707,24033800704,24033,24033,148.39439588472717,3564.8418610381955,1,-76.78112735417277,38.79305009100226,https://maps.roads.maryland.gov/itms_public/?stationid=B160021,0.0,2.33,Rural,5.0,Major Collector,1.0,7310.0,7750.0,284.0,B,True,False,pg_dc_spatial,True,7281.0,7242.0,7721.0,7682.0,7310.0,7750.0,3.0,1.0,1212.0,9.4,74.17,455,Census Tract 8007.07,24033800707,24033800704,"Prince George's County, MD","Prince George's County, MD",148.39439588472717,AADT_2018,daily vehicle trips whose OD path crosses this tract-pair boundary; direct adjacent OD only is stricter and will undercount through traffic
sl_B3357_24033800102__24033800109,24033800102__24033800109,other_adjacent_tract_pair,high,accepted,B3357,Prince George's,Gorman Ave (eb Couplet),MD,198.0,2.85,Md198-.20 Mi W Of Md216 (one Way Couplet Eb - Wb See B160115),Ninth St To Md 216,East,3.0,F,17220.0,17071.0,18430.0,18271.0,8.39,100.0,100.0,0.0,24033800102,24033800109,24033,24033,2.831202381617934,835.2020231359179,2,-76.85981595342504,39.10167850442697,https://maps.roads.maryland.gov/itms_public/?stationid=B3357,2.81,3.05,Urban,3.0,Principal Arterial Other,1.0,17072.0,18102.0,2106.0,B,True,False,pg_montgomery_route;pg_montgomery_spatial,True,17220.0,17071.0,18430.0,18271.0,17072.0,18102.0,3.0,1.0,198.0,8.39,100.0,1567,Census Tract 8001.02,24033800102,24033800109,"Prince George's County, MD","Prince George's County, MD",2.831202381617934,AADT_2018,daily vehicle trips whose OD path crosses this tract-pair boundary; direct adjacent OD only is stricter and will undercount through traffic
sl_B3300_24033803606__24033803608,24033803606__24033803608,other_adjacent_tract_pair,high,accepted,B3300,Prince George's,Lanham Severn Rd,MD,564.0,0.1,Md564-.10 Mi E Of Md450,Md 450 To Cipriano Rd,East,5.0,F,40442.0,39780.0,43272.0,42570.0,7.02,53.81,50.96,49.04,24033803608,24033803606,24033,24033,36.75493578360402,813.1448343669391,2,-76.8604976813009,38.96289423387014,https://maps.roads.maryland.gov/itms_public/?stationid=B3300,0.0,0.31,Urban,4.0,Minor Arterial,1.0,39781.0,42171.0,1147.0,B,True,False,pg_dc_spatial;pg_montgomery_spatial,True,40442.0,39780.0,43272.0,42570.0,39781.0,42171.0,5.0,1.0,564.0,7.02,53.81,485,Census Tract 8036.08,24033803608,24033803606,"Prince George's County, MD","Prince George's County, MD",36.75493578360402,AADT_2018,daily vehicle trips whose OD path crosses this tract-pair boundary; direct adjacent OD only is stricter and will undercount through traffic
sl_S2012161045_24033801210__24033801211,24033801210__24033801211,other_adjacent_tract_pair,high,accepted,S2012161045,Prince George's,Kirby Rd                                ,CO,96.0,0.06,Kirby Rd - .10 Mi East Of Temple Hill Rd,Temple Hill Rd To Ramblewood Ave,West,2.0,F,7105.0,7840.0,7605.0,8390.0,9.99,64.28,39.75,60.25,24033801211,24033801210,24033,24033,1.347871190172854,3492.8402101088927,3,-76.92268754266898,38.779332628987234,https://maps.roads.maryland.gov/itms_public/?stationid=S2012161045,0.0,0.63,Urban,5.0,Major Collector,1.0,7841.0,8311.0,,S,True,False,pg_dc_spatial,True,7105.0,7840.0,7605.0,8390.0,7841.0,8311.0,2.0,1.0,96.0,9.99,64.28,881,Census Tract 8012.11,24033801211,24033801210,"Prince George's County, MD","Prince George's County, MD",1.347871190172854,AADT_2018,daily vehicle trips whose OD path crosses this tract-pair boundary; direct adjacent OD only is stricter and will undercount through traffic
sl_B160111_24033800108__24033800213,24033800108__24033800213,other_adjacent_tract_pair,medium,accepted,B160111,Prince George's,Second St (nb Couplet),US,1.0,13.29,Us1-.20 Mi S Of Md198 (one Way Couplet Nb - Sb See B160112),Domer Ave To Md 198 Talbot Ave (wb/l),North,3.0,C,20491.0,20312.0,21931.0,21732.0,7.62,100.0,100.0,0.0,24033800213,24033800108,24033,24033,75.36760828812426,818.6616016334411,3,-76.85096528951185,39.09609293671463,https://maps.roads.maryland.gov/itms_public/?stationid=B160111,13.14,13.58,Urban,3.0,Principal Arterial Other,1.0,20080.0,21290.0,583.0,B,True,False,pg_dc_route;pg_montgomery_spatial,True,20491.0,20312.0,21931.0,21732.0,20080.0,21290.0,3.0,1.0,1.0,7.62,100.0,446,Census Tract 8002.13,24033800213,24033800108,"Prince George's County, MD","Prince George's County, MD",75.36760828812426,AADT_2018,daily vehicle trips whose OD path crosses this tract-pair boundary; direct adjacent OD only is stricter and will undercount through traffic
sl_S2008150028_24031705000__24031705100,24031705000__24031705100,other_adjacent_tract_pair,medium,accepted,S2008150028,Montgomery,Kensington Pkwy,MU,50.0,1.97,Kensington Pkwy - Between Md 185/jones Bridge Rd & Montrose Dr,Kensington Pkwy (back) To Connecticut Ave,South,2.0,F,2183.0,2164.0,2313.0,2294.0,13.93,83.97,40.85,59.15,24031705100,24031705000,24031,24031,73.527847878308,1985.440823149291,1,-77.07625002286166,39.0006182515727,https://maps.roads.maryland.gov/itms_public/?stationid=S2008150028,1.63,2.02,Urban,7.0,Local,1.0,2165.0,2385.0,,S,True,False,montgomery_dc_spatial;pg_montgomery_spatial,True,2183.0,2164.0,2313.0,2294.0,2165.0,2385.0,2.0,1.0,50.0,13.93,83.97,576,Census Tract 7051,24031705100,24031705000,"Montgomery County, MD","Montgomery County, MD",73.527847878308,AADT_2018,daily vehicle trips whose OD path crosses this tract-pair boundary; direct adjacent OD only is stricter and will undercount through traffic
sl_S2012161066_24033801212__24033801407,24033801212__24033801407,other_adjacent_tract_pair,high,accepted,S2012161066,Prince George's,Allentown Rd,CO,126.0,4.34,Allentown Rd - .10 Mi South Of Temple Hill Rd,Tucker Rd To Temple Hill Rd,South,2.0,F,21025.0,20840.0,22505.0,22300.0,7.95,62.72,48.58,51.42,24033801407,24033801212,24033,24033,0.5357265404994852,719.6883717931435,2,-76.93012086269322,38.79251690496285,https://maps.roads.maryland.gov/itms_public/?stationid=S2012161066,2.68,4.44,Urban,4.0,Minor Arterial,1.0,20841.0,22091.0,,S,True,False,pg_dc_spatial,True,21025.0,20840.0,22505.0,22300.0,20841.0,22091.0,2.0,1.0,126.0,7.95,62.72,1556,Census Tract 8014.07,24033801407,24033801212,"Prince George's County, MD","Prince George's County, MD",0.5357265404994852,AADT_2018,daily vehicle trips whose OD path crosses this tract-pair boundary; direct adjacent OD only is stricter and will undercount through traffic
sl_S2012161035_24033802002__24033802103,24033802002__24033802103,other_adjacent_tract_pair,high,accepted,S2012161035,Prince George's,Parkland Dr,CO,86.0,0.44,Parkland Dr - Between Md 4 & Surrey Service Dr,Old Silver Hill Rd To Road End,South,3.0,F,7645.0,7920.0,8105.0,8400.0,8.75,52.91,53.68,46.32,24033802002,24033802103,24033,24033,46.38250997963394,773.9942455183675,1,-76.90572578164632,38.849889596049785,https://maps.roads.maryland.gov/itms_public/?stationid=S2012161035,0.0,0.67,Urban,7.0,Local,1.0,7921.0,8711.0,,S,True,False,pg_dc_spatial,True,7645.0,7920.0,8105.0,8400.0,7921.0,8711.0,3.0,1.0,86.0,8.75,52.91,544,Census Tract 8020.02,24033802002,24033802103,"Prince George's County, MD","Prince George's County, MD",46.38250997963394,AADT_2018,daily vehicle trips whose OD path crosses this tract-pair boundary; direct adjacent OD only is stricter and will undercount through traffic
sl_B160115_24033800102__24033800109,24033800102__24033800109,other_adjacent_tract_pair,high,accepted,B160115,Prince George's,Talbott Ave (wb Couplet),MD,198.0,1.49,Md198-.20 Mi W Of Md216 (one Way Couplet Wb - Eb See B3357),Md 216 To Ninth St,West,3.0,F,14960.0,14831.0,16010.0,15871.0,7.1,100.0,0.0,100.0,24033800102,24033800109,24033,24033,32.23338091222673,835.2020231359179,2,-76.8598110665899,39.10194336893913,https://maps.roads.maryland.gov/itms_public/?stationid=B160115,1.27,1.53,Urban,3.0,Principal Arterial Other,1.0,14832.0,15722.0,2018.0,B,True,False,pg_montgomery_route;pg_montgomery_spatial,True,14960.0,14831.0,16010.0,15871.0,14832.0,15722.0,3.0,1.0,198.0,7.1,100.0,1567,Census Tract 8001.02,24033800102,24033800109,"Prince George's County, MD","Prince George's County, MD",32.23338091222673,AADT_2018,daily vehicle trips whose OD path crosses this tract-pair boundary; direct adjacent OD only is stricter and will undercount through traffic
sl_B150098_24031701101__24031701219,24031701101__24031701219,other_adjacent_tract_pair,medium,accepted,B150098,Montgomery,Veirs Mill Rd,MD,586.0,1.59,Md586-.10 Mi E Of Twinbrook Pkwy,Twinbrook Pkwy To Randolph Rd,East,5.0,F,43702.0,44180.0,46762.0,47270.0,8.71,63.46,51.16,48.84,24031701101,24031701219,24031,24031,5.060172516541025,302.36401129323843,4,-77.11034081839941,39.072471196251946,https://maps.roads.maryland.gov/itms_public/?stationid=B150098,1.48,3.48,Urban,3.0,Principal Arterial Other,1.0,44181.0,46831.0,1123.0,B,True,False,montgomery_dc_spatial;pg_montgomery_spatial,True,43702.0,44180.0,46762.0,47270.0,44181.0,46831.0,5.0,1.0,586.0,8.71,63.46,1188,Census Tract 7011.01,24031701101,24031701219,"Montgomery County, MD","Montgomery County, MD",5.060172516541025,AADT_2018,daily vehicle trips whose OD path crosses this tract-pair boundary; direct adjacent OD only is stricter and will undercount through traffic
sl_B3305_24031701703__24033805601,24031701703__24033805601,pg_montgomery,medium,accepted,B3305,Montgomery,New Hampshire Ave,MD,650.0,0.97,Md650-between Holton La & Md193,P.g. Co/l (md 410) To P.g. Co/l (md193),South,6.0,F,36632.0,37820.0,39202.0,40470.0,6.97,65.89,48.46,51.54,24031701703,24033805601,24031,24033,89.2844749917575,802.4808460727236,1,-76.98774086395528,38.98794203290042,https://maps.roads.maryland.gov/itms_public/?stationid=B3305,0.0,1.04,Urban,3.0,Principal Arterial Other,1.0,39411.0,40091.0,,B,True,False,montgomery_dc_route;pg_montgomery_route;montgomery_dc_spatial;pg_montgomery_spatial,True,36632.0,37820.0,39202.0,40470.0,39411.0,40091.0,6.0,1.0,650.0,6.97,65.89,603,Census Tract 7017.03,24031701703,24033805601,"Montgomery County, MD","Prince George's County, MD",89.2844749917575,AADT_2018,daily vehicle trips whose OD path crosses this tract-pair boundary; direct adjacent OD only is stricter and will undercount through traffic
sl_B3281_24033803606__24033803608,24033803606__24033803608,other_adjacent_tract_pair,high,accepted,B3281,Prince George's,Annapolis Rd,MD,450.0,4.86,Md450-.20 Mi E Of Is95,Is 95 To Md 564,East,6.0,F,67090.0,66491.0,71790.0,71151.0,7.31,55.36,49.69,50.31,24033803608,24033803606,24033,24033,17.79381319164482,813.1448343669391,1,-76.86299194801038,38.96126436307142,https://maps.roads.maryland.gov/itms_public/?stationid=B3281,4.65,4.95,Urban,4.0,Minor Arterial,1.0,66492.0,70482.0,2010.0,B,True,False,pg_dc_route;pg_dc_spatial;pg_montgomery_spatial,True,67090.0,66491.0,71790.0,71151.0,66492.0,70482.0,6.0,1.0,450.0,7.31,55.36,485,Census Tract 8036.08,24033803608,24033803606,"Prince George's County, MD","Prince George's County, MD",17.79381319164482,AADT_2018,daily vehicle trips whose OD path crosses this tract-pair boundary; direct adjacent OD only is stricter and will undercount through traffic
sl_S2012150958_24031700901__24031701004,24031700901__24031701004,other_adjacent_tract_pair,high,accepted,S2012150958,Montgomery,Mannakee St,MU,1902.0,0.97,Mannakee St - .10 Mi South Of Md 355,Henderson Cir To Hungerford Dr,North,2.0,F,9635.0,9330.0,10215.0,9890.0,8.02,53.61,51.26,48.74,24031700901,24031701004,24031,24031,1.3931881450977865,1352.1210088444352,2,-77.15470388065211,39.09639812492066,https://maps.roads.maryland.gov/itms_public/?stationid=S2012150958,0.0,1.05,Urban,6.0,Minor Collector,1.0,9331.0,10261.0,,S,True,False,montgomery_dc_spatial,True,9635.0,9330.0,10215.0,9890.0,9331.0,10261.0,2.0,1.0,1902.0,8.02,53.61,195,Census Tract 7009.01,24031700901,24031701004,"Montgomery County, MD","Montgomery County, MD",1.3931881450977865,AADT_2018,daily vehicle trips whose OD path crosses this tract-pair boundary; direct adjacent OD only is stricter and will undercount through traffic
sl_S2012161016_24033802405__24033802406,24033802405__24033802406,other_adjacent_tract_pair,high,accepted,S2012161016,Prince George's,Davis Ave,CO,37.0,0.14,Davis Ave - Between Porter Ave & Lewis Ave,Gaurdrail E Of Tangier Pl To Gaurdrail W Of Shadyside Ave,West,2.0,F,405.0,410.0,435.0,440.0,8.91,53.66,42.72,57.28,24033802405,24033802406,24033,24033,2.3068143550817544,1724.439226266511,1,-76.92563208542305,38.85756398832616,https://maps.roads.maryland.gov/itms_public/?stationid=S2012161016,0.0,0.51,Urban,5.0,Major Collector,1.0,411.0,451.0,,S,True,False,pg_dc_spatial,True,405.0,410.0,435.0,440.0,411.0,451.0,2.0,1.0,37.0,8.91,53.66,1527,Census Tract 8024.05,24033802405,24033802406,"Prince George's County, MD","Prince George's County, MD",2.3068143550817544,AADT_2018,daily vehicle trips whose OD path crosses this tract-pair boundary; direct adjacent OD only is stricter and will undercount through traffic
sl_S2012161141_24033801802__24033801808,24033801802__24033801808,other_adjacent_tract_pair,high,accepted,S2012161141,Prince George's,23rd Pkwy,CO,1084.0,0.47,23rd Pkwy - Between Iverson St & Jameson St,Lyons St To Iverson St,North,2.0,F,6965.0,6780.0,7385.0,7190.0,9.76,76.7,51.7,48.3,24033801808,24033801802,24033,24033,1.0292579440134908,1062.6910731019886,1,-76.9594438678268,38.832770013142095,https://maps.roads.maryland.gov/itms_public/?stationid=S2012161141,0.0,0.5,Urban,5.0,Major Collector,1.0,6781.0,7461.0,,S,True,False,pg_dc_spatial,True,6965.0,6780.0,7385.0,7190.0,6781.0,7461.0,2.0,1.0,1084.0,9.76,76.7,1562,Census Tract 8018.08,24033801808,24033801802,"Prince George's County, MD","Prince George's County, MD",1.0292579440134908,AADT_2018,daily vehicle trips whose OD path crosses this tract-pair boundary; direct adjacent OD only is stricter and will undercount through traffic
sl_S2012161018_24033800408__24033800409,24033800408__24033800409,other_adjacent_tract_pair,high,accepted,S2012161018,Prince George's,Hillmeade Rd,CO,41.0,0.06,Hillmeade Rd - .10 Mi North Of Md 450,Annapolis Rd To Road End,South,2.0,F,6845.0,8110.0,7265.0,8600.0,8.32,50.79,49.28,50.72,24033800409,24033800408,24033,24033,0.7222271832956232,2844.918423740758,2,-76.78600816880932,38.972241883125264,https://maps.roads.maryland.gov/itms_public/?stationid=S2012161018,0.0,1.891,Urban,5.0,Major Collector,1.0,8111.0,8921.0,,S,True,False,pg_dc_spatial,True,6845.0,8110.0,7265.0,8600.0,8111.0,8921.0,2.0,1.0,41.0,8.32,50.79,1504,Census Tract 8004.09,24033800409,24033800408,"Prince George's County, MD","Prince George's County, MD",0.7222271832956232,AADT_2018,daily vehicle trips whose OD path crosses this tract-pair boundary; direct adjacent OD only is stricter and will undercount through traffic
sl_S2012150946_24031700904__24031701001,24031700904__24031701001,other_adjacent_tract_pair,low_review,accepted,S2012150946,Montgomery,W Edmonston Dr,MU,1015.0,0.08,W Edmonston Dr - .10 Mi South Of Md 355,Rockville Pike To Wootton Pkwy,South,3.0,F,16775.0,16650.0,17785.0,17650.0,8.85,51.11,45.71,54.29,24031700904,24031701001,24031,24031,104.03678582202683,2790.3377760522985,2,-77.13676619709129,39.07368787412672,https://maps.roads.maryland.gov/itms_public/?stationid=S2012150946,0.0,0.19,Urban,5.0,Major Collector,1.0,16851.0,18321.0,,S,True,False,montgomery_dc_spatial,True,16775.0,16650.0,17785.0,17650.0,16851.0,18321.0,3.0,1.0,1015.0,8.85,51.11,208,Census Tract 7009.04,24031700904,24031701001,"Montgomery County, MD","Montgomery County, MD",104.03678582202683,AADT_2018,daily vehicle trips whose OD path crosses this tract-pair boundary; direct adjacent OD only is stricter and will undercount through traffic
sl_S2012150949_24031701102__24031701219,24031701102__24031701219,other_adjacent_tract_pair,high,accepted,S2012150949,Montgomery,Halpine Rd                              ,MU,1330.0,0.26,Halpine Rd - Between Halpine Walk Ct & Lewis Ave,Halpine Ave (back) To Road End,West,2.0,F,2045.0,2050.0,2175.0,2170.0,9.76,50.22,49.92,50.08,24031701102,24031701219,24031,24031,0.9194807187302982,1505.7299837599367,1,-77.11901187405302,39.06472840268073,https://maps.roads.maryland.gov/itms_public/?stationid=S2012150949,0.07,0.43,Urban,5.0,Major Collector,1.0,2051.0,2261.0,,S,True,False,montgomery_dc_spatial;pg_montgomery_spatial,True,2045.0,2050.0,2175.0,2170.0,2051.0,2261.0,2.0,1.0,1330.0,9.76,50.22,1415,Census Tract 7011.02,24031701102,24031701219,"Montgomery County, MD","Montgomery County, MD",0.9194807187302982,AADT_2018,daily vehicle trips whose OD path crosses this tract-pair boundary; direct adjacent OD only is stricter and will undercount through traffic
sl_S2012150792_24031705902__24031705903,24031705902__24031705903,other_adjacent_tract_pair,medium,accepted,S2012150792,Montgomery,Whittier Blvd                           ,CO,1279.0,1.5,Whittier Blvd - Between Md 190 & Highboro Dr,Md 188 To Md 190,North,2.0,F,6575.0,5780.0,6975.0,6130.0,9.0,51.4,51.39,48.61,24031705903,24031705902,24031,24031,55.90297947165362,1800.8390820776237,1,-77.12572642866222,38.97593365358336,https://maps.roads.maryland.gov/itms_public/?stationid=S2012150792,0.59,1.52,Urban,5.0,Major Collector,1.0,5781.0,6361.0,,S,True,False,montgomery_dc_spatial,True,6575.0,5780.0,6975.0,6130.0,5781.0,6361.0,2.0,1.0,1279.0,9.0,51.4,596,Census Tract 7059.03,24031705903,24031705902,"Montgomery County, MD","Montgomery County, MD",55.90297947165362,AADT_2018,daily vehicle trips whose OD path crosses this tract-pair boundary; direct adjacent OD only is stricter and will undercount through traffic
sl_B2842_24031701408__24031701409,24031701408__24031701409,other_adjacent_tract_pair,high,accepted,B2842,Montgomery,Old Columbia Pike,MD,198.0,3.25,Md198-.20 Mi W Of Us29a,Old Columbia Pike To Us 29a,East,5.0,F,31790.0,31501.0,34020.0,33711.0,8.04,55.42,54.46,45.54,24031701409,24031701408,24031,24031,2.095966191874497,5643.956189584929,1,-76.93497526865707,39.10958264110864,https://maps.roads.maryland.gov/itms_public/?stationid=B2842,3.11,3.45,Urban,3.0,Principal Arterial Other,1.0,31502.0,33392.0,4907.0,B,True,False,pg_montgomery_route;pg_montgomery_spatial,True,31790.0,31501.0,34020.0,33711.0,31502.0,33392.0,5.0,1.0,198.0,8.04,55.42,572,Census Tract 7014.09,24031701409,24031701408,"Montgomery County, MD","Montgomery County, MD",2.095966191874497,AADT_2018,daily vehicle trips whose OD path crosses this tract-pair boundary; direct adjacent OD only is stricter and will undercount through traffic
sl_B150032_24031701213__24031701216,24031701213__24031701216,other_adjacent_tract_pair,high,accepted,B150032,Montgomery,Nicholson La,CO,4242.0,0.1,Nicholson La-.10 Mi E Of Md187,Md 187 To Md 355,West,4.0,F,13870.0,13751.0,14700.0,14581.0,9.06,51.48,46.02,53.98,24031701216,24031701213,24031,24031,0.8508177342128587,769.9572913133137,2,-77.11870246821802,39.0448867298758,https://maps.roads.maryland.gov/itms_public/?stationid=B150032,0.0,0.46,Urban,5.0,Major Collector,1.0,13752.0,15132.0,347.0,B,True,False,montgomery_dc_spatial;pg_montgomery_spatial,True,13870.0,13751.0,14700.0,14581.0,13752.0,15132.0,4.0,1.0,4242.0,9.06,51.48,1045,Census Tract 7012.16,24031701216,24031701213,"Montgomery County, MD","Montgomery County, MD",0.8508177342128587,AADT_2018,daily vehicle trips whose OD path crosses this tract-pair boundary; direct adjacent OD only is stricter and will undercount through traffic
sl_B150022_11001001500__24031705200,11001001500__24031705200,montgomery_dc,low_review,accepted,B150022,Montgomery,Winnett Rd,CO,1222.0,0.2,Winnett Rd-.10 Mi W Of Wash Dc Line,Brennon La To Washington Dc/l,East,2.0,F,990.0,981.0,1050.0,1041.0,10.52,59.46,51.66,48.34,24031705200,11001001500,24031,11001,159.63986820732242,2110.7890689444876,1,-77.06311390995296,38.980480492037415,https://maps.roads.maryland.gov/itms_public/?stationid=B150022,0.0,0.29,Urban,7.0,Local,1.0,982.0,1082.0,23.0,B,True,False,montgomery_dc_spatial;pg_montgomery_spatial,True,990.0,981.0,1050.0,1041.0,982.0,1082.0,2.0,1.0,1222.0,10.52,59.46,577,Census Tract 7052,24031705200,11001001500,"Montgomery County, MD",District of Columbia,159.63986820732242,AADT_2018,daily vehicle trips whose OD path crosses this tract-pair boundary; direct adjacent OD only is stricter and will undercount through traffic
sl_B2784_24031703206__24031703212,24031703206__24031703212,other_adjacent_tract_pair,high,accepted,B2784,Montgomery,Layhill Rd,MD,182.0,0.1,Md182-.10 Mi N Of Md97,Md 97 To Glenallan Rd,North,5.0,F,18900.0,18731.0,20220.0,20041.0,8.29,64.9,54.42,45.58,24031703212,24031703206,24031,24031,20.39865133283833,2521.1726077155636,2,-77.05074137851047,39.0616332694276,https://maps.roads.maryland.gov/itms_public/?stationid=B2784,0.0,0.21,Urban,3.0,Principal Arterial Other,1.0,19522.0,19852.0,,B,True,False,montgomery_dc_spatial;pg_montgomery_spatial,True,18900.0,18731.0,20220.0,20041.0,19522.0,19852.0,5.0,1.0,182.0,8.29,64.9,337,Census Tract 7032.12,24031703212,24031703206,"Montgomery County, MD","Montgomery County, MD",20.39865133283833,AADT_2018,daily vehicle trips whose OD path crosses this tract-pair boundary; direct adjacent OD only is stricter and will undercount through traffic
sl_B3353_24033807405__24033807409,24033807405__24033807409,other_adjacent_tract_pair,high,accepted,B3353,Prince George's,No Name,IS,95.0,27.54,Is95-1.0 Mi S Of Md212,Is 495 To Md 212,North,7.0,F,199322.0,215020.0,207302.0,223620.0,6.28,57.75,53.03,46.97,24033807405,24033807409,24033,24033,49.70256750946822,3469.1404547965853,1,-76.93794154165784,39.03789067182216,https://maps.roads.maryland.gov/itms_public/?stationid=B3353,26.11,28.54,Urban,1.0,Interstate,1.0,216531.0,225191.0,17568.0,B,True,False,pg_montgomery_route;pg_dc_spatial;pg_montgomery_spatial,True,199322.0,215020.0,207302.0,223620.0,216531.0,225191.0,7.0,1.0,95.0,6.28,57.75,181,Census Tract 8074.05,24033807405,24033807409,"Prince George's County, MD","Prince George's County, MD",49.70256750946822,AADT_2018,daily vehicle trips whose OD path crosses this tract-pair boundary; direct adjacent OD only is stricter and will undercount through traffic
sl_S2012161017_24033807404__24033807408,24033807404__24033807408,other_adjacent_tract_pair,high,accepted,S2012161017,Prince George's,Edmonston Rd,CO,38.0,0.09,Edmonston Rd - .10 Mi North Of Md 212-a (powder Mill Rd),Powder Mill Rd To Old Baltimore Pike,South,2.0,F,16885.0,16860.0,18075.0,18040.0,7.63,53.73,49.68,50.32,24033807408,24033807404,24033,24033,0.06453659753983124,8285.069261936967,1,-76.89889345700506,39.0325450076211,https://maps.roads.maryland.gov/itms_public/?stationid=S2012161017,0.0,1.09,Urban,4.0,Minor Arterial,1.0,16861.0,17871.0,,S,True,False,pg_dc_spatial;pg_montgomery_spatial,True,16885.0,16860.0,18075.0,18040.0,16861.0,17871.0,2.0,1.0,38.0,7.63,53.73,1566,Census Tract 8074.08,24033807408,24033807404,"Prince George's County, MD","Prince George's County, MD",0.06453659753983124,AADT_2018,daily vehicle trips whose OD path crosses this tract-pair boundary; direct adjacent OD only is stricter and will undercount through traffic
sl_B150040_24031700903__24031701101,24031700903__24031701101,other_adjacent_tract_pair,high,accepted,B150040,Montgomery,Baltimore Rd,MU,242.0,1.69,Baltimore Rd-.20 Mi E Of Twinbrook Pkwy,Stonestreet Ave To Baltimore Rd (ahead),West,3.0,F,9210.0,9131.0,9860.0,9771.0,9.46,70.96,49.45,50.55,24031700903,24031701101,24031,24031,0.112721893514016,2147.807225419113,2,-77.11617893349829,39.08714695394771,https://maps.roads.maryland.gov/itms_public/?stationid=B150040,0.02,1.73,Urban,5.0,Major Collector,1.0,9132.0,9682.0,346.0,B,True,False,montgomery_dc_spatial;pg_montgomery_spatial,True,9210.0,9131.0,9860.0,9771.0,9132.0,9682.0,3.0,1.0,242.0,9.46,70.96,196,Census Tract 7009.03,24031700903,24031701101,"Montgomery County, MD","Montgomery County, MD",0.112721893514016,AADT_2018,daily vehicle trips whose OD path crosses this tract-pair boundary; direct adjacent OD only is stricter and will undercount through traffic
sl_B2962_24031701800__24031702500,24031701800__24031702500,other_adjacent_tract_pair,high,accepted,B2962,Montgomery,Blair Rd,CO,7067.0,0.26,Blair Rd-.10 Mi W Of Wash Dc Line,Georgia Ave To Washington Dc/l,East,2.0,F,10360.0,10271.0,11090.0,10991.0,7.24,51.63,48.5,51.5,24031702500,24031701800,24031,24031,31.70406045556541,711.9410763583112,2,-77.02238898417676,38.98272471056767,https://maps.roads.maryland.gov/itms_public/?stationid=B2962,0.0,0.36,Urban,4.0,Minor Arterial,1.0,10272.0,10892.0,156.0,B,True,False,montgomery_dc_spatial;pg_montgomery_spatial,True,10360.0,10271.0,11090.0,10991.0,10272.0,10892.0,2.0,1.0,7067.0,7.24,51.63,339,Census Tract 7025,24031702500,24031701800,"Montgomery County, MD","Montgomery County, MD",31.70406045556541,AADT_2018,daily vehicle trips whose OD path crosses this tract-pair boundary; direct adjacent OD only is stricter and will undercount through traffic
sl_B160106_24033803605__24033803610,24033803605__24033803610,other_adjacent_tract_pair,high,accepted,B160106,Prince George's,Westbrook Dr#2,MU,662.0,0.39,Westbrook Dr #2-.20 Mi E Of Lamont Dr,Lamont Dr To 85th Ave #3,East,1.0,F,3280.0,1471.0,3480.0,1561.0,8.97,100.0,100.0,0.0,24033803610,24033803605,24033,24033,20.480318598449557,3324.816405432771,1,-76.87694521251895,38.966324797293474,https://maps.roads.maryland.gov/itms_public/?stationid=B160106,0.19,0.96,Urban,5.0,Major Collector,1.0,1472.0,1622.0,67.0,B,True,False,pg_dc_spatial;pg_montgomery_spatial,True,3280.0,1471.0,3480.0,1561.0,1472.0,1622.0,1.0,1.0,662.0,8.97,100.0,490,Census Tract 8036.10,24033803610,24033803605,"Prince George's County, MD","Prince George's County, MD",20.480318598449557,AADT_2018,daily vehicle trips whose OD path crosses this tract-pair boundary; direct adjacent OD only is stricter and will undercount through traffic
sl_S2012161203_24033803514__24033803522,24033803514__24033803522,other_adjacent_tract_pair,high,accepted,S2012161203,Prince George's,Campus Way North,CO,5095.0,0.04,Campus Way North - Between Md 214 & Elders Hollow Dr,Central Ave To Road End,South,4.0,F,8955.0,8970.0,9495.0,9510.0,7.87,50.06,51.16,48.84,24033803522,24033803514,24033,24033,15.355575006587868,963.5658978982341,2,-76.82251609541804,38.89956885639104,https://maps.roads.maryland.gov/itms_public/?stationid=S2012161203,0.0,0.766,Urban,5.0,Major Collector,1.0,8971.0,9871.0,,S,True,False,pg_dc_spatial,True,8955.0,8970.0,9495.0,9510.0,8971.0,9871.0,4.0,1.0,5095.0,7.87,50.06,684,Census Tract 8035.22,24033803522,24033803514,"Prince George's County, MD","Prince George's County, MD",15.355575006587868,AADT_2018,daily vehicle trips whose OD path crosses this tract-pair boundary; direct adjacent OD only is stricter and will undercount through traffic
sl_S2012150908_24031701703__24031701704,24031701703__24031701704,other_adjacent_tract_pair,high,accepted,S2012150908,Montgomery,Sligo Creek Pkwy,GV,3.0,0.05,Sligo Creek Pkwy - Between Md 650 & Glengary,New Hampshire Ave To Maple Ave,West,2.0,F,5985.0,5990.0,6345.0,6350.0,9.54,65.1,48.15,51.85,24031701704,24031701703,24031,24031,19.800244892472136,1851.087826249138,1,-76.99019915583256,38.98094056467536,https://maps.roads.maryland.gov/itms_public/?stationid=S2012150908,0.0,1.01,Urban,7.0,Local,1.0,5991.0,6591.0,,S,True,False,montgomery_dc_spatial;pg_montgomery_spatial,True,5985.0,5990.0,6345.0,6350.0,5991.0,6591.0,2.0,1.0,3.0,9.54,65.1,604,Census Tract 7017.04,24031701704,24031701703,"Montgomery County, MD","Montgomery County, MD",19.800244892472136,AADT_2018,daily vehicle trips whose OD path crosses this tract-pair boundary; direct adjacent OD only is stricter and will undercount through traffic
sl_S2012150733_24031703800__24031704000,24031703800__24031704000,other_adjacent_tract_pair,high,accepted,S2012150733,Montgomery,Plyers Mill Rd                          ,CO,293.0,0.4,Plyers Mill Rd - Between Md 97 & Douglas Ave,Glenhaven Dr To Plyers Mill Rd (ahead),West,2.0,F,6205.0,5330.0,6645.0,5700.0,8.33,63.43,46.78,53.22,24031703800,24031704000,24031,24031,1.0816387406070316,258.4582929494129,3,-77.04889405421413,39.02983368663368,https://maps.roads.maryland.gov/itms_public/?stationid=S2012150733,0.0,1.5,Urban,4.0,Minor Arterial,1.0,5331.0,5651.0,,S,True,False,montgomery_dc_spatial;pg_montgomery_spatial,True,6205.0,5330.0,6645.0,5700.0,5331.0,5651.0,2.0,1.0,293.0,8.33,63.43,1191,Census Tract 7038,24031703800,24031704000,"Montgomery County, MD","Montgomery County, MD",1.0816387406070316,AADT_2018,daily vehicle trips whose OD path crosses this tract-pair boundary; direct adjacent OD only is stricter and will undercount through traffic
sl_S2012150740_24031704100__24031704300,24031704100__24031704300,other_adjacent_tract_pair,medium,accepted,S2012150740,Montgomery,Cedar La,CO,319.0,2.2,Cedar La - .10 Mile West Of Summit Ave,Parkwood Dr To Summit Ave,East,3.0,F,10675.0,9610.0,11425.0,10280.0,8.52,71.33,50.86,49.14,24031704100,24031704300,24031,24031,56.645700841397336,1668.4916466806153,2,-77.0828248265621,39.02292014460821,https://maps.roads.maryland.gov/itms_public/?stationid=S2012150740,1.32,2.28,Urban,4.0,Minor Arterial,1.0,9611.0,10191.0,,S,True,False,montgomery_dc_spatial;pg_montgomery_spatial,True,10675.0,9610.0,11425.0,10280.0,9611.0,10191.0,3.0,1.0,319.0,8.52,71.33,1195,Census Tract 7041,24031704100,24031704300,"Montgomery County, MD","Montgomery County, MD",56.645700841397336,AADT_2018,daily vehicle trips whose OD path crosses this tract-pair boundary; direct adjacent OD only is stricter and will undercount through traffic
sl_S2012150938_24031701101__24031701102,24031701101__24031701102,other_adjacent_tract_pair,medium,accepted,S2012150938,Montgomery,Broadwood Dr,MU,420.0,0.48,Broadwood Dr - Between Md 586 & Grandin Ave,Baltimore Rd To Lewis Ave,South,3.0,F,2765.0,2820.0,2935.0,2990.0,9.44,69.52,47.77,52.23,24031701101,24031701102,24031,24031,58.24120823947796,2361.346272679182,1,-77.12366705524641,39.0776175915053,https://maps.roads.maryland.gov/itms_public/?stationid=S2012150938,0.0,1.06,Urban,6.0,Minor Collector,1.0,2821.0,3101.0,,S,True,False,montgomery_dc_spatial,True,2765.0,2820.0,2935.0,2990.0,2821.0,3101.0,3.0,1.0,420.0,9.44,69.52,1188,Census Tract 7011.01,24031701101,24031701102,"Montgomery County, MD","Montgomery County, MD",58.24120823947796,AADT_2018,daily vehicle trips whose OD path crosses this tract-pair boundary; direct adjacent OD only is stricter and will undercount through traffic
sl_S2012161245_24033807102__24033807200,24033807102__24033807200,other_adjacent_tract_pair,high,accepted,S2012161245,Prince George's,Hartwick Rd,MU,560.0,0.02,Hartwick Rd - Between Calvert Rd & Dickinson Ave,Hopkins Ave #1 To Princeton Ave,West,1.0,F,145.0,90.0,155.0,100.0,11.11,100.0,0.0,100.0,24033807200,24033807102,24033,24033,18.453143885057884,1615.639801849293,1,-76.93445381100767,38.97883655088174,https://maps.roads.maryland.gov/itms_public/?stationid=S2012161245,0.0,0.09,Urban,5.0,Major Collector,1.0,91.0,101.0,,S,True,False,pg_dc_spatial;pg_montgomery_spatial,True,145.0,90.0,155.0,100.0,91.0,101.0,1.0,1.0,560.0,11.11,100.0,1523,Census Tract 8072,24033807200,24033807102,"Prince George's County, MD","Prince George's County, MD",18.453143885057884,AADT_2018,daily vehicle trips whose OD path crosses this tract-pair boundary; direct adjacent OD only is stricter and will undercount through traffic
sl_B150055_11001001600__24031702500,11001001600__24031702500,montgomery_dc,low_review,accepted,B150055,Montgomery,Georgia Ave,US,29.0,0.1,Us 29-.10 Mi N Of Wash Dc Line,Washington Dc/l To Md 410,North,6.0,C,32061.0,31772.0,34311.0,34002.0,7.66,64.33,51.97,48.03,24031702500,11001001600,24031,11001,117.41381604951162,552.7685107979412,2,-77.02664810355128,38.98608622350118,https://maps.roads.maryland.gov/itms_public/?stationid=B150055,0.0,0.18,Urban,3.0,Principal Arterial Other,1.0,34040.0,36080.0,,B,True,False,montgomery_dc_route;pg_montgomery_route;montgomery_dc_spatial;pg_montgomery_spatial,True,32061.0,31772.0,34311.0,34002.0,34040.0,36080.0,6.0,1.0,29.0,7.66,64.33,339,Census Tract 7025,24031702500,11001001600,"Montgomery County, MD",District of Columbia,117.41381604951162,AADT_2018,daily vehicle trips whose OD path crosses this tract-pair boundary; direct adjacent OD only is stricter and will undercount through traffic
sl_S2012150757_24031702500__24031702900,24031702500__24031702900,other_adjacent_tract_pair,high,accepted,S2012150757,Montgomery,Spring St,CO,598.0,0.14,Spring St - Between Us 29 & Cameron St,Us29 (colesville Rd) To Md97 (georgia Ave),West,3.0,F,12255.0,10330.0,13115.0,11050.0,8.59,71.21,53.22,46.78,24031702900,24031702500,24031,24031,0.7354671778179193,1022.9052182458545,1,-77.02698356322446,38.999285726874334,https://maps.roads.maryland.gov/itms_public/?stationid=S2012150757,0.09,0.47,Urban,4.0,Minor Arterial,1.0,10331.0,10951.0,,S,True,False,montgomery_dc_spatial;pg_montgomery_spatial,True,12255.0,10330.0,13115.0,11050.0,10331.0,10951.0,3.0,1.0,598.0,8.59,71.21,344,Census Tract 7029,24031702900,24031702500,"Montgomery County, MD","Montgomery County, MD",0.7354671778179193,AADT_2018,daily vehicle trips whose OD path crosses this tract-pair boundary; direct adjacent OD only is stricter and will undercount through traffic
sl_B160031_24033806200__24033806300,24033806200__24033806300,other_adjacent_tract_pair,low_review,accepted,B160031,Prince George's,Jefferson St,MU,180.0,0.12,Jefferson St-between Us1 & 43rd Pl,Us 1 To Md 208,West,2.0,F,5070.0,5021.0,5370.0,5321.0,8.91,54.55,51.27,48.73,24033806300,24033806200,24033,24033,117.68388011493145,2146.249524485716,1,-76.94146039174608,38.95528424617529,https://maps.roads.maryland.gov/itms_public/?stationid=B160031,0.055,0.885,Urban,5.0,Major Collector,1.0,5022.0,5522.0,120.0,B,True,False,pg_dc_spatial;pg_montgomery_spatial,True,5070.0,5021.0,5370.0,5321.0,5022.0,5522.0,2.0,1.0,180.0,8.91,54.55,1559,Census Tract 8063,24033806300,24033806200,"Prince George's County, MD","Prince George's County, MD",117.68388011493145,AADT_2018,daily vehicle trips whose OD path crosses this tract-pair boundary; direct adjacent OD only is stricter and will undercount through traffic
sl_B2887_24031705701__24031705800,24031705701__24031705800,other_adjacent_tract_pair,high,accepted,B2887,Montgomery,Massachusetts Ave,MD,396.0,0.25,Md396-.25 Mi E Of Md614,Md 614 To Sangamore Rd,West,3.0,F,14670.0,14541.0,15700.0,15561.0,9.46,53.35,52.44,47.56,24031705800,24031705701,24031,24031,0.7592573329860433,1258.0162980079658,1,-77.12752226691637,38.967885506138536,https://maps.roads.maryland.gov/itms_public/?stationid=B2887,0.0,0.71,Urban,4.0,Minor Arterial,1.0,14542.0,15422.0,,B,True,False,montgomery_dc_spatial,True,14670.0,14541.0,15700.0,15561.0,14542.0,15422.0,3.0,1.0,396.0,9.46,53.35,1392,Census Tract 7058,24031705800,24031705701,"Montgomery County, MD","Montgomery County, MD",0.7592573329860433,AADT_2018,daily vehicle trips whose OD path crosses this tract-pair boundary; direct adjacent OD only is stricter and will undercount through traffic
sl_S2012161240_24033803610__24033803613,24033803610__24033803613,other_adjacent_tract_pair,medium,accepted,S2012161240,Prince George's,Lamont Dr,MU,260.0,0.99,Lamont Dr - Between Riverdale Rd & Powhatan St,Good Luck Rd To Riverdale Rd,South,3.0,F,6475.0,6240.0,6865.0,6610.0,8.23,61.03,48.38,51.62,24033803610,24033803613,24033,24033,59.463021578748474,2413.134650347264,1,-76.88201727578458,38.96179273407574,https://maps.roads.maryland.gov/itms_public/?stationid=S2012161240,0.0,1.03,Urban,6.0,Minor Collector,1.0,6241.0,6871.0,,S,True,False,pg_dc_spatial;pg_montgomery_spatial,True,6475.0,6240.0,6865.0,6610.0,6241.0,6871.0,3.0,1.0,260.0,8.23,61.03,490,Census Tract 8036.10,24033803610,24033803613,"Prince George's County, MD","Prince George's County, MD",59.463021578748474,AADT_2018,daily vehicle trips whose OD path crosses this tract-pair boundary; direct adjacent OD only is stricter and will undercount through traffic
sl_B2728_24031701409__24031701410,24031701409__24031701410,other_adjacent_tract_pair,high,accepted,B2728,Montgomery,Columbia Pike,US,29.0,10.22,Us29-.50 Mi S Of Md198,Briggs Chaney Rd To Md 198,North,5.0,C,66451.0,65852.0,71101.0,70462.0,8.12,52.81,50.72,49.28,24031701409,24031701410,24031,24031,3.922296427462359,1883.5216258861215,1,-76.93265671511213,39.10502208907995,https://maps.roads.maryland.gov/itms_public/?stationid=B2728,8.46,10.72,Urban,2.0,Principal Arterial Other Freeways and Expressways,1.0,66270.0,70250.0,1445.0,B,True,False,montgomery_dc_route;pg_montgomery_route;pg_montgomery_spatial,True,66451.0,65852.0,71101.0,70462.0,66270.0,70250.0,5.0,1.0,29.0,8.12,52.81,572,Census Tract 7014.09,24031701409,24031701410,"Montgomery County, MD","Montgomery County, MD",3.922296427462359,AADT_2018,daily vehicle trips whose OD path crosses this tract-pair boundary; direct adjacent OD only is stricter and will undercount through traffic
sl_S2012150682_24031703201__24031703301,24031703201__24031703301,other_adjacent_tract_pair,high,accepted,S2012150682,Montgomery,Aspen Hill Rd,CO,142.0,0.06,Aspen Hill Rd - Between Adrian St & Margot Dr,Md 586 To Arctic Ave,North,3.0,F,17575.0,16570.0,18815.0,17730.0,8.42,57.48,49.68,50.32,24031703201,24031703301,24031,24031,0.5972212368495501,2017.792468389,2,-77.10408955013506,39.06994542725072,https://maps.roads.maryland.gov/itms_public/?stationid=S2012150682,0.0,0.37,Urban,4.0,Minor Arterial,1.0,16571.0,17571.0,,S,True,False,montgomery_dc_spatial;pg_montgomery_spatial,True,17575.0,16570.0,18815.0,17730.0,16571.0,17571.0,3.0,1.0,142.0,8.42,57.48,1410,Census Tract 7032.01,24031703201,24031703301,"Montgomery County, MD","Montgomery County, MD",0.5972212368495501,AADT_2018,daily vehicle trips whose OD path crosses this tract-pair boundary; direct adjacent OD only is stricter and will undercount through traffic
sl_B2723_24031702102__24031703100,24031702102__24031703100,other_adjacent_tract_pair,high,accepted,B2723,Montgomery,Colesville Rd,US,29.0,2.82,Us29-.10 Mi N Of Md193,Md 193 Eb/l To Lockwood Dr,North,7.0,C,68251.0,67642.0,73031.0,72382.0,7.23,55.71,49.06,50.94,24031702102,24031703100,24031,24031,4.112492886867383,712.5626034168267,2,-77.01201937062774,39.021203315227,https://maps.roads.maryland.gov/itms_public/?stationid=B2723,2.7,3.88,Urban,3.0,Principal Arterial Other,1.0,72220.0,76550.0,1782.0,B,True,False,montgomery_dc_route;pg_montgomery_route;montgomery_dc_spatial;pg_montgomery_spatial,True,68251.0,67642.0,73031.0,72382.0,72220.0,76550.0,7.0,1.0,29.0,7.23,55.71,1400,Census Tract 7021.02,24031702102,24031703100,"Montgomery County, MD","Montgomery County, MD",4.112492886867383,AADT_2018,daily vehicle trips whose OD path crosses this tract-pair boundary; direct adjacent OD only is stricter and will undercount through traffic
sl_S2012161011_24033800203__24033807407,24033800203__24033807407,other_adjacent_tract_pair,high,accepted,S2012161011,Prince George's,Green Castle Rd                         ,CO,18.0,0.09,Green Castle Rd - .10 Mi West Of Old Gunpowder Rd,Old Gunpowder Rd To Montgomery Co/l,West,2.0,F,6615.0,6490.0,7015.0,6880.0,8.48,61.59,49.46,50.54,24033800203,24033807407,24033,24033,1.9524060885857804,3399.5233367299647,1,-76.9226973352039,39.07577882628755,https://maps.roads.maryland.gov/itms_public/?stationid=S2012161011,0.0,0.46,Urban,5.0,Major Collector,1.0,6491.0,7141.0,,S,True,False,pg_dc_spatial;pg_montgomery_spatial,True,6615.0,6490.0,7015.0,6880.0,6491.0,7141.0,2.0,1.0,18.0,8.48,61.59,1537,Census Tract 8002.03,24033800203,24033807407,"Prince George's County, MD","Prince George's County, MD",1.9524060885857804,AADT_2018,daily vehicle trips whose OD path crosses this tract-pair boundary; direct adjacent OD only is stricter and will undercount through traffic
sl_B3105_24033807000__24033807301,24033807000__24033807301,other_adjacent_tract_pair,low_review,accepted,B3105,Prince George's,Baltimore Ave,US,1.0,5.14,Us1-.10 Mi S Of Md193,Md 430 To Md 193,North,4.0,C,37301.0,36972.0,39911.0,39562.0,7.75,60.02,50.32,49.68,24033807000,24033807301,24033,24033,144.79252990830835,2878.593333607053,2,-76.9313057899603,38.999887606581005,https://maps.roads.maryland.gov/itms_public/?stationid=B3105,5.03,5.24,Urban,3.0,Principal Arterial Other,1.0,36940.0,39160.0,,B,True,False,pg_dc_route;pg_dc_spatial;pg_montgomery_spatial,True,37301.0,36972.0,39911.0,39562.0,36940.0,39160.0,4.0,1.0,1.0,7.75,60.02,1500,Census Tract 8070,24033807000,24033807301,"Prince George's County, MD","Prince George's County, MD",144.79252990830835,AADT_2018,daily vehicle trips whose OD path crosses this tract-pair boundary; direct adjacent OD only is stricter and will undercount through traffic
sl_S2012161224_24033804001__24033804002,24033804001__24033804002,other_adjacent_tract_pair,high,accepted,S2012161224,Prince George's,57th Ave,MU,570.0,0.13,57th Ave - .10 Mi North Of Md 450,Annapolis Rd To Road End,South,2.0,F,13995.0,13660.0,14845.0,14480.0,8.95,53.7,50.46,49.54,24033804001,24033804002,24033,24033,0.47147127784221227,1024.5533313251979,2,-76.91745955073466,38.94117094403629,https://maps.roads.maryland.gov/itms_public/?stationid=S2012161224,0.0,0.84,Urban,5.0,Major Collector,1.0,13661.0,15031.0,,S,True,False,pg_dc_spatial;pg_montgomery_spatial,True,13995.0,13660.0,14845.0,14480.0,13661.0,15031.0,2.0,1.0,570.0,8.95,53.7,515,Census Tract 8040.01,24033804001,24033804002,"Prince George's County, MD","Prince George's County, MD",0.47147127784221227,AADT_2018,daily vehicle trips whose OD path crosses this tract-pair boundary; direct adjacent OD only is stricter and will undercount through traffic
sl_S2012161250_24033804002__24033806300,24033804002__24033806300,other_adjacent_tract_pair,medium,accepted,S2012161250,Prince George's,Decatur St,MU,40.0,0.61,Decatur St - Between Md 201 & 52nd Pl,Decatur St #2 (back) To Kenilworth Ave,East,2.0,F,8965.0,8270.0,9505.0,8770.0,10.19,60.38,49.21,50.79,24033806300,24033804002,24033,24033,56.6237698597397,1647.4276083903403,2,-76.92995560232534,38.94818696909058,https://maps.roads.maryland.gov/itms_public/?stationid=S2012161250,0.08,0.65,Urban,5.0,Major Collector,1.0,8271.0,9101.0,,S,True,False,pg_dc_spatial;pg_montgomery_spatial,True,8965.0,8270.0,9505.0,8770.0,8271.0,9101.0,2.0,1.0,40.0,10.19,60.38,1559,Census Tract 8063,24033806300,24033804002,"Prince George's County, MD","Prince George's County, MD",56.6237698597397,AADT_2018,daily vehicle trips whose OD path crosses this tract-pair boundary; direct adjacent OD only is stricter and will undercount through traffic
sl_B160007_24033800509__24033800607,24033800509__24033800607,other_adjacent_tract_pair,high,accepted,B160007,Prince George's,Oak Grove Rd,CO,101.0,0.1,Oak Grove Rd-.10 Mi E Of Md193,Md 193 To Leeland Rd S.,East,2.0,F,5660.0,5611.0,6000.0,5951.0,9.64,59.09,49.51,50.49,24033800509,24033800607,24033,24033,3.8596716383348224,2668.3045242426842,1,-76.77949199185926,38.87697086731757,https://maps.roads.maryland.gov/itms_public/?stationid=B160007,0.0,1.79,Urban,5.0,Major Collector,1.0,5612.0,6172.0,98.0,B,True,False,pg_dc_spatial,True,5660.0,5611.0,6000.0,5951.0,5612.0,6172.0,2.0,1.0,101.0,9.64,59.09,1498,Census Tract 8005.09,24033800509,24033800607,"Prince George's County, MD","Prince George's County, MD",3.8596716383348224,AADT_2018,daily vehicle trips whose OD path crosses this tract-pair boundary; direct adjacent OD only is stricter and will undercount through traffic
sl_B150104_24031702700__24031704100,24031702700__24031704100,other_adjacent_tract_pair,high,accepted,B150104,Montgomery,Newcastle Ave,CO,3210.0,0.15,New Castle Ave-.10 Mi W Of Forest Glen Rd,Forest Glen Rd To Forsythe Ave,East,2.0,F,3490.0,3461.0,3700.0,3671.0,13.7,69.88,54.69,45.31,24031702700,24031704100,24031,24031,49.25076523295471,829.6089308025055,1,-77.06091571897798,39.01353393922486,https://maps.roads.maryland.gov/itms_public/?stationid=B150104,0.0,0.246,Urban,5.0,Major Collector,1.0,3462.0,3812.0,28.0,B,True,False,montgomery_dc_spatial;pg_montgomery_spatial,True,3490.0,3461.0,3700.0,3671.0,3462.0,3812.0,2.0,1.0,3210.0,13.7,69.88,342,Census Tract 7027,24031702700,24031704100,"Montgomery County, MD","Montgomery County, MD",49.25076523295471,AADT_2018,daily vehicle trips whose OD path crosses this tract-pair boundary; direct adjacent OD only is stricter and will undercount through traffic
sl_S2012161242_24033803605__24033803610,24033803605__24033803610,other_adjacent_tract_pair,high,accepted,S2012161242,Prince George's,85th Ave #3,MU,853.0,0.21,85th Ave #3 - Between Md 450 & Longfellow St,Westbrook Dr#1 To Annapolis Rd,North,4.0,F,12205.0,11510.0,12945.0,12200.0,7.06,56.04,50.38,49.62,24033803610,24033803605,24033,24033,12.928969993968288,3324.816405432771,2,-76.86976783958715,38.958504093386246,https://maps.roads.maryland.gov/itms_public/?stationid=S2012161242,0.0,0.26,Urban,5.0,Major Collector,1.0,11511.0,12661.0,,S,True,False,pg_dc_spatial;pg_montgomery_spatial,True,12205.0,11510.0,12945.0,12200.0,11511.0,12661.0,4.0,1.0,853.0,7.06,56.04,490,Census Tract 8036.10,24033803610,24033803605,"Prince George's County, MD","Prince George's County, MD",12.928969993968288,AADT_2018,daily vehicle trips whose OD path crosses this tract-pair boundary; direct adjacent OD only is stricter and will undercount through traffic
sl_B2886_24031702401__24031702402,24031702401__24031702402,other_adjacent_tract_pair,high,accepted,B2886,Montgomery,Dale Dr,CO,7074.0,1.69,Dale Dr-.50 Mi W Of Md320,Wayne Ave To Md 320,West,2.0,F,4152.0,4310.0,4442.0,4610.0,8.58,52.0,50.71,49.29,24031702401,24031702402,24031,24031,0.6887768206364124,2783.206052105955,1,-77.0155299526221,38.99637294438165,https://maps.roads.maryland.gov/itms_public/?stationid=B2886,1.44,2.19,Urban,4.0,Minor Arterial,1.0,4311.0,4571.0,192.0,B,True,False,montgomery_dc_spatial;pg_montgomery_spatial,True,4152.0,4310.0,4442.0,4610.0,4311.0,4571.0,2.0,1.0,7074.0,8.58,52.0,1451,Census Tract 7024.01,24031702401,24031702402,"Montgomery County, MD","Montgomery County, MD",0.6887768206364124,AADT_2018,daily vehicle trips whose OD path crosses this tract-pair boundary; direct adjacent OD only is stricter and will undercount through traffic
sl_S2002150054_24031705800__24031706008,24031705800__24031706008,other_adjacent_tract_pair,high,accepted,S2002150054,Montgomery,Capital Beltway,IS,495.0,0.27,Is 495 - .20 Mile East Of Virginia St/l,Virginia St/l To Clara Barton Pkwy,East,8.0,F,252710.0,251191.0,262820.0,261241.0,6.96,50.89,48.9,51.1,24031705800,24031706008,24031,24031,20.205004654125677,886.6171886113257,1,-77.17904176596485,38.97094693983455,https://maps.roads.maryland.gov/itms_public/?stationid=S2002150054,0.0,0.52,Urban,1.0,Interstate,1.0,252952.0,263072.0,13335.0,S,True,False,montgomery_dc_route;pg_montgomery_route;montgomery_dc_spatial,True,252710.0,251191.0,262820.0,261241.0,252952.0,263072.0,8.0,1.0,495.0,6.96,50.89,1392,Census Tract 7058,24031705800,24031706008,"Montgomery County, MD","Montgomery County, MD",20.205004654125677,AADT_2018,daily vehicle trips whose OD path crosses this tract-pair boundary; direct adjacent OD only is stricter and will undercount through traffic
sl_S2012150791_24031704600__24031705901,24031704600__24031705901,other_adjacent_tract_pair,medium,accepted,S2012150791,Montgomery,Woodhaven Blvd                          ,CO,1276.0,0.46,Woodhaven Blvd - Between Md 191 & Poe Rd,Thoreau Dr To Bradley Blvd,North,2.0,F,3085.0,3220.0,3275.0,3410.0,9.33,52.52,48.87,51.13,24031705901,24031704600,24031,24031,68.48587053162389,1981.635234935698,1,-77.12905260269842,38.99579504323199,https://maps.roads.maryland.gov/itms_public/?stationid=S2012150791,0.0,0.5,Urban,7.0,Local,1.0,3221.0,3541.0,,S,True,False,montgomery_dc_spatial,True,3085.0,3220.0,3275.0,3410.0,3221.0,3541.0,2.0,1.0,1276.0,9.33,52.52,1388,Census Tract 7059.01,24031705901,24031704600,"Montgomery County, MD","Montgomery County, MD",68.48587053162389,AADT_2018,daily vehicle trips whose OD path crosses this tract-pair boundary; direct adjacent OD only is stricter and will undercount through traffic
sl_B2892_24031705000__24031705100,24031705000__24031705100,other_adjacent_tract_pair,low_review,accepted,B2892,Montgomery,East West Hwy,MD,410.0,1.11,Md410-.10 Mi E Of Md185,Md 185 To Md 186,East,4.0,F,19760.0,19581.0,21140.0,20951.0,8.29,62.86,52.71,47.29,24031705100,24031705000,24031,24031,155.68328539581094,1985.440823149291,2,-77.0754666676794,38.98828700992246,https://maps.roads.maryland.gov/itms_public/?stationid=B2892,1.01,1.38,Urban,3.0,Principal Arterial Other,1.0,20402.0,20762.0,,B,True,False,montgomery_dc_route;montgomery_dc_spatial;pg_montgomery_spatial,True,19760.0,19581.0,21140.0,20951.0,20402.0,20762.0,4.0,1.0,410.0,8.29,62.86,576,Census Tract 7051,24031705100,24031705000,"Montgomery County, MD","Montgomery County, MD",155.68328539581094,AADT_2018,daily vehicle trips whose OD path crosses this tract-pair boundary; direct adjacent OD only is stricter and will undercount through traffic
sl_S2012161080_24033801405__24033801409,24033801405__24033801409,other_adjacent_tract_pair,medium,accepted,S2012161080,Prince George's,Bock Rd,CO,148.0,0.33,Bock Rd - .10 Mi West Of St Barnabas Rd,Livingston Rd To St Barnabas Rd,West,3.0,F,11285.0,11950.0,12085.0,12790.0,7.52,64.52,49.94,50.06,24033801405,24033801409,24033,24033,94.25391947137095,2806.995038958087,2,-76.98119287047447,38.80055140163108,https://maps.roads.maryland.gov/itms_public/?stationid=S2012161080,0.0,0.39,Urban,4.0,Minor Arterial,1.0,11951.0,12671.0,,S,True,False,pg_dc_spatial,True,11285.0,11950.0,12085.0,12790.0,11951.0,12671.0,3.0,1.0,148.0,7.52,64.52,1568,Census Tract 8014.05,24033801405,24033801409,"Prince George's County, MD","Prince George's County, MD",94.25391947137095,AADT_2018,daily vehicle trips whose OD path crosses this tract-pair boundary; direct adjacent OD only is stricter and will undercount through traffic
sl_S2012150793_24031705901__24031705903,24031705901__24031705903,other_adjacent_tract_pair,medium,accepted,S2012150793,Montgomery,Whittier Blvd,CO,1279.0,0.53,Whittier Blvd - .10 Mile North Of Md 188,Cul De Sac To  Md 188,South,2.0,F,2735.0,2830.0,2905.0,3000.0,11.37,70.98,49.36,50.64,24031705901,24031705903,24031,24031,93.0094463654181,1970.3212586703933,1,-77.12830895933992,38.988985158945226,https://maps.roads.maryland.gov/itms_public/?stationid=S2012150793,0.0,0.59,Urban,6.0,Minor Collector,1.0,2831.0,3111.0,,S,True,False,montgomery_dc_spatial,True,2735.0,2830.0,2905.0,3000.0,2831.0,3111.0,2.0,1.0,1279.0,11.37,70.98,1388,Census Tract 7059.01,24031705901,24031705903,"Montgomery County, MD","Montgomery County, MD",93.0094463654181,AADT_2018,daily vehicle trips whose OD path crosses this tract-pair boundary; direct adjacent OD only is stricter and will undercount through traffic
sl_B3118_24033800701__24033801104,24033800701__24033801104,other_adjacent_tract_pair,high,accepted,B3118,Prince George's,Pennsylvania Ave,MD,4.0,7.93,Md4-.50 Mi S Of Md337,Dower House Rd To Md 337,South,6.0,F,75892.0,78200.0,81202.0,83670.0,6.92,66.47,49.55,50.45,24033800701,24033801104,24033,24033,37.38572113554792,752.6772086868831,1,-76.85150033328159,38.823608983669246,https://maps.roads.maryland.gov/itms_public/?stationid=B3118,7.68,8.43,Urban,2.0,Principal Arterial Other Freeways and Expressways,1.0,78201.0,82891.0,4268.0,B,True,False,pg_dc_route;pg_dc_spatial,True,75892.0,78200.0,81202.0,83670.0,78201.0,82891.0,6.0,1.0,4.0,6.92,66.47,1499,Census Tract 8007.01,24033800701,24033801104,"Prince George's County, MD","Prince George's County, MD",37.38572113554792,AADT_2018,daily vehicle trips whose OD path crosses this tract-pair boundary; direct adjacent OD only is stricter and will undercount through traffic
