[[1;34mINFO[m] Scanning for projects...
[[1;34mINFO[m] 
[[1;34mINFO[m] [1m-------------------< [0;36mtripsynth:stage1-matsim-runner[0;1m >-------------------[m
[[1;34mINFO[m] [1mBuilding stage1-matsim-runner 0.1.0[m
[[1;34mINFO[m] [1m--------------------------------[ jar ]---------------------------------[m
[[1;34mINFO[m] 
[[1;34mINFO[m] [1m--- [0;32mexec-maven-plugin:3.3.0:java[m [1m(default-cli)[m @ [36mstage1-matsim-runner[0;1m ---[m
2026-06-04T02:43:53,393  INFO IOUtils:213 Resolved 06x_stage1_va_speed/config_synthetic.xml to 06x_stage1_va_speed/config_synthetic.xml
2026-06-04T02:43:53,395  INFO Config:602 setting context to [file:/home/raziq/Documents/Code/umd/tripsynth/]
2026-06-04T02:43:53,419  INFO Version:21 HV000001: Hibernate Validator 8.0.0.Final
2026-06-04T02:43:53,461  INFO MatsimXmlParser:165 starting to parse xml from url file:/home/raziq/Documents/Code/umd/tripsynth/06x_stage1_va_speed/config_synthetic.xml ...
2026-06-04T02:43:53,474  INFO ConfigReader:103 using config_v2-reader
2026-06-04T02:43:53,474  INFO MatsimXmlParser:281 Trying to load http://www.matsim.org/files/dtd/config_v2.dtd. In some cases (e.g. network interface up but no connection), this may take a bit.
2026-06-04T02:43:54,690  INFO GlobalConfigGroup:93 setting number of threads to: 8
2026-06-04T02:43:54,698  INFO PlanCalcScoreConfigGroup$ScoringParameterSet:1488 mode parameters for mode car were just overwritten.
2026-06-04T02:43:54,706  INFO Config:602 setting context to [file:/home/raziq/Documents/Code/umd/tripsynth/06x_stage1_va_speed/config_synthetic.xml]
2026-06-04T02:43:54,718  INFO ScenarioLoaderImpl:135 loading network from file:/home/raziq/Documents/Code/umd/tripsynth/06x_stage1_va_speed_osm/network.xml.gz
2026-06-04T02:43:54,718  INFO MatsimXmlParser:165 starting to parse xml from url file:/home/raziq/Documents/Code/umd/tripsynth/06x_stage1_va_speed_osm/network.xml.gz ...
2026-06-04T02:43:54,762  INFO MatsimNetworkReader:121 using network_v2-reader.
2026-06-04T02:43:54,762  INFO MatsimXmlParser:281 Trying to load http://www.matsim.org/files/dtd/network_v2.dtd. In some cases (e.g. network interface up but no connection), this may take a bit.
2026-06-04T02:43:54,879  INFO NetworkImpl:165  node # 1
2026-06-04T02:43:54,880  INFO NetworkImpl:165  node # 4
2026-06-04T02:43:54,882  INFO NetworkImpl:165  node # 16
2026-06-04T02:43:54,888  INFO NetworkImpl:165  node # 64
2026-06-04T02:43:54,897  INFO NetworkImpl:165  node # 256
2026-06-04T02:43:54,902  INFO NetworkImpl:165  node # 1024
2026-06-04T02:43:54,911  INFO NetworkImpl:165  node # 4096
2026-06-04T02:43:54,929  INFO NetworkImpl:165  node # 16384
2026-06-04T02:43:54,996  INFO NetworkImpl:165  node # 65536
2026-06-04T02:43:55,185  INFO NetworkImpl:165  node # 262144
2026-06-04T02:43:55,939  INFO NetworkImpl:165  node # 1048576
2026-06-04T02:43:56,521  INFO NetworkImpl:161  link # 1
2026-06-04T02:43:56,521  INFO NetworkImpl:161  link # 4
2026-06-04T02:43:56,522  INFO NetworkImpl:161  link # 16
2026-06-04T02:43:56,523  INFO NetworkImpl:161  link # 64
2026-06-04T02:43:56,526  INFO NetworkImpl:161  link # 256
2026-06-04T02:43:56,529  INFO NetworkImpl:161  link # 1024
2026-06-04T02:43:56,540  INFO NetworkImpl:161  link # 4096
2026-06-04T02:43:56,575  INFO NetworkImpl:161  link # 16384
2026-06-04T02:43:56,677  INFO NetworkImpl:161  link # 65536
2026-06-04T02:43:57,076  INFO NetworkImpl:161  link # 262144
2026-06-04T02:43:58,888  INFO NetworkImpl:161  link # 1048576
2026-06-04T02:44:04,133  INFO ScenarioLoaderImpl:172 no facilities file set in config, therefore not loading any facilities.  This is not a problem except if you are using facilities
2026-06-04T02:44:04,133  INFO ScenarioLoaderImpl:188 no facility-attributes file set in config, not loading any facility attributes
2026-06-04T02:44:04,134  INFO ScenarioLoaderImpl:196 loading population from file:/home/raziq/Documents/Code/umd/tripsynth/06x_stage1_va_speed/synthetic_population.xml.gz
2026-06-04T02:44:04,135  INFO MatsimXmlParser:165 starting to parse xml from url file:/home/raziq/Documents/Code/umd/tripsynth/06x_stage1_va_speed/synthetic_population.xml.gz ...
2026-06-04T02:44:04,137  INFO PopulationReader:124 using population_v6-reader.
2026-06-04T02:44:04,137  INFO MatsimXmlParser:281 Trying to load http://www.matsim.org/files/dtd/population_v6.dtd. In some cases (e.g. network interface up but no connection), this may take a bit.
2026-06-04T02:44:04,413  INFO PopulationImpl:107  person # 1
2026-06-04T02:44:04,414  INFO PopulationImpl:107  person # 4
2026-06-04T02:44:04,417  INFO PopulationImpl:107  person # 16
2026-06-04T02:44:04,421  INFO PopulationImpl:107  person # 64
2026-06-04T02:44:04,425  INFO PopulationImpl:107  person # 256
2026-06-04T02:44:04,432  INFO PopulationImpl:107  person # 1024
2026-06-04T02:44:04,455  INFO PopulationImpl:107  person # 4096
2026-06-04T02:44:04,518  INFO PopulationImpl:107  person # 16384
2026-06-04T02:44:04,652  INFO PopulationImpl:107  person # 65536
2026-06-04T02:44:04,990  INFO PopulationUtils:1078  person # 189938
2026-06-04T02:44:04,990  INFO ScenarioLoaderImpl:244 no person-attributes file set in config, not loading any person attributes
2026-06-04T02:44:04,990  INFO ScenarioLoaderImpl:258 no households file set in config, not loading households
2026-06-04T02:44:04,990  INFO ScenarioLoaderImpl:276 no household-attributes file set in config, not loading any household attributes
2026-06-04T02:44:04,990  INFO ScenarioLoaderImpl:290 no transit schedule file set in config, not loading any transit schedule
2026-06-04T02:44:04,991  INFO ScenarioLoaderImpl:331 no transit vehicles file set in config, not loading any transit vehicles
2026-06-04T02:44:04,995 ERROR PlanCalcScoreConfigGroup$ScoringParameterSet:1544 it looks like you have an activity type with opening time set to 0:00 and closing time set to 24:00. This is most probably not the same as not setting them at all.  In particular, activities which extend past midnight may not accumulate scores.
2026-06-04T02:44:04,995 ERROR PlanCalcScoreConfigGroup$ScoringParameterSet:1544 it looks like you have an activity type with opening time set to 0:00 and closing time set to 24:00. This is most probably not the same as not setting them at all.  In particular, activities which extend past midnight may not accumulate scores.
2026-06-04T02:44:04,995 ERROR PlanCalcScoreConfigGroup$ScoringParameterSet:1544 it looks like you have an activity type with opening time set to 0:00 and closing time set to 24:00. This is most probably not the same as not setting them at all.  In particular, activities which extend past midnight may not accumulate scores.
2026-06-04T02:44:04,995 ERROR PlanCalcScoreConfigGroup$ScoringParameterSet:1544 it looks like you have an activity type with opening time set to 0:00 and closing time set to 24:00. This is most probably not the same as not setting them at all.  In particular, activities which extend past midnight may not accumulate scores.
2026-06-04T02:44:04,995 ERROR PlanCalcScoreConfigGroup$ScoringParameterSet:1544 it looks like you have an activity type with opening time set to 0:00 and closing time set to 24:00. This is most probably not the same as not setting them at all.  In particular, activities which extend past midnight may not accumulate scores.
2026-06-04T02:44:04,995 ERROR PlanCalcScoreConfigGroup$ScoringParameterSet:1544 it looks like you have an activity type with opening time set to 0:00 and closing time set to 24:00. This is most probably not the same as not setting them at all.  In particular, activities which extend past midnight may not accumulate scores.
2026-06-04T02:44:04,995 ERROR PlanCalcScoreConfigGroup$ScoringParameterSet:1544 it looks like you have an activity type with opening time set to 0:00 and closing time set to 24:00. This is most probably not the same as not setting them at all.  In particular, activities which extend past midnight may not accumulate scores.
2026-06-04T02:44:04,995 ERROR PlanCalcScoreConfigGroup$ScoringParameterSet:1544 it looks like you have an activity type with opening time set to 0:00 and closing time set to 24:00. This is most probably not the same as not setting them at all.  In particular, activities which extend past midnight may not accumulate scores.
2026-06-04T02:44:04,996 ERROR PlanCalcScoreConfigGroup$ScoringParameterSet:1544 it looks like you have an activity type with opening time set to 0:00 and closing time set to 24:00. This is most probably not the same as not setting them at all.  In particular, activities which extend past midnight may not accumulate scores.
2026-06-04T02:44:04,996 ERROR PlanCalcScoreConfigGroup$ScoringParameterSet:1544 it looks like you have an activity type with opening time set to 0:00 and closing time set to 24:00. This is most probably not the same as not setting them at all.  In particular, activities which extend past midnight may not accumulate scores.
2026-06-04T02:44:04,996 ERROR PlanCalcScoreConfigGroup$ScoringParameterSet:1544 it looks like you have an activity type with opening time set to 0:00 and closing time set to 24:00. This is most probably not the same as not setting them at all.  In particular, activities which extend past midnight may not accumulate scores.
2026-06-04T02:44:04,996 ERROR PlanCalcScoreConfigGroup$ScoringParameterSet:1544 it looks like you have an activity type with opening time set to 0:00 and closing time set to 24:00. This is most probably not the same as not setting them at all.  In particular, activities which extend past midnight may not accumulate scores.
2026-06-04T02:44:04,996 ERROR PlanCalcScoreConfigGroup$ScoringParameterSet:1544 it looks like you have an activity type with opening time set to 0:00 and closing time set to 24:00. This is most probably not the same as not setting them at all.  In particular, activities which extend past midnight may not accumulate scores.
2026-06-04T02:44:04,996 ERROR PlanCalcScoreConfigGroup$ScoringParameterSet:1544 it looks like you have an activity type with opening time set to 0:00 and closing time set to 24:00. This is most probably not the same as not setting them at all.  In particular, activities which extend past midnight may not accumulate scores.
2026-06-04T02:44:04,996 ERROR PlanCalcScoreConfigGroup$ScoringParameterSet:1544 it looks like you have an activity type with opening time set to 0:00 and closing time set to 24:00. This is most probably not the same as not setting them at all.  In particular, activities which extend past midnight may not accumulate scores.
2026-06-04T02:44:04,996 ERROR PlanCalcScoreConfigGroup$ScoringParameterSet:1544 it looks like you have an activity type with opening time set to 0:00 and closing time set to 24:00. This is most probably not the same as not setting them at all.  In particular, activities which extend past midnight may not accumulate scores.
2026-06-04T02:44:04,996 ERROR PlanCalcScoreConfigGroup$ScoringParameterSet:1544 it looks like you have an activity type with opening time set to 0:00 and closing time set to 24:00. This is most probably not the same as not setting them at all.  In particular, activities which extend past midnight may not accumulate scores.
2026-06-04T02:44:04,996 ERROR PlanCalcScoreConfigGroup$ScoringParameterSet:1544 it looks like you have an activity type with opening time set to 0:00 and closing time set to 24:00. This is most probably not the same as not setting them at all.  In particular, activities which extend past midnight may not accumulate scores.
2026-06-04T02:44:04,996  INFO VspConfigConsistencyCheckerImpl:64 NOT running vsp config consistency check because vsp defaults checking level is set to IGNORE
2026-06-04T02:44:05,338  INFO SimStepParallelEventsManagerImpl:80 number of threads=1
2026-06-04T02:44:05,358  INFO EventsManagerImpl:138 adding Event-Handler: org.matsim.core.trafficmonitoring.TravelTimeCalculator
2026-06-04T02:44:05,358  INFO EventsManagerImpl:144   org.matsim.api.core.v01.events.handler.LinkEnterEventHandler
2026-06-04T02:44:05,358  INFO EventsManagerImpl:205     > org.matsim.api.core.v01.events.LinkEnterEvent
2026-06-04T02:44:05,358  INFO EventsManagerImpl:144   org.matsim.api.core.v01.events.handler.LinkLeaveEventHandler
2026-06-04T02:44:05,358  INFO EventsManagerImpl:205     > org.matsim.api.core.v01.events.LinkLeaveEvent
2026-06-04T02:44:05,358  INFO EventsManagerImpl:144   org.matsim.api.core.v01.events.handler.VehicleEntersTrafficEventHandler
2026-06-04T02:44:05,358  INFO EventsManagerImpl:205     > org.matsim.api.core.v01.events.VehicleEntersTrafficEvent
2026-06-04T02:44:05,358  INFO EventsManagerImpl:144   org.matsim.api.core.v01.events.handler.VehicleLeavesTrafficEventHandler
2026-06-04T02:44:05,358  INFO EventsManagerImpl:205     > org.matsim.api.core.v01.events.VehicleLeavesTrafficEvent
2026-06-04T02:44:05,358  INFO EventsManagerImpl:144   org.matsim.core.api.experimental.events.handler.VehicleArrivesAtFacilityEventHandler
2026-06-04T02:44:05,359  INFO EventsManagerImpl:205     > org.matsim.core.api.experimental.events.VehicleArrivesAtFacilityEvent
2026-06-04T02:44:05,359  INFO EventsManagerImpl:144   org.matsim.api.core.v01.events.handler.VehicleAbortsEventHandler
2026-06-04T02:44:05,359  INFO EventsManagerImpl:205     > org.matsim.api.core.v01.events.VehicleAbortsEvent
2026-06-04T02:44:05,359  INFO EventsManagerImpl:154 
2026-06-04T02:44:05,359  INFO EventsManagerImpl:138 adding Event-Handler: org.matsim.core.trafficmonitoring.TravelTimeCalculator
2026-06-04T02:44:05,359  INFO EventsManagerImpl:144   org.matsim.api.core.v01.events.handler.LinkEnterEventHandler
2026-06-04T02:44:05,359  INFO EventsManagerImpl:205     > org.matsim.api.core.v01.events.LinkEnterEvent
2026-06-04T02:44:05,359  INFO EventsManagerImpl:144   org.matsim.api.core.v01.events.handler.LinkLeaveEventHandler
2026-06-04T02:44:05,359  INFO EventsManagerImpl:205     > org.matsim.api.core.v01.events.LinkLeaveEvent
2026-06-04T02:44:05,359  INFO EventsManagerImpl:144   org.matsim.api.core.v01.events.handler.VehicleEntersTrafficEventHandler
2026-06-04T02:44:05,359  INFO EventsManagerImpl:205     > org.matsim.api.core.v01.events.VehicleEntersTrafficEvent
2026-06-04T02:44:05,359  INFO EventsManagerImpl:144   org.matsim.api.core.v01.events.handler.VehicleLeavesTrafficEventHandler
2026-06-04T02:44:05,359  INFO EventsManagerImpl:205     > org.matsim.api.core.v01.events.VehicleLeavesTrafficEvent
2026-06-04T02:44:05,359  INFO EventsManagerImpl:144   org.matsim.core.api.experimental.events.handler.VehicleArrivesAtFacilityEventHandler
2026-06-04T02:44:05,359  INFO EventsManagerImpl:205     > org.matsim.core.api.experimental.events.VehicleArrivesAtFacilityEvent
2026-06-04T02:44:05,359  INFO EventsManagerImpl:144   org.matsim.api.core.v01.events.handler.VehicleAbortsEventHandler
2026-06-04T02:44:05,359  INFO EventsManagerImpl:205     > org.matsim.api.core.v01.events.VehicleAbortsEvent
2026-06-04T02:44:05,359  INFO EventsManagerImpl:154 
2026-06-04T02:44:05,361  INFO StrategyManager:77 global innovation switch off after iteration: 0
2026-06-04T02:44:05,361  INFO GenericStrategyManagerImpl:362 setting PlanSelectorForRemoval to class org.matsim.core.replanning.selectors.WorstPlanForRemovalSelector
2026-06-04T02:44:05,363  INFO EventsManagerImpl:138 adding Event-Handler: org.matsim.core.scoring.ScoringFunctionsForPopulation
2026-06-04T02:44:05,363  INFO EventsManagerImpl:144   org.matsim.core.events.handler.BasicEventHandler
2026-06-04T02:44:05,363  INFO EventsManagerImpl:205     > org.matsim.api.core.v01.events.Event
2026-06-04T02:44:05,363  INFO EventsManagerImpl:154 
2026-06-04T02:44:05,363  INFO EventsManagerImpl:138 adding Event-Handler: org.matsim.core.scoring.ScoringFunctionsForPopulation
2026-06-04T02:44:05,363  INFO EventsManagerImpl:144   org.matsim.core.events.handler.BasicEventHandler
2026-06-04T02:44:05,363  INFO EventsManagerImpl:205     > org.matsim.api.core.v01.events.Event
2026-06-04T02:44:05,363  INFO EventsManagerImpl:154 
2026-06-04T02:44:05,372  INFO CalcLinkStats:151  resetting `count' to zero.  This info is here since we want to check when this is happening during normal simulation runs.  kai, jan'11
2026-06-04T02:44:06,420  INFO EventsManagerImpl:138 adding Event-Handler: org.matsim.analysis.VolumesAnalyzer
2026-06-04T02:44:06,420  INFO EventsManagerImpl:144   org.matsim.api.core.v01.events.handler.LinkLeaveEventHandler
2026-06-04T02:44:06,421  INFO EventsManagerImpl:205     > org.matsim.api.core.v01.events.LinkLeaveEvent
2026-06-04T02:44:06,421  INFO EventsManagerImpl:144   org.matsim.api.core.v01.events.handler.VehicleEntersTrafficEventHandler
2026-06-04T02:44:06,421  INFO EventsManagerImpl:205     > org.matsim.api.core.v01.events.VehicleEntersTrafficEvent
2026-06-04T02:44:06,421  INFO EventsManagerImpl:154 
2026-06-04T02:44:06,421  INFO EventsManagerImpl:138 adding Event-Handler: org.matsim.analysis.VolumesAnalyzer
2026-06-04T02:44:06,421  INFO EventsManagerImpl:144   org.matsim.api.core.v01.events.handler.LinkLeaveEventHandler
2026-06-04T02:44:06,421  INFO EventsManagerImpl:205     > org.matsim.api.core.v01.events.LinkLeaveEvent
2026-06-04T02:44:06,421  INFO EventsManagerImpl:144   org.matsim.api.core.v01.events.handler.VehicleEntersTrafficEventHandler
2026-06-04T02:44:06,421  INFO EventsManagerImpl:205     > org.matsim.api.core.v01.events.VehicleEntersTrafficEvent
2026-06-04T02:44:06,421  INFO EventsManagerImpl:154 
2026-06-04T02:44:06,422  INFO EventsManagerImpl:138 adding Event-Handler: org.matsim.analysis.LegHistogram
2026-06-04T02:44:06,422  INFO EventsManagerImpl:144   org.matsim.api.core.v01.events.handler.PersonDepartureEventHandler
2026-06-04T02:44:06,422  INFO EventsManagerImpl:205     > org.matsim.api.core.v01.events.PersonDepartureEvent
2026-06-04T02:44:06,422  INFO EventsManagerImpl:144   org.matsim.api.core.v01.events.handler.PersonArrivalEventHandler
2026-06-04T02:44:06,422  INFO EventsManagerImpl:205     > org.matsim.api.core.v01.events.PersonArrivalEvent
2026-06-04T02:44:06,422  INFO EventsManagerImpl:144   org.matsim.api.core.v01.events.handler.PersonStuckEventHandler
2026-06-04T02:44:06,422  INFO EventsManagerImpl:205     > org.matsim.api.core.v01.events.PersonStuckEvent
2026-06-04T02:44:06,422  INFO EventsManagerImpl:154 
2026-06-04T02:44:06,422  INFO EventsManagerImpl:138 adding Event-Handler: org.matsim.analysis.LegHistogram
2026-06-04T02:44:06,422  INFO EventsManagerImpl:144   org.matsim.api.core.v01.events.handler.PersonDepartureEventHandler
2026-06-04T02:44:06,423  INFO EventsManagerImpl:205     > org.matsim.api.core.v01.events.PersonDepartureEvent
2026-06-04T02:44:06,423  INFO EventsManagerImpl:144   org.matsim.api.core.v01.events.handler.PersonArrivalEventHandler
2026-06-04T02:44:06,423  INFO EventsManagerImpl:205     > org.matsim.api.core.v01.events.PersonArrivalEvent
2026-06-04T02:44:06,423  INFO EventsManagerImpl:144   org.matsim.api.core.v01.events.handler.PersonStuckEventHandler
2026-06-04T02:44:06,423  INFO EventsManagerImpl:205     > org.matsim.api.core.v01.events.PersonStuckEvent
2026-06-04T02:44:06,423  INFO EventsManagerImpl:154 
2026-06-04T02:44:06,424  INFO EventsManagerImpl:138 adding Event-Handler: org.matsim.analysis.CalcLegTimes
2026-06-04T02:44:06,424  INFO EventsManagerImpl:144   org.matsim.api.core.v01.events.handler.PersonDepartureEventHandler
2026-06-04T02:44:06,424  INFO EventsManagerImpl:205     > org.matsim.api.core.v01.events.PersonDepartureEvent
2026-06-04T02:44:06,424  INFO EventsManagerImpl:144   org.matsim.api.core.v01.events.handler.PersonArrivalEventHandler
2026-06-04T02:44:06,424  INFO EventsManagerImpl:205     > org.matsim.api.core.v01.events.PersonArrivalEvent
2026-06-04T02:44:06,424  INFO EventsManagerImpl:144   org.matsim.api.core.v01.events.handler.ActivityEndEventHandler
2026-06-04T02:44:06,424  INFO EventsManagerImpl:205     > org.matsim.api.core.v01.events.ActivityEndEvent
2026-06-04T02:44:06,424  INFO EventsManagerImpl:144   org.matsim.api.core.v01.events.handler.ActivityStartEventHandler
2026-06-04T02:44:06,424  INFO EventsManagerImpl:205     > org.matsim.api.core.v01.events.ActivityStartEvent
2026-06-04T02:44:06,424  INFO EventsManagerImpl:154 
2026-06-04T02:44:06,424  INFO EventsManagerImpl:138 adding Event-Handler: org.matsim.analysis.CalcLegTimes
2026-06-04T02:44:06,424  INFO EventsManagerImpl:144   org.matsim.api.core.v01.events.handler.PersonDepartureEventHandler
2026-06-04T02:44:06,424  INFO EventsManagerImpl:205     > org.matsim.api.core.v01.events.PersonDepartureEvent
2026-06-04T02:44:06,424  INFO EventsManagerImpl:144   org.matsim.api.core.v01.events.handler.PersonArrivalEventHandler
2026-06-04T02:44:06,424  INFO EventsManagerImpl:205     > org.matsim.api.core.v01.events.PersonArrivalEvent
2026-06-04T02:44:06,424  INFO EventsManagerImpl:144   org.matsim.api.core.v01.events.handler.ActivityEndEventHandler
2026-06-04T02:44:06,424  INFO EventsManagerImpl:205     > org.matsim.api.core.v01.events.ActivityEndEvent
2026-06-04T02:44:06,424  INFO EventsManagerImpl:144   org.matsim.api.core.v01.events.handler.ActivityStartEventHandler
2026-06-04T02:44:06,425  INFO EventsManagerImpl:205     > org.matsim.api.core.v01.events.ActivityStartEvent
2026-06-04T02:44:06,425  INFO EventsManagerImpl:154 
2026-06-04T02:44:06,437  INFO AbstractController:55 Used Controler-Class: org.matsim.core.controler.NewControler
2026-06-04T02:44:06,437  INFO Config:562 ConfigConsistencyChecker with runtime type=class org.matsim.core.config.consistency.ConfigConsistencyCheckerImpl was already added; not adding it a second time
2026-06-04T02:44:06,439  INFO Injector:81 === printInjector start ===
2026-06-04T02:44:06,439  INFO Injector:85 org.matsim.api.core.v01.Scenario 
2026-06-04T02:44:06,440  INFO Injector:86   --> provider: ConstantFactory{value=org.matsim.core.scenario.MutableScenario@48b82347}[Scopes.SINGLETON]
2026-06-04T02:44:06,440  INFO Injector:87   --> source: org.matsim.core.scenario.ScenarioByInstanceModule.install(ScenarioByInstanceModule.java:52)
2026-06-04T02:44:06,440  INFO Injector:89   --> scope: eager singleton
2026-06-04T02:44:06,440  INFO Injector:94   ==full==> InstanceBinding{key=Key[type=org.matsim.api.core.v01.Scenario, annotation=[none]], source=org.matsim.core.scenario.ScenarioByInstanceModule.install(ScenarioByInstanceModule.java:52), instance=org.matsim.core.scenario.MutableScenario@48b82347}
2026-06-04T02:44:06,440  INFO Injector:96 
2026-06-04T02:44:06,440  INFO Injector:85 org.matsim.facilities.ActivityFacilities 
2026-06-04T02:44:06,443  INFO Injector:86   --> provider: @Provides org.matsim.core.scenario.ScenarioByInstanceModule.provideActivityFacilities(ScenarioByInstanceModule.java:72)
2026-06-04T02:44:06,444  INFO Injector:87   --> source: org.matsim.facilities.ActivityFacilities org.matsim.core.scenario.ScenarioByInstanceModule.provideActivityFacilities(org.matsim.api.core.v01.Scenario)
2026-06-04T02:44:06,444  INFO Injector:89   --> scope: Scopes.NO_SCOPE
2026-06-04T02:44:06,444  INFO Injector:94   ==full==> ProviderInstanceBinding{key=Key[type=org.matsim.facilities.ActivityFacilities, annotation=[none]], source=org.matsim.facilities.ActivityFacilities org.matsim.core.scenario.ScenarioByInstanceModule.provideActivityFacilities(org.matsim.api.core.v01.Scenario), scope=Scopes.NO_SCOPE, provider=@Provides org.matsim.core.scenario.ScenarioByInstanceModule.provideActivityFacilities(ScenarioByInstanceModule.java:72)}
2026-06-04T02:44:06,444  INFO Injector:96 
2026-06-04T02:44:06,444  INFO Injector:85 org.matsim.households.Households 
2026-06-04T02:44:06,444  INFO Injector:86   --> provider: @Provides org.matsim.core.scenario.ScenarioByInstanceModule.provideHouseholds(ScenarioByInstanceModule.java:77)
2026-06-04T02:44:06,444  INFO Injector:87   --> source: org.matsim.households.Households org.matsim.core.scenario.ScenarioByInstanceModule.provideHouseholds(org.matsim.api.core.v01.Scenario)
2026-06-04T02:44:06,444  INFO Injector:89   --> scope: Scopes.NO_SCOPE
2026-06-04T02:44:06,444  INFO Injector:94   ==full==> ProviderInstanceBinding{key=Key[type=org.matsim.households.Households, annotation=[none]], source=org.matsim.households.Households org.matsim.core.scenario.ScenarioByInstanceModule.provideHouseholds(org.matsim.api.core.v01.Scenario), scope=Scopes.NO_SCOPE, provider=@Provides org.matsim.core.scenario.ScenarioByInstanceModule.provideHouseholds(ScenarioByInstanceModule.java:77)}
2026-06-04T02:44:06,444  INFO Injector:96 
2026-06-04T02:44:06,444  INFO Injector:85 org.matsim.lanes.Lanes 
2026-06-04T02:44:06,444  INFO Injector:86   --> provider: @Provides org.matsim.core.scenario.ScenarioByInstanceModule.provideLanes(ScenarioByInstanceModule.java:87)
2026-06-04T02:44:06,444  INFO Injector:87   --> source: org.matsim.lanes.Lanes org.matsim.core.scenario.ScenarioByInstanceModule.provideLanes(org.matsim.api.core.v01.Scenario)
2026-06-04T02:44:06,444  INFO Injector:89   --> scope: Scopes.NO_SCOPE
2026-06-04T02:44:06,445  INFO Injector:94   ==full==> ProviderInstanceBinding{key=Key[type=org.matsim.lanes.Lanes, annotation=[none]], source=org.matsim.lanes.Lanes org.matsim.core.scenario.ScenarioByInstanceModule.provideLanes(org.matsim.api.core.v01.Scenario), scope=Scopes.NO_SCOPE, provider=@Provides org.matsim.core.scenario.ScenarioByInstanceModule.provideLanes(ScenarioByInstanceModule.java:87)}
2026-06-04T02:44:06,445  INFO Injector:96 
2026-06-04T02:44:06,445  INFO Injector:85 org.matsim.api.core.v01.network.Network 
2026-06-04T02:44:06,445  INFO Injector:86   --> provider: @Provides org.matsim.core.scenario.ScenarioByInstanceModule.provideNetwork(ScenarioByInstanceModule.java:60)
2026-06-04T02:44:06,445  INFO Injector:87   --> source: org.matsim.api.core.v01.network.Network org.matsim.core.scenario.ScenarioByInstanceModule.provideNetwork(org.matsim.api.core.v01.Scenario)
2026-06-04T02:44:06,445  INFO Injector:89   --> scope: Scopes.NO_SCOPE
2026-06-04T02:44:06,445  INFO Injector:94   ==full==> ProviderInstanceBinding{key=Key[type=org.matsim.api.core.v01.network.Network, annotation=[none]], source=org.matsim.api.core.v01.network.Network org.matsim.core.scenario.ScenarioByInstanceModule.provideNetwork(org.matsim.api.core.v01.Scenario), scope=Scopes.NO_SCOPE, provider=@Provides org.matsim.core.scenario.ScenarioByInstanceModule.provideNetwork(ScenarioByInstanceModule.java:60)}
2026-06-04T02:44:06,445  INFO Injector:96 
2026-06-04T02:44:06,445  INFO Injector:85 org.matsim.api.core.v01.population.Population 
2026-06-04T02:44:06,445  INFO Injector:86   --> provider: @Provides org.matsim.core.scenario.ScenarioByInstanceModule.providePopulation(ScenarioByInstanceModule.java:64)
2026-06-04T02:44:06,445  INFO Injector:87   --> source: org.matsim.api.core.v01.population.Population org.matsim.core.scenario.ScenarioByInstanceModule.providePopulation(org.matsim.api.core.v01.Scenario)
2026-06-04T02:44:06,445  INFO Injector:89   --> scope: Scopes.NO_SCOPE
2026-06-04T02:44:06,445  INFO Injector:94   ==full==> ProviderInstanceBinding{key=Key[type=org.matsim.api.core.v01.population.Population, annotation=[none]], source=org.matsim.api.core.v01.population.Population org.matsim.core.scenario.ScenarioByInstanceModule.providePopulation(org.matsim.api.core.v01.Scenario), scope=Scopes.NO_SCOPE, provider=@Provides org.matsim.core.scenario.ScenarioByInstanceModule.providePopulation(ScenarioByInstanceModule.java:64)}
2026-06-04T02:44:06,445  INFO Injector:96 
2026-06-04T02:44:06,445  INFO Injector:85 org.matsim.api.core.v01.population.PopulationFactory 
2026-06-04T02:44:06,445  INFO Injector:86   --> provider: @Provides org.matsim.core.scenario.ScenarioByInstanceModule.providePopulationFactory(ScenarioByInstanceModule.java:68)
2026-06-04T02:44:06,445  INFO Injector:87   --> source: org.matsim.api.core.v01.population.PopulationFactory org.matsim.core.scenario.ScenarioByInstanceModule.providePopulationFactory(org.matsim.api.core.v01.population.Population)
2026-06-04T02:44:06,445  INFO Injector:89   --> scope: Scopes.NO_SCOPE
2026-06-04T02:44:06,445  INFO Injector:94   ==full==> ProviderInstanceBinding{key=Key[type=org.matsim.api.core.v01.population.PopulationFactory, annotation=[none]], source=org.matsim.api.core.v01.population.PopulationFactory org.matsim.core.scenario.ScenarioByInstanceModule.providePopulationFactory(org.matsim.api.core.v01.population.Population), scope=Scopes.NO_SCOPE, provider=@Provides org.matsim.core.scenario.ScenarioByInstanceModule.providePopulationFactory(ScenarioByInstanceModule.java:68)}
2026-06-04T02:44:06,445  INFO Injector:96 
2026-06-04T02:44:06,445  INFO Injector:85 org.matsim.vehicles.Vehicles 
2026-06-04T02:44:06,445  INFO Injector:86   --> provider: @Provides org.matsim.core.scenario.ScenarioByInstanceModule.provideVehicles(ScenarioByInstanceModule.java:82)
2026-06-04T02:44:06,445  INFO Injector:87   --> source: org.matsim.vehicles.Vehicles org.matsim.core.scenario.ScenarioByInstanceModule.provideVehicles(org.matsim.api.core.v01.Scenario)
2026-06-04T02:44:06,446  INFO Injector:89   --> scope: Scopes.NO_SCOPE
2026-06-04T02:44:06,446  INFO Injector:94   ==full==> ProviderInstanceBinding{key=Key[type=org.matsim.vehicles.Vehicles, annotation=[none]], source=org.matsim.vehicles.Vehicles org.matsim.core.scenario.ScenarioByInstanceModule.provideVehicles(org.matsim.api.core.v01.Scenario), scope=Scopes.NO_SCOPE, provider=@Provides org.matsim.core.scenario.ScenarioByInstanceModule.provideVehicles(ScenarioByInstanceModule.java:82)}
2026-06-04T02:44:06,446  INFO Injector:96 
2026-06-04T02:44:06,446  INFO Injector:85 org.matsim.core.controler.ControlerI 
2026-06-04T02:44:06,446  INFO Injector:86   --> provider: FactoryProxy{key=Key[type=org.matsim.core.controler.ControlerI, annotation=[none]], provider=com.google.inject.internal.ConstructorBindingImpl$Factory@7875dc40}[Scopes.SINGLETON]
2026-06-04T02:44:06,446  INFO Injector:87   --> source: org.matsim.core.controler.NewControlerModule.install(NewControlerModule.java:29)
2026-06-04T02:44:06,446  INFO Injector:89   --> scope: eager singleton
2026-06-04T02:44:06,446  INFO Injector:92   --> target: Key[type=org.matsim.core.controler.NewControler, annotation=[none]]
2026-06-04T02:44:06,446  INFO Injector:94   ==full==> LinkedKeyBinding{key=Key[type=org.matsim.core.controler.ControlerI, annotation=[none]], source=org.matsim.core.controler.NewControlerModule.install(NewControlerModule.java:29), scope=eager singleton, target=Key[type=org.matsim.core.controler.NewControler, annotation=[none]]}
2026-06-04T02:44:06,446  INFO Injector:96 
2026-06-04T02:44:06,446  INFO Injector:85 org.matsim.core.controler.ControlerListenerManager 
2026-06-04T02:44:06,446  INFO Injector:86   --> provider: FactoryProxy{key=Key[type=org.matsim.core.controler.ControlerListenerManager, annotation=[none]], provider=com.google.inject.internal.ConstructorBindingImpl$Factory@144dc6dc[Scopes.SINGLETON]}
2026-06-04T02:44:06,446  INFO Injector:87   --> source: org.matsim.core.controler.NewControlerModule.install(NewControlerModule.java:31)
2026-06-04T02:44:06,446  INFO Injector:89   --> scope: Scopes.NO_SCOPE
2026-06-04T02:44:06,446  INFO Injector:92   --> target: Key[type=org.matsim.core.controler.ControlerListenerManagerImpl, annotation=[none]]
2026-06-04T02:44:06,446  INFO Injector:94   ==full==> LinkedKeyBinding{key=Key[type=org.matsim.core.controler.ControlerListenerManager, annotation=[none]], source=org.matsim.core.controler.NewControlerModule.install(NewControlerModule.java:31), scope=Scopes.NO_SCOPE, target=Key[type=org.matsim.core.controler.ControlerListenerManagerImpl, annotation=[none]]}
2026-06-04T02:44:06,446  INFO Injector:96 
2026-06-04T02:44:06,446  INFO Injector:85 org.matsim.core.controler.TerminationCriterion 
2026-06-04T02:44:06,446  INFO Injector:86   --> provider: FactoryProxy{key=Key[type=org.matsim.core.controler.TerminationCriterion, annotation=[none]], provider=com.google.inject.internal.ConstructorBindingImpl$Factory@2bf65225}
2026-06-04T02:44:06,446  INFO Injector:87   --> source: org.matsim.core.controler.NewControlerModule.install(NewControlerModule.java:35)
2026-06-04T02:44:06,446  INFO Injector:89   --> scope: Scopes.NO_SCOPE
2026-06-04T02:44:06,446  INFO Injector:92   --> target: Key[type=org.matsim.core.controler.TerminateAtFixedIterationNumber, annotation=[none]]
2026-06-04T02:44:06,446  INFO Injector:94   ==full==> LinkedKeyBinding{key=Key[type=org.matsim.core.controler.TerminationCriterion, annotation=[none]], source=org.matsim.core.controler.NewControlerModule.install(NewControlerModule.java:35), scope=Scopes.NO_SCOPE, target=Key[type=org.matsim.core.controler.TerminateAtFixedIterationNumber, annotation=[none]]}
2026-06-04T02:44:06,446  INFO Injector:96 
2026-06-04T02:44:06,446  INFO Injector:85 org.matsim.core.controler.MatsimServices 
2026-06-04T02:44:06,446  INFO Injector:86   --> provider: FactoryProxy{key=Key[type=org.matsim.core.controler.MatsimServices, annotation=[none]], provider=com.google.inject.internal.ConstructorBindingImpl$Factory@7d1b6259}
2026-06-04T02:44:06,446  INFO Injector:87   --> source: org.matsim.core.controler.NewControlerModule.install(NewControlerModule.java:36)
2026-06-04T02:44:06,446  INFO Injector:89   --> scope: Scopes.NO_SCOPE
2026-06-04T02:44:06,446  INFO Injector:92   --> target: Key[type=org.matsim.core.controler.MatsimServicesImpl, annotation=[none]]
2026-06-04T02:44:06,446  INFO Injector:94   ==full==> LinkedKeyBinding{key=Key[type=org.matsim.core.controler.MatsimServices, annotation=[none]], source=org.matsim.core.controler.NewControlerModule.install(NewControlerModule.java:36), scope=Scopes.NO_SCOPE, target=Key[type=org.matsim.core.controler.MatsimServicesImpl, annotation=[none]]}
2026-06-04T02:44:06,446  INFO Injector:96 
2026-06-04T02:44:06,446  INFO Injector:85 org.matsim.core.controler.IterationCounter 
2026-06-04T02:44:06,447  INFO Injector:86   --> provider: FactoryProxy{key=Key[type=org.matsim.core.controler.IterationCounter, annotation=[none]], provider=com.google.inject.internal.ConstructorBindingImpl$Factory@7d1b6259}
2026-06-04T02:44:06,447  INFO Injector:87   --> source: org.matsim.core.controler.NewControlerModule.install(NewControlerModule.java:38)
2026-06-04T02:44:06,447  INFO Injector:89   --> scope: Scopes.NO_SCOPE
2026-06-04T02:44:06,447  INFO Injector:92   --> target: Key[type=org.matsim.core.controler.MatsimServicesImpl, annotation=[none]]
2026-06-04T02:44:06,447  INFO Injector:94   ==full==> LinkedKeyBinding{key=Key[type=org.matsim.core.controler.IterationCounter, annotation=[none]], source=org.matsim.core.controler.NewControlerModule.install(NewControlerModule.java:38), scope=Scopes.NO_SCOPE, target=Key[type=org.matsim.core.controler.MatsimServicesImpl, annotation=[none]]}
2026-06-04T02:44:06,447  INFO Injector:96 
2026-06-04T02:44:06,447  INFO Injector:85 org.matsim.core.controler.PrepareForSim 
2026-06-04T02:44:06,447  INFO Injector:86   --> provider: FactoryProxy{key=Key[type=org.matsim.core.controler.PrepareForSim, annotation=[none]], provider=com.google.inject.internal.ConstructorBindingImpl$Factory@2bda2666}
2026-06-04T02:44:06,447  INFO Injector:87   --> source: org.matsim.core.controler.NewControlerModule.install(NewControlerModule.java:42)
2026-06-04T02:44:06,447  INFO Injector:89   --> scope: Scopes.NO_SCOPE
2026-06-04T02:44:06,447  INFO Injector:92   --> target: Key[type=org.matsim.core.controler.PrepareForSimImpl, annotation=[none]]
2026-06-04T02:44:06,447  INFO Injector:94   ==full==> LinkedKeyBinding{key=Key[type=org.matsim.core.controler.PrepareForSim, annotation=[none]], source=org.matsim.core.controler.NewControlerModule.install(NewControlerModule.java:42), scope=Scopes.NO_SCOPE, target=Key[type=org.matsim.core.controler.PrepareForSimImpl, annotation=[none]]}
2026-06-04T02:44:06,447  INFO Injector:96 
2026-06-04T02:44:06,447  INFO Injector:85 org.matsim.core.controler.PrepareForMobsim 
2026-06-04T02:44:06,447  INFO Injector:86   --> provider: FactoryProxy{key=Key[type=org.matsim.core.controler.PrepareForMobsim, annotation=[none]], provider=com.google.inject.internal.ConstructorBindingImpl$Factory@51db7ee7}
2026-06-04T02:44:06,447  INFO Injector:87   --> source: org.matsim.core.controler.NewControlerModule.install(NewControlerModule.java:43)
2026-06-04T02:44:06,447  INFO Injector:89   --> scope: Scopes.NO_SCOPE
2026-06-04T02:44:06,447  INFO Injector:92   --> target: Key[type=org.matsim.core.controler.PrepareForMobsimImpl, annotation=[none]]
2026-06-04T02:44:06,447  INFO Injector:94   ==full==> LinkedKeyBinding{key=Key[type=org.matsim.core.controler.PrepareForMobsim, annotation=[none]], source=org.matsim.core.controler.NewControlerModule.install(NewControlerModule.java:43), scope=Scopes.NO_SCOPE, target=Key[type=org.matsim.core.controler.PrepareForMobsimImpl, annotation=[none]]}
2026-06-04T02:44:06,447  INFO Injector:96 
2026-06-04T02:44:06,447  INFO Injector:85 org.matsim.core.controler.corelisteners.PlansScoring 
2026-06-04T02:44:06,447  INFO Injector:86   --> provider: FactoryProxy{key=Key[type=org.matsim.core.controler.corelisteners.PlansScoring, annotation=[none]], provider=com.google.inject.internal.ConstructorBindingImpl$Factory@48256983[Scopes.SINGLETON]}
2026-06-04T02:44:06,447  INFO Injector:87   --> source: org.matsim.core.scoring.PlansScoringModule.install(PlansScoringModule.java:33)
2026-06-04T02:44:06,447  INFO Injector:89   --> scope: Scopes.NO_SCOPE
2026-06-04T02:44:06,447  INFO Injector:92   --> target: Key[type=org.matsim.core.scoring.PlansScoringImpl, annotation=[none]]
2026-06-04T02:44:06,447  INFO Injector:94   ==full==> LinkedKeyBinding{key=Key[type=org.matsim.core.controler.corelisteners.PlansScoring, annotation=[none]], source=org.matsim.core.scoring.PlansScoringModule.install(PlansScoringModule.java:33), scope=Scopes.NO_SCOPE, target=Key[type=org.matsim.core.scoring.PlansScoringImpl, annotation=[none]]}
2026-06-04T02:44:06,447  INFO Injector:96 
2026-06-04T02:44:06,447  INFO Injector:85 org.matsim.core.scoring.ExperiencedPlansService 
2026-06-04T02:44:06,447  INFO Injector:86   --> provider: FactoryProxy{key=Key[type=org.matsim.core.scoring.ExperiencedPlansService, annotation=[none]], provider=com.google.inject.internal.ConstructorBindingImpl$Factory@6e8ad374}[Scopes.SINGLETON]
2026-06-04T02:44:06,447  INFO Injector:87   --> source: org.matsim.core.scoring.PlansScoringModule.install(PlansScoringModule.java:34)
2026-06-04T02:44:06,447  INFO Injector:89   --> scope: eager singleton
2026-06-04T02:44:06,447  INFO Injector:92   --> target: Key[type=org.matsim.core.scoring.ExperiencedPlansServiceImpl, annotation=[none]]
2026-06-04T02:44:06,448  INFO Injector:94   ==full==> LinkedKeyBinding{key=Key[type=org.matsim.core.scoring.ExperiencedPlansService, annotation=[none]], source=org.matsim.core.scoring.PlansScoringModule.install(PlansScoringModule.java:34), scope=eager singleton, target=Key[type=org.matsim.core.scoring.ExperiencedPlansServiceImpl, annotation=[none]]}
2026-06-04T02:44:06,448  INFO Injector:96 
2026-06-04T02:44:06,448  INFO Injector:85 org.matsim.core.controler.corelisteners.PlansReplanning 
2026-06-04T02:44:06,448  INFO Injector:86   --> provider: FactoryProxy{key=Key[type=org.matsim.core.controler.corelisteners.PlansReplanning, annotation=[none]], provider=com.google.inject.internal.ConstructorBindingImpl$Factory@149921d5[Scopes.SINGLETON]}
2026-06-04T02:44:06,448  INFO Injector:87   --> source: org.matsim.core.controler.corelisteners.ControlerDefaultCoreListenersModule.install(ControlerDefaultCoreListenersModule.java:38)
2026-06-04T02:44:06,448  INFO Injector:89   --> scope: Scopes.NO_SCOPE
2026-06-04T02:44:06,448  INFO Injector:92   --> target: Key[type=org.matsim.core.controler.corelisteners.PlansReplanningImpl, annotation=[none]]
2026-06-04T02:44:06,448  INFO Injector:94   ==full==> LinkedKeyBinding{key=Key[type=org.matsim.core.controler.corelisteners.PlansReplanning, annotation=[none]], source=org.matsim.core.controler.corelisteners.ControlerDefaultCoreListenersModule.install(ControlerDefaultCoreListenersModule.java:38), scope=Scopes.NO_SCOPE, target=Key[type=org.matsim.core.controler.corelisteners.PlansReplanningImpl, annotation=[none]]}
2026-06-04T02:44:06,448  INFO Injector:96 
2026-06-04T02:44:06,448  INFO Injector:85 org.matsim.core.controler.corelisteners.PlansDumping 
2026-06-04T02:44:06,448  INFO Injector:86   --> provider: FactoryProxy{key=Key[type=org.matsim.core.controler.corelisteners.PlansDumping, annotation=[none]], provider=com.google.inject.internal.ConstructorBindingImpl$Factory@1e3f59e7[Scopes.SINGLETON]}
2026-06-04T02:44:06,448  INFO Injector:87   --> source: org.matsim.core.controler.corelisteners.ControlerDefaultCoreListenersModule.install(ControlerDefaultCoreListenersModule.java:39)
2026-06-04T02:44:06,448  INFO Injector:89   --> scope: Scopes.NO_SCOPE
2026-06-04T02:44:06,448  INFO Injector:92   --> target: Key[type=org.matsim.core.controler.corelisteners.PlansDumpingImpl, annotation=[none]]
2026-06-04T02:44:06,448  INFO Injector:94   ==full==> LinkedKeyBinding{key=Key[type=org.matsim.core.controler.corelisteners.PlansDumping, annotation=[none]], source=org.matsim.core.controler.corelisteners.ControlerDefaultCoreListenersModule.install(ControlerDefaultCoreListenersModule.java:39), scope=Scopes.NO_SCOPE, target=Key[type=org.matsim.core.controler.corelisteners.PlansDumpingImpl, annotation=[none]]}
2026-06-04T02:44:06,448  INFO Injector:96 
2026-06-04T02:44:06,448  INFO Injector:85 org.matsim.core.controler.corelisteners.EventsHandling 
2026-06-04T02:44:06,448  INFO Injector:86   --> provider: FactoryProxy{key=Key[type=org.matsim.core.controler.corelisteners.EventsHandling, annotation=[none]], provider=com.google.inject.internal.ConstructorBindingImpl$Factory@7db542d2[Scopes.SINGLETON]}
2026-06-04T02:44:06,448  INFO Injector:87   --> source: org.matsim.core.controler.corelisteners.ControlerDefaultCoreListenersModule.install(ControlerDefaultCoreListenersModule.java:40)
2026-06-04T02:44:06,448  INFO Injector:89   --> scope: Scopes.NO_SCOPE
2026-06-04T02:44:06,448  INFO Injector:92   --> target: Key[type=org.matsim.core.controler.corelisteners.EventsHandlingImpl, annotation=[none]]
2026-06-04T02:44:06,448  INFO Injector:94   ==full==> LinkedKeyBinding{key=Key[type=org.matsim.core.controler.corelisteners.EventsHandling, annotation=[none]], source=org.matsim.core.controler.corelisteners.ControlerDefaultCoreListenersModule.install(ControlerDefaultCoreListenersModule.java:40), scope=Scopes.NO_SCOPE, target=Key[type=org.matsim.core.controler.corelisteners.EventsHandlingImpl, annotation=[none]]}
2026-06-04T02:44:06,448  INFO Injector:96 
2026-06-04T02:44:06,448  INFO Injector:85 org.matsim.core.controler.corelisteners.DumpDataAtEnd 
2026-06-04T02:44:06,448  INFO Injector:86   --> provider: FactoryProxy{key=Key[type=org.matsim.core.controler.corelisteners.DumpDataAtEnd, annotation=[none]], provider=com.google.inject.internal.ConstructorBindingImpl$Factory@459c3f63[Scopes.SINGLETON]}
2026-06-04T02:44:06,448  INFO Injector:87   --> source: org.matsim.core.controler.corelisteners.ControlerDefaultCoreListenersModule.install(ControlerDefaultCoreListenersModule.java:41)
2026-06-04T02:44:06,448  INFO Injector:89   --> scope: Scopes.NO_SCOPE
2026-06-04T02:44:06,448  INFO Injector:92   --> target: Key[type=org.matsim.core.controler.corelisteners.DumpDataAtEndImpl, annotation=[none]]
2026-06-04T02:44:06,448  INFO Injector:94   ==full==> LinkedKeyBinding{key=Key[type=org.matsim.core.controler.corelisteners.DumpDataAtEnd, annotation=[none]], source=org.matsim.core.controler.corelisteners.ControlerDefaultCoreListenersModule.install(ControlerDefaultCoreListenersModule.java:41), scope=Scopes.NO_SCOPE, target=Key[type=org.matsim.core.controler.corelisteners.DumpDataAtEndImpl, annotation=[none]]}
2026-06-04T02:44:06,448  INFO Injector:96 
2026-06-04T02:44:06,448  INFO Injector:85 org.matsim.core.api.experimental.events.EventsManager 
2026-06-04T02:44:06,448  INFO Injector:86   --> provider: FactoryProxy{key=Key[type=org.matsim.core.api.experimental.events.EventsManager, annotation=[none]], provider=com.google.inject.internal.ConstructorBindingImpl$Factory@1856398c}[Scopes.SINGLETON]
2026-06-04T02:44:06,448  INFO Injector:87   --> source: org.matsim.core.events.EventsManagerModule.install(EventsManagerModule.java:46)
2026-06-04T02:44:06,448  INFO Injector:89   --> scope: Scopes.SINGLETON
2026-06-04T02:44:06,448  INFO Injector:92   --> target: Key[type=org.matsim.core.events.SimStepParallelEventsManagerImpl, annotation=[none]]
2026-06-04T02:44:06,448  INFO Injector:94   ==full==> LinkedKeyBinding{key=Key[type=org.matsim.core.api.experimental.events.EventsManager, annotation=[none]], source=org.matsim.core.events.EventsManagerModule.install(EventsManagerModule.java:46), scope=Scopes.SINGLETON, target=Key[type=org.matsim.core.events.SimStepParallelEventsManagerImpl, annotation=[none]]}
2026-06-04T02:44:06,448  INFO Injector:96 
2026-06-04T02:44:06,448  INFO Injector:85 org.matsim.core.mobsim.qsim.components.QSimComponentsConfig 
2026-06-04T02:44:06,449  INFO Injector:86   --> provider: @Provides org.matsim.core.mobsim.qsim.components.QSimComponentsModule.provideDefaultQSimComponentsConfig(QSimComponentsModule.java:34)[Scopes.SINGLETON]
2026-06-04T02:44:06,449  INFO Injector:87   --> source: public org.matsim.core.mobsim.qsim.components.QSimComponentsConfig org.matsim.core.mobsim.qsim.components.QSimComponentsModule.provideDefaultQSimComponentsConfig(org.matsim.core.config.Config)
2026-06-04T02:44:06,449  INFO Injector:89   --> scope: Scopes.SINGLETON
2026-06-04T02:44:06,449  INFO Injector:94   ==full==> ProviderInstanceBinding{key=Key[type=org.matsim.core.mobsim.qsim.components.QSimComponentsConfig, annotation=[none]], source=public org.matsim.core.mobsim.qsim.components.QSimComponentsConfig org.matsim.core.mobsim.qsim.components.QSimComponentsModule.provideDefaultQSimComponentsConfig(org.matsim.core.config.Config), scope=Scopes.SINGLETON, provider=@Provides org.matsim.core.mobsim.qsim.components.QSimComponentsModule.provideDefaultQSimComponentsConfig(QSimComponentsModule.java:34)}
2026-06-04T02:44:06,449  INFO Injector:96 
2026-06-04T02:44:06,449  INFO Injector:85 org.matsim.core.mobsim.qsim.AbstractQSimModule @com.google.inject.internal.Element(setName=,uniqueId=62, type=MULTIBINDER, keyType=)
2026-06-04T02:44:06,449  INFO Injector:86   --> provider: ConstantFactory{value=org.matsim.core.mobsim.qsim.messagequeueengine.MessageQueueModule@676de210}[Scopes.SINGLETON]
2026-06-04T02:44:06,449  INFO Injector:87   --> source: org.matsim.core.mobsim.qsim.QSimModule.lambda$install$0(QSimModule.java:96)
2026-06-04T02:44:06,449  INFO Injector:89   --> scope: eager singleton
2026-06-04T02:44:06,449  INFO Injector:94   ==full==> InstanceBinding{key=Key[type=org.matsim.core.mobsim.qsim.AbstractQSimModule, annotation=@com.google.inject.internal.Element(setName=,uniqueId=62, type=MULTIBINDER, keyType=)], source=org.matsim.core.mobsim.qsim.QSimModule.lambda$install$0(QSimModule.java:96), instance=org.matsim.core.mobsim.qsim.messagequeueengine.MessageQueueModule@676de210}
2026-06-04T02:44:06,449  INFO Injector:96 
2026-06-04T02:44:06,449  INFO Injector:85 org.matsim.core.mobsim.qsim.AbstractQSimModule @com.google.inject.internal.Element(setName=,uniqueId=63, type=MULTIBINDER, keyType=)
2026-06-04T02:44:06,449  INFO Injector:86   --> provider: ConstantFactory{value=org.matsim.core.mobsim.qsim.ActivityEngineModule@45363cad}[Scopes.SINGLETON]
2026-06-04T02:44:06,449  INFO Injector:87   --> source: org.matsim.core.mobsim.qsim.QSimModule.lambda$install$0(QSimModule.java:96)
2026-06-04T02:44:06,449  INFO Injector:89   --> scope: eager singleton
2026-06-04T02:44:06,449  INFO Injector:94   ==full==> InstanceBinding{key=Key[type=org.matsim.core.mobsim.qsim.AbstractQSimModule, annotation=@com.google.inject.internal.Element(setName=,uniqueId=63, type=MULTIBINDER, keyType=)], source=org.matsim.core.mobsim.qsim.QSimModule.lambda$install$0(QSimModule.java:96), instance=org.matsim.core.mobsim.qsim.ActivityEngineModule@45363cad}
2026-06-04T02:44:06,449  INFO Injector:96 
2026-06-04T02:44:06,449  INFO Injector:85 org.matsim.core.mobsim.qsim.AbstractQSimModule @com.google.inject.internal.Element(setName=,uniqueId=64, type=MULTIBINDER, keyType=)
2026-06-04T02:44:06,449  INFO Injector:86   --> provider: ConstantFactory{value=org.matsim.core.mobsim.qsim.qnetsimengine.QNetsimEngineModule@2168a78f}[Scopes.SINGLETON]
2026-06-04T02:44:06,449  INFO Injector:87   --> source: org.matsim.core.mobsim.qsim.QSimModule.lambda$install$0(QSimModule.java:96)
2026-06-04T02:44:06,449  INFO Injector:89   --> scope: eager singleton
2026-06-04T02:44:06,449  INFO Injector:94   ==full==> InstanceBinding{key=Key[type=org.matsim.core.mobsim.qsim.AbstractQSimModule, annotation=@com.google.inject.internal.Element(setName=,uniqueId=64, type=MULTIBINDER, keyType=)], source=org.matsim.core.mobsim.qsim.QSimModule.lambda$install$0(QSimModule.java:96), instance=org.matsim.core.mobsim.qsim.qnetsimengine.QNetsimEngineModule@2168a78f}
2026-06-04T02:44:06,449  INFO Injector:96 
2026-06-04T02:44:06,449  INFO Injector:85 org.matsim.core.mobsim.qsim.AbstractQSimModule @com.google.inject.internal.Element(setName=,uniqueId=65, type=MULTIBINDER, keyType=)
2026-06-04T02:44:06,449  INFO Injector:86   --> provider: ConstantFactory{value=org.matsim.core.mobsim.qsim.TeleportationModule@61f91541}[Scopes.SINGLETON]
2026-06-04T02:44:06,449  INFO Injector:87   --> source: org.matsim.core.mobsim.qsim.QSimModule.lambda$install$0(QSimModule.java:96)
2026-06-04T02:44:06,449  INFO Injector:89   --> scope: eager singleton
2026-06-04T02:44:06,449  INFO Injector:94   ==full==> InstanceBinding{key=Key[type=org.matsim.core.mobsim.qsim.AbstractQSimModule, annotation=@com.google.inject.internal.Element(setName=,uniqueId=65, type=MULTIBINDER, keyType=)], source=org.matsim.core.mobsim.qsim.QSimModule.lambda$install$0(QSimModule.java:96), instance=org.matsim.core.mobsim.qsim.TeleportationModule@61f91541}
2026-06-04T02:44:06,449  INFO Injector:96 
2026-06-04T02:44:06,449  INFO Injector:85 org.matsim.core.mobsim.qsim.AbstractQSimModule @com.google.inject.internal.Element(setName=,uniqueId=66, type=MULTIBINDER, keyType=)
2026-06-04T02:44:06,450  INFO Injector:86   --> provider: ConstantFactory{value=org.matsim.core.mobsim.qsim.PopulationModule@690c060c}[Scopes.SINGLETON]
2026-06-04T02:44:06,450  INFO Injector:87   --> source: org.matsim.core.mobsim.qsim.QSimModule.lambda$install$0(QSimModule.java:96)
2026-06-04T02:44:06,450  INFO Injector:89   --> scope: eager singleton
2026-06-04T02:44:06,450  INFO Injector:94   ==full==> InstanceBinding{key=Key[type=org.matsim.core.mobsim.qsim.AbstractQSimModule, annotation=@com.google.inject.internal.Element(setName=,uniqueId=66, type=MULTIBINDER, keyType=)], source=org.matsim.core.mobsim.qsim.QSimModule.lambda$install$0(QSimModule.java:96), instance=org.matsim.core.mobsim.qsim.PopulationModule@690c060c}
2026-06-04T02:44:06,450  INFO Injector:96 
2026-06-04T02:44:06,450  INFO Injector:85 org.matsim.core.mobsim.qsim.AbstractQSimModule @com.google.inject.internal.Element(setName=,uniqueId=67, type=MULTIBINDER, keyType=)
2026-06-04T02:44:06,450  INFO Injector:86   --> provider: ConstantFactory{value=org.matsim.core.mobsim.qsim.changeeventsengine.NetworkChangeEventsModule@1dab9cd4}[Scopes.SINGLETON]
2026-06-04T02:44:06,450  INFO Injector:87   --> source: org.matsim.core.mobsim.qsim.QSimModule.lambda$install$0(QSimModule.java:96)
2026-06-04T02:44:06,450  INFO Injector:89   --> scope: eager singleton
2026-06-04T02:44:06,450  INFO Injector:94   ==full==> InstanceBinding{key=Key[type=org.matsim.core.mobsim.qsim.AbstractQSimModule, annotation=@com.google.inject.internal.Element(setName=,uniqueId=67, type=MULTIBINDER, keyType=)], source=org.matsim.core.mobsim.qsim.QSimModule.lambda$install$0(QSimModule.java:96), instance=org.matsim.core.mobsim.qsim.changeeventsengine.NetworkChangeEventsModule@1dab9cd4}
2026-06-04T02:44:06,450  INFO Injector:96 
2026-06-04T02:44:06,450  INFO Injector:85 org.matsim.core.mobsim.qsim.AbstractQSimModule @com.google.inject.internal.Element(setName=,uniqueId=68, type=MULTIBINDER, keyType=)
2026-06-04T02:44:06,450  INFO Injector:86   --> provider: ConstantFactory{value=org.matsim.core.mobsim.qsim.pt.TransitEngineModule@791b0431}[Scopes.SINGLETON]
2026-06-04T02:44:06,450  INFO Injector:87   --> source: org.matsim.core.mobsim.qsim.QSimModule.lambda$install$0(QSimModule.java:96)
2026-06-04T02:44:06,450  INFO Injector:89   --> scope: eager singleton
2026-06-04T02:44:06,450  INFO Injector:94   ==full==> InstanceBinding{key=Key[type=org.matsim.core.mobsim.qsim.AbstractQSimModule, annotation=@com.google.inject.internal.Element(setName=,uniqueId=68, type=MULTIBINDER, keyType=)], source=org.matsim.core.mobsim.qsim.QSimModule.lambda$install$0(QSimModule.java:96), instance=org.matsim.core.mobsim.qsim.pt.TransitEngineModule@791b0431}
2026-06-04T02:44:06,450  INFO Injector:96 
2026-06-04T02:44:06,450  INFO Injector:85 org.matsim.core.mobsim.framework.Mobsim 
2026-06-04T02:44:06,450  INFO Injector:86   --> provider: Key[type=org.matsim.core.mobsim.qsim.QSimProvider, annotation=[none]]
2026-06-04T02:44:06,450  INFO Injector:87   --> source: org.matsim.core.mobsim.qsim.QSimModule.install(QSimModule.java:112)
2026-06-04T02:44:06,450  INFO Injector:89   --> scope: Scopes.NO_SCOPE
2026-06-04T02:44:06,450  INFO Injector:94   ==full==> ProviderKeyBinding{key=Key[type=org.matsim.core.mobsim.framework.Mobsim, annotation=[none]], source=org.matsim.core.mobsim.qsim.QSimModule.install(QSimModule.java:112), scope=Scopes.NO_SCOPE, provider=Key[type=org.matsim.core.mobsim.qsim.QSimProvider, annotation=[none]]}
2026-06-04T02:44:06,450  INFO Injector:96 
2026-06-04T02:44:06,450  INFO Injector:85 org.matsim.core.controler.listener.ControlerListener @com.google.inject.internal.Element(setName=,uniqueId=69, type=MULTIBINDER, keyType=)
2026-06-04T02:44:06,450  INFO Injector:86   --> provider: FactoryProxy{key=Key[type=org.matsim.core.controler.listener.ControlerListener, annotation=@com.google.inject.internal.Element(setName=,uniqueId=69, type=MULTIBINDER, keyType=)], provider=com.google.inject.internal.ConstructorBindingImpl$Factory@ff580ba[Scopes.SINGLETON]}
2026-06-04T02:44:06,450  INFO Injector:87   --> source: org.matsim.core.events.MobsimScopeEventHandlingModule.install(MobsimScopeEventHandlingModule.java:39)
2026-06-04T02:44:06,450  INFO Injector:89   --> scope: Scopes.NO_SCOPE
2026-06-04T02:44:06,450  INFO Injector:92   --> target: Key[type=org.matsim.core.events.MobsimScopeEventHandling, annotation=[none]]
2026-06-04T02:44:06,450  INFO Injector:94   ==full==> LinkedKeyBinding{key=Key[type=org.matsim.core.controler.listener.ControlerListener, annotation=@com.google.inject.internal.Element(setName=,uniqueId=69, type=MULTIBINDER, keyType=)], source=org.matsim.core.events.MobsimScopeEventHandlingModule.install(MobsimScopeEventHandlingModule.java:39), scope=Scopes.NO_SCOPE, target=Key[type=org.matsim.core.events.MobsimScopeEventHandling, annotation=[none]]}
2026-06-04T02:44:06,450  INFO Injector:96 
2026-06-04T02:44:06,450  INFO Injector:85 org.matsim.core.mobsim.qsim.AbstractQSimModule @com.google.inject.internal.Element(setName=,uniqueId=70, type=MULTIBINDER, keyType=)
2026-06-04T02:44:06,450  INFO Injector:86   --> provider: ConstantFactory{value=org.matsim.core.events.MobsimScopeEventHandlingModule$1@50e1454e}[Scopes.SINGLETON]
2026-06-04T02:44:06,450  INFO Injector:87   --> source: org.matsim.core.events.MobsimScopeEventHandlingModule.install(MobsimScopeEventHandlingModule.java:41)
2026-06-04T02:44:06,450  INFO Injector:89   --> scope: eager singleton
2026-06-04T02:44:06,450  INFO Injector:94   ==full==> InstanceBinding{key=Key[type=org.matsim.core.mobsim.qsim.AbstractQSimModule, annotation=@com.google.inject.internal.Element(setName=,uniqueId=70, type=MULTIBINDER, keyType=)], source=org.matsim.core.events.MobsimScopeEventHandlingModule.install(MobsimScopeEventHandlingModule.java:41), instance=org.matsim.core.events.MobsimScopeEventHandlingModule$1@50e1454e}
2026-06-04T02:44:06,450  INFO Injector:96 
2026-06-04T02:44:06,450  INFO Injector:85 org.matsim.core.trafficmonitoring.TravelTimeCalculator @com.google.inject.name.Named("car")
2026-06-04T02:44:06,450  INFO Injector:86   --> provider: org.matsim.core.trafficmonitoring.TravelTimeCalculatorModule$SingleModeTravelTimeCalculatorProvider@79de2ae9[Scopes.SINGLETON]
2026-06-04T02:44:06,450  INFO Injector:87   --> source: org.matsim.core.trafficmonitoring.TravelTimeCalculatorModule.install(TravelTimeCalculatorModule.java:66)
2026-06-04T02:44:06,450  INFO Injector:89   --> scope: Scopes.SINGLETON
2026-06-04T02:44:06,450  INFO Injector:94   ==full==> ProviderInstanceBinding{key=Key[type=org.matsim.core.trafficmonitoring.TravelTimeCalculator, annotation=@com.google.inject.name.Named("car")], source=org.matsim.core.trafficmonitoring.TravelTimeCalculatorModule.install(TravelTimeCalculatorModule.java:66), scope=Scopes.SINGLETON, provider=org.matsim.core.trafficmonitoring.TravelTimeCalculatorModule$SingleModeTravelTimeCalculatorProvider@79de2ae9}
2026-06-04T02:44:06,450  INFO Injector:96 
2026-06-04T02:44:06,450  INFO Injector:85 org.matsim.core.router.util.TravelTime @com.google.inject.name.Named("car")
2026-06-04T02:44:06,450  INFO Injector:86   --> provider: org.matsim.core.trafficmonitoring.TravelTimeCalculatorModule$1@22dfd31c[Scopes.SINGLETON]
2026-06-04T02:44:06,450  INFO Injector:87   --> source: org.matsim.core.trafficmonitoring.TravelTimeCalculatorModule.install(TravelTimeCalculatorModule.java:69)
2026-06-04T02:44:06,451  INFO Injector:89   --> scope: Scopes.SINGLETON
2026-06-04T02:44:06,451  INFO Injector:94   ==full==> ProviderInstanceBinding{key=Key[type=org.matsim.core.router.util.TravelTime, annotation=@com.google.inject.name.Named("car")], source=org.matsim.core.trafficmonitoring.TravelTimeCalculatorModule.install(TravelTimeCalculatorModule.java:69), scope=Scopes.SINGLETON, provider=org.matsim.core.trafficmonitoring.TravelTimeCalculatorModule$1@22dfd31c}
2026-06-04T02:44:06,451  INFO Injector:96 
2026-06-04T02:44:06,451  INFO Injector:85 org.matsim.core.router.costcalculators.TravelDisutilityFactory @com.google.inject.name.Named("car")
2026-06-04T02:44:06,451  INFO Injector:86   --> provider: ConstantFactory{value=org.matsim.core.router.costcalculators.RandomizingTimeDistanceTravelDisutilityFactory@26464291}[Scopes.SINGLETON]
2026-06-04T02:44:06,451  INFO Injector:87   --> source: org.matsim.core.router.costcalculators.TravelDisutilityModule.install(TravelDisutilityModule.java:37)
2026-06-04T02:44:06,451  INFO Injector:89   --> scope: eager singleton
2026-06-04T02:44:06,451  INFO Injector:94   ==full==> InstanceBinding{key=Key[type=org.matsim.core.router.costcalculators.TravelDisutilityFactory, annotation=@com.google.inject.name.Named("car")], source=org.matsim.core.router.costcalculators.TravelDisutilityModule.install(TravelDisutilityModule.java:37), instance=org.matsim.core.router.costcalculators.RandomizingTimeDistanceTravelDisutilityFactory@26464291}
2026-06-04T02:44:06,451  INFO Injector:96 
2026-06-04T02:44:06,451  INFO Injector:85 org.matsim.core.scoring.ScoringFunctionFactory 
2026-06-04T02:44:06,451  INFO Injector:86   --> provider: FactoryProxy{key=Key[type=org.matsim.core.scoring.ScoringFunctionFactory, annotation=[none]], provider=com.google.inject.internal.ConstructorBindingImpl$Factory@4fb567e2}
2026-06-04T02:44:06,451  INFO Injector:87   --> source: org.matsim.core.scoring.functions.CharyparNagelScoringFunctionModule.install(CharyparNagelScoringFunctionModule.java:37)
2026-06-04T02:44:06,451  INFO Injector:89   --> scope: Scopes.NO_SCOPE
2026-06-04T02:44:06,451  INFO Injector:92   --> target: Key[type=org.matsim.core.scoring.functions.CharyparNagelScoringFunctionFactory, annotation=[none]]
2026-06-04T02:44:06,451  INFO Injector:94   ==full==> LinkedKeyBinding{key=Key[type=org.matsim.core.scoring.ScoringFunctionFactory, annotation=[none]], source=org.matsim.core.scoring.functions.CharyparNagelScoringFunctionModule.install(CharyparNagelScoringFunctionModule.java:37), scope=Scopes.NO_SCOPE, target=Key[type=org.matsim.core.scoring.functions.CharyparNagelScoringFunctionFactory, annotation=[none]]}
2026-06-04T02:44:06,451  INFO Injector:96 
2026-06-04T02:44:06,451  INFO Injector:85 org.matsim.core.scoring.functions.ScoringParametersForPerson 
2026-06-04T02:44:06,451  INFO Injector:86   --> provider: FactoryProxy{key=Key[type=org.matsim.core.scoring.functions.ScoringParametersForPerson, annotation=[none]], provider=com.google.inject.internal.ConstructorBindingImpl$Factory@52b27119}
2026-06-04T02:44:06,451  INFO Injector:87   --> source: org.matsim.core.scoring.functions.CharyparNagelScoringFunctionModule.install(CharyparNagelScoringFunctionModule.java:38)
2026-06-04T02:44:06,451  INFO Injector:89   --> scope: Scopes.NO_SCOPE
2026-06-04T02:44:06,451  INFO Injector:92   --> target: Key[type=org.matsim.core.scoring.functions.SubpopulationScoringParameters, annotation=[none]]
2026-06-04T02:44:06,451  INFO Injector:94   ==full==> LinkedKeyBinding{key=Key[type=org.matsim.core.scoring.functions.ScoringParametersForPerson, annotation=[none]], source=org.matsim.core.scoring.functions.CharyparNagelScoringFunctionModule.install(CharyparNagelScoringFunctionModule.java:38), scope=Scopes.NO_SCOPE, target=Key[type=org.matsim.core.scoring.functions.SubpopulationScoringParameters, annotation=[none]]}
2026-06-04T02:44:06,451  INFO Injector:96 
2026-06-04T02:44:06,451  INFO Injector:85 org.matsim.core.router.MainModeIdentifier 
2026-06-04T02:44:06,451  INFO Injector:86   --> provider: FactoryProxy{key=Key[type=org.matsim.core.router.MainModeIdentifier, annotation=[none]], provider=com.google.inject.internal.ConstructorBindingImpl$Factory@71e1cba5}
2026-06-04T02:44:06,451  INFO Injector:87   --> source: org.matsim.core.router.TripRouterModule.install(TripRouterModule.java:42)
2026-06-04T02:44:06,451  INFO Injector:89   --> scope: Scopes.NO_SCOPE
2026-06-04T02:44:06,451  INFO Injector:92   --> target: Key[type=org.matsim.core.router.MainModeIdentifierImpl, annotation=[none]]
2026-06-04T02:44:06,451  INFO Injector:94   ==full==> LinkedKeyBinding{key=Key[type=org.matsim.core.router.MainModeIdentifier, annotation=[none]], source=org.matsim.core.router.TripRouterModule.install(TripRouterModule.java:42), scope=Scopes.NO_SCOPE, target=Key[type=org.matsim.core.router.MainModeIdentifierImpl, annotation=[none]]}
2026-06-04T02:44:06,451  INFO Injector:96 
2026-06-04T02:44:06,451  INFO Injector:85 org.matsim.core.router.AnalysisMainModeIdentifier 
2026-06-04T02:44:06,451  INFO Injector:86   --> provider: FactoryProxy{key=Key[type=org.matsim.core.router.AnalysisMainModeIdentifier, annotation=[none]], provider=com.google.inject.internal.ConstructorBindingImpl$Factory@65a75dc2}
2026-06-04T02:44:06,451  INFO Injector:87   --> source: org.matsim.core.router.TripRouterModule.install(TripRouterModule.java:43)
2026-06-04T02:44:06,451  INFO Injector:89   --> scope: Scopes.NO_SCOPE
2026-06-04T02:44:06,451  INFO Injector:92   --> target: Key[type=org.matsim.core.router.RoutingModeMainModeIdentifier, annotation=[none]]
2026-06-04T02:44:06,451  INFO Injector:94   ==full==> LinkedKeyBinding{key=Key[type=org.matsim.core.router.AnalysisMainModeIdentifier, annotation=[none]], source=org.matsim.core.router.TripRouterModule.install(TripRouterModule.java:43), scope=Scopes.NO_SCOPE, target=Key[type=org.matsim.core.router.RoutingModeMainModeIdentifier, annotation=[none]]}
2026-06-04T02:44:06,451  INFO Injector:96 
2026-06-04T02:44:06,451  INFO Injector:85 org.matsim.core.router.MultimodalLinkChooser 
2026-06-04T02:44:06,451  INFO Injector:86   --> provider: FactoryProxy{key=Key[type=org.matsim.core.router.MultimodalLinkChooser, annotation=[none]], provider=com.google.inject.internal.ConstructorBindingImpl$Factory@1c9ace3}
2026-06-04T02:44:06,451  INFO Injector:87   --> source: org.matsim.core.router.TripRouterModule.install(TripRouterModule.java:45)
2026-06-04T02:44:06,451  INFO Injector:89   --> scope: Scopes.NO_SCOPE
2026-06-04T02:44:06,451  INFO Injector:92   --> target: Key[type=org.matsim.core.router.MultimodalLinkChooserDefaultImpl, annotation=[none]]
2026-06-04T02:44:06,451  INFO Injector:94   ==full==> LinkedKeyBinding{key=Key[type=org.matsim.core.router.MultimodalLinkChooser, annotation=[none]], source=org.matsim.core.router.TripRouterModule.install(TripRouterModule.java:45), scope=Scopes.NO_SCOPE, target=Key[type=org.matsim.core.router.MultimodalLinkChooserDefaultImpl, annotation=[none]]}
2026-06-04T02:44:06,451  INFO Injector:96 
2026-06-04T02:44:06,451  INFO Injector:85 org.matsim.core.router.util.LeastCostPathCalculatorFactory 
2026-06-04T02:44:06,451  INFO Injector:86   --> provider: FactoryProxy{key=Key[type=org.matsim.core.router.util.LeastCostPathCalculatorFactory, annotation=[none]], provider=com.google.inject.internal.ConstructorBindingImpl$Factory@40b23f7a[Scopes.SINGLETON]}
2026-06-04T02:44:06,451  INFO Injector:87   --> source: org.matsim.core.router.LeastCostPathCalculatorModule.install(LeastCostPathCalculatorModule.java:43)
2026-06-04T02:44:06,451  INFO Injector:89   --> scope: Scopes.NO_SCOPE
2026-06-04T02:44:06,451  INFO Injector:92   --> target: Key[type=org.matsim.core.router.AStarLandmarksFactory, annotation=[none]]
2026-06-04T02:44:06,452  INFO Injector:94   ==full==> LinkedKeyBinding{key=Key[type=org.matsim.core.router.util.LeastCostPathCalculatorFactory, annotation=[none]], source=org.matsim.core.router.LeastCostPathCalculatorModule.install(LeastCostPathCalculatorModule.java:43), scope=Scopes.NO_SCOPE, target=Key[type=org.matsim.core.router.AStarLandmarksFactory, annotation=[none]]}
2026-06-04T02:44:06,452  INFO Injector:96 
2026-06-04T02:44:06,452  INFO Injector:85 org.matsim.core.router.RoutingModule @com.google.inject.name.Named("ride")
2026-06-04T02:44:06,452  INFO Injector:86   --> provider: org.matsim.core.router.FreespeedFactorRouting@650bb92
2026-06-04T02:44:06,452  INFO Injector:87   --> source: org.matsim.core.router.TripRouterModule.install(TripRouterModule.java:57)
2026-06-04T02:44:06,452  INFO Injector:89   --> scope: Scopes.NO_SCOPE
2026-06-04T02:44:06,452  INFO Injector:94   ==full==> ProviderInstanceBinding{key=Key[type=org.matsim.core.router.RoutingModule, annotation=@com.google.inject.name.Named("ride")], source=org.matsim.core.router.TripRouterModule.install(TripRouterModule.java:57), scope=Scopes.NO_SCOPE, provider=org.matsim.core.router.FreespeedFactorRouting@650bb92}
2026-06-04T02:44:06,452  INFO Injector:96 
2026-06-04T02:44:06,452  INFO Injector:85 org.matsim.core.router.RoutingModule @com.google.inject.name.Named("pt")
2026-06-04T02:44:06,452  INFO Injector:86   --> provider: org.matsim.core.router.FreespeedFactorRouting@32cd2d20
2026-06-04T02:44:06,452  INFO Injector:87   --> source: org.matsim.core.router.TripRouterModule.install(TripRouterModule.java:57)
2026-06-04T02:44:06,452  INFO Injector:89   --> scope: Scopes.NO_SCOPE
2026-06-04T02:44:06,452  INFO Injector:94   ==full==> ProviderInstanceBinding{key=Key[type=org.matsim.core.router.RoutingModule, annotation=@com.google.inject.name.Named("pt")], source=org.matsim.core.router.TripRouterModule.install(TripRouterModule.java:57), scope=Scopes.NO_SCOPE, provider=org.matsim.core.router.FreespeedFactorRouting@32cd2d20}
2026-06-04T02:44:06,452  INFO Injector:96 
2026-06-04T02:44:06,452  INFO Injector:85 org.matsim.core.router.RoutingModule @com.google.inject.name.Named("bike")
2026-06-04T02:44:06,452  INFO Injector:86   --> provider: org.matsim.core.router.BeelineTeleportationRouting@c90cd56
2026-06-04T02:44:06,452  INFO Injector:87   --> source: org.matsim.core.router.TripRouterModule.install(TripRouterModule.java:60)
2026-06-04T02:44:06,452  INFO Injector:89   --> scope: Scopes.NO_SCOPE
2026-06-04T02:44:06,452  INFO Injector:94   ==full==> ProviderInstanceBinding{key=Key[type=org.matsim.core.router.RoutingModule, annotation=@com.google.inject.name.Named("bike")], source=org.matsim.core.router.TripRouterModule.install(TripRouterModule.java:60), scope=Scopes.NO_SCOPE, provider=org.matsim.core.router.BeelineTeleportationRouting@c90cd56}
2026-06-04T02:44:06,452  INFO Injector:96 
2026-06-04T02:44:06,452  INFO Injector:85 org.matsim.core.router.RoutingModule @com.google.inject.name.Named("walk")
2026-06-04T02:44:06,452  INFO Injector:86   --> provider: org.matsim.core.router.BeelineTeleportationRouting@508ba8eb
2026-06-04T02:44:06,452  INFO Injector:87   --> source: org.matsim.core.router.TripRouterModule.install(TripRouterModule.java:60)
2026-06-04T02:44:06,452  INFO Injector:89   --> scope: Scopes.NO_SCOPE
2026-06-04T02:44:06,452  INFO Injector:94   ==full==> ProviderInstanceBinding{key=Key[type=org.matsim.core.router.RoutingModule, annotation=@com.google.inject.name.Named("walk")], source=org.matsim.core.router.TripRouterModule.install(TripRouterModule.java:60), scope=Scopes.NO_SCOPE, provider=org.matsim.core.router.BeelineTeleportationRouting@508ba8eb}
2026-06-04T02:44:06,452  INFO Injector:96 
2026-06-04T02:44:06,452  INFO Injector:85 org.matsim.core.router.RoutingModule @com.google.inject.name.Named("non_network_walk")
2026-06-04T02:44:06,452  INFO Injector:86   --> provider: org.matsim.core.router.BeelineTeleportationRouting@53841543
2026-06-04T02:44:06,452  INFO Injector:87   --> source: org.matsim.core.router.TripRouterModule.install(TripRouterModule.java:60)
2026-06-04T02:44:06,452  INFO Injector:89   --> scope: Scopes.NO_SCOPE
2026-06-04T02:44:06,452  INFO Injector:94   ==full==> ProviderInstanceBinding{key=Key[type=org.matsim.core.router.RoutingModule, annotation=@com.google.inject.name.Named("non_network_walk")], source=org.matsim.core.router.TripRouterModule.install(TripRouterModule.java:60), scope=Scopes.NO_SCOPE, provider=org.matsim.core.router.BeelineTeleportationRouting@53841543}
2026-06-04T02:44:06,452  INFO Injector:96 
2026-06-04T02:44:06,452  INFO Injector:85 org.matsim.core.router.RoutingModule @com.google.inject.name.Named("car")
2026-06-04T02:44:06,452  INFO Injector:86   --> provider: org.matsim.core.router.NetworkRoutingProvider@87b963e
2026-06-04T02:44:06,452  INFO Injector:87   --> source: org.matsim.core.router.TripRouterModule.install(TripRouterModule.java:68)
2026-06-04T02:44:06,452  INFO Injector:89   --> scope: Scopes.NO_SCOPE
2026-06-04T02:44:06,452  INFO Injector:94   ==full==> ProviderInstanceBinding{key=Key[type=org.matsim.core.router.RoutingModule, annotation=@com.google.inject.name.Named("car")], source=org.matsim.core.router.TripRouterModule.install(TripRouterModule.java:68), scope=Scopes.NO_SCOPE, provider=org.matsim.core.router.NetworkRoutingProvider@87b963e}
2026-06-04T02:44:06,452  INFO Injector:96 
2026-06-04T02:44:06,452  INFO Injector:85 org.matsim.core.router.FallbackRoutingModule 
2026-06-04T02:44:06,452  INFO Injector:86   --> provider: FactoryProxy{key=Key[type=org.matsim.core.router.FallbackRoutingModule, annotation=[none]], provider=com.google.inject.internal.ConstructorBindingImpl$Factory@3f71782a}
2026-06-04T02:44:06,452  INFO Injector:87   --> source: org.matsim.core.router.TripRouterModule.install(TripRouterModule.java:80)
2026-06-04T02:44:06,452  INFO Injector:89   --> scope: Scopes.NO_SCOPE
2026-06-04T02:44:06,452  INFO Injector:92   --> target: Key[type=org.matsim.core.router.FallbackRoutingModuleDefaultImpl, annotation=[none]]
2026-06-04T02:44:06,452  INFO Injector:94   ==full==> LinkedKeyBinding{key=Key[type=org.matsim.core.router.FallbackRoutingModule, annotation=[none]], source=org.matsim.core.router.TripRouterModule.install(TripRouterModule.java:80), scope=Scopes.NO_SCOPE, target=Key[type=org.matsim.core.router.FallbackRoutingModuleDefaultImpl, annotation=[none]]}
2026-06-04T02:44:06,452  INFO Injector:96 
2026-06-04T02:44:06,452  INFO Injector:85 org.matsim.core.replanning.selectors.PlanSelector<org.matsim.api.core.v01.population.Plan, org.matsim.api.core.v01.population.Person> 
2026-06-04T02:44:06,452  INFO Injector:86   --> provider: FactoryProxy{key=Key[type=org.matsim.core.replanning.selectors.PlanSelector<org.matsim.api.core.v01.population.Plan, org.matsim.api.core.v01.population.Person>, annotation=[none]], provider=com.google.inject.internal.ConstructorBindingImpl$Factory@60676b4b}
2026-06-04T02:44:06,452  INFO Injector:87   --> source: org.matsim.core.replanning.strategies.DefaultPlanStrategiesModule.install(DefaultPlanStrategiesModule.java:55)
2026-06-04T02:44:06,452  INFO Injector:89   --> scope: Scopes.NO_SCOPE
2026-06-04T02:44:06,452  INFO Injector:92   --> target: Key[type=org.matsim.core.replanning.selectors.WorstPlanForRemovalSelector, annotation=[none]]
2026-06-04T02:44:06,452  INFO Injector:94   ==full==> LinkedKeyBinding{key=Key[type=org.matsim.core.replanning.selectors.PlanSelector<org.matsim.api.core.v01.population.Plan, org.matsim.api.core.v01.population.Person>, annotation=[none]], source=org.matsim.core.replanning.strategies.DefaultPlanStrategiesModule.install(DefaultPlanStrategiesModule.java:55), scope=Scopes.NO_SCOPE, target=Key[type=org.matsim.core.replanning.selectors.WorstPlanForRemovalSelector, annotation=[none]]}
2026-06-04T02:44:06,452  INFO Injector:96 
2026-06-04T02:44:06,452  INFO Injector:85 org.matsim.core.replanning.choosers.StrategyChooser<org.matsim.api.core.v01.population.Plan, org.matsim.api.core.v01.population.Person> 
2026-06-04T02:44:06,452  INFO Injector:86   --> provider: FactoryProxy{key=Key[type=org.matsim.core.replanning.choosers.StrategyChooser<org.matsim.api.core.v01.population.Plan, org.matsim.api.core.v01.population.Person>, annotation=[none]], provider=com.google.inject.internal.ConstructorBindingImpl$Factory@2c056d10}[Scopes.SINGLETON]
2026-06-04T02:44:06,452  INFO Injector:87   --> source: org.matsim.core.replanning.StrategyManagerModule.install(StrategyManagerModule.java:55)
2026-06-04T02:44:06,452  INFO Injector:89   --> scope: eager singleton
2026-06-04T02:44:06,452  INFO Injector:92   --> target: Key[type=org.matsim.core.replanning.choosers.WeightedStrategyChooser<org.matsim.api.core.v01.population.Plan, org.matsim.api.core.v01.population.Person>, annotation=[none]]
2026-06-04T02:44:06,452  INFO Injector:94   ==full==> LinkedKeyBinding{key=Key[type=org.matsim.core.replanning.choosers.StrategyChooser<org.matsim.api.core.v01.population.Plan, org.matsim.api.core.v01.population.Person>, annotation=[none]], source=org.matsim.core.replanning.StrategyManagerModule.install(StrategyManagerModule.java:55), scope=eager singleton, target=Key[type=org.matsim.core.replanning.choosers.WeightedStrategyChooser<org.matsim.api.core.v01.population.Plan, org.matsim.api.core.v01.population.Person>, annotation=[none]]}
2026-06-04T02:44:06,452  INFO Injector:96 
2026-06-04T02:44:06,452  INFO Injector:85 org.matsim.core.replanning.ReplanningContext 
2026-06-04T02:44:06,452  INFO Injector:86   --> provider: FactoryProxy{key=Key[type=org.matsim.core.replanning.ReplanningContext, annotation=[none]], provider=com.google.inject.internal.ConstructorBindingImpl$Factory@7d1dce05[Scopes.SINGLETON]}[Scopes.SINGLETON]
2026-06-04T02:44:06,452  INFO Injector:87   --> source: org.matsim.core.replanning.StrategyManagerModule.install(StrategyManagerModule.java:56)
2026-06-04T02:44:06,452  INFO Injector:89   --> scope: eager singleton
2026-06-04T02:44:06,452  INFO Injector:92   --> target: Key[type=org.matsim.core.replanning.ReplanningContextImpl, annotation=[none]]
2026-06-04T02:44:06,453  INFO Injector:94   ==full==> LinkedKeyBinding{key=Key[type=org.matsim.core.replanning.ReplanningContext, annotation=[none]], source=org.matsim.core.replanning.StrategyManagerModule.install(StrategyManagerModule.java:56), scope=eager singleton, target=Key[type=org.matsim.core.replanning.ReplanningContextImpl, annotation=[none]]}
2026-06-04T02:44:06,453  INFO Injector:96 
2026-06-04T02:44:06,453  INFO Injector:85 org.matsim.core.utils.timing.TimeInterpretation 
2026-06-04T02:44:06,453  INFO Injector:86   --> provider: @Provides org.matsim.core.utils.timing.TimeInterpretationModule.provideTimeInterpretation(TimeInterpretationModule.java:16)[Scopes.SINGLETON]
2026-06-04T02:44:06,453  INFO Injector:87   --> source: public org.matsim.core.utils.timing.TimeInterpretation org.matsim.core.utils.timing.TimeInterpretationModule.provideTimeInterpretation()
2026-06-04T02:44:06,453  INFO Injector:89   --> scope: Scopes.SINGLETON
2026-06-04T02:44:06,453  INFO Injector:94   ==full==> ProviderInstanceBinding{key=Key[type=org.matsim.core.utils.timing.TimeInterpretation, annotation=[none]], source=public org.matsim.core.utils.timing.TimeInterpretation org.matsim.core.utils.timing.TimeInterpretationModule.provideTimeInterpretation(), scope=Scopes.SINGLETON, provider=@Provides org.matsim.core.utils.timing.TimeInterpretationModule.provideTimeInterpretation(TimeInterpretationModule.java:16)}
2026-06-04T02:44:06,453  INFO Injector:96 
2026-06-04T02:44:06,453  INFO Injector:85 org.matsim.core.controler.listener.ControlerListener @com.google.inject.internal.Element(setName=,uniqueId=71, type=MULTIBINDER, keyType=)
2026-06-04T02:44:06,453  INFO Injector:86   --> provider: FactoryProxy{key=Key[type=org.matsim.core.controler.listener.ControlerListener, annotation=@com.google.inject.internal.Element(setName=,uniqueId=71, type=MULTIBINDER, keyType=)], provider=com.google.inject.internal.ConstructorBindingImpl$Factory@1515cc5d[Scopes.SINGLETON]}
2026-06-04T02:44:06,453  INFO Injector:87   --> source: org.matsim.analysis.LinkStatsModule.install(LinkStatsModule.java:47)
2026-06-04T02:44:06,453  INFO Injector:89   --> scope: Scopes.NO_SCOPE
2026-06-04T02:44:06,453  INFO Injector:92   --> target: Key[type=org.matsim.analysis.LinkStatsControlerListener, annotation=[none]]
2026-06-04T02:44:06,453  INFO Injector:94   ==full==> LinkedKeyBinding{key=Key[type=org.matsim.core.controler.listener.ControlerListener, annotation=@com.google.inject.internal.Element(setName=,uniqueId=71, type=MULTIBINDER, keyType=)], source=org.matsim.analysis.LinkStatsModule.install(LinkStatsModule.java:47), scope=Scopes.NO_SCOPE, target=Key[type=org.matsim.analysis.LinkStatsControlerListener, annotation=[none]]}
2026-06-04T02:44:06,453  INFO Injector:96 
2026-06-04T02:44:06,453  INFO Injector:85 org.matsim.core.controler.listener.ControlerListener @com.google.inject.internal.Element(setName=,uniqueId=72, type=MULTIBINDER, keyType=)
2026-06-04T02:44:06,453  INFO Injector:86   --> provider: FactoryProxy{key=Key[type=org.matsim.core.controler.listener.ControlerListener, annotation=@com.google.inject.internal.Element(setName=,uniqueId=72, type=MULTIBINDER, keyType=)], provider=com.google.inject.internal.ConstructorBindingImpl$Factory@6eb551c}
2026-06-04T02:44:06,453  INFO Injector:87   --> source: org.matsim.analysis.LegHistogramModule.install(LegHistogramModule.java:31)
2026-06-04T02:44:06,453  INFO Injector:89   --> scope: Scopes.NO_SCOPE
2026-06-04T02:44:06,453  INFO Injector:92   --> target: Key[type=org.matsim.analysis.LegHistogramListener, annotation=[none]]
2026-06-04T02:44:06,453  INFO Injector:94   ==full==> LinkedKeyBinding{key=Key[type=org.matsim.core.controler.listener.ControlerListener, annotation=@com.google.inject.internal.Element(setName=,uniqueId=72, type=MULTIBINDER, keyType=)], source=org.matsim.analysis.LegHistogramModule.install(LegHistogramModule.java:31), scope=Scopes.NO_SCOPE, target=Key[type=org.matsim.analysis.LegHistogramListener, annotation=[none]]}
2026-06-04T02:44:06,453  INFO Injector:96 
2026-06-04T02:44:06,453  INFO Injector:85 org.matsim.core.controler.listener.ControlerListener @com.google.inject.internal.Element(setName=,uniqueId=73, type=MULTIBINDER, keyType=)
2026-06-04T02:44:06,453  INFO Injector:86   --> provider: FactoryProxy{key=Key[type=org.matsim.core.controler.listener.ControlerListener, annotation=@com.google.inject.internal.Element(setName=,uniqueId=73, type=MULTIBINDER, keyType=)], provider=com.google.inject.internal.ConstructorBindingImpl$Factory@53c781c}
2026-06-04T02:44:06,453  INFO Injector:87   --> source: org.matsim.analysis.LegTimesModule.install(LegTimesModule.java:32)
2026-06-04T02:44:06,453  INFO Injector:89   --> scope: Scopes.NO_SCOPE
2026-06-04T02:44:06,453  INFO Injector:92   --> target: Key[type=org.matsim.analysis.LegTimesControlerListener, annotation=[none]]
2026-06-04T02:44:06,453  INFO Injector:94   ==full==> LinkedKeyBinding{key=Key[type=org.matsim.core.controler.listener.ControlerListener, annotation=@com.google.inject.internal.Element(setName=,uniqueId=73, type=MULTIBINDER, keyType=)], source=org.matsim.analysis.LegTimesModule.install(LegTimesModule.java:32), scope=Scopes.NO_SCOPE, target=Key[type=org.matsim.analysis.LegTimesControlerListener, annotation=[none]]}
2026-06-04T02:44:06,453  INFO Injector:96 
2026-06-04T02:44:06,453  INFO Injector:85 org.matsim.analysis.TripsAndLegsCSVWriter$CustomTripsWriterExtension 
2026-06-04T02:44:06,453  INFO Injector:86   --> provider: FactoryProxy{key=Key[type=org.matsim.analysis.TripsAndLegsCSVWriter$CustomTripsWriterExtension, annotation=[none]], provider=com.google.inject.internal.ConstructorBindingImpl$Factory@6ddcc672}[Scopes.SINGLETON]
2026-06-04T02:44:06,453  INFO Injector:87   --> source: org.matsim.analysis.IterationTravelStatsModule.install(IterationTravelStatsModule.java:34)
2026-06-04T02:44:06,453  INFO Injector:89   --> scope: eager singleton
2026-06-04T02:44:06,453  INFO Injector:92   --> target: Key[type=org.matsim.analysis.TripsAndLegsCSVWriter$NoTripWriterExtension, annotation=[none]]
2026-06-04T02:44:06,454  INFO Injector:94   ==full==> LinkedKeyBinding{key=Key[type=org.matsim.analysis.TripsAndLegsCSVWriter$CustomTripsWriterExtension, annotation=[none]], source=org.matsim.analysis.IterationTravelStatsModule.install(IterationTravelStatsModule.java:34), scope=eager singleton, target=Key[type=org.matsim.analysis.TripsAndLegsCSVWriter$NoTripWriterExtension, annotation=[none]]}
2026-06-04T02:44:06,454  INFO Injector:96 
2026-06-04T02:44:06,454  INFO Injector:85 org.matsim.analysis.TripsAndLegsCSVWriter$CustomLegsWriterExtension 
2026-06-04T02:44:06,454  INFO Injector:86   --> provider: FactoryProxy{key=Key[type=org.matsim.analysis.TripsAndLegsCSVWriter$CustomLegsWriterExtension, annotation=[none]], provider=com.google.inject.internal.ConstructorBindingImpl$Factory@569088b0}[Scopes.SINGLETON]
2026-06-04T02:44:06,454  INFO Injector:87   --> source: org.matsim.analysis.IterationTravelStatsModule.install(IterationTravelStatsModule.java:35)
2026-06-04T02:44:06,454  INFO Injector:89   --> scope: eager singleton
2026-06-04T02:44:06,454  INFO Injector:92   --> target: Key[type=org.matsim.analysis.TripsAndLegsCSVWriter$NoLegsWriterExtension, annotation=[none]]
2026-06-04T02:44:06,454  INFO Injector:94   ==full==> LinkedKeyBinding{key=Key[type=org.matsim.analysis.TripsAndLegsCSVWriter$CustomLegsWriterExtension, annotation=[none]], source=org.matsim.analysis.IterationTravelStatsModule.install(IterationTravelStatsModule.java:35), scope=eager singleton, target=Key[type=org.matsim.analysis.TripsAndLegsCSVWriter$NoLegsWriterExtension, annotation=[none]]}
2026-06-04T02:44:06,454  INFO Injector:96 
2026-06-04T02:44:06,454  INFO Injector:85 org.matsim.analysis.TripsAndLegsCSVWriter$CustomTimeWriter 
2026-06-04T02:44:06,454  INFO Injector:86   --> provider: FactoryProxy{key=Key[type=org.matsim.analysis.TripsAndLegsCSVWriter$CustomTimeWriter, annotation=[none]], provider=com.google.inject.internal.ConstructorBindingImpl$Factory@a8f64cb}[Scopes.SINGLETON]
2026-06-04T02:44:06,454  INFO Injector:87   --> source: org.matsim.analysis.IterationTravelStatsModule.install(IterationTravelStatsModule.java:36)
2026-06-04T02:44:06,454  INFO Injector:89   --> scope: eager singleton
2026-06-04T02:44:06,454  INFO Injector:92   --> target: Key[type=org.matsim.analysis.TripsAndLegsCSVWriter$DefaultTimeWriter, annotation=[none]]
2026-06-04T02:44:06,454  INFO Injector:94   ==full==> LinkedKeyBinding{key=Key[type=org.matsim.analysis.TripsAndLegsCSVWriter$CustomTimeWriter, annotation=[none]], source=org.matsim.analysis.IterationTravelStatsModule.install(IterationTravelStatsModule.java:36), scope=eager singleton, target=Key[type=org.matsim.analysis.TripsAndLegsCSVWriter$DefaultTimeWriter, annotation=[none]]}
2026-06-04T02:44:06,454  INFO Injector:96 
2026-06-04T02:44:06,454  INFO Injector:85 org.matsim.core.controler.listener.ControlerListener @com.google.inject.internal.Element(setName=,uniqueId=74, type=MULTIBINDER, keyType=)
2026-06-04T02:44:06,454  INFO Injector:86   --> provider: FactoryProxy{key=Key[type=org.matsim.core.controler.listener.ControlerListener, annotation=@com.google.inject.internal.Element(setName=,uniqueId=74, type=MULTIBINDER, keyType=)], provider=com.google.inject.internal.ConstructorBindingImpl$Factory@6c15111e}
2026-06-04T02:44:06,454  INFO Injector:87   --> source: org.matsim.analysis.IterationTravelStatsModule.install(IterationTravelStatsModule.java:37)
2026-06-04T02:44:06,454  INFO Injector:89   --> scope: Scopes.NO_SCOPE
2026-06-04T02:44:06,454  INFO Injector:92   --> target: Key[type=org.matsim.analysis.IterationTravelStatsControlerListener, annotation=[none]]
2026-06-04T02:44:06,454  INFO Injector:94   ==full==> LinkedKeyBinding{key=Key[type=org.matsim.core.controler.listener.ControlerListener, annotation=@com.google.inject.internal.Element(setName=,uniqueId=74, type=MULTIBINDER, keyType=)], source=org.matsim.analysis.IterationTravelStatsModule.install(IterationTravelStatsModule.java:37), scope=Scopes.NO_SCOPE, target=Key[type=org.matsim.analysis.IterationTravelStatsControlerListener, annotation=[none]]}
2026-06-04T02:44:06,454  INFO Injector:96 
2026-06-04T02:44:06,454  INFO Injector:85 org.matsim.core.controler.listener.ControlerListener @com.google.inject.internal.Element(setName=,uniqueId=75, type=MULTIBINDER, keyType=)
2026-06-04T02:44:06,454  INFO Injector:86   --> provider: FactoryProxy{key=Key[type=org.matsim.core.controler.listener.ControlerListener, annotation=@com.google.inject.internal.Element(setName=,uniqueId=75, type=MULTIBINDER, keyType=)], provider=com.google.inject.internal.ConstructorBindingImpl$Factory@67f1b5b8[Scopes.SINGLETON]}
2026-06-04T02:44:06,454  INFO Injector:87   --> source: org.matsim.analysis.ScoreStatsModule.install(ScoreStatsModule.java:32)
2026-06-04T02:44:06,454  INFO Injector:89   --> scope: Scopes.NO_SCOPE
2026-06-04T02:44:06,454  INFO Injector:92   --> target: Key[type=org.matsim.analysis.ScoreStatsControlerListener, annotation=[none]]
2026-06-04T02:44:06,454  INFO Injector:94   ==full==> LinkedKeyBinding{key=Key[type=org.matsim.core.controler.listener.ControlerListener, annotation=@com.google.inject.internal.Element(setName=,uniqueId=75, type=MULTIBINDER, keyType=)], source=org.matsim.analysis.ScoreStatsModule.install(ScoreStatsModule.java:32), scope=Scopes.NO_SCOPE, target=Key[type=org.matsim.analysis.ScoreStatsControlerListener, annotation=[none]]}
2026-06-04T02:44:06,454  INFO Injector:96 
2026-06-04T02:44:06,454  INFO Injector:85 org.matsim.analysis.ScoreStats 
2026-06-04T02:44:06,454  INFO Injector:86   --> provider: FactoryProxy{key=Key[type=org.matsim.analysis.ScoreStats, annotation=[none]], provider=com.google.inject.internal.ConstructorBindingImpl$Factory@67f1b5b8[Scopes.SINGLETON]}
2026-06-04T02:44:06,454  INFO Injector:87   --> source: org.matsim.analysis.ScoreStatsModule.install(ScoreStatsModule.java:33)
2026-06-04T02:44:06,454  INFO Injector:89   --> scope: Scopes.NO_SCOPE
2026-06-04T02:44:06,454  INFO Injector:92   --> target: Key[type=org.matsim.analysis.ScoreStatsControlerListener, annotation=[none]]
2026-06-04T02:44:06,454  INFO Injector:94   ==full==> LinkedKeyBinding{key=Key[type=org.matsim.analysis.ScoreStats, annotation=[none]], source=org.matsim.analysis.ScoreStatsModule.install(ScoreStatsModule.java:33), scope=Scopes.NO_SCOPE, target=Key[type=org.matsim.analysis.ScoreStatsControlerListener, annotation=[none]]}
2026-06-04T02:44:06,454  INFO Injector:96 
2026-06-04T02:44:06,454  INFO Injector:85 org.matsim.core.controler.listener.ControlerListener @com.google.inject.internal.Element(setName=,uniqueId=76, type=MULTIBINDER, keyType=)
2026-06-04T02:44:06,454  INFO Injector:86   --> provider: FactoryProxy{key=Key[type=org.matsim.core.controler.listener.ControlerListener, annotation=@com.google.inject.internal.Element(setName=,uniqueId=76, type=MULTIBINDER, keyType=)], provider=com.google.inject.internal.ConstructorBindingImpl$Factory@357674fe[Scopes.SINGLETON]}
2026-06-04T02:44:06,454  INFO Injector:87   --> source: org.matsim.analysis.ModeStatsModule.install(ModeStatsModule.java:32)
2026-06-04T02:44:06,454  INFO Injector:89   --> scope: Scopes.NO_SCOPE
2026-06-04T02:44:06,454  INFO Injector:92   --> target: Key[type=org.matsim.analysis.ModeStatsControlerListener, annotation=[none]]
2026-06-04T02:44:06,454  INFO Injector:94   ==full==> LinkedKeyBinding{key=Key[type=org.matsim.core.controler.listener.ControlerListener, annotation=@com.google.inject.internal.Element(setName=,uniqueId=76, type=MULTIBINDER, keyType=)], source=org.matsim.analysis.ModeStatsModule.install(ModeStatsModule.java:32), scope=Scopes.NO_SCOPE, target=Key[type=org.matsim.analysis.ModeStatsControlerListener, annotation=[none]]}
2026-06-04T02:44:06,454  INFO Injector:96 
2026-06-04T02:44:06,454  INFO Injector:85 org.matsim.core.controler.listener.ControlerListener @com.google.inject.internal.Element(setName=,uniqueId=77, type=MULTIBINDER, keyType=)
2026-06-04T02:44:06,454  INFO Injector:86   --> provider: FactoryProxy{key=Key[type=org.matsim.core.controler.listener.ControlerListener, annotation=@com.google.inject.internal.Element(setName=,uniqueId=77, type=MULTIBINDER, keyType=)], provider=com.google.inject.internal.ConstructorBindingImpl$Factory@442ef7a7}
2026-06-04T02:44:06,454  INFO Injector:87   --> source: org.matsim.counts.CountsModule.install(CountsModule.java:43)
2026-06-04T02:44:06,454  INFO Injector:89   --> scope: Scopes.NO_SCOPE
2026-06-04T02:44:06,454  INFO Injector:92   --> target: Key[type=org.matsim.counts.CountsControlerListener, annotation=[none]]
2026-06-04T02:44:06,454  INFO Injector:94   ==full==> LinkedKeyBinding{key=Key[type=org.matsim.core.controler.listener.ControlerListener, annotation=@com.google.inject.internal.Element(setName=,uniqueId=77, type=MULTIBINDER, keyType=)], source=org.matsim.counts.CountsModule.install(CountsModule.java:43), scope=Scopes.NO_SCOPE, target=Key[type=org.matsim.counts.CountsControlerListener, annotation=[none]]}
2026-06-04T02:44:06,454  INFO Injector:96 
2026-06-04T02:44:06,454  INFO Injector:85 org.matsim.counts.Counts<org.matsim.api.core.v01.network.Link> 
2026-06-04T02:44:06,454  INFO Injector:86   --> provider: @Provides org.matsim.counts.CountsModule.provideLinkCounts(CountsModule.java:64)[Scopes.SINGLETON]
2026-06-04T02:44:06,455  INFO Injector:87   --> source: org.matsim.counts.Counts org.matsim.counts.CountsModule.provideLinkCounts(org.matsim.api.core.v01.Scenario,org.matsim.core.config.groups.CountsConfigGroup)
2026-06-04T02:44:06,455  INFO Injector:89   --> scope: Scopes.SINGLETON
2026-06-04T02:44:06,455  INFO Injector:94   ==full==> ProviderInstanceBinding{key=Key[type=org.matsim.counts.Counts<org.matsim.api.core.v01.network.Link>, annotation=[none]], source=org.matsim.counts.Counts org.matsim.counts.CountsModule.provideLinkCounts(org.matsim.api.core.v01.Scenario,org.matsim.core.config.groups.CountsConfigGroup), scope=Scopes.SINGLETON, provider=@Provides org.matsim.counts.CountsModule.provideLinkCounts(CountsModule.java:64)}
2026-06-04T02:44:06,455  INFO Injector:96 
2026-06-04T02:44:06,455  INFO Injector:85 org.matsim.core.controler.listener.ControlerListener @com.google.inject.internal.Element(setName=,uniqueId=78, type=MULTIBINDER, keyType=)
2026-06-04T02:44:06,455  INFO Injector:86   --> provider: FactoryProxy{key=Key[type=org.matsim.core.controler.listener.ControlerListener, annotation=@com.google.inject.internal.Element(setName=,uniqueId=78, type=MULTIBINDER, keyType=)], provider=com.google.inject.internal.ConstructorBindingImpl$Factory@6c16f22c}
2026-06-04T02:44:06,455  INFO Injector:87   --> source: org.matsim.core.population.VspPlansCleanerModule.install(VspPlansCleanerModule.java:34)
2026-06-04T02:44:06,455  INFO Injector:89   --> scope: Scopes.NO_SCOPE
2026-06-04T02:44:06,455  INFO Injector:92   --> target: Key[type=org.matsim.core.population.VspPlansCleaner, annotation=[none]]
2026-06-04T02:44:06,455  INFO Injector:94   ==full==> LinkedKeyBinding{key=Key[type=org.matsim.core.controler.listener.ControlerListener, annotation=@com.google.inject.internal.Element(setName=,uniqueId=78, type=MULTIBINDER, keyType=)], source=org.matsim.core.population.VspPlansCleanerModule.install(VspPlansCleanerModule.java:34), scope=Scopes.NO_SCOPE, target=Key[type=org.matsim.core.population.VspPlansCleaner, annotation=[none]]}
2026-06-04T02:44:06,455  INFO Injector:96 
2026-06-04T02:44:06,455  INFO Injector:85 org.matsim.core.mobsim.framework.listeners.MobsimListener @com.google.inject.internal.Element(setName=,uniqueId=79, type=MULTIBINDER, keyType=)
2026-06-04T02:44:06,455  INFO Injector:86   --> provider: Key[type=org.matsim.vis.snapshotwriters.SnapshotWritersModule$SnapshotWriterManagerProvider, annotation=[none]]
2026-06-04T02:44:06,455  INFO Injector:87   --> source: org.matsim.vis.snapshotwriters.SnapshotWritersModule.install(SnapshotWritersModule.java:50)
2026-06-04T02:44:06,455  INFO Injector:89   --> scope: Scopes.NO_SCOPE
2026-06-04T02:44:06,455  INFO Injector:94   ==full==> ProviderKeyBinding{key=Key[type=org.matsim.core.mobsim.framework.listeners.MobsimListener, annotation=@com.google.inject.internal.Element(setName=,uniqueId=79, type=MULTIBINDER, keyType=)], source=org.matsim.vis.snapshotwriters.SnapshotWritersModule.install(SnapshotWritersModule.java:50), scope=Scopes.NO_SCOPE, provider=Key[type=org.matsim.vis.snapshotwriters.SnapshotWritersModule$SnapshotWriterManagerProvider, annotation=[none]]}
2026-06-04T02:44:06,455  INFO Injector:96 
2026-06-04T02:44:06,455  INFO Injector:85 org.matsim.core.controler.listener.ControlerListener @com.google.inject.internal.Element(setName=,uniqueId=80, type=MULTIBINDER, keyType=)
2026-06-04T02:44:06,455  INFO Injector:86   --> provider: FactoryProxy{key=Key[type=org.matsim.core.controler.listener.ControlerListener, annotation=@com.google.inject.internal.Element(setName=,uniqueId=80, type=MULTIBINDER, keyType=)], provider=com.google.inject.internal.ConstructorBindingImpl$Factory@5fb6a3c6}
2026-06-04T02:44:06,455  INFO Injector:87   --> source: org.matsim.guice.DependencyGraphModule.install(DependencyGraphModule.java:8)
2026-06-04T02:44:06,455  INFO Injector:89   --> scope: Scopes.NO_SCOPE
2026-06-04T02:44:06,455  INFO Injector:92   --> target: Key[type=org.matsim.guice.DependencyGraphControlerListener, annotation=[none]]
2026-06-04T02:44:06,455  INFO Injector:94   ==full==> LinkedKeyBinding{key=Key[type=org.matsim.core.controler.listener.ControlerListener, annotation=@com.google.inject.internal.Element(setName=,uniqueId=80, type=MULTIBINDER, keyType=)], source=org.matsim.guice.DependencyGraphModule.install(DependencyGraphModule.java:8), scope=Scopes.NO_SCOPE, target=Key[type=org.matsim.guice.DependencyGraphControlerListener, annotation=[none]]}
2026-06-04T02:44:06,455  INFO Injector:96 
2026-06-04T02:44:06,455  INFO Injector:85 org.matsim.core.controler.listener.ControlerListener @com.google.inject.internal.Element(setName=,uniqueId=81, type=MULTIBINDER, keyType=)
2026-06-04T02:44:06,455  INFO Injector:86   --> provider: ConstantFactory{value=org.matsim.core.controler.ControlerDefaultsModule$1@28b101a}[Scopes.SINGLETON]
2026-06-04T02:44:06,455  INFO Injector:87   --> source: org.matsim.core.controler.ControlerDefaultsModule.install(ControlerDefaultsModule.java:87)
2026-06-04T02:44:06,455  INFO Injector:89   --> scope: eager singleton
2026-06-04T02:44:06,455  INFO Injector:94   ==full==> InstanceBinding{key=Key[type=org.matsim.core.controler.listener.ControlerListener, annotation=@com.google.inject.internal.Element(setName=,uniqueId=81, type=MULTIBINDER, keyType=)], source=org.matsim.core.controler.ControlerDefaultsModule.install(ControlerDefaultsModule.java:87), instance=org.matsim.core.controler.ControlerDefaultsModule$1@28b101a}
2026-06-04T02:44:06,455  INFO Injector:96 
2026-06-04T02:44:06,455  INFO Injector:85 org.matsim.core.router.RoutingModule @com.google.inject.internal.Element(setName=,uniqueId=82, type=MAPBINDER, keyType=java.lang.String)
2026-06-04T02:44:06,455  INFO Injector:86   --> provider: FactoryProxy{key=Key[type=org.matsim.core.router.RoutingModule, annotation=@com.google.inject.internal.Element(setName=,uniqueId=82, type=MAPBINDER, keyType=java.lang.String)], provider=org.matsim.core.router.FreespeedFactorRouting@32cd2d20}
2026-06-04T02:44:06,455  INFO Injector:87   --> source: org.matsim.core.controler.Injector$3.configure(Injector.java:129)
2026-06-04T02:44:06,455  INFO Injector:89   --> scope: Scopes.NO_SCOPE
2026-06-04T02:44:06,455  INFO Injector:92   --> target: Key[type=org.matsim.core.router.RoutingModule, annotation=@com.google.inject.name.Named("pt")]
2026-06-04T02:44:06,455  INFO Injector:94   ==full==> LinkedKeyBinding{key=Key[type=org.matsim.core.router.RoutingModule, annotation=@com.google.inject.internal.Element(setName=,uniqueId=82, type=MAPBINDER, keyType=java.lang.String)], source=org.matsim.core.controler.Injector$3.configure(Injector.java:129), scope=Scopes.NO_SCOPE, target=Key[type=org.matsim.core.router.RoutingModule, annotation=@com.google.inject.name.Named("pt")]}
2026-06-04T02:44:06,455  INFO Injector:96 
2026-06-04T02:44:06,455  INFO Injector:85 org.matsim.core.router.RoutingModule @com.google.inject.internal.Element(setName=,uniqueId=84, type=MAPBINDER, keyType=java.lang.String)
2026-06-04T02:44:06,455  INFO Injector:86   --> provider: FactoryProxy{key=Key[type=org.matsim.core.router.RoutingModule, annotation=@com.google.inject.internal.Element(setName=,uniqueId=84, type=MAPBINDER, keyType=java.lang.String)], provider=org.matsim.core.router.NetworkRoutingProvider@87b963e}
2026-06-04T02:44:06,455  INFO Injector:87   --> source: org.matsim.core.controler.Injector$3.configure(Injector.java:129)
2026-06-04T02:44:06,455  INFO Injector:89   --> scope: Scopes.NO_SCOPE
2026-06-04T02:44:06,455  INFO Injector:92   --> target: Key[type=org.matsim.core.router.RoutingModule, annotation=@com.google.inject.name.Named("car")]
2026-06-04T02:44:06,455  INFO Injector:94   ==full==> LinkedKeyBinding{key=Key[type=org.matsim.core.router.RoutingModule, annotation=@com.google.inject.internal.Element(setName=,uniqueId=84, type=MAPBINDER, keyType=java.lang.String)], source=org.matsim.core.controler.Injector$3.configure(Injector.java:129), scope=Scopes.NO_SCOPE, target=Key[type=org.matsim.core.router.RoutingModule, annotation=@com.google.inject.name.Named("car")]}
2026-06-04T02:44:06,455  INFO Injector:96 
2026-06-04T02:44:06,455  INFO Injector:85 org.matsim.core.router.RoutingModule @com.google.inject.internal.Element(setName=,uniqueId=86, type=MAPBINDER, keyType=java.lang.String)
2026-06-04T02:44:06,455  INFO Injector:86   --> provider: FactoryProxy{key=Key[type=org.matsim.core.router.RoutingModule, annotation=@com.google.inject.internal.Element(setName=,uniqueId=86, type=MAPBINDER, keyType=java.lang.String)], provider=org.matsim.core.router.BeelineTeleportationRouting@53841543}
2026-06-04T02:44:06,455  INFO Injector:87   --> source: org.matsim.core.controler.Injector$3.configure(Injector.java:129)
2026-06-04T02:44:06,455  INFO Injector:89   --> scope: Scopes.NO_SCOPE
2026-06-04T02:44:06,455  INFO Injector:92   --> target: Key[type=org.matsim.core.router.RoutingModule, annotation=@com.google.inject.name.Named("non_network_walk")]
2026-06-04T02:44:06,455  INFO Injector:94   ==full==> LinkedKeyBinding{key=Key[type=org.matsim.core.router.RoutingModule, annotation=@com.google.inject.internal.Element(setName=,uniqueId=86, type=MAPBINDER, keyType=java.lang.String)], source=org.matsim.core.controler.Injector$3.configure(Injector.java:129), scope=Scopes.NO_SCOPE, target=Key[type=org.matsim.core.router.RoutingModule, annotation=@com.google.inject.name.Named("non_network_walk")]}
2026-06-04T02:44:06,455  INFO Injector:96 
2026-06-04T02:44:06,455  INFO Injector:85 org.matsim.core.router.RoutingModule @com.google.inject.internal.Element(setName=,uniqueId=88, type=MAPBINDER, keyType=java.lang.String)
2026-06-04T02:44:06,455  INFO Injector:86   --> provider: FactoryProxy{key=Key[type=org.matsim.core.router.RoutingModule, annotation=@com.google.inject.internal.Element(setName=,uniqueId=88, type=MAPBINDER, keyType=java.lang.String)], provider=org.matsim.core.router.FreespeedFactorRouting@650bb92}
2026-06-04T02:44:06,455  INFO Injector:87   --> source: org.matsim.core.controler.Injector$3.configure(Injector.java:129)
2026-06-04T02:44:06,455  INFO Injector:89   --> scope: Scopes.NO_SCOPE
2026-06-04T02:44:06,455  INFO Injector:92   --> target: Key[type=org.matsim.core.router.RoutingModule, annotation=@com.google.inject.name.Named("ride")]
2026-06-04T02:44:06,455  INFO Injector:94   ==full==> LinkedKeyBinding{key=Key[type=org.matsim.core.router.RoutingModule, annotation=@com.google.inject.internal.Element(setName=,uniqueId=88, type=MAPBINDER, keyType=java.lang.String)], source=org.matsim.core.controler.Injector$3.configure(Injector.java:129), scope=Scopes.NO_SCOPE, target=Key[type=org.matsim.core.router.RoutingModule, annotation=@com.google.inject.name.Named("ride")]}
2026-06-04T02:44:06,455  INFO Injector:96 
2026-06-04T02:44:06,455  INFO Injector:85 org.matsim.core.router.RoutingModule @com.google.inject.internal.Element(setName=,uniqueId=90, type=MAPBINDER, keyType=java.lang.String)
2026-06-04T02:44:06,455  INFO Injector:86   --> provider: FactoryProxy{key=Key[type=org.matsim.core.router.RoutingModule, annotation=@com.google.inject.internal.Element(setName=,uniqueId=90, type=MAPBINDER, keyType=java.lang.String)], provider=org.matsim.core.router.BeelineTeleportationRouting@508ba8eb}
2026-06-04T02:44:06,455  INFO Injector:87   --> source: org.matsim.core.controler.Injector$3.configure(Injector.java:129)
2026-06-04T02:44:06,455  INFO Injector:89   --> scope: Scopes.NO_SCOPE
2026-06-04T02:44:06,455  INFO Injector:92   --> target: Key[type=org.matsim.core.router.RoutingModule, annotation=@com.google.inject.name.Named("walk")]
2026-06-04T02:44:06,455  INFO Injector:94   ==full==> LinkedKeyBinding{key=Key[type=org.matsim.core.router.RoutingModule, annotation=@com.google.inject.internal.Element(setName=,uniqueId=90, type=MAPBINDER, keyType=java.lang.String)], source=org.matsim.core.controler.Injector$3.configure(Injector.java:129), scope=Scopes.NO_SCOPE, target=Key[type=org.matsim.core.router.RoutingModule, annotation=@com.google.inject.name.Named("walk")]}
2026-06-04T02:44:06,455  INFO Injector:96 
2026-06-04T02:44:06,455  INFO Injector:85 org.matsim.core.router.RoutingModule @com.google.inject.internal.Element(setName=,uniqueId=92, type=MAPBINDER, keyType=java.lang.String)
2026-06-04T02:44:06,455  INFO Injector:86   --> provider: FactoryProxy{key=Key[type=org.matsim.core.router.RoutingModule, annotation=@com.google.inject.internal.Element(setName=,uniqueId=92, type=MAPBINDER, keyType=java.lang.String)], provider=org.matsim.core.router.BeelineTeleportationRouting@c90cd56}
2026-06-04T02:44:06,455  INFO Injector:87   --> source: org.matsim.core.controler.Injector$3.configure(Injector.java:129)
2026-06-04T02:44:06,455  INFO Injector:89   --> scope: Scopes.NO_SCOPE
2026-06-04T02:44:06,455  INFO Injector:92   --> target: Key[type=org.matsim.core.router.RoutingModule, annotation=@com.google.inject.name.Named("bike")]
2026-06-04T02:44:06,455  INFO Injector:94   ==full==> LinkedKeyBinding{key=Key[type=org.matsim.core.router.RoutingModule, annotation=@com.google.inject.internal.Element(setName=,uniqueId=92, type=MAPBINDER, keyType=java.lang.String)], source=org.matsim.core.controler.Injector$3.configure(Injector.java:129), scope=Scopes.NO_SCOPE, target=Key[type=org.matsim.core.router.RoutingModule, annotation=@com.google.inject.name.Named("bike")]}
2026-06-04T02:44:06,455  INFO Injector:96 
2026-06-04T02:44:06,455  INFO Injector:85 org.matsim.core.router.util.TravelTime @com.google.inject.internal.Element(setName=,uniqueId=94, type=MAPBINDER, keyType=java.lang.String)
2026-06-04T02:44:06,455  INFO Injector:86   --> provider: FactoryProxy{key=Key[type=org.matsim.core.router.util.TravelTime, annotation=@com.google.inject.internal.Element(setName=,uniqueId=94, type=MAPBINDER, keyType=java.lang.String)], provider=org.matsim.core.trafficmonitoring.TravelTimeCalculatorModule$1@22dfd31c[Scopes.SINGLETON]}
2026-06-04T02:44:06,455  INFO Injector:87   --> source: org.matsim.core.controler.Injector$3.configure(Injector.java:129)
2026-06-04T02:44:06,455  INFO Injector:89   --> scope: Scopes.NO_SCOPE
2026-06-04T02:44:06,455  INFO Injector:92   --> target: Key[type=org.matsim.core.router.util.TravelTime, annotation=@com.google.inject.name.Named("car")]
2026-06-04T02:44:06,455  INFO Injector:94   ==full==> LinkedKeyBinding{key=Key[type=org.matsim.core.router.util.TravelTime, annotation=@com.google.inject.internal.Element(setName=,uniqueId=94, type=MAPBINDER, keyType=java.lang.String)], source=org.matsim.core.controler.Injector$3.configure(Injector.java:129), scope=Scopes.NO_SCOPE, target=Key[type=org.matsim.core.router.util.TravelTime, annotation=@com.google.inject.name.Named("car")]}
2026-06-04T02:44:06,455  INFO Injector:96 
2026-06-04T02:44:06,455  INFO Injector:85 org.matsim.core.router.costcalculators.TravelDisutilityFactory @com.google.inject.internal.Element(setName=,uniqueId=96, type=MAPBINDER, keyType=java.lang.String)
2026-06-04T02:44:06,455  INFO Injector:86   --> provider: FactoryProxy{key=Key[type=org.matsim.core.router.costcalculators.TravelDisutilityFactory, annotation=@com.google.inject.internal.Element(setName=,uniqueId=96, type=MAPBINDER, keyType=java.lang.String)], provider=ConstantFactory{value=org.matsim.core.router.costcalculators.RandomizingTimeDistanceTravelDisutilityFactory@26464291}[Scopes.SINGLETON]}
2026-06-04T02:44:06,455  INFO Injector:87   --> source: org.matsim.core.controler.Injector$3.configure(Injector.java:129)
2026-06-04T02:44:06,455  INFO Injector:89   --> scope: Scopes.NO_SCOPE
2026-06-04T02:44:06,455  INFO Injector:92   --> target: Key[type=org.matsim.core.router.costcalculators.TravelDisutilityFactory, annotation=@com.google.inject.name.Named("car")]
2026-06-04T02:44:06,455  INFO Injector:94   ==full==> LinkedKeyBinding{key=Key[type=org.matsim.core.router.costcalculators.TravelDisutilityFactory, annotation=@com.google.inject.internal.Element(setName=,uniqueId=96, type=MAPBINDER, keyType=java.lang.String)], source=org.matsim.core.controler.Injector$3.configure(Injector.java:129), scope=Scopes.NO_SCOPE, target=Key[type=org.matsim.core.router.costcalculators.TravelDisutilityFactory, annotation=@com.google.inject.name.Named("car")]}
2026-06-04T02:44:06,455  INFO Injector:96 
2026-06-04T02:44:06,455  INFO Injector:85 org.matsim.core.controler.ControlerListenerManagerImpl 
2026-06-04T02:44:06,455  INFO Injector:86   --> provider: com.google.inject.internal.ConstructorBindingImpl$Factory@144dc6dc[Scopes.SINGLETON]
2026-06-04T02:44:06,456  INFO Injector:87   --> source: org.matsim.core.controler.NewControlerModule.install(NewControlerModule.java:30)
2026-06-04T02:44:06,456  INFO Injector:89   --> scope: eager singleton
2026-06-04T02:44:06,456  INFO Injector:94   ==full==> ConstructorBinding{key=Key[type=org.matsim.core.controler.ControlerListenerManagerImpl, annotation=[none]], source=org.matsim.core.controler.NewControlerModule.install(NewControlerModule.java:30), scope=eager singleton}
2026-06-04T02:44:06,456  INFO Injector:96 
2026-06-04T02:44:06,456  INFO Injector:85 org.matsim.analysis.IterationStopWatch 
2026-06-04T02:44:06,456  INFO Injector:86   --> provider: com.google.inject.internal.ConstructorBindingImpl$Factory@63e32a86[Scopes.SINGLETON]
2026-06-04T02:44:06,456  INFO Injector:87   --> source: org.matsim.core.controler.NewControlerModule.install(NewControlerModule.java:33)
2026-06-04T02:44:06,456  INFO Injector:89   --> scope: eager singleton
2026-06-04T02:44:06,456  INFO Injector:94   ==full==> ConstructorBinding{key=Key[type=org.matsim.analysis.IterationStopWatch, annotation=[none]], source=org.matsim.core.controler.NewControlerModule.install(NewControlerModule.java:33), scope=eager singleton}
2026-06-04T02:44:06,456  INFO Injector:96 
2026-06-04T02:44:06,456  INFO Injector:85 org.matsim.core.controler.OutputDirectoryHierarchy 
2026-06-04T02:44:06,456  INFO Injector:86   --> provider: com.google.inject.internal.ConstructorBindingImpl$Factory@4157d2e[Scopes.SINGLETON]
2026-06-04T02:44:06,456  INFO Injector:87   --> source: org.matsim.core.controler.NewControlerModule.install(NewControlerModule.java:34)
2026-06-04T02:44:06,456  INFO Injector:89   --> scope: eager singleton
2026-06-04T02:44:06,456  INFO Injector:94   ==full==> ConstructorBinding{key=Key[type=org.matsim.core.controler.OutputDirectoryHierarchy, annotation=[none]], source=org.matsim.core.controler.NewControlerModule.install(NewControlerModule.java:34), scope=eager singleton}
2026-06-04T02:44:06,456  INFO Injector:96 
2026-06-04T02:44:06,456  INFO Injector:85 org.matsim.core.scoring.EventsToActivities 
2026-06-04T02:44:06,456  INFO Injector:86   --> provider: com.google.inject.internal.ConstructorBindingImpl$Factory@5f497812[Scopes.SINGLETON]
2026-06-04T02:44:06,456  INFO Injector:87   --> source: org.matsim.core.scoring.PlansScoringModule.install(PlansScoringModule.java:29)
2026-06-04T02:44:06,456  INFO Injector:89   --> scope: eager singleton
2026-06-04T02:44:06,456  INFO Injector:94   ==full==> ConstructorBinding{key=Key[type=org.matsim.core.scoring.EventsToActivities, annotation=[none]], source=org.matsim.core.scoring.PlansScoringModule.install(PlansScoringModule.java:29), scope=eager singleton}
2026-06-04T02:44:06,456  INFO Injector:96 
2026-06-04T02:44:06,456  INFO Injector:85 org.matsim.core.scoring.EventsToLegs 
2026-06-04T02:44:06,456  INFO Injector:86   --> provider: com.google.inject.internal.ConstructorBindingImpl$Factory@350b48ae[Scopes.SINGLETON]
2026-06-04T02:44:06,456  INFO Injector:87   --> source: org.matsim.core.scoring.PlansScoringModule.install(PlansScoringModule.java:30)
2026-06-04T02:44:06,456  INFO Injector:89   --> scope: eager singleton
2026-06-04T02:44:06,456  INFO Injector:94   ==full==> ConstructorBinding{key=Key[type=org.matsim.core.scoring.EventsToLegs, annotation=[none]], source=org.matsim.core.scoring.PlansScoringModule.install(PlansScoringModule.java:30), scope=eager singleton}
2026-06-04T02:44:06,456  INFO Injector:96 
2026-06-04T02:44:06,456  INFO Injector:85 org.matsim.core.scoring.EventsToLegsAndActivities 
2026-06-04T02:44:06,456  INFO Injector:86   --> provider: com.google.inject.internal.ConstructorBindingImpl$Factory@4f46f393[Scopes.SINGLETON]
2026-06-04T02:44:06,456  INFO Injector:87   --> source: org.matsim.core.scoring.PlansScoringModule.install(PlansScoringModule.java:31)
2026-06-04T02:44:06,456  INFO Injector:89   --> scope: eager singleton
2026-06-04T02:44:06,456  INFO Injector:94   ==full==> ConstructorBinding{key=Key[type=org.matsim.core.scoring.EventsToLegsAndActivities, annotation=[none]], source=org.matsim.core.scoring.PlansScoringModule.install(PlansScoringModule.java:31), scope=eager singleton}
2026-06-04T02:44:06,456  INFO Injector:96 
2026-06-04T02:44:06,456  INFO Injector:85 org.matsim.core.scoring.ScoringFunctionsForPopulation 
2026-06-04T02:44:06,456  INFO Injector:86   --> provider: com.google.inject.internal.ConstructorBindingImpl$Factory@60950b58[Scopes.SINGLETON]
2026-06-04T02:44:06,456  INFO Injector:87   --> source: org.matsim.core.scoring.PlansScoringModule.install(PlansScoringModule.java:32)
2026-06-04T02:44:06,456  INFO Injector:89   --> scope: eager singleton
2026-06-04T02:44:06,456  INFO Injector:94   ==full==> ConstructorBinding{key=Key[type=org.matsim.core.scoring.ScoringFunctionsForPopulation, annotation=[none]], source=org.matsim.core.scoring.PlansScoringModule.install(PlansScoringModule.java:32), scope=eager singleton}
2026-06-04T02:44:06,456  INFO Injector:96 
2026-06-04T02:44:06,456  INFO Injector:85 org.matsim.core.events.EventsManagerModule$EventHandlerRegistrator 
2026-06-04T02:44:06,456  INFO Injector:86   --> provider: com.google.inject.internal.ConstructorBindingImpl$Factory@740866b0[Scopes.SINGLETON]
2026-06-04T02:44:06,456  INFO Injector:87   --> source: org.matsim.core.events.EventsManagerModule.install(EventsManagerModule.java:48)
2026-06-04T02:44:06,456  INFO Injector:89   --> scope: eager singleton
2026-06-04T02:44:06,456  INFO Injector:94   ==full==> ConstructorBinding{key=Key[type=org.matsim.core.events.EventsManagerModule$EventHandlerRegistrator, annotation=[none]], source=org.matsim.core.events.EventsManagerModule.install(EventsManagerModule.java:48), scope=eager singleton}
2026-06-04T02:44:06,456  INFO Injector:96 
2026-06-04T02:44:06,456  INFO Injector:85 org.matsim.core.events.MobsimScopeEventHandling 
2026-06-04T02:44:06,456  INFO Injector:86   --> provider: com.google.inject.internal.ConstructorBindingImpl$Factory@ff580ba[Scopes.SINGLETON]
2026-06-04T02:44:06,456  INFO Injector:87   --> source: org.matsim.core.events.MobsimScopeEventHandlingModule.install(MobsimScopeEventHandlingModule.java:38)
2026-06-04T02:44:06,456  INFO Injector:89   --> scope: eager singleton
2026-06-04T02:44:06,456  INFO Injector:94   ==full==> ConstructorBinding{key=Key[type=org.matsim.core.events.MobsimScopeEventHandling, annotation=[none]], source=org.matsim.core.events.MobsimScopeEventHandlingModule.install(MobsimScopeEventHandlingModule.java:38), scope=eager singleton}
2026-06-04T02:44:06,456  INFO Injector:96 
2026-06-04T02:44:06,456  INFO Injector:85 org.matsim.core.router.TripRouter 
2026-06-04T02:44:06,456  INFO Injector:86   --> provider: com.google.inject.internal.ConstructorBindingImpl$Factory@1ba91ea7
2026-06-04T02:44:06,456  INFO Injector:87   --> source: org.matsim.core.router.TripRouterModule.install(TripRouterModule.java:41)
2026-06-04T02:44:06,456  INFO Injector:89   --> scope: Scopes.NO_SCOPE
2026-06-04T02:44:06,456  INFO Injector:94   ==full==> ConstructorBinding{key=Key[type=org.matsim.core.router.TripRouter, annotation=[none]], source=org.matsim.core.router.TripRouterModule.install(TripRouterModule.java:41), scope=Scopes.NO_SCOPE}
2026-06-04T02:44:06,456  INFO Injector:96 
2026-06-04T02:44:06,456  INFO Injector:85 org.matsim.core.router.SingleModeNetworksCache 
2026-06-04T02:44:06,456  INFO Injector:86   --> provider: com.google.inject.internal.ConstructorBindingImpl$Factory@630bbc2a[Scopes.SINGLETON]
2026-06-04T02:44:06,456  INFO Injector:87   --> source: org.matsim.core.router.TripRouterModule.install(TripRouterModule.java:49)
2026-06-04T02:44:06,456  INFO Injector:89   --> scope: eager singleton
2026-06-04T02:44:06,456  INFO Injector:94   ==full==> ConstructorBinding{key=Key[type=org.matsim.core.router.SingleModeNetworksCache, annotation=[none]], source=org.matsim.core.router.TripRouterModule.install(TripRouterModule.java:49), scope=eager singleton}
2026-06-04T02:44:06,456  INFO Injector:96 
2026-06-04T02:44:06,456  INFO Injector:85 org.matsim.core.replanning.StrategyManager 
2026-06-04T02:44:06,456  INFO Injector:86   --> provider: com.google.inject.internal.ConstructorBindingImpl$Factory@2b0ca4d8[Scopes.SINGLETON]
2026-06-04T02:44:06,456  INFO Injector:87   --> source: org.matsim.core.replanning.StrategyManagerModule.install(StrategyManagerModule.java:54)
2026-06-04T02:44:06,456  INFO Injector:89   --> scope: Scopes.SINGLETON
2026-06-04T02:44:06,456  INFO Injector:94   ==full==> ConstructorBinding{key=Key[type=org.matsim.core.replanning.StrategyManager, annotation=[none]], source=org.matsim.core.replanning.StrategyManagerModule.install(StrategyManagerModule.java:54), scope=Scopes.SINGLETON}
2026-06-04T02:44:06,456  INFO Injector:96 
2026-06-04T02:44:06,456  INFO Injector:85 org.matsim.analysis.CalcLinkStats 
2026-06-04T02:44:06,456  INFO Injector:86   --> provider: com.google.inject.internal.ConstructorBindingImpl$Factory@1c067aef[Scopes.SINGLETON]
2026-06-04T02:44:06,456  INFO Injector:87   --> source: org.matsim.analysis.LinkStatsModule.install(LinkStatsModule.java:37)
2026-06-04T02:44:06,456  INFO Injector:89   --> scope: eager singleton
2026-06-04T02:44:06,456  INFO Injector:94   ==full==> ConstructorBinding{key=Key[type=org.matsim.analysis.CalcLinkStats, annotation=[none]], source=org.matsim.analysis.LinkStatsModule.install(LinkStatsModule.java:37), scope=eager singleton}
2026-06-04T02:44:06,456  INFO Injector:96 
2026-06-04T02:44:06,456  INFO Injector:85 org.matsim.analysis.LinkStatsControlerListener 
2026-06-04T02:44:06,456  INFO Injector:86   --> provider: com.google.inject.internal.ConstructorBindingImpl$Factory@1515cc5d[Scopes.SINGLETON]
2026-06-04T02:44:06,456  INFO Injector:87   --> source: org.matsim.analysis.LinkStatsModule.install(LinkStatsModule.java:46)
2026-06-04T02:44:06,456  INFO Injector:89   --> scope: eager singleton
2026-06-04T02:44:06,456  INFO Injector:94   ==full==> ConstructorBinding{key=Key[type=org.matsim.analysis.LinkStatsControlerListener, annotation=[none]], source=org.matsim.analysis.LinkStatsModule.install(LinkStatsModule.java:46), scope=eager singleton}
2026-06-04T02:44:06,456  INFO Injector:96 
2026-06-04T02:44:06,456  INFO Injector:85 org.matsim.analysis.VolumesAnalyzer 
2026-06-04T02:44:06,456  INFO Injector:86   --> provider: com.google.inject.internal.ConstructorBindingImpl$Factory@4f8903ee[Scopes.SINGLETON]
2026-06-04T02:44:06,456  INFO Injector:87   --> source: org.matsim.analysis.VolumesAnalyzerModule.install(VolumesAnalyzerModule.java:31)
2026-06-04T02:44:06,456  INFO Injector:89   --> scope: eager singleton
2026-06-04T02:44:06,456  INFO Injector:94   ==full==> ConstructorBinding{key=Key[type=org.matsim.analysis.VolumesAnalyzer, annotation=[none]], source=org.matsim.analysis.VolumesAnalyzerModule.install(VolumesAnalyzerModule.java:31), scope=eager singleton}
2026-06-04T02:44:06,456  INFO Injector:96 
2026-06-04T02:44:06,456  INFO Injector:85 org.matsim.analysis.LegHistogram 
2026-06-04T02:44:06,456  INFO Injector:86   --> provider: com.google.inject.internal.ConstructorBindingImpl$Factory@71dd1cd9
2026-06-04T02:44:06,456  INFO Injector:87   --> source: org.matsim.analysis.LegHistogramModule.install(LegHistogramModule.java:30)
2026-06-04T02:44:06,456  INFO Injector:89   --> scope: Scopes.NO_SCOPE
2026-06-04T02:44:06,456  INFO Injector:94   ==full==> ConstructorBinding{key=Key[type=org.matsim.analysis.LegHistogram, annotation=[none]], source=org.matsim.analysis.LegHistogramModule.install(LegHistogramModule.java:30), scope=Scopes.NO_SCOPE}
2026-06-04T02:44:06,456  INFO Injector:96 
2026-06-04T02:44:06,456  INFO Injector:85 org.matsim.analysis.CalcLegTimes 
2026-06-04T02:44:06,456  INFO Injector:86   --> provider: com.google.inject.internal.ConstructorBindingImpl$Factory@3fb95c5e[Scopes.SINGLETON]
2026-06-04T02:44:06,456  INFO Injector:87   --> source: org.matsim.analysis.LegTimesModule.install(LegTimesModule.java:31)
2026-06-04T02:44:06,456  INFO Injector:89   --> scope: Scopes.SINGLETON
2026-06-04T02:44:06,457  INFO Injector:94   ==full==> ConstructorBinding{key=Key[type=org.matsim.analysis.CalcLegTimes, annotation=[none]], source=org.matsim.analysis.LegTimesModule.install(LegTimesModule.java:31), scope=Scopes.SINGLETON}
2026-06-04T02:44:06,457  INFO Injector:96 
2026-06-04T02:44:06,457  INFO Injector:85 org.matsim.analysis.TravelDistanceStats 
2026-06-04T02:44:06,457  INFO Injector:86   --> provider: com.google.inject.internal.ConstructorBindingImpl$Factory@10478844[Scopes.SINGLETON]
2026-06-04T02:44:06,457  INFO Injector:87   --> source: org.matsim.analysis.IterationTravelStatsModule.install(IterationTravelStatsModule.java:31)
2026-06-04T02:44:06,457  INFO Injector:89   --> scope: eager singleton
2026-06-04T02:44:06,457  INFO Injector:94   ==full==> ConstructorBinding{key=Key[type=org.matsim.analysis.TravelDistanceStats, annotation=[none]], source=org.matsim.analysis.IterationTravelStatsModule.install(IterationTravelStatsModule.java:31), scope=eager singleton}
2026-06-04T02:44:06,457  INFO Injector:96 
2026-06-04T02:44:06,457  INFO Injector:85 org.matsim.analysis.PKMbyModeCalculator 
2026-06-04T02:44:06,457  INFO Injector:86   --> provider: com.google.inject.internal.ConstructorBindingImpl$Factory@17566fd1[Scopes.SINGLETON]
2026-06-04T02:44:06,457  INFO Injector:87   --> source: org.matsim.analysis.IterationTravelStatsModule.install(IterationTravelStatsModule.java:32)
2026-06-04T02:44:06,457  INFO Injector:89   --> scope: eager singleton
2026-06-04T02:44:06,457  INFO Injector:94   ==full==> ConstructorBinding{key=Key[type=org.matsim.analysis.PKMbyModeCalculator, annotation=[none]], source=org.matsim.analysis.IterationTravelStatsModule.install(IterationTravelStatsModule.java:32), scope=eager singleton}
2026-06-04T02:44:06,457  INFO Injector:96 
2026-06-04T02:44:06,457  INFO Injector:85 org.matsim.analysis.PHbyModeCalculator 
2026-06-04T02:44:06,457  INFO Injector:86   --> provider: com.google.inject.internal.ConstructorBindingImpl$Factory@ef49236[Scopes.SINGLETON]
2026-06-04T02:44:06,457  INFO Injector:87   --> source: org.matsim.analysis.IterationTravelStatsModule.install(IterationTravelStatsModule.java:33)
2026-06-04T02:44:06,457  INFO Injector:89   --> scope: eager singleton
2026-06-04T02:44:06,457  INFO Injector:94   ==full==> ConstructorBinding{key=Key[type=org.matsim.analysis.PHbyModeCalculator, annotation=[none]], source=org.matsim.analysis.IterationTravelStatsModule.install(IterationTravelStatsModule.java:33), scope=eager singleton}
2026-06-04T02:44:06,457  INFO Injector:96 
2026-06-04T02:44:06,457  INFO Injector:85 org.matsim.analysis.ScoreStatsControlerListener 
2026-06-04T02:44:06,457  INFO Injector:86   --> provider: com.google.inject.internal.ConstructorBindingImpl$Factory@67f1b5b8[Scopes.SINGLETON]
2026-06-04T02:44:06,457  INFO Injector:87   --> source: org.matsim.analysis.ScoreStatsModule.install(ScoreStatsModule.java:31)
2026-06-04T02:44:06,457  INFO Injector:89   --> scope: Scopes.SINGLETON
2026-06-04T02:44:06,457  INFO Injector:94   ==full==> ConstructorBinding{key=Key[type=org.matsim.analysis.ScoreStatsControlerListener, annotation=[none]], source=org.matsim.analysis.ScoreStatsModule.install(ScoreStatsModule.java:31), scope=Scopes.SINGLETON}
2026-06-04T02:44:06,457  INFO Injector:96 
2026-06-04T02:44:06,457  INFO Injector:85 org.matsim.analysis.ModeStatsControlerListener 
2026-06-04T02:44:06,457  INFO Injector:86   --> provider: com.google.inject.internal.ConstructorBindingImpl$Factory@357674fe[Scopes.SINGLETON]
2026-06-04T02:44:06,457  INFO Injector:87   --> source: org.matsim.analysis.ModeStatsModule.install(ModeStatsModule.java:31)
2026-06-04T02:44:06,457  INFO Injector:89   --> scope: Scopes.SINGLETON
2026-06-04T02:44:06,457  INFO Injector:94   ==full==> ConstructorBinding{key=Key[type=org.matsim.analysis.ModeStatsControlerListener, annotation=[none]], source=org.matsim.analysis.ModeStatsModule.install(ModeStatsModule.java:31), scope=Scopes.SINGLETON}
2026-06-04T02:44:06,457  INFO Injector:96 
2026-06-04T02:44:06,457  INFO Injector:85 org.matsim.counts.CountsModule$CountsInitializer 
2026-06-04T02:44:06,457  INFO Injector:86   --> provider: com.google.inject.internal.ConstructorBindingImpl$Factory@7b5a641a[Scopes.SINGLETON]
2026-06-04T02:44:06,457  INFO Injector:87   --> source: org.matsim.counts.CountsModule.install(CountsModule.java:44)
2026-06-04T02:44:06,457  INFO Injector:89   --> scope: eager singleton
2026-06-04T02:44:06,457  INFO Injector:94   ==full==> ConstructorBinding{key=Key[type=org.matsim.counts.CountsModule$CountsInitializer, annotation=[none]], source=org.matsim.counts.CountsModule.install(CountsModule.java:44), scope=eager singleton}
2026-06-04T02:44:06,457  INFO Injector:96 
2026-06-04T02:44:06,457  INFO Injector:99 === printInjector end ===
2026-06-04T02:44:06,466  INFO Gbl:64 JVM: 17.0.19; Ubuntu; mixed mode, sharing; 64-bit
2026-06-04T02:44:06,466  INFO Gbl:68 OS: Linux; 6.17.0-19-generic; amd64
2026-06-04T02:44:06,467  INFO Gbl:71 CPU cores: 32
2026-06-04T02:44:06,468  INFO Gbl:72 max. Memory: 98304.0MB (103079215104B)
2026-06-04T02:44:06,468  INFO Gbl:110 MATSim-Build: ra76d70e12c1ca93f702007bdf2cc365001d5f50e (2023-04-12 08:36:22)
2026-06-04T02:44:06,470  INFO ControlerListenerManagerImpl:108 calling notifyStartup on org.matsim.core.controler.ControlerDefaultsModule$1
2026-06-04T02:44:06,471  INFO MemoryObserver:42 used RAM: 7190 MB  free: 18793 MB  total: 25984 MB
2026-06-04T02:44:06,480  INFO ControlerListenerManagerImpl:108 calling notifyStartup on org.matsim.guice.DependencyGraphControlerListener
2026-06-04T02:44:06,480  INFO ControlerListenerManagerImpl:108 calling notifyStartup on org.matsim.counts.CountsControlerListener
2026-06-04T02:44:06,480  INFO ControlerListenerManagerImpl:108 calling notifyStartup on org.matsim.analysis.ModeStatsControlerListener
2026-06-04T02:44:06,480  INFO ControlerListenerManagerImpl:108 calling notifyStartup on org.matsim.analysis.ScoreStatsControlerListener
2026-06-04T02:44:06,481  INFO ControlerListenerManagerImpl:111 all ControlerStartupListeners called.
2026-06-04T02:44:06,481  INFO ControlerUtils:80 config dump before iterations start
2026-06-04T02:44:06,488  INFO ControlerUtils:84 

<?xml version="1.0" encoding="UTF-8"?>
<!DOCTYPE config SYSTEM "http://www.matsim.org/files/dtd/config_v2.dtd">
<config>
	<module name="JDEQSim" >
		<param name="carSize" value="7.5" />
		<param name="endTime" value="undefined" />
		<param name="flowCapacityFactor" value="1.0" />
		<param name="gapTravelSpeed" value="15.0" />
		<param name="minimumInFlowCapacity" value="1800.0" />
		<param name="squeezeTime" value="1800.0" />
		<param name="storageCapacityFactor" value="1.0" />
	</module>
	<module name="ReplanningAnnealer" >
		<!-- Activate the scaling of replanning modules using an annealing approach rather than fixed rates. -->
		<param name="activateAnnealingModule" value="false" />
	</module>
	<module name="TimeAllocationMutator" >
		<!-- Default:true; Defines whether time mutation changes an activity's duration. -->
		<param name="mutationAffectsDuration" value="true" />
		<!-- Default:1800.0; Defines how many seconds a time mutation can maximally shift a time. -->
		<param name="mutationRange" value="1800.0" />
	</module>
	<module name="changeMode" >
		<!-- Defines whether car availability is considered be considered or not. An agent has no car only if it has no license, or never access to a car. Default: true -->
		<param name="ignoreCarAvailability" value="true" />
		<!-- Defines the mode switch behavior. Possible values [fromAllModesToSpecifiedModes, fromSpecifiedModesToSpecifiedModes] Default: fromSpecifiedModesToSpecifiedModes. -->
		<param name="modeSwitchBehavior" value="fromSpecifiedModesToSpecifiedModes" />
		<!-- Defines all the modes available, including chain-based modes, seperated by commas -->
		<param name="modes" value="car,pt" />
	</module>
	<module name="controler" >
		<!-- Defines what should be done with the ITERS directory when a simulation finished successfully -->
		<param name="cleanItersAtEnd" value="keep" />
		<!-- Compression algorithm to use when writing out data to files. Possible values: [none, gzip, lz4, zst] -->
		<param name="compressionType" value="gzip" />
		<!-- Sets whether graphs showing some analyses should automatically be generated during the simulation. The generation of graphs usually takes a small amount of time that does not have any weight in big simulations, but add a significant overhead in smaller runs or in test cases where the graphical output is not even requested. -->
		<param name="createGraphs" value="false" />
		<!-- Defines when the scoring functions for the population are created. Default=IterationStarts. Possible values: [IterationStarts, BeforeMobsim] -->
		<param name="createScoringFunctionType" value="IterationStarts" />
		<!-- true if at the end of a run, plans, network, config etc should be dumped to a file -->
		<param name="dumpDataAtEnd" value="true" />
		<!-- Default=false. If enabled, the router takes travel times needed for turning moves into account. Cannot be used if the (Fast)AStarLandmarks routing or TravelTimeCalculator.separateModes is enabled. -->
		<param name="enableLinkToLinkRouting" value="false" />
		<!-- Default=xml; Specifies the file format for writing events. Currently supported: [xml, pb, json]
		Multiple values can be specified separated by commas (','). -->
		<param name="eventsFileFormat" value="xml" />
		<!-- Default=0. First Iteration of a simulation. -->
		<param name="firstIteration" value="0" />
		<!-- Default=1000. Last Iteration of a simulation. -->
		<param name="lastIteration" value="0" />
		<!-- Defines which mobility simulation will be used. Currently supported: qsim JDEQSim hermes 
		Depending on the chosen mobsim, you'll have to add additional config modules to configure the corresponding mobsim.
		For 'qsim', add a module 'qsim' to the config. -->
		<param name="mobsim" value="qsim" />
		<param name="outputDirectory" value="/home/raziq/Documents/Code/umd/tripsynth/06x_stage1_va_speed/matsim_synthetic" />
		<!-- Possible values: failIfDirectoryExists,overwriteExistingFiles,deleteDirectoryIfExists -->
		<param name="overwriteFiles" value="deleteDirectoryIfExists" />
		<!-- The type of routing (least cost path) algorithm used, may have the values: [Dijkstra, AStarLandmarks, FastDijkstra, FastAStarLandmarks, SpeedyALT] -->
		<param name="routingAlgorithmType" value="AStarLandmarks" />
		<!-- An identifier for the current run which is used as prefix for output files and mentioned in output xml files etc. -->
		<param name="runId" value="null" />
		<!-- Comma-separated list of visualizer output file formats. `transims' and `otfvis'. -->
		<param name="snapshotFormat" value="" />
		<!-- iterationNumber % writeEventsInterval == 0 defines in which iterations events are written to a file. `0' disables events writing completely. -->
		<param name="writeEventsInterval" value="1" />
		<!-- iterationNumber % writePlansInterval == 0 defines (hopefully) in which iterations plans are written to a file. `0' disables plans writing completely.  Some plans in early iterations are always written -->
		<param name="writePlansInterval" value="1" />
		<!-- iterationNumber % writeSnapshotsInterval == 0 defines in which iterations snapshots are written to a file. `0' disables snapshots writing completely -->
		<param name="writeSnapshotsInterval" value="1" />
		<!-- iterationNumber % writeEventsInterval == 0 defines in which iterations trips CSV are written to a file. `0' disables trips writing completely. -->
		<param name="writeTripsInterval" value="50" />
	</module>
	<module name="counts" >
		<!-- Transport modes that will be respected for the counts comparison. 'car' is default, which includes also bussed from the pt simulation module. Use this parameter in combination with 'filterModes' = true! -->
		<param name="analyzedModes" value="car" />
		<!-- Specifies over how many iterations the link volumes should be averaged that are used for the counts comparison. Use 1 or 0 to only use the link volumes of a single iteration. This values cannot be larger than the value specified for writeCountsInterval -->
		<param name="averageCountsOverIterations" value="5" />
		<!-- factor by which to re-scale the simulated values.  necessary when simulation runs with something different from 100%.  needs to be adapted manually -->
		<param name="countsScaleFactor" value="1.0" />
		<!-- distance to distanceFilterCenterNode to include counting stations. The unit of distance is the Euclidean distance implied by the coordinate system -->
		<param name="distanceFilter" value="null" />
		<!-- node id for center node of distance filter -->
		<param name="distanceFilterCenterNode" value="null" />
		<!-- If true, link counts from legs performed on modes not included in the 'analyzedModes' parameter are ignored. -->
		<param name="filterModes" value="false" />
		<!-- The Coordinates Reference System in which the coordinates are expressed in the input file. At import, the coordinates will be converted to the coordinate system defined in "global", and willbe converted back at export. If not specified, no conversion happens. -->
		<param name="inputCRS" value="null" />
		<!-- input file name to counts package -->
		<param name="inputCountsFile" value="null" />
		<!-- possible values: `html', `txt', `all' -->
		<param name="outputformat" value="txt" />
		<!-- Specifies how often the counts comparison should be calculated and written. -->
		<param name="writeCountsInterval" value="10" />
	</module>
	<module name="facilities" >
		<!-- This defines how facilities should be created. Possible values: none fromFile setInScenario onePerActivityLinkInPlansFile onePerActivityLinkInPlansFileExceptWhenCoordinatesAreGiven onePerActivityLocationInPlansFile  -->
		<param name="facilitiesSource" value="none" />
		<!-- A prefix to be used for auto-generated IDs. -->
		<param name="idPrefix" value="f_auto_" />
		<!-- The Coordinates Reference System in which the coordinates are expressed in the input file. At import, the coordinates will be converted to the coordinate system defined in "global", and willbe converted back at export. If not specified, no conversion happens. -->
		<param name="inputCRS" value="null" />
		<param name="inputFacilitiesFile" value="null" />
		<param name="inputFacilityAttributesFile" value="null" />
		<param name="insistingOnUsingDeprecatedFacilitiesAttributeFile" value="false" />
	</module>
	<module name="global" >
		<param name="coordinateSystem" value="EPSG:4326" />
		<param name="defaultDelimiter" value=";" />
		<param name="insistingOnDeprecatedConfigVersion" value="true" />
		<!-- "global" number of threads.  This number is used, e.g., for replanning, but NOT in QSim.  This can typically be set to as many cores as you have available, or possibly even slightly more. -->
		<param name="numberOfThreads" value="8" />
		<param name="randomSeed" value="20260519" />
	</module>
	<module name="hermes" >
		<!-- Simulation End Time -->
		<param name="endTime" value="30:00:00" />
		<param name="flowCapacityFactor" value="1.0" />
		<param name="mainMode" value="car" />
		<param name="storageCapacityFactor" value="1.0" />
		<!-- time in seconds.  Time after which the frontmost vehicle on a link is called `stuck' if it does not move. Set to Integer.MAX_VALUE to disable this behavior -->
		<param name="stuckTime" value="10" />
		<!-- treats PT as deterministic. PT vehicles will run with a steady speed. Should be used with separate network layers for PT and other network modes. -->
		<param name="useDeterministicPt" value="false" />
	</module>
	<module name="households" >
		<param name="inputFile" value="null" />
		<param name="inputHouseholdAttributesFile" value="null" />
		<param name="insistingOnUsingDeprecatedHouseholdsAttributeFile" value="false" />
	</module>
	<module name="linkStats" >
		<!-- Specifies over how many iterations the link volumes should be averaged that are used for the link statistics. Use 1 or 0 to only use the link volumes of a single iteration. This values cannot be larger than the value specified for writeLinkStatsInterval -->
		<param name="averageLinkStatsOverIterations" value="5" />
		<!-- Specifies how often the link stats should be calculated and written. Use 0 to disable the generation of link stats. -->
		<param name="writeLinkStatsInterval" value="50" />
	</module>
	<module name="network" >
		<!-- The Coordinates Reference System in which the coordinates are expressed in the input file. At import, the coordinates will be converted to the coordinate system defined in "global", and willbe converted back at export. If not specified, no conversion happens. -->
		<param name="inputCRS" value="null" />
		<param name="inputChangeEventsFile" value="null" />
		<param name="inputNetworkFile" value="/home/raziq/Documents/Code/umd/tripsynth/06x_stage1_va_speed_osm/network.xml.gz" />
		<param name="laneDefinitionsFile" value="null" />
		<param name="timeVariantNetwork" value="false" />
	</module>
	<module name="parallelEventHandling" >
		<!-- Estimated number of events during mobsim run. An optional optimization hint for the framework. -->
		<param name="estimatedNumberOfEvents" value="null" />
		<!-- Size of the events Queue. Increase for very large scenarios -->
		<param name="eventsQueueSize" value="131072" />
		<!-- Number of threads for parallel events handler. _null_ means the framework decides by itself. 0 is currently not possible. -->
		<param name="numberOfThreads" value="null" />
		<!-- If enabled, each event handler is assigned to its own thread. Note that enabling this feature disabled the numberOfThreads option! This feature is still experimental! -->
		<param name="oneThreadPerHandler" value="false" />
		<!-- If enabled, it is ensured that all events that are created during a time step of the mobility simulation are processed before the next time step is simulated. E.g. neccessary when within-day replanning is used. -->
		<param name="synchronizeOnSimSteps" value="true" />
	</module>
	<module name="planCalcScore" >
		<!-- logit model scale parameter. default: 1.  Has name and default value for historical reasons (see Bryan Raney's phd thesis). -->
		<param name="BrainExpBeta" value="1.0" />
		<param name="PathSizeLogitBeta" value="1.0" />
		<!-- fraction of iterations at which MSA score averaging is started. The matsim theory department suggests to use this together with switching off choice set innovation (where a similar switch exists), but it has not been tested yet. -->
		<param name="fractionOfIterationsToStartScoreMSA" value="null" />
		<!-- new_score = (1-learningRate)*old_score + learningRate * score_from_mobsim.  learning rates close to zero emulate score averaging, but slow down initial convergence -->
		<param name="learningRate" value="1.0" />
		<!-- There used to be a plateau between duration=0 and duration=zeroUtilityDuration. This caused durations to evolve to zero once they were below zeroUtilityDuration, causing problems.  Only use this switch if you need to be backwards compatible with some old results.  (changed nov'13) -->
		<param name="usingOldScoringBelowZeroUtilityDuration" value="false" />
		<!-- write a plans file in each iteration directory which contains what each agent actually did, and the score it received. -->
		<param name="writeExperiencedPlans" value="false" />
		<parameterset type="scoringParameters" >
			<param name="earlyDeparture" value="-0.0" />
			<param name="lateArrival" value="-18.0" />
			<param name="marginalUtilityOfMoney" value="1.0" />
			<param name="performing" value="6.0" />
			<param name="subpopulation" value="null" />
			<param name="utilityOfLineSwitch" value="-1.0" />
			<param name="waiting" value="-0.0" />
			<param name="waitingPt" value="-6.0" />
			<parameterset type="activityParams" >
				<param name="activityType" value="dummy" />
				<param name="closingTime" value="undefined" />
				<param name="earliestEndTime" value="undefined" />
				<param name="latestStartTime" value="undefined" />
				<param name="minimalDuration" value="undefined" />
				<param name="openingTime" value="undefined" />
				<param name="priority" value="1.0" />
				<param name="scoringThisActivityAtAll" value="true" />
				<!-- typical duration of activity.  needs to be defined and non-zero.  in sec. -->
				<param name="typicalDuration" value="02:00:00" />
				<!-- method to compute score at typical duration.  Options: | uniform | relative | Use uniform for backwards compatibility (all activities same score; higher proba to drop long acts). -->
				<param name="typicalDurationScoreComputation" value="relative" />
			</parameterset>
			<parameterset type="activityParams" >
				<param name="activityType" value="car interaction" />
				<param name="closingTime" value="undefined" />
				<param name="earliestEndTime" value="undefined" />
				<param name="latestStartTime" value="undefined" />
				<param name="minimalDuration" value="undefined" />
				<param name="openingTime" value="undefined" />
				<param name="priority" value="1.0" />
				<param name="scoringThisActivityAtAll" value="false" />
				<param name="typicalDuration" value="undefined" />
				<param name="typicalDurationScoreComputation" value="relative" />
			</parameterset>
			<parameterset type="activityParams" >
				<param name="activityType" value="pt interaction" />
				<param name="closingTime" value="undefined" />
				<param name="earliestEndTime" value="undefined" />
				<param name="latestStartTime" value="undefined" />
				<param name="minimalDuration" value="undefined" />
				<param name="openingTime" value="undefined" />
				<param name="priority" value="1.0" />
				<param name="scoringThisActivityAtAll" value="false" />
				<param name="typicalDuration" value="undefined" />
				<param name="typicalDurationScoreComputation" value="relative" />
			</parameterset>
			<parameterset type="activityParams" >
				<param name="activityType" value="bike interaction" />
				<param name="closingTime" value="undefined" />
				<param name="earliestEndTime" value="undefined" />
				<param name="latestStartTime" value="undefined" />
				<param name="minimalDuration" value="undefined" />
				<param name="openingTime" value="undefined" />
				<param name="priority" value="1.0" />
				<param name="scoringThisActivityAtAll" value="false" />
				<param name="typicalDuration" value="undefined" />
				<param name="typicalDurationScoreComputation" value="relative" />
			</parameterset>
			<parameterset type="activityParams" >
				<param name="activityType" value="drt interaction" />
				<param name="closingTime" value="undefined" />
				<param name="earliestEndTime" value="undefined" />
				<param name="latestStartTime" value="undefined" />
				<param name="minimalDuration" value="undefined" />
				<param name="openingTime" value="undefined" />
				<param name="priority" value="1.0" />
				<param name="scoringThisActivityAtAll" value="false" />
				<param name="typicalDuration" value="undefined" />
				<param name="typicalDurationScoreComputation" value="relative" />
			</parameterset>
			<parameterset type="activityParams" >
				<param name="activityType" value="taxi interaction" />
				<param name="closingTime" value="undefined" />
				<param name="earliestEndTime" value="undefined" />
				<param name="latestStartTime" value="undefined" />
				<param name="minimalDuration" value="undefined" />
				<param name="openingTime" value="undefined" />
				<param name="priority" value="1.0" />
				<param name="scoringThisActivityAtAll" value="false" />
				<param name="typicalDuration" value="undefined" />
				<param name="typicalDurationScoreComputation" value="relative" />
			</parameterset>
			<parameterset type="activityParams" >
				<param name="activityType" value="other interaction" />
				<param name="closingTime" value="undefined" />
				<param name="earliestEndTime" value="undefined" />
				<param name="latestStartTime" value="undefined" />
				<param name="minimalDuration" value="undefined" />
				<param name="openingTime" value="undefined" />
				<param name="priority" value="1.0" />
				<param name="scoringThisActivityAtAll" value="false" />
				<param name="typicalDuration" value="undefined" />
				<param name="typicalDurationScoreComputation" value="relative" />
			</parameterset>
			<parameterset type="activityParams" >
				<param name="activityType" value="walk interaction" />
				<param name="closingTime" value="undefined" />
				<param name="earliestEndTime" value="undefined" />
				<param name="latestStartTime" value="undefined" />
				<param name="minimalDuration" value="undefined" />
				<param name="openingTime" value="undefined" />
				<param name="priority" value="1.0" />
				<param name="scoringThisActivityAtAll" value="false" />
				<param name="typicalDuration" value="undefined" />
				<param name="typicalDurationScoreComputation" value="relative" />
			</parameterset>
			<parameterset type="activityParams" >
				<param name="activityType" value="act_1" />
				<param name="closingTime" value="30:00:00" />
				<param name="earliestEndTime" value="undefined" />
				<param name="latestStartTime" value="undefined" />
				<param name="minimalDuration" value="undefined" />
				<param name="openingTime" value="00:00:00" />
				<param name="priority" value="1.0" />
				<param name="scoringThisActivityAtAll" value="true" />
				<param name="typicalDuration" value="12:00:00" />
				<param name="typicalDurationScoreComputation" value="relative" />
			</parameterset>
			<parameterset type="activityParams" >
				<param name="activityType" value="act_10" />
				<param name="closingTime" value="30:00:00" />
				<param name="earliestEndTime" value="undefined" />
				<param name="latestStartTime" value="undefined" />
				<param name="minimalDuration" value="undefined" />
				<param name="openingTime" value="00:00:00" />
				<param name="priority" value="1.0" />
				<param name="scoringThisActivityAtAll" value="true" />
				<param name="typicalDuration" value="12:00:00" />
				<param name="typicalDurationScoreComputation" value="relative" />
			</parameterset>
			<parameterset type="activityParams" >
				<param name="activityType" value="act_11" />
				<param name="closingTime" value="30:00:00" />
				<param name="earliestEndTime" value="undefined" />
				<param name="latestStartTime" value="undefined" />
				<param name="minimalDuration" value="undefined" />
				<param name="openingTime" value="00:00:00" />
				<param name="priority" value="1.0" />
				<param name="scoringThisActivityAtAll" value="true" />
				<param name="typicalDuration" value="12:00:00" />
				<param name="typicalDurationScoreComputation" value="relative" />
			</parameterset>
			<parameterset type="activityParams" >
				<param name="activityType" value="act_12" />
				<param name="closingTime" value="30:00:00" />
				<param name="earliestEndTime" value="undefined" />
				<param name="latestStartTime" value="undefined" />
				<param name="minimalDuration" value="undefined" />
				<param name="openingTime" value="00:00:00" />
				<param name="priority" value="1.0" />
				<param name="scoringThisActivityAtAll" value="true" />
				<param name="typicalDuration" value="12:00:00" />
				<param name="typicalDurationScoreComputation" value="relative" />
			</parameterset>
			<parameterset type="activityParams" >
				<param name="activityType" value="act_13" />
				<param name="closingTime" value="30:00:00" />
				<param name="earliestEndTime" value="undefined" />
				<param name="latestStartTime" value="undefined" />
				<param name="minimalDuration" value="undefined" />
				<param name="openingTime" value="00:00:00" />
				<param name="priority" value="1.0" />
				<param name="scoringThisActivityAtAll" value="true" />
				<param name="typicalDuration" value="12:00:00" />
				<param name="typicalDurationScoreComputation" value="relative" />
			</parameterset>
			<parameterset type="activityParams" >
				<param name="activityType" value="act_14" />
				<param name="closingTime" value="30:00:00" />
				<param name="earliestEndTime" value="undefined" />
				<param name="latestStartTime" value="undefined" />
				<param name="minimalDuration" value="undefined" />
				<param name="openingTime" value="00:00:00" />
				<param name="priority" value="1.0" />
				<param name="scoringThisActivityAtAll" value="true" />
				<param name="typicalDuration" value="12:00:00" />
				<param name="typicalDurationScoreComputation" value="relative" />
			</parameterset>
			<parameterset type="activityParams" >
				<param name="activityType" value="act_15" />
				<param name="closingTime" value="30:00:00" />
				<param name="earliestEndTime" value="undefined" />
				<param name="latestStartTime" value="undefined" />
				<param name="minimalDuration" value="undefined" />
				<param name="openingTime" value="00:00:00" />
				<param name="priority" value="1.0" />
				<param name="scoringThisActivityAtAll" value="true" />
				<param name="typicalDuration" value="12:00:00" />
				<param name="typicalDurationScoreComputation" value="relative" />
			</parameterset>
			<parameterset type="activityParams" >
				<param name="activityType" value="act_16" />
				<param name="closingTime" value="30:00:00" />
				<param name="earliestEndTime" value="undefined" />
				<param name="latestStartTime" value="undefined" />
				<param name="minimalDuration" value="undefined" />
				<param name="openingTime" value="00:00:00" />
				<param name="priority" value="1.0" />
				<param name="scoringThisActivityAtAll" value="true" />
				<param name="typicalDuration" value="12:00:00" />
				<param name="typicalDurationScoreComputation" value="relative" />
			</parameterset>
			<parameterset type="activityParams" >
				<param name="activityType" value="act_17" />
				<param name="closingTime" value="30:00:00" />
				<param name="earliestEndTime" value="undefined" />
				<param name="latestStartTime" value="undefined" />
				<param name="minimalDuration" value="undefined" />
				<param name="openingTime" value="00:00:00" />
				<param name="priority" value="1.0" />
				<param name="scoringThisActivityAtAll" value="true" />
				<param name="typicalDuration" value="12:00:00" />
				<param name="typicalDurationScoreComputation" value="relative" />
			</parameterset>
			<parameterset type="activityParams" >
				<param name="activityType" value="act_18" />
				<param name="closingTime" value="30:00:00" />
				<param name="earliestEndTime" value="undefined" />
				<param name="latestStartTime" value="undefined" />
				<param name="minimalDuration" value="undefined" />
				<param name="openingTime" value="00:00:00" />
				<param name="priority" value="1.0" />
				<param name="scoringThisActivityAtAll" value="true" />
				<param name="typicalDuration" value="12:00:00" />
				<param name="typicalDurationScoreComputation" value="relative" />
			</parameterset>
			<parameterset type="activityParams" >
				<param name="activityType" value="act_2" />
				<param name="closingTime" value="30:00:00" />
				<param name="earliestEndTime" value="undefined" />
				<param name="latestStartTime" value="undefined" />
				<param name="minimalDuration" value="undefined" />
				<param name="openingTime" value="00:00:00" />
				<param name="priority" value="1.0" />
				<param name="scoringThisActivityAtAll" value="true" />
				<param name="typicalDuration" value="12:00:00" />
				<param name="typicalDurationScoreComputation" value="relative" />
			</parameterset>
			<parameterset type="activityParams" >
				<param name="activityType" value="act_3" />
				<param name="closingTime" value="30:00:00" />
				<param name="earliestEndTime" value="undefined" />
				<param name="latestStartTime" value="undefined" />
				<param name="minimalDuration" value="undefined" />
				<param name="openingTime" value="00:00:00" />
				<param name="priority" value="1.0" />
				<param name="scoringThisActivityAtAll" value="true" />
				<param name="typicalDuration" value="12:00:00" />
				<param name="typicalDurationScoreComputation" value="relative" />
			</parameterset>
			<parameterset type="activityParams" >
				<param name="activityType" value="act_4" />
				<param name="closingTime" value="30:00:00" />
				<param name="earliestEndTime" value="undefined" />
				<param name="latestStartTime" value="undefined" />
				<param name="minimalDuration" value="undefined" />
				<param name="openingTime" value="00:00:00" />
				<param name="priority" value="1.0" />
				<param name="scoringThisActivityAtAll" value="true" />
				<param name="typicalDuration" value="12:00:00" />
				<param name="typicalDurationScoreComputation" value="relative" />
			</parameterset>
			<parameterset type="activityParams" >
				<param name="activityType" value="act_5" />
				<param name="closingTime" value="30:00:00" />
				<param name="earliestEndTime" value="undefined" />
				<param name="latestStartTime" value="undefined" />
				<param name="minimalDuration" value="undefined" />
				<param name="openingTime" value="00:00:00" />
				<param name="priority" value="1.0" />
				<param name="scoringThisActivityAtAll" value="true" />
				<param name="typicalDuration" value="12:00:00" />
				<param name="typicalDurationScoreComputation" value="relative" />
			</parameterset>
			<parameterset type="activityParams" >
				<param name="activityType" value="act_6" />
				<param name="closingTime" value="30:00:00" />
				<param name="earliestEndTime" value="undefined" />
				<param name="latestStartTime" value="undefined" />
				<param name="minimalDuration" value="undefined" />
				<param name="openingTime" value="00:00:00" />
				<param name="priority" value="1.0" />
				<param name="scoringThisActivityAtAll" value="true" />
				<param name="typicalDuration" value="12:00:00" />
				<param name="typicalDurationScoreComputation" value="relative" />
			</parameterset>
			<parameterset type="activityParams" >
				<param name="activityType" value="act_7" />
				<param name="closingTime" value="30:00:00" />
				<param name="earliestEndTime" value="undefined" />
				<param name="latestStartTime" value="undefined" />
				<param name="minimalDuration" value="undefined" />
				<param name="openingTime" value="00:00:00" />
				<param name="priority" value="1.0" />
				<param name="scoringThisActivityAtAll" value="true" />
				<param name="typicalDuration" value="12:00:00" />
				<param name="typicalDurationScoreComputation" value="relative" />
			</parameterset>
			<parameterset type="activityParams" >
				<param name="activityType" value="act_8" />
				<param name="closingTime" value="30:00:00" />
				<param name="earliestEndTime" value="undefined" />
				<param name="latestStartTime" value="undefined" />
				<param name="minimalDuration" value="undefined" />
				<param name="openingTime" value="00:00:00" />
				<param name="priority" value="1.0" />
				<param name="scoringThisActivityAtAll" value="true" />
				<param name="typicalDuration" value="12:00:00" />
				<param name="typicalDurationScoreComputation" value="relative" />
			</parameterset>
			<parameterset type="activityParams" >
				<param name="activityType" value="act_9" />
				<param name="closingTime" value="30:00:00" />
				<param name="earliestEndTime" value="undefined" />
				<param name="latestStartTime" value="undefined" />
				<param name="minimalDuration" value="undefined" />
				<param name="openingTime" value="00:00:00" />
				<param name="priority" value="1.0" />
				<param name="scoringThisActivityAtAll" value="true" />
				<param name="typicalDuration" value="12:00:00" />
				<param name="typicalDurationScoreComputation" value="relative" />
			</parameterset>
			<parameterset type="activityParams" >
				<param name="activityType" value="ride interaction" />
				<param name="closingTime" value="undefined" />
				<param name="earliestEndTime" value="undefined" />
				<param name="latestStartTime" value="undefined" />
				<param name="minimalDuration" value="undefined" />
				<param name="openingTime" value="undefined" />
				<param name="priority" value="1.0" />
				<param name="scoringThisActivityAtAll" value="false" />
				<param name="typicalDuration" value="undefined" />
				<param name="typicalDurationScoreComputation" value="relative" />
			</parameterset>
			<parameterset type="modeParams" >
				<!-- [utils] alternative-specific constant.  Normally per trip, but that is probably buggy for multi-leg trips. -->
				<param name="constant" value="0.0" />
				<!-- [unit_of_money/day] Fixed cost of mode, per day. -->
				<param name="dailyMonetaryConstant" value="0.0" />
				<!-- [utils] daily utility constant. default=0 to be backwards compatible -->
				<param name="dailyUtilityConstant" value="0.0" />
				<!-- [utils/m] utility of traveling (e.g. walking or driving) per m, normally negative.  this is on top of the time (dis)utility. -->
				<param name="marginalUtilityOfDistance_util_m" value="0.0" />
				<!-- [utils/hr] additional marginal utility of traveling.  normally negative.  this comes on top of the opportunity cost of time -->
				<param name="marginalUtilityOfTraveling_util_hr" value="-6.0" />
				<param name="mode" value="pt" />
				<!-- [unit_of_money/m] conversion of distance into money. Normally negative. -->
				<param name="monetaryDistanceRate" value="0.0" />
			</parameterset>
			<parameterset type="modeParams" >
				<param name="constant" value="0.0" />
				<param name="dailyMonetaryConstant" value="0.0" />
				<param name="dailyUtilityConstant" value="0.0" />
				<param name="marginalUtilityOfDistance_util_m" value="0.0" />
				<param name="marginalUtilityOfTraveling_util_hr" value="-6.0" />
				<param name="mode" value="walk" />
				<param name="monetaryDistanceRate" value="0.0" />
			</parameterset>
			<parameterset type="modeParams" >
				<param name="constant" value="0.0" />
				<param name="dailyMonetaryConstant" value="0.0" />
				<param name="dailyUtilityConstant" value="0.0" />
				<param name="marginalUtilityOfDistance_util_m" value="0.0" />
				<param name="marginalUtilityOfTraveling_util_hr" value="-6.0" />
				<param name="mode" value="bike" />
				<param name="monetaryDistanceRate" value="0.0" />
			</parameterset>
			<parameterset type="modeParams" >
				<param name="constant" value="0.0" />
				<param name="dailyMonetaryConstant" value="0.0" />
				<param name="dailyUtilityConstant" value="0.0" />
				<param name="marginalUtilityOfDistance_util_m" value="0.0" />
				<param name="marginalUtilityOfTraveling_util_hr" value="-6.0" />
				<param name="mode" value="ride" />
				<param name="monetaryDistanceRate" value="0.0" />
			</parameterset>
			<parameterset type="modeParams" >
				<param name="constant" value="0.0" />
				<param name="dailyMonetaryConstant" value="0.0" />
				<param name="dailyUtilityConstant" value="0.0" />
				<param name="marginalUtilityOfDistance_util_m" value="0.0" />
				<param name="marginalUtilityOfTraveling_util_hr" value="-6.0" />
				<param name="mode" value="other" />
				<param name="monetaryDistanceRate" value="0.0" />
			</parameterset>
			<parameterset type="modeParams" >
				<param name="constant" value="0.0" />
				<param name="dailyMonetaryConstant" value="0.0" />
				<param name="dailyUtilityConstant" value="0.0" />
				<param name="marginalUtilityOfDistance_util_m" value="0.0" />
				<param name="marginalUtilityOfTraveling_util_hr" value="-6.0" />
				<param name="mode" value="car" />
				<param name="monetaryDistanceRate" value="0.0" />
			</parameterset>
		</parameterset>
	</module>
	<module name="plans" >
		<!-- String: minOfDurationAndEndTime tryEndTimeThenDuration endTimeOnly. Anything besides minOfDurationAndEndTime will internally use a different (simpler) version of the TimeAllocationMutator. -->
		<param name="activityDurationInterpretation" value="tryEndTimeThenDuration" />
		<!-- Possible values: reject,useMainModeIdentifier -->
		<param name="handlingOfPlansWithoutRoutingMode" value="reject" />
		<!-- The Coordinates Reference System in which the coordinates are expressed in the input file. At import, the coordinates will be converted to the coordinate system defined in "global", and willbe converted back at export. If not specified, no conversion happens. -->
		<param name="inputCRS" value="null" />
		<param name="inputPersonAttributesFile" value="null" />
		<param name="inputPlansFile" value="/home/raziq/Documents/Code/umd/tripsynth/06x_stage1_va_speed/synthetic_population.xml.gz" />
		<param name="insistingOnUsingDeprecatedPersonAttributeFile" value="false" />
		<!-- Defines how routes are stored in memory. Currently supported: LinkNetworkRoute, MediumCompressedNetworkRoute, HeavyCompressedNetworkRoute. -->
		<param name="networkRouteType" value="LinkNetworkRoute" />
		<!-- (not tested) will remove plan attributes that are presumably not used, such as activityStartTime. default=false. Use with Caution! -->
		<param name="removingUnnecessaryPlanAttributes" value="false" />
		<!-- Defines how departure times are interpreted in rerouting applications. If set to 'ignoreDelays', the departure time of a trip when routing along a plan will always be the nominal (plan-based) activity end time. If set to 'shiftActivityEndTimes', routing along a plan will accumulate travel times and shift activity end times if necessary -->
		<param name="tripDurationHandling" value="ignoreDelays" />
	</module>
	<module name="planscalcroute" >
		<!-- Defines how access and egress to main mode is simulated. Either of [none, accessEgressModeToLink, walkConstantTimeToLink, accessEgressModeToLinkPlusTimeConstant], Current default=none which means no access or egress trips are simulated. -->
		<param name="accessEgressType" value="none" />
		<!-- Some typical teleportation routing params are set by default, such as for walk and bike.  Setting this switch to "true" will clear them.  Note that this will also clear settings for helper modes such as for non_network_walk -->
		<param name="clearDefaultTeleportedModeParams" value="false" />
		<!-- All the modes for which the router is supposed to generate network routes (like car) -->
		<param name="networkModes" value="car" />
		<!-- strength of the randomness for the utility of money in routing under toll.  Leads to Pareto-optimal route with randomly drawn money-vs-other-attributes tradeoff. Technically the width parameter of a log-normal distribution. 3.0 seems to be a good value.  -->
		<param name="routingRandomness" value="3.0" />
		<parameterset type="teleportedModeParameters" >
			<param name="beelineDistanceFactor" value="1.3" />
			<param name="mode" value="bike" />
			<!-- Free-speed factor for a teleported mode. Travel time = teleportedModeFreespeedFactor * <freespeed car travel time>. Insert a line like this for every such mode. Please do not set teleportedModeFreespeedFactor as well as teleportedModeSpeed for the same mode, but if you do, +teleportedModeFreespeedFactor wins over teleportedModeSpeed. -->
			<param name="teleportedModeFreespeedFactor" value="null" />
			<!-- Speed for a teleported mode. Travel time = (<beeline distance> * beelineDistanceFactor) / teleportedModeSpeed. Insert a line like this for every such mode. -->
			<param name="teleportedModeSpeed" value="4.166666666666667" />
		</parameterset>
		<parameterset type="teleportedModeParameters" >
			<param name="beelineDistanceFactor" value="1.3" />
			<param name="mode" value="walk" />
			<param name="teleportedModeFreespeedFactor" value="null" />
			<param name="teleportedModeSpeed" value="0.8333333333333333" />
		</parameterset>
		<parameterset type="teleportedModeParameters" >
			<param name="beelineDistanceFactor" value="1.3" />
			<param name="mode" value="non_network_walk" />
			<param name="teleportedModeFreespeedFactor" value="null" />
			<param name="teleportedModeSpeed" value="0.8333333333333333" />
		</parameterset>
		<parameterset type="teleportedModeParameters" >
			<param name="beelineDistanceFactor" value="1.3" />
			<param name="mode" value="ride" />
			<param name="teleportedModeFreespeedFactor" value="1.0" />
			<param name="teleportedModeSpeed" value="null" />
		</parameterset>
		<parameterset type="teleportedModeParameters" >
			<param name="beelineDistanceFactor" value="1.3" />
			<param name="mode" value="pt" />
			<param name="teleportedModeFreespeedFactor" value="2.0" />
			<param name="teleportedModeSpeed" value="null" />
		</parameterset>
	</module>
	<module name="ptCounts" >
		<!-- factor by which to re-scale the simulated values.  necessary when simulation runs with something different from 100%.  needs to be adapted manually -->
		<param name="countsScaleFactor" value="1.0" />
		<!-- distance to distanceFilterCenterNode to include counting stations. The unit of distance is the Euclidean distance implied by the coordinate system -->
		<param name="distanceFilter" value="null" />
		<!-- node id for center node of distance filter -->
		<param name="distanceFilterCenterNode" value="null" />
		<!-- input file containing the alighting (getting off) counts for pt -->
		<param name="inputAlightCountsFile" value="null" />
		<!-- input file containing the boarding (getting on) counts for pt -->
		<param name="inputBoardCountsFile" value="null" />
		<!-- input file containing the occupancy counts for pt -->
		<param name="inputOccupancyCountsFile" value="null" />
		<!-- possible values: `html', `txt', `all' -->
		<param name="outputformat" value="null" />
		<!-- every how many iterations (starting with 0) counts comparisons are generated -->
		<param name="ptCountsInterval" value="10" />
	</module>
	<module name="qsim" >
		<param name="endTime" value="30:00:00" />
		<!-- If set to withLinkAttributes snapshots will only be generated for links which include generateSnapshotForLink as attribute key. Default is no filtering. -->
		<param name="filterSnapshots" value="no" />
		<param name="flowCapacityFactor" value="1.0" />
		<!-- decides if waiting vehicles enter the network after or before the already driving vehicles were moved. Default: false -->
		<param name="insertingWaitingVehiclesBeforeDrivingVehicles" value="true" />
		<!-- If link dynamics is set as SeepageQ, set to false if all seep modes should perform seepage. Default is true (better option). -->
		<param name="isRestrictingSeepage" value="true" />
		<!-- If link dynamics is set as SeepageQ, set to true if seep mode do not consumes any space on the link. Default is false. -->
		<param name="isSeepModeStorageFree" value="false" />
		<!-- default: FIFO; options: FIFO PassingQ SeepageQ -->
		<param name="linkDynamics" value="FIFO" />
		<!-- The (initial) width of the links of the network. Use positive floating point values. This is used only for visualisation. -->
		<param name="linkWidth" value="30.0" />
		<!-- [comma-separated list] Defines which modes are congested modes. Technically, these are the modes that the departure handler of the netsimengine handles.  Effective cell size, effective lane width, flow capacity factor, and storage capacity factor need to be set with diligence.  Need to be vehicular modes to make sense. -->
		<param name="mainMode" value="car" />
		<!-- Shortens a link in the visualization, i.e. its start and end point are moved into towards the center. Does not affect traffic flow.  -->
		<param name="nodeOffset" value="0.0" />
		<!-- Number of threads used for the QSim.  Note that this setting is independent from the "global" threads setting.  In contrast to earlier versions, the non-parallel special version is no longer there. -->
		<param name="numberOfThreads" value="8" />
		<!-- Boolean. `true': stuck vehicles are removed, aborting the plan; `false': stuck vehicles are forced into the next link. `false' is probably the better choice. -->
		<param name="removeStuckVehicles" value="true" />
		<!-- If link dynamics is set as SeepageQ, set a seep mode. Default is bike. -->
		<param name="seepMode" value="bike" />
		<!-- Possible values: minOfEndtimeAndMobsimFinished,onlyUseEndtime -->
		<param name="simEndtimeInterpretation" value="null" />
		<!-- Options: maxOfStarttimeAndEarliestActivityEnd onlyUseStarttime  -->
		<param name="simStarttimeInterpretation" value="maxOfStarttimeAndEarliestActivityEnd" />
		<!-- snapshotStyle. One of: equiDist queue withHoles withHolesAndShowHoles kinematicWaves  -->
		<param name="snapshotStyle" value="queue" />
		<param name="snapshotperiod" value="00:00:00" />
		<param name="startTime" value="00:00:00" />
		<param name="storageCapacityFactor" value="1.0" />
		<!-- time in seconds.  Time after which the frontmost vehicle on a link is called `stuck' if it does not move. -->
		<param name="stuckTime" value="1800.0" />
		<param name="timeStepSize" value="00:00:01" />
		<!-- options: queue withHoles kinematicWaves  -->
		<param name="trafficDynamics" value="queue" />
		<!-- Set this parameter to true if lanes should be used, false if not. -->
		<param name="useLanes" value="false" />
		<!-- If a route does not reference a vehicle, agents will use the vehicle with the same id as their own. -->
		<param name="usePersonIdForMissingVehicleId" value="true" />
		<!-- If false, the qsim accumulates fractional flows up to one flow unit in every time step.  If true, flows are updated only if an agent wants to enter the link or an agent is added to buffer. Default is true. -->
		<param name="usingFastCapacityUpdate" value="true" />
		<!-- Defines what happens if an agent wants to depart, but the specified vehicle is not available. One of: teleport wait exception  -->
		<param name="vehicleBehavior" value="teleport" />
		<!-- If vehicles should all be the same default vehicle, or come from the vehicles file, or something else.  Possible values:  defaultVehicle modeVehicleTypesFromVehiclesData fromVehiclesData -->
		<param name="vehiclesSource" value="defaultVehicle" />
	</module>
	<module name="strategy" >
		<!-- the external executable will be called with a config file as argument.  This is the pathname to a possible skeleton config, to which additional information will be added.  Can be null. -->
		<param name="ExternalExeConfigTemplate" value="null" />
		<!-- time out value (in seconds) after which matsim will consider the external strategy as failed -->
		<param name="ExternalExeTimeOut" value="3600" />
		<!-- root directory for temporary files generated by the external executable. Provided as a service; I don't think this is used by MATSim. -->
		<param name="ExternalExeTmpFileRootDir" value="null" />
		<!-- fraction of iterations where innovative strategies are switched off.  Something like 0.8 should be good.  E.g. if you run from iteration 400 to iteration 500, innovation is switched off at iteration 480 -->
		<param name="fractionOfIterationsToDisableInnovation" value="Infinity" />
		<!-- maximum number of plans per agent.  ``0'' means ``infinity''.  Currently (2010), ``5'' is a good number -->
		<param name="maxAgentPlanMemorySize" value="5" />
		<!-- strategyName of PlanSelector for plans removal.  Possible defaults: WorstPlanSelector SelectRandom SelectExpBetaForRemoval ChangeExpBetaForRemoval PathSizeLogitSelectorForRemoval . The current default, WorstPlanSelector is not a good choice from a discrete choice theoretical perspective. Alternatives, however, have not been systematically tested. kai, feb'12 -->
		<param name="planSelectorForRemoval" value="WorstPlanSelector" />
	</module>
	<module name="subtourModeChoice" >
		<!-- Only for backwards compatibility.  Defines if only trips from modes list should change mode, or all trips.  Options: fromAllModesToSpecifiedModes fromSpecifiedModesToSpecifiedModes betweenAllAndFewerConstraints  -->
		<param name="behavior" value="fromSpecifiedModesToSpecifiedModes" />
		<!-- Defines the chain-based modes, seperated by commas -->
		<param name="chainBasedModes" value="car,bike" />
		<!-- Defines whether car availability must be considered or not. A agent has no car only if it has no license, or never access to a car -->
		<param name="considerCarAvailability" value="false" />
		<!-- If greater than 0, subtours will also consider coordinates to be at the same location when smaller than set distance. -->
		<param name="coordDistance" value="0.0" />
		<!-- Defines all the modes available, including chain-based modes, seperated by commas -->
		<param name="modes" value="car,pt,bike,walk" />
		<!-- Defines the probability of changing a single trip for a unchained mode instead of subtour. -->
		<param name="probaForRandomSingleTripMode" value="0.0" />
	</module>
	<module name="transit" >
		<!-- The Coordinates Reference System in which the coordinates are expressed in the input file. At import, the coordinates will be converted to the coordinate system defined in "global", and willbe converted back at export. If not specified, no conversion happens. -->
		<param name="inputScheduleCRS" value="null" />
		<param name="insistingOnUsingDeprecatedAttributeFiles" value="false" />
		<!-- The type of transit routing algorithm used, may have the values: [DijkstraBased, SwissRailRaptor] -->
		<param name="routingAlgorithmType" value="SwissRailRaptor" />
		<!-- Optional input file containing additional attributes for transit lines, stored as ObjectAttributes. -->
		<param name="transitLinesAttributesFile" value="null" />
		<!-- Comma-separated list of transportation modes that are handled as transit. Defaults to 'pt'. -->
		<param name="transitModes" value="pt" />
		<!-- Input file containing the transit schedule to be simulated. -->
		<param name="transitScheduleFile" value="null" />
		<!-- Optional input file containing additional attributes for transit stop facilities, stored as ObjectAttributes. -->
		<param name="transitStopsAttributesFile" value="null" />
		<!-- Set this parameter to true if transit should be simulated, false if not. -->
		<param name="useTransit" value="false" />
		<param name="usingTransitInMobsim" value="true" />
		<!-- Input file containing the vehicles used by the departures in the transit schedule. -->
		<param name="vehiclesFile" value="null" />
	</module>
	<module name="transitRouter" >
		<!-- additional time the router allocates when a line switch happens. Can be interpreted as a 'safety' time that agents need to safely transfer from one line to another -->
		<param name="additionalTransferTime" value="0.0" />
		<!-- Factor with which direct walk generalized cost is multiplied before it is compared to the pt generalized cost.  Set to a very high value to reduce direct walk results. -->
		<param name="directWalkFactor" value="1.0" />
		<!-- step size to increase searchRadius if no stops are found -->
		<param name="extensionRadius" value="200.0" />
		<!-- maximum beeline distance between stops that agents could transfer to by walking -->
		<param name="maxBeelineWalkConnectionDistance" value="100.0" />
		<!-- the radius in which stop locations are searched, given a start or target coordinate -->
		<param name="searchRadius" value="1000.0" />
	</module>
	<module name="travelTimeCalculator" >
		<!-- (only for backwards compatibility; only used if separateModes==false && + filterModes==true)  Transport modes that will be respected by the travel time collector. 'car' is default which includes also buses from the pt simulation module. -->
		<param name="analyzedModes" value="car" />
		<param name="calculateLinkToLinkTravelTimes" value="false" />
		<param name="calculateLinkTravelTimes" value="true" />
		<!-- (only for backwards compatiblity; only used if separateModes==false)  Only modes included in analyzedModes are included. -->
		<param name="filterModes" value="false" />
		<!-- The lenght (in sec) of the time period that is splited into time bins; an additional time bin is created to aggregate all travel times collected after maxTime -->
		<param name="maxTime" value="108000" />
		<!-- (only for backwards compatibility) If false, link travel times are measured and aggregated over all vehicles using the link. -->
		<param name="separateModes" value="true" />
		<!-- How to deal with congested time bins that have no link entry events. `optimistic' assumes free speed (too optimistic); 'experimental_LastMile' is experimental and probably too pessimistic. -->
		<param name="travelTimeAggregator" value="optimistic" />
		<!-- The size of the time bin (in sec) into which the link travel times are aggregated for the router -->
		<param name="travelTimeBinSize" value="900" />
		<!-- possible values: TravelTimeCalculatorArray TravelTimeCalculatorHashMap  -->
		<param name="travelTimeCalculator" value="TravelTimeCalculatorArray" />
		<!-- How to deal with link entry times at different positions during the time bin. Currently supported: average, linearinterpolation -->
		<param name="travelTimeGetter" value="average" />
	</module>
	<module name="vehicles" >
		<param name="vehiclesFile" value="null" />
	</module>
	<module name="vspExperimental" >
		<!-- (do not use except of you have to) There was a problem with pt interaction scoring.  Some people solved it by overwriting the parameters of the pt interaction activity type.  Doing this now throws an Exception.  If you still insist on doing this, set the following to true. -->
		<param name="isAbleToOverwritePtInteractionParams" value="false" />
		<param name="isGeneratingBoardingDeniedEvent" value="false" />
		<!-- if an approximation of the opportunity cost of time is included into the radius calculation for location choice.`true' will be faster, but it is an approximation.  Default is `true'; `false' is available for backwards compatibility. -->
		<param name="isUsingOpportunityCostOfTimeForLocationChoice" value="true" />
		<param name="logitScaleParamForPlansRemoval" value="1.0" />
		<!-- Options: | ignore | info | warn | abort | .  When violating VSP defaults, this results in nothing, logfile infos, logfile warnings, or aborts.  Members of VSP should use `abort' or talk to kai. -->
		<param name="vspDefaultsCheckingLevel" value="ignore" />
		<!-- if true then writes output_events in output directory.  default is `false'. Will only work when lastIteration is multiple of events writing interval -->
		<param name="writingOutputEvents" value="true" />
	</module>

</config>

2026-06-04T02:44:06,488  INFO ControlerUtils:85 Complete config dump done.
2026-06-04T02:44:06,488  INFO ControlerUtils:86 Checking consistency of config...
2026-06-04T02:44:06,488 ERROR PlanCalcScoreConfigGroup$ScoringParameterSet:1544 it looks like you have an activity type with opening time set to 0:00 and closing time set to 24:00. This is most probably not the same as not setting them at all.  In particular, activities which extend past midnight may not accumulate scores.
2026-06-04T02:44:06,488 ERROR PlanCalcScoreConfigGroup$ScoringParameterSet:1544 it looks like you have an activity type with opening time set to 0:00 and closing time set to 24:00. This is most probably not the same as not setting them at all.  In particular, activities which extend past midnight may not accumulate scores.
2026-06-04T02:44:06,488 ERROR PlanCalcScoreConfigGroup$ScoringParameterSet:1544 it looks like you have an activity type with opening time set to 0:00 and closing time set to 24:00. This is most probably not the same as not setting them at all.  In particular, activities which extend past midnight may not accumulate scores.
2026-06-04T02:44:06,488 ERROR PlanCalcScoreConfigGroup$ScoringParameterSet:1544 it looks like you have an activity type with opening time set to 0:00 and closing time set to 24:00. This is most probably not the same as not setting them at all.  In particular, activities which extend past midnight may not accumulate scores.
2026-06-04T02:44:06,488 ERROR PlanCalcScoreConfigGroup$ScoringParameterSet:1544 it looks like you have an activity type with opening time set to 0:00 and closing time set to 24:00. This is most probably not the same as not setting them at all.  In particular, activities which extend past midnight may not accumulate scores.
2026-06-04T02:44:06,488 ERROR PlanCalcScoreConfigGroup$ScoringParameterSet:1544 it looks like you have an activity type with opening time set to 0:00 and closing time set to 24:00. This is most probably not the same as not setting them at all.  In particular, activities which extend past midnight may not accumulate scores.
2026-06-04T02:44:06,488 ERROR PlanCalcScoreConfigGroup$ScoringParameterSet:1544 it looks like you have an activity type with opening time set to 0:00 and closing time set to 24:00. This is most probably not the same as not setting them at all.  In particular, activities which extend past midnight may not accumulate scores.
2026-06-04T02:44:06,488 ERROR PlanCalcScoreConfigGroup$ScoringParameterSet:1544 it looks like you have an activity type with opening time set to 0:00 and closing time set to 24:00. This is most probably not the same as not setting them at all.  In particular, activities which extend past midnight may not accumulate scores.
2026-06-04T02:44:06,488 ERROR PlanCalcScoreConfigGroup$ScoringParameterSet:1544 it looks like you have an activity type with opening time set to 0:00 and closing time set to 24:00. This is most probably not the same as not setting them at all.  In particular, activities which extend past midnight may not accumulate scores.
2026-06-04T02:44:06,488 ERROR PlanCalcScoreConfigGroup$ScoringParameterSet:1544 it looks like you have an activity type with opening time set to 0:00 and closing time set to 24:00. This is most probably not the same as not setting them at all.  In particular, activities which extend past midnight may not accumulate scores.
2026-06-04T02:44:06,488 ERROR PlanCalcScoreConfigGroup$ScoringParameterSet:1544 it looks like you have an activity type with opening time set to 0:00 and closing time set to 24:00. This is most probably not the same as not setting them at all.  In particular, activities which extend past midnight may not accumulate scores.
2026-06-04T02:44:06,488 ERROR PlanCalcScoreConfigGroup$ScoringParameterSet:1544 it looks like you have an activity type with opening time set to 0:00 and closing time set to 24:00. This is most probably not the same as not setting them at all.  In particular, activities which extend past midnight may not accumulate scores.
2026-06-04T02:44:06,488 ERROR PlanCalcScoreConfigGroup$ScoringParameterSet:1544 it looks like you have an activity type with opening time set to 0:00 and closing time set to 24:00. This is most probably not the same as not setting them at all.  In particular, activities which extend past midnight may not accumulate scores.
2026-06-04T02:44:06,488 ERROR PlanCalcScoreConfigGroup$ScoringParameterSet:1544 it looks like you have an activity type with opening time set to 0:00 and closing time set to 24:00. This is most probably not the same as not setting them at all.  In particular, activities which extend past midnight may not accumulate scores.
2026-06-04T02:44:06,488 ERROR PlanCalcScoreConfigGroup$ScoringParameterSet:1544 it looks like you have an activity type with opening time set to 0:00 and closing time set to 24:00. This is most probably not the same as not setting them at all.  In particular, activities which extend past midnight may not accumulate scores.
2026-06-04T02:44:06,488 ERROR PlanCalcScoreConfigGroup$ScoringParameterSet:1544 it looks like you have an activity type with opening time set to 0:00 and closing time set to 24:00. This is most probably not the same as not setting them at all.  In particular, activities which extend past midnight may not accumulate scores.
2026-06-04T02:44:06,488 ERROR PlanCalcScoreConfigGroup$ScoringParameterSet:1544 it looks like you have an activity type with opening time set to 0:00 and closing time set to 24:00. This is most probably not the same as not setting them at all.  In particular, activities which extend past midnight may not accumulate scores.
2026-06-04T02:44:06,488 ERROR PlanCalcScoreConfigGroup$ScoringParameterSet:1544 it looks like you have an activity type with opening time set to 0:00 and closing time set to 24:00. This is most probably not the same as not setting them at all.  In particular, activities which extend past midnight may not accumulate scores.
2026-06-04T02:44:06,488  INFO VspConfigConsistencyCheckerImpl:64 NOT running vsp config consistency check because vsp defaults checking level is set to IGNORE
2026-06-04T02:44:06,489  INFO ControlerUtils:88 Checking consistency of config done.
2026-06-04T02:44:06,552  WARN PrepareForSimImpl:229 'usePersonIdForMissingVehicleId' is deprecated. It will be removed soon.
2026-06-04T02:44:06,554  INFO Counter:70 [VehiclesImpl] added vehicle # 1
2026-06-04T02:44:06,554  INFO Counter:70 [VehiclesImpl] added vehicle # 2
2026-06-04T02:44:06,554  INFO Counter:70 [VehiclesImpl] added vehicle # 4
2026-06-04T02:44:06,554  INFO Counter:70 [VehiclesImpl] added vehicle # 8
2026-06-04T02:44:06,554  INFO Counter:70 [VehiclesImpl] added vehicle # 16
2026-06-04T02:44:06,554  INFO Counter:70 [VehiclesImpl] added vehicle # 32
2026-06-04T02:44:06,555  INFO Counter:70 [VehiclesImpl] added vehicle # 64
2026-06-04T02:44:06,556  INFO Counter:70 [VehiclesImpl] added vehicle # 128
2026-06-04T02:44:06,556  INFO Counter:70 [VehiclesImpl] added vehicle # 256
2026-06-04T02:44:06,557  INFO Counter:70 [VehiclesImpl] added vehicle # 512
2026-06-04T02:44:06,559  INFO Counter:70 [VehiclesImpl] added vehicle # 1024
2026-06-04T02:44:06,560  INFO Counter:70 [VehiclesImpl] added vehicle # 2048
2026-06-04T02:44:06,561  INFO Counter:70 [VehiclesImpl] added vehicle # 4096
2026-06-04T02:44:06,565  INFO Counter:70 [VehiclesImpl] added vehicle # 8192
2026-06-04T02:44:06,570  INFO Counter:70 [VehiclesImpl] added vehicle # 16384
2026-06-04T02:44:06,579  INFO Counter:70 [VehiclesImpl] added vehicle # 32768
2026-06-04T02:44:06,596  INFO Counter:70 [VehiclesImpl] added vehicle # 65536
2026-06-04T02:44:06,627  INFO Counter:70 [VehiclesImpl] added vehicle # 131072
2026-06-04T02:44:07,783  INFO PreProcessDijkstra:119 nodes in dead ends: 532644 (total nodes: 1578531). Done in 1035 ms
2026-06-04T02:44:07,891  INFO PreProcessLandmarks:113 Putting landmarks on network...
2026-06-04T02:44:07,912  INFO LandmarkerPieSlices:97 Filling sectors...
2026-06-04T02:44:08,783  INFO LandmarkerPieSlices:108 Refining landmarks...
2026-06-04T02:44:09,448  INFO LandmarkerPieSlices:110 done
2026-06-04T02:44:09,449  INFO PreProcessLandmarks:116 done in 1557 ms
2026-06-04T02:44:09,449  INFO PreProcessLandmarks:118 Initializing landmarks data
2026-06-04T02:44:09,710  INFO PreProcessLandmarks:130 Calculating distance from each node to each of the 16 landmarks using 8 threads...
2026-06-04T02:44:09,712  INFO PreProcessLandmarks:140 wait for landmarks Calculator to finish...
2026-06-04T02:44:17,093  INFO PreProcessLandmarks:164 done in 7383 ms
2026-06-04T02:44:17,103  INFO NetworkImpl:165  node # 1
2026-06-04T02:44:17,103  INFO NetworkImpl:165  node # 4
2026-06-04T02:44:17,103  INFO NetworkImpl:165  node # 16
2026-06-04T02:44:17,103  INFO NetworkImpl:165  node # 64
2026-06-04T02:44:17,103  INFO NetworkImpl:165  node # 256
2026-06-04T02:44:17,103  INFO NetworkImpl:165  node # 1024
2026-06-04T02:44:17,104  INFO NetworkImpl:165  node # 4096
2026-06-04T02:44:17,106  INFO NetworkImpl:165  node # 16384
2026-06-04T02:44:17,110  INFO NetworkImpl:165  node # 65536
2026-06-04T02:44:17,124  INFO NetworkImpl:165  node # 262144
2026-06-04T02:44:17,176  INFO NetworkImpl:165  node # 1048576
2026-06-04T02:44:17,215  INFO NetworkImpl:161  link # 1
2026-06-04T02:44:17,215  INFO NetworkImpl:161  link # 4
2026-06-04T02:44:17,215  INFO NetworkImpl:161  link # 16
2026-06-04T02:44:17,215  INFO NetworkImpl:161  link # 64
2026-06-04T02:44:17,215  INFO NetworkImpl:161  link # 256
2026-06-04T02:44:17,216  INFO NetworkImpl:161  link # 1024
2026-06-04T02:44:17,218  INFO NetworkImpl:161  link # 4096
2026-06-04T02:44:17,225  INFO NetworkImpl:161  link # 16384
2026-06-04T02:44:17,247  INFO NetworkImpl:161  link # 65536
2026-06-04T02:44:17,321  INFO NetworkImpl:161  link # 262144
2026-06-04T02:44:17,633  INFO NetworkImpl:161  link # 1048576
2026-06-04T02:44:18,694  WARN RandomizingTimeDistanceTravelDisutilityFactory:113 There will be no routing randomness. The randomization of the travel disutility requires the monetary distance rate to be different than zero. Continuing anyway.
2026-06-04T02:44:18,695  WARN RandomizingTimeDistanceTravelDisutilityFactory:118 There will be no routing randomness. The randomization of the travel disutility requires the travel time cost rate to be different than zero. Continuing anyway.
2026-06-04T02:44:18,695  INFO RandomizingTimeDistanceTravelDisutilityFactory:86  sigma: 3.0; resulting normalization: 0.011108996538242306
2026-06-04T02:44:20,007  INFO PreProcessDijkstra:119 nodes in dead ends: 532644 (total nodes: 1578531). Done in 1311 ms
2026-06-04T02:44:20,137  INFO PreProcessLandmarks:113 Putting landmarks on network...
2026-06-04T02:44:20,156  INFO LandmarkerPieSlices:97 Filling sectors...
2026-06-04T02:44:21,139  INFO LandmarkerPieSlices:108 Refining landmarks...
2026-06-04T02:44:21,817  INFO LandmarkerPieSlices:110 done
2026-06-04T02:44:21,817  INFO PreProcessLandmarks:116 done in 1680 ms
2026-06-04T02:44:21,817  INFO PreProcessLandmarks:118 Initializing landmarks data
2026-06-04T02:44:22,139  INFO PreProcessLandmarks:130 Calculating distance from each node to each of the 16 landmarks using 8 threads...
2026-06-04T02:44:22,141  INFO PreProcessLandmarks:140 wait for landmarks Calculator to finish...
2026-06-04T02:44:29,440  INFO PreProcessLandmarks:164 done in 7300 ms
2026-06-04T02:44:29,496  INFO RandomizingTimeDistanceTravelDisutilityFactory:86  sigma: 3.0; resulting normalization: 0.011108996538242306
2026-06-04T02:44:29,548  INFO RandomizingTimeDistanceTravelDisutilityFactory:86  sigma: 3.0; resulting normalization: 0.011108996538242306
2026-06-04T02:44:29,601  INFO RandomizingTimeDistanceTravelDisutilityFactory:86  sigma: 3.0; resulting normalization: 0.011108996538242306
2026-06-04T02:44:29,654  INFO RandomizingTimeDistanceTravelDisutilityFactory:86  sigma: 3.0; resulting normalization: 0.011108996538242306
2026-06-04T02:44:29,708  INFO RandomizingTimeDistanceTravelDisutilityFactory:86  sigma: 3.0; resulting normalization: 0.011108996538242306
2026-06-04T02:44:29,761  INFO RandomizingTimeDistanceTravelDisutilityFactory:86  sigma: 3.0; resulting normalization: 0.011108996538242306
2026-06-04T02:44:29,814  INFO RandomizingTimeDistanceTravelDisutilityFactory:86  sigma: 3.0; resulting normalization: 0.011108996538242306
2026-06-04T02:44:29,904  INFO NetworkImpl:419 building QuadTree for nodes: xrange(-78.952908,-75.9571004); yrange(37.1986182,40.3196966)
2026-06-04T02:44:30,207  INFO NetworkImpl:428 Building QuadTree took 0.328 seconds.
2026-06-04T02:44:31,002  INFO Counter:70 [PersonPrepareForSim] handled person # 1
2026-06-04T02:44:31,162  INFO Counter:70 [PersonPrepareForSim] handled person # 2
2026-06-04T02:44:31,217  INFO Counter:70 [PersonPrepareForSim] handled person # 4
2026-06-04T02:44:31,342  INFO Counter:70 [PersonPrepareForSim] handled person # 8
2026-06-04T02:44:31,403  INFO Counter:70 [PersonPrepareForSim] handled person # 16
2026-06-04T02:44:31,529  INFO Counter:70 [PersonPrepareForSim] handled person # 32
2026-06-04T02:44:31,656  INFO Counter:70 [PersonPrepareForSim] handled person # 64
2026-06-04T02:44:32,022  INFO Counter:70 [PersonPrepareForSim] handled person # 128
2026-06-04T02:44:32,515  INFO Counter:70 [PersonPrepareForSim] handled person # 256
2026-06-04T02:44:33,994  INFO Counter:70 [PersonPrepareForSim] handled person # 512
2026-06-04T02:44:36,330  INFO Counter:70 [PersonPrepareForSim] handled person # 1024
2026-06-04T02:44:41,276  INFO Counter:70 [PersonPrepareForSim] handled person # 2048
2026-06-04T02:44:50,174  INFO Counter:70 [PersonPrepareForSim] handled person # 4096
2026-06-04T02:45:06,471  INFO MemoryObserver:42 used RAM: 17330 MB  free: 26189 MB  total: 43520 MB
2026-06-04T02:45:09,303  INFO Counter:70 [PersonPrepareForSim] handled person # 8192
2026-06-04T02:45:50,102  INFO Counter:70 [PersonPrepareForSim] handled person # 16384
2026-06-04T02:46:06,472  INFO MemoryObserver:42 used RAM: 18437 MB  free: 25082 MB  total: 43520 MB
2026-06-04T02:47:06,472  INFO MemoryObserver:42 used RAM: 34476 MB  free: 9043 MB  total: 43520 MB
2026-06-04T02:47:07,871  INFO Counter:70 [PersonPrepareForSim] handled person # 32768
2026-06-04T02:48:06,473  INFO MemoryObserver:42 used RAM: 26402 MB  free: 17117 MB  total: 43520 MB
2026-06-04T02:49:06,473  INFO MemoryObserver:42 used RAM: 16872 MB  free: 26647 MB  total: 43520 MB
2026-06-04T02:49:39,390  INFO Counter:70 [PersonPrepareForSim] handled person # 65536
2026-06-04T02:50:06,474  INFO MemoryObserver:42 used RAM: 30235 MB  free: 13284 MB  total: 43520 MB
2026-06-04T02:51:06,474  INFO MemoryObserver:42 used RAM: 18765 MB  free: 24754 MB  total: 43520 MB
2026-06-04T02:52:06,475  INFO MemoryObserver:42 used RAM: 30341 MB  free: 13178 MB  total: 43520 MB
2026-06-04T02:53:06,475  INFO MemoryObserver:42 used RAM: 18650 MB  free: 24869 MB  total: 43520 MB
2026-06-04T02:54:06,476  INFO MemoryObserver:42 used RAM: 31514 MB  free: 12005 MB  total: 43520 MB
2026-06-04T02:54:55,495  INFO Counter:70 [PersonPrepareForSim] handled person # 131072
2026-06-04T02:55:06,476  INFO MemoryObserver:42 used RAM: 19505 MB  free: 24014 MB  total: 43520 MB
2026-06-04T02:56:06,476  INFO MemoryObserver:42 used RAM: 30410 MB  free: 13109 MB  total: 43520 MB
2026-06-04T02:57:06,477  INFO MemoryObserver:42 used RAM: 18558 MB  free: 24961 MB  total: 43520 MB
2026-06-04T02:58:06,477  INFO MemoryObserver:42 used RAM: 31672 MB  free: 11847 MB  total: 43520 MB
2026-06-04T02:59:06,478  INFO MemoryObserver:42 used RAM: 19596 MB  free: 23923 MB  total: 43520 MB
2026-06-04T03:00:06,478  INFO MemoryObserver:42 used RAM: 31084 MB  free: 12435 MB  total: 43520 MB
2026-06-04T03:00:07,680  INFO Counter:75 [PersonPrepareForSim] handled person # 189938
2026-06-04T03:00:07,916  INFO AbstractController:134 ###################################################
2026-06-04T03:00:07,916  INFO AbstractController:135 ### ITERATION 0 BEGINS
2026-06-04T03:00:07,917  INFO ControlerListenerManagerImpl:146 calling notifyIterationStarts on org.matsim.analysis.LegHistogramListener
2026-06-04T03:00:07,917  INFO ControlerListenerManagerImpl:146 calling notifyIterationStarts on org.matsim.analysis.LinkStatsControlerListener
2026-06-04T03:00:07,917  INFO ControlerListenerManagerImpl:146 calling notifyIterationStarts on org.matsim.core.replanning.ReplanningContextImpl
2026-06-04T03:00:07,917  INFO ControlerListenerManagerImpl:146 calling notifyIterationStarts on org.matsim.core.scoring.ScoringFunctionsForPopulation$$Lambda$242/0x000075ac4c4a5218
2026-06-04T03:00:08,023  INFO ControlerListenerManagerImpl:146 calling notifyIterationStarts on org.matsim.core.scoring.ExperiencedPlansServiceImpl$1
2026-06-04T03:00:08,036  INFO ControlerListenerManagerImpl:149 [it.0] all ControlerIterationStartsListeners called.
2026-06-04T03:00:08,036  INFO ControlerListenerManagerImpl:225 calling notifyBeforeMobsim on org.matsim.core.controler.corelisteners.EventsHandlingImpl
2026-06-04T03:00:08,036  INFO EventsManagerImpl:168 resetting Event-Handlers
2026-06-04T03:00:08,036  INFO EventsManagerImpl:175   org.matsim.core.trafficmonitoring.TravelTimeCalculator
2026-06-04T03:00:08,243  INFO EventsManagerImpl:175   org.matsim.analysis.VolumesAnalyzer
2026-06-04T03:00:08,247  INFO EventsManagerImpl:175   org.matsim.core.scoring.ScoringFunctionsForPopulation
2026-06-04T03:00:08,247  INFO EventsManagerImpl:175   org.matsim.analysis.LegHistogram
2026-06-04T03:00:08,247  INFO EventsManagerImpl:175   org.matsim.analysis.CalcLegTimes
2026-06-04T03:00:08,248  INFO EventsManagerImpl:138 adding Event-Handler: org.matsim.core.events.algorithms.EventWriterXML
2026-06-04T03:00:08,248  INFO EventsManagerImpl:144   org.matsim.core.events.algorithms.EventWriter
2026-06-04T03:00:08,248  INFO EventsManagerImpl:144   org.matsim.core.events.handler.BasicEventHandler
2026-06-04T03:00:08,248  INFO EventsManagerImpl:205     > org.matsim.api.core.v01.events.Event
2026-06-04T03:00:08,248  INFO EventsManagerImpl:154 
2026-06-04T03:00:08,248  INFO EventsManagerImpl:138 adding Event-Handler: org.matsim.core.events.algorithms.EventWriterXML
2026-06-04T03:00:08,248  INFO EventsManagerImpl:144   org.matsim.core.events.algorithms.EventWriter
2026-06-04T03:00:08,248  INFO EventsManagerImpl:144   org.matsim.core.events.handler.BasicEventHandler
2026-06-04T03:00:08,248  INFO EventsManagerImpl:205     > org.matsim.api.core.v01.events.Event
2026-06-04T03:00:08,248  INFO EventsManagerImpl:154 
2026-06-04T03:00:08,248  INFO ControlerListenerManagerImpl:225 calling notifyBeforeMobsim on org.matsim.core.controler.corelisteners.PlansDumpingImpl
2026-06-04T03:00:08,248  INFO PlansDumpingImpl:77 dumping plans...
2026-06-04T03:00:08,281  INFO Counter:70 [PopulationWriter] dumped person # 1
2026-06-04T03:00:08,281  INFO Counter:70 [PopulationWriter] dumped person # 2
2026-06-04T03:00:08,281  INFO Counter:70 [PopulationWriter] dumped person # 4
2026-06-04T03:00:08,282  INFO Counter:70 [PopulationWriter] dumped person # 8
2026-06-04T03:00:08,283  INFO Counter:70 [PopulationWriter] dumped person # 16
2026-06-04T03:00:08,284  INFO Counter:70 [PopulationWriter] dumped person # 32
2026-06-04T03:00:08,287  INFO Counter:70 [PopulationWriter] dumped person # 64
2026-06-04T03:00:08,299  INFO Counter:70 [PopulationWriter] dumped person # 128
2026-06-04T03:00:08,308  INFO Counter:70 [PopulationWriter] dumped person # 256
2026-06-04T03:00:08,338  INFO Counter:70 [PopulationWriter] dumped person # 512
2026-06-04T03:00:08,382  INFO Counter:70 [PopulationWriter] dumped person # 1024
2026-06-04T03:00:08,443  INFO Counter:70 [PopulationWriter] dumped person # 2048
2026-06-04T03:00:08,588  INFO Counter:70 [PopulationWriter] dumped person # 4096
2026-06-04T03:00:08,852  INFO Counter:70 [PopulationWriter] dumped person # 8192
2026-06-04T03:00:09,392  INFO Counter:70 [PopulationWriter] dumped person # 16384
2026-06-04T03:00:10,483  INFO Counter:70 [PopulationWriter] dumped person # 32768
2026-06-04T03:00:12,513  INFO Counter:70 [PopulationWriter] dumped person # 65536
2026-06-04T03:00:16,776  INFO Counter:70 [PopulationWriter] dumped person # 131072
2026-06-04T03:00:20,334  INFO PopulationWriter:145 Population written to: /home/raziq/Documents/Code/umd/tripsynth/06x_stage1_va_speed/matsim_synthetic/ITERS/it.0/0.plans.xml.gz
2026-06-04T03:00:20,335  INFO Counter:75 [PopulationWriter] dumped person # 189938
2026-06-04T03:00:20,335  INFO PlansDumpingImpl:94 finished plans dump.
2026-06-04T03:00:20,335  INFO ControlerListenerManagerImpl:230 calling notifyBeforeMobsim on org.matsim.core.population.VspPlansCleaner
2026-06-04T03:00:20,378  INFO ControlerListenerManagerImpl:233 [it.0] all ControlerBeforeMobsimListeners called.
2026-06-04T03:00:20,413  INFO RandomizingTimeDistanceTravelDisutilityFactory:86  sigma: 3.0; resulting normalization: 0.011108996538242306
2026-06-04T03:00:20,467  INFO RandomizingTimeDistanceTravelDisutilityFactory:86  sigma: 3.0; resulting normalization: 0.011108996538242306
2026-06-04T03:00:20,725  INFO Counter:70 [PersonPrepareForSim] handled person # 1
2026-06-04T03:00:20,725  INFO Counter:70 [PersonPrepareForSim] handled person # 2
2026-06-04T03:00:20,725  INFO Counter:70 [PersonPrepareForSim] handled person # 4
2026-06-04T03:00:20,725  INFO Counter:70 [PersonPrepareForSim] handled person # 8
2026-06-04T03:00:20,725  INFO Counter:70 [PersonPrepareForSim] handled person # 32
2026-06-04T03:00:20,725  INFO Counter:70 [PersonPrepareForSim] handled person # 64
2026-06-04T03:00:20,725  INFO Counter:70 [PersonPrepareForSim] handled person # 16
2026-06-04T03:00:20,725  INFO Counter:70 [PersonPrepareForSim] handled person # 128
2026-06-04T03:00:20,725  INFO Counter:70 [PersonPrepareForSim] handled person # 256
2026-06-04T03:00:20,725  INFO Counter:70 [PersonPrepareForSim] handled person # 512
2026-06-04T03:00:20,726  INFO Counter:70 [PersonPrepareForSim] handled person # 1024
2026-06-04T03:00:20,726  INFO Counter:70 [PersonPrepareForSim] handled person # 2048
2026-06-04T03:00:20,727  INFO Counter:70 [PersonPrepareForSim] handled person # 4096
2026-06-04T03:00:20,729  INFO Counter:70 [PersonPrepareForSim] handled person # 8192
2026-06-04T03:00:20,733  INFO Counter:70 [PersonPrepareForSim] handled person # 16384
2026-06-04T03:00:20,741  INFO Counter:70 [PersonPrepareForSim] handled person # 32768
2026-06-04T03:00:20,756  INFO Counter:70 [PersonPrepareForSim] handled person # 65536
2026-06-04T03:00:20,786  INFO Counter:70 [PersonPrepareForSim] handled person # 131072
2026-06-04T03:00:20,812  INFO Counter:75 [PersonPrepareForSim] handled person # 189938
2026-06-04T03:00:20,826  INFO MobsimListenerManager:50 calling addQueueSimulationListener
2026-06-04T03:00:20,826  INFO MobsimListenerManager:54   assigned class org.matsim.core.mobsim.framework.listeners.MobsimListener to interface org.matsim.core.mobsim.framework.listeners.MobsimListener
2026-06-04T03:00:20,826  INFO MobsimListenerManager:54   assigned class org.matsim.core.mobsim.framework.listeners.MobsimListener to interface org.matsim.vis.snapshotwriters.SnapshotWriterManager
2026-06-04T03:00:20,826  INFO MobsimListenerManager:54   assigned class org.matsim.core.mobsim.framework.listeners.MobsimListener to interface org.matsim.core.mobsim.framework.listeners.MobsimInitializedListener
2026-06-04T03:00:20,826  INFO MobsimListenerManager:54   assigned class org.matsim.core.mobsim.framework.listeners.MobsimListener to interface org.matsim.core.mobsim.framework.listeners.MobsimBeforeCleanupListener
2026-06-04T03:00:20,826  INFO MobsimListenerManager:54   assigned class org.matsim.core.mobsim.framework.listeners.MobsimListener to interface org.matsim.core.mobsim.framework.listeners.MobsimAfterSimStepListener
2026-06-04T03:00:23,718  WARN QueueWithBuffer:500 Link osm_140479257_1_fwd too small: enlarge storage capacity from: 2.5410666666666666 Vehicles to: 3.552945563012677 Vehicles.  This is not fatal, but modifies the traffic flow dynamics.
2026-06-04T03:00:23,718  WARN QueueWithBuffer:500 Link osm_140479257_1_rev too small: enlarge storage capacity from: 2.5410666666666666 Vehicles to: 3.552945563012677 Vehicles.  This is not fatal, but modifies the traffic flow dynamics.
2026-06-04T03:00:25,618  INFO QSimProvider:131 Added MobsimEngine class org.matsim.core.mobsim.qsim.ActivityEngineDefaultImpl
2026-06-04T03:00:25,618  INFO QSimProvider:137 Added Activityhandler class org.matsim.core.mobsim.qsim.ActivityEngineDefaultImpl
2026-06-04T03:00:25,618  INFO QSimProvider:143 Added DepartureHandler class org.matsim.core.mobsim.qsim.qnetsimengine.VehicularDepartureHandler
2026-06-04T03:00:25,618  INFO QSimProvider:131 Added MobsimEngine class org.matsim.core.mobsim.qsim.qnetsimengine.QNetsimEngineWithThreadpool
2026-06-04T03:00:25,618  INFO QSimProvider:131 Added MobsimEngine class org.matsim.core.mobsim.qsim.DefaultTeleportationEngine
2026-06-04T03:00:25,618  INFO QSimProvider:143 Added DepartureHandler class org.matsim.core.mobsim.qsim.DefaultTeleportationEngine
2026-06-04T03:00:25,618  INFO QSimProvider:149 Added AgentSource class org.matsim.core.mobsim.qsim.agents.PopulationAgentSource
2026-06-04T03:00:25,618  INFO MobsimListenerManager:50 calling addQueueSimulationListener
2026-06-04T03:00:25,618  INFO MobsimListenerManager:54   assigned class org.matsim.core.mobsim.framework.listeners.MobsimListener to interface org.matsim.core.mobsim.framework.listeners.MobsimListener
2026-06-04T03:00:25,618  INFO MobsimListenerManager:54   assigned class org.matsim.core.mobsim.framework.listeners.MobsimListener to interface org.matsim.core.mobsim.qsim.messagequeueengine.MessageQueueEngine
2026-06-04T03:00:25,618  INFO MobsimListenerManager:54   assigned class org.matsim.core.mobsim.framework.listeners.MobsimListener to interface org.matsim.core.mobsim.framework.listeners.MobsimBeforeSimStepListener
2026-06-04T03:00:25,618  INFO QSimProvider:155 Added MobsimListener class org.matsim.core.mobsim.qsim.messagequeueengine.MessageQueueEngine
2026-06-04T03:00:25,620  INFO PopulationUtils:1202 adding scenario element for allpersons container
2026-06-04T03:00:25,621  INFO PopulationImpl:107  person # 1
2026-06-04T03:00:25,621  INFO PopulationImpl:107  person # 4
2026-06-04T03:00:25,621  INFO PopulationImpl:107  person # 16
2026-06-04T03:00:25,621  INFO PopulationImpl:107  person # 64
2026-06-04T03:00:25,621  INFO PopulationImpl:107  person # 256
2026-06-04T03:00:25,623  INFO PopulationImpl:107  person # 1024
2026-06-04T03:00:25,625  INFO PopulationImpl:107  person # 4096
2026-06-04T03:00:25,633  INFO PopulationImpl:107  person # 16384
2026-06-04T03:00:25,655  INFO PopulationImpl:107  person # 65536
2026-06-04T03:00:25,704  INFO VehicleUtils:328 adding scenario element for allvehicles container
2026-06-04T03:00:25,704  INFO Counter:70 [VehiclesImpl] added vehicle # 1
2026-06-04T03:00:25,704  INFO Counter:70 [VehiclesImpl] added vehicle # 2
2026-06-04T03:00:25,704  INFO Counter:70 [VehiclesImpl] added vehicle # 4
2026-06-04T03:00:25,704  INFO Counter:70 [VehiclesImpl] added vehicle # 8
2026-06-04T03:00:25,704  INFO Counter:70 [VehiclesImpl] added vehicle # 16
2026-06-04T03:00:25,704  INFO Counter:70 [VehiclesImpl] added vehicle # 32
2026-06-04T03:00:25,704  INFO Counter:70 [VehiclesImpl] added vehicle # 64
2026-06-04T03:00:25,704  INFO Counter:70 [VehiclesImpl] added vehicle # 128
2026-06-04T03:00:25,705  INFO Counter:70 [VehiclesImpl] added vehicle # 256
2026-06-04T03:00:25,706  INFO Counter:70 [VehiclesImpl] added vehicle # 512
2026-06-04T03:00:25,707  INFO Counter:70 [VehiclesImpl] added vehicle # 1024
2026-06-04T03:00:25,708  INFO Counter:70 [VehiclesImpl] added vehicle # 2048
2026-06-04T03:00:25,710  INFO Counter:70 [VehiclesImpl] added vehicle # 4096
2026-06-04T03:00:25,713  INFO Counter:70 [VehiclesImpl] added vehicle # 8192
2026-06-04T03:00:25,719  INFO Counter:70 [VehiclesImpl] added vehicle # 16384
2026-06-04T03:00:25,729  INFO Counter:70 [VehiclesImpl] added vehicle # 32768
2026-06-04T03:00:25,751  INFO Counter:70 [VehiclesImpl] added vehicle # 65536
2026-06-04T03:00:25,795  INFO Counter:70 [VehiclesImpl] added vehicle # 131072
2026-06-04T03:00:26,206  INFO AbstractQNetsimEngine:428 Assigned 197317 nodes and 415491 links to QSimEngineRunner #0
2026-06-04T03:00:26,206  INFO AbstractQNetsimEngine:428 Assigned 197317 nodes and 415743 links to QSimEngineRunner #1
2026-06-04T03:00:26,206  INFO AbstractQNetsimEngine:428 Assigned 197317 nodes and 415617 links to QSimEngineRunner #2
2026-06-04T03:00:26,206  INFO AbstractQNetsimEngine:428 Assigned 197316 nodes and 415732 links to QSimEngineRunner #3
2026-06-04T03:00:26,206  INFO AbstractQNetsimEngine:428 Assigned 197316 nodes and 415966 links to QSimEngineRunner #4
2026-06-04T03:00:26,206  INFO AbstractQNetsimEngine:428 Assigned 197316 nodes and 415737 links to QSimEngineRunner #5
2026-06-04T03:00:26,206  INFO AbstractQNetsimEngine:428 Assigned 197316 nodes and 415504 links to QSimEngineRunner #6
2026-06-04T03:00:26,206  INFO AbstractQNetsimEngine:428 Assigned 197316 nodes and 415402 links to QSimEngineRunner #7
2026-06-04T03:00:26,262  INFO EventsManagerImpl:115  event # 1
2026-06-04T03:00:26,264  INFO EventsManagerImpl:115  event # 4
2026-06-04T03:00:26,264  INFO EventsManagerImpl:115  event # 16
2026-06-04T03:00:26,266  INFO AbstractQNetsimEngine:366 SIMULATION (QNetsimEngine) AT 02:21:00 : #links=1 #nodes=1
2026-06-04T03:00:26,268  INFO QSim:566 SIMULATION (NEW QSim) AT 02:21:00 : #Veh=189938 lost=0 simT=0.0s realT=5s; (s/r): 0.0
2026-06-04T03:00:26,271  INFO EventsManagerImpl:115  event # 64
2026-06-04T03:00:26,277  INFO EventsManagerImpl:115  event # 256
2026-06-04T03:00:26,283  INFO EventsManagerImpl:115  event # 1024
2026-06-04T03:00:26,301  INFO EventsManagerImpl:115  event # 4096
2026-06-04T03:00:26,380  INFO EventsManagerImpl:115  event # 16384
2026-06-04T03:00:26,387  INFO AbstractQNetsimEngine:366 SIMULATION (QNetsimEngine) AT 03:00:00 : #links=2 #nodes=4
2026-06-04T03:00:26,387  INFO QSim:566 SIMULATION (NEW QSim) AT 03:00:00 : #Veh=189926 lost=0 simT=2340.0s realT=5s; (s/r): 468.0
2026-06-04T03:00:26,521  INFO EventsManagerImpl:115  event # 65536
2026-06-04T03:00:26,538  INFO AbstractQNetsimEngine:366 SIMULATION (QNetsimEngine) AT 04:00:00 : #links=33 #nodes=36
2026-06-04T03:00:26,539  INFO QSim:566 SIMULATION (NEW QSim) AT 04:00:00 : #Veh=189872 lost=0 simT=5940.0s realT=5s; (s/r): 1188.0
2026-06-04T03:00:26,773  INFO EventsManagerImpl:115  event # 262144
2026-06-04T03:00:27,052  INFO AbstractQNetsimEngine:366 SIMULATION (QNetsimEngine) AT 05:00:00 : #links=162 #nodes=233
2026-06-04T03:00:27,052  INFO QSim:566 SIMULATION (NEW QSim) AT 05:00:00 : #Veh=189692 lost=0 simT=9540.0s realT=6s; (s/r): 1590.0
2026-06-04T03:00:28,115  INFO EventsManagerImpl:115  event # 1048576
2026-06-04T03:00:30,057  INFO AbstractQNetsimEngine:366 SIMULATION (QNetsimEngine) AT 06:00:00 : #links=701 #nodes=1053
2026-06-04T03:00:30,057  INFO QSim:566 SIMULATION (NEW QSim) AT 06:00:00 : #Veh=188680 lost=0 simT=13140.0s realT=9s; (s/r): 1460.0
2026-06-04T03:00:32,353  INFO EventsManagerImpl:115  event # 4194304
2026-06-04T03:00:37,448  INFO AbstractQNetsimEngine:366 SIMULATION (QNetsimEngine) AT 07:00:00 : #links=1425 #nodes=2055
2026-06-04T03:00:37,448  INFO QSim:566 SIMULATION (NEW QSim) AT 07:00:00 : #Veh=184678 lost=0 simT=16740.0s realT=16s; (s/r): 1046.25
2026-06-04T03:00:50,807  INFO EventsManagerImpl:115  event # 16777216
2026-06-04T03:00:54,351  INFO AbstractQNetsimEngine:366 SIMULATION (QNetsimEngine) AT 08:00:00 : #links=2383 #nodes=3574
2026-06-04T03:00:54,352  INFO QSim:566 SIMULATION (NEW QSim) AT 08:00:00 : #Veh=176293 lost=0 simT=20340.0s realT=33s; (s/r): 616.3636363636364
2026-06-04T03:01:06,478  INFO MemoryObserver:42 used RAM: 28156 MB  free: 15363 MB  total: 43520 MB
2026-06-04T03:01:16,299  INFO AbstractQNetsimEngine:366 SIMULATION (QNetsimEngine) AT 09:00:00 : #links=2481 #nodes=3672
2026-06-04T03:01:16,299  INFO QSim:566 SIMULATION (NEW QSim) AT 09:00:00 : #Veh=163860 lost=0 simT=23940.0s realT=55s; (s/r): 435.27272727272725
2026-06-04T03:01:37,425  INFO AbstractQNetsimEngine:366 SIMULATION (QNetsimEngine) AT 10:00:00 : #links=2421 #nodes=3469
2026-06-04T03:01:37,425  INFO QSim:566 SIMULATION (NEW QSim) AT 10:00:00 : #Veh=151498 lost=0 simT=27540.0s realT=76s; (s/r): 362.36842105263156
2026-06-04T03:01:58,663  INFO AbstractQNetsimEngine:366 SIMULATION (QNetsimEngine) AT 11:00:00 : #links=2380 #nodes=3529
2026-06-04T03:01:58,663  INFO QSim:566 SIMULATION (NEW QSim) AT 11:00:00 : #Veh=139512 lost=0 simT=31140.0s realT=97s; (s/r): 321.03092783505156
2026-06-04T03:02:06,479  INFO MemoryObserver:42 used RAM: 21627 MB  free: 21892 MB  total: 43520 MB
2026-06-04T03:02:09,934  INFO EventsManagerImpl:115  event # 67108864
2026-06-04T03:02:20,824  INFO AbstractQNetsimEngine:366 SIMULATION (QNetsimEngine) AT 12:00:00 : #links=2702 #nodes=3939
2026-06-04T03:02:20,824  INFO QSim:566 SIMULATION (NEW QSim) AT 12:00:00 : #Veh=126693 lost=0 simT=34740.0s realT=119s; (s/r): 291.93277310924367
2026-06-04T03:02:44,053  INFO AbstractQNetsimEngine:366 SIMULATION (QNetsimEngine) AT 13:00:00 : #links=2348 #nodes=3442
2026-06-04T03:02:44,053  INFO QSim:566 SIMULATION (NEW QSim) AT 13:00:00 : #Veh=113306 lost=0 simT=38340.0s realT=143s; (s/r): 268.1118881118881
2026-06-04T03:03:06,479  INFO MemoryObserver:42 used RAM: 23103 MB  free: 20416 MB  total: 43520 MB
2026-06-04T03:03:06,980  INFO AbstractQNetsimEngine:366 SIMULATION (QNetsimEngine) AT 14:00:00 : #links=2807 #nodes=4001
2026-06-04T03:03:06,980  INFO QSim:566 SIMULATION (NEW QSim) AT 14:00:00 : #Veh=100587 lost=0 simT=41940.0s realT=166s; (s/r): 252.65060240963857
2026-06-04T03:03:34,264  INFO AbstractQNetsimEngine:366 SIMULATION (QNetsimEngine) AT 15:00:00 : #links=3249 #nodes=4354
2026-06-04T03:03:34,264  INFO QSim:566 SIMULATION (NEW QSim) AT 15:00:00 : #Veh=85537 lost=0 simT=45540.0s realT=193s; (s/r): 235.95854922279793
2026-06-04T03:04:05,353  INFO AbstractQNetsimEngine:366 SIMULATION (QNetsimEngine) AT 16:00:00 : #links=3554 #nodes=5077
2026-06-04T03:04:05,354  INFO QSim:566 SIMULATION (NEW QSim) AT 16:00:00 : #Veh=68932 lost=0 simT=49140.0s realT=224s; (s/r): 219.375
2026-06-04T03:04:06,479  INFO MemoryObserver:42 used RAM: 23542 MB  free: 19977 MB  total: 43520 MB
2026-06-04T03:04:40,711  INFO AbstractQNetsimEngine:366 SIMULATION (QNetsimEngine) AT 17:00:00 : #links=3871 #nodes=5524
2026-06-04T03:04:40,711  INFO QSim:566 SIMULATION (NEW QSim) AT 17:00:00 : #Veh=50358 lost=0 simT=52740.0s realT=259s; (s/r): 203.62934362934362
2026-06-04T03:05:06,541  INFO MemoryObserver:42 used RAM: 22369 MB  free: 21150 MB  total: 43520 MB
2026-06-04T03:05:15,497  INFO AbstractQNetsimEngine:366 SIMULATION (QNetsimEngine) AT 18:00:00 : #links=3622 #nodes=5025
2026-06-04T03:05:15,497  INFO QSim:566 SIMULATION (NEW QSim) AT 18:00:00 : #Veh=32280 lost=0 simT=56340.0s realT=294s; (s/r): 191.6326530612245
2026-06-04T03:05:42,841  INFO AbstractQNetsimEngine:366 SIMULATION (QNetsimEngine) AT 19:00:00 : #links=2245 #nodes=3189
2026-06-04T03:05:42,841  INFO QSim:566 SIMULATION (NEW QSim) AT 19:00:00 : #Veh=17403 lost=0 simT=59940.0s realT=322s; (s/r): 186.14906832298138
2026-06-04T03:05:57,603  INFO AbstractQNetsimEngine:366 SIMULATION (QNetsimEngine) AT 20:00:00 : #links=1332 #nodes=1943
2026-06-04T03:05:57,604  INFO QSim:566 SIMULATION (NEW QSim) AT 20:00:00 : #Veh=8044 lost=0 simT=63540.0s realT=336s; (s/r): 189.10714285714286
2026-06-04T03:06:04,491  INFO AbstractQNetsimEngine:366 SIMULATION (QNetsimEngine) AT 21:00:00 : #links=636 #nodes=915
2026-06-04T03:06:04,491  INFO QSim:566 SIMULATION (NEW QSim) AT 21:00:00 : #Veh=3219 lost=0 simT=67140.0s realT=343s; (s/r): 195.74344023323616
2026-06-04T03:06:06,541  INFO MemoryObserver:42 used RAM: 23673 MB  free: 19846 MB  total: 43520 MB
2026-06-04T03:06:07,473  INFO AbstractQNetsimEngine:366 SIMULATION (QNetsimEngine) AT 22:00:00 : #links=264 #nodes=270
2026-06-04T03:06:07,473  INFO QSim:566 SIMULATION (NEW QSim) AT 22:00:00 : #Veh=946 lost=0 simT=70740.0s realT=346s; (s/r): 204.4508670520231
2026-06-04T03:06:08,368  INFO AbstractQNetsimEngine:366 SIMULATION (QNetsimEngine) AT 23:00:00 : #links=23 #nodes=76
2026-06-04T03:06:08,368  INFO QSim:566 SIMULATION (NEW QSim) AT 23:00:00 : #Veh=155 lost=0 simT=74340.0s realT=347s; (s/r): 214.23631123919307
2026-06-04T03:06:08,532  INFO AbstractQNetsimEngine:366 SIMULATION (QNetsimEngine) AT 24:00:00 : #links=12 #nodes=10
2026-06-04T03:06:08,533  INFO QSim:566 SIMULATION (NEW QSim) AT 24:00:00 : #Veh=18 lost=0 simT=77940.0s realT=347s; (s/r): 224.61095100864554
2026-06-04T03:06:09,032  INFO AbstractController$9:235 ### ITERATION 0 fires after mobsim event
2026-06-04T03:06:09,032  INFO ControlerListenerManagerImpl:249 calling notifyAfterMobsim on org.matsim.analysis.LegTimesControlerListener
2026-06-04T03:06:09,032  INFO Gbl:192 Thread performance: Thread=class org.matsim.core.events.SimStepParallelEventsManagerImpl$ProcessEventsRunnable0  cpu-time=335.317749378sec
2026-06-04T03:06:09,033  INFO LegTimesControlerListener:51 [0] average trip (probably: leg) duration is: 1483 seconds = 00:24:43
2026-06-04T03:06:09,033  INFO ControlerListenerManagerImpl:249 calling notifyAfterMobsim on org.matsim.core.events.MobsimScopeEventHandling
2026-06-04T03:06:09,034  INFO ControlerListenerManagerImpl:249 calling notifyAfterMobsim on org.matsim.core.scoring.EventsToActivities$1
2026-06-04T03:06:09,034  WARN CharyparNagelActivityScoring:247 The first and the last activity do not have the same type. 
2026-06-04T03:06:09,034  WARN CharyparNagelActivityScoring:248 Will score the first activity from midnight to its end, and the last activity from its start to midnight.
2026-06-04T03:06:09,034  WARN CharyparNagelActivityScoring:249 Because of the nonlinear function, this is not the same as scoring from start to end.
2026-06-04T03:06:09,035  WARN CharyparNagelActivityScoring:250 first activity: act [type=act_1][coord=[x=-77.568691 | y=39.119503]][linkId=osm_130623096_12_fwd][startTime=undefined][endTime=15:15:00][duration=undefined][facilityId=null]
2026-06-04T03:06:09,035  WARN CharyparNagelActivityScoring:251 last activity: act [type=act_16][coord=[x=-77.705438 | y=39.140783]][linkId=osm_8817916_13_fwd][startTime=15:29:26][endTime=undefined][duration=undefined][facilityId=null]
2026-06-04T03:06:09,035  WARN CharyparNagelActivityScoring:252 This may also happen when plans are not completed when the simulation ends.
2026-06-04T03:06:09,035  WARN CharyparNagelActivityScoring:254 Additional warnings of this type are suppressed.
2026-06-04T03:06:09,036  WARN CharyparNagelActivityScoring:229 There are opening or closing times defined for the first and last activity. The correctness of the scoring function can thus not be guaranteed.
2026-06-04T03:06:09,036  WARN CharyparNagelActivityScoring:230 first activity: act [type=act_6][coord=[x=-77.149632 | y=38.868047]][linkId=osm_563453529_1_fwd][startTime=undefined][endTime=14:57:00][duration=undefined][facilityId=null]
2026-06-04T03:06:09,036  WARN CharyparNagelActivityScoring:231 last activity: act [type=act_6][coord=[x=-77.493221 | y=38.305537]][linkId=osm_20576078_7_fwd][startTime=15:58:00][endTime=undefined][duration=undefined][facilityId=null]
2026-06-04T03:06:09,036  WARN CharyparNagelActivityScoring:229 There are opening or closing times defined for the first and last activity. The correctness of the scoring function can thus not be guaranteed.
2026-06-04T03:06:09,036  WARN CharyparNagelActivityScoring:230 first activity: act [type=act_6][coord=[x=-77.149632 | y=38.868047]][linkId=osm_563453529_1_fwd][startTime=undefined][endTime=14:57:00][duration=undefined][facilityId=null]
2026-06-04T03:06:09,036  WARN CharyparNagelActivityScoring:231 last activity: act [type=act_6][coord=[x=-77.493221 | y=38.305537]][linkId=osm_20576078_7_fwd][startTime=15:57:52][endTime=undefined][duration=undefined][facilityId=null]
2026-06-04T03:06:09,036  WARN CharyparNagelActivityScoring:229 There are opening or closing times defined for the first and last activity. The correctness of the scoring function can thus not be guaranteed.
2026-06-04T03:06:09,036  WARN CharyparNagelActivityScoring:230 first activity: act [type=act_6][coord=[x=-77.149632 | y=38.868047]][linkId=osm_563453529_1_fwd][startTime=undefined][endTime=14:57:00][duration=undefined][facilityId=null]
2026-06-04T03:06:09,036  WARN CharyparNagelActivityScoring:231 last activity: act [type=act_6][coord=[x=-77.493221 | y=38.305537]][linkId=osm_20576078_7_fwd][startTime=15:57:45][endTime=undefined][duration=undefined][facilityId=null]
2026-06-04T03:06:09,036  WARN CharyparNagelActivityScoring:229 There are opening or closing times defined for the first and last activity. The correctness of the scoring function can thus not be guaranteed.
2026-06-04T03:06:09,036  WARN CharyparNagelActivityScoring:230 first activity: act [type=act_6][coord=[x=-77.149632 | y=38.868047]][linkId=osm_563453529_1_fwd][startTime=undefined][endTime=14:57:00][duration=undefined][facilityId=null]
2026-06-04T03:06:09,036  WARN CharyparNagelActivityScoring:231 last activity: act [type=act_6][coord=[x=-77.493221 | y=38.305537]][linkId=osm_20576078_7_fwd][startTime=15:57:38][endTime=undefined][duration=undefined][facilityId=null]
2026-06-04T03:06:09,036  WARN CharyparNagelActivityScoring:229 There are opening or closing times defined for the first and last activity. The correctness of the scoring function can thus not be guaranteed.
2026-06-04T03:06:09,036  WARN CharyparNagelActivityScoring:230 first activity: act [type=act_6][coord=[x=-77.149632 | y=38.868047]][linkId=osm_563453529_1_fwd][startTime=undefined][endTime=14:57:00][duration=undefined][facilityId=null]
2026-06-04T03:06:09,036  WARN CharyparNagelActivityScoring:231 last activity: act [type=act_6][coord=[x=-77.493221 | y=38.305537]][linkId=osm_20576078_7_fwd][startTime=15:57:31][endTime=undefined][duration=undefined][facilityId=null]
2026-06-04T03:06:09,036  WARN CharyparNagelActivityScoring:229 There are opening or closing times defined for the first and last activity. The correctness of the scoring function can thus not be guaranteed.
2026-06-04T03:06:09,036  WARN CharyparNagelActivityScoring:230 first activity: act [type=act_6][coord=[x=-77.149632 | y=38.868047]][linkId=osm_563453529_1_fwd][startTime=undefined][endTime=14:57:00][duration=undefined][facilityId=null]
2026-06-04T03:06:09,036  WARN CharyparNagelActivityScoring:231 last activity: act [type=act_6][coord=[x=-77.493221 | y=38.305537]][linkId=osm_20576078_7_fwd][startTime=15:57:24][endTime=undefined][duration=undefined][facilityId=null]
2026-06-04T03:06:09,036  WARN CharyparNagelActivityScoring:229 There are opening or closing times defined for the first and last activity. The correctness of the scoring function can thus not be guaranteed.
2026-06-04T03:06:09,036  WARN CharyparNagelActivityScoring:230 first activity: act [type=act_1][coord=[x=-77.415071 | y=38.845262]][linkId=osm_632866703_11_fwd][startTime=undefined][endTime=11:05:00][duration=undefined][facilityId=null]
2026-06-04T03:06:09,036  WARN CharyparNagelActivityScoring:231 last activity: act [type=act_1][coord=[x=-77.423955 | y=38.882193]][linkId=osm_8837025_41_fwd][startTime=11:14:40][endTime=undefined][duration=undefined][facilityId=null]
2026-06-04T03:06:09,036  WARN CharyparNagelActivityScoring:229 There are opening or closing times defined for the first and last activity. The correctness of the scoring function can thus not be guaranteed.
2026-06-04T03:06:09,036  WARN CharyparNagelActivityScoring:230 first activity: act [type=act_1][coord=[x=-77.415071 | y=38.845262]][linkId=osm_632866703_11_fwd][startTime=undefined][endTime=11:05:00][duration=undefined][facilityId=null]
2026-06-04T03:06:09,036  WARN CharyparNagelActivityScoring:231 last activity: act [type=act_1][coord=[x=-77.423955 | y=38.882193]][linkId=osm_8837025_41_fwd][startTime=11:14:20][endTime=undefined][duration=undefined][facilityId=null]
2026-06-04T03:06:09,036  WARN CharyparNagelActivityScoring:229 There are opening or closing times defined for the first and last activity. The correctness of the scoring function can thus not be guaranteed.
2026-06-04T03:06:09,036  WARN CharyparNagelActivityScoring:230 first activity: act [type=act_1][coord=[x=-77.415071 | y=38.845262]][linkId=osm_632866703_11_fwd][startTime=undefined][endTime=11:05:00][duration=undefined][facilityId=null]
2026-06-04T03:06:09,036  WARN CharyparNagelActivityScoring:231 last activity: act [type=act_1][coord=[x=-77.423955 | y=38.882193]][linkId=osm_8837025_41_fwd][startTime=11:14:14][endTime=undefined][duration=undefined][facilityId=null]
2026-06-04T03:06:09,036  WARN CharyparNagelActivityScoring:229 There are opening or closing times defined for the first and last activity. The correctness of the scoring function can thus not be guaranteed.
2026-06-04T03:06:09,036  WARN CharyparNagelActivityScoring:230 first activity: act [type=act_1][coord=[x=-77.415071 | y=38.845262]][linkId=osm_632866703_11_fwd][startTime=undefined][endTime=11:05:00][duration=undefined][facilityId=null]
2026-06-04T03:06:09,036  WARN CharyparNagelActivityScoring:231 last activity: act [type=act_1][coord=[x=-77.423955 | y=38.882193]][linkId=osm_8837025_41_fwd][startTime=11:14:09][endTime=undefined][duration=undefined][facilityId=null]
2026-06-04T03:06:09,036  WARN CharyparNagelActivityScoring:229 There are opening or closing times defined for the first and last activity. The correctness of the scoring function can thus not be guaranteed.
2026-06-04T03:06:09,036  WARN CharyparNagelActivityScoring:230 first activity: act [type=act_1][coord=[x=-77.415071 | y=38.845262]][linkId=osm_632866703_11_fwd][startTime=undefined][endTime=11:05:00][duration=undefined][facilityId=null]
2026-06-04T03:06:09,036  WARN CharyparNagelActivityScoring:231 last activity: act [type=act_1][coord=[x=-77.423955 | y=38.882193]][linkId=osm_8837025_41_fwd][startTime=11:14:04][endTime=undefined][duration=undefined][facilityId=null]
2026-06-04T03:06:09,036  WARN CharyparNagelActivityScoring:233 Additional warnings of this type are suppressed.
2026-06-04T03:06:09,111  INFO ControlerListenerManagerImpl:252 [it.0] all ControlerAfterMobsimListeners called.
2026-06-04T03:06:09,112  INFO AbstractController$4:160 ### ITERATION 0 fires scoring event
2026-06-04T03:06:09,112  INFO ControlerListenerManagerImpl:184 calling notifyScoring on org.matsim.core.scoring.PlansScoringImpl
2026-06-04T03:06:09,178  INFO NewScoreAssignerImpl:58 it: 0 msaStart: null
2026-06-04T03:06:09,219  INFO ControlerListenerManagerImpl:195 [it.0] all ControlerScoringListeners called.
2026-06-04T03:06:09,220  INFO AbstractController$5:168 ### ITERATION 0 fires iteration end event
2026-06-04T03:06:09,220  INFO ControlerListenerManagerImpl:161 calling notifyIterationEnds on org.matsim.core.controler.corelisteners.EventsHandlingImpl
2026-06-04T03:06:09,220  INFO EventsManagerImpl:159 removing Event-Handler: org.matsim.core.events.algorithms.EventWriterXML
2026-06-04T03:06:09,220  INFO EventsManagerImpl:159 removing Event-Handler: org.matsim.core.events.algorithms.EventWriterXML
2026-06-04T03:06:09,220  INFO ControlerListenerManagerImpl:161 calling notifyIterationEnds on org.matsim.core.scoring.PlansScoringImpl
2026-06-04T03:06:09,257  INFO ControlerListenerManagerImpl:168 calling notifyIterationEnds on org.matsim.counts.CountsControlerListener
2026-06-04T03:06:09,257  INFO ControlerListenerManagerImpl:168 calling notifyIterationEnds on org.matsim.analysis.ModeStatsControlerListener
2026-06-04T03:06:09,318  INFO ModeStatsControlerListener:145 Mode shares over all 189938.0 trips found. MainModeIdentifier: class org.matsim.core.router.RoutingModeMainModeIdentifier
2026-06-04T03:06:09,318  INFO ModeStatsControlerListener:152 -- mode share of mode car = 1.0
2026-06-04T03:06:09,318  INFO ControlerListenerManagerImpl:168 calling notifyIterationEnds on org.matsim.analysis.ScoreStatsControlerListener
2026-06-04T03:06:09,339  INFO ScoreStatsControlerListener:182 -- avg. score of the executed plan of each agent: 125.44966226448301
2026-06-04T03:06:09,339  INFO ScoreStatsControlerListener:183 -- avg. score of the worst plan of each agent: 125.44966226448301
2026-06-04T03:06:09,339  INFO ScoreStatsControlerListener:184 -- avg. of the avg. plan score per agent: 125.44966226448301
2026-06-04T03:06:09,339  INFO ScoreStatsControlerListener:185 -- avg. score of the best plan of each agent: 125.44966226448301
2026-06-04T03:06:09,340  INFO ControlerListenerManagerImpl:168 calling notifyIterationEnds on org.matsim.analysis.IterationTravelStatsControlerListener
2026-06-04T03:06:09,397  INFO TravelDistanceStats:144 -- average leg distance per plan (executed plans only): 25959.69657753057 meters
2026-06-04T03:06:09,397  INFO TravelDistanceStats:145 average leg distance per Person (executed plans only): 25959.69657753057 meters (statistic on all 189938 legs which have a finite distance)
2026-06-04T03:06:09,397  INFO TravelDistanceStats:146 -- average trip distance per plan (executed plans only): 25959.69657753057 meters
2026-06-04T03:06:09,397  INFO TravelDistanceStats:147 average trip distance per Person (executed plans only): 25959.69657753057 meters (statistic on all 189938 trips which have a finite distance)
2026-06-04T03:06:09,397  INFO TravelDistanceStats:148 (TravelDistanceStats takes an average over all legs where the simulation reports travelled (network) distances
2026-06-04T03:06:09,397  INFO TravelDistanceStats:149 (and teleported legs whose route contains a distance.)
2026-06-04T03:06:10,471  INFO ControlerListenerManagerImpl:168 calling notifyIterationEnds on org.matsim.analysis.LegHistogramListener
2026-06-04T03:06:10,474  INFO LegHistogramListener:73 number of legs:	189938	100%
2026-06-04T03:06:10,475  INFO LegHistogramListener:80 number of car legs:	189938	100.0%
2026-06-04T03:06:10,475  INFO ControlerListenerManagerImpl:168 calling notifyIterationEnds on org.matsim.analysis.LinkStatsControlerListener
2026-06-04T03:06:10,475  INFO ControlerListenerManagerImpl:172 [it.0] all ControlerIterationEndsListeners called.
2026-06-04T03:06:10,475  INFO AbstractController:182 ### ITERATION 0 ENDS
2026-06-04T03:06:10,475  INFO AbstractController:183 ###################################################
2026-06-04T03:06:10,475  INFO MatsimRuntimeModifications:80 S H U T D O W N   ---   start shutdown.
2026-06-04T03:06:10,475  INFO ControlerListenerManagerImpl:122 calling notifyShutdown on org.matsim.core.controler.corelisteners.EventsHandlingImpl
2026-06-04T03:06:10,475  INFO ControlerListenerManagerImpl:122 calling notifyShutdown on org.matsim.core.controler.corelisteners.DumpDataAtEndImpl
2026-06-04T03:06:10,507  INFO Counter:70 [PopulationWriter] dumped person # 1
2026-06-04T03:06:10,507  INFO Counter:70 [PopulationWriter] dumped person # 2
2026-06-04T03:06:10,507  INFO Counter:70 [PopulationWriter] dumped person # 4
2026-06-04T03:06:10,508  INFO Counter:70 [PopulationWriter] dumped person # 8
2026-06-04T03:06:10,508  INFO Counter:70 [PopulationWriter] dumped person # 16
2026-06-04T03:06:10,508  INFO Counter:70 [PopulationWriter] dumped person # 32
2026-06-04T03:06:10,510  INFO Counter:70 [PopulationWriter] dumped person # 64
2026-06-04T03:06:10,519  INFO Counter:70 [PopulationWriter] dumped person # 128
2026-06-04T03:06:10,525  INFO Counter:70 [PopulationWriter] dumped person # 256
2026-06-04T03:06:10,551  INFO Counter:70 [PopulationWriter] dumped person # 512
2026-06-04T03:06:10,592  INFO Counter:70 [PopulationWriter] dumped person # 1024
2026-06-04T03:06:10,679  INFO Counter:70 [PopulationWriter] dumped person # 2048
2026-06-04T03:06:10,821  INFO Counter:70 [PopulationWriter] dumped person # 4096
2026-06-04T03:06:11,079  INFO Counter:70 [PopulationWriter] dumped person # 8192
2026-06-04T03:06:11,636  INFO Counter:70 [PopulationWriter] dumped person # 16384
2026-06-04T03:06:12,725  INFO Counter:70 [PopulationWriter] dumped person # 32768
2026-06-04T03:06:14,789  INFO Counter:70 [PopulationWriter] dumped person # 65536
2026-06-04T03:06:19,180  INFO Counter:70 [PopulationWriter] dumped person # 131072
2026-06-04T03:06:22,776  INFO PopulationWriter:145 Population written to: /home/raziq/Documents/Code/umd/tripsynth/06x_stage1_va_speed/matsim_synthetic/output_plans.xml.gz
2026-06-04T03:06:22,776  INFO Counter:75 [PopulationWriter] dumped person # 189938
2026-06-04T03:06:22,777  INFO NetworkWriter:70 Writing network to file: /home/raziq/Documents/Code/umd/tripsynth/06x_stage1_va_speed/matsim_synthetic/output_network.xml.gz...
2026-06-04T03:06:29,294  INFO NetworkWriter:73 done.
2026-06-04T03:06:29,295  INFO Config:602 setting context to [file:/home/raziq/Documents/Code/umd/tripsynth/]
2026-06-04T03:06:29,296  INFO Config:602 setting context to [file:/home/raziq/Documents/Code/umd/tripsynth/]
2026-06-04T03:06:29,297  INFO Config:602 setting context to [file:/home/raziq/Documents/Code/umd/tripsynth/]
2026-06-04T03:06:29,297  INFO Config:602 setting context to [file:/home/raziq/Documents/Code/umd/tripsynth/]
2026-06-04T03:06:29,298  INFO Config:602 setting context to [file:/home/raziq/Documents/Code/umd/tripsynth/]
2026-06-04T03:06:29,299  INFO Config:602 setting context to [file:/home/raziq/Documents/Code/umd/tripsynth/]
2026-06-04T03:06:29,300  INFO Config:602 setting context to [file:/home/raziq/Documents/Code/umd/tripsynth/]
2026-06-04T03:06:29,300  INFO Config:602 setting context to [file:/home/raziq/Documents/Code/umd/tripsynth/]
2026-06-04T03:06:29,300  INFO Config:602 setting context to [file:/home/raziq/Documents/Code/umd/tripsynth/]
2026-06-04T03:06:29,301  INFO Config:602 setting context to [file:/home/raziq/Documents/Code/umd/tripsynth/]
2026-06-04T03:06:29,301  INFO Config:602 setting context to [file:/home/raziq/Documents/Code/umd/tripsynth/]
2026-06-04T03:06:29,301  INFO Config:602 setting context to [file:/home/raziq/Documents/Code/umd/tripsynth/]
2026-06-04T03:06:29,302  INFO Config:602 setting context to [file:/home/raziq/Documents/Code/umd/tripsynth/]
2026-06-04T03:06:29,302  INFO Config:602 setting context to [file:/home/raziq/Documents/Code/umd/tripsynth/]
2026-06-04T03:06:29,304  INFO Config:602 setting context to [file:/home/raziq/Documents/Code/umd/tripsynth/]
2026-06-04T03:06:29,304  INFO Config:602 setting context to [file:/home/raziq/Documents/Code/umd/tripsynth/]
2026-06-04T03:06:29,305  INFO Config:602 setting context to [file:/home/raziq/Documents/Code/umd/tripsynth/]
2026-06-04T03:06:29,305  INFO Config:602 setting context to [file:/home/raziq/Documents/Code/umd/tripsynth/]
2026-06-04T03:06:29,307  INFO Config:602 setting context to [file:/home/raziq/Documents/Code/umd/tripsynth/]
2026-06-04T03:06:29,307  INFO Config:602 setting context to [file:/home/raziq/Documents/Code/umd/tripsynth/]
2026-06-04T03:06:29,307  INFO Config:602 setting context to [file:/home/raziq/Documents/Code/umd/tripsynth/]
2026-06-04T03:06:29,308  INFO Config:602 setting context to [file:/home/raziq/Documents/Code/umd/tripsynth/]
2026-06-04T03:06:29,308  INFO Config:602 setting context to [file:/home/raziq/Documents/Code/umd/tripsynth/]
2026-06-04T03:06:29,308  INFO Config:602 setting context to [file:/home/raziq/Documents/Code/umd/tripsynth/]
2026-06-04T03:06:29,309  INFO Config:602 setting context to [file:/home/raziq/Documents/Code/umd/tripsynth/]
2026-06-04T03:06:29,309  INFO Config:602 setting context to [file:/home/raziq/Documents/Code/umd/tripsynth/]
2026-06-04T03:06:29,310  INFO MatsimVehicleWriter:55 about to write vehicles to: /home/raziq/Documents/Code/umd/tripsynth/06x_stage1_va_speed/matsim_synthetic/output_vehicles.xml.gz
2026-06-04T03:06:29,310  INFO VehicleWriterV2:64 about to write vehicles to: /home/raziq/Documents/Code/umd/tripsynth/06x_stage1_va_speed/matsim_synthetic/output_vehicles.xml.gz
2026-06-04T03:06:29,516  INFO MatsimVehicleWriter:55 about to write vehicles to: /home/raziq/Documents/Code/umd/tripsynth/06x_stage1_va_speed/matsim_synthetic/output_allVehicles.xml.gz
2026-06-04T03:06:29,516  INFO VehicleWriterV2:64 about to write vehicles to: /home/raziq/Documents/Code/umd/tripsynth/06x_stage1_va_speed/matsim_synthetic/output_allVehicles.xml.gz
2026-06-04T03:06:29,596  INFO HouseholdsWriterV10:67 about to write  households to: /home/raziq/Documents/Code/umd/tripsynth/06x_stage1_va_speed/matsim_synthetic/output_households.xml.gz
2026-06-04T03:06:29,596  INFO Counter:75 [HouseholdsWriter] wrote household # 0
2026-06-04T03:06:29,998  INFO ControlerListenerManagerImpl:127 calling notifyShutdown on org.matsim.analysis.ScoreStatsControlerListener
2026-06-04T03:06:29,998  INFO ControlerListenerManagerImpl:127 calling notifyShutdown on org.matsim.analysis.IterationTravelStatsControlerListener
2026-06-04T03:06:29,998  INFO IterationTravelStatsControlerListener:109 Writing all Person and Attributes to personscsv
2026-06-04T03:06:30,319  INFO IterationTravelStatsControlerListener:153 ...done
2026-06-04T03:06:30,319  INFO ControlerListenerManagerImpl:130 all ControlerShutdownListeners called.
2026-06-04T03:06:30,319  INFO MatsimRuntimeModifications:103 S H U T D O W N   ---   shutdown completed.
2026-06-04T03:06:30,319  INFO OutputDirectoryLogging:171 closing the logfile, i.e. messages sent to the logger after this message are not written to the logfile.
2026-06-04T03:06:30,320  INFO OutputDirectoryLogging:171 closing the logfile, i.e. messages sent to the logger after this message are not written to the logfile.
[[1;33mWARNING[m] thread Thread[Log4j2-TF-1-Scheduled-1,5,tripsynth.RunMatsim] was interrupted but is still alive after waiting at least 15000msecs
[[1;33mWARNING[m] thread Thread[Log4j2-TF-1-Scheduled-1,5,tripsynth.RunMatsim] will linger despite being asked to die via interruption
[[1;33mWARNING[m] thread Thread[ForkJoinPool.commonPool-worker-4,5,tripsynth.RunMatsim] will linger despite being asked to die via interruption
[[1;33mWARNING[m] thread Thread[ForkJoinPool.commonPool-worker-5,5,tripsynth.RunMatsim] will linger despite being asked to die via interruption
[[1;33mWARNING[m] thread Thread[ForkJoinPool.commonPool-worker-6,5,tripsynth.RunMatsim] will linger despite being asked to die via interruption
[[1;33mWARNING[m] thread Thread[ForkJoinPool.commonPool-worker-7,5,tripsynth.RunMatsim] will linger despite being asked to die via interruption
[[1;33mWARNING[m] thread Thread[ForkJoinPool.commonPool-worker-8,5,tripsynth.RunMatsim] will linger despite being asked to die via interruption
[[1;33mWARNING[m] thread Thread[ForkJoinPool.commonPool-worker-9,5,tripsynth.RunMatsim] will linger despite being asked to die via interruption
[[1;33mWARNING[m] thread Thread[ForkJoinPool.commonPool-worker-10,5,tripsynth.RunMatsim] will linger despite being asked to die via interruption
[[1;33mWARNING[m] thread Thread[ForkJoinPool.commonPool-worker-11,5,tripsynth.RunMatsim] will linger despite being asked to die via interruption
[[1;33mWARNING[m] thread Thread[ForkJoinPool.commonPool-worker-12,5,tripsynth.RunMatsim] will linger despite being asked to die via interruption
[[1;33mWARNING[m] thread Thread[ForkJoinPool.commonPool-worker-13,5,tripsynth.RunMatsim] will linger despite being asked to die via interruption
[[1;33mWARNING[m] thread Thread[ForkJoinPool.commonPool-worker-14,5,tripsynth.RunMatsim] will linger despite being asked to die via interruption
[[1;33mWARNING[m] thread Thread[ForkJoinPool.commonPool-worker-15,5,tripsynth.RunMatsim] will linger despite being asked to die via interruption
[[1;33mWARNING[m] thread Thread[ForkJoinPool.commonPool-worker-16,5,tripsynth.RunMatsim] will linger despite being asked to die via interruption
[[1;33mWARNING[m] thread Thread[ForkJoinPool.commonPool-worker-17,5,tripsynth.RunMatsim] will linger despite being asked to die via interruption
[[1;33mWARNING[m] thread Thread[ForkJoinPool.commonPool-worker-18,5,tripsynth.RunMatsim] will linger despite being asked to die via interruption
[[1;33mWARNING[m] thread Thread[ForkJoinPool.commonPool-worker-19,5,tripsynth.RunMatsim] will linger despite being asked to die via interruption
[[1;33mWARNING[m] thread Thread[ForkJoinPool.commonPool-worker-20,5,tripsynth.RunMatsim] will linger despite being asked to die via interruption
[[1;33mWARNING[m] thread Thread[ForkJoinPool.commonPool-worker-21,5,tripsynth.RunMatsim] will linger despite being asked to die via interruption
[[1;33mWARNING[m] thread Thread[ForkJoinPool.commonPool-worker-22,5,tripsynth.RunMatsim] will linger despite being asked to die via interruption
[[1;33mWARNING[m] thread Thread[ForkJoinPool.commonPool-worker-23,5,tripsynth.RunMatsim] will linger despite being asked to die via interruption
[[1;33mWARNING[m] thread Thread[ForkJoinPool.commonPool-worker-24,5,tripsynth.RunMatsim] will linger despite being asked to die via interruption
[[1;33mWARNING[m] thread Thread[ForkJoinPool.commonPool-worker-25,5,tripsynth.RunMatsim] will linger despite being asked to die via interruption
[[1;33mWARNING[m] thread Thread[ForkJoinPool.commonPool-worker-26,5,tripsynth.RunMatsim] will linger despite being asked to die via interruption
[[1;33mWARNING[m] thread Thread[ForkJoinPool.commonPool-worker-27,5,tripsynth.RunMatsim] will linger despite being asked to die via interruption
[[1;33mWARNING[m] thread Thread[ForkJoinPool.commonPool-worker-28,5,tripsynth.RunMatsim] will linger despite being asked to die via interruption
[[1;33mWARNING[m] thread Thread[ForkJoinPool.commonPool-worker-29,5,tripsynth.RunMatsim] will linger despite being asked to die via interruption
[[1;33mWARNING[m] thread Thread[ForkJoinPool.commonPool-worker-30,5,tripsynth.RunMatsim] will linger despite being asked to die via interruption
[[1;33mWARNING[m] thread Thread[ForkJoinPool.commonPool-worker-31,5,tripsynth.RunMatsim] will linger despite being asked to die via interruption
[[1;33mWARNING[m] thread Thread[ForkJoinPool.commonPool-worker-32,5,tripsynth.RunMatsim] will linger despite being asked to die via interruption
[[1;33mWARNING[m] thread Thread[ForkJoinPool.commonPool-worker-33,5,tripsynth.RunMatsim] will linger despite being asked to die via interruption
[[1;33mWARNING[m] thread Thread[ForkJoinPool.commonPool-worker-34,5,tripsynth.RunMatsim] will linger despite being asked to die via interruption
[[1;33mWARNING[m] NOTE: 32 thread(s) did not finish despite being asked to via interruption. This is not a problem with exec:java, it is a problem with the running code. Although not serious, it should be remedied.
[[1;33mWARNING[m] Couldn't destroy threadgroup org.codehaus.mojo.exec.ExecJavaMojo$IsolatedThreadGroup[name=tripsynth.RunMatsim,maxpri=10]
[1;31mjava.lang.IllegalThreadStateException[m
    [1mat[m java.lang.ThreadGroup.destroy ([1mThreadGroup.java:803[m)
    [1mat[m org.codehaus.mojo.exec.ExecJavaMojo.execute ([1mExecJavaMojo.java:340[m)
    [1mat[m org.apache.maven.plugin.DefaultBuildPluginManager.executeMojo ([1mDefaultBuildPluginManager.java:137[m)
    [1mat[m org.apache.maven.lifecycle.internal.MojoExecutor.doExecute2 ([1mMojoExecutor.java:370[m)
    [1mat[m org.apache.maven.lifecycle.internal.MojoExecutor.doExecute ([1mMojoExecutor.java:351[m)
    [1mat[m org.apache.maven.lifecycle.internal.MojoExecutor.execute ([1mMojoExecutor.java:215[m)
    [1mat[m org.apache.maven.lifecycle.internal.MojoExecutor.execute ([1mMojoExecutor.java:171[m)
    [1mat[m org.apache.maven.lifecycle.internal.MojoExecutor.execute ([1mMojoExecutor.java:163[m)
    [1mat[m org.apache.maven.lifecycle.internal.LifecycleModuleBuilder.buildProject ([1mLifecycleModuleBuilder.java:117[m)
    [1mat[m org.apache.maven.lifecycle.internal.LifecycleModuleBuilder.buildProject ([1mLifecycleModuleBuilder.java:81[m)
    [1mat[m org.apache.maven.lifecycle.internal.builder.singlethreaded.SingleThreadedBuilder.build ([1mSingleThreadedBuilder.java:56[m)
    [1mat[m org.apache.maven.lifecycle.internal.LifecycleStarter.execute ([1mLifecycleStarter.java:128[m)
    [1mat[m org.apache.maven.DefaultMaven.doExecute ([1mDefaultMaven.java:298[m)
    [1mat[m org.apache.maven.DefaultMaven.doExecute ([1mDefaultMaven.java:192[m)
    [1mat[m org.apache.maven.DefaultMaven.execute ([1mDefaultMaven.java:105[m)
    [1mat[m org.apache.maven.cli.MavenCli.execute ([1mMavenCli.java:960[m)
    [1mat[m org.apache.maven.cli.MavenCli.doMain ([1mMavenCli.java:293[m)
    [1mat[m org.apache.maven.cli.MavenCli.main ([1mMavenCli.java:196[m)
    [1mat[m jdk.internal.reflect.NativeMethodAccessorImpl.invoke0 ([1mNative Method[m)
    [1mat[m jdk.internal.reflect.NativeMethodAccessorImpl.invoke ([1mNativeMethodAccessorImpl.java:77[m)
    [1mat[m jdk.internal.reflect.DelegatingMethodAccessorImpl.invoke ([1mDelegatingMethodAccessorImpl.java:43[m)
    [1mat[m java.lang.reflect.Method.invoke ([1mMethod.java:569[m)
    [1mat[m org.codehaus.plexus.classworlds.launcher.Launcher.launchEnhanced ([1mLauncher.java:283[m)
    [1mat[m org.codehaus.plexus.classworlds.launcher.Launcher.launch ([1mLauncher.java:226[m)
    [1mat[m org.codehaus.plexus.classworlds.launcher.Launcher.mainWithExitCode ([1mLauncher.java:407[m)
    [1mat[m org.codehaus.plexus.classworlds.launcher.Launcher.main ([1mLauncher.java:348[m)
[[1;34mINFO[m] [1m------------------------------------------------------------------------[m
[[1;34mINFO[m] [1;32mBUILD SUCCESS[m
[[1;34mINFO[m] [1m------------------------------------------------------------------------[m
[[1;34mINFO[m] Total time:  22:52 min
[[1;34mINFO[m] Finished at: 2026-06-04T03:06:45-04:00
[[1;34mINFO[m] [1m------------------------------------------------------------------------[m
matsim elapsed: 22:53.56
