2026-06-04T02:33:53,453  INFO Gbl:64 JVM: 17.0.19; Ubuntu; mixed mode, sharing; 64-bit
2026-06-04T02:33:53,453  INFO Gbl:68 OS: Linux; 6.17.0-19-generic; amd64
2026-06-04T02:33:53,453  INFO Gbl:71 CPU cores: 32
2026-06-04T02:33:53,454  INFO Gbl:72 max. Memory: 98304.0MB (103079215104B)
2026-06-04T02:33:53,455  INFO Gbl:110 MATSim-Build: ra76d70e12c1ca93f702007bdf2cc365001d5f50e (2023-04-12 08:36:22)
2026-06-04T02:33:53,455  INFO ControlerListenerManagerImpl:108 calling notifyStartup on org.matsim.core.controler.ControlerDefaultsModule$1
2026-06-04T02:33:53,457  INFO MemoryObserver:42 used RAM: 7200 MB  free: 21343 MB  total: 28544 MB
2026-06-04T02:33:53,461  INFO ControlerListenerManagerImpl:108 calling notifyStartup on org.matsim.guice.DependencyGraphControlerListener
2026-06-04T02:33:53,461  INFO ControlerListenerManagerImpl:108 calling notifyStartup on org.matsim.counts.CountsControlerListener
2026-06-04T02:33:53,461  INFO ControlerListenerManagerImpl:108 calling notifyStartup on org.matsim.analysis.ModeStatsControlerListener
2026-06-04T02:33:53,461  INFO ControlerListenerManagerImpl:108 calling notifyStartup on org.matsim.analysis.ScoreStatsControlerListener
2026-06-04T02:33:53,461  INFO ControlerListenerManagerImpl:111 all ControlerStartupListeners called.
2026-06-04T02:33:53,461  INFO ControlerUtils:80 config dump before iterations start
2026-06-04T02:33:53,467  INFO ControlerUtils:84 

<?xml version="1.0" encoding="UTF-8"?>
<!DOCTYPE config SYSTEM "http://www.matsim.org/files/dtd/config_v2.dtd">
<config>
	<module name="JDEQSim" >
		<param name="carSize" value="7.5" />
		<param name="endTime" value="undefined" />
		<param name="flowCapacityFactor" value="1.0" />
		<param name="gapTravelSpeed" value="15.0" />
		<param name="minimumInFlowCapacity" value="1800.0" />
		<param name="squeezeTime" value="1800.0" />
		<param name="storageCapacityFactor" value="1.0" />
	</module>
	<module name="ReplanningAnnealer" >
		<!-- Activate the scaling of replanning modules using an annealing approach rather than fixed rates. -->
		<param name="activateAnnealingModule" value="false" />
	</module>
	<module name="TimeAllocationMutator" >
		<!-- Default:true; Defines whether time mutation changes an activity's duration. -->
		<param name="mutationAffectsDuration" value="true" />
		<!-- Default:1800.0; Defines how many seconds a time mutation can maximally shift a time. -->
		<param name="mutationRange" value="1800.0" />
	</module>
	<module name="changeMode" >
		<!-- Defines whether car availability is considered be considered or not. An agent has no car only if it has no license, or never access to a car. Default: true -->
		<param name="ignoreCarAvailability" value="true" />
		<!-- Defines the mode switch behavior. Possible values [fromAllModesToSpecifiedModes, fromSpecifiedModesToSpecifiedModes] Default: fromSpecifiedModesToSpecifiedModes. -->
		<param name="modeSwitchBehavior" value="fromSpecifiedModesToSpecifiedModes" />
		<!-- Defines all the modes available, including chain-based modes, seperated by commas -->
		<param name="modes" value="car,pt" />
	</module>
	<module name="controler" >
		<!-- Defines what should be done with the ITERS directory when a simulation finished successfully -->
		<param name="cleanItersAtEnd" value="keep" />
		<!-- Compression algorithm to use when writing out data to files. Possible values: [none, gzip, lz4, zst] -->
		<param name="compressionType" value="gzip" />
		<!-- Sets whether graphs showing some analyses should automatically be generated during the simulation. The generation of graphs usually takes a small amount of time that does not have any weight in big simulations, but add a significant overhead in smaller runs or in test cases where the graphical output is not even requested. -->
		<param name="createGraphs" value="false" />
		<!-- Defines when the scoring functions for the population are created. Default=IterationStarts. Possible values: [IterationStarts, BeforeMobsim] -->
		<param name="createScoringFunctionType" value="IterationStarts" />
		<!-- true if at the end of a run, plans, network, config etc should be dumped to a file -->
		<param name="dumpDataAtEnd" value="true" />
		<!-- Default=false. If enabled, the router takes travel times needed for turning moves into account. Cannot be used if the (Fast)AStarLandmarks routing or TravelTimeCalculator.separateModes is enabled. -->
		<param name="enableLinkToLinkRouting" value="false" />
		<!-- Default=xml; Specifies the file format for writing events. Currently supported: [xml, pb, json]
		Multiple values can be specified separated by commas (','). -->
		<param name="eventsFileFormat" value="xml" />
		<!-- Default=0. First Iteration of a simulation. -->
		<param name="firstIteration" value="0" />
		<!-- Default=1000. Last Iteration of a simulation. -->
		<param name="lastIteration" value="0" />
		<!-- Defines which mobility simulation will be used. Currently supported: qsim JDEQSim hermes 
		Depending on the chosen mobsim, you'll have to add additional config modules to configure the corresponding mobsim.
		For 'qsim', add a module 'qsim' to the config. -->
		<param name="mobsim" value="qsim" />
		<param name="outputDirectory" value="/home/raziq/Documents/Code/umd/tripsynth/06x_stage1_va_speed/matsim_real" />
		<!-- Possible values: failIfDirectoryExists,overwriteExistingFiles,deleteDirectoryIfExists -->
		<param name="overwriteFiles" value="deleteDirectoryIfExists" />
		<!-- The type of routing (least cost path) algorithm used, may have the values: [Dijkstra, AStarLandmarks, FastDijkstra, FastAStarLandmarks, SpeedyALT] -->
		<param name="routingAlgorithmType" value="AStarLandmarks" />
		<!-- An identifier for the current run which is used as prefix for output files and mentioned in output xml files etc. -->
		<param name="runId" value="null" />
		<!-- Comma-separated list of visualizer output file formats. `transims' and `otfvis'. -->
		<param name="snapshotFormat" value="" />
		<!-- iterationNumber % writeEventsInterval == 0 defines in which iterations events are written to a file. `0' disables events writing completely. -->
		<param name="writeEventsInterval" value="1" />
		<!-- iterationNumber % writePlansInterval == 0 defines (hopefully) in which iterations plans are written to a file. `0' disables plans writing completely.  Some plans in early iterations are always written -->
		<param name="writePlansInterval" value="1" />
		<!-- iterationNumber % writeSnapshotsInterval == 0 defines in which iterations snapshots are written to a file. `0' disables snapshots writing completely -->
		<param name="writeSnapshotsInterval" value="1" />
		<!-- iterationNumber % writeEventsInterval == 0 defines in which iterations trips CSV are written to a file. `0' disables trips writing completely. -->
		<param name="writeTripsInterval" value="50" />
	</module>
	<module name="counts" >
		<!-- Transport modes that will be respected for the counts comparison. 'car' is default, which includes also bussed from the pt simulation module. Use this parameter in combination with 'filterModes' = true! -->
		<param name="analyzedModes" value="car" />
		<!-- Specifies over how many iterations the link volumes should be averaged that are used for the counts comparison. Use 1 or 0 to only use the link volumes of a single iteration. This values cannot be larger than the value specified for writeCountsInterval -->
		<param name="averageCountsOverIterations" value="5" />
		<!-- factor by which to re-scale the simulated values.  necessary when simulation runs with something different from 100%.  needs to be adapted manually -->
		<param name="countsScaleFactor" value="1.0" />
		<!-- distance to distanceFilterCenterNode to include counting stations. The unit of distance is the Euclidean distance implied by the coordinate system -->
		<param name="distanceFilter" value="null" />
		<!-- node id for center node of distance filter -->
		<param name="distanceFilterCenterNode" value="null" />
		<!-- If true, link counts from legs performed on modes not included in the 'analyzedModes' parameter are ignored. -->
		<param name="filterModes" value="false" />
		<!-- The Coordinates Reference System in which the coordinates are expressed in the input file. At import, the coordinates will be converted to the coordinate system defined in "global", and willbe converted back at export. If not specified, no conversion happens. -->
		<param name="inputCRS" value="null" />
		<!-- input file name to counts package -->
		<param name="inputCountsFile" value="null" />
		<!-- possible values: `html', `txt', `all' -->
		<param name="outputformat" value="txt" />
		<!-- Specifies how often the counts comparison should be calculated and written. -->
		<param name="writeCountsInterval" value="10" />
	</module>
	<module name="facilities" >
		<!-- This defines how facilities should be created. Possible values: none fromFile setInScenario onePerActivityLinkInPlansFile onePerActivityLinkInPlansFileExceptWhenCoordinatesAreGiven onePerActivityLocationInPlansFile  -->
		<param name="facilitiesSource" value="none" />
		<!-- A prefix to be used for auto-generated IDs. -->
		<param name="idPrefix" value="f_auto_" />
		<!-- The Coordinates Reference System in which the coordinates are expressed in the input file. At import, the coordinates will be converted to the coordinate system defined in "global", and willbe converted back at export. If not specified, no conversion happens. -->
		<param name="inputCRS" value="null" />
		<param name="inputFacilitiesFile" value="null" />
		<param name="inputFacilityAttributesFile" value="null" />
		<param name="insistingOnUsingDeprecatedFacilitiesAttributeFile" value="false" />
	</module>
	<module name="global" >
		<param name="coordinateSystem" value="EPSG:4326" />
		<param name="defaultDelimiter" value=";" />
		<param name="insistingOnDeprecatedConfigVersion" value="true" />
		<!-- "global" number of threads.  This number is used, e.g., for replanning, but NOT in QSim.  This can typically be set to as many cores as you have available, or possibly even slightly more. -->
		<param name="numberOfThreads" value="8" />
		<param name="randomSeed" value="20260519" />
	</module>
	<module name="hermes" >
		<!-- Simulation End Time -->
		<param name="endTime" value="30:00:00" />
		<param name="flowCapacityFactor" value="1.0" />
		<param name="mainMode" value="car" />
		<param name="storageCapacityFactor" value="1.0" />
		<!-- time in seconds.  Time after which the frontmost vehicle on a link is called `stuck' if it does not move. Set to Integer.MAX_VALUE to disable this behavior -->
		<param name="stuckTime" value="10" />
		<!-- treats PT as deterministic. PT vehicles will run with a steady speed. Should be used with separate network layers for PT and other network modes. -->
		<param name="useDeterministicPt" value="false" />
	</module>
	<module name="households" >
		<param name="inputFile" value="null" />
		<param name="inputHouseholdAttributesFile" value="null" />
		<param name="insistingOnUsingDeprecatedHouseholdsAttributeFile" value="false" />
	</module>
	<module name="linkStats" >
		<!-- Specifies over how many iterations the link volumes should be averaged that are used for the link statistics. Use 1 or 0 to only use the link volumes of a single iteration. This values cannot be larger than the value specified for writeLinkStatsInterval -->
		<param name="averageLinkStatsOverIterations" value="5" />
		<!-- Specifies how often the link stats should be calculated and written. Use 0 to disable the generation of link stats. -->
		<param name="writeLinkStatsInterval" value="50" />
	</module>
	<module name="network" >
		<!-- The Coordinates Reference System in which the coordinates are expressed in the input file. At import, the coordinates will be converted to the coordinate system defined in "global", and willbe converted back at export. If not specified, no conversion happens. -->
		<param name="inputCRS" value="null" />
		<param name="inputChangeEventsFile" value="null" />
		<param name="inputNetworkFile" value="/home/raziq/Documents/Code/umd/tripsynth/06x_stage1_va_speed_osm/network.xml.gz" />
		<param name="laneDefinitionsFile" value="null" />
		<param name="timeVariantNetwork" value="false" />
	</module>
	<module name="parallelEventHandling" >
		<!-- Estimated number of events during mobsim run. An optional optimization hint for the framework. -->
		<param name="estimatedNumberOfEvents" value="null" />
		<!-- Size of the events Queue. Increase for very large scenarios -->
		<param name="eventsQueueSize" value="131072" />
		<!-- Number of threads for parallel events handler. _null_ means the framework decides by itself. 0 is currently not possible. -->
		<param name="numberOfThreads" value="null" />
		<!-- If enabled, each event handler is assigned to its own thread. Note that enabling this feature disabled the numberOfThreads option! This feature is still experimental! -->
		<param name="oneThreadPerHandler" value="false" />
		<!-- If enabled, it is ensured that all events that are created during a time step of the mobility simulation are processed before the next time step is simulated. E.g. neccessary when within-day replanning is used. -->
		<param name="synchronizeOnSimSteps" value="true" />
	</module>
	<module name="planCalcScore" >
		<!-- logit model scale parameter. default: 1.  Has name and default value for historical reasons (see Bryan Raney's phd thesis). -->
		<param name="BrainExpBeta" value="1.0" />
		<param name="PathSizeLogitBeta" value="1.0" />
		<!-- fraction of iterations at which MSA score averaging is started. The matsim theory department suggests to use this together with switching off choice set innovation (where a similar switch exists), but it has not been tested yet. -->
		<param name="fractionOfIterationsToStartScoreMSA" value="null" />
		<!-- new_score = (1-learningRate)*old_score + learningRate * score_from_mobsim.  learning rates close to zero emulate score averaging, but slow down initial convergence -->
		<param name="learningRate" value="1.0" />
		<!-- There used to be a plateau between duration=0 and duration=zeroUtilityDuration. This caused durations to evolve to zero once they were below zeroUtilityDuration, causing problems.  Only use this switch if you need to be backwards compatible with some old results.  (changed nov'13) -->
		<param name="usingOldScoringBelowZeroUtilityDuration" value="false" />
		<!-- write a plans file in each iteration directory which contains what each agent actually did, and the score it received. -->
		<param name="writeExperiencedPlans" value="false" />
		<parameterset type="scoringParameters" >
			<param name="earlyDeparture" value="-0.0" />
			<param name="lateArrival" value="-18.0" />
			<param name="marginalUtilityOfMoney" value="1.0" />
			<param name="performing" value="6.0" />
			<param name="subpopulation" value="null" />
			<param name="utilityOfLineSwitch" value="-1.0" />
			<param name="waiting" value="-0.0" />
			<param name="waitingPt" value="-6.0" />
			<parameterset type="activityParams" >
				<param name="activityType" value="dummy" />
				<param name="closingTime" value="undefined" />
				<param name="earliestEndTime" value="undefined" />
				<param name="latestStartTime" value="undefined" />
				<param name="minimalDuration" value="undefined" />
				<param name="openingTime" value="undefined" />
				<param name="priority" value="1.0" />
				<param name="scoringThisActivityAtAll" value="true" />
				<!-- typical duration of activity.  needs to be defined and non-zero.  in sec. -->
				<param name="typicalDuration" value="02:00:00" />
				<!-- method to compute score at typical duration.  Options: | uniform | relative | Use uniform for backwards compatibility (all activities same score; higher proba to drop long acts). -->
				<param name="typicalDurationScoreComputation" value="relative" />
			</parameterset>
			<parameterset type="activityParams" >
				<param name="activityType" value="car interaction" />
				<param name="closingTime" value="undefined" />
				<param name="earliestEndTime" value="undefined" />
				<param name="latestStartTime" value="undefined" />
				<param name="minimalDuration" value="undefined" />
				<param name="openingTime" value="undefined" />
				<param name="priority" value="1.0" />
				<param name="scoringThisActivityAtAll" value="false" />
				<param name="typicalDuration" value="undefined" />
				<param name="typicalDurationScoreComputation" value="relative" />
			</parameterset>
			<parameterset type="activityParams" >
				<param name="activityType" value="pt interaction" />
				<param name="closingTime" value="undefined" />
				<param name="earliestEndTime" value="undefined" />
				<param name="latestStartTime" value="undefined" />
				<param name="minimalDuration" value="undefined" />
				<param name="openingTime" value="undefined" />
				<param name="priority" value="1.0" />
				<param name="scoringThisActivityAtAll" value="false" />
				<param name="typicalDuration" value="undefined" />
				<param name="typicalDurationScoreComputation" value="relative" />
			</parameterset>
			<parameterset type="activityParams" >
				<param name="activityType" value="bike interaction" />
				<param name="closingTime" value="undefined" />
				<param name="earliestEndTime" value="undefined" />
				<param name="latestStartTime" value="undefined" />
				<param name="minimalDuration" value="undefined" />
				<param name="openingTime" value="undefined" />
				<param name="priority" value="1.0" />
				<param name="scoringThisActivityAtAll" value="false" />
				<param name="typicalDuration" value="undefined" />
				<param name="typicalDurationScoreComputation" value="relative" />
			</parameterset>
			<parameterset type="activityParams" >
				<param name="activityType" value="drt interaction" />
				<param name="closingTime" value="undefined" />
				<param name="earliestEndTime" value="undefined" />
				<param name="latestStartTime" value="undefined" />
				<param name="minimalDuration" value="undefined" />
				<param name="openingTime" value="undefined" />
				<param name="priority" value="1.0" />
				<param name="scoringThisActivityAtAll" value="false" />
				<param name="typicalDuration" value="undefined" />
				<param name="typicalDurationScoreComputation" value="relative" />
			</parameterset>
			<parameterset type="activityParams" >
				<param name="activityType" value="taxi interaction" />
				<param name="closingTime" value="undefined" />
				<param name="earliestEndTime" value="undefined" />
				<param name="latestStartTime" value="undefined" />
				<param name="minimalDuration" value="undefined" />
				<param name="openingTime" value="undefined" />
				<param name="priority" value="1.0" />
				<param name="scoringThisActivityAtAll" value="false" />
				<param name="typicalDuration" value="undefined" />
				<param name="typicalDurationScoreComputation" value="relative" />
			</parameterset>
			<parameterset type="activityParams" >
				<param name="activityType" value="other interaction" />
				<param name="closingTime" value="undefined" />
				<param name="earliestEndTime" value="undefined" />
				<param name="latestStartTime" value="undefined" />
				<param name="minimalDuration" value="undefined" />
				<param name="openingTime" value="undefined" />
				<param name="priority" value="1.0" />
				<param name="scoringThisActivityAtAll" value="false" />
				<param name="typicalDuration" value="undefined" />
				<param name="typicalDurationScoreComputation" value="relative" />
			</parameterset>
			<parameterset type="activityParams" >
				<param name="activityType" value="walk interaction" />
				<param name="closingTime" value="undefined" />
				<param name="earliestEndTime" value="undefined" />
				<param name="latestStartTime" value="undefined" />
				<param name="minimalDuration" value="undefined" />
				<param name="openingTime" value="undefined" />
				<param name="priority" value="1.0" />
				<param name="scoringThisActivityAtAll" value="false" />
				<param name="typicalDuration" value="undefined" />
				<param name="typicalDurationScoreComputation" value="relative" />
			</parameterset>
			<parameterset type="activityParams" >
				<param name="activityType" value="act_1" />
				<param name="closingTime" value="30:00:00" />
				<param name="earliestEndTime" value="undefined" />
				<param name="latestStartTime" value="undefined" />
				<param name="minimalDuration" value="undefined" />
				<param name="openingTime" value="00:00:00" />
				<param name="priority" value="1.0" />
				<param name="scoringThisActivityAtAll" value="true" />
				<param name="typicalDuration" value="12:00:00" />
				<param name="typicalDurationScoreComputation" value="relative" />
			</parameterset>
			<parameterset type="activityParams" >
				<param name="activityType" value="act_10" />
				<param name="closingTime" value="30:00:00" />
				<param name="earliestEndTime" value="undefined" />
				<param name="latestStartTime" value="undefined" />
				<param name="minimalDuration" value="undefined" />
				<param name="openingTime" value="00:00:00" />
				<param name="priority" value="1.0" />
				<param name="scoringThisActivityAtAll" value="true" />
				<param name="typicalDuration" value="12:00:00" />
				<param name="typicalDurationScoreComputation" value="relative" />
			</parameterset>
			<parameterset type="activityParams" >
				<param name="activityType" value="act_11" />
				<param name="closingTime" value="30:00:00" />
				<param name="earliestEndTime" value="undefined" />
				<param name="latestStartTime" value="undefined" />
				<param name="minimalDuration" value="undefined" />
				<param name="openingTime" value="00:00:00" />
				<param name="priority" value="1.0" />
				<param name="scoringThisActivityAtAll" value="true" />
				<param name="typicalDuration" value="12:00:00" />
				<param name="typicalDurationScoreComputation" value="relative" />
			</parameterset>
			<parameterset type="activityParams" >
				<param name="activityType" value="act_12" />
				<param name="closingTime" value="30:00:00" />
				<param name="earliestEndTime" value="undefined" />
				<param name="latestStartTime" value="undefined" />
				<param name="minimalDuration" value="undefined" />
				<param name="openingTime" value="00:00:00" />
				<param name="priority" value="1.0" />
				<param name="scoringThisActivityAtAll" value="true" />
				<param name="typicalDuration" value="12:00:00" />
				<param name="typicalDurationScoreComputation" value="relative" />
			</parameterset>
			<parameterset type="activityParams" >
				<param name="activityType" value="act_13" />
				<param name="closingTime" value="30:00:00" />
				<param name="earliestEndTime" value="undefined" />
				<param name="latestStartTime" value="undefined" />
				<param name="minimalDuration" value="undefined" />
				<param name="openingTime" value="00:00:00" />
				<param name="priority" value="1.0" />
				<param name="scoringThisActivityAtAll" value="true" />
				<param name="typicalDuration" value="12:00:00" />
				<param name="typicalDurationScoreComputation" value="relative" />
			</parameterset>
			<parameterset type="activityParams" >
				<param name="activityType" value="act_14" />
				<param name="closingTime" value="30:00:00" />
				<param name="earliestEndTime" value="undefined" />
				<param name="latestStartTime" value="undefined" />
				<param name="minimalDuration" value="undefined" />
				<param name="openingTime" value="00:00:00" />
				<param name="priority" value="1.0" />
				<param name="scoringThisActivityAtAll" value="true" />
				<param name="typicalDuration" value="12:00:00" />
				<param name="typicalDurationScoreComputation" value="relative" />
			</parameterset>
			<parameterset type="activityParams" >
				<param name="activityType" value="act_15" />
				<param name="closingTime" value="30:00:00" />
				<param name="earliestEndTime" value="undefined" />
				<param name="latestStartTime" value="undefined" />
				<param name="minimalDuration" value="undefined" />
				<param name="openingTime" value="00:00:00" />
				<param name="priority" value="1.0" />
				<param name="scoringThisActivityAtAll" value="true" />
				<param name="typicalDuration" value="12:00:00" />
				<param name="typicalDurationScoreComputation" value="relative" />
			</parameterset>
			<parameterset type="activityParams" >
				<param name="activityType" value="act_16" />
				<param name="closingTime" value="30:00:00" />
				<param name="earliestEndTime" value="undefined" />
				<param name="latestStartTime" value="undefined" />
				<param name="minimalDuration" value="undefined" />
				<param name="openingTime" value="00:00:00" />
				<param name="priority" value="1.0" />
				<param name="scoringThisActivityAtAll" value="true" />
				<param name="typicalDuration" value="12:00:00" />
				<param name="typicalDurationScoreComputation" value="relative" />
			</parameterset>
			<parameterset type="activityParams" >
				<param name="activityType" value="act_17" />
				<param name="closingTime" value="30:00:00" />
				<param name="earliestEndTime" value="undefined" />
				<param name="latestStartTime" value="undefined" />
				<param name="minimalDuration" value="undefined" />
				<param name="openingTime" value="00:00:00" />
				<param name="priority" value="1.0" />
				<param name="scoringThisActivityAtAll" value="true" />
				<param name="typicalDuration" value="12:00:00" />
				<param name="typicalDurationScoreComputation" value="relative" />
			</parameterset>
			<parameterset type="activityParams" >
				<param name="activityType" value="act_18" />
				<param name="closingTime" value="30:00:00" />
				<param name="earliestEndTime" value="undefined" />
				<param name="latestStartTime" value="undefined" />
				<param name="minimalDuration" value="undefined" />
				<param name="openingTime" value="00:00:00" />
				<param name="priority" value="1.0" />
				<param name="scoringThisActivityAtAll" value="true" />
				<param name="typicalDuration" value="12:00:00" />
				<param name="typicalDurationScoreComputation" value="relative" />
			</parameterset>
			<parameterset type="activityParams" >
				<param name="activityType" value="act_2" />
				<param name="closingTime" value="30:00:00" />
				<param name="earliestEndTime" value="undefined" />
				<param name="latestStartTime" value="undefined" />
				<param name="minimalDuration" value="undefined" />
				<param name="openingTime" value="00:00:00" />
				<param name="priority" value="1.0" />
				<param name="scoringThisActivityAtAll" value="true" />
				<param name="typicalDuration" value="12:00:00" />
				<param name="typicalDurationScoreComputation" value="relative" />
			</parameterset>
			<parameterset type="activityParams" >
				<param name="activityType" value="act_3" />
				<param name="closingTime" value="30:00:00" />
				<param name="earliestEndTime" value="undefined" />
				<param name="latestStartTime" value="undefined" />
				<param name="minimalDuration" value="undefined" />
				<param name="openingTime" value="00:00:00" />
				<param name="priority" value="1.0" />
				<param name="scoringThisActivityAtAll" value="true" />
				<param name="typicalDuration" value="12:00:00" />
				<param name="typicalDurationScoreComputation" value="relative" />
			</parameterset>
			<parameterset type="activityParams" >
				<param name="activityType" value="act_4" />
				<param name="closingTime" value="30:00:00" />
				<param name="earliestEndTime" value="undefined" />
				<param name="latestStartTime" value="undefined" />
				<param name="minimalDuration" value="undefined" />
				<param name="openingTime" value="00:00:00" />
				<param name="priority" value="1.0" />
				<param name="scoringThisActivityAtAll" value="true" />
				<param name="typicalDuration" value="12:00:00" />
				<param name="typicalDurationScoreComputation" value="relative" />
			</parameterset>
			<parameterset type="activityParams" >
				<param name="activityType" value="act_5" />
				<param name="closingTime" value="30:00:00" />
				<param name="earliestEndTime" value="undefined" />
				<param name="latestStartTime" value="undefined" />
				<param name="minimalDuration" value="undefined" />
				<param name="openingTime" value="00:00:00" />
				<param name="priority" value="1.0" />
				<param name="scoringThisActivityAtAll" value="true" />
				<param name="typicalDuration" value="12:00:00" />
				<param name="typicalDurationScoreComputation" value="relative" />
			</parameterset>
			<parameterset type="activityParams" >
				<param name="activityType" value="act_6" />
				<param name="closingTime" value="30:00:00" />
				<param name="earliestEndTime" value="undefined" />
				<param name="latestStartTime" value="undefined" />
				<param name="minimalDuration" value="undefined" />
				<param name="openingTime" value="00:00:00" />
				<param name="priority" value="1.0" />
				<param name="scoringThisActivityAtAll" value="true" />
				<param name="typicalDuration" value="12:00:00" />
				<param name="typicalDurationScoreComputation" value="relative" />
			</parameterset>
			<parameterset type="activityParams" >
				<param name="activityType" value="act_7" />
				<param name="closingTime" value="30:00:00" />
				<param name="earliestEndTime" value="undefined" />
				<param name="latestStartTime" value="undefined" />
				<param name="minimalDuration" value="undefined" />
				<param name="openingTime" value="00:00:00" />
				<param name="priority" value="1.0" />
				<param name="scoringThisActivityAtAll" value="true" />
				<param name="typicalDuration" value="12:00:00" />
				<param name="typicalDurationScoreComputation" value="relative" />
			</parameterset>
			<parameterset type="activityParams" >
				<param name="activityType" value="act_8" />
				<param name="closingTime" value="30:00:00" />
				<param name="earliestEndTime" value="undefined" />
				<param name="latestStartTime" value="undefined" />
				<param name="minimalDuration" value="undefined" />
				<param name="openingTime" value="00:00:00" />
				<param name="priority" value="1.0" />
				<param name="scoringThisActivityAtAll" value="true" />
				<param name="typicalDuration" value="12:00:00" />
				<param name="typicalDurationScoreComputation" value="relative" />
			</parameterset>
			<parameterset type="activityParams" >
				<param name="activityType" value="act_9" />
				<param name="closingTime" value="30:00:00" />
				<param name="earliestEndTime" value="undefined" />
				<param name="latestStartTime" value="undefined" />
				<param name="minimalDuration" value="undefined" />
				<param name="openingTime" value="00:00:00" />
				<param name="priority" value="1.0" />
				<param name="scoringThisActivityAtAll" value="true" />
				<param name="typicalDuration" value="12:00:00" />
				<param name="typicalDurationScoreComputation" value="relative" />
			</parameterset>
			<parameterset type="activityParams" >
				<param name="activityType" value="ride interaction" />
				<param name="closingTime" value="undefined" />
				<param name="earliestEndTime" value="undefined" />
				<param name="latestStartTime" value="undefined" />
				<param name="minimalDuration" value="undefined" />
				<param name="openingTime" value="undefined" />
				<param name="priority" value="1.0" />
				<param name="scoringThisActivityAtAll" value="false" />
				<param name="typicalDuration" value="undefined" />
				<param name="typicalDurationScoreComputation" value="relative" />
			</parameterset>
			<parameterset type="modeParams" >
				<!-- [utils] alternative-specific constant.  Normally per trip, but that is probably buggy for multi-leg trips. -->
				<param name="constant" value="0.0" />
				<!-- [unit_of_money/day] Fixed cost of mode, per day. -->
				<param name="dailyMonetaryConstant" value="0.0" />
				<!-- [utils] daily utility constant. default=0 to be backwards compatible -->
				<param name="dailyUtilityConstant" value="0.0" />
				<!-- [utils/m] utility of traveling (e.g. walking or driving) per m, normally negative.  this is on top of the time (dis)utility. -->
				<param name="marginalUtilityOfDistance_util_m" value="0.0" />
				<!-- [utils/hr] additional marginal utility of traveling.  normally negative.  this comes on top of the opportunity cost of time -->
				<param name="marginalUtilityOfTraveling_util_hr" value="-6.0" />
				<param name="mode" value="pt" />
				<!-- [unit_of_money/m] conversion of distance into money. Normally negative. -->
				<param name="monetaryDistanceRate" value="0.0" />
			</parameterset>
			<parameterset type="modeParams" >
				<param name="constant" value="0.0" />
				<param name="dailyMonetaryConstant" value="0.0" />
				<param name="dailyUtilityConstant" value="0.0" />
				<param name="marginalUtilityOfDistance_util_m" value="0.0" />
				<param name="marginalUtilityOfTraveling_util_hr" value="-6.0" />
				<param name="mode" value="walk" />
				<param name="monetaryDistanceRate" value="0.0" />
			</parameterset>
			<parameterset type="modeParams" >
				<param name="constant" value="0.0" />
				<param name="dailyMonetaryConstant" value="0.0" />
				<param name="dailyUtilityConstant" value="0.0" />
				<param name="marginalUtilityOfDistance_util_m" value="0.0" />
				<param name="marginalUtilityOfTraveling_util_hr" value="-6.0" />
				<param name="mode" value="bike" />
				<param name="monetaryDistanceRate" value="0.0" />
			</parameterset>
			<parameterset type="modeParams" >
				<param name="constant" value="0.0" />
				<param name="dailyMonetaryConstant" value="0.0" />
				<param name="dailyUtilityConstant" value="0.0" />
				<param name="marginalUtilityOfDistance_util_m" value="0.0" />
				<param name="marginalUtilityOfTraveling_util_hr" value="-6.0" />
				<param name="mode" value="ride" />
				<param name="monetaryDistanceRate" value="0.0" />
			</parameterset>
			<parameterset type="modeParams" >
				<param name="constant" value="0.0" />
				<param name="dailyMonetaryConstant" value="0.0" />
				<param name="dailyUtilityConstant" value="0.0" />
				<param name="marginalUtilityOfDistance_util_m" value="0.0" />
				<param name="marginalUtilityOfTraveling_util_hr" value="-6.0" />
				<param name="mode" value="other" />
				<param name="monetaryDistanceRate" value="0.0" />
			</parameterset>
			<parameterset type="modeParams" >
				<param name="constant" value="0.0" />
				<param name="dailyMonetaryConstant" value="0.0" />
				<param name="dailyUtilityConstant" value="0.0" />
				<param name="marginalUtilityOfDistance_util_m" value="0.0" />
				<param name="marginalUtilityOfTraveling_util_hr" value="-6.0" />
				<param name="mode" value="car" />
				<param name="monetaryDistanceRate" value="0.0" />
			</parameterset>
		</parameterset>
	</module>
	<module name="plans" >
		<!-- String: minOfDurationAndEndTime tryEndTimeThenDuration endTimeOnly. Anything besides minOfDurationAndEndTime will internally use a different (simpler) version of the TimeAllocationMutator. -->
		<param name="activityDurationInterpretation" value="tryEndTimeThenDuration" />
		<!-- Possible values: reject,useMainModeIdentifier -->
		<param name="handlingOfPlansWithoutRoutingMode" value="reject" />
		<!-- The Coordinates Reference System in which the coordinates are expressed in the input file. At import, the coordinates will be converted to the coordinate system defined in "global", and willbe converted back at export. If not specified, no conversion happens. -->
		<param name="inputCRS" value="null" />
		<param name="inputPersonAttributesFile" value="null" />
		<param name="inputPlansFile" value="/home/raziq/Documents/Code/umd/tripsynth/06x_stage1_va_speed/real_population.xml.gz" />
		<param name="insistingOnUsingDeprecatedPersonAttributeFile" value="false" />
		<!-- Defines how routes are stored in memory. Currently supported: LinkNetworkRoute, MediumCompressedNetworkRoute, HeavyCompressedNetworkRoute. -->
		<param name="networkRouteType" value="LinkNetworkRoute" />
		<!-- (not tested) will remove plan attributes that are presumably not used, such as activityStartTime. default=false. Use with Caution! -->
		<param name="removingUnnecessaryPlanAttributes" value="false" />
		<!-- Defines how departure times are interpreted in rerouting applications. If set to 'ignoreDelays', the departure time of a trip when routing along a plan will always be the nominal (plan-based) activity end time. If set to 'shiftActivityEndTimes', routing along a plan will accumulate travel times and shift activity end times if necessary -->
		<param name="tripDurationHandling" value="ignoreDelays" />
	</module>
	<module name="planscalcroute" >
		<!-- Defines how access and egress to main mode is simulated. Either of [none, accessEgressModeToLink, walkConstantTimeToLink, accessEgressModeToLinkPlusTimeConstant], Current default=none which means no access or egress trips are simulated. -->
		<param name="accessEgressType" value="none" />
		<!-- Some typical teleportation routing params are set by default, such as for walk and bike.  Setting this switch to "true" will clear them.  Note that this will also clear settings for helper modes such as for non_network_walk -->
		<param name="clearDefaultTeleportedModeParams" value="false" />
		<!-- All the modes for which the router is supposed to generate network routes (like car) -->
		<param name="networkModes" value="car" />
		<!-- strength of the randomness for the utility of money in routing under toll.  Leads to Pareto-optimal route with randomly drawn money-vs-other-attributes tradeoff. Technically the width parameter of a log-normal distribution. 3.0 seems to be a good value.  -->
		<param name="routingRandomness" value="3.0" />
		<parameterset type="teleportedModeParameters" >
			<param name="beelineDistanceFactor" value="1.3" />
			<param name="mode" value="bike" />
			<!-- Free-speed factor for a teleported mode. Travel time = teleportedModeFreespeedFactor * <freespeed car travel time>. Insert a line like this for every such mode. Please do not set teleportedModeFreespeedFactor as well as teleportedModeSpeed for the same mode, but if you do, +teleportedModeFreespeedFactor wins over teleportedModeSpeed. -->
			<param name="teleportedModeFreespeedFactor" value="null" />
			<!-- Speed for a teleported mode. Travel time = (<beeline distance> * beelineDistanceFactor) / teleportedModeSpeed. Insert a line like this for every such mode. -->
			<param name="teleportedModeSpeed" value="4.166666666666667" />
		</parameterset>
		<parameterset type="teleportedModeParameters" >
			<param name="beelineDistanceFactor" value="1.3" />
			<param name="mode" value="walk" />
			<param name="teleportedModeFreespeedFactor" value="null" />
			<param name="teleportedModeSpeed" value="0.8333333333333333" />
		</parameterset>
		<parameterset type="teleportedModeParameters" >
			<param name="beelineDistanceFactor" value="1.3" />
			<param name="mode" value="non_network_walk" />
			<param name="teleportedModeFreespeedFactor" value="null" />
			<param name="teleportedModeSpeed" value="0.8333333333333333" />
		</parameterset>
		<parameterset type="teleportedModeParameters" >
			<param name="beelineDistanceFactor" value="1.3" />
			<param name="mode" value="ride" />
			<param name="teleportedModeFreespeedFactor" value="1.0" />
			<param name="teleportedModeSpeed" value="null" />
		</parameterset>
		<parameterset type="teleportedModeParameters" >
			<param name="beelineDistanceFactor" value="1.3" />
			<param name="mode" value="pt" />
			<param name="teleportedModeFreespeedFactor" value="2.0" />
			<param name="teleportedModeSpeed" value="null" />
		</parameterset>
	</module>
	<module name="ptCounts" >
		<!-- factor by which to re-scale the simulated values.  necessary when simulation runs with something different from 100%.  needs to be adapted manually -->
		<param name="countsScaleFactor" value="1.0" />
		<!-- distance to distanceFilterCenterNode to include counting stations. The unit of distance is the Euclidean distance implied by the coordinate system -->
		<param name="distanceFilter" value="null" />
		<!-- node id for center node of distance filter -->
		<param name="distanceFilterCenterNode" value="null" />
		<!-- input file containing the alighting (getting off) counts for pt -->
		<param name="inputAlightCountsFile" value="null" />
		<!-- input file containing the boarding (getting on) counts for pt -->
		<param name="inputBoardCountsFile" value="null" />
		<!-- input file containing the occupancy counts for pt -->
		<param name="inputOccupancyCountsFile" value="null" />
		<!-- possible values: `html', `txt', `all' -->
		<param name="outputformat" value="null" />
		<!-- every how many iterations (starting with 0) counts comparisons are generated -->
		<param name="ptCountsInterval" value="10" />
	</module>
	<module name="qsim" >
		<param name="endTime" value="30:00:00" />
		<!-- If set to withLinkAttributes snapshots will only be generated for links which include generateSnapshotForLink as attribute key. Default is no filtering. -->
		<param name="filterSnapshots" value="no" />
		<param name="flowCapacityFactor" value="1.0" />
		<!-- decides if waiting vehicles enter the network after or before the already driving vehicles were moved. Default: false -->
		<param name="insertingWaitingVehiclesBeforeDrivingVehicles" value="true" />
		<!-- If link dynamics is set as SeepageQ, set to false if all seep modes should perform seepage. Default is true (better option). -->
		<param name="isRestrictingSeepage" value="true" />
		<!-- If link dynamics is set as SeepageQ, set to true if seep mode do not consumes any space on the link. Default is false. -->
		<param name="isSeepModeStorageFree" value="false" />
		<!-- default: FIFO; options: FIFO PassingQ SeepageQ -->
		<param name="linkDynamics" value="FIFO" />
		<!-- The (initial) width of the links of the network. Use positive floating point values. This is used only for visualisation. -->
		<param name="linkWidth" value="30.0" />
		<!-- [comma-separated list] Defines which modes are congested modes. Technically, these are the modes that the departure handler of the netsimengine handles.  Effective cell size, effective lane width, flow capacity factor, and storage capacity factor need to be set with diligence.  Need to be vehicular modes to make sense. -->
		<param name="mainMode" value="car" />
		<!-- Shortens a link in the visualization, i.e. its start and end point are moved into towards the center. Does not affect traffic flow.  -->
		<param name="nodeOffset" value="0.0" />
		<!-- Number of threads used for the QSim.  Note that this setting is independent from the "global" threads setting.  In contrast to earlier versions, the non-parallel special version is no longer there. -->
		<param name="numberOfThreads" value="8" />
		<!-- Boolean. `true': stuck vehicles are removed, aborting the plan; `false': stuck vehicles are forced into the next link. `false' is probably the better choice. -->
		<param name="removeStuckVehicles" value="true" />
		<!-- If link dynamics is set as SeepageQ, set a seep mode. Default is bike. -->
		<param name="seepMode" value="bike" />
		<!-- Possible values: minOfEndtimeAndMobsimFinished,onlyUseEndtime -->
		<param name="simEndtimeInterpretation" value="null" />
		<!-- Options: maxOfStarttimeAndEarliestActivityEnd onlyUseStarttime  -->
		<param name="simStarttimeInterpretation" value="maxOfStarttimeAndEarliestActivityEnd" />
		<!-- snapshotStyle. One of: equiDist queue withHoles withHolesAndShowHoles kinematicWaves  -->
		<param name="snapshotStyle" value="queue" />
		<param name="snapshotperiod" value="00:00:00" />
		<param name="startTime" value="00:00:00" />
		<param name="storageCapacityFactor" value="1.0" />
		<!-- time in seconds.  Time after which the frontmost vehicle on a link is called `stuck' if it does not move. -->
		<param name="stuckTime" value="1800.0" />
		<param name="timeStepSize" value="00:00:01" />
		<!-- options: queue withHoles kinematicWaves  -->
		<param name="trafficDynamics" value="queue" />
		<!-- Set this parameter to true if lanes should be used, false if not. -->
		<param name="useLanes" value="false" />
		<!-- If a route does not reference a vehicle, agents will use the vehicle with the same id as their own. -->
		<param name="usePersonIdForMissingVehicleId" value="true" />
		<!-- If false, the qsim accumulates fractional flows up to one flow unit in every time step.  If true, flows are updated only if an agent wants to enter the link or an agent is added to buffer. Default is true. -->
		<param name="usingFastCapacityUpdate" value="true" />
		<!-- Defines what happens if an agent wants to depart, but the specified vehicle is not available. One of: teleport wait exception  -->
		<param name="vehicleBehavior" value="teleport" />
		<!-- If vehicles should all be the same default vehicle, or come from the vehicles file, or something else.  Possible values:  defaultVehicle modeVehicleTypesFromVehiclesData fromVehiclesData -->
		<param name="vehiclesSource" value="defaultVehicle" />
	</module>
	<module name="strategy" >
		<!-- the external executable will be called with a config file as argument.  This is the pathname to a possible skeleton config, to which additional information will be added.  Can be null. -->
		<param name="ExternalExeConfigTemplate" value="null" />
		<!-- time out value (in seconds) after which matsim will consider the external strategy as failed -->
		<param name="ExternalExeTimeOut" value="3600" />
		<!-- root directory for temporary files generated by the external executable. Provided as a service; I don't think this is used by MATSim. -->
		<param name="ExternalExeTmpFileRootDir" value="null" />
		<!-- fraction of iterations where innovative strategies are switched off.  Something like 0.8 should be good.  E.g. if you run from iteration 400 to iteration 500, innovation is switched off at iteration 480 -->
		<param name="fractionOfIterationsToDisableInnovation" value="Infinity" />
		<!-- maximum number of plans per agent.  ``0'' means ``infinity''.  Currently (2010), ``5'' is a good number -->
		<param name="maxAgentPlanMemorySize" value="5" />
		<!-- strategyName of PlanSelector for plans removal.  Possible defaults: WorstPlanSelector SelectRandom SelectExpBetaForRemoval ChangeExpBetaForRemoval PathSizeLogitSelectorForRemoval . The current default, WorstPlanSelector is not a good choice from a discrete choice theoretical perspective. Alternatives, however, have not been systematically tested. kai, feb'12 -->
		<param name="planSelectorForRemoval" value="WorstPlanSelector" />
	</module>
	<module name="subtourModeChoice" >
		<!-- Only for backwards compatibility.  Defines if only trips from modes list should change mode, or all trips.  Options: fromAllModesToSpecifiedModes fromSpecifiedModesToSpecifiedModes betweenAllAndFewerConstraints  -->
		<param name="behavior" value="fromSpecifiedModesToSpecifiedModes" />
		<!-- Defines the chain-based modes, seperated by commas -->
		<param name="chainBasedModes" value="car,bike" />
		<!-- Defines whether car availability must be considered or not. A agent has no car only if it has no license, or never access to a car -->
		<param name="considerCarAvailability" value="false" />
		<!-- If greater than 0, subtours will also consider coordinates to be at the same location when smaller than set distance. -->
		<param name="coordDistance" value="0.0" />
		<!-- Defines all the modes available, including chain-based modes, seperated by commas -->
		<param name="modes" value="car,pt,bike,walk" />
		<!-- Defines the probability of changing a single trip for a unchained mode instead of subtour. -->
		<param name="probaForRandomSingleTripMode" value="0.0" />
	</module>
	<module name="transit" >
		<!-- The Coordinates Reference System in which the coordinates are expressed in the input file. At import, the coordinates will be converted to the coordinate system defined in "global", and willbe converted back at export. If not specified, no conversion happens. -->
		<param name="inputScheduleCRS" value="null" />
		<param name="insistingOnUsingDeprecatedAttributeFiles" value="false" />
		<!-- The type of transit routing algorithm used, may have the values: [DijkstraBased, SwissRailRaptor] -->
		<param name="routingAlgorithmType" value="SwissRailRaptor" />
		<!-- Optional input file containing additional attributes for transit lines, stored as ObjectAttributes. -->
		<param name="transitLinesAttributesFile" value="null" />
		<!-- Comma-separated list of transportation modes that are handled as transit. Defaults to 'pt'. -->
		<param name="transitModes" value="pt" />
		<!-- Input file containing the transit schedule to be simulated. -->
		<param name="transitScheduleFile" value="null" />
		<!-- Optional input file containing additional attributes for transit stop facilities, stored as ObjectAttributes. -->
		<param name="transitStopsAttributesFile" value="null" />
		<!-- Set this parameter to true if transit should be simulated, false if not. -->
		<param name="useTransit" value="false" />
		<param name="usingTransitInMobsim" value="true" />
		<!-- Input file containing the vehicles used by the departures in the transit schedule. -->
		<param name="vehiclesFile" value="null" />
	</module>
	<module name="transitRouter" >
		<!-- additional time the router allocates when a line switch happens. Can be interpreted as a 'safety' time that agents need to safely transfer from one line to another -->
		<param name="additionalTransferTime" value="0.0" />
		<!-- Factor with which direct walk generalized cost is multiplied before it is compared to the pt generalized cost.  Set to a very high value to reduce direct walk results. -->
		<param name="directWalkFactor" value="1.0" />
		<!-- step size to increase searchRadius if no stops are found -->
		<param name="extensionRadius" value="200.0" />
		<!-- maximum beeline distance between stops that agents could transfer to by walking -->
		<param name="maxBeelineWalkConnectionDistance" value="100.0" />
		<!-- the radius in which stop locations are searched, given a start or target coordinate -->
		<param name="searchRadius" value="1000.0" />
	</module>
	<module name="travelTimeCalculator" >
		<!-- (only for backwards compatibility; only used if separateModes==false && + filterModes==true)  Transport modes that will be respected by the travel time collector. 'car' is default which includes also buses from the pt simulation module. -->
		<param name="analyzedModes" value="car" />
		<param name="calculateLinkToLinkTravelTimes" value="false" />
		<param name="calculateLinkTravelTimes" value="true" />
		<!-- (only for backwards compatiblity; only used if separateModes==false)  Only modes included in analyzedModes are included. -->
		<param name="filterModes" value="false" />
		<!-- The lenght (in sec) of the time period that is splited into time bins; an additional time bin is created to aggregate all travel times collected after maxTime -->
		<param name="maxTime" value="108000" />
		<!-- (only for backwards compatibility) If false, link travel times are measured and aggregated over all vehicles using the link. -->
		<param name="separateModes" value="true" />
		<!-- How to deal with congested time bins that have no link entry events. `optimistic' assumes free speed (too optimistic); 'experimental_LastMile' is experimental and probably too pessimistic. -->
		<param name="travelTimeAggregator" value="optimistic" />
		<!-- The size of the time bin (in sec) into which the link travel times are aggregated for the router -->
		<param name="travelTimeBinSize" value="900" />
		<!-- possible values: TravelTimeCalculatorArray TravelTimeCalculatorHashMap  -->
		<param name="travelTimeCalculator" value="TravelTimeCalculatorArray" />
		<!-- How to deal with link entry times at different positions during the time bin. Currently supported: average, linearinterpolation -->
		<param name="travelTimeGetter" value="average" />
	</module>
	<module name="vehicles" >
		<param name="vehiclesFile" value="null" />
	</module>
	<module name="vspExperimental" >
		<!-- (do not use except of you have to) There was a problem with pt interaction scoring.  Some people solved it by overwriting the parameters of the pt interaction activity type.  Doing this now throws an Exception.  If you still insist on doing this, set the following to true. -->
		<param name="isAbleToOverwritePtInteractionParams" value="false" />
		<param name="isGeneratingBoardingDeniedEvent" value="false" />
		<!-- if an approximation of the opportunity cost of time is included into the radius calculation for location choice.`true' will be faster, but it is an approximation.  Default is `true'; `false' is available for backwards compatibility. -->
		<param name="isUsingOpportunityCostOfTimeForLocationChoice" value="true" />
		<param name="logitScaleParamForPlansRemoval" value="1.0" />
		<!-- Options: | ignore | info | warn | abort | .  When violating VSP defaults, this results in nothing, logfile infos, logfile warnings, or aborts.  Members of VSP should use `abort' or talk to kai. -->
		<param name="vspDefaultsCheckingLevel" value="ignore" />
		<!-- if true then writes output_events in output directory.  default is `false'. Will only work when lastIteration is multiple of events writing interval -->
		<param name="writingOutputEvents" value="true" />
	</module>

</config>

2026-06-04T02:33:53,467  INFO ControlerUtils:85 Complete config dump done.
2026-06-04T02:33:53,467  INFO ControlerUtils:86 Checking consistency of config...
2026-06-04T02:33:53,468 ERROR PlanCalcScoreConfigGroup$ScoringParameterSet:1544 it looks like you have an activity type with opening time set to 0:00 and closing time set to 24:00. This is most probably not the same as not setting them at all.  In particular, activities which extend past midnight may not accumulate scores.
2026-06-04T02:33:53,468 ERROR PlanCalcScoreConfigGroup$ScoringParameterSet:1544 it looks like you have an activity type with opening time set to 0:00 and closing time set to 24:00. This is most probably not the same as not setting them at all.  In particular, activities which extend past midnight may not accumulate scores.
2026-06-04T02:33:53,468 ERROR PlanCalcScoreConfigGroup$ScoringParameterSet:1544 it looks like you have an activity type with opening time set to 0:00 and closing time set to 24:00. This is most probably not the same as not setting them at all.  In particular, activities which extend past midnight may not accumulate scores.
2026-06-04T02:33:53,468 ERROR PlanCalcScoreConfigGroup$ScoringParameterSet:1544 it looks like you have an activity type with opening time set to 0:00 and closing time set to 24:00. This is most probably not the same as not setting them at all.  In particular, activities which extend past midnight may not accumulate scores.
2026-06-04T02:33:53,468 ERROR PlanCalcScoreConfigGroup$ScoringParameterSet:1544 it looks like you have an activity type with opening time set to 0:00 and closing time set to 24:00. This is most probably not the same as not setting them at all.  In particular, activities which extend past midnight may not accumulate scores.
2026-06-04T02:33:53,468 ERROR PlanCalcScoreConfigGroup$ScoringParameterSet:1544 it looks like you have an activity type with opening time set to 0:00 and closing time set to 24:00. This is most probably not the same as not setting them at all.  In particular, activities which extend past midnight may not accumulate scores.
2026-06-04T02:33:53,468 ERROR PlanCalcScoreConfigGroup$ScoringParameterSet:1544 it looks like you have an activity type with opening time set to 0:00 and closing time set to 24:00. This is most probably not the same as not setting them at all.  In particular, activities which extend past midnight may not accumulate scores.
2026-06-04T02:33:53,468 ERROR PlanCalcScoreConfigGroup$ScoringParameterSet:1544 it looks like you have an activity type with opening time set to 0:00 and closing time set to 24:00. This is most probably not the same as not setting them at all.  In particular, activities which extend past midnight may not accumulate scores.
2026-06-04T02:33:53,468 ERROR PlanCalcScoreConfigGroup$ScoringParameterSet:1544 it looks like you have an activity type with opening time set to 0:00 and closing time set to 24:00. This is most probably not the same as not setting them at all.  In particular, activities which extend past midnight may not accumulate scores.
2026-06-04T02:33:53,468 ERROR PlanCalcScoreConfigGroup$ScoringParameterSet:1544 it looks like you have an activity type with opening time set to 0:00 and closing time set to 24:00. This is most probably not the same as not setting them at all.  In particular, activities which extend past midnight may not accumulate scores.
2026-06-04T02:33:53,468 ERROR PlanCalcScoreConfigGroup$ScoringParameterSet:1544 it looks like you have an activity type with opening time set to 0:00 and closing time set to 24:00. This is most probably not the same as not setting them at all.  In particular, activities which extend past midnight may not accumulate scores.
2026-06-04T02:33:53,468 ERROR PlanCalcScoreConfigGroup$ScoringParameterSet:1544 it looks like you have an activity type with opening time set to 0:00 and closing time set to 24:00. This is most probably not the same as not setting them at all.  In particular, activities which extend past midnight may not accumulate scores.
2026-06-04T02:33:53,468 ERROR PlanCalcScoreConfigGroup$ScoringParameterSet:1544 it looks like you have an activity type with opening time set to 0:00 and closing time set to 24:00. This is most probably not the same as not setting them at all.  In particular, activities which extend past midnight may not accumulate scores.
2026-06-04T02:33:53,468 ERROR PlanCalcScoreConfigGroup$ScoringParameterSet:1544 it looks like you have an activity type with opening time set to 0:00 and closing time set to 24:00. This is most probably not the same as not setting them at all.  In particular, activities which extend past midnight may not accumulate scores.
2026-06-04T02:33:53,468 ERROR PlanCalcScoreConfigGroup$ScoringParameterSet:1544 it looks like you have an activity type with opening time set to 0:00 and closing time set to 24:00. This is most probably not the same as not setting them at all.  In particular, activities which extend past midnight may not accumulate scores.
2026-06-04T02:33:53,468 ERROR PlanCalcScoreConfigGroup$ScoringParameterSet:1544 it looks like you have an activity type with opening time set to 0:00 and closing time set to 24:00. This is most probably not the same as not setting them at all.  In particular, activities which extend past midnight may not accumulate scores.
2026-06-04T02:33:53,468 ERROR PlanCalcScoreConfigGroup$ScoringParameterSet:1544 it looks like you have an activity type with opening time set to 0:00 and closing time set to 24:00. This is most probably not the same as not setting them at all.  In particular, activities which extend past midnight may not accumulate scores.
2026-06-04T02:33:53,468 ERROR PlanCalcScoreConfigGroup$ScoringParameterSet:1544 it looks like you have an activity type with opening time set to 0:00 and closing time set to 24:00. This is most probably not the same as not setting them at all.  In particular, activities which extend past midnight may not accumulate scores.
2026-06-04T02:33:53,468  INFO VspConfigConsistencyCheckerImpl:64 NOT running vsp config consistency check because vsp defaults checking level is set to IGNORE
2026-06-04T02:33:53,470  INFO ControlerUtils:88 Checking consistency of config done.
2026-06-04T02:33:53,531  WARN PrepareForSimImpl:229 'usePersonIdForMissingVehicleId' is deprecated. It will be removed soon.
2026-06-04T02:33:53,533  INFO Counter:70 [VehiclesImpl] added vehicle # 1
2026-06-04T02:33:53,533  INFO Counter:70 [VehiclesImpl] added vehicle # 2
2026-06-04T02:33:53,533  INFO Counter:70 [VehiclesImpl] added vehicle # 4
2026-06-04T02:33:53,533  INFO Counter:70 [VehiclesImpl] added vehicle # 8
2026-06-04T02:33:53,533  INFO Counter:70 [VehiclesImpl] added vehicle # 16
2026-06-04T02:33:53,533  INFO Counter:70 [VehiclesImpl] added vehicle # 32
2026-06-04T02:33:53,534  INFO Counter:70 [VehiclesImpl] added vehicle # 64
2026-06-04T02:33:53,534  INFO Counter:70 [VehiclesImpl] added vehicle # 128
2026-06-04T02:33:53,535  INFO Counter:70 [VehiclesImpl] added vehicle # 256
2026-06-04T02:33:53,537  INFO Counter:70 [VehiclesImpl] added vehicle # 512
2026-06-04T02:33:53,537  INFO Counter:70 [VehiclesImpl] added vehicle # 1024
2026-06-04T02:33:53,538  INFO Counter:70 [VehiclesImpl] added vehicle # 2048
2026-06-04T02:33:53,540  INFO Counter:70 [VehiclesImpl] added vehicle # 4096
2026-06-04T02:33:53,543  INFO Counter:70 [VehiclesImpl] added vehicle # 8192
2026-06-04T02:33:53,550  INFO Counter:70 [VehiclesImpl] added vehicle # 16384
2026-06-04T02:33:53,559  INFO Counter:70 [VehiclesImpl] added vehicle # 32768
2026-06-04T02:33:53,576  INFO Counter:70 [VehiclesImpl] added vehicle # 65536
2026-06-04T02:33:53,613  INFO Counter:70 [VehiclesImpl] added vehicle # 131072
2026-06-04T02:33:54,824  INFO PreProcessDijkstra:119 nodes in dead ends: 532644 (total nodes: 1578531). Done in 1094 ms
2026-06-04T02:33:54,937  INFO PreProcessLandmarks:113 Putting landmarks on network...
2026-06-04T02:33:54,957  INFO LandmarkerPieSlices:97 Filling sectors...
2026-06-04T02:33:55,812  INFO LandmarkerPieSlices:108 Refining landmarks...
2026-06-04T02:33:56,512  INFO LandmarkerPieSlices:110 done
2026-06-04T02:33:56,512  INFO PreProcessLandmarks:116 done in 1575 ms
2026-06-04T02:33:56,512  INFO PreProcessLandmarks:118 Initializing landmarks data
2026-06-04T02:33:56,836  INFO PreProcessLandmarks:130 Calculating distance from each node to each of the 16 landmarks using 8 threads...
2026-06-04T02:33:56,837  INFO PreProcessLandmarks:140 wait for landmarks Calculator to finish...
2026-06-04T02:34:04,188  INFO PreProcessLandmarks:164 done in 7352 ms
2026-06-04T02:34:04,192  INFO NetworkImpl:165  node # 1
2026-06-04T02:34:04,192  INFO NetworkImpl:165  node # 4
2026-06-04T02:34:04,192  INFO NetworkImpl:165  node # 16
2026-06-04T02:34:04,192  INFO NetworkImpl:165  node # 64
2026-06-04T02:34:04,192  INFO NetworkImpl:165  node # 256
2026-06-04T02:34:04,192  INFO NetworkImpl:165  node # 1024
2026-06-04T02:34:04,193  INFO NetworkImpl:165  node # 4096
2026-06-04T02:34:04,194  INFO NetworkImpl:165  node # 16384
2026-06-04T02:34:04,197  INFO NetworkImpl:165  node # 65536
2026-06-04T02:34:04,207  INFO NetworkImpl:165  node # 262144
2026-06-04T02:34:04,228  INFO NetworkImpl:165  node # 1048576
2026-06-04T02:34:04,241  INFO NetworkImpl:161  link # 1
2026-06-04T02:34:04,241  INFO NetworkImpl:161  link # 4
2026-06-04T02:34:04,241  INFO NetworkImpl:161  link # 16
2026-06-04T02:34:04,241  INFO NetworkImpl:161  link # 64
2026-06-04T02:34:04,241  INFO NetworkImpl:161  link # 256
2026-06-04T02:34:04,242  INFO NetworkImpl:161  link # 1024
2026-06-04T02:34:04,244  INFO NetworkImpl:161  link # 4096
2026-06-04T02:34:04,248  INFO NetworkImpl:161  link # 16384
2026-06-04T02:34:04,262  INFO NetworkImpl:161  link # 65536
2026-06-04T02:34:04,306  INFO NetworkImpl:161  link # 262144
2026-06-04T02:34:04,474  INFO NetworkImpl:161  link # 1048576
2026-06-04T02:34:05,424  WARN RandomizingTimeDistanceTravelDisutilityFactory:113 There will be no routing randomness. The randomization of the travel disutility requires the monetary distance rate to be different than zero. Continuing anyway.
2026-06-04T02:34:05,424  WARN RandomizingTimeDistanceTravelDisutilityFactory:118 There will be no routing randomness. The randomization of the travel disutility requires the travel time cost rate to be different than zero. Continuing anyway.
2026-06-04T02:34:05,425  INFO RandomizingTimeDistanceTravelDisutilityFactory:86  sigma: 3.0; resulting normalization: 0.011108996538242306
2026-06-04T02:34:06,790  INFO PreProcessDijkstra:119 nodes in dead ends: 532644 (total nodes: 1578531). Done in 1364 ms
2026-06-04T02:34:06,974  INFO PreProcessLandmarks:113 Putting landmarks on network...
2026-06-04T02:34:07,000  INFO LandmarkerPieSlices:97 Filling sectors...
2026-06-04T02:34:08,018  INFO LandmarkerPieSlices:108 Refining landmarks...
2026-06-04T02:34:08,719  INFO LandmarkerPieSlices:110 done
2026-06-04T02:34:08,719  INFO PreProcessLandmarks:116 done in 1745 ms
2026-06-04T02:34:08,719  INFO PreProcessLandmarks:118 Initializing landmarks data
2026-06-04T02:34:09,033  INFO PreProcessLandmarks:130 Calculating distance from each node to each of the 16 landmarks using 8 threads...
2026-06-04T02:34:09,034  INFO PreProcessLandmarks:140 wait for landmarks Calculator to finish...
2026-06-04T02:34:16,405  INFO PreProcessLandmarks:164 done in 7368 ms
2026-06-04T02:34:16,444  INFO RandomizingTimeDistanceTravelDisutilityFactory:86  sigma: 3.0; resulting normalization: 0.011108996538242306
2026-06-04T02:34:16,478  INFO RandomizingTimeDistanceTravelDisutilityFactory:86  sigma: 3.0; resulting normalization: 0.011108996538242306
2026-06-04T02:34:16,512  INFO RandomizingTimeDistanceTravelDisutilityFactory:86  sigma: 3.0; resulting normalization: 0.011108996538242306
2026-06-04T02:34:16,546  INFO RandomizingTimeDistanceTravelDisutilityFactory:86  sigma: 3.0; resulting normalization: 0.011108996538242306
2026-06-04T02:34:16,579  INFO RandomizingTimeDistanceTravelDisutilityFactory:86  sigma: 3.0; resulting normalization: 0.011108996538242306
2026-06-04T02:34:16,612  INFO RandomizingTimeDistanceTravelDisutilityFactory:86  sigma: 3.0; resulting normalization: 0.011108996538242306
2026-06-04T02:34:16,645  INFO RandomizingTimeDistanceTravelDisutilityFactory:86  sigma: 3.0; resulting normalization: 0.011108996538242306
2026-06-04T02:34:16,706  INFO NetworkImpl:419 building QuadTree for nodes: xrange(-78.952908,-75.9571004); yrange(37.1986182,40.3196966)
2026-06-04T02:34:16,982  INFO NetworkImpl:428 Building QuadTree took 0.297 seconds.
2026-06-04T02:34:17,523  INFO Counter:70 [PersonPrepareForSim] handled person # 1
2026-06-04T02:34:17,550  INFO Counter:70 [PersonPrepareForSim] handled person # 2
2026-06-04T02:34:17,847  INFO Counter:70 [PersonPrepareForSim] handled person # 4
2026-06-04T02:34:17,855  INFO Counter:70 [PersonPrepareForSim] handled person # 8
2026-06-04T02:34:17,958  INFO Counter:70 [PersonPrepareForSim] handled person # 16
2026-06-04T02:34:18,020  INFO Counter:70 [PersonPrepareForSim] handled person # 32
2026-06-04T02:34:18,071  INFO Counter:70 [PersonPrepareForSim] handled person # 64
2026-06-04T02:34:18,186  INFO Counter:70 [PersonPrepareForSim] handled person # 128
2026-06-04T02:34:18,782  INFO Counter:70 [PersonPrepareForSim] handled person # 256
2026-06-04T02:34:19,632  INFO Counter:70 [PersonPrepareForSim] handled person # 512
2026-06-04T02:34:20,794  INFO Counter:70 [PersonPrepareForSim] handled person # 1024
2026-06-04T02:34:22,139  INFO Counter:70 [PersonPrepareForSim] handled person # 2048
2026-06-04T02:34:26,749  INFO Counter:70 [PersonPrepareForSim] handled person # 4096
2026-06-04T02:34:34,587  INFO Counter:70 [PersonPrepareForSim] handled person # 8192
2026-06-04T02:34:48,226  INFO Counter:70 [PersonPrepareForSim] handled person # 16384
2026-06-04T02:34:53,457  INFO MemoryObserver:42 used RAM: 20371 MB  free: 23276 MB  total: 43648 MB
2026-06-04T02:35:19,498  INFO Counter:70 [PersonPrepareForSim] handled person # 32768
2026-06-04T02:35:53,458  INFO MemoryObserver:42 used RAM: 33028 MB  free: 10619 MB  total: 43648 MB
2026-06-04T02:36:15,760  INFO Counter:70 [PersonPrepareForSim] handled person # 65536
2026-06-04T02:36:53,458  INFO MemoryObserver:42 used RAM: 31224 MB  free: 12423 MB  total: 43648 MB
2026-06-04T02:37:53,459  INFO MemoryObserver:42 used RAM: 27330 MB  free: 16317 MB  total: 43648 MB
2026-06-04T02:38:17,401  INFO Counter:70 [PersonPrepareForSim] handled person # 131072
2026-06-04T02:38:53,459  INFO MemoryObserver:42 used RAM: 22150 MB  free: 21497 MB  total: 43648 MB
2026-06-04T02:39:53,460  INFO MemoryObserver:42 used RAM: 37974 MB  free: 5673 MB  total: 43648 MB
2026-06-04T02:40:13,611  INFO Counter:75 [PersonPrepareForSim] handled person # 189830
2026-06-04T02:40:13,850  INFO AbstractController:134 ###################################################
2026-06-04T02:40:13,850  INFO AbstractController:135 ### ITERATION 0 BEGINS
2026-06-04T02:40:13,883  INFO ControlerListenerManagerImpl:146 calling notifyIterationStarts on org.matsim.analysis.LegHistogramListener
2026-06-04T02:40:13,883  INFO ControlerListenerManagerImpl:146 calling notifyIterationStarts on org.matsim.analysis.LinkStatsControlerListener
2026-06-04T02:40:13,883  INFO ControlerListenerManagerImpl:146 calling notifyIterationStarts on org.matsim.core.replanning.ReplanningContextImpl
2026-06-04T02:40:13,883  INFO ControlerListenerManagerImpl:146 calling notifyIterationStarts on org.matsim.core.scoring.ScoringFunctionsForPopulation$$Lambda$242/0x00007777d04a8240
2026-06-04T02:40:13,994  INFO ControlerListenerManagerImpl:146 calling notifyIterationStarts on org.matsim.core.scoring.ExperiencedPlansServiceImpl$1
2026-06-04T02:40:14,002  INFO ControlerListenerManagerImpl:149 [it.0] all ControlerIterationStartsListeners called.
2026-06-04T02:40:14,004  INFO ControlerListenerManagerImpl:225 calling notifyBeforeMobsim on org.matsim.core.controler.corelisteners.EventsHandlingImpl
2026-06-04T02:40:14,004  INFO EventsManagerImpl:168 resetting Event-Handlers
2026-06-04T02:40:14,004  INFO EventsManagerImpl:175   org.matsim.core.trafficmonitoring.TravelTimeCalculator
2026-06-04T02:40:14,168  INFO EventsManagerImpl:175   org.matsim.analysis.VolumesAnalyzer
2026-06-04T02:40:14,172  INFO EventsManagerImpl:175   org.matsim.core.scoring.ScoringFunctionsForPopulation
2026-06-04T02:40:14,173  INFO EventsManagerImpl:175   org.matsim.analysis.LegHistogram
2026-06-04T02:40:14,173  INFO EventsManagerImpl:175   org.matsim.analysis.CalcLegTimes
2026-06-04T02:40:14,179  INFO EventsManagerImpl:138 adding Event-Handler: org.matsim.core.events.algorithms.EventWriterXML
2026-06-04T02:40:14,179  INFO EventsManagerImpl:144   org.matsim.core.events.algorithms.EventWriter
2026-06-04T02:40:14,179  INFO EventsManagerImpl:144   org.matsim.core.events.handler.BasicEventHandler
2026-06-04T02:40:14,179  INFO EventsManagerImpl:205     > org.matsim.api.core.v01.events.Event
2026-06-04T02:40:14,179  INFO EventsManagerImpl:154 
2026-06-04T02:40:14,179  INFO EventsManagerImpl:138 adding Event-Handler: org.matsim.core.events.algorithms.EventWriterXML
2026-06-04T02:40:14,179  INFO EventsManagerImpl:144   org.matsim.core.events.algorithms.EventWriter
2026-06-04T02:40:14,179  INFO EventsManagerImpl:144   org.matsim.core.events.handler.BasicEventHandler
2026-06-04T02:40:14,179  INFO EventsManagerImpl:205     > org.matsim.api.core.v01.events.Event
2026-06-04T02:40:14,179  INFO EventsManagerImpl:154 
2026-06-04T02:40:14,179  INFO ControlerListenerManagerImpl:225 calling notifyBeforeMobsim on org.matsim.core.controler.corelisteners.PlansDumpingImpl
2026-06-04T02:40:14,179  INFO PlansDumpingImpl:77 dumping plans...
2026-06-04T02:40:14,222  INFO Counter:70 [PopulationWriter] dumped person # 1
2026-06-04T02:40:14,222  INFO Counter:70 [PopulationWriter] dumped person # 2
2026-06-04T02:40:14,222  INFO Counter:70 [PopulationWriter] dumped person # 4
2026-06-04T02:40:14,223  INFO Counter:70 [PopulationWriter] dumped person # 8
2026-06-04T02:40:14,223  INFO Counter:70 [PopulationWriter] dumped person # 16
2026-06-04T02:40:14,224  INFO Counter:70 [PopulationWriter] dumped person # 32
2026-06-04T02:40:14,226  INFO Counter:70 [PopulationWriter] dumped person # 64
2026-06-04T02:40:14,232  INFO Counter:70 [PopulationWriter] dumped person # 128
2026-06-04T02:40:14,256  INFO Counter:70 [PopulationWriter] dumped person # 256
2026-06-04T02:40:14,267  INFO Counter:70 [PopulationWriter] dumped person # 512
2026-06-04T02:40:14,295  INFO Counter:70 [PopulationWriter] dumped person # 1024
2026-06-04T02:40:14,334  INFO Counter:70 [PopulationWriter] dumped person # 2048
2026-06-04T02:40:14,416  INFO Counter:70 [PopulationWriter] dumped person # 4096
2026-06-04T02:40:14,579  INFO Counter:70 [PopulationWriter] dumped person # 8192
2026-06-04T02:40:14,844  INFO Counter:70 [PopulationWriter] dumped person # 16384
2026-06-04T02:40:15,342  INFO Counter:70 [PopulationWriter] dumped person # 32768
2026-06-04T02:40:16,348  INFO Counter:70 [PopulationWriter] dumped person # 65536
2026-06-04T02:40:18,356  INFO Counter:70 [PopulationWriter] dumped person # 131072
2026-06-04T02:40:20,263  INFO PopulationWriter:145 Population written to: /home/raziq/Documents/Code/umd/tripsynth/06x_stage1_va_speed/matsim_real/ITERS/it.0/0.plans.xml.gz
2026-06-04T02:40:20,295  INFO Counter:75 [PopulationWriter] dumped person # 189830
2026-06-04T02:40:20,295  INFO PlansDumpingImpl:94 finished plans dump.
2026-06-04T02:40:20,295  INFO ControlerListenerManagerImpl:230 calling notifyBeforeMobsim on org.matsim.core.population.VspPlansCleaner
2026-06-04T02:40:20,340  INFO ControlerListenerManagerImpl:233 [it.0] all ControlerBeforeMobsimListeners called.
2026-06-04T02:40:20,375  INFO RandomizingTimeDistanceTravelDisutilityFactory:86  sigma: 3.0; resulting normalization: 0.011108996538242306
2026-06-04T02:40:20,409  INFO RandomizingTimeDistanceTravelDisutilityFactory:86  sigma: 3.0; resulting normalization: 0.011108996538242306
2026-06-04T02:40:20,644  INFO Counter:70 [PersonPrepareForSim] handled person # 1
2026-06-04T02:40:20,644  INFO Counter:70 [PersonPrepareForSim] handled person # 2
2026-06-04T02:40:20,645  INFO Counter:70 [PersonPrepareForSim] handled person # 8
2026-06-04T02:40:20,645  INFO Counter:70 [PersonPrepareForSim] handled person # 16
2026-06-04T02:40:20,645  INFO Counter:70 [PersonPrepareForSim] handled person # 4
2026-06-04T02:40:20,645  INFO Counter:70 [PersonPrepareForSim] handled person # 64
2026-06-04T02:40:20,645  INFO Counter:70 [PersonPrepareForSim] handled person # 128
2026-06-04T02:40:20,645  INFO Counter:70 [PersonPrepareForSim] handled person # 32
2026-06-04T02:40:20,645  INFO Counter:70 [PersonPrepareForSim] handled person # 256
2026-06-04T02:40:20,645  INFO Counter:70 [PersonPrepareForSim] handled person # 512
2026-06-04T02:40:20,646  INFO Counter:70 [PersonPrepareForSim] handled person # 1024
2026-06-04T02:40:20,646  INFO Counter:70 [PersonPrepareForSim] handled person # 2048
2026-06-04T02:40:20,647  INFO Counter:70 [PersonPrepareForSim] handled person # 4096
2026-06-04T02:40:20,650  INFO Counter:70 [PersonPrepareForSim] handled person # 8192
2026-06-04T02:40:20,654  INFO Counter:70 [PersonPrepareForSim] handled person # 16384
2026-06-04T02:40:20,663  INFO Counter:70 [PersonPrepareForSim] handled person # 32768
2026-06-04T02:40:20,679  INFO Counter:70 [PersonPrepareForSim] handled person # 65536
2026-06-04T02:40:20,710  INFO Counter:70 [PersonPrepareForSim] handled person # 131072
2026-06-04T02:40:20,737  INFO Counter:75 [PersonPrepareForSim] handled person # 189830
2026-06-04T02:40:20,760  INFO MobsimListenerManager:50 calling addQueueSimulationListener
2026-06-04T02:40:20,760  INFO MobsimListenerManager:54   assigned class org.matsim.core.mobsim.framework.listeners.MobsimListener to interface org.matsim.core.mobsim.framework.listeners.MobsimAfterSimStepListener
2026-06-04T02:40:20,761  INFO MobsimListenerManager:54   assigned class org.matsim.core.mobsim.framework.listeners.MobsimListener to interface org.matsim.core.mobsim.framework.listeners.MobsimListener
2026-06-04T02:40:20,761  INFO MobsimListenerManager:54   assigned class org.matsim.core.mobsim.framework.listeners.MobsimListener to interface org.matsim.vis.snapshotwriters.SnapshotWriterManager
2026-06-04T02:40:20,761  INFO MobsimListenerManager:54   assigned class org.matsim.core.mobsim.framework.listeners.MobsimListener to interface org.matsim.core.mobsim.framework.listeners.MobsimInitializedListener
2026-06-04T02:40:20,761  INFO MobsimListenerManager:54   assigned class org.matsim.core.mobsim.framework.listeners.MobsimListener to interface org.matsim.core.mobsim.framework.listeners.MobsimBeforeCleanupListener
2026-06-04T02:40:23,337  WARN QueueWithBuffer:500 Link osm_140479257_1_fwd too small: enlarge storage capacity from: 2.5410666666666666 Vehicles to: 3.552945563012677 Vehicles.  This is not fatal, but modifies the traffic flow dynamics.
2026-06-04T02:40:23,340  WARN QueueWithBuffer:500 Link osm_140479257_1_rev too small: enlarge storage capacity from: 2.5410666666666666 Vehicles to: 3.552945563012677 Vehicles.  This is not fatal, but modifies the traffic flow dynamics.
2026-06-04T02:40:26,242  INFO QSimProvider:131 Added MobsimEngine class org.matsim.core.mobsim.qsim.ActivityEngineDefaultImpl
2026-06-04T02:40:26,242  INFO QSimProvider:137 Added Activityhandler class org.matsim.core.mobsim.qsim.ActivityEngineDefaultImpl
2026-06-04T02:40:26,242  INFO QSimProvider:143 Added DepartureHandler class org.matsim.core.mobsim.qsim.qnetsimengine.VehicularDepartureHandler
2026-06-04T02:40:26,242  INFO QSimProvider:131 Added MobsimEngine class org.matsim.core.mobsim.qsim.qnetsimengine.QNetsimEngineWithThreadpool
2026-06-04T02:40:26,242  INFO QSimProvider:131 Added MobsimEngine class org.matsim.core.mobsim.qsim.DefaultTeleportationEngine
2026-06-04T02:40:26,242  INFO QSimProvider:143 Added DepartureHandler class org.matsim.core.mobsim.qsim.DefaultTeleportationEngine
2026-06-04T02:40:26,242  INFO QSimProvider:149 Added AgentSource class org.matsim.core.mobsim.qsim.agents.PopulationAgentSource
2026-06-04T02:40:26,242  INFO MobsimListenerManager:50 calling addQueueSimulationListener
2026-06-04T02:40:26,242  INFO MobsimListenerManager:54   assigned class org.matsim.core.mobsim.framework.listeners.MobsimListener to interface org.matsim.core.mobsim.qsim.messagequeueengine.MessageQueueEngine
2026-06-04T02:40:26,242  INFO MobsimListenerManager:54   assigned class org.matsim.core.mobsim.framework.listeners.MobsimListener to interface org.matsim.core.mobsim.framework.listeners.MobsimListener
2026-06-04T02:40:26,242  INFO MobsimListenerManager:54   assigned class org.matsim.core.mobsim.framework.listeners.MobsimListener to interface org.matsim.core.mobsim.framework.listeners.MobsimBeforeSimStepListener
2026-06-04T02:40:26,242  INFO QSimProvider:155 Added MobsimListener class org.matsim.core.mobsim.qsim.messagequeueengine.MessageQueueEngine
2026-06-04T02:40:26,246  INFO PopulationUtils:1202 adding scenario element for allpersons container
2026-06-04T02:40:26,246  INFO PopulationImpl:107  person # 1
2026-06-04T02:40:26,246  INFO PopulationImpl:107  person # 4
2026-06-04T02:40:26,246  INFO PopulationImpl:107  person # 16
2026-06-04T02:40:26,246  INFO PopulationImpl:107  person # 64
2026-06-04T02:40:26,247  INFO PopulationImpl:107  person # 256
2026-06-04T02:40:26,248  INFO PopulationImpl:107  person # 1024
2026-06-04T02:40:26,251  INFO PopulationImpl:107  person # 4096
2026-06-04T02:40:26,263  INFO PopulationImpl:107  person # 16384
2026-06-04T02:40:26,305  INFO PopulationImpl:107  person # 65536
2026-06-04T02:40:26,355  INFO VehicleUtils:328 adding scenario element for allvehicles container
2026-06-04T02:40:26,355  INFO Counter:70 [VehiclesImpl] added vehicle # 1
2026-06-04T02:40:26,355  INFO Counter:70 [VehiclesImpl] added vehicle # 2
2026-06-04T02:40:26,355  INFO Counter:70 [VehiclesImpl] added vehicle # 4
2026-06-04T02:40:26,355  INFO Counter:70 [VehiclesImpl] added vehicle # 8
2026-06-04T02:40:26,355  INFO Counter:70 [VehiclesImpl] added vehicle # 16
2026-06-04T02:40:26,355  INFO Counter:70 [VehiclesImpl] added vehicle # 32
2026-06-04T02:40:26,355  INFO Counter:70 [VehiclesImpl] added vehicle # 64
2026-06-04T02:40:26,355  INFO Counter:70 [VehiclesImpl] added vehicle # 128
2026-06-04T02:40:26,356  INFO Counter:70 [VehiclesImpl] added vehicle # 256
2026-06-04T02:40:26,356  INFO Counter:70 [VehiclesImpl] added vehicle # 512
2026-06-04T02:40:26,357  INFO Counter:70 [VehiclesImpl] added vehicle # 1024
2026-06-04T02:40:26,359  INFO Counter:70 [VehiclesImpl] added vehicle # 2048
2026-06-04T02:40:26,360  INFO Counter:70 [VehiclesImpl] added vehicle # 4096
2026-06-04T02:40:26,365  INFO Counter:70 [VehiclesImpl] added vehicle # 8192
2026-06-04T02:40:26,371  INFO Counter:70 [VehiclesImpl] added vehicle # 16384
2026-06-04T02:40:26,383  INFO Counter:70 [VehiclesImpl] added vehicle # 32768
2026-06-04T02:40:26,406  INFO Counter:70 [VehiclesImpl] added vehicle # 65536
2026-06-04T02:40:26,456  INFO Counter:70 [VehiclesImpl] added vehicle # 131072
2026-06-04T02:40:27,539  INFO AbstractQNetsimEngine:428 Assigned 197317 nodes and 415491 links to QSimEngineRunner #0
2026-06-04T02:40:27,540  INFO AbstractQNetsimEngine:428 Assigned 197317 nodes and 415743 links to QSimEngineRunner #1
2026-06-04T02:40:27,540  INFO AbstractQNetsimEngine:428 Assigned 197317 nodes and 415617 links to QSimEngineRunner #2
2026-06-04T02:40:27,540  INFO AbstractQNetsimEngine:428 Assigned 197316 nodes and 415732 links to QSimEngineRunner #3
2026-06-04T02:40:27,540  INFO AbstractQNetsimEngine:428 Assigned 197316 nodes and 415966 links to QSimEngineRunner #4
2026-06-04T02:40:27,540  INFO AbstractQNetsimEngine:428 Assigned 197316 nodes and 415737 links to QSimEngineRunner #5
2026-06-04T02:40:27,540  INFO AbstractQNetsimEngine:428 Assigned 197316 nodes and 415504 links to QSimEngineRunner #6
2026-06-04T02:40:27,540  INFO AbstractQNetsimEngine:428 Assigned 197316 nodes and 415402 links to QSimEngineRunner #7
2026-06-04T02:40:27,630  INFO EventsManagerImpl:115  event # 1
2026-06-04T02:40:27,633  INFO EventsManagerImpl:115  event # 4
2026-06-04T02:40:27,633  INFO EventsManagerImpl:115  event # 16
2026-06-04T02:40:27,634  INFO EventsManagerImpl:115  event # 64
2026-06-04T02:40:27,635  INFO AbstractQNetsimEngine:366 SIMULATION (QNetsimEngine) AT 00:00:00 : #links=7 #nodes=7
2026-06-04T02:40:27,636  INFO EventsManagerImpl:115  event # 256
2026-06-04T02:40:27,637  INFO QSim:566 SIMULATION (NEW QSim) AT 00:00:00 : #Veh=189816 lost=0 simT=0.0s realT=6s; (s/r): 0.0
2026-06-04T02:40:27,646  INFO EventsManagerImpl:115  event # 1024
2026-06-04T02:40:27,655  INFO EventsManagerImpl:115  event # 4096
2026-06-04T02:40:27,690  INFO EventsManagerImpl:115  event # 16384
2026-06-04T02:40:27,813  INFO EventsManagerImpl:115  event # 65536
2026-06-04T02:40:28,045  INFO AbstractQNetsimEngine:366 SIMULATION (QNetsimEngine) AT 01:00:00 : #links=61 #nodes=97
2026-06-04T02:40:28,045  INFO QSim:566 SIMULATION (NEW QSim) AT 01:00:00 : #Veh=189619 lost=0 simT=3600.0s realT=7s; (s/r): 514.2857142857143
2026-06-04T02:40:28,059  INFO EventsManagerImpl:115  event # 262144
2026-06-04T02:40:28,242  INFO AbstractQNetsimEngine:366 SIMULATION (QNetsimEngine) AT 02:00:00 : #links=3 #nodes=3
2026-06-04T02:40:28,242  INFO QSim:566 SIMULATION (NEW QSim) AT 02:00:00 : #Veh=189378 lost=0 simT=7200.0s realT=7s; (s/r): 1028.5714285714287
2026-06-04T02:40:28,390  INFO AbstractQNetsimEngine:366 SIMULATION (QNetsimEngine) AT 03:00:00 : #links=54 #nodes=75
2026-06-04T02:40:28,391  INFO QSim:566 SIMULATION (NEW QSim) AT 03:00:00 : #Veh=189291 lost=0 simT=10800.0s realT=7s; (s/r): 1542.857142857143
2026-06-04T02:40:28,632  INFO AbstractQNetsimEngine:366 SIMULATION (QNetsimEngine) AT 04:00:00 : #links=57 #nodes=48
2026-06-04T02:40:28,632  INFO QSim:566 SIMULATION (NEW QSim) AT 04:00:00 : #Veh=189039 lost=0 simT=14400.0s realT=7s; (s/r): 2057.1428571428573
2026-06-04T02:40:29,020  INFO EventsManagerImpl:115  event # 1048576
2026-06-04T02:40:29,641  INFO AbstractQNetsimEngine:366 SIMULATION (QNetsimEngine) AT 05:00:00 : #links=225 #nodes=296
2026-06-04T02:40:29,641  INFO QSim:566 SIMULATION (NEW QSim) AT 05:00:00 : #Veh=188514 lost=0 simT=18000.0s realT=8s; (s/r): 2250.0
2026-06-04T02:40:33,155  INFO AbstractQNetsimEngine:366 SIMULATION (QNetsimEngine) AT 06:00:00 : #links=605 #nodes=823
2026-06-04T02:40:33,155  INFO QSim:566 SIMULATION (NEW QSim) AT 06:00:00 : #Veh=186196 lost=0 simT=21600.0s realT=12s; (s/r): 1800.0
2026-06-04T02:40:33,379  INFO EventsManagerImpl:115  event # 4194304
2026-06-04T02:40:42,181  INFO AbstractQNetsimEngine:366 SIMULATION (QNetsimEngine) AT 07:00:00 : #links=1160 #nodes=1532
2026-06-04T02:40:42,181  INFO QSim:566 SIMULATION (NEW QSim) AT 07:00:00 : #Veh=180085 lost=0 simT=25200.0s realT=21s; (s/r): 1200.0
2026-06-04T02:40:51,904  INFO EventsManagerImpl:115  event # 16777216
2026-06-04T02:40:53,460  INFO MemoryObserver:42 used RAM: 22008 MB  free: 22471 MB  total: 44480 MB
2026-06-04T02:40:57,943  INFO AbstractQNetsimEngine:366 SIMULATION (QNetsimEngine) AT 08:00:00 : #links=1644 #nodes=2427
2026-06-04T02:40:57,943  INFO QSim:566 SIMULATION (NEW QSim) AT 08:00:00 : #Veh=166964 lost=0 simT=28800.0s realT=37s; (s/r): 778.3783783783783
2026-06-04T02:41:11,285  INFO AbstractQNetsimEngine:366 SIMULATION (QNetsimEngine) AT 09:00:00 : #links=1162 #nodes=1711
2026-06-04T02:41:11,285  INFO QSim:566 SIMULATION (NEW QSim) AT 09:00:00 : #Veh=152733 lost=0 simT=32400.0s realT=50s; (s/r): 648.0
2026-06-04T02:41:21,094  INFO AbstractQNetsimEngine:366 SIMULATION (QNetsimEngine) AT 10:00:00 : #links=801 #nodes=1089
2026-06-04T02:41:21,094  INFO QSim:566 SIMULATION (NEW QSim) AT 10:00:00 : #Veh=140897 lost=0 simT=36000.0s realT=60s; (s/r): 600.0
2026-06-04T02:41:29,428  INFO AbstractQNetsimEngine:366 SIMULATION (QNetsimEngine) AT 11:00:00 : #links=798 #nodes=1025
2026-06-04T02:41:29,428  INFO QSim:566 SIMULATION (NEW QSim) AT 11:00:00 : #Veh=130543 lost=0 simT=39600.0s realT=68s; (s/r): 582.3529411764706
2026-06-04T02:41:38,569  INFO AbstractQNetsimEngine:366 SIMULATION (QNetsimEngine) AT 12:00:00 : #links=852 #nodes=1182
2026-06-04T02:41:38,569  INFO QSim:566 SIMULATION (NEW QSim) AT 12:00:00 : #Veh=118480 lost=0 simT=43200.0s realT=77s; (s/r): 561.038961038961
2026-06-04T02:41:47,857  INFO AbstractQNetsimEngine:366 SIMULATION (QNetsimEngine) AT 13:00:00 : #links=803 #nodes=1067
2026-06-04T02:41:47,857  INFO QSim:566 SIMULATION (NEW QSim) AT 13:00:00 : #Veh=105338 lost=0 simT=46800.0s realT=87s; (s/r): 537.9310344827586
2026-06-04T02:41:53,461  INFO MemoryObserver:42 used RAM: 32678 MB  free: 11801 MB  total: 44480 MB
2026-06-04T02:41:55,923  INFO AbstractQNetsimEngine:366 SIMULATION (QNetsimEngine) AT 14:00:00 : #links=841 #nodes=1105
2026-06-04T02:41:55,923  INFO QSim:566 SIMULATION (NEW QSim) AT 14:00:00 : #Veh=94549 lost=0 simT=50400.0s realT=95s; (s/r): 530.5263157894736
2026-06-04T02:42:05,215  INFO EventsManagerImpl:115  event # 67108864
2026-06-04T02:42:05,403  INFO AbstractQNetsimEngine:366 SIMULATION (QNetsimEngine) AT 15:00:00 : #links=1045 #nodes=1414
2026-06-04T02:42:05,403  INFO QSim:566 SIMULATION (NEW QSim) AT 15:00:00 : #Veh=82796 lost=0 simT=54000.0s realT=104s; (s/r): 519.2307692307693
2026-06-04T02:42:19,074  INFO AbstractQNetsimEngine:366 SIMULATION (QNetsimEngine) AT 16:00:00 : #links=1354 #nodes=1815
2026-06-04T02:42:19,074  INFO QSim:566 SIMULATION (NEW QSim) AT 16:00:00 : #Veh=68872 lost=0 simT=57600.0s realT=118s; (s/r): 488.135593220339
2026-06-04T02:42:36,025  INFO AbstractQNetsimEngine:366 SIMULATION (QNetsimEngine) AT 17:00:00 : #links=1595 #nodes=2278
2026-06-04T02:42:36,025  INFO QSim:566 SIMULATION (NEW QSim) AT 17:00:00 : #Veh=52350 lost=0 simT=61200.0s realT=135s; (s/r): 453.3333333333333
2026-06-04T02:42:53,100  INFO AbstractQNetsimEngine:366 SIMULATION (QNetsimEngine) AT 18:00:00 : #links=1252 #nodes=1768
2026-06-04T02:42:53,100  INFO QSim:566 SIMULATION (NEW QSim) AT 18:00:00 : #Veh=35392 lost=0 simT=64800.0s realT=152s; (s/r): 426.3157894736842
2026-06-04T02:42:53,461  INFO MemoryObserver:42 used RAM: 26842 MB  free: 17637 MB  total: 44480 MB
2026-06-04T02:43:03,667  INFO AbstractQNetsimEngine:366 SIMULATION (QNetsimEngine) AT 19:00:00 : #links=789 #nodes=1077
2026-06-04T02:43:03,667  INFO QSim:566 SIMULATION (NEW QSim) AT 19:00:00 : #Veh=22589 lost=0 simT=68400.0s realT=162s; (s/r): 422.22222222222223
2026-06-04T02:43:10,424  INFO AbstractQNetsimEngine:366 SIMULATION (QNetsimEngine) AT 20:00:00 : #links=589 #nodes=783
2026-06-04T02:43:10,424  INFO QSim:566 SIMULATION (NEW QSim) AT 20:00:00 : #Veh=13550 lost=0 simT=72000.0s realT=169s; (s/r): 426.03550295857985
2026-06-04T02:43:15,220  INFO AbstractQNetsimEngine:366 SIMULATION (QNetsimEngine) AT 21:00:00 : #links=501 #nodes=655
2026-06-04T02:43:15,220  INFO QSim:566 SIMULATION (NEW QSim) AT 21:00:00 : #Veh=7136 lost=0 simT=75600.0s realT=174s; (s/r): 434.48275862068965
2026-06-04T02:43:18,044  INFO AbstractQNetsimEngine:366 SIMULATION (QNetsimEngine) AT 22:00:00 : #links=223 #nodes=307
2026-06-04T02:43:18,044  INFO QSim:566 SIMULATION (NEW QSim) AT 22:00:00 : #Veh=3066 lost=0 simT=79200.0s realT=177s; (s/r): 447.45762711864404
2026-06-04T02:43:19,655  INFO AbstractQNetsimEngine:366 SIMULATION (QNetsimEngine) AT 23:00:00 : #links=155 #nodes=219
2026-06-04T02:43:19,655  INFO QSim:566 SIMULATION (NEW QSim) AT 23:00:00 : #Veh=1060 lost=0 simT=82800.0s realT=178s; (s/r): 465.1685393258427
2026-06-04T02:43:20,436  INFO AbstractQNetsimEngine:366 SIMULATION (QNetsimEngine) AT 24:00:00 : #links=77 #nodes=118
2026-06-04T02:43:20,436  INFO QSim:566 SIMULATION (NEW QSim) AT 24:00:00 : #Veh=148 lost=0 simT=86400.0s realT=179s; (s/r): 482.6815642458101
2026-06-04T02:43:21,226  INFO AbstractController$9:235 ### ITERATION 0 fires after mobsim event
2026-06-04T02:43:21,226  INFO ControlerListenerManagerImpl:249 calling notifyAfterMobsim on org.matsim.analysis.LegTimesControlerListener
2026-06-04T02:43:21,227  INFO Gbl:192 Thread performance: Thread=class org.matsim.core.events.SimStepParallelEventsManagerImpl$ProcessEventsRunnable0  cpu-time=168.185642156sec
2026-06-04T02:43:21,229  INFO LegTimesControlerListener:51 [0] average trip (probably: leg) duration is: 789 seconds = 00:13:09
2026-06-04T02:43:21,229  INFO ControlerListenerManagerImpl:249 calling notifyAfterMobsim on org.matsim.core.events.MobsimScopeEventHandling
2026-06-04T02:43:21,230  INFO ControlerListenerManagerImpl:249 calling notifyAfterMobsim on org.matsim.core.scoring.EventsToActivities$1
2026-06-04T02:43:21,230  WARN CharyparNagelActivityScoring:247 The first and the last activity do not have the same type. 
2026-06-04T02:43:21,230  WARN CharyparNagelActivityScoring:248 Will score the first activity from midnight to its end, and the last activity from its start to midnight.
2026-06-04T02:43:21,230  WARN CharyparNagelActivityScoring:249 Because of the nonlinear function, this is not the same as scoring from start to end.
2026-06-04T02:43:21,232  WARN CharyparNagelActivityScoring:250 first activity: act [type=act_7][coord=[x=-77.227406 | y=38.917907]][linkId=osm_476062508_5_fwd][startTime=undefined][endTime=06:57:00][duration=undefined][facilityId=null]
2026-06-04T02:43:21,232  WARN CharyparNagelActivityScoring:251 last activity: act [type=act_2][coord=[x=-77.20503 | y=38.922961]][linkId=osm_239148611_5_fwd][startTime=07:01:55][endTime=undefined][duration=undefined][facilityId=null]
2026-06-04T02:43:21,232  WARN CharyparNagelActivityScoring:252 This may also happen when plans are not completed when the simulation ends.
2026-06-04T02:43:21,232  WARN CharyparNagelActivityScoring:254 Additional warnings of this type are suppressed.
2026-06-04T02:43:21,233  WARN CharyparNagelActivityScoring:229 There are opening or closing times defined for the first and last activity. The correctness of the scoring function can thus not be guaranteed.
2026-06-04T02:43:21,233  WARN CharyparNagelActivityScoring:230 first activity: act [type=act_2][coord=[x=-77.225175 | y=38.680159]][linkId=osm_815496574_1_fwd][startTime=undefined][endTime=10:49:00][duration=undefined][facilityId=null]
2026-06-04T02:43:21,233  WARN CharyparNagelActivityScoring:231 last activity: act [type=act_2][coord=[x=-77.258364 | y=38.675535]][linkId=osm_20425582_4_fwd][startTime=10:53:01][endTime=undefined][duration=undefined][facilityId=null]
2026-06-04T02:43:21,233  WARN CharyparNagelActivityScoring:229 There are opening or closing times defined for the first and last activity. The correctness of the scoring function can thus not be guaranteed.
2026-06-04T02:43:21,233  WARN CharyparNagelActivityScoring:230 first activity: act [type=act_2][coord=[x=-77.225175 | y=38.680159]][linkId=osm_815496574_1_fwd][startTime=undefined][endTime=10:49:00][duration=undefined][facilityId=null]
2026-06-04T02:43:21,233  WARN CharyparNagelActivityScoring:231 last activity: act [type=act_2][coord=[x=-77.258364 | y=38.675535]][linkId=osm_20425582_4_fwd][startTime=10:52:54][endTime=undefined][duration=undefined][facilityId=null]
2026-06-04T02:43:21,233  WARN CharyparNagelActivityScoring:229 There are opening or closing times defined for the first and last activity. The correctness of the scoring function can thus not be guaranteed.
2026-06-04T02:43:21,233  WARN CharyparNagelActivityScoring:230 first activity: act [type=act_2][coord=[x=-77.258364 | y=38.675535]][linkId=osm_20425582_4_fwd][startTime=undefined][endTime=11:40:00][duration=undefined][facilityId=null]
2026-06-04T02:43:21,233  WARN CharyparNagelActivityScoring:231 last activity: act [type=act_2][coord=[x=-77.194587 | y=38.730908]][linkId=osm_146349305_2_fwd][startTime=11:50:47][endTime=undefined][duration=undefined][facilityId=null]
2026-06-04T02:43:21,233  WARN CharyparNagelActivityScoring:229 There are opening or closing times defined for the first and last activity. The correctness of the scoring function can thus not be guaranteed.
2026-06-04T02:43:21,233  WARN CharyparNagelActivityScoring:230 first activity: act [type=act_2][coord=[x=-77.258364 | y=38.675535]][linkId=osm_20425582_4_fwd][startTime=undefined][endTime=11:40:00][duration=undefined][facilityId=null]
2026-06-04T02:43:21,233  WARN CharyparNagelActivityScoring:231 last activity: act [type=act_2][coord=[x=-77.194587 | y=38.730908]][linkId=osm_146349305_2_fwd][startTime=11:50:40][endTime=undefined][duration=undefined][facilityId=null]
2026-06-04T02:43:21,233  WARN CharyparNagelActivityScoring:229 There are opening or closing times defined for the first and last activity. The correctness of the scoring function can thus not be guaranteed.
2026-06-04T02:43:21,233  WARN CharyparNagelActivityScoring:230 first activity: act [type=act_2][coord=[x=-77.258364 | y=38.675535]][linkId=osm_20425582_4_fwd][startTime=undefined][endTime=11:40:00][duration=undefined][facilityId=null]
2026-06-04T02:43:21,233  WARN CharyparNagelActivityScoring:231 last activity: act [type=act_2][coord=[x=-77.194587 | y=38.730908]][linkId=osm_146349305_2_fwd][startTime=11:50:33][endTime=undefined][duration=undefined][facilityId=null]
2026-06-04T02:43:21,233  WARN CharyparNagelActivityScoring:229 There are opening or closing times defined for the first and last activity. The correctness of the scoring function can thus not be guaranteed.
2026-06-04T02:43:21,233  WARN CharyparNagelActivityScoring:230 first activity: act [type=act_2][coord=[x=-77.605626 | y=38.796024]][linkId=osm_236700730_6_fwd][startTime=undefined][endTime=08:04:00][duration=undefined][facilityId=null]
2026-06-04T02:43:21,233  WARN CharyparNagelActivityScoring:231 last activity: act [type=act_2][coord=[x=-77.606835 | y=38.791314]][linkId=osm_222148220_6_fwd][startTime=08:05:43][endTime=undefined][duration=undefined][facilityId=null]
2026-06-04T02:43:21,233  WARN CharyparNagelActivityScoring:229 There are opening or closing times defined for the first and last activity. The correctness of the scoring function can thus not be guaranteed.
2026-06-04T02:43:21,233  WARN CharyparNagelActivityScoring:230 first activity: act [type=act_7][coord=[x=-77.469702 | y=39.026776]][linkId=osm_8806211_30_fwd][startTime=undefined][endTime=19:30:00][duration=undefined][facilityId=null]
2026-06-04T02:43:21,233  WARN CharyparNagelActivityScoring:231 last activity: act [type=act_7][coord=[x=-77.456367 | y=39.017992]][linkId=osm_298242698_21_fwd][startTime=19:37:36][endTime=undefined][duration=undefined][facilityId=null]
2026-06-04T02:43:21,233  WARN CharyparNagelActivityScoring:229 There are opening or closing times defined for the first and last activity. The correctness of the scoring function can thus not be guaranteed.
2026-06-04T02:43:21,233  WARN CharyparNagelActivityScoring:230 first activity: act [type=act_7][coord=[x=-77.469702 | y=39.026776]][linkId=osm_8806211_30_fwd][startTime=undefined][endTime=19:30:00][duration=undefined][facilityId=null]
2026-06-04T02:43:21,233  WARN CharyparNagelActivityScoring:231 last activity: act [type=act_7][coord=[x=-77.456367 | y=39.017992]][linkId=osm_298242698_21_fwd][startTime=19:36:46][endTime=undefined][duration=undefined][facilityId=null]
2026-06-04T02:43:21,233  WARN CharyparNagelActivityScoring:229 There are opening or closing times defined for the first and last activity. The correctness of the scoring function can thus not be guaranteed.
2026-06-04T02:43:21,233  WARN CharyparNagelActivityScoring:230 first activity: act [type=act_7][coord=[x=-77.469702 | y=39.026776]][linkId=osm_8806211_30_fwd][startTime=undefined][endTime=19:30:00][duration=undefined][facilityId=null]
2026-06-04T02:43:21,233  WARN CharyparNagelActivityScoring:231 last activity: act [type=act_7][coord=[x=-77.456367 | y=39.017992]][linkId=osm_298242698_21_fwd][startTime=19:36:39][endTime=undefined][duration=undefined][facilityId=null]
2026-06-04T02:43:21,233  WARN CharyparNagelActivityScoring:229 There are opening or closing times defined for the first and last activity. The correctness of the scoring function can thus not be guaranteed.
2026-06-04T02:43:21,233  WARN CharyparNagelActivityScoring:230 first activity: act [type=act_7][coord=[x=-77.469702 | y=39.026776]][linkId=osm_8806211_30_fwd][startTime=undefined][endTime=19:30:00][duration=undefined][facilityId=null]
2026-06-04T02:43:21,233  WARN CharyparNagelActivityScoring:231 last activity: act [type=act_7][coord=[x=-77.456367 | y=39.017992]][linkId=osm_298242698_21_fwd][startTime=19:36:32][endTime=undefined][duration=undefined][facilityId=null]
2026-06-04T02:43:21,233  WARN CharyparNagelActivityScoring:229 There are opening or closing times defined for the first and last activity. The correctness of the scoring function can thus not be guaranteed.
2026-06-04T02:43:21,233  WARN CharyparNagelActivityScoring:230 first activity: act [type=act_7][coord=[x=-77.469702 | y=39.026776]][linkId=osm_8806211_30_fwd][startTime=undefined][endTime=19:30:00][duration=undefined][facilityId=null]
2026-06-04T02:43:21,233  WARN CharyparNagelActivityScoring:231 last activity: act [type=act_7][coord=[x=-77.456367 | y=39.017992]][linkId=osm_298242698_21_fwd][startTime=19:36:24][endTime=undefined][duration=undefined][facilityId=null]
2026-06-04T02:43:21,233  WARN CharyparNagelActivityScoring:233 Additional warnings of this type are suppressed.
2026-06-04T02:43:21,295  INFO ControlerListenerManagerImpl:252 [it.0] all ControlerAfterMobsimListeners called.
2026-06-04T02:43:21,296  INFO AbstractController$4:160 ### ITERATION 0 fires scoring event
2026-06-04T02:43:21,296  INFO ControlerListenerManagerImpl:184 calling notifyScoring on org.matsim.core.scoring.PlansScoringImpl
2026-06-04T02:43:21,346  INFO NewScoreAssignerImpl:58 it: 0 msaStart: null
2026-06-04T02:43:21,384  INFO ControlerListenerManagerImpl:195 [it.0] all ControlerScoringListeners called.
2026-06-04T02:43:21,385  INFO AbstractController$5:168 ### ITERATION 0 fires iteration end event
2026-06-04T02:43:21,385  INFO ControlerListenerManagerImpl:161 calling notifyIterationEnds on org.matsim.core.controler.corelisteners.EventsHandlingImpl
2026-06-04T02:43:21,386  INFO EventsManagerImpl:159 removing Event-Handler: org.matsim.core.events.algorithms.EventWriterXML
2026-06-04T02:43:21,386  INFO EventsManagerImpl:159 removing Event-Handler: org.matsim.core.events.algorithms.EventWriterXML
2026-06-04T02:43:21,386  INFO ControlerListenerManagerImpl:161 calling notifyIterationEnds on org.matsim.core.scoring.PlansScoringImpl
2026-06-04T02:43:21,412  INFO ControlerListenerManagerImpl:168 calling notifyIterationEnds on org.matsim.counts.CountsControlerListener
2026-06-04T02:43:21,413  INFO ControlerListenerManagerImpl:168 calling notifyIterationEnds on org.matsim.analysis.ModeStatsControlerListener
2026-06-04T02:43:21,466  INFO ModeStatsControlerListener:145 Mode shares over all 189830.0 trips found. MainModeIdentifier: class org.matsim.core.router.RoutingModeMainModeIdentifier
2026-06-04T02:43:21,466  INFO ModeStatsControlerListener:152 -- mode share of mode car = 1.0
2026-06-04T02:43:21,467  INFO ControlerListenerManagerImpl:168 calling notifyIterationEnds on org.matsim.analysis.ScoreStatsControlerListener
2026-06-04T02:43:21,487  INFO ScoreStatsControlerListener:182 -- avg. score of the executed plan of each agent: 125.63310954222445
2026-06-04T02:43:21,487  INFO ScoreStatsControlerListener:183 -- avg. score of the worst plan of each agent: 125.63310954222445
2026-06-04T02:43:21,487  INFO ScoreStatsControlerListener:184 -- avg. of the avg. plan score per agent: 125.63310954222445
2026-06-04T02:43:21,487  INFO ScoreStatsControlerListener:185 -- avg. score of the best plan of each agent: 125.63310954222445
2026-06-04T02:43:21,488  INFO ControlerListenerManagerImpl:168 calling notifyIterationEnds on org.matsim.analysis.IterationTravelStatsControlerListener
2026-06-04T02:43:21,537  INFO TravelDistanceStats:144 -- average leg distance per plan (executed plans only): 11645.137172312068 meters
2026-06-04T02:43:21,538  INFO TravelDistanceStats:145 average leg distance per Person (executed plans only): 11645.137172312068 meters (statistic on all 189830 legs which have a finite distance)
2026-06-04T02:43:21,538  INFO TravelDistanceStats:146 -- average trip distance per plan (executed plans only): 11645.137172312068 meters
2026-06-04T02:43:21,538  INFO TravelDistanceStats:147 average trip distance per Person (executed plans only): 11645.137172312068 meters (statistic on all 189830 trips which have a finite distance)
2026-06-04T02:43:21,538  INFO TravelDistanceStats:148 (TravelDistanceStats takes an average over all legs where the simulation reports travelled (network) distances
2026-06-04T02:43:21,538  INFO TravelDistanceStats:149 (and teleported legs whose route contains a distance.)
2026-06-04T02:43:22,833  INFO ControlerListenerManagerImpl:168 calling notifyIterationEnds on org.matsim.analysis.LegHistogramListener
2026-06-04T02:43:22,835  INFO LegHistogramListener:73 number of legs:	189830	100%
2026-06-04T02:43:22,836  INFO LegHistogramListener:80 number of car legs:	189830	100.0%
2026-06-04T02:43:22,836  INFO ControlerListenerManagerImpl:168 calling notifyIterationEnds on org.matsim.analysis.LinkStatsControlerListener
2026-06-04T02:43:22,836  INFO ControlerListenerManagerImpl:172 [it.0] all ControlerIterationEndsListeners called.
2026-06-04T02:43:22,836  INFO AbstractController:182 ### ITERATION 0 ENDS
2026-06-04T02:43:22,836  INFO AbstractController:183 ###################################################
2026-06-04T02:43:22,836  INFO MatsimRuntimeModifications:80 S H U T D O W N   ---   start shutdown.
2026-06-04T02:43:22,836  INFO ControlerListenerManagerImpl:122 calling notifyShutdown on org.matsim.core.controler.corelisteners.EventsHandlingImpl
2026-06-04T02:43:22,836  INFO ControlerListenerManagerImpl:122 calling notifyShutdown on org.matsim.core.controler.corelisteners.DumpDataAtEndImpl
2026-06-04T02:43:22,882  INFO Counter:70 [PopulationWriter] dumped person # 1
2026-06-04T02:43:22,882  INFO Counter:70 [PopulationWriter] dumped person # 2
2026-06-04T02:43:22,883  INFO Counter:70 [PopulationWriter] dumped person # 4
2026-06-04T02:43:22,883  INFO Counter:70 [PopulationWriter] dumped person # 8
2026-06-04T02:43:22,883  INFO Counter:70 [PopulationWriter] dumped person # 16
2026-06-04T02:43:22,883  INFO Counter:70 [PopulationWriter] dumped person # 32
2026-06-04T02:43:22,884  INFO Counter:70 [PopulationWriter] dumped person # 64
2026-06-04T02:43:22,888  INFO Counter:70 [PopulationWriter] dumped person # 128
2026-06-04T02:43:22,909  INFO Counter:70 [PopulationWriter] dumped person # 256
2026-06-04T02:43:22,917  INFO Counter:70 [PopulationWriter] dumped person # 512
2026-06-04T02:43:22,943  INFO Counter:70 [PopulationWriter] dumped person # 1024
2026-06-04T02:43:22,979  INFO Counter:70 [PopulationWriter] dumped person # 2048
2026-06-04T02:43:23,064  INFO Counter:70 [PopulationWriter] dumped person # 4096
2026-06-04T02:43:23,227  INFO Counter:70 [PopulationWriter] dumped person # 8192
2026-06-04T02:43:23,498  INFO Counter:70 [PopulationWriter] dumped person # 16384
2026-06-04T02:43:24,009  INFO Counter:70 [PopulationWriter] dumped person # 32768
2026-06-04T02:43:25,061  INFO Counter:70 [PopulationWriter] dumped person # 65536
2026-06-04T02:43:27,150  INFO Counter:70 [PopulationWriter] dumped person # 131072
2026-06-04T02:43:29,188  INFO PopulationWriter:145 Population written to: /home/raziq/Documents/Code/umd/tripsynth/06x_stage1_va_speed/matsim_real/output_plans.xml.gz
2026-06-04T02:43:29,188  INFO Counter:75 [PopulationWriter] dumped person # 189830
2026-06-04T02:43:29,221  INFO NetworkWriter:70 Writing network to file: /home/raziq/Documents/Code/umd/tripsynth/06x_stage1_va_speed/matsim_real/output_network.xml.gz...
2026-06-04T02:43:35,273  INFO NetworkWriter:73 done.
2026-06-04T02:43:35,274  INFO Config:602 setting context to [file:/home/raziq/Documents/Code/umd/tripsynth/]
2026-06-04T02:43:35,275  INFO Config:602 setting context to [file:/home/raziq/Documents/Code/umd/tripsynth/]
2026-06-04T02:43:35,275  INFO Config:602 setting context to [file:/home/raziq/Documents/Code/umd/tripsynth/]
2026-06-04T02:43:35,276  INFO Config:602 setting context to [file:/home/raziq/Documents/Code/umd/tripsynth/]
2026-06-04T02:43:35,276  INFO Config:602 setting context to [file:/home/raziq/Documents/Code/umd/tripsynth/]
2026-06-04T02:43:35,278  INFO Config:602 setting context to [file:/home/raziq/Documents/Code/umd/tripsynth/]
2026-06-04T02:43:35,278  INFO Config:602 setting context to [file:/home/raziq/Documents/Code/umd/tripsynth/]
2026-06-04T02:43:35,278  INFO Config:602 setting context to [file:/home/raziq/Documents/Code/umd/tripsynth/]
2026-06-04T02:43:35,279  INFO Config:602 setting context to [file:/home/raziq/Documents/Code/umd/tripsynth/]
2026-06-04T02:43:35,279  INFO Config:602 setting context to [file:/home/raziq/Documents/Code/umd/tripsynth/]
2026-06-04T02:43:35,279  INFO Config:602 setting context to [file:/home/raziq/Documents/Code/umd/tripsynth/]
2026-06-04T02:43:35,280  INFO Config:602 setting context to [file:/home/raziq/Documents/Code/umd/tripsynth/]
2026-06-04T02:43:35,280  INFO Config:602 setting context to [file:/home/raziq/Documents/Code/umd/tripsynth/]
2026-06-04T02:43:35,280  INFO Config:602 setting context to [file:/home/raziq/Documents/Code/umd/tripsynth/]
2026-06-04T02:43:35,282  INFO Config:602 setting context to [file:/home/raziq/Documents/Code/umd/tripsynth/]
2026-06-04T02:43:35,283  INFO Config:602 setting context to [file:/home/raziq/Documents/Code/umd/tripsynth/]
2026-06-04T02:43:35,283  INFO Config:602 setting context to [file:/home/raziq/Documents/Code/umd/tripsynth/]
2026-06-04T02:43:35,283  INFO Config:602 setting context to [file:/home/raziq/Documents/Code/umd/tripsynth/]
2026-06-04T02:43:35,285  INFO Config:602 setting context to [file:/home/raziq/Documents/Code/umd/tripsynth/]
2026-06-04T02:43:35,285  INFO Config:602 setting context to [file:/home/raziq/Documents/Code/umd/tripsynth/]
2026-06-04T02:43:35,285  INFO Config:602 setting context to [file:/home/raziq/Documents/Code/umd/tripsynth/]
2026-06-04T02:43:35,286  INFO Config:602 setting context to [file:/home/raziq/Documents/Code/umd/tripsynth/]
2026-06-04T02:43:35,286  INFO Config:602 setting context to [file:/home/raziq/Documents/Code/umd/tripsynth/]
2026-06-04T02:43:35,286  INFO Config:602 setting context to [file:/home/raziq/Documents/Code/umd/tripsynth/]
2026-06-04T02:43:35,287  INFO Config:602 setting context to [file:/home/raziq/Documents/Code/umd/tripsynth/]
2026-06-04T02:43:35,287  INFO Config:602 setting context to [file:/home/raziq/Documents/Code/umd/tripsynth/]
2026-06-04T02:43:35,292  INFO MatsimVehicleWriter:55 about to write vehicles to: /home/raziq/Documents/Code/umd/tripsynth/06x_stage1_va_speed/matsim_real/output_vehicles.xml.gz
2026-06-04T02:43:35,292  INFO VehicleWriterV2:64 about to write vehicles to: /home/raziq/Documents/Code/umd/tripsynth/06x_stage1_va_speed/matsim_real/output_vehicles.xml.gz
2026-06-04T02:43:35,380  INFO MatsimVehicleWriter:55 about to write vehicles to: /home/raziq/Documents/Code/umd/tripsynth/06x_stage1_va_speed/matsim_real/output_allVehicles.xml.gz
2026-06-04T02:43:35,381  INFO VehicleWriterV2:64 about to write vehicles to: /home/raziq/Documents/Code/umd/tripsynth/06x_stage1_va_speed/matsim_real/output_allVehicles.xml.gz
2026-06-04T02:43:35,466  INFO HouseholdsWriterV10:67 about to write  households to: /home/raziq/Documents/Code/umd/tripsynth/06x_stage1_va_speed/matsim_real/output_households.xml.gz
2026-06-04T02:43:35,466  INFO Counter:75 [HouseholdsWriter] wrote household # 0
2026-06-04T02:43:35,654  INFO ControlerListenerManagerImpl:127 calling notifyShutdown on org.matsim.analysis.ScoreStatsControlerListener
2026-06-04T02:43:35,654  INFO ControlerListenerManagerImpl:127 calling notifyShutdown on org.matsim.analysis.IterationTravelStatsControlerListener
2026-06-04T02:43:35,654  INFO IterationTravelStatsControlerListener:109 Writing all Person and Attributes to personscsv
2026-06-04T02:43:35,971  INFO IterationTravelStatsControlerListener:153 ...done
2026-06-04T02:43:35,971  INFO ControlerListenerManagerImpl:130 all ControlerShutdownListeners called.
2026-06-04T02:43:35,971  INFO MatsimRuntimeModifications:103 S H U T D O W N   ---   shutdown completed.
2026-06-04T02:43:35,971  INFO OutputDirectoryLogging:171 closing the logfile, i.e. messages sent to the logger after this message are not written to the logfile.
