epoch,train_contrastive,train_kl,train_loss,train_reconstruction,val_kl,val_loss,val_reconstruction
1.0,0.05547149585221301,24.388643849979747,73.27096748352051,72.52544030276212,15.456353187561035,66.56586456298828,66.1021728515625
2.0,0.02261223070408133,20.172201676802203,62.8892128684304,62.27839391881769,23.857749938964844,62.800689697265625,62.084957122802734
3.0,0.010492019746875898,29.46661307594993,59.17110035636208,58.28447922793302,34.28205108642578,57.869728088378906,56.84126663208008
4.0,0.005586784301241013,38.839001482183285,55.383747274225406,54.21718068556352,41.07600784301758,54.178123474121094,52.94584274291992
5.0,0.004780070110097189,43.6396392475475,53.14051047238436,51.83012598211115,44.43091583251953,52.090675354003906,50.757747650146484
6.0,0.003942400830882517,48.94978852705522,50.982644601301715,49.51316564733332,50.217769622802734,49.88257598876953,48.376041412353516
7.0,0.003302784848280928,54.00466554815119,48.96066596291282,47.33970069885254,54.584388732910156,48.31709671020508,46.6795654296875
8.0,0.002962605567352677,57.35981889204545,47.425719087774105,45.704184011979535,56.93836975097656,47.213836669921875,45.50568389892578
9.0,0.0027425997752950275,59.54425768418746,46.193167513067074,44.40615437247536,59.98344421386719,46.283023834228516,44.4835205078125
10.0,0.0024828033744018862,60.40311839363792,45.00846706737172,43.19575309753418,59.236698150634766,45.28532409667969,43.50822448730469
11.0,0.002374256820820103,60.690481272610754,43.86906051635742,42.047752206975765,60.505218505859375,44.69286346435547,42.877708435058594
12.0,0.002172118534376337,60.48209580508146,42.81627446954901,41.001268646933816,59.26198959350586,43.742069244384766,41.964210510253906
13.0,0.0019315966293850745,60.157369353554465,41.74387324940074,39.93866929140958,60.079986572265625,43.14282989501953,41.340431213378906
14.0,0.0018214326674668964,59.450434164567426,40.716927008195356,38.93295868960294,58.85342025756836,42.31725311279297,40.55165100097656
15.0,0.001702704990748316,59.06413667852228,39.729301019148394,37.956951574845746,57.43022155761719,41.487876892089844,39.76496887207031
16.0,0.0015498484717682004,58.77053078738126,38.86901239915328,37.10550941120494,57.442138671875,40.75727844238281,39.03401565551758
17.0,0.00156066426478157,58.849599924954504,37.98687518726695,36.22099720348012,57.438026428222656,40.036949157714844,38.31380844116211
18.0,0.0015172012155579234,58.93085419047963,37.14365881139582,35.375353899869054,58.21525955200195,39.678985595703125,37.93252944946289
19.0,0.0015413446023806252,58.8770301992243,36.38118483803489,34.614488861777566,58.36789321899414,39.052513122558594,37.301475524902344
20.0,0.0015595282999459994,58.89766805822199,35.68315384604714,33.91583451357755,57.84385299682617,38.46979522705078,36.73447799682617
21.0,0.0016005347900896925,58.76772525093772,34.95631972226229,33.19288791309703,58.13763427734375,38.14896774291992,36.40483856201172
22.0,0.0015700182676399973,58.71270101720636,34.931143500588156,33.169370131059125,57.42222213745117,37.57926559448242,35.856597900390625
23.0,0.0015358147793449461,58.47683134945956,33.76614102450284,32.0114522413774,57.57110595703125,37.46336364746094,35.736228942871094
24.0,0.0015469068153337998,58.196148352189496,33.23337962410667,31.487108490683816,57.776153564453125,36.87710189819336,35.14381790161133
25.0,0.0015511537838557904,57.921586296775125,32.60671485554088,30.86867974021218,57.023685455322266,36.57372283935547,34.863014221191406
26.0,0.0014650321020533077,57.481679396195844,32.07556429776278,30.350747671994295,56.5816764831543,36.214271545410156,34.516822814941406
27.0,0.0014569616548463025,57.15251359072599,31.565796288576994,29.850856911052357,56.160987854003906,35.883426666259766,34.1985969543457
28.0,0.0013907338884151118,56.72709439017556,31.008120926943693,29.305960655212402,55.61207580566406,35.48366928100586,33.8153076171875
29.0,0.0013764204049948603,56.48490532961759,30.538358384912666,28.843467235565186,56.515098571777344,35.542076110839844,33.846622467041016
30.0,0.0013108368042263794,56.425524018027566,29.980082381855357,28.28698912533847,55.20193862915039,34.7445182800293,33.08845901489258
31.0,0.0012722373437348076,56.057579647410996,29.529252832586113,27.847207502885297,55.510406494140625,34.46599578857422,32.800682067871094
32.0,0.0012255188432225789,56.085491613908246,29.097785169428047,27.414914044466887,55.27143859863281,34.122554779052734,32.464412689208984
33.0,0.0012091950259425423,55.666503472761676,28.67491236600009,27.004614873365924,54.92959213256836,33.83780288696289,32.18991470336914
34.0,0.0012037077064054426,55.47485117478804,28.180991866371848,26.516445246609774,55.19960021972656,33.60490798950195,31.94892120361328
35.0,0.0011925415191481907,55.41974986683238,27.86074009808627,26.197849490425803,54.936668395996094,33.54768371582031,31.89958381652832
36.0,0.0012033717913172122,55.23943346196955,27.437606811523438,25.780123017051004,54.63285827636719,33.09431838989258,31.455333709716797
37.0,0.0012570632666624574,55.30808396772905,27.08586393703114,25.426307288083162,54.426876068115234,32.8388786315918,31.206073760986328
38.0,0.0012304648831063373,55.00330786271529,26.717886794697154,25.06748004393144,54.65140151977539,32.62885665893555,30.989315032958984
39.0,0.001229648028542711,55.011347423900254,26.371016459031537,24.720368775454435,54.352333068847656,32.5960578918457,30.96548843383789
40.0,0.00124298453473867,54.797124949368566,26.01384735107422,24.369622707366943,54.61469650268555,32.19813537597656,30.559696197509766
41.0,0.001199996235134842,54.784093770113856,25.745640234513715,24.101817434484307,53.91708755493164,32.08554458618164,30.46803092956543
42.0,0.0012093124493152243,54.53571336919611,25.401941256089643,23.76556769284335,54.06740951538086,31.919647216796875,30.297624588012695
43.0,0.0012129837572997944,54.382333582097836,25.105671232396904,23.47389793395996,54.14603805541992,31.82465362548828,30.200273513793945
44.0,0.001169178867712617,54.141891652887516,24.813261899081144,23.188712813637473,53.1007194519043,31.484912872314453,29.891891479492188
45.0,0.0011279349286765369,53.724149443886496,24.478695089166816,22.86668872833252,53.05815887451172,31.292875289916992,29.701129913330078
46.0,0.0010278830635467205,53.3196158842607,24.196411436254326,22.59656607020985,52.60639953613281,31.1256103515625,29.54741859436035
47.0,0.001100609450738623,52.97460105202415,23.900075002150103,22.310561873696066,52.49824905395508,31.26842498779297,29.693477630615234
48.0,0.001044239832977341,52.78964805603027,23.63820916956121,22.05425886674361,52.312686920166016,30.904273986816406,29.33489418029785
49.0,0.0010678185472815212,52.54422031749379,23.346741199493408,21.77014749700373,51.879905700683594,30.699979782104492,29.143583297729492
50.0,0.0010388550912135872,52.46186048334295,23.133350415663287,21.559234965931285,51.904457092285156,30.60582733154297,29.04869270324707
51.0,0.0010736406151078302,52.338855656710535,22.884545369581744,21.31411110271107,51.77063751220703,30.463735580444336,28.910615921020508
52.0,0.001113971830239858,52.207039486278184,22.586368690837514,21.019879124381326,51.79130554199219,30.264678955078125,28.710939407348633
53.0,0.0010548137586076998,52.29205513000488,22.441978194496848,20.872952894731,51.70556640625,30.1173038482666,28.566137313842773
54.0,0.0010490750534121287,52.275306788357824,22.211843750693582,20.64332251115279,51.65887451171875,30.136716842651367,28.586950302124023
55.0,0.0010779204630208287,52.18326065757058,21.944860458374023,20.379093343561347,51.546112060546875,29.964210510253906,28.417827606201172
56.0,0.0010615794175960632,52.10590007088401,21.745913592251863,20.182471101934258,51.52571487426758,29.76340675354004,28.217636108398438
57.0,0.0010768855083204637,52.12981900301847,21.522607413205233,19.95844368501143,51.358795166015625,29.68353271484375,28.14276885986328
58.0,0.0010626044373070313,51.934900370511144,21.315009463917125,19.75669678774747,51.57827377319336,29.64613151550293,28.098783493041992
59.0,0.0010677902239628813,51.877251625061035,21.041270125995982,19.484685637734152,51.49992752075195,29.520837783813477,27.975839614868164
60.0,0.0010694582054962996,51.918575113469906,20.942422650077127,19.38459808176214,51.557533264160156,29.38935089111328,27.84262466430664
61.0,0.0010585796196458184,51.96941904588179,20.77361705086448,19.214269638061523,51.283321380615234,29.282705307006836,27.744205474853516
62.0,0.0010364333178255367,51.747418490323156,20.59790745648471,19.045225750316273,51.408790588378906,29.28072738647461,27.73846435546875
63.0,0.0010508914168564263,51.61786877025258,20.396366812966086,18.847568078474566,50.86348342895508,29.099748611450195,27.57384490966797
64.0,0.0010520103440450673,51.41466921026056,20.190193046223033,18.647489981217817,50.88672637939453,29.01460075378418,27.487998962402344
65.0,0.0010919965200380168,51.16758424585516,19.996885949915107,18.4615853916515,50.843971252441406,29.092514038085938,27.567195892333984
66.0,0.0010898091224424372,51.076917908408426,19.828672539104115,18.296092640269887,50.619483947753906,29.024879455566406,27.50629425048828
67.0,0.0010880567067281597,50.90389269048517,19.65085233341564,18.123463543978605,50.325435638427734,28.76495361328125,27.255189895629883
68.0,0.0010521804757776078,50.96138798106801,19.509174173528496,17.98006955060092,50.59827423095703,28.707773208618164,27.1898250579834
69.0,0.0010602608235785738,50.87586853720925,19.32449379834262,17.797952738675203,50.60952377319336,28.6992130279541,27.180927276611328
70.0,0.001062646157647991,50.87246036529541,19.207760203968395,17.681320840662178,50.73762512207031,28.64609718322754,27.12396812438965
71.0,0.0010714502528902483,50.81798354062167,18.993864926424894,17.469057429920543,50.26148223876953,28.433197021484375,26.925352096557617
72.0,0.001052462589789436,50.82206752083518,18.916673356836494,17.391748384995893,50.508689880371094,28.429574966430664,26.91431427001953
73.0,0.0010545256386235865,50.84936740181663,18.7599759535356,17.234231385317717,50.42599868774414,28.365354537963867,26.852575302124023
74.0,0.00103298980419905,50.79817355762828,18.56014689532193,17.035943594845858,50.224761962890625,28.36326789855957,26.856525421142578
75.0,0.001046035668960857,50.8116119558161,18.49217922037298,16.967569611289285,50.63511276245117,28.23460578918457,26.715553283691406
76.0,0.001063163277153349,50.789835236289285,18.296002518046986,16.772041515870526,50.31394958496094,28.138057708740234,26.628639221191406
77.0,0.0010169735681053928,50.77855734391646,18.16874733838168,16.645136616446756,50.81280517578125,28.17890739440918,26.654523849487305
78.0,0.001043212081475014,50.78493430397727,18.03611113808372,16.512302311983976,50.200809478759766,28.120819091796875,26.614795684814453
79.0,0.001066614204319194,50.814663193442605,17.967015223069623,16.44230901111256,50.680458068847656,27.96688461303711,26.446470260620117
80.0,0.0010452125451675702,50.80481607263739,17.785243077711627,16.260837229815397,50.61630630493164,27.90365982055664,26.385169982910156
81.0,0.00106602218081455,50.72981010783803,17.701180718161844,16.179020101373847,50.73003005981445,27.975234985351562,26.45333480834961
82.0,0.0010827366257382726,50.789128043434836,17.546546502546832,16.022601886229083,50.209354400634766,27.927627563476562,26.42134666442871
83.0,0.0010512915297030386,50.64717899669301,17.453467672521416,15.933789578351108,50.010704040527344,27.780284881591797,26.279964447021484
84.0,0.001073370101618242,50.59475985440341,17.275693459944293,15.757582361047918,50.205909729003906,27.80103874206543,26.29486083984375
85.0,0.0010862996846712617,50.53303796594793,17.21549840406938,15.699235764416782,50.356101989746094,27.75652503967285,26.24584197998047
86.0,0.001071707721249285,50.491533452814274,17.050976406444203,15.535962451588023,50.50432586669922,27.71076202392578,26.195632934570312
87.0,0.0010569467333632267,50.43872677196156,16.98095906864513,15.467533241618764,50.43514633178711,27.678922653198242,26.165868759155273
88.0,0.0010644095164025202,50.33164275776256,16.87715703790838,15.366941625421697,49.7132453918457,27.554340362548828,26.062942504882812
89.0,0.0010795280369083312,50.21676956523549,16.732214255766436,15.225441347468983,49.88531494140625,27.556991577148438,26.06043243408203
90.0,0.0010356680140830576,49.97456325184215,16.53908296064897,15.03958728096702,49.88377380371094,27.55699348449707,26.06048011779785
91.0,0.0010684168730883605,49.852961800315164,16.490743723782625,14.994887720454823,49.621620178222656,27.42009735107422,25.931447982788086
92.0,0.0010665608768414875,49.699333451010965,16.371285590258513,14.88003904169256,49.19291305541992,27.477352142333984,26.001564025878906
93.0,0.0010482319392560219,49.51256335865367,16.267917546358976,14.782278754494406,49.343441009521484,27.314800262451172,25.834497451782227
94.0,0.0010474233620863577,49.410168474370785,16.149099263277922,14.666532386432994,49.21316909790039,27.36202049255371,25.8856258392334
95.0,0.0010552442717281256,49.391265002163976,16.027476159009066,14.545474464243108,49.24427032470703,27.3808650970459,25.90353775024414
96.0,0.0010345482481749389,49.198803814974696,15.928122477097945,14.451899615201084,48.704978942871094,27.294893264770508,25.833744049072266
97.0,0.001016373285727406,49.35100191289728,15.862098585475575,14.381314407695424,49.26360321044922,27.2390079498291,25.76110076904297
98.0,0.0010474702655549415,49.210547880692914,15.764184670014815,14.28760639103976,48.74592208862305,27.29006004333496,25.827682495117188
99.0,0.0010617037425452675,49.26170539855957,15.670445745641535,14.192329211668534,49.1092529296875,27.18258285522461,25.709304809570312
100.0,0.0010569113325221804,49.25088171525435,15.547036842866378,14.06924609704451,48.64011001586914,27.0975284576416,25.638324737548828
101.0,0.0010226591720393944,49.2110145742243,15.481808922507547,14.005222819068216,49.04050064086914,27.249820709228516,25.778606414794922
102.0,0.0010570832739838145,49.19607587294145,15.44472412629561,13.968577580018477,49.32319641113281,27.08944320678711,25.6097469329834
103.0,0.0010528805181489918,49.237622781233355,15.290033015337857,13.812641100449996,49.2080192565918,27.31446647644043,25.838226318359375
104.0,0.0010350709450325337,49.325063792142004,15.241822264411233,13.761811646548184,49.036376953125,27.099571228027344,25.62847900390625
105.0,0.0010725763356524774,49.39187630740079,15.132959821007468,13.650935476476496,49.1411018371582,27.03986167907715,25.565628051757812
106.0,0.0010153641567078673,49.27374198219993,15.019202969290994,13.54073680530895,49.231361389160156,27.093965530395508,25.61702537536621
107.0,0.0010336887697287073,49.357666969299316,15.01532530784607,13.534336913715709,48.75468826293945,27.023588180541992,25.56094741821289
108.0,0.0010924890084424987,49.27184269644997,14.883295926180752,13.404867540706288,49.04672622680664,26.93262481689453,25.461223602294922
109.0,0.0010020378725709054,49.3222320730036,14.777188994667746,13.297271533445878,49.00305938720703,26.933326721191406,25.46323585510254
110.0,0.0010105075330515815,49.28088699687611,14.785177751020951,13.306498419154774,49.23085403442383,26.950992584228516,25.47406768798828
111.0,0.001071314557603645,49.31203894181685,14.65470884063027,13.175079974261196,49.01728820800781,26.855304718017578,25.38478660583496
112.0,0.0010416693694423884,49.33397475155917,14.570776050741022,13.090496410023082,49.357425689697266,26.978649139404297,25.497926712036133
113.0,0.0010578642435244876,49.37580394744873,14.5535972551866,13.07205867767334,49.40491485595703,27.081214904785156,25.59906768798828
114.0,0.0010357461472846228,49.4138765335083,14.45308087088845,12.97040564363653,49.22142028808594,26.82109260559082,25.344449996948242
115.0,0.0010571027854563329,49.32006185705011,14.332284168763595,12.852418054233897,49.17039108276367,26.886438369750977,25.411327362060547
116.0,0.0010216804459394718,49.45555452866988,14.320150592110373,12.836228522387417,49.168521881103516,26.818716049194336,25.343660354614258
117.0,0.0010673648701578547,49.46897324648771,14.230452906001698,12.746116919951005,49.23189163208008,26.880813598632812,25.40385627746582
118.0,0.001048568948383697,49.40880905498158,14.149297280745072,12.666770870035345,49.564186096191406,26.744644165039062,25.257719039916992
119.0,0.0010880707056706094,49.44342751936479,14.066046433015304,12.582471522417935,49.09626007080078,26.798095703125,25.32520866394043
120.0,0.0010259658592985943,49.468525713140316,14.018407063050704,12.534094853834672,49.32981872558594,26.843780517578125,25.3638858795166
121.0,0.0010483545034234835,49.485210765491836,13.986709117889404,12.501890659332275,49.329315185546875,26.749523162841797,25.269643783569336
122.0,0.0010293360061372039,49.50357983329079,13.857182394374501,12.37181771885265,49.49560546875,26.74347496032715,25.25860595703125
123.0,0.0010175924570913512,49.49881215529008,13.812618797475642,12.327400142496282,49.10428237915039,26.8658447265625,25.392715454101562
124.0,0.0010594884515739977,49.37627324191007,13.690752116116611,12.209199038418857,49.366310119628906,26.73098373413086,25.2499942779541
125.0,0.0010374170802110298,49.42469466816295,13.659006638960404,12.176006403836338,49.25235366821289,26.779163360595703,25.301591873168945
126.0,0.0010505163703452456,49.47837404771285,13.674561327153986,12.18994741006331,49.24745178222656,26.854555130004883,25.377132415771484
127.0,0.0010456775383896786,49.480370781638406,13.536397327076305,12.05172475901517,49.136940002441406,26.76393699645996,25.28982925415039
128.0,0.001067620811888694,49.54135565324263,13.528808658773249,12.042301286350597,49.40492630004883,26.7020320892334,25.219884872436523
129.0,0.0010481351928319782,49.54983399131081,13.423395243558017,11.936638138510965,49.476829528808594,26.71075439453125,25.226449966430664
130.0,0.0010079209790670905,49.650901707735926,13.40719671682878,11.917417591268366,49.52137756347656,26.678665161132812,25.193023681640625
131.0,0.0010318512927783145,49.61514594338157,13.478689237074418,11.98997694795782,49.84384536743164,26.680194854736328,25.184879302978516
132.0,0.001024755363521928,49.67071975361217,13.27882188016718,11.788444150577892,49.388450622558594,26.703886032104492,25.222232818603516
133.0,0.00108748102767012,49.65340891751376,13.233999599109996,11.744125474583019,49.60536575317383,26.836538314819336,25.348377227783203
134.0,0.0010380533627043901,49.58849048614502,13.136202768845992,11.648288531736894,49.30519485473633,26.592453002929688,25.113296508789062
135.0,0.0010379890776345167,49.62165919217196,13.08416071805087,11.595251430164684,49.47306823730469,26.64992332458496,25.16573143005371
136.0,0.0010145622853253205,49.52701898054643,12.975951498205012,11.489887194199996,49.502647399902344,26.632970809936523,25.147891998291016
137.0,0.0010469108356946063,49.66856705058705,13.024088642813943,11.533769997683438,49.10066604614258,26.67171287536621,25.198692321777344
138.0,0.0010588763331973248,49.52819390730424,12.901506597345525,11.415396126833828,49.38957595825195,26.586402893066406,25.10471534729004
139.0,0.0010263900939290497,49.67414613203569,12.870580911636353,11.380099838430231,49.65374755859375,26.621919631958008,25.132307052612305
140.0,0.0010453867752485994,49.656596183776855,12.847091566432606,11.357132369821722,49.2974853515625,26.61911392211914,25.14019012451172
141.0,0.001016461171357977,49.66265591708097,12.81669621034102,11.326562382958151,49.60776901245117,26.661357879638672,25.173124313354492
142.0,0.0010432714784242721,49.74994121898305,12.757435776970603,11.26467665759,49.52165985107422,26.557764053344727,25.072114944458008
143.0,0.0010688526143150573,49.709122224287555,12.680394887924194,11.18885402245955,49.205318450927734,26.620012283325195,25.14385223388672
144.0,0.001038321341514926,49.75511091405695,12.633211504329335,11.140298648314042,49.84726333618164,26.610525131225586,25.1151065826416
145.0,0.0010383641254685988,49.73304124311967,12.558904821222479,11.066654010252519,49.491966247558594,26.740951538085938,25.256193161010742
146.0,0.0010985943385590376,49.69510347192938,12.533082962036133,11.04195523262024,49.76148223876953,26.606924057006836,25.11408042907715
147.0,0.0010402795530601659,49.76875617287376,12.505256652832031,11.011933846907182,49.394901275634766,26.73202896118164,25.250181198120117
148.0,0.0010660090602786195,49.93089181726629,12.465280944650823,10.967087615620006,49.72625732421875,26.687761306762695,25.195974349975586
149.0,0.0010359633690148423,49.8234246860851,12.394325971603394,10.899364319714634,49.47711181640625,26.675382614135742,25.191068649291992
150.0,0.0010274582666831768,49.76686468991366,12.313188141042536,10.819925438274037,49.55296325683594,26.65811538696289,25.171525955200195
151.0,0.0009983791956487535,49.88081307844682,12.334092075174505,10.837418101050638,50.110294342041016,26.704498291015625,25.201189041137695
152.0,0.0010415271932619032,49.89609206806529,12.278926740993153,10.781783602454446,49.48305130004883,26.70565414428711,25.221162796020508
153.0,0.0009865924882681363,49.80975783954967,12.213885524056174,10.71934613314542,49.7426643371582,26.580289840698242,25.088010787963867
154.0,0.0009858488377755168,49.84357010234486,12.15557278286327,10.660019332712347,49.62677001953125,26.517433166503906,25.028629302978516
155.0,0.0010242914339125325,49.828199646689676,12.105203823609786,10.610101721503518,49.84355545043945,26.708768844604492,25.213462829589844
156.0,0.0010388515048279342,49.92485757307573,12.083859985524958,10.58585455200889,49.91050338745117,26.5794677734375,25.0821533203125
157.0,0.0009926558017138052,49.961139158769086,12.06075451590798,10.56167221069336,50.26219940185547,26.663331985473633,25.155466079711914
158.0,0.000995022638976066,49.92798891934481,12.00204534964128,10.503957054831766,49.70486068725586,26.607046127319336,25.11590003967285
159.0,0.0010299473400333557,49.92118453979492,11.926631147211248,10.428738225590099,49.647544860839844,26.517845153808594,25.028419494628906
160.0,0.0010339602370301939,49.84997411207719,11.89090154387734,10.395143855701793,49.97990798950195,26.759004592895508,25.259607315063477
161.0,0.000994140283596194,49.97475745461204,12.081281640312888,10.581790360537441,49.864219665527344,26.541017532348633,25.04509162902832
162.0,0.0009960854777918112,50.045903032476254,11.832570141012019,10.33094403960488,50.212947845458984,26.62702178955078,25.120634078979492
163.0,0.0009943674760341476,50.01866210590709,11.749182202599265,10.248373876918446,49.76298904418945,26.671566009521484,25.17867660522461
164.0,0.0010129364606903189,49.91519269076261,11.728663682937622,10.230954668738626,49.677162170410156,26.503807067871094,25.013492584228516
165.0,0.0010387363780120556,49.84194547479803,11.651979207992554,10.156461260535501,49.77825164794922,26.560386657714844,25.067039489746094
166.0,0.001032079379497604,49.906977740201086,11.655007860877298,10.157540624791926,49.717166900634766,26.54591941833496,25.054405212402344
167.0,0.0010297094188651747,50.01269210468639,11.619013439525258,10.118375214663418,49.67229080200195,26.686338424682617,25.196168899536133
168.0,0.001028349150808274,50.01099915937944,11.59609079360962,10.095503742044622,50.05479049682617,26.644561767578125,25.14291763305664
169.0,0.0009777881588723342,49.97755163366144,11.544506419788707,10.04493539983576,49.959861755371094,26.49368667602539,24.994890213012695
170.0,0.00103849885371429,49.91499848799272,11.492727236314254,9.995017680254849,49.91746520996094,26.521011352539062,25.023487091064453
171.0,0.000995771254317581,50.071346976540305,11.508312918923117,10.005923509597778,50.068824768066406,26.63028335571289,25.128217697143555
172.0,0.0010625968901546332,50.02505215731534,11.447236971421676,9.94621981273998,50.0370979309082,26.581336975097656,25.080223083496094
173.0,0.0010166679157092321,50.009817296808414,11.38370249488137,9.883153893730857,49.93910217285156,26.631067276000977,25.13289451599121
174.0,0.001021547425559468,50.06108049912886,11.360816825519908,9.858728994022716,50.17091369628906,26.763500213623047,25.258373260498047
175.0,0.0010550335467666048,49.993091409856625,11.314353552731601,9.814297047528354,49.6436767578125,26.584674835205078,25.09536361694336
176.0,0.0010333819531793283,50.045263897288926,11.270939718593251,9.769323500719937,49.92228317260742,26.600143432617188,25.102474212646484
177.0,0.0010376412709857423,49.985946741971105,11.25782934102145,9.757991552352905,50.037254333496094,26.591829299926758,25.09071159362793
178.0,0.0010212906424633481,50.02872250296853,11.19534130529924,9.694224379279397,50.04107666015625,26.579771041870117,25.07853889465332
179.0,0.0010218495550692421,50.03319818323309,11.157307776537808,9.656056469137019,49.82834243774414,26.58527183532715,25.090421676635742
180.0,0.0010163093591638078,50.03262909975919,11.129119006070225,9.627886100248856,49.8266716003418,26.58287239074707,25.088071823120117
181.0,0.0009677551848157732,49.99695431102406,11.09272768280723,9.592577197334982,49.664039611816406,26.60089111328125,25.11096954345703
182.0,0.001020200705335645,49.953728675842285,11.064383506774902,9.565516645258123,49.95720672607422,26.61155128479004,25.112834930419922
183.0,0.0010219029209110886,49.951013651761144,11.04598803953691,9.547202218662608,49.65678405761719,26.616092681884766,25.126388549804688
184.0,0.0010459757468197495,49.8992581800981,10.964418281208385,9.467179146679966,49.53377151489258,26.600088119506836,25.11407470703125
185.0,0.0010331176745239645,49.88699652931907,10.92258661443537,9.425718372518366,50.097328186035156,26.665019989013672,25.162099838256836
186.0,0.0010263605350205166,50.06613462621515,10.906487074765293,9.40424639528448,49.951866149902344,26.6104793548584,25.111923217773438
187.0,0.0010468054322039031,49.92281983115456,10.888734167272395,9.39078799161044,49.8096923828125,26.647274017333984,25.152982711791992
188.0,0.0010404931831131266,49.831281488591976,10.840858936309814,9.34566044807434,49.52027893066406,26.567787170410156,25.082178115844727
189.0,0.0009596092912199146,49.94949583573775,10.924720720811324,9.42599595676769,49.94514846801758,26.61409568786621,25.115741729736328
190.0,0.0010732599131932313,49.876135479320176,10.782663323662497,9.286110986362804,49.63500213623047,26.718097686767578,25.229047775268555
191.0,0.0010409714132864874,49.77350148287687,10.747276284477927,9.253811120986938,49.85519027709961,26.669044494628906,25.173389434814453
192.0,0.0010566606559388508,49.787645079872824,10.733405481685292,9.239511814984409,49.85547637939453,26.667545318603516,25.1718807220459
193.0,0.0010308681918435138,49.84607947956432,10.69464484128085,9.199004823511297,49.61106491088867,26.578371047973633,25.090038299560547
194.0,0.0010043107719287616,49.77442949468439,10.653776515613902,9.160292647101663,49.438724517822266,26.666027069091797,25.182865142822266
195.0,0.0010133678588317707,49.78220436789773,10.642315886237405,9.148596503517844,49.67966079711914,26.723995208740234,25.233604431152344
196.0,0.001016886371706443,49.70249210704457,10.53600228916515,9.044673312794078,49.12385177612305,26.452030181884766,24.978315353393555
197.0,0.0010550362163815987,49.45602399652655,10.516615997661244,9.032671559940685,49.33293914794922,26.714101791381836,25.234113693237305
198.0,0.0009954213932029563,49.58778398687189,10.524887865239924,9.037005532871593,48.98844909667969,26.63642692565918,25.166772842407227
199.0,0.001022863664812493,49.44144292311235,10.492913766340775,9.00941480289806,49.6169319152832,26.636056900024414,25.14754867553711
200.0,0.0010068917049052702,49.445495865561746,10.455587365410544,8.971970926631581,49.23307418823242,26.643274307250977,25.166282653808594
201.0,0.0009764852266843346,49.37208843231201,10.439175865866922,8.957769112153487,49.82260513305664,26.637365341186523,25.14268684387207
202.0,0.001040841254342178,49.337570363825016,10.437520612369884,8.957133336500688,49.310569763183594,26.7992000579834,25.319883346557617
203.0,0.001037640134613453,49.2385030226274,10.397386420856822,8.919972094622524,49.18470764160156,26.65555763244629,25.180015563964844
204.0,0.0010631646635539998,49.19636951793324,10.328680016777732,8.852523196827281,49.25143051147461,26.67900276184082,25.201459884643555
205.0,0.0010222688804126599,49.19714078036222,10.340285691347988,8.864116018468684,48.99664306640625,26.691316604614258,25.221416473388672
206.0,0.0010729922452645208,49.196943976662375,10.415625832297586,8.939449223605068,48.96587371826172,26.671140670776367,25.202163696289062
207.0,0.001057911792568947,49.01681960712779,10.255128665403886,8.78435958515514,49.17142868041992,26.726089477539062,25.250946044921875
208.0,0.000995489037119445,49.14586622064764,10.24130426753651,8.766679460352117,49.224891662597656,26.74944496154785,25.27269744873047
209.0,0.0010068441664440218,49.1613995812156,10.225551063364202,8.750457330183549,49.199920654296875,26.788715362548828,25.31271743774414
210.0,0.0010508649442768233,49.196118268099696,10.18452577157454,8.708379485390402,49.182579040527344,26.700307846069336,25.224830627441406
211.0,0.0010100933590861546,49.08707878806374,10.15728870305148,8.684423901818015,49.18989181518555,26.611984252929688,25.136287689208984
212.0,0.0010084846038477156,49.13254867900502,10.09151764349504,8.617289066314697,49.139892578125,26.655254364013672,25.18105697631836
213.0,0.000998420095790855,49.1405163678256,10.11522912979126,8.640763998031616,49.15054702758789,26.741321563720703,25.26680564880371
214.0,0.0009894832897275178,49.01893728429621,10.06927438215776,8.598458896983754,49.13202667236328,26.620426177978516,25.146465301513672
215.0,0.0010139542269329963,49.040582396767356,10.027252197265625,8.555781321092086,48.98101806640625,26.705663681030273,25.23623275756836
216.0,0.0010087471005549146,49.03463433005593,9.982374169609763,8.511083017696034,49.08576583862305,26.690689086914062,25.218116760253906
217.0,0.0009977388875664803,49.03441307761452,10.007046721198343,8.535764867609197,49.22198486328125,26.822856903076172,25.3461971282959
218.0,0.001057258747592145,49.1154427094893,9.982085986570878,8.50835843519731,48.9480094909668,26.649681091308594,25.18124008178711
219.0,0.0010291752048281276,48.96430570429022,9.9119882366874,8.442801909013228,48.902191162109375,26.754737854003906,25.28767204284668
220.0,0.0009853735338600184,49.138028318231754,9.928881688551469,8.454494541341608,49.02239227294922,26.712627410888672,25.241954803466797
221.0,0.0010199297420595858,49.11401922052557,9.9067486632954,8.433073108846491,48.73990249633789,26.74656105041504,25.284364700317383
222.0,0.0010246827097778971,49.08547964963046,9.862711993130771,8.389891429380937,49.57902908325195,26.738492965698242,25.251121520996094
223.0,0.001027039746986702,49.243663874539465,9.874043442986228,8.396476875651967,48.999141693115234,26.797954559326172,25.327980041503906
224.0,0.000963260787433352,49.02078862623735,9.816850618882613,8.345986225388266,48.614891052246094,26.647533416748047,25.1890869140625
225.0,0.0011167758877325634,49.06507388028231,9.816803151910955,8.344571763818914,49.021297454833984,26.68336296081543,25.212724685668945
226.0,0.0010252867796225473,49.20755958557129,9.814297784458507,8.337814656170933,49.24170684814453,26.77623176574707,25.298980712890625
227.0,0.001016985472894951,49.08785976063121,9.747314323078502,8.274424347010525,49.01768112182617,26.8682861328125,25.397756576538086
228.0,0.001009859713535248,49.031827146356754,9.717817956751043,8.246610739014365,48.54743194580078,26.728374481201172,25.27195167541504
229.0,0.001028045273745771,49.05159768191251,9.692543094808405,8.220738150856711,49.11299133300781,26.734344482421875,25.260953903198242
230.0,0.0010694291611964052,49.04383997483687,9.659703037955545,8.188120625235818,49.212825775146484,26.799846649169922,25.323461532592773
231.0,0.001019693997064182,49.14808021892201,9.658296888524836,8.183599677952854,49.233558654785156,26.86244773864746,25.385440826416016
232.0,0.0010185167934237556,49.144844401966445,9.61830928108909,8.143709247762507,48.58269119262695,26.811622619628906,25.354141235351562
233.0,0.0010063425566344945,49.081748875704676,9.633495894345371,8.160791798071427,49.12873458862305,26.919918060302734,25.446056365966797
234.0,0.0009924471788425844,49.09897292744029,9.56646407734264,8.09324673089114,49.014469146728516,26.820484161376953,25.35004997253418
235.0,0.0009953222496816043,49.11325237967751,9.590295206416737,8.11664884740656,49.500144958496094,26.71959114074707,25.234586715698242
236.0,0.0010577741089615631,49.16438804973256,9.510698275132613,8.035502141172236,49.03739547729492,26.785648345947266,25.314525604248047
237.0,0.0010275143127232282,49.1534088308161,9.533420476046475,8.05856145511974,49.009849548339844,26.757099151611328,25.28680419921875
238.0,0.0010594646843277258,49.14002184434371,9.516572215340354,8.042106747627258,48.655765533447266,26.821212768554688,25.361539840698242
239.0,0.00099658700293565,49.098528601906516,9.484676361083984,8.011471314863725,49.17513656616211,26.908300399780273,25.433046340942383
240.0,0.0009951750279552389,49.099923914129086,9.447993040084839,7.97474654154344,49.17377853393555,26.827547073364258,25.352333068847656
241.0,0.0010348917897896502,49.090368097478695,9.435115879232233,7.962146119637922,49.21139907836914,27.0170841217041,25.540742874145508
242.0,0.0009970942721172998,49.06667137145996,9.386486638676036,7.914237228306857,48.992591857910156,26.757061004638672,25.287282943725586
243.0,0.0009931588918499817,49.0584473176436,9.360761252316562,7.888759613037109,49.05793380737305,26.791400909423828,25.31966209411621
244.0,0.0010221731526226822,49.070317788557574,9.350393403660167,7.8780283169312915,48.88022232055664,26.826038360595703,25.35963249206543
245.0,0.0010162223360649396,49.15318861874667,9.390383503653787,7.91553381356326,49.421688079833984,26.953020095825195,25.470369338989258
246.0,0.0010064990796804936,49.28663141077215,9.3367750861428,7.857924418015913,49.213558197021484,26.997512817382812,25.521106719970703
247.0,0.0010042379157808186,49.22332564267245,9.295377818020908,7.818427118388089,48.98784255981445,26.93102264404297,25.461387634277344
248.0,0.0010221137424444103,49.068025068803266,9.305130850185048,7.832834666425532,49.044036865234375,26.88234519958496,25.41102409362793
249.0,0.0010379464815328406,49.05141379616477,9.233505487442017,7.7617036429318516,49.070228576660156,26.88201141357422,25.40990447998047
250.0,0.0010450605557046154,49.02764320373535,9.21981616453691,7.748725555159829,48.85831832885742,26.817386627197266,25.35163688659668
251.0,0.0010034827137133107,49.04820381511342,9.22105750170621,7.749360539696434,48.61952209472656,26.824277877807617,25.365692138671875
252.0,0.0009807750148783352,49.03283977508545,9.205254533074118,7.734024188735268,49.148170471191406,26.89859962463379,25.42415428161621
253.0,0.0009995723415737632,48.98877221887762,9.151966159993952,7.682053056630221,48.600303649902344,26.864742279052734,25.4067325592041
254.0,0.0010210830395490948,48.976534843444824,9.093846104361795,7.624294877052307,48.881622314453125,26.800952911376953,25.334505081176758
255.0,0.0009786621138284152,48.8929274298928,9.087566635825418,7.620534235780889,48.82614517211914,26.946123123168945,25.481338500976562
256.0,0.0010038369351108981,49.00083299116655,9.074833631515503,7.604557785120877,48.82344055175781,26.860673904418945,25.395971298217773
257.0,0.0009729640574236823,48.858972636136144,9.067779085852884,7.601766759699041,48.49628829956055,26.885162353515625,25.430273056030273
258.0,0.0010321314568335022,48.90276189283891,9.0710045857863,7.603663758798079,48.76362228393555,26.862852096557617,25.399944305419922
259.0,0.001066832326945256,48.94296143271706,9.037782929160379,7.56922739202326,48.81370162963867,26.854907989501953,25.3904972076416
260.0,0.0009822957006029108,48.851181983947754,8.98040450703014,7.514623446898027,48.74783706665039,26.88648223876953,25.424047470092773
261.0,0.0010037098347145895,48.92055875604803,9.024628964337436,7.556761275638234,48.57795715332031,26.93949317932129,25.482154846191406
262.0,0.0009951784688217397,48.80725999311967,8.973013509403575,7.508546959270131,48.975772857666016,26.82828712463379,25.3590145111084
263.0,0.0009998263108586384,48.86011817238548,8.939460364255039,7.47340692173351,48.451171875,26.84214210510254,25.388607025146484
264.0,0.0010067930429200219,48.907520901073106,8.95006747679277,7.482590209354054,48.83527755737305,27.017837524414062,25.552778244018555
265.0,0.0009929611485197463,48.854567614468664,8.915213801644065,7.44932863929055,48.85832595825195,26.82058334350586,25.354833602905273
266.0,0.0010350016699786383,48.7745286768133,8.855008515444668,7.391513976183805,48.70219802856445,26.818767547607422,25.357702255249023
267.0,0.001030284325348806,48.707663622769445,8.805778590115635,7.3442910801280625,48.718807220458984,26.856569290161133,25.395004272460938
268.0,0.0009961293637223373,48.63918269764293,8.779580788178878,7.3201563358306885,48.98085403442383,26.813032150268555,25.34360694885254
269.0,0.001033677232705734,48.852914116599344,8.823524995283647,7.3576791719956836,48.80182647705078,26.816850662231445,25.35279655456543
270.0,0.0010205635546960614,48.85946837338534,8.762696786360307,7.296657551418651,48.85334014892578,26.79734230041504,25.331741333007812
271.0,0.0009845678432611749,48.73409800095992,8.744502674449574,7.282233606685292,48.7617301940918,26.84033203125,25.377479553222656
272.0,0.000991719482540661,48.84459590911865,8.774302287535233,7.308716481382197,48.647071838378906,26.926156997680664,25.466745376586914
273.0,0.0009959532485068353,48.82579907503995,8.750910867344249,7.285887956619263,48.779319763183594,26.81429672241211,25.35091781616211
274.0,0.0010239818167809228,48.8194975419478,8.706579251722856,7.241738373583013,48.523128509521484,26.926259994506836,25.470565795898438
275.0,0.0010243935460245914,48.74485804817893,8.683357628909024,7.220755696296692,48.98627853393555,26.85028076171875,25.380691528320312
276.0,0.0010101390798809007,48.74943889271129,9.005746472965587,7.543010820042003,48.86798095703125,26.966968536376953,25.50092887878418
277.0,0.0010133081192510542,48.66231129386208,8.601951382376932,7.14182867787101,48.749324798583984,26.921876907348633,25.459396362304688
278.0,0.0010318577101729302,48.78023858503862,8.61900958147916,7.155344421213323,48.9731559753418,26.716360092163086,25.24716567993164
279.0,0.0009988960783547636,48.75144403631037,8.59088093584234,7.128088029948148,48.80010223388672,26.781044006347656,25.317041397094727
280.0,0.0010354844152144242,48.70392964103005,8.546131372451782,7.084754629568621,48.77859878540039,26.913007736206055,25.449649810791016
281.0,0.0009845654395493593,48.76930652965199,8.587863900444724,7.124538562514565,48.7404899597168,26.8531436920166,25.390928268432617
282.0,0.0010167595769003542,48.7017859545621,8.513750899921764,7.052443179217252,48.841941833496094,26.84505844116211,25.37980079650879
283.0,0.0009950280721320516,48.82691157947887,8.531014615839178,7.065958532420072,48.71715545654297,26.847003936767578,25.385488510131836
284.0,0.001005534474229948,48.769722418351606,8.53284792466597,7.0695049437609585,48.63868713378906,26.87040138244629,25.41124153137207
285.0,0.0010345392101126808,48.76915853673761,8.548398473046042,7.085065093907443,48.60602951049805,26.936370849609375,25.47818946838379
286.0,0.0010236400848953053,48.72931471737948,8.499615625901656,7.037480202588168,48.674747467041016,26.90143585205078,25.441192626953125
287.0,0.000969026655763049,48.7398231679743,8.433937506242232,6.97150060263547,48.703712463378906,26.811565399169922,25.350454330444336
288.0,0.0009934066329151392,48.76336791298606,8.45683258230036,6.993683197281578,48.628990173339844,26.87909507751465,25.420225143432617
289.0,0.0010133582664738324,48.740608822215684,8.392574657093395,6.930103041908958,48.51344299316406,26.834909439086914,25.379507064819336
290.0,0.0010120650483506986,48.71748152646151,8.377432302995162,6.915654908527028,48.71432113647461,26.802913665771484,25.34148406982422
291.0,0.0010343541454693134,48.67190577767112,8.376570950854909,6.9161551865664395,48.52420425415039,27.00130271911621,25.545576095581055
292.0,0.0009964390747799453,48.712479244578965,8.340085376392711,6.87846175107089,48.68994903564453,26.898731231689453,25.438032150268555
293.0,0.001011888476734219,48.67799108678644,8.346239761872726,6.885646971789273,48.587501525878906,26.98984146118164,25.532217025756836
294.0,0.0009640219015471467,48.621475739912555,8.316652102903886,6.8577667691490864,48.35243225097656,26.919071197509766,25.46849822998047
295.0,0.000985685807377608,48.66241645812988,8.324432893232865,6.8643139817497945,48.9449462890625,26.911287307739258,25.44293975830078
296.0,0.001003447171321816,48.721929810263894,8.3112605268305,6.849351904608986,48.80957794189453,26.988370895385742,25.524084091186523
297.0,0.0010092694468436423,48.75088648362593,8.295302564447576,6.83252367106351,48.638309478759766,27.02960777282715,25.570459365844727
298.0,0.0010159780160227622,48.76648703488436,8.27731373093345,6.814065087925304,48.731895446777344,26.904754638671875,25.442798614501953
299.0,0.001002042175969109,48.66563944383101,8.223765622485768,6.763545892455361,48.69863510131836,26.924095153808594,25.463136672973633
300.0,0.0009970831306418404,48.79326066103849,8.27028768712824,6.806240580298684,48.71781539916992,26.91804313659668,25.45650863647461
301.0,0.0010220419591694902,48.617241165854715,8.224620472301137,6.765847834673795,48.81488037109375,26.8879451751709,25.423498153686523
302.0,0.001004913390550593,48.719676364551894,8.218176570805637,6.756335052576932,48.71534729003906,26.92296600341797,25.461505889892578
303.0,0.001003214618487453,48.74438285827637,8.1856210231781,6.723038868470625,48.83150100708008,26.999128341674805,25.534183502197266
304.0,0.0010324932835911486,48.54710284146395,8.152795867486434,6.696124781261791,49.007537841796875,26.939462661743164,25.469236373901367
305.0,0.0010127893937434155,48.66133967312899,8.163761149753224,6.703667792406949,48.49887466430664,26.968381881713867,25.513416290283203
306.0,0.001045837445417419,48.477004137906164,8.134051322937012,6.679479761557146,48.65153884887695,26.952064514160156,25.492517471313477
307.0,0.0009959449406861413,48.658417441628195,8.127333781935953,6.667332378300753,48.67707443237305,26.995895385742188,25.53558349609375
308.0,0.0010110271885588934,48.523639939048074,8.090660214424133,6.634698260914195,48.44768524169922,27.054340362548828,25.600910186767578
309.0,0.0010134060748069633,48.699501124295324,8.277724146842957,6.816485784270546,48.512813568115234,26.988264083862305,25.532878875732422
310.0,0.000982002974276177,48.60773311961781,8.097950090061534,6.639472657983953,48.66082000732422,26.92546844482422,25.46564483642578
311.0,0.0010079833393154497,48.461831613020465,8.017624649134548,6.5635177872397685,48.59955596923828,26.965660095214844,25.507673263549805
312.0,0.000994626722372645,48.54738712310791,8.049597837708212,6.592927542599765,48.09130096435547,27.02332878112793,25.580589294433594
313.0,0.0009655070686924525,48.52163184772838,8.045502868565647,6.589612538164312,48.46244812011719,27.159685134887695,25.705812454223633
314.0,0.0009687890560599044,48.541096687316895,8.042263984680176,6.585788878527555,48.642601013183594,26.993192672729492,25.53391456604004
315.0,0.0009906176578211175,48.39356604489413,7.9632709134708755,6.511216293681752,48.41143798828125,27.023128509521484,25.570785522460938
316.0,0.0009878904622217472,48.523903066461735,7.980026852000844,6.524062839421359,48.47085952758789,27.04985809326172,25.595731735229492
317.0,0.001013329159997573,48.40610105341131,7.996101119301536,6.543664813041687,48.391876220703125,27.153169631958008,25.701414108276367
318.0,0.00100691788776947,48.432259733026676,7.977034308693626,6.523814797401428,48.20452880859375,27.03640365600586,25.590267181396484
319.0,0.0010010839521948417,48.52380856600675,7.941658886996183,6.48569439757954,48.644344329833984,27.14459800720215,25.68526840209961
320.0,0.0009717151684030382,48.2635443427346,7.90301216732372,6.454862930557945,48.149871826171875,27.0866756439209,25.642179489135742
321.0,0.0009790210368175228,48.37574811415239,7.91005260294134,6.458535476164385,47.95112228393555,27.05538558959961,25.616851806640625
322.0,0.001008864666800946,48.38229335438121,7.887303720821034,6.435582746158946,48.63603210449219,27.040815353393555,25.58173370361328
323.0,0.0009928426231702113,48.3772196336226,7.904738166115501,6.453173355622725,48.04829406738281,27.062292098999023,25.6208438873291
324.0,0.0010240288512167435,48.29849147796631,7.862513921477578,6.413303234360435,48.17799377441406,27.00898551940918,25.56364631652832
325.0,0.0009449123502814804,48.23549617420543,7.8622399460185655,6.414938861673528,48.18669891357422,27.17723274230957,25.731632232666016
326.0,0.0009746538562467322,48.20205393704501,7.836458162827925,6.390152942050587,48.10764694213867,27.024484634399414,25.581254959106445
327.0,0.0009866154445758598,48.14037010886452,7.840028416026723,6.395570733330467,48.4199333190918,27.109424591064453,25.65682601928711
328.0,0.0009595184158322147,48.25132309306752,7.830936767838218,6.383157231590965,48.15544891357422,27.16606330871582,25.721399307250977
329.0,0.0009908198461000045,48.16807061975653,7.826957897706465,6.381668101657521,48.269561767578125,27.147005081176758,25.698917388916016
330.0,0.0009982229094021022,48.03567886352539,7.781362750313499,6.340042851187966,48.22882080078125,27.173786163330078,25.72692108154297
331.0,0.0009826889674348588,48.071177049116656,7.767469200220975,6.32508821920915,47.946781158447266,27.096202850341797,25.657798767089844
332.0,0.0009873675457625227,48.06966001337225,7.777532805096019,6.335196224125949,47.900917053222656,27.155384063720703,25.71835708618164
333.0,0.0010122652774126354,48.00523549860174,7.770221970298073,6.32981183312156,47.93345642089844,27.139020919799805,25.701017379760742
334.0,0.0009806592610072005,47.91375004161488,7.966105016795072,6.528447389602661,47.86537170410156,27.14033317565918,25.70437240600586
335.0,0.0009934436953203244,47.64046296206388,7.693202690644697,6.263740485364741,47.431766510009766,27.264490127563477,25.841537475585938
336.0,0.0009587031540418552,47.84049250862815,7.715421145612543,6.279966733672402,47.853424072265625,27.145992279052734,25.710390090942383
337.0,0.0009938088068421084,47.708567966114394,7.676526178013194,6.245020660487088,47.512081146240234,27.146366119384766,25.721004486083984
338.0,0.0009757140968841585,47.683208205483176,7.698856364596974,6.268116203221408,48.02227783203125,27.166223526000977,25.725555419921875
339.0,0.000979900409054773,47.71257279135964,7.673944505778226,6.242322390729731,47.661800384521484,27.15114974975586,25.721296310424805
340.0,0.0009900440504266458,47.599505857987836,7.634294661608609,6.206062067638744,47.6385383605957,27.07343101501465,25.644275665283203
341.0,0.0009974825132468884,47.54471683502197,7.614589084278453,6.187998251481489,47.527652740478516,27.185819625854492,25.759990692138672
342.0,0.0009755941467698325,47.560056773099035,7.645751909776167,6.218706304376775,47.680076599121094,27.189208984375,25.758806228637695
343.0,0.0009525311245604164,47.50800661607222,7.633349873802879,6.2078715779564595,47.433162689208984,27.24805450439453,25.82505989074707
344.0,0.000983384887645529,47.59252088720148,7.625350096008995,6.197328654202548,47.509742736816406,27.17319107055664,25.74789810180664
345.0,0.000968895015169189,47.562330939553,7.623563929037615,6.196451837366277,47.73418426513672,27.27107048034668,25.83904457092285
346.0,0.0009777028528994626,47.63216625560414,7.755804549564015,6.326595165512779,47.6151237487793,27.3272762298584,25.898822784423828
347.0,0.0009785447896733372,47.46978282928467,7.549218676306984,6.124880563129079,47.20824432373047,27.147762298583984,25.731515884399414
348.0,0.0009459369215288792,47.36557882482355,7.518441102721474,6.0972372835332695,47.18056869506836,27.252559661865234,25.837142944335938
349.0,0.000969912266803228,47.38972516493364,7.533261754296043,6.111327550627968,47.68476486206055,27.321712493896484,25.891170501708984
350.0,0.0010118189040275122,47.5794245113026,7.57017847624692,6.1425428282130845,47.818851470947266,27.294937133789062,25.86037254333496
351.0,0.0010134958416033028,47.5389650518244,7.528773188591003,6.102350928566673,47.23029708862305,27.209383010864258,25.7924747467041
352.0,0.0009929319295968692,47.41425167430531,7.683938557451421,6.261262752793052,47.40091323852539,27.294239044189453,25.872211456298828
353.0,0.0009862408915068954,47.42046477577903,7.4794639348983765,6.056603475050493,47.45730209350586,27.28510856628418,25.86138916015625
354.0,0.0010067275116770443,47.39912943406539,7.463150555437261,6.040925058451566,47.28014373779297,27.334619522094727,25.916215896606445
355.0,0.0009787395181113177,47.551594040610574,7.52736665985801,6.1005741574547505,47.43503952026367,27.351139068603516,25.92808723449707
356.0,0.0009714403700358657,47.45204882188277,7.496350960298018,6.072546655481512,47.358699798583984,27.262983322143555,25.842222213745117
357.0,0.0009745223029643636,47.43882196599787,7.44786921414462,6.0244609767740425,47.40843963623047,27.346345901489258,25.92409324645996
358.0,0.0009709598327224904,47.44102651422674,7.461075511845675,6.037602088668129,47.71961212158203,27.387279510498047,25.955690383911133
359.0,0.000983180348570882,47.424270543185145,7.426537600430575,6.003563718362288,47.245384216308594,27.360347747802734,25.94298553466797
360.0,0.0009964136883023787,47.495446465232156,7.447665539654818,6.022553086280823,47.33612060546875,27.365489959716797,25.945405960083008
361.0,0.0009861959247659383,47.39272949912331,7.409988262436607,5.987959840080955,47.523372650146484,27.31964111328125,25.893939971923828
362.0,0.000952885139585388,47.427129138599746,7.401677771048113,5.978625709360296,47.534156799316406,27.44281005859375,26.01678466796875
363.0,0.0010340003897330132,47.51671973141757,7.405946092172102,5.980186093937267,47.37197494506836,27.346294403076172,25.925134658813477
364.0,0.0010058056002228775,47.39369903911244,7.411670251326128,5.989607908508995,47.51438522338867,27.395751953125,25.970319747924805
365.0,0.0009733748791570014,47.4444542798129,7.5265549638054585,6.102978077801791,47.1991081237793,27.34225845336914,25.926284790039062
366.0,0.000998031433978626,47.428203929554336,7.373307943344116,5.95021239194003,47.643978118896484,27.377805709838867,25.948486328125
367.0,0.0009973123616708274,47.43521941791881,7.3474191427230835,5.924113284457814,47.20484161376953,27.36358642578125,25.94744110107422
368.0,0.0009540802367899397,47.39273296702992,7.336300102147189,5.9142796559767286,47.34270477294922,27.46267318725586,26.04239273071289
369.0,0.0009948654782915996,47.452780203385785,7.456202279437672,6.032370220531117,47.47315216064453,27.457096099853516,26.032901763916016
370.0,0.0010062718065455556,47.51558035070246,7.345399412241849,5.919680422002619,47.64543533325195,27.557344436645508,26.127981185913086
371.0,0.0009863308501239358,47.42213951457631,7.330105077136647,5.907194343480197,47.07560348510742,27.373933792114258,25.961666107177734
372.0,0.0009726531742754477,47.35166410966353,7.3217832825400615,5.9009902043776075,47.44944763183594,27.442981719970703,26.019498825073242
373.0,0.0009662516862259839,47.36066029288552,7.318239222873341,5.89717785878615,47.455650329589844,27.548320770263672,26.124650955200195
374.0,0.0009602633032376285,47.46067862077193,7.289019378748807,5.864958958192305,47.541141510009766,27.405109405517578,25.97887420654297
375.0,0.0009898082392861727,47.3733641017567,7.275877107273448,5.8544288006695835,47.56961441040039,27.36629867553711,25.939210891723633
376.0,0.001017385932341726,47.37246331301603,7.263341307640076,5.841913104057312,47.3643798828125,27.497570037841797,26.07663917541504
377.0,0.0009670052412812682,47.396103685552426,7.257585167884827,5.835460316051137,47.588619232177734,27.453889846801758,26.02623176574707
378.0,0.0010291570294860073,47.47193223779852,7.278693741018122,5.854278521104292,47.51140594482422,27.401981353759766,25.976638793945312
379.0,0.0009887402279260145,47.402748888189144,7.255400690165433,5.833071036772295,47.462135314941406,27.454206466674805,26.03034210205078
380.0,0.0009877113109475679,47.450411623174496,7.24430390921506,5.820544654672796,47.487457275390625,27.435855865478516,26.011232376098633
381.0,0.0009744577890325507,47.53797860579057,7.204086899757385,5.777703989635814,47.53750228881836,27.470478057861328,26.044353485107422
382.0,0.0009748003583147445,47.39769094640558,7.240459810603749,5.818285432728854,47.4041862487793,27.540769577026367,26.11864471435547
383.0,0.0009906902348368683,47.44438908316872,7.203338297930631,5.779758984392339,47.49485397338867,27.492700576782227,26.067855834960938
384.0,0.0009784256465288556,47.31672278317538,7.1582453576001255,5.738499142906883,47.28437042236328,27.53156089782715,26.11302947998047
385.0,0.000998479561530985,47.43729946830056,7.2082224108956074,5.784853826869618,47.487205505371094,27.533079147338867,26.108463287353516
386.0,0.0009908944669983941,47.380778486078434,7.19379286332564,5.7721218195828525,47.345367431640625,27.4305362701416,26.010175704956055
387.0,0.0009824206274722449,47.390332742170855,7.13431948965246,5.712363915009932,47.427101135253906,27.4876708984375,26.064857482910156
388.0,0.0009487885240973396,47.36415802348744,7.1455139030109756,5.724351958795027,47.28509521484375,27.412893295288086,25.994340896606445
389.0,0.0010127677219729362,47.2910760532726,7.146377823569558,5.727392424236644,47.06480026245117,27.508962631225586,26.09701919555664
390.0,0.000950520817158659,47.41069091450084,7.156314037062905,5.733755794438449,47.735416412353516,27.57455062866211,26.142488479614258
391.0,0.0009631827706471086,47.42488809065385,7.1113045974211255,5.688317201354287,47.415348052978516,27.575607299804688,26.153146743774414
392.0,0.0009983548304510557,47.31798527457497,7.1072490865534,5.687459978190335,47.310401916503906,27.611705780029297,26.192394256591797
393.0,0.0009782044137616388,47.329343882474035,7.1305894526568325,5.7104646292599766,47.24100112915039,27.582494735717773,26.165264129638672
394.0,0.0010053656323262576,47.41384965723211,7.0853260430422695,5.662659309127114,47.248863220214844,27.5084228515625,26.090957641601562
395.0,0.0009535292232282121,47.44046185233376,7.090176159685308,5.666723966598511,47.53876876831055,27.656831741333008,26.230669021606445
396.0,0.0009783203303496439,47.35165361924605,7.050405957482078,5.629611806436018,46.961639404296875,27.5606689453125,26.151819229125977
397.0,0.0009667424059113149,47.30972298708829,7.055458708242937,5.635925368829207,47.12210464477539,27.513669967651367,26.100006103515625
398.0,0.0009587132411649112,47.46261128512296,7.075097105719826,5.650979172099721,47.27777099609375,27.6028995513916,26.184566497802734
399.0,0.0009795455738309431,47.41370409185236,7.099935184825551,5.677279255606911,47.35273742675781,27.621601104736328,26.201019287109375
400.0,0.0009742943749932402,47.43486213684082,7.049331437457692,5.626041997562755,47.11012649536133,27.59046745300293,26.17716407775879
401.0,0.0009889616101810877,47.366332574324176,7.041710441762751,5.620473287322304,47.52204132080078,27.674829483032227,26.249168395996094
402.0,0.0009796743318226866,47.43836515600031,7.02610048380765,5.602704633365978,47.75387191772461,27.686717987060547,26.25410270690918
403.0,0.0009688181625361639,47.2833217274059,7.005718675526706,5.586976853283969,47.3498420715332,27.671245574951172,26.250749588012695
404.0,0.0009565478857521983,47.43175090443004,7.015806739980524,5.592615149237893,47.38398742675781,27.6907901763916,26.269269943237305
405.0,0.0009591696500799364,47.332026741721414,6.9949867942116475,5.574786240404302,47.16851043701172,27.620838165283203,26.20578384399414
406.0,0.0009481707952958955,47.35844898223877,6.993901361118663,5.572910937395963,46.88374328613281,27.653186798095703,26.246673583984375
407.0,0.0009852058468492362,47.33735743435946,6.9867519465359775,5.5663849332115864,47.49567794799805,27.635372161865234,26.21050262451172
408.0,0.0010236514446494932,47.435975941744715,6.980686621232466,5.5573514808308,47.228031158447266,27.604324340820312,26.187482833862305
409.0,0.001002442112869837,47.3488789471713,6.969332629984075,5.548615726557645,47.250457763671875,27.626161575317383,26.208648681640625
410.0,0.0009846783597657288,47.271911274303086,6.9390694878318095,5.520666014064442,47.32915115356445,27.743295669555664,26.323421478271484
411.0,0.0009509373114931143,47.40586913715709,6.95192377133803,5.52950994534926,47.3472785949707,27.661365509033203,26.240947723388672
412.0,0.000945760241434486,47.45756036585028,6.945081960071217,5.521118781783364,47.48366165161133,27.707839965820312,26.2833309173584
413.0,0.0009602904002266852,47.39107461409135,6.958545240488919,5.5365729982202705,47.61469650268555,27.78278923034668,26.35434913635254
414.0,0.0009639004539084536,47.50061425295743,7.120189135724848,5.694929762320085,47.52943420410156,27.80946922302246,26.383586883544922
415.0,0.000969256898811595,47.45456903631037,6.92370727929202,5.499827894297513,47.474815368652344,27.767162322998047,26.342918395996094
416.0,0.0009669779789295386,47.43582257357511,6.943102706562389,5.519786325368014,47.216087341308594,27.762243270874023,26.345760345458984
417.0,0.0009744062196907842,47.322658192027696,6.904485323212364,5.484562017700889,47.40751647949219,27.689422607421875,26.267196655273438
418.0,0.0009567439939763227,47.407884164289996,6.912571798671376,5.490096124735746,47.446468353271484,27.685941696166992,26.262548446655273
419.0,0.0009828456373229114,47.34294327822599,6.900038459084251,5.479504455219615,47.288326263427734,27.889163970947266,26.47051429748535
420.0,0.0009683002929457209,47.42091300270774,6.938107793981379,5.51523832841353,47.81209182739258,27.91856575012207,26.484203338623047
421.0,0.000985335259677165,47.43515136025169,6.886202768845991,5.462901917370883,47.37425231933594,27.871261596679688,26.45003318786621
422.0,0.0009505641633454202,47.39550443129106,7.05227961323478,5.630176847631281,47.439327239990234,27.821325302124023,26.39814567565918
423.0,0.0009995367343601008,47.37446186759255,6.860150218009949,5.43866648457267,47.375770568847656,27.76820182800293,26.3469295501709
424.0,0.0009817416972840544,47.48539430444891,6.910497914661061,5.485690658742731,47.638301849365234,27.82696533203125,26.397815704345703
425.0,0.0010180048768895424,47.44455476240678,6.858340089971369,5.434748974713412,47.431053161621094,27.84703254699707,26.424100875854492
426.0,0.0010168078971963207,47.385539748451926,6.849358406933871,5.427538080648943,47.47016525268555,27.780384063720703,26.356279373168945
427.0,0.0009473222215257755,47.40368886427446,6.857483430342241,5.435135938904502,47.19198989868164,27.858068466186523,26.44230842590332
428.0,0.0009424721991473979,47.32311300797896,6.829019806601784,5.40909084406766,47.61608123779297,27.984844207763672,26.55636215209961
429.0,0.0009548524315257303,47.47235757654364,6.827267202464017,5.402857823805376,47.466339111328125,27.83319091796875,26.40920066833496
430.0,0.0009820977032756093,47.478529409928754,7.107767094265331,5.683165691115639,47.23601150512695,27.86933135986328,26.452251434326172
431.0,0.0009447899924866347,47.370549115267664,6.804901307279414,5.383548682386225,47.478904724121094,27.905284881591797,26.48091697692871
432.0,0.0009729542176831852,47.41963568600741,6.795260407707908,5.372428167950023,47.34589767456055,27.86116600036621,26.44078826904297
433.0,0.0009394123599949208,47.37236421758478,6.799228158864108,5.37782236662778,47.34093475341797,27.76406478881836,26.343835830688477
434.0,0.0010164718855362894,47.420917684381656,6.80326293815266,5.380381367423317,47.5230827331543,27.933122634887695,26.507431030273438
435.0,0.0009746955726189877,47.39416894045743,6.784351684830406,5.362282991409302,47.427772521972656,27.90947914123535,26.48664665222168
436.0,0.0009539241913113405,47.331025470386855,6.769640001383695,5.3494708212939175,47.14821243286133,27.94746971130371,26.533023834228516
437.0,0.0009869668614225122,47.25858870419589,6.736725590445778,5.318721240217036,47.45644760131836,27.989421844482422,26.56572914123535
438.0,0.0009898445939391174,47.29747321388938,6.720595674081282,5.301424004814842,47.351722717285156,27.9670352935791,26.546483993530273
439.0,0.0009654734908095138,47.435331951488145,6.756011442704634,5.332710136066783,47.48970413208008,27.947420120239258,26.522729873657227
440.0,0.0009685806673422286,47.40573198145086,6.7535013285550205,5.331087253310463,47.72681427001953,28.221986770629883,26.79018211364746
441.0,0.0009628219717838379,47.44606607610529,6.7262703288685195,5.302647655660456,47.62177658081055,27.984073638916016,26.555419921875
442.0,0.000965051526277834,47.34792007099498,6.703097256747159,5.282418391921303,47.19868087768555,28.04922103881836,26.63326072692871
443.0,0.0009800871431996877,47.428147142583676,6.74488441510634,5.3217950300736865,47.45803451538086,27.970495223999023,26.546754837036133
444.0,0.000988292535608211,47.40288595719771,6.722357955845919,5.300024292685769,47.35420227050781,27.97620964050293,26.555583953857422
445.0,0.0009996560971062122,47.36658399755304,6.706285790963606,5.285038330338218,47.37147903442383,27.966890335083008,26.545745849609375
446.0,0.0009650986414106393,47.34616400978782,6.738686312328685,5.318060192194852,47.33296203613281,28.02719497680664,26.607206344604492
447.0,0.0010013804858317599,47.413215983997695,6.704693891785362,5.282047141682018,47.387840270996094,28.09701156616211,26.675376892089844
448.0,0.000976806898093359,47.360695665532894,6.866795745762912,5.445730718699369,47.090782165527344,27.977073669433594,26.564350128173828
449.0,0.0009727196328722956,47.41663863442161,6.697239539840004,5.274497238072482,47.41548156738281,27.99934959411621,26.576885223388672
450.0,0.0009854631194188682,47.40840461037376,6.682908621701327,5.260410157116977,47.39271545410156,28.01601219177246,26.59423065185547
451.0,0.000984554304688407,47.453342871232465,6.6624873009595005,5.238640839403326,47.61846923828125,28.139387130737305,26.710832595825195
452.0,0.0009828451306516813,47.40570484508168,6.829627318815752,5.407210480083119,47.33372116088867,28.011255264282227,26.591243743896484
453.0,0.0009929115185514092,47.394963611255996,6.660138617862355,5.238041585141962,47.46162796020508,28.042531967163086,26.618682861328125
454.0,0.0009736347829774869,47.4606859033758,6.641134001991966,5.217070026831194,47.313228607177734,27.969390869140625,26.54999351501465
455.0,0.000974846338398162,47.43928111683238,6.650973775170066,5.227551677010276,47.453369140625,28.116344451904297,26.6927433013916
456.0,0.000976953935936432,47.40496453371915,6.63287446715615,5.210481318560514,47.44437026977539,28.12006187438965,26.696731567382812
457.0,0.0010103385998676954,47.36589925939386,6.630324472080577,5.209094968709079,47.42282485961914,28.005352020263672,26.58266830444336
458.0,0.0010136392216240479,47.369126146489926,6.631964716044339,5.210637580264699,47.40024948120117,28.072307586669922,26.650300979614258
459.0,0.0009492791776376015,47.464379570700906,6.616399862549522,5.192231210795316,47.4561767578125,28.1398868560791,26.716201782226562
460.0,0.0009766430236843669,47.52753786607222,6.635996428402987,5.209926150061867,47.26895523071289,28.03202247619629,26.613954544067383
461.0,0.0009724940742175518,47.41934958371249,6.608179417523471,5.185355858369307,47.7303352355957,28.130807876586914,26.698898315429688
462.0,0.0009797446731350976,47.35083025152033,6.5914529453624375,5.170683113011447,47.22542190551758,28.029312133789062,26.612548828125
463.0,0.0009382405220425095,47.439343972639605,6.587264516136863,5.163849646394903,47.60563278198242,28.112686157226562,26.68451690673828
464.0,0.0009547165364810181,47.46622319654985,6.581811980767683,5.1575866504149,47.4102783203125,28.178359985351562,26.756052017211914
465.0,0.0009710594022180885,47.425113851373844,6.590393554080617,5.167397412386808,47.375492095947266,28.03689956665039,26.61563491821289
466.0,0.0009637620890068567,47.338910883123226,6.570746150883761,5.150337880307978,47.344207763671875,28.15334701538086,26.733020782470703
467.0,0.0009910403023241088,47.36158977855336,6.6089853698557075,5.187889933586121,47.17119216918945,28.090091705322266,26.674955368041992
468.0,0.0009696700237162241,47.467966599897906,6.5837826837192885,5.1595013466748325,47.31910705566406,28.169246673583984,26.74967384338379
469.0,0.001002686620764011,47.39608391848478,6.559972177852284,5.137839057228782,47.38296890258789,28.046035766601562,26.62454605102539
470.0,0.0009456543259809471,47.31938925656405,6.541275295344266,5.121457294984297,47.44596481323242,28.20891571044922,26.78553581237793
471.0,0.00100035269331949,47.48749915036288,6.551498684016141,5.12662364136089,47.62459945678711,28.220457077026367,26.791719436645508
472.0,0.0009754902580012144,47.38154671408913,6.502895214340904,5.081204967065291,47.27701187133789,28.18486785888672,26.766557693481445
473.0,0.0009843517936215821,47.36564844304865,6.54640146819028,5.125186042352156,47.55709457397461,28.239322662353516,26.812610626220703
474.0,0.0009846036952115935,47.472904898903586,6.53984500061382,5.115411780097268,47.18760299682617,28.15757942199707,26.74195098876953
475.0,0.0010138936406953937,47.32747693495317,6.504216952757402,5.084139260378751,47.277687072753906,28.163063049316406,26.744731903076172
476.0,0.0009434261592105031,47.45119935815985,6.5168654051694,5.093093666163358,47.68406677246094,28.274250030517578,26.84372901916504
477.0,0.0009834648729090325,47.39816535602916,6.491573398763483,5.069382624192671,47.12492370605469,28.200618743896484,26.7868709564209
478.0,0.0009975535186557945,47.34642878445712,6.495702245018699,5.075060031630776,47.46453094482422,28.210994720458984,26.787057876586914
479.0,0.0009403417365815999,47.39181665940718,6.467759760943326,5.045770189978859,47.55467224121094,28.139408111572266,26.7127685546875
480.0,0.000952000020664524,47.34090995788574,6.480457782745361,5.05999254096638,47.63554763793945,28.211824417114258,26.782758712768555
481.0,0.000961618394781412,47.32849207791415,6.483775507320058,5.063680367036299,47.298683166503906,28.22031593322754,26.801355361938477
482.0,0.0009734131731833754,47.300733219493516,6.447097063064575,5.027831771157005,47.36284255981445,28.24795913696289,26.82707405090332
483.0,0.001011418715775521,47.30358739332719,6.445999264717102,5.026638811284846,47.24484634399414,28.187074661254883,26.769729614257812
484.0,0.0010136543146059425,47.30667851187966,6.438533782958984,5.019080053676259,47.43511199951172,28.271310806274414,26.848257064819336
485.0,0.0009521298184567554,47.33092654835094,6.478451219472018,5.058285431428389,47.47004699707031,28.243179321289062,26.81907844543457
486.0,0.0009598716834179041,47.40617682717063,6.6276609247381035,5.205235687169162,47.377742767333984,28.273971557617188,26.85264015197754
487.0,0.0009876924543112348,47.45886620608243,6.458151242949746,5.034138343550942,47.29353713989258,28.2304744720459,26.811668395996094
488.0,0.0009750715187031099,47.35707022927024,6.433402397415855,5.0124465227127075,47.55808639526367,28.2120361328125,26.785293579101562
489.0,0.0009703983140008694,47.41815887797963,6.437544963576577,5.014757644046437,47.04249954223633,28.338314056396484,26.927040100097656
490.0,0.0009905651015949181,47.3061878897927,6.4265994158658115,5.007166212255305,47.36992263793945,28.395618438720703,26.97452163696289
491.0,0.0009530399706405165,47.25013238733465,6.413006218996915,4.995264009995894,47.335086822509766,28.299407958984375,26.87935447692871
492.0,0.0009516538477989591,47.36534716866233,6.439491456205195,5.0182931206443095,47.30695724487305,28.35008430480957,26.930875778198242
493.0,0.0009979805459310724,47.3434081511064,6.433376789093018,5.012825098904696,47.3955192565918,28.3336181640625,26.911752700805664
494.0,0.0009743401420895349,47.33913733742454,6.385046211155978,4.964628588069569,47.17202377319336,28.284805297851562,26.869644165039062
495.0,0.0009639628154797141,47.34848395260897,6.395757946101102,4.975062478672374,47.364166259765625,28.380565643310547,26.959640502929688
496.0,0.0009684530457227745,47.15420341491699,6.3410081321542915,4.926139972426674,47.18418884277344,28.290401458740234,26.874876022338867
497.0,0.000965567324204709,47.38331777399237,6.357041619040749,4.935300751165911,47.42927551269531,28.370359420776367,26.947481155395508
498.0,0.0009910576918628067,47.472665700045496,6.3825073350559585,4.958079674027183,47.272586822509766,28.337020874023438,26.918842315673828
499.0,0.0009656243730040097,47.35832318392667,6.378043185580861,4.957052111625671,47.90922927856445,28.328371047973633,26.891094207763672
500.0,0.0009793877834454179,47.354436440901324,6.362446394833651,4.941568537191912,47.14569854736328,28.33580780029297,26.921436309814453
501.0,0.0009607481730530377,47.4192344492132,6.384598656134172,4.961781523444436,47.32252502441406,28.469932556152344,27.050256729125977
502.0,0.000977458655887114,47.4030403657393,6.363850290125066,4.941514687104658,47.1832160949707,28.38063621520996,26.965139389038086
503.0,0.0010041543375171552,47.28029563210227,6.3654348416761914,4.9467749920758335,47.07461166381836,28.35971450805664,26.94747543334961
504.0,0.0009738810437159951,47.41929539767179,6.36330031264912,4.940478086471558,47.508872985839844,28.460329055786133,27.035062789916992
505.0,0.000954873926027424,47.4408391605724,6.37086161700162,4.947397773916071,47.69800567626953,28.319204330444336,26.888263702392578
506.0,0.0009809515917864205,47.29162094809792,6.312859925356778,4.893866127187556,47.255245208740234,28.39887237548828,26.98121452331543
507.0,0.0009531291804953732,47.342885277488016,6.305183865807273,4.884659095243975,47.24987030029297,28.477426528930664,27.0599308013916
508.0,0.000996983256878924,47.34866853193803,6.32093439318917,4.900225108320063,47.39997863769531,28.45762062072754,27.035621643066406
509.0,0.0009829931183379483,47.34514730626886,6.343119968067516,4.922519781372764,47.485626220703125,28.547626495361328,27.123058319091797
510.0,0.000955793301479637,47.34236093000932,6.299729715694081,4.879219976338473,47.60604476928711,28.38973617553711,26.96155548095703
511.0,0.000981984080598605,47.34337520599365,6.301922884854403,4.881376212293452,47.03920364379883,28.39186668395996,26.980690002441406
512.0,0.0009932027526453815,47.44230218367143,6.344134330749512,4.920616995204579,47.43769454956055,28.433218002319336,27.010087966918945
513.0,0.0009617953487163918,47.40546157143333,6.3172360333529385,4.894831765781749,47.81797409057617,28.520763397216797,27.086223602294922
514.0,0.0009642214175652374,47.35669179396196,6.313437559387901,4.892495794729753,47.31188201904297,28.42251205444336,27.003154754638672
515.0,0.0009669361540793695,47.378855271772906,6.292297937653282,4.870690573345531,47.138641357421875,28.470109939575195,27.055950164794922
516.0,0.0009676775675457479,47.277152581648394,6.2831175327301025,4.864561070095409,47.44695281982422,28.470495223999023,27.047086715698242
517.0,0.0009779763402713631,47.43978136236017,6.294735030694441,4.871297175234014,47.23653793334961,28.437931060791016,27.020835876464844
518.0,0.0009653022928184575,47.36742323095148,6.2584276524457065,4.837163665077903,47.51680374145508,28.5369815826416,27.11147689819336
519.0,0.000981612243446183,47.45928036082875,6.236028855497187,4.812005086378618,47.564109802246094,28.546981811523438,27.120058059692383
520.0,0.0009647606969916854,47.293373974886805,6.2482768297195435,4.829234470020641,47.68705368041992,28.520233154296875,27.08962059020996
521.0,0.0009514811946163801,47.38929982618852,6.262350375002081,4.840433532541448,47.70876693725586,28.49124526977539,27.059982299804688
522.0,0.0009826773126736623,47.37710120461204,6.437840754335577,5.016282114115628,47.31870651245117,28.547224044799805,27.127662658691406
523.0,0.0009861922497458925,47.41657257080078,6.255388964306224,4.8326452211900195,47.39228820800781,28.50544548034668,27.083677291870117
524.0,0.0009939275332726538,47.299664063887164,6.237045277248729,4.817806937477806,47.42978286743164,28.594568252563477,27.171674728393555
525.0,0.0009885196208911525,47.343761530789465,6.243379733779213,4.822819818149913,47.20664978027344,28.58892250061035,27.1727237701416
526.0,0.0009767900747564536,47.31303405761719,6.221916556358337,4.8022813905369155,47.387813568115234,28.655351638793945,27.23371696472168
527.0,0.0010030136102366007,47.37027445706454,6.227631265466863,4.806272289969704,47.437164306640625,28.590333938598633,27.167219161987305
528.0,0.0009848284865835342,47.343895652077414,6.228729919953779,4.808166872371327,47.051109313964844,28.566402435302734,27.154869079589844
529.0,0.0010079841780349273,47.28458369861949,6.2086861025203355,4.789896639910611,47.43930435180664,28.574081420898438,27.150901794433594
530.0,0.0009543809084623882,47.39980636943471,6.4414004412564365,5.019167705015703,47.34461212158203,28.57839584350586,27.158058166503906
531.0,0.000992139393929392,47.414170785383746,6.240223050117493,4.817549976435575,47.768978118896484,28.565658569335938,27.13258934020996
532.0,0.0009415162335657938,47.4922680421309,6.2249319228259,4.799928524277427,47.501914978027344,28.595806121826172,27.17074966430664
533.0,0.0009684100845003162,47.26542134718461,6.186967448754744,4.768762751059099,47.29618453979492,28.525320053100586,27.106433868408203
534.0,0.0009599841975035484,47.3240084214644,6.1698253913359205,4.7498651851307265,47.454654693603516,28.557491302490234,27.133852005004883
535.0,0.0009751639987701889,47.428639672019266,6.182846275242892,4.7597433437000625,47.28522491455078,28.572967529296875,27.15441131591797
536.0,0.0009966016143814406,47.35955030267889,6.178614204580134,4.757578589699485,47.38820266723633,28.578733444213867,27.157087326049805
537.0,0.0009649848269129342,47.350119243968614,6.168136780912226,4.747391982512041,47.15999984741211,28.628999710083008,27.21419906616211
538.0,0.0009435942404458976,47.326156702908605,6.2045229565013535,4.784502365372398,47.066490173339844,28.57975959777832,27.16776466369629
539.0,0.0009801769655578855,47.389425884593614,6.169687867164612,4.747760079123757,47.66320037841797,28.685375213623047,27.25547981262207
540.0,0.0009811860919316214,47.45962333679199,6.160667376084761,4.736633387478915,47.456512451171875,28.666650772094727,27.242956161499023
541.0,0.0009878077729478139,47.49802103909579,6.196308970451355,4.771121469410983,47.30670928955078,28.711456298828125,27.292255401611328
542.0,0.001004262307436544,47.321003133600406,6.156208688562566,4.736327507279136,47.48474884033203,28.66033935546875,27.235795974731445
543.0,0.0009979692099891095,47.287056402726606,6.316015091809359,4.897153930230574,47.06216812133789,28.585275650024414,27.173410415649414
544.0,0.0009477243002038449,47.29020734266801,6.12492992661216,4.70598683573983,47.25537109375,28.706615447998047,27.28895378112793
545.0,0.0009506328708746216,47.34093327955766,6.17037698355588,4.749911405823448,47.5560302734375,28.63007354736328,27.203392028808594
546.0,0.0009936396606710994,47.406029267744586,6.136240081353621,4.7138108665292915,47.42768859863281,28.627151489257812,27.204320907592773
547.0,0.0009918962327488275,47.287387414412066,6.135537591847506,4.716668031432412,47.29783630371094,28.662853240966797,27.24391746520996
548.0,0.0009629475204168226,47.29017240350897,6.112137100913308,4.6931912465529,47.409915924072266,28.651947021484375,27.22964859008789
549.0,0.0009623799520671706,47.324952212246984,6.096377036788247,4.676387906074524,47.091312408447266,28.715471267700195,27.302732467651367
550.0,0.0009691837555940517,47.20973760431463,6.075915845957669,4.6593814654783765,47.14305114746094,28.660932540893555,27.246641159057617
551.0,0.000958160099054856,47.303288373080164,6.122545870867643,4.703207698735324,47.440284729003906,28.709470748901367,27.28626251220703
552.0,0.0009381021835989403,47.24412094463002,6.101693825288252,4.684135686267506,47.31053161621094,28.719423294067383,27.300107955932617
553.0,0.0009801867431220176,47.41036883267489,6.117296262220903,4.694740165363658,47.41887664794922,28.82914161682129,27.40657615661621
554.0,0.0009917251551417974,47.40324791994962,6.089763305403969,4.667417981407859,47.38800811767578,28.74347686767578,27.321836471557617
555.0,0.0009841750063721768,47.340458089655094,6.0979016043923115,4.677441846240651,47.47904968261719,28.68070411682129,27.256332397460938
556.0,0.0009727128702004186,47.365872816606,6.093337568369779,4.6721182086251,47.618289947509766,28.701244354248047,27.272695541381836
557.0,0.0009742312382017685,47.317783095619895,6.077844283797524,4.658067313107577,47.117774963378906,28.587993621826172,27.174461364746094
558.0,0.0009822302156614817,47.37182703885165,6.082687432115728,4.661287047646263,47.41520309448242,28.74585723876953,27.323400497436523
559.0,0.0009745747626187618,47.23813672499223,6.066490975293246,4.649103229696101,47.35249710083008,28.696208953857422,27.275634765625
560.0,0.0009424995329358022,47.33867497877641,6.086931889707392,4.666536060246554,47.489322662353516,28.77484703063965,27.350168228149414
561.0,0.000957995044617829,47.425526879050516,6.050919142636386,4.627913821827281,47.326904296875,28.721996307373047,27.302188873291016
562.0,0.0010194233063058082,47.29330539703369,6.0766932205720385,4.657639308409258,47.37809371948242,28.79609489440918,27.374752044677734
563.0,0.0009867559777128256,47.2888819954612,6.062251394445246,4.643338300965049,47.46366882324219,28.82149314880371,27.3975830078125
564.0,0.0009379961676048962,47.352497881109066,6.056073026223616,4.63526358387687,47.32604217529297,28.74745750427246,27.32767677307129
565.0,0.0009497026330791414,47.388307398015804,6.062370625409213,4.640483964573253,47.730262756347656,28.789918899536133,27.35801124572754
566.0,0.000981731488454071,47.26094549352472,6.044750061902133,4.6266762668436225,47.50415802001953,28.812177658081055,27.387052536010742
567.0,0.0009747795265866444,47.3883392160589,6.062157988548279,4.64026415348053,47.5131950378418,28.778573989868164,27.353178024291992
568.0,0.000988698631937785,47.294777003201574,6.0392116633328525,4.620121218941429,47.29463577270508,28.78287696838379,27.364038467407227
569.0,0.0009632172176762568,47.38079955361106,6.045043988661333,4.623379241336476,47.23258972167969,28.78281021118164,27.365833282470703
570.0,0.0009536978508218784,47.37071496790106,6.045628092505715,4.624268217520281,47.057655334472656,28.744773864746094,27.333044052124023
571.0,0.0009838611850599673,47.373967604203656,6.0347933335737745,4.613328413529829,47.2431640625,28.968751907348633,27.551456451416016
572.0,0.0009823740534061058,47.30526837435636,6.0197542689063335,4.600350694222883,47.29008865356445,28.780038833618164,27.36133575439453
573.0,0.0009374579597285694,47.22400621934371,6.010796373540705,4.593841856176203,47.283329010009766,28.905410766601562,27.48691177368164
574.0,0.0009558770583349873,47.40533568642356,6.030664855783636,4.608265909281644,47.372108459472656,28.846050262451172,27.42488670349121
575.0,0.0009914998941398649,47.28375538912687,6.024012392217463,4.605251854116267,47.394039154052734,28.94746971130371,27.52564811706543
576.0,0.0009635526075726375,47.290867198597304,6.011536262252114,4.592569383707914,47.45219802856445,28.833072662353516,27.409507751464844
577.0,0.0009605471819999035,47.27795895663175,6.0048229260878125,4.5862440737811,47.443904876708984,28.819311141967773,27.395994186401367
578.0,0.0009475770546652546,47.32184583490545,5.986605860970237,4.566713636571711,47.21173858642578,28.747358322143555,27.33100700378418
579.0,0.000958631663128141,47.309591640125625,6.010238484902815,4.590711105953563,47.3265266418457,28.808420181274414,27.38862419128418
580.0,0.0009390753984916955,47.25460624694824,5.967837550423362,4.549964601343328,47.1524658203125,28.761964797973633,27.34739112854004
581.0,0.0009416325668677349,47.22480028325861,5.946106867356733,4.529127446087924,47.24660110473633,28.813190460205078,27.39579200744629
582.0,0.0009425816123521971,47.27280243960294,6.132732488892295,4.714312813498757,47.09697341918945,28.85976219177246,27.446853637695312
583.0,0.000948093820955943,47.21803873235529,5.955875320868059,4.539097222414884,47.39020919799805,28.97991180419922,27.55820655822754
584.0,0.0009380582315233452,47.29966501756148,5.956518617543307,4.537294203584844,47.25125503540039,28.817405700683594,27.39986801147461
585.0,0.0009760146653702991,47.2693360935558,5.956624681299383,4.538300676779314,47.22346496582031,28.861404418945312,27.444700241088867
586.0,0.0009117794410981746,47.31869584863836,5.919323227622292,4.499534444375471,47.13081359863281,28.960933685302734,27.547008514404297
587.0,0.0009778928162466566,47.20235807245428,5.955474983562123,4.539159818129106,47.10207748413086,28.875118255615234,27.462055206298828
588.0,0.0009618848006622019,47.28562407060103,5.937805858525363,4.518996726382863,47.337467193603516,28.905147552490234,27.485023498535156
589.0,0.0009165751173647798,47.28238773345947,5.95470527085391,4.536004521630027,47.40940475463867,29.01823616027832,27.59595489501953
590.0,0.000979677816344933,47.285357908769086,5.939403588121587,4.520597988908941,47.13530349731445,28.837533950805664,27.42347526550293
591.0,0.0009424007690871473,47.29366042397239,5.92371042208238,4.504665006290782,47.45573425292969,28.918781280517578,27.49510955810547
592.0,0.0009834717004030774,47.345742138949305,5.972400795329701,4.551782727241516,47.559532165527344,28.89667510986328,27.46988868713379
593.0,0.0010229339346882296,47.36272603815252,5.9733768701553345,4.552239428866994,47.11436080932617,28.905752182006836,27.492321014404297
594.0,0.0009836613621287556,47.2715651772239,5.9344223304228345,4.516029596328735,47.26861572265625,28.983264923095703,27.56520652770996
595.0,0.0010170965132684532,47.284386894919656,5.924104647202925,4.505318793383512,47.46735382080078,28.99128532409668,27.567264556884766
596.0,0.0010425215216607533,47.212387171658605,5.91147763078863,4.494845455343073,47.304595947265625,28.920696258544922,27.501558303833008
597.0,0.0009452181071868505,47.288745099847965,5.928959196264094,4.510060624642805,47.21782302856445,29.02153205871582,27.604997634887695
598.0,0.0009382235783215782,47.40150954506614,5.94467754797502,4.522397734902122,47.49028015136719,28.950374603271484,27.525665283203125
599.0,0.0010038094452201303,47.30700527537953,6.289657907052473,4.870196840979836,47.498775482177734,29.03492546081543,27.609962463378906
600.0,0.0009548225352773443,47.38452798669989,5.917011109265414,4.495236602696505,47.34579849243164,29.106761932373047,27.68638801574707
601.0,0.0009172972296999598,47.22031385248358,5.923676024783742,4.506837346337059,47.0756721496582,28.975990295410156,27.563720703125
602.0,0.000963372481320138,47.353543975136496,5.936810179190203,4.515963099219582,47.43387985229492,28.908735275268555,27.485719680786133
603.0,0.0009763928656783802,47.286321900107644,5.912093444304033,4.49325966835022,47.11635208129883,29.01173210144043,27.598241806030273
604.0,0.000971411930301904,47.26368314569647,5.881893829865889,4.463740478862416,47.35453414916992,29.023412704467773,27.6027774810791
605.0,0.0009507279067871754,47.26829632845792,5.91614188931205,4.497855327346108,47.5831184387207,29.0380859375,27.610591888427734
606.0,0.0010129396740177815,47.33625316619873,5.88224365494468,4.461902856826782,47.38471984863281,28.98003578186035,27.558494567871094
607.0,0.0010528007987886667,47.30326886610551,5.861766923557628,4.442405711520802,47.57585525512695,29.095535278320312,27.66826057434082
608.0,0.0010299541146113452,47.28963990644975,5.8860756809061225,4.4671290354295214,47.13234329223633,28.995540618896484,27.58156967163086
609.0,0.0009628177940612659,47.26425474340265,5.873956485228105,4.455788168040189,47.29576110839844,29.14850425720215,27.729631423950195
610.0,0.0009624741704266688,47.34445112401789,5.87421091036363,4.453636797991666,47.52785110473633,29.036502838134766,27.610668182373047
611.0,0.0009214754470370033,47.25315544821999,5.845910213210366,4.4280852837996045,47.29603958129883,29.063753128051758,27.644872665405273
612.0,0.0009764511765256016,47.22524746981534,5.879254232753407,4.462252660231157,47.36980438232422,29.065242767333984,27.644147872924805
613.0,0.0009711084011624652,47.207721970298074,5.8119024796919385,4.395428083159707,47.3626823425293,29.089372634887695,27.66849136352539
614.0,0.0009574130857469175,47.21137514981356,5.818907824429599,4.402327223257585,47.0586051940918,29.10817527770996,27.6964168548584
615.0,0.0009829946648096666,47.265829693187364,5.8619221448898315,4.443701559847051,47.057376861572266,29.088661193847656,27.676939010620117
616.0,0.0009865093081977896,47.18394721638072,5.847915465181524,4.432150483131409,47.096900939941406,29.09905242919922,27.686145782470703
617.0,0.0009826552202205428,47.35283010656183,5.860703912648288,4.439873413606123,47.21833419799805,29.119518280029297,27.70296859741211
618.0,0.000974655579987236,47.28307750008323,5.878576961430636,4.459840991280296,47.304012298583984,29.055908203125,27.63678741455078
619.0,0.0010056609793206337,47.395259683782406,5.841064008799466,4.418954849243164,47.360782623291016,29.133377075195312,27.712553024291992
620.0,0.0009510762134926732,47.336905999617144,5.995028658346697,4.574683731252497,47.35957717895508,29.149309158325195,27.7285213470459
621.0,0.0009680388479451226,47.23869011618874,5.820378986271945,4.4029762744903564,47.402320861816406,29.136220932006836,27.71415138244629
622.0,0.000992157069214789,47.363903825933285,5.842027555812489,4.420862447131764,47.36482238769531,29.001663208007812,27.580718994140625
623.0,0.0009400308256524361,47.25689255107533,5.848343426531011,4.43040161783045,47.358123779296875,29.185176849365234,27.764432907104492
624.0,0.0009644476813264191,47.328177191994406,5.84743729504672,4.427350878715515,47.61152648925781,29.18321990966797,27.754873275756836
625.0,0.0009555179329419678,47.26717081936923,5.810882275754755,4.392628279599276,47.077728271484375,29.131864547729492,27.719532012939453
626.0,0.0010056886398656802,47.350874640724875,5.984807892279192,4.564030235463923,47.20706558227539,29.13566780090332,27.71945571899414
627.0,0.0009592484090138565,47.19683638485995,5.825721946629611,4.409577098759738,47.0500602722168,29.08817481994629,27.676673889160156
628.0,0.0009654314582638273,47.30575266751376,5.822124643759294,4.402710752053694,47.30558776855469,29.114276885986328,27.69510841369629
629.0,0.0009657473366876894,47.2778354991566,5.81355695290999,4.394980506463484,47.0692253112793,29.08394432067871,27.67186737060547
630.0,0.0009370460466016084,47.236556399952285,5.802497061816129,4.385166157375682,47.54767990112305,29.071746826171875,27.64531707763672
631.0,0.000980833922354081,47.250413634560324,5.779955733906139,4.362198190255598,47.261295318603516,29.104522705078125,27.686683654785156
632.0,0.0009585795580113137,47.260329246520996,5.775921019640836,4.3578715324401855,47.34760665893555,29.210710525512695,27.790283203125
633.0,0.0009885203273204918,47.26299901442094,5.767982732165944,4.349845615300265,47.42665100097656,29.097780227661133,27.67498016357422
634.0,0.0009821403337727215,47.2901029586792,5.7861599055203525,4.367211331020702,47.42934799194336,29.183917999267578,27.761037826538086
635.0,0.000978146387338215,47.30718404596502,5.819224791093306,4.399764776229858,47.133296966552734,29.07935905456543,27.665359497070312
636.0,0.0009349867680364034,47.27796979383989,5.780791358514265,4.362218531695279,47.3714485168457,29.165874481201172,27.744731903076172
637.0,0.0009644661318320273,47.265946648337625,5.777968103235418,4.359748634425077,47.330780029296875,29.228235244750977,27.808311462402344
638.0,0.0009549701631344346,47.2007343118841,5.761371460827914,4.345110730691389,47.05022430419922,29.110069274902344,27.698562622070312
639.0,0.001002543668040413,47.2483357516202,5.79077935218811,4.3730786713686856,47.13174057006836,29.240428924560547,27.82647705078125
640.0,0.000958913463612341,47.23780311237682,5.883049921555952,4.465676134282893,47.338775634765625,29.218124389648438,27.79796028137207
641.0,0.0009713079542217946,47.16338426416571,5.882586446675387,4.467442133209922,47.13511276245117,29.050189971923828,27.636137008666992
642.0,0.0009675412478496913,47.26352761008523,5.751306067813527,4.333158428018743,47.077728271484375,29.177112579345703,27.764780044555664
643.0,0.0009999305515190247,47.28022081201727,5.758395400914279,4.339738791639155,47.34752655029297,29.273698806762695,27.853273391723633
644.0,0.0009631934967315333,47.27276342565363,5.750672199509361,4.3322484926743945,47.150325775146484,29.15225601196289,27.73774528503418
645.0,0.0009723287829811769,47.1667403307828,5.73009298064492,4.314847751097246,46.82261276245117,29.22636604309082,27.821687698364258
646.0,0.0009539567928930575,47.20847615328702,5.710491754791954,4.293999000029131,47.06776428222656,29.269662857055664,27.857629776000977
647.0,0.0009578904772008008,47.18051589619029,5.733333067460493,4.317678180607882,47.176536560058594,29.292612075805664,27.877315521240234
648.0,0.0009186502786840058,47.17241035808217,5.704743114384738,4.289341189644554,47.311256408691406,29.14533042907715,27.72599220275879
649.0,0.0009548576212678613,47.390820329839535,5.733583331108093,4.311620062047785,47.30548858642578,29.35818862915039,27.939023971557617
650.0,0.000938579707342962,47.33723631772128,5.746905651959506,4.326553962447426,47.376121520996094,29.16501235961914,27.743728637695312
651.0,0.0009271160762926394,47.16907163099809,5.705192826010964,4.289888945492831,46.966712951660156,29.262256622314453,27.853256225585938
652.0,0.0009560639432906596,47.18039625341242,5.721694339405406,4.3060434514826,47.163387298583984,29.3431396484375,27.928237915039062
653.0,0.0009701602737715638,47.21846155686812,5.734477053989064,4.317680684002963,47.35631561279297,29.265993118286133,27.845304489135742
654.0,0.000980838533988307,47.329617500305176,5.760653506625783,4.340519796718251,47.45863723754883,29.315099716186523,27.891340255737305
655.0,0.000983055423024449,47.278657566417344,5.714030840180137,4.295425382527438,47.02952575683594,29.252500534057617,27.841615676879883
656.0,0.0009642970425457778,47.2514725598422,5.719974160194397,4.302188949151472,47.236289978027344,29.369892120361328,27.952802658081055
657.0,0.0009237093948864971,47.22116184234619,5.712808283892545,4.295942544937134,47.326717376708984,29.263389587402344,27.84358787536621
658.0,0.0009644111335298724,47.17786364121871,5.692545110529119,4.2769681865518745,47.19670486450195,29.277074813842773,27.861173629760742
659.0,0.000999870016874576,47.27786723050204,5.722360047427091,4.3037741075862535,47.202735900878906,29.24111557006836,27.82503318786621
660.0,0.0009218633878679776,47.22536771947687,5.672963695092634,4.2559722445227886,47.424678802490234,29.2585506439209,27.8358097076416
661.0,0.0009662805453196845,47.200115810741075,5.730009696700356,4.313764723864469,47.597564697265625,29.37887954711914,27.950952529907227
662.0,0.0009441040138798681,47.23043433102694,5.680875084616921,4.263726104389537,47.33128356933594,29.2314453125,27.811506271362305
663.0,0.0009760573117422279,47.26024116169322,5.680059021169489,4.262007821689952,46.96123123168945,29.280410766601562,27.87157440185547
664.0,0.0009948664426867088,47.12039834802801,5.664590933106163,4.250730276107788,47.08211898803711,29.36687660217285,27.95441246032715
665.0,0.000993412751334042,47.18473928624933,5.672998731786555,4.257208228111267,47.19892883300781,29.284128189086914,27.868160247802734
666.0,0.0009310481202026659,47.224065867337316,5.6475372964685615,4.230582573197105,47.16635513305664,29.313125610351562,27.898134231567383
667.0,0.0009731297481762754,47.15637510473078,5.667662772265348,4.252728267149492,47.27101516723633,29.365081787109375,27.946950912475586
668.0,0.0009415620244743133,47.163555492054336,5.64460475878282,4.229462742805481,47.1070671081543,29.27831268310547,27.865100860595703
669.0,0.0009748926121656867,47.12112236022949,5.6730380925265225,4.259160724553195,47.516845703125,29.433578491210938,28.008073806762695
670.0,0.0010127594644224948,47.3090954693881,5.658370538191362,4.238844513893127,47.2307014465332,29.324909210205078,27.907987594604492
671.0,0.0009928320941980928,47.26373975927179,5.6848647160963575,4.266704331744801,47.21971893310547,29.361209869384766,27.944618225097656
672.0,0.0009790513841752809,47.268841830166906,5.661399451169101,4.24308944832195,47.22671890258789,29.248271942138672,27.831470489501953
673.0,0.0009529717975634743,47.227796814658426,5.656707178462636,4.239635077389804,47.23353576660156,29.369823455810547,27.952817916870117
674.0,0.0009486436121567914,47.222146381031386,5.627654335715554,4.210752855647694,47.23504638671875,29.452131271362305,28.035079956054688
675.0,0.0009419979932400482,47.21010832353072,5.634604519063776,4.218065857887268,47.05790328979492,29.332782745361328,27.921045303344727
676.0,0.000964799174901352,47.24021954969926,5.636919996955178,4.219472234899348,47.60185241699219,29.381637573242188,27.953582763671875
677.0,0.000982893495926295,47.2633262981068,5.652726910331032,4.234581427140669,47.26420974731445,29.333641052246094,27.915714263916016
678.0,0.0009640733465361832,47.04631285233931,5.609977299516851,4.198346956209703,47.191829681396484,29.337736129760742,27.921981811523438
679.0,0.0009665477555245161,47.377106406471945,5.6588626666502515,4.237307841127569,47.01680374145508,29.323829650878906,27.913326263427734
680.0,0.0009431813840902495,47.223198197104715,5.643844745375893,4.226913007822904,47.22074508666992,29.41193389892578,27.995311737060547
681.0,0.0009653968815903434,47.17204284667969,5.834079720757225,4.418677097017115,47.13395690917969,29.408945083618164,27.99492645263672
682.0,0.0009131259986051274,47.26751726323908,5.625689842484214,4.207436035979878,47.56499481201172,29.374624252319336,27.947673797607422
683.0,0.0009686087789966471,47.2287202314897,5.648352612148631,4.231248882683841,47.616790771484375,29.318113327026367,27.889610290527344
684.0,0.0009687926054043187,47.19955912503329,5.587321639060974,4.171092694455927,47.31474685668945,29.41748809814453,27.998044967651367
685.0,0.0009952678638827902,47.261634133078836,5.6506479436701,4.232550117102536,47.25696563720703,29.39565658569336,27.977947235107422
686.0,0.0009357002378568392,47.229026707735926,5.62604529207403,4.208940657702359,47.33631896972656,29.504972457885742,28.084882736206055
687.0,0.0009491703954567624,47.163545001636855,5.594415913928639,4.179272348230535,47.207523345947266,29.392013549804688,27.975788116455078
688.0,0.0009648101351393217,47.2202730178833,5.614242120222612,4.197392691265453,47.20500946044922,29.351791381835938,27.935640335083008
689.0,0.0010121938301546668,47.246202035383746,5.610662341117859,4.193023280663923,47.155128479003906,29.411327362060547,27.996673583984375
690.0,0.000952460145609538,47.22245745225386,5.5997830954465,4.182871298356489,47.29914474487305,29.54677391052246,28.12779998779297
691.0,0.000943811021649956,47.16662311553955,5.581436330621893,4.166201716119593,47.28580856323242,29.4929141998291,28.0743408203125
692.0,0.0009782361395826394,47.35829231955788,5.587932109832764,4.16693879257549,47.1773796081543,29.34576416015625,27.930442810058594
693.0,0.0009530374425759709,47.097299489107996,5.567974090576172,4.1548168875954365,47.16978073120117,29.473438262939453,28.0583438873291
694.0,0.0009574060465886512,47.21909939159047,5.594301754778082,4.177489454096014,47.2050666809082,29.396682739257812,27.98052978515625
695.0,0.0009699511733329432,47.228234724564985,5.598364190621809,4.181274668736891,47.537349700927734,29.521827697753906,28.095706939697266
696.0,0.0009586460099936547,47.230487476695664,5.562528545206243,4.145374249328267,47.37322998046875,29.507436752319336,28.086240768432617
697.0,0.0009711169087412683,47.1826398155906,5.563500805334612,4.147778895768252,47.455020904541016,29.442411422729492,28.018760681152344
698.0,0.0009520824599100954,47.14569941433993,5.639786330136386,4.225177380171689,47.174217224121094,29.560630798339844,28.145404815673828
699.0,0.0009950353401522575,47.20158316872337,5.591365803371776,4.175069559704173,47.016841888427734,29.592920303344727,28.182415008544922
700.0,0.0009435042447876185,47.17151468450373,5.570097999139265,4.154716719280589,47.098636627197266,29.50084686279297,28.087886810302734
701.0,0.0009492872698253698,47.105721126903184,5.552080056884072,4.138671100139618,47.135498046875,29.57584571838379,28.161781311035156
702.0,0.0009655463720925829,47.15509995547208,5.550036733800715,4.135142358866605,47.0645751953125,29.500825881958008,28.08888816833496
703.0,0.0009755710806612941,47.212627931074664,5.578026023778048,4.1614033146338025,47.203582763671875,29.432292938232422,28.016185760498047
704.0,0.0009489687032658945,47.29299120469527,5.56854784488678,4.149520890279249,47.31282424926758,29.46540641784668,28.046022415161133
705.0,0.0009891619741789657,47.35718180916526,5.582012566653165,4.161049913276326,47.54325485229492,29.52484703063965,28.098548889160156
706.0,0.0009308810893509707,47.15834574265914,5.528355327519503,4.113372282548384,47.43449401855469,29.509422302246094,28.086387634277344
707.0,0.0009441573347430676,47.23105794733221,5.575383327224038,4.1582155932079665,47.228450775146484,29.568965911865234,28.15211296081543
708.0,0.0009466536020309749,47.17297172546387,5.531459071419456,4.116033288565549,47.15461349487305,29.441036224365234,28.026397705078125
709.0,0.0009433553323932839,47.25648940693248,5.56640286879106,4.148472384973005,47.35552215576172,29.6629638671875,28.242298126220703
710.0,0.0009739267010114748,47.270174113186926,5.556755185127258,4.138406574726105,47.11166763305664,29.447874069213867,28.03452491760254
711.0,0.0010130109545901757,47.14579833637584,5.721420775760304,4.306793597611514,46.969451904296875,29.50507354736328,28.095989227294922
712.0,0.0009529790179592303,47.17373535849831,5.544430819424716,4.128980501131578,47.17945861816406,29.489412307739258,28.07402801513672
713.0,0.0009260738006560132,47.30217881636186,5.555731708353216,4.1364348259839145,47.05388259887695,29.555953979492188,28.144336700439453
714.0,0.000986231140400791,47.127048925919965,5.508354479616338,4.094296487894925,47.3020133972168,29.590702056884766,28.171642303466797
715.0,0.0009576367407465692,47.280514457009055,5.743545987389305,4.324891220439564,47.21881866455078,29.568859100341797,28.152294158935547
716.0,0.000939861858073114,47.10389041900635,5.695149020715193,4.281797409057617,47.16099166870117,29.485536575317383,28.070707321166992
717.0,0.0009444357657974416,47.22234613245184,5.525984634052623,4.109078201380643,47.31507110595703,29.446847915649414,28.027395248413086
718.0,0.0009644177546513013,47.07902041348544,5.513559601523659,4.100947856903076,47.15393829345703,29.52759552001953,28.112977981567383
719.0,0.0009480186457618732,47.104400634765625,5.510406732559204,4.097037743438374,46.99436950683594,29.555004119873047,28.145172119140625
720.0,0.0009268961439374834,47.1113074909557,5.505914568901062,4.0923436446623365,47.21962356567383,29.481130599975586,28.064542770385742
721.0,0.0009647195441754196,47.23844068700617,5.537913994355635,4.120519648898732,47.25253677368164,29.512516021728516,28.094940185546875
722.0,0.0009772158505670218,47.3030120676214,5.51218948581002,4.092854841188951,47.54584884643555,29.51681900024414,28.090444564819336
723.0,0.0009472397439160638,47.15012897144664,5.507394964044744,4.092654358256947,47.311309814453125,29.606521606445312,28.18718147277832
724.0,0.0009741356083064933,47.22884325547652,5.490385575727983,4.0732767744497815,46.97696304321289,29.469518661499023,28.060209274291992
725.0,0.0009851466695016081,47.087067950855605,5.535696311430498,4.12283806367354,47.19022750854492,29.65104103088379,28.235334396362305
726.0,0.0009781145173209634,47.224871982227675,5.5218048529191455,4.104814166372472,46.99329376220703,29.600128173828125,28.19032859802246
727.0,0.0009682204254204407,47.26234297318892,5.53624351458116,4.1181312582709575,47.263118743896484,29.617679595947266,28.199785232543945
728.0,0.0009267551689514552,47.2179258519953,5.475669860839844,4.05890047008341,47.510013580322266,29.64397621154785,28.21867561340332
729.0,0.0009535111907594414,47.13926956870339,5.465255466374484,4.050839077342641,47.012115478515625,29.509014129638672,28.098649978637695
730.0,0.0009843504601369866,47.17010654102672,5.49850053136999,4.083151291717183,47.27004623413086,29.590412139892578,28.172311782836914
731.0,0.0009668437970421193,47.23136520385742,5.489108378236944,4.071925759315491,47.17378616333008,29.628501892089844,28.213289260864258
732.0,0.0009203762800263411,47.157237399708144,5.482572902332652,4.0676257176832715,47.08031463623047,29.670297622680664,28.257888793945312
733.0,0.0009882769478611988,47.13619388233531,5.480409167029641,4.066076289523732,47.41218185424805,29.588380813598633,28.166015625
734.0,0.0009580787445884198,47.15663172981956,5.437603527849371,4.022665045478127,47.051673889160156,29.546175003051758,28.134624481201172
735.0,0.0009443629427220334,47.19998602433638,5.480532440272245,4.064296825365587,46.9154167175293,29.600143432617188,28.19268035888672
736.0,0.0009603906007462435,47.197306806390934,5.459741234779358,4.0435819246552205,47.27541732788086,29.586162567138672,28.16790008544922
737.0,0.0009654627514960753,47.14676492864435,5.4531550840898,4.038510793989355,47.3359375,29.511226654052734,28.091148376464844
738.0,0.0009885420877253637,47.2798470583829,5.4857002821835605,4.0670577396046035,47.56093215942383,29.603479385375977,28.176651000976562
739.0,0.0009699927137593146,47.24587137048895,5.4589396931908345,4.04132114757191,47.2467041015625,29.71263885498047,28.295238494873047
740.0,0.0009579531086439437,47.169576991688125,5.456781539050016,4.041454797441309,47.092872619628906,29.701261520385742,28.288475036621094
741.0,0.0009598139348037711,47.00708718733354,5.424785191362554,4.014332646673376,47.15980911254883,29.71957015991211,28.30477523803711
742.0,0.0009307251100174406,47.221318071538754,5.476815592158925,4.05994343215769,47.274410247802734,29.71293830871582,28.294706344604492
743.0,0.0009774070786079392,47.099482102827594,5.441676952622154,4.028448251160708,47.165557861328125,29.574522018432617,28.159555435180664
744.0,0.0009094211365498433,47.189944527365945,5.49564388665286,4.079718270085075,46.7951774597168,29.59961700439453,28.195762634277344
745.0,0.0009706126835557039,47.11578152396462,5.46095749464902,4.047241427681663,47.16279602050781,29.765127182006836,28.350242614746094
746.0,0.0009499542211415246,47.094799822027035,5.45915319702842,4.046071686527946,46.853702545166016,29.677690505981445,28.272079467773438
747.0,0.0009583610239629211,47.193582101301715,5.453811959786848,4.037764928557656,47.09653091430664,29.700218200683594,28.287322998046875
748.0,0.0009660085223996165,47.12120307575572,5.430949156934565,4.017071610147303,47.163177490234375,29.664506912231445,28.249610900878906
749.0,0.000933421349724416,47.21057692441073,5.445200324058533,4.028649741953069,47.10432052612305,29.61841583251953,28.205286026000977
750.0,0.0009479291607435284,47.087951920249246,5.412282065911726,3.9994065815752204,47.05718994140625,29.680789947509766,28.269073486328125
751.0,0.0009632326585812156,47.177426078102805,5.6193261254917495,4.2037625746293505,47.18663024902344,29.628459930419922,28.212860107421875
752.0,0.0009683010311246934,47.05685234069824,5.40807843208313,3.996130818670446,47.0139045715332,29.702190399169922,28.291772842407227
753.0,0.0009785791639429094,47.14256798137318,5.432252829725092,4.017731173471971,47.417877197265625,29.6929988861084,28.270462036132812
754.0,0.0009376004573740912,47.19090392372825,5.443212379108775,4.027250880544836,47.06331253051758,29.679733276367188,28.267833709716797
755.0,0.0009549952916462313,47.204483639110215,5.431833971630443,4.015460767529228,47.011207580566406,29.585786819458008,28.175451278686523
756.0,0.0009417806312822821,47.00809730182994,5.384952057491649,3.9744737202470954,46.765663146972656,29.602678298950195,28.199708938598633
757.0,0.0009788007075919516,46.96140323985707,5.536938591436907,4.127851816740903,47.019161224365234,29.832372665405273,28.421798706054688
758.0,0.0009617173028263179,47.03888919136741,5.417105891487815,4.005698794668371,47.25425338745117,29.680591583251953,28.262964248657227
759.0,0.0009956508795519105,47.133751435713336,5.408238909461281,3.9939774491570215,47.184547424316406,29.599205017089844,28.18366813659668
760.0,0.0009421251835936511,47.13925838470459,5.44897757877003,4.034564343365756,47.043949127197266,29.78618812561035,28.37487030029297
761.0,0.0009575557540467179,47.17090970819647,5.557749336416071,4.1423827030441975,47.22239685058594,29.873083114624023,28.456411361694336
762.0,0.0009409505027261647,47.16917150670832,5.569030544974587,4.153720194643194,47.115623474121094,29.746633529663086,28.33316421508789
763.0,0.0009467750946483152,47.19525137814608,5.386671911586415,3.970577695152976,47.422447204589844,29.78927230834961,28.36659812927246
764.0,0.0009491061024494808,47.11366627433083,5.413667830553922,4.000020601532676,47.285579681396484,29.78009033203125,28.361522674560547
765.0,0.0009691213120029054,47.16102409362793,5.3913714777339585,3.9762984676794573,47.39413833618164,29.787582397460938,28.365758895874023
766.0,0.0009524718678387052,47.17635718258944,5.433069174939936,4.017540373585441,47.31862258911133,29.70899200439453,28.289432525634766
767.0,0.0009372134901985356,47.14120743491433,5.404531608928334,3.990061039274389,47.22422790527344,29.747055053710938,28.3303279876709
768.0,0.0009685696184698662,47.11943903836337,5.400852073322643,3.987026805227453,47.251914978027344,29.782350540161133,28.36479377746582
769.0,0.0009681350612399084,47.09504084153609,5.368699724023992,3.955606509338726,47.236793518066406,29.69770050048828,28.280597686767578
770.0,0.0009571620810840449,47.149118423461914,5.392353578047319,3.9776408022100274,47.12103271484375,29.754898071289062,28.341266632080078
771.0,0.0009588929824531078,47.13091061332009,5.383437351746992,3.969270359386097,47.26437759399414,29.86573600769043,28.447805404663086
772.0,0.0009754140244860372,47.073210282759234,5.39700600233945,3.9845659028400076,47.23054885864258,29.75043487548828,28.333518981933594
773.0,0.000974173752845011,47.22999503395774,5.408633719791066,3.991490358656103,47.4129638671875,29.870820999145508,28.44843292236328
774.0,0.0009759367980719121,47.29769169200551,5.398661537603899,3.979486785151742,47.31086349487305,29.881057739257812,28.46173095703125
775.0,0.0009553229227259925,47.204187566583805,5.3432582074945625,3.9268937598575246,47.033447265625,29.816570281982422,28.405567169189453
776.0,0.0009789516956185582,47.11209713328969,5.34533032503995,3.9317226951772515,47.069271087646484,29.822452545166016,28.41037368774414
777.0,0.0009706334068058906,47.1536039872603,5.362947897477583,3.9480971964922817,47.226463317871094,29.71927833557129,28.3024845123291
778.0,0.0009585735573306341,46.928448763760656,5.334451361136003,3.926358315077695,47.130680084228516,29.75646209716797,28.34254264831543
779.0,0.0009191269914894788,47.13179969787598,5.3464356010610405,3.932251816446131,47.32450866699219,29.793819427490234,28.37408447265625
780.0,0.0009670357540016994,47.19304743680087,5.369798053394664,3.9537649154663086,47.4293327331543,29.820829391479492,28.39794921875
781.0,0.000949079184052111,47.0451585596258,5.342650619420138,3.9310586127367886,46.97773742675781,29.78105354309082,28.371721267700195
782.0,0.000975133906732398,47.083128062161535,5.354968103495511,3.942230452190746,47.2158088684082,29.825284957885742,28.408811569213867
783.0,0.0009507746647366068,47.21925839510831,5.379622329365123,3.962806912985715,47.077457427978516,29.805673599243164,28.39335060119629
784.0,0.00097087103032126,47.106959256258875,5.352565895427357,3.9391144622455943,46.96929168701172,29.91271209716797,28.503633499145508
785.0,0.000939806064707227,47.129370255903765,5.369267203591087,3.9551511948758904,47.21915817260742,29.836742401123047,28.420167922973633
786.0,0.0009491897706704384,47.13374762101607,5.362954020500183,3.948704329403964,47.124324798583984,29.9197998046875,28.50606918334961
787.0,0.0009937392658850347,47.19770856337114,5.357295166362416,3.941115466031161,47.24889373779297,29.923213958740234,28.505746841430664
788.0,0.0009403843035794456,47.143128481778234,5.340799949385903,3.926271043040536,46.98981475830078,29.82959747314453,28.419902801513672
789.0,0.0009574109704276038,46.96106667952104,5.364753419702703,3.9556820663538845,47.03710174560547,29.878681182861328,28.467567443847656
790.0,0.0009425644278632138,47.200383533130996,5.359954508868131,3.943707384846427,47.18758010864258,29.872835159301758,28.45720863342285
791.0,0.0009803866652708332,47.17577630823309,5.343065966259349,3.927547590299086,46.91503143310547,29.789342880249023,28.38189125061035
792.0,0.0009430433962155472,47.089866464788265,5.336592999371615,3.92366131327369,47.04994201660156,29.851816177368164,28.440317153930664
793.0,0.0009618029778886756,47.03213318911466,5.3244674097407945,3.9132630066438154,47.258243560791016,29.87399673461914,28.456249237060547
794.0,0.0009870397228620607,47.01928147402677,5.307851086963307,3.8970259698954495,47.2362060546875,29.842111587524414,28.425025939941406
795.0,0.0009765341991706836,47.106751441955566,5.30750357020985,3.8940569812601264,46.7266960144043,29.889144897460938,28.48734474182129
796.0,0.0009452277908249843,47.10553975538774,5.4836977828632705,4.070295295932076,47.111454010009766,29.901010513305664,28.487667083740234
797.0,0.0009643779511944475,47.07561501589689,5.311436447230252,3.8989269787614997,47.00956344604492,29.80474090576172,28.394454956054688
798.0,0.0009178764938207513,46.98944282531738,5.311750260266391,3.9018375223333184,47.11458206176758,29.922096252441406,28.50865936279297
799.0,0.0009380167426901277,46.998428864912555,5.301665793765675,3.8914784626527266,47.158382415771484,29.89361000061035,28.478858947753906
800.0,0.0009771610057214275,47.0249137878418,5.295594941486012,3.8846033052964644,47.13936233520508,29.916147232055664,28.50196647644043
801.0,0.0009936911665135995,47.108468229120426,5.325756799090993,3.9122543551705102,47.326900482177734,30.01024055480957,28.59043312072754
802.0,0.0009394745800157332,47.14950665560636,5.311498306014321,3.896778280084783,47.1971435546875,29.807220458984375,28.391305923461914
803.0,0.000956651494065723,47.117422103881836,5.314331249757246,3.900569422678514,47.2088508605957,29.896615982055664,28.480350494384766
804.0,0.000927395107944242,47.06074255163019,5.306981801986694,3.894927680492401,47.18540573120117,29.940040588378906,28.524478912353516
805.0,0.0009699004784289917,47.16701334173029,5.314579075033015,3.8993262431838294,47.34415817260742,30.004018783569336,28.583694458007812
806.0,0.0009477589258246801,47.0920052094893,5.307577566667036,3.894580515948209,47.01877212524414,29.86421012878418,28.45364761352539
807.0,0.000944951234321872,47.097215999256484,5.296142762357539,3.882990051399578,47.131534576416016,29.93436050415039,28.520414352416992
808.0,0.000984858419873159,47.10460385409269,5.322012522003868,3.908628290349787,47.156280517578125,29.860939025878906,28.446250915527344
809.0,0.0009785647257972,47.05381818251176,5.296344995498657,3.884485862471841,47.16930389404297,29.90401268005371,28.488933563232422
810.0,0.0009521221535661342,47.13878128745339,5.287523551420732,3.873122041875666,47.22871780395508,29.858551025390625,28.441688537597656
811.0,0.0009734221715585921,47.112914605574176,5.283462448553606,3.869831681251526,47.05243682861328,29.968887329101562,28.557313919067383
812.0,0.0009354065444891934,47.082965330644086,5.291249838742343,3.878527045249939,47.12863540649414,29.994861602783203,28.581003189086914
813.0,0.0009928778546798806,47.1852353702892,5.317074179649353,3.9012688886035574,47.22227478027344,29.845659255981445,28.428991317749023
814.0,0.0009537395883605561,47.15714307264848,5.302568013017828,3.887615301392295,47.340511322021484,29.998018264770508,28.577802658081055
815.0,0.0009511899525849996,47.17347960038619,5.3028670224276455,3.8874248537150295,47.266544342041016,29.937332153320312,28.519336700439453
816.0,0.0009438772950406102,47.17193412780762,5.302101687951521,3.886707679791884,46.79005432128906,29.994314193725586,28.590612411499023
817.0,0.000959128350421617,46.965818491849035,5.265392130071467,3.8561778231100603,47.31171417236328,29.864139556884766,28.444787979125977
818.0,0.000963843260912902,47.06558843092485,5.277931993657893,3.86572344194759,47.295616149902344,29.915525436401367,28.49665641784668
819.0,0.0009545568927106532,47.0243670723655,5.2765513983639805,3.865581740032543,47.1097412109375,29.972211837768555,28.55891990661621
820.0,0.0009299056175884537,47.05713185397062,5.255766380916942,3.8438199866901743,46.82654571533203,29.98545265197754,28.580656051635742
821.0,0.000971395548814061,46.98329960216176,5.2675688375126235,3.8578270186077463,47.25544738769531,29.917556762695312,28.499893188476562
822.0,0.0009587333479430526,46.9964522448453,5.305497678843412,3.8953645012595435,47.15034484863281,30.044485092163086,28.629974365234375
823.0,0.0009621684677602553,47.081737605008215,5.245730801062151,3.833038167520003,47.16490173339844,30.01889419555664,28.603946685791016
824.0,0.0009390784213213589,46.9566444050182,5.264339035207575,3.8554050001231106,47.20957946777344,29.96710968017578,28.550823211669922
825.0,0.0009843400462572886,47.07115970958363,5.256610339338129,3.8442294597625732,47.11735916137695,30.0500545501709,28.636533737182617
826.0,0.0009285219143335285,47.00682986866344,5.256741437045011,3.8463045087727634,47.332374572753906,30.027769088745117,28.607797622680664
827.0,0.0009554734397997064,47.10356192155318,5.2568653930317275,3.84351967681538,47.259239196777344,30.041160583496094,28.623382568359375
828.0,0.0009282011636638675,47.10390489751642,5.462505112994801,4.049155972220681,47.09600067138672,29.95355796813965,28.540678024291992
829.0,0.0009457777487114072,47.09527926011519,5.237162893468684,3.8240680911324243,47.31254959106445,30.002309799194336,28.58293342590332
830.0,0.0009599314970810982,47.069720788435504,5.257864757017656,3.845533170483329,47.095951080322266,30.006587982177734,28.59370994567871
831.0,0.0009746815009169619,47.035524281588465,5.255016782067039,3.8437074422836304,47.112735748291016,29.936809539794922,28.523427963256836
832.0,0.0009414621295449747,46.9764928817749,5.223362391645258,3.813832261345603,46.99280548095703,30.026765823364258,28.616981506347656
833.0,0.0009588307187765498,47.114926078102805,5.235418102957985,3.8217307058247654,47.10546875,30.080726623535156,28.66756248474121
834.0,0.0009524711045246063,47.031110763549805,5.213795390996066,3.8026239438490435,46.97163009643555,30.012895584106445,28.60374641418457
835.0,0.0009358358577380634,47.021430709145285,5.241808089342984,3.8309312679550866,46.91987228393555,30.007373809814453,28.599777221679688
836.0,0.0009509893213610419,47.012833161787555,5.252813111652028,3.8421903631903906,46.85902786254883,30.02948570251465,28.623714447021484
837.0,0.0009672036659057168,47.08531657132235,5.211350592699918,3.7985493594949897,47.15786361694336,29.995471954345703,28.58073616027832
838.0,0.0009708190032556145,47.08027579567649,5.219204815951261,3.8065538677302273,46.97267150878906,30.037893295288086,28.628713607788086
839.0,0.0009480914066609165,46.97874442013827,5.198958505283702,3.7893591739914636,47.06509017944336,30.149490356445312,28.737537384033203
840.0,0.0009485227942191573,47.13628084009344,5.2357493964108555,3.821423915299502,47.15384292602539,30.11534309387207,28.700727462768555
841.0,0.0009591738992391831,47.01109287955544,5.222544485872442,3.8119719407775183,46.97248458862305,30.001602172851562,28.59242820739746
842.0,0.0009617451869416982,46.97641424699263,5.204172817143527,3.794640004634857,47.111167907714844,30.12187957763672,28.70854377746582
843.0,0.0009682158256923271,47.05743338844993,5.224692117084157,3.8127271207896145,47.38688278198242,30.077054977416992,28.65544891357422
844.0,0.0009878329834794965,46.93336755579168,5.188058018684387,3.779810054735704,46.96928024291992,30.005388259887695,28.596309661865234
845.0,0.0009853611938359047,47.06757016615434,5.186839797280052,3.774566346948797,47.05604934692383,30.096057891845703,28.684375762939453
846.0,0.0009393303215884688,47.13726390491832,5.427197109569203,4.012844405390999,47.43132019042969,30.073387145996094,28.650447845458984
847.0,0.000963651490482417,47.04363424127752,5.2094890962947495,3.79793920842084,47.044315338134766,30.028627395629883,28.617298126220703
848.0,0.0009681729782393879,46.95349823344838,5.186399763280695,3.7775528214194556,46.98069763183594,30.073917388916016,28.66449737548828
849.0,0.0009726818957874043,47.082735235040836,5.2163133296099575,3.803588157350367,47.11556625366211,30.071378707885742,28.65791130065918
850.0,0.0009169045237781988,47.11313689838756,5.228175672617826,3.8145523396405308,46.89120864868164,30.05756950378418,28.650833129882812
851.0,0.0009462739650519903,47.005622603676535,5.218873793428594,3.8084685694087637,47.31252670288086,30.114105224609375,28.69472885131836
852.0,0.0009575008933263069,47.115191806446425,5.215639136054299,3.8019440228288826,47.234134674072266,30.194700241088867,28.77767562866211
853.0,0.0009308269760698419,47.066197568720035,5.2044978575273,3.7922792813994666,46.845001220703125,30.16924476623535,28.76389503479004
854.0,0.0009340951999712905,47.002507816661485,5.187281847000122,3.7769732041792436,47.32976150512695,30.09331512451172,28.67342185974121
855.0,0.0009732837656470524,47.17337790402499,5.219780152494257,3.8043355508284136,47.27385711669922,30.07250213623047,28.654287338256836
856.0,0.000966213303565217,47.1563362641768,5.3653974749825215,3.9504659230058845,47.338653564453125,30.10719871520996,28.68703842163086
857.0,0.0009284445933934131,47.12466552040794,5.195094000209462,3.781121936711398,47.0449104309082,30.10658836364746,28.695241928100586
858.0,0.0009392714260188354,47.07353687286377,5.176846590909091,3.764405705712058,47.06894302368164,30.0419921875,28.629924774169922
859.0,0.0009402847102716227,47.02138874747536,5.191174572164362,3.7802978970787744,47.25096893310547,30.186386108398438,28.768857955932617
860.0,0.0009835300046357918,47.017461429942735,5.178476994687861,3.7677072936838325,46.81101608276367,30.07477378845215,28.670442581176758
861.0,0.0009253956787605686,47.02261179143732,5.18664305860346,3.7757333462888543,46.94390869140625,30.074251174926758,28.66593360900879
862.0,0.0009559566917067224,47.0719630501487,5.168351856144992,3.7559539675712585,47.26607131958008,30.095972061157227,28.677989959716797
863.0,0.0009474722729382021,47.092225074768066,5.196229652924971,3.783226105299863,47.404090881347656,30.10955810546875,28.687435150146484
864.0,0.0009711207544155927,47.187478672374375,5.183173829858953,3.767306701703505,47.286624908447266,30.102630615234375,28.684032440185547
865.0,0.0009794503328686749,47.05754072015936,5.190046288750389,3.778075256130912,46.95787048339844,30.053302764892578,28.644567489624023
866.0,0.0009415375349238853,46.99768257141113,5.141925291581587,3.731759401884946,47.129112243652344,30.06859016418457,28.65471649169922
867.0,0.0009465859329793602,46.95758984305642,5.145703521641818,3.736739218235016,46.90504455566406,30.236454010009766,28.829301834106445
868.0,0.000976954221683131,46.96616172790527,5.157810211181641,3.7485811601985586,46.98176193237305,30.13344955444336,28.723997116088867
869.0,0.0009586886299075559,47.008850531144574,5.160270788452842,3.7497656128623267,46.98106384277344,30.086612701416016,28.677181243896484
870.0,0.0009523059402867643,46.92146448655562,5.136927073652094,3.72904509305954,47.157100677490234,30.19734764099121,28.782634735107422
871.0,0.0009475097613176331,47.026097471063785,5.150986021215266,3.739966240796176,46.778594970703125,30.133575439453125,28.73021697998047
872.0,0.0009198165326696736,46.957665703513406,5.141271840442311,3.7323118935931814,47.16798400878906,30.233030319213867,28.817991256713867
873.0,0.0009958147473463957,47.02091598510742,5.150647217577154,3.7397708025845615,47.057743072509766,30.154001235961914,28.74226951599121
874.0,0.0009925288269931282,47.028357245705344,5.195986227555708,3.7848874059590427,47.18177795410156,30.243579864501953,28.828126907348633
875.0,0.0009313405197727578,46.943934353915125,5.137068856846202,3.7285180471160193,47.18119430541992,30.12175750732422,28.706321716308594
876.0,0.0009655131752052429,47.05703475258567,5.1731823249296705,3.7612298997965725,47.25429916381836,30.306594848632812,28.888965606689453
877.0,0.0010021979158574884,47.02863675897772,5.2832925428043715,3.872182938185605,47.193572998046875,30.197372436523438,28.781564712524414
878.0,0.0009411789691181515,47.10099827159535,5.137863896109841,3.724598694931377,47.289588928222656,30.241262435913086,28.822574615478516
879.0,0.0009474287984300066,47.052782405506484,5.141620603474704,3.729800283908844,46.884456634521484,30.307098388671875,28.900564193725586
880.0,0.0009446638379648158,46.88452269814231,5.11650847304951,3.7097366777333347,47.25901794433594,30.209659576416016,28.791889190673828
881.0,0.0009729166406693614,47.06325834447687,5.314358299428767,3.9022173556414517,47.08869552612305,30.203031539916992,28.79037094116211
882.0,0.0009278454698770391,47.03899296847257,5.1578990546139805,3.746497257189317,47.1533088684082,30.229902267456055,28.815303802490234
883.0,0.0009438000614119863,47.07715693387118,5.1382704539732496,3.7257198745554145,46.9213752746582,30.218976974487305,28.811336517333984
884.0,0.0009621175148905339,46.969573107632726,5.157504060051658,3.748176309195432,47.10211944580078,30.300559997558594,28.887496948242188
885.0,0.000938842844334431,46.969737486405805,5.133738832040266,3.724412061951377,47.44551086425781,30.19043731689453,28.767072677612305
886.0,0.0009211991670202802,47.095577933571555,5.156555360013789,3.743457729166204,47.10749435424805,30.1821346282959,28.768909454345703
887.0,0.000972753295420923,47.04946431246671,5.127196712927385,3.7154696583747864,47.16558074951172,30.262653350830078,28.847686767578125
888.0,0.0009427505217238584,47.04738903045654,5.181188084862449,3.7695307298140093,47.150238037109375,30.137887954711914,28.72338104248047
889.0,0.0009462132769509811,46.86351325295188,5.104217052459717,3.698075137355111,46.87959671020508,30.258838653564453,28.85245132446289
890.0,0.0009393476264614782,46.9871020750566,5.122464580969377,3.712616730820049,47.04876708984375,30.185415267944336,28.77395248413086
891.0,0.0009323409864340316,47.02354405143044,5.134138475764882,3.723199112848802,47.04884338378906,30.276660919189453,28.865196228027344
892.0,0.0009488324153194712,47.07108757712624,5.116367686878551,3.7039978991855276,47.394107818603516,30.120214462280273,28.69839096069336
893.0,0.0009525341487129812,47.09440569444136,5.102661197835749,3.6895909038457004,46.79780197143555,30.196678161621094,28.792743682861328
894.0,0.000957738938847218,46.90193618427623,5.110127546570518,3.702830049124631,47.12250518798828,30.198169708251953,28.784494400024414
895.0,0.000977372528392483,47.09495188973167,5.14764269915494,3.7345498637719587,47.12297821044922,30.13286590576172,28.71917724609375
896.0,0.0009572414882396432,47.019323175603695,5.137999372048811,3.7271804105151785,46.90658187866211,30.16267967224121,28.755481719970703
897.0,0.0009469570756085556,47.00716365467418,5.14042726430026,3.729975651610981,46.95886993408203,30.30854034423828,28.8997745513916
898.0,0.0009690483989702029,47.04332516410134,5.114195227622986,3.7026532238179986,46.853878021240234,30.299396514892578,28.893779754638672
899.0,0.0009914857853966003,46.98409808765758,5.110678640278903,3.7009078589352695,47.202293395996094,30.212249755859375,28.796180725097656
900.0,0.0009527669105657631,47.05584508722479,5.289020765911449,3.877107224681161,47.08793640136719,30.179410934448242,28.766773223876953
901.0,0.0009323458361905068,46.9530668258667,5.087829113006592,3.679004056887193,46.79596710205078,30.154132843017578,28.750253677368164
902.0,0.0009333194029750302,46.98775560205633,5.1219013062390415,3.7120353796265344,47.19486618041992,30.311817169189453,28.895971298217773
903.0,0.0009295805648434907,47.01035690307617,5.122487013990229,3.711943891915408,47.369102478027344,30.278669357299805,28.857595443725586
904.0,0.0009376092123354531,47.15956341136586,5.103735284371809,3.6887140653350134,47.070594787597656,30.222496032714844,28.810379028320312
905.0,0.0009330835984490642,47.016357075084336,5.113101894205267,3.702377969568426,47.022972106933594,30.39046287536621,28.979774475097656
906.0,0.0009418265809389678,47.01791217110374,5.098995165391401,3.6882223866202613,46.8737907409668,30.283422470092773,28.877208709716797
907.0,0.0009443603458666158,46.9896314794367,5.0756376873363145,3.665712670846419,47.19062805175781,30.218219757080078,28.802501678466797
908.0,0.0009423386125656015,47.07334414395419,5.253410902890292,3.8409750407392327,47.07425308227539,30.26444435119629,28.852216720581055
909.0,0.0010017728954236109,46.92686011574485,5.105632446028969,3.697576241059737,47.36203384399414,30.350379943847656,28.929519653320312
910.0,0.0009457860300740735,46.94299082322554,5.0941183458675035,3.68559222871607,47.192665100097656,30.273168563842773,28.857389450073242
911.0,0.0009526845745064995,47.03445824709806,5.088037826798179,3.676765886220065,46.9906005859375,30.229854583740234,28.82013702392578
912.0,0.0009517883895155551,47.023307453502305,5.091045347127047,3.6801082437688653,46.963382720947266,30.2670955657959,28.85819435119629
913.0,0.0009612504522506656,46.92935475436124,5.084732900966298,3.6766119545156304,46.82078552246094,30.169639587402344,28.765016555786133
914.0,0.0009866915431550958,47.00739851864901,5.111315391280434,3.7008468346162275,46.75322723388672,30.220359802246094,28.81776237487793
915.0,0.0009386608527909794,47.042759982022375,5.078177430412986,3.6666600108146667,47.452186584472656,30.28517723083496,28.86161231994629
916.0,0.0009562810710948808,46.970030004327946,5.076543656262484,3.6672037460587243,47.17169952392578,30.268383026123047,28.85323143005371
917.0,0.0009109939591408792,46.93421164425936,5.076228531924161,3.6679744070226494,46.85285186767578,30.272422790527344,28.866836547851562
918.0,0.0009856153073170308,47.01713414625688,5.079970533197576,3.6692101576111535,47.25352478027344,30.269119262695312,28.851512908935547
919.0,0.0009653063422195952,46.98281496221369,5.075062968514183,3.665337226607583,46.97025680541992,30.234439849853516,28.825332641601562
920.0,0.0009888347029283812,47.03379535675049,5.090287425301292,3.679026327349923,47.131168365478516,30.292856216430664,28.878921508789062
921.0,0.000989760751095177,46.95438636432994,5.078295566818931,3.669416595589031,47.14326095581055,30.26542091369629,28.851123809814453
922.0,0.0009501670164437118,46.98502453890714,5.039656790820035,3.6298685290596704,47.1865234375,30.248973846435547,28.833377838134766
923.0,0.0009613211652983657,46.93749843944203,5.049075917764143,3.6407106302001258,46.8769645690918,30.27657699584961,28.870267868041992
924.0,0.0009520684305409139,46.89676302129572,5.076669302853671,3.6695284735072744,46.8999137878418,30.332965850830078,28.925968170166016
925.0,0.0009178744525839152,46.94451912966642,5.07449973713268,3.66593476859006,47.16658401489258,30.229320526123047,28.81432342529297
926.0,0.001019428795023652,46.999461520801894,5.0551946271549575,3.644955960187045,47.08097839355469,30.312604904174805,28.900175094604492
927.0,0.0009544494678266346,46.96762449091131,5.042394453828985,3.6331271041523325,47.24440002441406,30.40203094482422,28.984699249267578
928.0,0.0009493540842826901,46.98776236447421,5.042901342565363,3.633031189441681,46.788455963134766,30.271595001220703,28.86794090270996
929.0,0.0009174054866889492,47.033089030872695,5.049737388437444,3.6385154073888604,46.9792366027832,30.345455169677734,28.936077117919922
930.0,0.0009459482773143628,46.96966405348344,5.042257146401838,3.6329307827082546,46.98554611206055,30.410547256469727,29.000980377197266
931.0,0.0009823460819792342,46.94908974387429,5.046444860371676,3.6377265832640906,47.08147048950195,30.357181549072266,28.944738388061523
932.0,0.0009384465784850446,47.098191781477496,5.064694686369463,3.65151432427493,47.30269241333008,30.333147048950195,28.914066314697266
933.0,0.0009292609479003163,46.87238242409446,5.003335259177468,3.596931527961384,46.847991943359375,30.332012176513672,28.926572799682617
934.0,0.0009718992699741979,46.917640079151504,5.060417597944086,3.652645479549061,47.02036666870117,30.311145782470703,28.900535583496094
935.0,0.0009485448099439964,46.891518419439144,5.03682990507646,3.6298472556200894,46.85088348388672,30.337074279785156,28.931547164916992
936.0,0.0009936029091477394,46.93620126897638,5.074397043748335,3.6660626205531033,47.22582244873047,30.251590728759766,28.834815979003906
937.0,0.0009391182525591416,47.08433602072976,5.0254340171813965,3.6126691644841973,47.09889602661133,30.28498649597168,28.872018814086914
938.0,0.0009545810131715949,47.039313316345215,5.061003554951061,3.6495855288072065,47.11330795288086,30.367511749267578,28.954113006591797
939.0,0.0009622145907170224,47.00385128368031,5.051182194189592,3.640826176513325,47.095943450927734,30.293169021606445,28.880290985107422
940.0,0.0009540720004059205,46.90814703161066,5.023234833370555,3.615751949223605,47.10977554321289,30.294836044311523,28.881542205810547
941.0,0.0009703319876941598,46.90683260830966,5.205492734909058,3.7980452613397078,46.935768127441406,30.376317977905273,28.968244552612305
942.0,0.000970695733981715,46.911049756136805,5.021663405678489,3.614089261401783,46.977603912353516,30.33601951599121,28.92669105529785
943.0,0.0009429487664337186,46.93653392791748,5.023540009151805,3.615208241072568,47.0595703125,30.43905258178711,29.027265548706055
944.0,0.0009350218275688927,46.97051655162465,5.027760321443731,3.618411123752594,46.86124801635742,30.37007713317871,28.9642391204834
945.0,0.0009251702193234286,46.984359221024945,5.054953336715698,3.6451913064176384,47.05159378051758,30.4055118560791,28.99396324157715
946.0,0.000988297538821247,46.91457037492232,5.002828218720176,3.595144044269215,47.313087463378906,30.34091567993164,28.921524047851562
947.0,0.0009589064099021595,47.08735500682484,5.048640099438754,3.6357797655192288,46.99443054199219,30.410518646240234,29.000686645507812
948.0,0.0009394402970263565,46.899384845386855,5.075093551115557,3.6678771484981882,47.01508331298828,30.279693603515625,28.86924171447754
949.0,0.0009518090730787001,47.05310682816939,5.045301209796559,3.6334700909527866,46.76768493652344,30.41556167602539,29.012531280517578
950.0,0.0009520327995150266,46.86270939220082,5.019808032295921,3.613688734444705,46.88936996459961,30.422300338745117,29.0156192779541
951.0,0.0009712805172470821,46.99674554304643,4.999596845019948,3.5894516869024797,47.109004974365234,30.340246200561523,28.92697525024414
952.0,0.0009421804861631244,46.930750760165125,5.1892992583188144,3.781141232360493,46.82645797729492,30.402851104736328,28.998056411743164
953.0,0.0009368348308436742,46.92386722564697,5.006810079921376,3.5988598574291575,47.174766540527344,30.411157608032227,28.995914459228516
954.0,0.0009444945026189089,46.929190548983485,5.021292209625244,3.6131804206154565,47.107421875,30.471303939819336,29.058080673217773
955.0,0.0009168519477084787,47.093059366399594,5.035033843734047,3.622012880715457,47.13727951049805,30.39409065246582,28.97997283935547
956.0,0.0009364034128587016,46.913508068431504,5.020269372246482,3.6126300530000166,47.02739334106445,30.338972091674805,28.928150177001953
957.0,0.0009230798195031556,46.92980896342885,5.02476395260204,3.616638920523904,46.96363067626953,30.362627029418945,28.953718185424805
958.0,0.0009576828980987722,46.928943460637875,4.996951309117404,3.588843584060669,46.85200119018555,30.355144500732422,28.9495849609375
959.0,0.0009624413836387579,46.90461332147772,5.015213489532471,3.6078345233743843,47.27234649658203,30.455730438232422,29.037559509277344
960.0,0.0009373610201609237,47.00508143685081,5.008024042302912,3.597637290304357,47.23754119873047,30.364471435546875,28.947345733642578
961.0,0.0009828757994744758,46.85111071846702,4.985196763818914,3.579417743466117,46.53670883178711,30.370235443115234,28.97413444519043
962.0,0.000965062655847181,46.916887976906516,4.985223390839317,3.577475531534715,47.224239349365234,30.376062393188477,28.959335327148438
963.0,0.0009400700814281167,46.918068712407894,5.0068654147061435,3.599088354544206,47.00156784057617,30.47093963623047,29.06089210510254
964.0,0.0009800511999690736,46.93462016365745,4.978783910924738,3.570500287142667,46.88673400878906,30.323877334594727,28.917274475097656
965.0,0.0009501386851876636,46.87500858306885,4.966928948055614,3.5604412013834175,46.946048736572266,30.310848236083984,28.902467727661133
966.0,0.0009758578208592636,46.924238031560726,5.045466433871876,3.6374954364516516,46.934993743896484,30.46722412109375,29.059173583984375
967.0,0.0009460262610280716,46.968383528969504,5.032436490058899,3.6231485442681746,47.18822479248047,30.403949737548828,28.98830223083496
968.0,0.0009180266682630066,46.967089132829145,4.972626729445024,3.5633845871145073,47.08556365966797,30.30250358581543,28.889936447143555
969.0,0.0009665921494491737,46.889395627108485,4.979850628159263,3.5729271173477173,46.972023010253906,30.441375732421875,29.032215118408203
970.0,0.0009524811823873526,46.83942690762606,4.972421472722834,3.5670005679130554,47.03322219848633,30.439416885375977,29.028419494628906
971.0,0.0009385675578166477,46.82593059539795,4.956724567846819,3.5517120632258328,46.93782043457031,30.407615661621094,28.999481201171875
972.0,0.0009761577927168797,46.9247912493619,4.991979848254811,3.583992139859633,46.86980438232422,30.54343605041504,29.13734245300293
973.0,0.0009369409738362513,46.981398669156164,5.007019454782659,3.5973432714288887,46.89834213256836,30.36119842529297,28.954248428344727
974.0,0.0009416999025482007,46.84848395260897,5.153935259038752,3.748245331374082,47.26993942260742,30.46561622619629,29.047517776489258
975.0,0.0009713314807000147,46.98651357130571,5.002261584455317,3.5924233848398384,47.017730712890625,30.460227966308594,29.04969596862793
976.0,0.0009647390821059657,46.91014168479226,4.976944522424177,3.569399069656025,46.55615234375,30.413869857788086,29.01718521118164
977.0,0.0009627320330103182,47.04996204376221,5.00705261663957,3.5953131263906304,47.0775032043457,30.41025733947754,28.99793243408203
978.0,0.0009448191955346953,46.95886369185014,4.980856797911904,3.5718547159975227,46.90999984741211,30.423324584960938,29.016023635864258
979.0,0.0009215998262251643,46.946506933732465,4.986294367096641,3.5776688131419094,46.99093246459961,30.440872192382812,29.031145095825195
980.0,0.000959654631019062,46.94764518737793,4.977757703174245,3.5690885186195374,47.002647399902344,30.460521697998047,29.05044174194336
981.0,0.0009789082899012349,46.90199409831654,4.958343863487244,3.551039386879314,46.7572021484375,30.509979248046875,29.107263565063477
982.0,0.0009542122901290317,46.908380855213515,4.982207547534596,3.574717635458166,46.73120880126953,30.534482955932617,29.13254737854004
983.0,0.000935618876775896,46.88013822382147,4.98356831073761,3.5769303224303504,46.973079681396484,30.449953079223633,29.040760040283203
984.0,0.0009688389069527726,47.05053346807306,4.995698993856257,3.583940798586065,47.177303314208984,30.554840087890625,29.1395206451416
985.0,0.0009530527458991855,46.96299249475653,4.9327998269688,3.523671805858612,47.03995895385742,30.41356086730957,29.002361297607422
986.0,0.0009429727030113678,46.91407307711515,4.964166890491139,3.556508952921087,46.98102951049805,30.51681900024414,29.10738754272461
987.0,0.0010771119546420364,46.87875426899303,4.967022061347961,3.5603901906446977,47.160621643066406,30.476970672607422,29.062152862548828
988.0,0.0009286626789782366,46.947718533602625,5.019872416149486,3.611208774826743,46.882057189941406,30.400657653808594,28.99419593811035
989.0,0.0009461009480715306,46.90130563215776,4.9583574099974195,3.5510817386887292,47.09550857543945,30.56550407409668,29.152639389038086
990.0,0.0009376339400081303,46.912084492770106,4.962153478102251,3.554556591944261,47.01712417602539,30.444477081298828,29.033964157104492
991.0,0.0009493619899413633,46.93727736039595,4.99614767594771,3.5877920280803335,47.13285827636719,30.433420181274414,29.019433975219727
992.0,0.0009429796112023971,46.977787191217594,4.9274855852127075,3.517916267568415,46.72369384765625,30.451833724975586,29.05012321472168
993.0,0.0009565209779380398,46.73140725222501,4.922088287093422,3.5199069760062476,46.88761901855469,30.499855041503906,29.09322738647461
994.0,0.0009508228408363225,46.87614822387695,4.94045055996288,3.533928399736231,47.02535629272461,30.501502990722656,29.090742111206055
995.0,0.0009364455459448932,46.872346531261094,4.947509169578552,3.5411047447811472,46.81357192993164,30.50753402709961,29.103126525878906
996.0,0.0009663287928560749,46.86001621593129,4.952219843864441,3.5461777936328542,47.215797424316406,30.523406982421875,29.10693359375
997.0,0.0009291701214599677,46.99560139395974,4.962179043076255,3.5520787184888665,47.05200958251953,30.536495208740234,29.124935150146484
998.0,0.0009318738527574831,46.965738556601785,4.94597852230072,3.536773394454609,47.10400390625,30.444921493530273,29.031801223754883
999.0,0.000956731935730204,46.83846291628751,4.959794510494579,3.5544014789841394,46.827545166015625,30.608821868896484,29.203994750976562
1000.0,0.0009471366832837124,46.91654881564054,4.955660267309709,3.547927043654702,46.698055267333984,30.571924209594727,29.170982360839844
1001.0,0.0009052108454687351,46.77918044003573,4.9178982322866265,3.5142965696074744,47.085304260253906,30.594655990600586,29.182096481323242
1002.0,0.0009423076500586996,46.977454618974164,4.950049096887762,3.5404899499633093,46.93183517456055,30.68198013305664,29.274024963378906
1003.0,0.0009665269634834575,46.919316205111414,5.115782152522694,3.7079610499468716,47.057472229003906,30.516101837158203,29.10437774658203
1004.0,0.0009418466758109968,47.00136254050515,4.9807796695015645,3.5705033323981543,46.851600646972656,30.552043914794922,29.146495819091797
1005.0,0.0009511792622189122,46.81906994906339,5.057156216014516,3.6523463942787866,46.76401138305664,30.469890594482422,29.066970825195312
1006.0,0.0009769184239716692,46.880405772816054,4.944681568579241,3.538025205785578,46.82780456542969,30.582914352416992,29.17807960510254
1007.0,0.0009669958182547072,46.91741709275679,5.012206803668629,3.6044425910169426,46.967594146728516,30.547853469848633,29.138826370239258
1008.0,0.0009678905136586928,46.865873856977984,4.931771007451144,3.5255528688430786,47.119651794433594,30.527297973632812,29.11370849609375
1009.0,0.0009469139490234243,46.89042767611417,4.949493169784546,3.5425436713478784,47.18656539916992,30.585132598876953,29.16953468322754
1010.0,0.000982182308110747,46.94634515588934,4.91387297890403,3.505237102508545,47.0703010559082,30.557626724243164,29.145517349243164
1011.0,0.000928364182155664,46.897431286898524,4.925627361644398,3.5184723897413774,46.687355041503906,30.558780670166016,29.158159255981445
1012.0,0.0009647706928345459,46.883794264359906,4.885663216764277,3.4789081757718865,46.461326599121094,30.543027877807617,29.149188995361328
1013.0,0.000971067412385971,46.82938489046964,4.9589046023108745,3.553780338980935,47.09061050415039,30.547527313232422,29.134809494018555
1014.0,0.0009624072977616875,46.95569948716597,4.9240922927856445,3.5151807828383013,47.06935501098633,30.628150939941406,29.2160701751709
1015.0,0.0009834442925321955,46.86536069349809,4.928490021012046,3.5222834131934424,47.062767028808594,30.566049575805664,29.15416717529297
1016.0,0.0009572812321659347,46.824819044633344,4.913831407373602,3.5088475454937327,47.021968841552734,30.622026443481445,29.211366653442383
1017.0,0.0009688977694498714,46.92282043803822,4.926506248387423,3.518579510125247,47.10898971557617,30.525901794433594,29.112632751464844
1018.0,0.0009453469961458309,46.87424434315074,4.903240398927168,3.496776743368669,46.8422966003418,30.647998809814453,29.24272918701172
1019.0,0.0009597033839037812,46.869815132834695,4.918292901732705,3.5119585557417436,46.855735778808594,30.591197967529297,29.18552589416504
1020.0,0.0009479288022372533,46.82551184567538,4.901743780482899,3.496741457418962,46.87941360473633,30.48517608642578,29.078794479370117
1021.0,0.0009303411908066747,46.822185256264426,4.896135817874562,3.4912377324971287,46.89192199707031,30.510093688964844,29.103336334228516
1022.0,0.0009644025108586488,46.85821871324019,4.897882364012978,3.4918946732174265,47.08906173706055,30.537660598754883,29.124988555908203
1023.0,0.0009161835570756176,46.907908006147906,4.896095124157992,3.4886288859627466,46.88983154296875,30.501262664794922,29.094568252563477
1024.0,0.0009482393969929861,46.777158130298965,4.893363627520475,3.4898119026964363,46.93170166015625,30.662391662597656,29.254440307617188
1025.0,0.0009419751771598716,46.862338759682395,4.892765673724088,3.486659998243505,46.7476692199707,30.628870010375977,29.2264404296875
1026.0,0.0009520087822403929,46.90238770571622,4.903407573699951,3.4960980036041955,47.097999572753906,30.456571578979492,29.04363250732422
1027.0,0.0009431884497065436,46.8256480477073,4.891791928898204,3.486786750229922,46.88718795776367,30.581275939941406,29.174659729003906
1028.0,0.0009448599395744333,46.82915514165705,4.8873339674689555,3.4822231368585066,46.88724136352539,30.617965698242188,29.211347579956055
1029.0,0.0009841264175272293,46.82325744628906,4.864592963998968,3.459649226882241,46.4165153503418,30.57721519470215,29.18471908569336
1030.0,0.0009368276289685375,46.874107187444515,4.895931601524353,3.4894742640581997,47.0179328918457,30.762582778930664,29.3520450592041
1031.0,0.000967911568957127,46.86365656419234,4.8918549906123765,3.485703381625089,47.08304977416992,30.503076553344727,29.090585708618164
1032.0,0.0009628498757427388,46.62314493005926,4.85165413943204,3.4527191411365163,46.388179779052734,30.622325897216797,29.230680465698242
1033.0,0.0009633123131193729,46.75330005992543,4.870042324066162,3.467202576723966,46.81544494628906,30.593717575073242,29.189254760742188
1034.0,0.0009383626708189364,46.83890854228627,4.882515918124806,3.477114113894376,46.875972747802734,30.60490608215332,29.198627471923828
1035.0,0.0009603809528264471,46.80556158585982,4.892129161141136,3.4877222776412964,46.971866607666016,30.588241577148438,29.17908477783203
1036.0,0.0008936694132650948,46.779997218738906,4.867146058516069,3.4635227756066755,46.698795318603516,30.58083724975586,29.179874420166016
1037.0,0.0009604746063070542,46.917997186834164,4.888448585163463,3.480668555606495,46.709686279296875,30.559139251708984,29.157848358154297
1038.0,0.0010134067269973457,46.80340160023082,4.877600420605052,3.473245073448528,46.81902313232422,30.582000732421875,29.17742919921875
1039.0,0.0009521064374976876,46.79916485873136,5.06938298182054,3.6651700789278205,46.5978889465332,30.655345916748047,29.257410049438477
1040.0,0.0009451888790036636,46.86054255745628,4.900538867170161,3.494486294009469,47.01701736450195,30.63824462890625,29.227733612060547
1041.0,0.0009477829563283277,46.96107925068248,4.89242714101618,3.4833578900857405,46.938690185546875,30.685598373413086,29.277437210083008
1042.0,0.0009641638210847635,46.828415697271176,4.886650280518965,3.4815568165345625,46.9198112487793,30.56085777282715,29.153263092041016
1043.0,0.0009495389518137513,46.96811589327726,4.884740146723661,3.4754592776298523,46.946781158447266,30.620201110839844,29.2117977142334
1044.0,0.0009431869349844584,46.92027976296165,4.859113996679133,3.4512698433615943,46.89202117919922,30.613998413085938,29.207237243652344
1045.0,0.0009629712744340809,46.70243393291127,4.873717817393216,3.4724040519107473,46.747947692871094,30.653791427612305,29.251352310180664
1046.0,0.0009773671203716235,46.866107507185504,5.050002293153242,3.643774699081074,46.96527099609375,30.611494064331055,29.20253562927246
1047.0,0.0009173399104673246,46.833674084056504,4.866508830677379,3.461269335313277,47.04512023925781,30.596384048461914,29.185029983520508
1048.0,0.0009908208700256762,46.893896796486594,4.870430263605985,3.463365711949088,46.76609802246094,30.68061637878418,29.277633666992188
1049.0,0.0009967789241768928,46.8616699738936,4.876377951015126,3.4702786315571177,46.95792770385742,30.736202239990234,29.327465057373047
1050.0,0.0009350219056200744,46.880578474564985,4.833740613677285,3.4270895448597996,46.965065002441406,30.618940353393555,29.20998764038086
1051.0,0.000977700417438014,46.92112636566162,4.886904510584745,3.479026360945268,47.19239044189453,30.71126365661621,29.29549217224121
1052.0,0.0009915521183178168,46.89161482724276,4.881434570659291,3.47443825006485,47.179141998291016,30.593997955322266,29.17862319946289
1053.0,0.0009595708728408102,46.80784104087136,4.8512984839352695,3.4468233314427463,46.83314895629883,30.696046829223633,29.291051864624023
1054.0,0.00093786120520566,46.85485336997292,4.870642922141335,3.464762871915644,47.269927978515625,30.750789642333984,29.332691192626953
1055.0,0.0009508710989559239,46.89942689375444,4.874095234003934,3.4668747295032847,47.05840301513672,30.647497177124023,29.23574447631836
1056.0,0.0009356631794203581,46.918980771845035,4.864658930084922,3.4568556438792837,46.864410400390625,30.6513614654541,29.24542999267578
1057.0,0.000984268165087666,46.668964559381656,4.8646956140344795,3.46438068151474,46.942420959472656,30.655141830444336,29.246870040893555
1058.0,0.0009412452597065236,46.81129325519908,4.832879521630027,3.4283054200085727,47.108436584472656,30.72812271118164,29.314868927001953
1059.0,0.0009466352229620414,46.87677418101918,4.867398077791387,3.4608581878922204,46.60032272338867,30.738420486450195,29.340410232543945
1060.0,0.0009518911220683632,46.80706058848988,4.845765623179349,3.441315851428292,46.77648162841797,30.655887603759766,29.252593994140625
1061.0,0.0009244505450954999,46.779527230696246,4.837206255305897,3.4335893500934946,46.54597091674805,30.65968894958496,29.263309478759766
1062.0,0.0009431750592987307,46.79950375990434,4.8340585665269336,3.4298376766118137,47.04669952392578,30.616382598876953,29.204980850219727
1063.0,0.000933521331965246,46.76790904998779,4.820899724960327,3.4176290848038415,46.84577941894531,30.714384078979492,29.309011459350586
1064.0,0.0009969732081200082,46.79605423320424,4.825061624700373,3.420930813659321,46.743896484375,30.683517456054688,29.281200408935547
1065.0,0.0009206477208697999,46.8547979701649,4.81427788734436,3.408403754234314,47.02724075317383,30.732769012451172,29.321950912475586
1066.0,0.0009762047848198563,46.74038505554199,4.849181998859752,3.4467264197089453,46.89395523071289,30.658308029174805,29.251489639282227
1067.0,0.0009488674298733134,46.89040834253485,4.847111333500255,3.440161932598461,46.87722396850586,30.675033569335938,29.26871681213379
1068.0,0.0009440700960112736,47.02580330588601,4.917363502762535,3.5063534053889187,46.85452651977539,30.701234817504883,29.29559898376465
1069.0,0.0009411842448488725,46.85534451224587,4.842500502412969,3.436604868281971,46.81733322143555,30.699037551879883,29.294517517089844
1070.0,0.0009558209421811625,46.85152261907404,4.837382370775396,3.431597807190635,47.04545593261719,30.731830596923828,29.320466995239258
1071.0,0.0009440359241456132,46.81229305267334,4.85749386657368,3.4528891173276035,46.769554138183594,30.761171340942383,29.35808563232422
1072.0,0.0009077783867145296,46.71715328910134,4.831017396666787,3.4292758974162014,46.61186599731445,30.615190505981445,29.216835021972656
1073.0,0.000979675757910379,46.76741253245961,4.832054983485829,3.428787724538283,46.78624725341797,30.739940643310547,29.336353302001953
1074.0,0.0009267756302671677,46.915772438049316,5.0426118265498765,3.634907055984844,47.18406677246094,30.69098663330078,29.27546501159668
1075.0,0.0009533384621714835,46.74125576019287,4.802635420452464,3.400159391489896,46.63975143432617,30.654922485351562,29.25572967529297
1076.0,0.0009208461335881359,46.754615090110086,4.811735879291188,3.408867261626504,46.93678283691406,30.664257049560547,29.256153106689453
1077.0,0.0009596524469088763,46.882645867087625,4.828790285370567,3.422071034258062,46.91865158081055,30.69026756286621,29.28270721435547
1078.0,0.0009345893393567002,46.8212945244529,4.83075387911363,3.4258814508264717,46.69723892211914,30.745656967163086,29.34473991394043
1079.0,0.0009830652601191434,46.78037504716353,4.827240445397117,3.4235834912820295,46.80734634399414,30.66423797607422,29.26001739501953
1080.0,0.0009344316349597648,46.68264952572909,4.815887136892839,3.4151740886948327,47.0656623840332,30.691617965698242,29.279647827148438
1081.0,0.000921682331615805,46.88899664445357,4.833141901276329,3.4262415929274126,46.6972541809082,30.675437927246094,29.274520874023438
1082.0,0.0009583251415857707,46.660202199762516,4.820543332533403,3.4204977425661953,46.54376983642578,30.642436981201172,29.246124267578125
1083.0,0.0009800147341924128,46.86211447282271,4.80259522524747,3.396486883813685,46.737728118896484,30.699928283691406,29.29779624938965
1084.0,0.0009376999422040006,46.74530020627108,4.805215033617887,3.4026216214353386,47.038265228271484,30.790294647216797,29.379146575927734
1085.0,0.0009340245980473065,46.80714104392312,4.802416508848017,3.397968823259527,46.92159652709961,30.645557403564453,29.2379093170166
1086.0,0.0009176241067259318,46.69658322767778,4.954166260632602,3.5530393665487114,46.91865158081055,30.777870178222656,29.370309829711914
1087.0,0.0009595369232225825,46.90808027440851,4.812202800403941,3.4047205610708757,47.003387451171875,30.71001434326172,29.29991340637207
1088.0,0.0009224795344793661,46.685575398531824,4.819456100463867,3.418658261949366,46.71327590942383,30.7703857421875,29.368988037109375
1089.0,0.0009827338428956202,46.77865357832475,4.8211915493011475,3.4175862832502886,46.81505584716797,30.741594314575195,29.337142944335938
1090.0,0.0009602748852392489,46.84684684059837,4.822241902351379,3.416596466844732,46.79091262817383,30.79718017578125,29.39345359802246
1091.0,0.0009510582974392244,46.77650408311324,4.831417127089067,3.4278842373327776,46.72444152832031,30.80472183227539,29.40298843383789
1092.0,0.0009644924258199436,46.750633759932086,4.818889000199058,3.4161289496855303,47.06294250488281,30.770320892333984,29.35843276977539
1093.0,0.0009698659136616202,46.95843627236106,4.846664103594693,3.437668572772633,46.815589904785156,30.697174072265625,29.292705535888672
1094.0,0.0009634885685624216,46.790244882757015,4.817949045788158,3.414000863378698,46.75297927856445,30.74292755126953,29.3403377532959
1095.0,0.0009537296652772718,46.73645773800936,4.8009594895622945,3.398627308281985,46.96732711791992,30.741458892822266,29.332439422607422
1096.0,0.0009484979104441168,46.885481574318625,4.830077648162842,3.4232760776172984,46.859092712402344,30.82103729248047,29.415264129638672
1097.0,0.0009460032901684331,46.78144931793213,4.81012178551067,3.40644187818874,46.92503356933594,30.69113540649414,29.283384323120117
1098.0,0.0009998076685323294,46.778032476251774,4.793550382960927,3.3899594328620215,46.63898849487305,30.686052322387695,29.286882400512695
1099.0,0.000945806250621734,46.74405852231112,4.800444787198847,3.397886644710194,46.662109375,30.76811981201172,29.368257522583008
1100.0,0.0009677485253302042,46.69821106303822,4.86008527062156,3.458897037939592,46.98666763305664,30.690940856933594,29.281341552734375
1101.0,0.0009681931022152474,46.843900507146664,4.80588698387146,3.400327980518341,46.8462028503418,30.796308517456055,29.39092254638672
1102.0,0.000987403269391507,46.81480520421808,4.787855939431624,3.3831649964505974,47.02468490600586,30.778623580932617,29.367883682250977
1103.0,0.0009182069625239819,46.738327199762516,4.784421064636924,3.3820417577570137,46.824623107910156,30.78230857849121,29.3775691986084
1104.0,0.000947196543248455,46.67480035261674,4.781169663776051,3.3806888298554854,46.950531005859375,30.82305908203125,29.41454315185547
1105.0,0.0009603052709611471,46.74866823716597,4.7844134027307685,3.3817133090712805,46.80329513549805,30.793031692504883,29.388933181762695
1106.0,0.0009741193207446486,46.8261552290483,4.782564867626537,3.377536703239788,46.56852722167969,30.79471778869629,29.397661209106445
1107.0,0.0009492857167391445,46.72598075866699,4.7928784110329365,3.39086173881184,46.96122360229492,30.806041717529297,29.397205352783203
1108.0,0.0009373208171878518,46.815956289117985,4.793004436926409,3.388291434808211,46.834678649902344,30.76321029663086,29.358169555664062
1109.0,0.0009504645806208083,46.68180379000577,4.787078358910301,3.3863866437565195,46.92070770263672,30.799163818359375,29.391542434692383
1110.0,0.0009408041131047702,46.815291838212445,4.786745656620372,3.3820517279885034,46.97813415527344,30.763492584228516,29.354148864746094
1111.0,0.0009561847241870551,46.64450940218839,4.7549640157006,3.35538973049684,46.49622344970703,30.896060943603516,29.501174926757812
1112.0,0.0010105008629828014,46.61110617897727,4.764353036880493,3.365767229687084,46.93440246582031,30.845401763916016,29.43737030029297
1113.0,0.0009407139123967764,46.74643898010254,4.7835539471019395,3.3809256987138228,47.019412994384766,30.80864906311035,29.398067474365234
1114.0,0.0008860534051729536,46.83189591494474,4.77666886286302,3.3714905001900415,46.953365325927734,30.78892707824707,29.380325317382812
1115.0,0.0009345937922427601,46.78751962835138,4.792498339306224,3.388639119538394,46.94919967651367,30.740726470947266,29.332250595092773
1116.0,0.0009865461562929506,46.737135627053,4.774999911134893,3.372639238834381,46.683162689208984,30.80267906188965,29.402183532714844
1117.0,0.0009611919945613904,46.716209931807086,4.778490911830556,3.376764329996976,46.73530578613281,30.8126277923584,29.410568237304688
1118.0,0.0009433403783160346,46.66456534645774,4.854604948650707,3.454432189464569,46.745750427246094,30.878828048706055,29.476455688476562
1119.0,0.0009352367540652102,46.80493866313588,4.795743758028204,3.391361827200109,46.986427307128906,30.81909942626953,29.40950584411621
1120.0,0.0009443548717006871,46.82989449934526,4.783663576299494,3.3785306269472297,46.84654998779297,30.798866271972656,29.393468856811523
1121.0,0.0009637559996917844,46.72897217490456,4.826093521985141,3.423983492634513,46.83767318725586,30.815752029418945,29.410621643066406
1122.0,0.0009386159495492889,46.7238133170388,4.761368946595625,3.3594199148091404,46.95736312866211,30.859962463378906,29.451242446899414
1123.0,0.0009310730185296217,46.754856543107465,4.748199224472046,3.3453208208084106,46.91486740112305,30.756999969482422,29.34955406188965
1124.0,0.0009614201844669878,46.837147365916856,4.764811353249983,3.3594566150145098,46.902618408203125,30.884605407714844,29.477527618408203
1125.0,0.0009680064659650353,46.808509306474164,4.7969817248257725,3.3924844481728296,46.90116500854492,30.82146453857422,29.414430618286133
1126.0,0.0009614303483183242,46.74358654022217,4.751521533185786,3.3489736264402215,46.67060852050781,30.81562614440918,29.415508270263672
1127.0,0.0009426010656170547,46.82072483409535,4.774621248245239,3.3697638620029795,46.84109878540039,30.84306526184082,29.43783187866211
1128.0,0.0009855185860281133,46.749975117770106,4.7449339844963765,3.3421883583068848,46.9302978515625,30.824687957763672,29.416778564453125
1129.0,0.000968132461738688,46.737919547341086,4.753214359283447,3.3508347543803128,46.68199157714844,30.784099578857422,29.38364028930664
1130.0,0.0009168603150597351,46.72777219252153,4.763195926492864,3.3611335971138696,46.558677673339844,30.774459838867188,29.37769889831543
1131.0,0.0009768233774759044,46.88288393887606,4.798834963278337,3.3921042789112437,46.91559600830078,30.802719116210938,29.39525032043457
1132.0,0.0009466447213939814,46.838911750099875,4.7547148791226475,3.3493109345436096,47.022613525390625,30.855579376220703,29.444900512695312
1133.0,0.0009314369301798499,46.72715559872714,4.7718717510049995,3.3698242740197615,46.73234558105469,30.784406661987305,29.382436752319336
1134.0,0.0009291927430736409,46.78930429978804,4.751530972394076,3.3476195606318386,46.90774917602539,30.717069625854492,29.309837341308594
1135.0,0.0009366781755075367,46.780421170321375,4.764201857826927,3.3605551069433037,46.79806900024414,30.823471069335938,29.41952896118164
1136.0,0.0009696782045383853,46.68882794813676,4.74497267332944,3.3440654440359636,46.89460372924805,30.888181686401367,29.48134422302246
1137.0,0.0009566898158730262,46.72054039348256,4.753068522973494,3.351213124665347,46.684226989746094,30.829452514648438,29.428926467895508
1138.0,0.0009485224753999236,46.82924556732178,4.759009480476379,3.3538950085639954,46.58611297607422,30.931127548217773,29.533544540405273
1139.0,0.000949395247682167,46.75234057686546,4.718442234126004,3.315634689547799,46.622962951660156,30.802188873291016,29.403499603271484
1140.0,0.0009677224390378052,46.64486928419633,4.735087091272527,3.3354990807446567,46.776153564453125,30.85563850402832,29.452354431152344
1141.0,0.000943498970379799,46.606675841591574,4.719184387813915,3.320748280395161,46.805091857910156,30.834386825561523,29.430234909057617
1142.0,0.0009324804123025388,46.66140209544789,4.730124506083402,3.3300493522123857,46.56686782836914,30.88294219970703,29.485937118530273
1143.0,0.0010184957831039685,46.70345661856911,4.743480476466092,3.3421221538023516,46.72527313232422,30.814346313476562,29.412588119506836
1144.0,0.0009262281038734892,46.74235803430731,4.7455832741477275,3.3430809757926245,46.662967681884766,30.84328842163086,29.44339942932129
1145.0,0.0009340174318905073,46.64200279929421,4.705050056630915,3.305556535720825,46.583656311035156,30.855159759521484,29.45764923095703
1146.0,0.0009572704148013145,46.66991329193115,4.726083538749001,3.3257468342781067,46.78558349609375,30.7993221282959,29.395753860473633
1147.0,0.0009494267644847489,46.64473429593173,4.932015776634216,3.53243642503565,46.9421272277832,30.826688766479492,29.418424606323242
1148.0,0.0009296839442950758,46.75845328244296,4.916044961322438,3.5130590471354397,47.11847686767578,30.846851348876953,29.43329620361328
1149.0,0.0009616628601427444,46.82148109782826,4.7311269803480664,3.326242213899439,46.79985427856445,30.79358673095703,29.389591217041016
1150.0,0.0009312009549996054,46.76167167316783,4.748561924154108,3.3454789844426243,47.08833694458008,30.962059020996094,29.549407958984375
1151.0,0.0009281015677102419,46.872154149142176,4.757561000910672,3.3511643572287126,46.77187728881836,30.939298629760742,29.536142349243164
1152.0,0.0009159305270507255,46.6785026030107,4.72968666120009,3.329102646220814,46.74647903442383,30.911884307861328,29.509489059448242
1153.0,0.0009443615841023116,46.75856807015159,4.742695169015364,3.339702075177973,46.80958938598633,30.85291862487793,29.448631286621094
1154.0,0.0009262016233564777,46.67691629583185,4.863602096384222,3.46306312084198,46.74473190307617,30.89061164855957,29.488269805908203
1155.0,0.0009591344437053935,46.70584219152277,4.723556442694231,3.3221414360133084,46.99139404296875,30.9171085357666,29.507366180419922
1156.0,0.000931647907815535,46.78857421875,4.718683990565213,3.3147939172658054,46.89851379394531,30.88863182067871,29.48167610168457
1157.0,0.0009512853761076589,46.77055211500688,4.724926298314875,3.3215719786557285,46.3659782409668,30.88006591796875,29.489086151123047
1158.0,0.0009341889976481484,46.68620586395264,4.728266260840676,3.3274465636773543,46.5085563659668,30.919185638427734,29.523929595947266
1159.0,0.0009633686687183482,46.62692910974676,4.70071542263031,3.3016667636958035,46.673179626464844,30.875844955444336,29.475648880004883
1160.0,0.0009245310581966557,46.629413691433996,4.69741795279763,3.29830446026542,46.58739471435547,30.84895133972168,29.451330184936523
1161.0,0.0009868395440703766,46.63733343644576,4.73203304680911,3.3326663103970615,46.73114776611328,30.88550567626953,29.483572006225586
1162.0,0.0009660745603138242,46.69408000599254,4.725977474992925,3.324913588437167,46.57135009765625,30.809728622436523,29.412588119506836
1163.0,0.000956411827990616,46.69340775229714,4.72430676763708,3.323265487497503,47.05986785888672,30.918315887451172,29.506519317626953
1164.0,0.0008997253105256029,46.80467501553622,4.72537252036008,3.3210073872046038,46.8758659362793,30.94513511657715,29.53885841369629
1165.0,0.0009545095421014015,46.68117410486395,4.7251280546188354,3.3244542371142995,46.99274444580078,30.95425796508789,29.544475555419922
1166.0,0.0009310626866698095,46.874465768987484,4.7874367453835225,3.3809700391509314,46.81622314453125,30.97464370727539,29.570158004760742
1167.0,0.0009345202058532529,46.71390758861195,4.7017025188966235,3.3000516566363247,46.98305130004883,30.979202270507812,29.569711685180664
1168.0,0.0009577305423921313,46.619549144398086,4.685113939371976,3.286288098855452,46.694793701171875,31.00545310974121,29.6046085357666
1169.0,0.0009144632918336852,46.68745318326083,4.892369909719988,3.491517738862471,46.68452835083008,30.989227294921875,29.58869171142578
1170.0,0.0009406414980978959,46.7651911648837,4.717498085715554,3.3143072670156304,46.565345764160156,30.90729522705078,29.510334014892578
1171.0,0.0009656846748178148,46.78368169611151,4.7270826209675185,3.3233307925137607,46.650089263916016,30.907283782958984,29.507781982421875
1172.0,0.0009174336076036773,46.7891072359952,4.739307934587652,3.335405371405862,46.70897674560547,30.88628578186035,29.485015869140625
1173.0,0.000980633399608037,46.74927451393821,4.699121551080183,3.296398244120858,46.730979919433594,30.91385841369629,29.51192855834961
1174.0,0.0009121024896475402,46.65104918046431,4.687648502263156,3.287889052521099,46.60984802246094,30.879196166992188,29.480899810791016
1175.0,0.0009349921390160241,46.632231972434305,4.703546014699069,3.304345342245969,46.9871826171875,30.868635177612305,29.459020614624023
1176.0,0.0009165186307985674,46.74611551111395,4.688979354771701,3.2863668474284085,46.73125076293945,30.958391189575195,29.556453704833984
1177.0,0.0010157237093980339,46.738968242298476,4.727434114976362,3.3250112154267053,46.9295539855957,31.023990631103516,29.616104125976562
1178.0,0.0009735317316054451,46.556228464299984,4.673079057173296,3.2761488177559595,46.46577453613281,30.9322452545166,29.538272857666016
1179.0,0.0009464257137468932,46.70901393890381,4.702355774966153,3.3008487820625305,46.96381759643555,30.952510833740234,29.543596267700195
1180.0,0.0009477102232102135,46.66204781965776,4.690717697143555,3.2906194004145535,46.7858772277832,30.955322265625,29.551746368408203
1181.0,0.0009751679886407642,46.72135223041881,4.710165944966403,3.308281649242748,46.89232635498047,30.883529663085938,29.476760864257812
1182.0,0.0009581779595464468,46.72655174948952,4.756863301450556,3.354827246882699,46.733238220214844,30.990942001342773,29.588945388793945
1183.0,0.0009655790305590596,46.73469344052401,4.6951798092235215,3.292897592891346,46.82002639770508,30.88405990600586,29.479459762573242
1184.0,0.000942182893843644,46.66538784720681,4.698286479169672,3.298089314590801,46.68838882446289,30.939332962036133,29.538681030273438
1185.0,0.0010085997491842136,46.847471323880285,4.704753117127852,3.2990769202058967,46.960411071777344,31.002410888671875,29.593599319458008
1186.0,0.0009373576917410405,46.66242642836137,4.6882699294523755,3.2881629033522173,46.79495620727539,30.890544891357422,29.486696243286133
1187.0,0.0009606738828799942,46.72948325764049,4.700706817887046,3.298582201654261,46.70912170410156,30.943037033081055,29.541763305664062
1188.0,0.0009025180651488798,46.61885486949574,4.687378406524658,3.2885871746323327,46.75818634033203,30.925256729125977,29.522510528564453
1189.0,0.0009572857604573735,46.79062973369252,4.687259966676885,3.283301814035936,46.69462585449219,30.941896438598633,29.541057586669922
1190.0,0.0009509782301558351,46.65711654316295,4.679738521575928,3.2797873453660444,46.84988784790039,30.89520835876465,29.48971176147461
1191.0,0.0009509658504446799,46.671780586242676,4.673438527367332,3.273047458041798,46.428550720214844,30.99393081665039,29.60107421875
1192.0,0.0009609245554946193,46.68604564666748,4.681679237972606,3.280857714739713,46.754981994628906,30.961923599243164,29.559274673461914
1193.0,0.0009769534821812572,46.604618245905094,4.655213941227306,3.2568311637098137,46.827613830566406,30.9559326171875,29.551103591918945
1194.0,0.0009357857925351709,46.65566687150435,4.6704099936918775,3.270506111058322,46.88397979736328,30.923242568969727,29.5167236328125
1195.0,0.0009401694974671541,46.632164695046164,4.660229943015358,3.261029985817996,46.43508529663086,30.904109954833984,29.511056900024414
1196.0,0.0009688729716634208,46.632583444768734,4.671045910228383,3.271826218474995,46.7631950378418,30.976119995117188,29.573225021362305
1197.0,0.000962249885725958,46.664511853998356,4.689293850551952,3.2891179485754534,46.8299446105957,30.953033447265625,29.54813575744629
1198.0,0.0009616296976508403,46.721345554698594,4.678422017530962,3.2765412547371606,46.8635368347168,31.02542495727539,29.619518280029297
1199.0,0.000981073071174747,46.78415142406117,4.681578982960094,3.277809197252447,47.005165100097656,31.001686096191406,29.59153175354004
1200.0,0.00096087773272302,46.739696589383215,4.855896592140198,3.453465510498394,47.25530242919922,31.070695877075195,29.65303611755371
1201.0,0.0009247770953648301,46.819303425875574,4.898939154364846,3.494128931652416,46.99665451049805,31.005199432373047,29.595300674438477
1202.0,0.0009383058006113225,46.647081721912734,4.730726155367765,3.331079217520627,46.83434295654297,31.107589721679688,29.702560424804688
1203.0,0.0009498542031823573,46.69579661976207,4.901604067195546,3.500492751598358,46.81473922729492,31.033740997314453,29.62929916381836
1204.0,0.0009267834618433633,46.68789395419034,4.6448961821469394,3.244027728384191,46.701751708984375,30.99257469177246,29.591522216796875
1205.0,0.0009476742892399092,46.761416695334695,4.734533938494596,3.331454488364133,46.8030891418457,31.051166534423828,29.64707374572754
1206.0,0.0009764395720346577,46.79335264726119,4.681444742462852,3.277400103482333,47.0627555847168,31.06964111328125,29.657758712768555
1207.0,0.0009270872502714734,46.747466174038976,4.7330347733064135,3.3303791013630955,46.8840217590332,31.06581687927246,29.6592960357666
1208.0,0.0009379332901020957,46.71438624642112,4.694196235049855,3.2925302277911794,46.92766571044922,31.09431266784668,29.68648338317871
1209.0,0.0009420764770104804,46.812178351662375,4.6958455280824145,3.2912447289987043,46.83911895751953,30.98469352722168,29.579519271850586
1210.0,0.0009066855550785972,46.79027635400946,4.689692085439509,3.2857571948658335,46.85934829711914,30.99283218383789,29.587051391601562
1211.0,0.0009372565598989075,46.6692610653964,4.6587077379226685,3.258395633914254,46.96406936645508,31.111948013305664,29.703025817871094
1212.0,0.0009064032770269973,46.755243734879926,4.673313108357516,3.270429253578186,46.83060836791992,31.057676315307617,29.65275764465332
1213.0,0.0009581594204064459,46.669485178860754,4.650731531056491,3.250407473607497,46.52424621582031,30.989072799682617,29.593345642089844
1214.0,0.0009504876176255162,46.710285360162906,4.721794009208679,3.3202478018673984,46.941532135009766,30.987037658691406,29.578792572021484
1215.0,0.0009387853126761249,46.6891940723766,4.710676431655884,3.3097659566185693,46.75485610961914,31.022506713867188,29.619861602783203
1216.0,0.0009428582521980967,46.66524618322199,4.648384711959145,3.248191616751931,46.913368225097656,31.021339416503906,29.61393928527832
1217.0,0.0009666954217457467,46.65425335277211,4.637559760700572,3.237690497528423,46.695987701416016,30.954431533813477,29.553552627563477
1218.0,0.0009647314449962737,46.546613519841976,4.659879315983165,3.2632398171858354,46.722713470458984,30.978456497192383,29.57677459716797
1219.0,0.0009733291358729316,46.53010507063432,4.6410605690696025,3.2449141198938545,46.706607818603516,31.08732795715332,29.68613052368164
1220.0,0.0009019385152813894,46.642128771001644,4.629590847275474,3.2301014986905185,46.576515197753906,31.03107261657715,29.633777618408203
1221.0,0.0009575855272652751,46.572079398415305,4.651818199591204,3.254416422410445,46.69667434692383,31.056129455566406,29.655229568481445
1222.0,0.0009812639962712472,46.67637486891313,4.68807362426411,3.2875371141867205,46.57889175415039,31.039823532104492,29.6424560546875
1223.0,0.0009494537860684267,46.788420763882726,4.67888051813299,3.2749905532056633,46.74055480957031,30.996685028076172,29.59446907043457
1224.0,0.0009633392976618118,46.757154724814676,4.659639705311168,3.2566842545162547,46.96875,31.127065658569336,29.718002319335938
1225.0,0.0009708382408875464,46.647676121104844,4.685354276136919,3.285681350664659,46.81154251098633,31.124204635620117,29.719858169555664
1226.0,0.0009658554058246823,46.69584543054754,4.6522402654994615,3.2511234933679756,46.728240966796875,31.03610610961914,29.634258270263672
1227.0,0.0009712786096232859,46.77735857530074,4.645160209048878,3.241596682505174,46.57411575317383,31.009136199951172,29.61191177368164
1228.0,0.0009438276650722731,46.64623902060769,4.654698079282587,3.2550749236887153,46.58781433105469,31.08049201965332,29.682857513427734
1229.0,0.000930852894353765,46.741825797341086,4.6399815841154615,3.237494094805284,46.49644088745117,31.0759220123291,29.681028366088867
1230.0,0.0009479730122786185,46.62102551893754,4.662393905899742,3.2635261578993364,46.80008316040039,31.044368743896484,29.640365600585938
1231.0,0.0009658589445858855,46.600221547213465,4.633474805138328,3.235226712443612,46.70406723022461,31.008628845214844,29.607507705688477
1232.0,0.0009375236589800228,46.610879551280625,4.8092217228629375,3.4106610038063745,46.69768524169922,31.138612747192383,29.737682342529297
1233.0,0.0009589659880889071,46.548944820057265,4.625444032929161,3.2287359562787143,46.47788619995117,31.106382369995117,29.712045669555664
1234.0,0.0009862487799678506,46.64727783203125,4.6379641186107285,3.2382992560213264,46.86819839477539,31.0529727935791,29.646926879882812
1235.0,0.0009375245942713016,46.71900116313588,4.655195214531639,3.253390832380815,46.9213981628418,31.054746627807617,29.647104263305664
1236.0,0.0009354422112334181,46.71051840348677,4.662427967244929,3.2608785900202664,46.55970764160156,31.032333374023438,29.635541915893555
1237.0,0.0009295595439404926,46.60191587968306,4.619501233100891,3.22121140089902,46.82126998901367,31.0458984375,29.641260147094727
1238.0,0.0009630920447472653,46.65334216031161,4.625734340060841,3.225893340327523,46.658756256103516,31.080730438232422,29.680967330932617
1239.0,0.0009864380514376205,46.63980926166881,4.651125712828203,3.251684855331074,46.58030319213867,30.996673583984375,29.59926414489746
1240.0,0.0009284017723985016,46.70583352175626,4.6231793707067315,3.2217722860249607,46.914390563964844,31.0360164642334,29.628583908081055
1241.0,0.000984752741218968,46.6230133230036,4.623685695908287,3.2247491587292063,46.63785934448242,31.13047218322754,29.73133659362793
1242.0,0.0009261024877725339,46.709458177739926,4.633795163848183,3.2322799400849775,46.81441879272461,31.033950805664062,29.629518508911133
1243.0,0.0009395417357816107,46.71604633331299,4.647139538418163,3.2454233277927744,46.924888610839844,31.03913688659668,29.631389617919922
1244.0,0.0009497330664254895,46.70060235803778,4.630875999277288,3.2296205921606584,46.82910919189453,31.029447555541992,29.624574661254883
1245.0,0.0009430603875609285,46.674842227589004,4.611523606560447,3.2110426317561758,46.57154083251953,31.074464797973633,29.677318572998047
1246.0,0.000969900090818886,46.6150257804177,4.6522285829890855,3.2535353519699792,46.542022705078125,31.060226440429688,29.663965225219727
1247.0,0.0009608903703999451,46.70068489421498,4.629346511580727,3.22808575630188,46.82667922973633,31.201574325561523,29.79677391052246
1248.0,0.0009608404692368243,46.70626753026789,4.626458189704201,3.2250299887223677,46.664695739746094,31.156625747680664,29.756685256958008
1249.0,0.0009357788499487056,46.60578285564076,4.6368500211022114,3.2384426268664273,46.66421127319336,31.12788200378418,29.727954864501953
1250.0,0.0009430439042096788,46.625911019065164,4.6216008988293735,3.2225878563794224,46.85860061645508,31.153039932250977,29.747282028198242
1251.0,0.0009108182990034534,46.51972692663019,4.630158381028608,3.234338868748058,46.853126525878906,31.061002731323242,29.65540885925293
1252.0,0.0009158310607414354,46.63501765511253,4.604336792772466,3.2050573229789734,46.69377899169922,31.18100929260254,29.780195236206055
1253.0,0.0009649457748640667,46.64045099778609,4.628845084797252,3.229390420696952,46.76874542236328,31.09321403503418,29.69015121459961
1254.0,0.0009318975194632499,46.76590338620272,4.623464161699468,3.2202541394667192,46.76618194580078,31.107765197753906,29.70478057861328
1255.0,0.0009299681537826968,46.70863281596791,4.621813069690358,3.220321687785062,46.97405242919922,31.127592086791992,29.71837043762207
1256.0,0.0009700877536405725,46.668103044683285,4.622340581633828,3.2220550287853587,46.69140625,31.098730087280273,29.697988510131836
1257.0,0.000965920001776381,46.602672750299625,4.597123124382713,3.1988014524633233,46.57282638549805,31.037473678588867,29.640289306640625
1258.0,0.0009511641163209623,46.653049902482465,4.622691598805514,3.222862341187217,46.90642547607422,31.121349334716797,29.714157104492188
1259.0,0.001025306512019597,46.65189829739657,4.611077091910622,3.211263808337125,46.603702545166016,31.14629364013672,29.74818229675293
1260.0,0.0009422645472857931,46.550456220453434,4.605098247528076,3.2083490761843594,46.61547088623047,31.095258712768555,29.696794509887695
